creator,genre,caps_share,exclamations,power_words,emoji,vader_intensity,n_titles,caps_share_01,exclamations_01,power_words_01,emoji_01,vader_intensity_01,arousal_index,low_n,group,organisation,clipper,rank_in_genre,percentile_in_genre
@RobertGouveiaEsq,streams,0.25458372796035134,2.664935064935065,0.5688311688311688,0.36363636363636365,0.40863116883116885,385,0.24413143718555966,1.0,0.4859702141545955,1.0,1.0,0.746020330268031,False,right,Robert Gouveia,False,1.0,100.0
@LukeBeasley,streams,0.711320104917666,0.7276422764227642,1.0934959349593496,0.0,0.3580040650406504,246,0.7198199351018659,0.40718269017777164,0.956262624587445,0.0,1.0,0.6166530499734165,False,left,Luke Beasley,False,2.0,98.73417721518987
@SecularTalk,streams,1.0,0.0,2.0,0.0,0.486,1,1.0,0.0,1.0,0.0,1.0,0.6,True,left,Kyle Kulinski,False,,
@DrSteveTurleyTV,streams,0.29021730957214825,2.806451612903226,0.9032258064516129,0.0,0.29451612903225804,31,0.2812436221733517,1.0,0.7857106776183016,0.0,0.7898064298787859,0.5713521459340878,True,right,Steve Turley,False,,
@bennyjohnson,streams,0.1611425441900066,0.23214285714285715,1.0119047619047619,0.5535714285714286,0.26798214285714284,168,0.14681294320584562,0.12990525171473602,0.8831269541115068,1.0,0.6911277641178512,0.5701945826299879,False,right,Benny Johnson,False,3.0,97.46835443037975
@SabbySabs,streams,0.9954981507165973,0.02912621359223301,1.145631067961165,0.0,0.3049029126213592,103,1.0,0.0162987918506913,1.0,0.0,0.8284343970208403,0.5689466377743064,False,left,Sabby Sabs,False,4.0,96.20253164556962
@HasanabiClips,streams,0.7338417658730159,0.09375,0.0,3.625,0.4144375,32,0.7432761247353707,0.05246173626941262,0.0,1.0,1.0,0.5591475722009567,True,left,HasanAbi,True,,
@Vaush,streams,0.8888888888888888,0.0,1.0,0.0,0.407,1,0.9047568755023679,0.0,0.8724559132235585,0.0,1.0,0.5554425577451853,True,left,Vaush,False,,
@HasanAbi,streams,0.989010989010989,0.5714285714285714,0.2857142857142857,4.714285714285714,0.13642857142857143,7,1.0,0.3197667734516578,0.232193459946662,1.0,0.20188612439649167,0.5507692715589623,True,left,HasanAbi,False,,
@JacksonHinkleOfficial,streams,0.9652632689669727,0.0,0.7777777777777778,0.0,0.2937901234567901,81,0.9843003845625804,0.0,0.6732631499818574,0.0,0.787106448765908,0.48893399666206916,False,neutral,Jackson Hinkle,False,5.0,94.9367088607595
@RealAmericasVoice,streams,0.9684253617815053,0.026571613739468567,0.7666882696046662,0.0064808813998703824,0.2736079066753079,1543,0.987593687345331,0.014869258584028808,0.6633228759898865,0.020189661681839208,0.7120497192209749,0.4796050405644121,False,right,Real America's Voice,False,6.0,93.67088607594937
@deanwithrs,streams,0.4480024570250134,0.7819548872180451,0.6278195488721805,0.015037593984962405,0.32159774436090227,266,0.44557601077214926,0.43757558472332125,0.5388454770424388,0.04684608718056826,0.8905217031002579,0.47187297256374705,False,left,Dean Withers,False,7.0,92.40506329113924
@Timcast,streams,0.250041625041625,0.16666666666666666,1.5,0.0,0.4215,6,0.23940086124767654,0.09326530892340021,1.0,0.0,1.0,0.46653323403421537,True,right,Timcast,False,,
@MrReaganUSA,streams,0.55,0.0,1.0,0.0,0.3085,2,0.551805907177926,0.0,0.8724559132235585,0.0,0.8418117983960872,0.4532147237595144,True,right,Mr Reagan,False,,
@MeidasTouch,streams,0.5688798058380101,0.7400318979266348,0.5757575757575758,0.019138755980861243,0.26887719298245616,627,0.5714691241519352,0.4141158214397866,0.4921788197621291,0.0596222927752687,0.6944564140829254,0.446368494442409,False,left,MeidasTouch Network,False,8.0,91.13924050632912
@PragerU,streams,0.018206256109481917,0.6451612903225806,1.032258064516129,0.0,0.3314193548387097,31,0.0,0.3610270022841298,0.9013709917586441,0.0,0.9270478176153322,0.43788916233162123,True,right,PragerU,False,,
@thejimmydoreshow,streams,0.13919617679847857,1.6347826086956523,0.5739130434782609,0.0,0.24601739130434783,115,0.12395591874735577,0.9148110301356126,0.49052544109490553,0.0,0.6094418703099707,0.4277468520575689,False,neutral,Jimmy Dore,False,9.0,89.87341772151899
@RedactedNews,streams,0.20121381186507237,0.37857142857142856,1.0785714285714285,0.007142857142857143,0.27609285714285714,140,0.18854695453408213,0.21184548741172332,0.9428847830840171,0.022251891410769924,0.7212911349284175,0.41736405027380197,False,right,Redacted,False,10.0,88.60759493670885
@StatusCoup,streams,0.4310631777988466,0.03184713375796178,0.3630573248407643,0.11464968152866242,0.34556050955414014,157,0.42793384190318434,0.01782139660956692,0.30152124151167625,0.3571641169117211,0.9796381171062668,0.41681574280848316,False,left,Status Coup,False,11.0,87.34177215189874
@DannyHaiphongYT,streams,0.2601058884681585,0.08370044052863436,1.2555066079295154,0.0,0.289215859030837,227,0.24988273786957993,0.04683808465756663,1.0,0.0,0.77009497120608,0.41336315874664525,False,left,Danny Haiphong,False,12.0,86.07594936708861
@TimcastNews,streams,0.37402597402597404,0.0,0.375,0.5,0.184,8,0.3685298987165007,0.0,0.31222626660627406,1.0,0.37880206415727646,0.4119116458960102,True,right,Timcast,False,,
@Xanderhal,streams,0.9990740740740741,0.10185185185185185,0.3611111111111111,0.0,0.2663888888888889,108,1.0,0.05699546656430013,0.29977671890366775,0.0,0.6852025263956328,0.4083949423727201,False,left,Xanderhal,False,13.0,84.81012658227847
@TheYoungTurks,streams,0.22360439328553675,0.8504672897196262,0.6869158878504673,0.0,0.2851892523364486,428,0.2118666255318859,0.47591456702968704,0.5918175108059283,0.0,0.7551202073871803,0.40694378215093624,False,left,TYT Network,False,14.0,83.54430379746836
@RestPoliticsUS,streams,0.5955555555555556,0.2,0.4,0.0,0.3422,5,0.5992517750510477,0.11191837070808026,0.3346354524709655,0.0,0.9671405377041028,0.40258922718683926,True,left,The Rest Is Politics US,False,,
@BadEmpanadaLive,streams,1.0,0.0,0.0,0.0,0.42,1,1.0,0.0,0.0,0.0,1.0,0.4,True,left,BadEmpanada,False,,
@usefulidiots,streams,0.05448717948717949,0.0,0.16666666666666666,0.4166666666666667,0.28175,12,0.035731950340359,0.0,0.12548305106717927,1.0,0.7423297872242945,0.3807089577263666,True,left,Useful Idiots,False,,
@VivaFrei,streams,0.1766344311168972,1.9807692307692308,0.36538461538461536,0.0,0.1940769230769231,52,0.16294766072327813,1.0,0.3036073489660081,0.0,0.41627767440459457,0.37656653681877617,False,right,Viva Frei,False,15.0,82.27848101265823
@RubinReport,streams,0.024734256971099076,0.008771929824561403,1.0789473684210527,0.0,0.3140964912280702,114,0.0047444404017379935,0.0049087004696526425,0.943221763322584,0.0,0.8626248900923011,0.36309995885725516,False,right,Rubin Report,False,16.0,81.0126582278481
@NickCruseRBN,streams,0.10571088914892456,0.6796116504854369,0.6504854368932039,0.0,0.2840776699029126,103,0.08908117045070228,0.380305143182797,0.5591624409404947,0.0,0.7509862837957263,0.35590700767394406,False,left,Revolutionary Blackout Network,False,17.0,79.74683544303798
@LIVESNEAKO,streams,0.4899065306674002,0.10144927536231885,0.17391304347826086,0.2608695652173913,0.15894202898550724,69,0.48921887972932054,0.056770188040330564,0.1319784672598434,0.8126777732629017,0.2856126304224643,0.35525158774297216,False,neutral,SNEAKO,False,18.0,78.48101265822784
@LegalAFMTN,streams,0.4122415855749189,0.5111111111111111,0.5111111111111111,0.0,0.2541333333333333,45,0.4083312540974179,0.2860136140317606,0.434231834091816,0.0,0.6396246828556588,0.35364027701533063,True,left,MeidasTouch Network,False,,
@jimacosta,streams,0.24070085793334633,0.0875,0.325,0.2875,0.1697375,160,0.2296725021782206,0.048964287184785106,0.2674078948768913,0.8956386292834895,0.3257604871726899,0.3534887601392153,False,left,Jim Acosta,False,19.0,77.21518987341773
@DueDissidence,streams,0.3306718223113071,0.07142857142857142,0.7946428571428571,0.0,0.27404464285714286,112,0.32337678118955376,0.03997084668145723,0.6883804579064507,0.0,0.7136739208553837,0.3530804013265691,False,left,Due Dissidence,False,20.0,75.9493670886076
@TimcastIRL,streams,0.4820076276961303,0.032467532467532464,0.44805194805194803,0.01948051948051948,0.2951623376623376,154,0.48099221445991247,0.01816856667338965,0.37770765387322935,0.06068697657482707,0.7922096498472676,0.3459530122857252,False,right,Timcast,False,21.0,74.68354430379746
@chicksonright,streams,0.1126323151052037,0.07262569832402235,1.1396648044692737,0.0,0.23339106145251398,179,0.09628979862810945,0.040640749139805685,0.9976468957078678,0.0,0.5624851343331904,0.3394125155617947,False,right,Chicks on the Right,False,22.0,73.41772151898735
@MyronGainesX,streams,0.10260412589944402,0.8612244897959184,0.47346938775510206,0.0,0.26036326530612247,245,0.08584549311452834,0.48193420855928437,0.40049101909373197,0.0,0.6627935113459958,0.32621284642270815,False,right,Myron Gaines,False,23.0,72.15189873417721
@TheDonLemonShow,streams,0.10448197635697636,0.7675,0.4375,0.0025,0.2791925,400,0.08780126433950894,0.42948674759225797,0.3682492312680025,0.007788161993769475,0.7328185631655335,0.32522879367181445,False,left,Don Lemon,False,24.0,70.88607594936708
@dollemore,streams,0.3752164502164502,0.0,0.25,0.25,0.14925,4,0.3697697733124882,0.0,0.20018033728281717,0.7788161993769475,0.24956842347616262,0.3196669466896831,True,left,Jesse Dollemore,False,,
@timesofindia,streams,0.15892828077549542,0.03616557734204793,0.9503267973856209,0.0,0.23906928104575162,2295,0.14450679968240498,0.02023796245919534,0.8279304720283547,0.0,0.5836021700345121,0.3152554808408934,False,left,Times Group,False,25.0,69.62025316455697
@DemocracyNow,streams,0.0,1.0,0.0,0.0,0.374,1,0.0,0.5595918535404013,0.0,0.0,1.0,0.31191837070808026,True,left,Democracy Now!,False,,
@TheLincolnProject,streams,0.1752223966509681,0.10714285714285714,0.5357142857142857,0.0,0.3125714285714286,28,0.16147703436638813,0.05995627002218585,0.4562853185935758,0.0,0.8569532526999384,0.30693437513641764,True,left,Lincoln Project,False,,
@TheOfficerTatum,streams,0.3744464239688618,0.10824742268041238,0.4329896907216495,0.0,0.27263917525773196,194,0.3689677950870803,0.06057437589870323,0.3642063369109706,0.0,0.7084470519422552,0.3004391119678019,False,right,Officer Tatum,False,26.0,68.35443037974683
@BadFaithPodcast,streams,0.5,0.0,0.0,0.0,0.474,1,0.49973117414645085,0.0,0.0,0.0,1.0,0.29994623482929017,True,left,Bad Faith,False,,
@NovaraMedia,streams,0.09128787878787879,0.0,0.5,0.0,0.3815,4,0.07405968216946915,0.0,0.424272195929731,0.0,1.0,0.29966637561984,True,left,Novara Media,False,,
@TheSerfTimes,streams,0.14956813048617731,0.1650485436893204,0.6699029126213593,0.0,0.26596116504854367,103,0.1347582531333905,0.09235982048725071,0.5765676338451093,0.0,0.6836118412418509,0.2974595097415203,False,left,Serf Times,False,27.0,67.08860759493672
@ponderingpolitics,streams,0.6,0.0,0.5,0.0,0.2015,2,0.6038806402094009,0.0,0.424272195929731,0.0,0.44388375370891664,0.2944073179696097,True,left,Pondering Politics,False,,
@CamHigby,streams,0.1980464450803434,0.01694915254237288,0.2033898305084746,0.15254237288135594,0.2364406779661017,59,0.18524815893953167,0.009484607687125446,0.15840049923000277,0.4752098843655951,0.5738265169154114,0.28043393342753326,False,right,Cam Higby,False,28.0,65.82278481012658
@TimesNowWorld,streams,0.24065752019415126,0.06686626746506986,0.7697937458416501,0.0,0.20271889554224884,3006,0.2296273661542452,0.037417818550106674,0.6661065237576047,0.0,0.4484167697818604,0.2763136956487634,False,neutral,Times Group,False,29.0,64.55696202531645
@FarronBalanced,streams,0.0799159912191827,0.010638297872340425,0.5585106382978723,0.0,0.3049148936170213,188,0.06221592198539318,0.005953104824897886,0.476719226676881,0.0,0.8284789537888516,0.2746734414552047,False,left,Farron Balanced,False,30.0,63.29113924050633
@joerogan,streams,0.3333333333333333,0.0,0.0,0.0,0.565,1,0.32614873070820066,0.0,0.0,0.0,1.0,0.26522974614164013,True,neutral,Joe Rogan,False,,
@JamarlThomas,streams,0.06293554404211223,0.07623318385650224,0.6412556053811659,0.0,0.2655515695067264,223,0.04453087691537298,0.04265946865554628,0.5508891205463728,0.0,0.6820885743907489,0.26403360810160825,False,left,Jamarl Thomas,False,31.0,62.0253164556962
@AnthonyBrianLogan,streams,0.08985245523707061,1.0,0.2692307692307692,0.0,0.20340384615384616,52,0.0725646962055606,0.5595918535404013,0.217418172563349,0.0,0.45096406938541367,0.2601077583389449,False,right,Anthony Brian Logan,False,32.0,60.75949367088608
@fightbackpodcast,streams,0.1428661616161616,1.1666666666666667,0.16666666666666666,0.0,0.1834583333333333,24,0.127778188339564,0.6528571624638015,0.12548305106717927,0.0,0.37678763090924944,0.25658120655595884,True,right,Jake Shields,False,,
@BreakThroughNews,streams,0.11416366284787338,0.05263157894736842,0.631578947368421,0.0,0.24164912280701756,57,0.09788468912566697,0.029452202817915853,0.5422152794281067,0.0,0.5931964820687445,0.2525497306880868,False,left,BreakThrough News,False,33.0,59.49367088607595
@JackCocchiarellaShow,streams,0.028439153439153438,0.047619047619047616,0.42857142857142855,0.0,0.3140952380952381,21,0.00860307029140171,0.026647231120971487,0.3602459506020413,0.0,0.8626202297493327,0.25162329635274944,True,left,Jack Cocchiarella,False,,
@TheJoyReidShow,streams,0.08320745722531438,0.12142857142857143,0.21428571428571427,0.0,0.3388142857142857,140,0.06564396625642281,0.06795043935847729,0.16816721461897238,0.0,0.9545492230724792,0.2512621686612703,False,left,Joy Reid,False,34.0,58.22784810126582
@underthedesknews,streams,0.10494652051557422,0.6260869565217392,0.09565217391304348,0.0,0.2852086956521739,115,0.08828508460031524,0.3503531604774687,0.06182797237907044,0.0,0.7551925161779167,0.2511317467269542,False,left,Under the Desk News,False,35.0,56.9620253164557
@BlazeTV,streams,0.12097109239966383,0.2857142857142857,0.0,0.2857142857142857,0.1075,14,0.1049745906564682,0.1598833867258289,0.0,0.890075656430797,0.09430210697439277,0.2498471481574974,True,right,Blaze Media,False,,
@breakingpoints,streams,0.4145833333333333,0.0,0.25,0.0,0.24775,4,0.4107701718843476,0.0,0.20018033728281717,0.0,0.6158853618096796,0.24536717419536885,True,left,Breaking Points,False,,
@harryjsisson,streams,0.7619047619047619,0.0,0.3333333333333333,0.0,0.13,3,0.7725035852637011,0.0,0.27487762349845507,0.0,0.1779785649693586,0.24507195474630294,True,left,Harry Sisson,False,,
@StevenCrowder,streams,0.039141414141414144,0.0,0.375,0.125,0.2175,8,0.019749417669471168,0.0,0.31222626660627406,0.38940809968847373,0.5033870127275589,0.24495415933835557,True,right,Louder with Crowder,False,,
@adammockler,streams,0.38095238095238093,1.5,0.0,0.0,0.0,2,0.37574371454770067,0.8393877803106019,0.0,0.0,0.0,0.2430262989716605,True,left,Adam Mockler,False,,
@TheDamageReport,streams,0.06361432112734479,0.12546125461254612,0.6494464944649446,0.0,0.22308856088560886,271,0.045237819625400355,0.0702070960161389,0.5582311667813916,0.0,0.5241706118474238,0.23956933885407095,False,left,TYT Network,False,36.0,55.69620253164557
@Forthepeoplepodcast305,streams,0.07836367336367336,0.26666666666666666,0.6,0.0,0.2093777777777778,45,0.06059919122728036,0.14922449427744033,0.5139089393884965,0.0,0.47318084443406766,0.239382693865457,True,left,Niko House,False,,
@LeejaMiller,streams,0.2,0.0,0.0,1.0,0.0,1,0.18728277595760054,0.0,0.0,1.0,0.0,0.23745655519152012,True,left,Leeja Miller,False,,
@BenShapiro,streams,0.11017740429505135,0.0,0.29411764705882354,0.0,0.3111764705882353,17,0.09373302212701415,0.0,0.23972595939697844,0.0,0.8517654685628087,0.23704489001736023,True,right,Daily Wire,False,,
@BrittanyVenti,streams,0.07395572263993316,0.0,0.631578947368421,0.0,0.23973684210526314,19,0.056008334084187,0.0,0.5422152794281067,0.0,0.5860847986991917,0.2368616824422971,True,neutral,Brittany Venti,False,,
@PBDPodcast,streams,0.13353426234782168,0.01694915254237288,0.423728813559322,0.0,0.2705338983050848,118,0.11805906507805561,0.009484607687125446,0.35590518820694367,0.0,0.7006176244535463,0.23681329708513416,False,right,Valuetainment,False,37.0,54.43037974683544
@MichaelKnowles,streams,0.03125,0.25,0.0,0.0,0.36725,4,0.0115305519763722,0.13989796338510033,0.0,0.0,1.0,0.2302857030722945,True,right,Daily Wire,False,,
@AfterPartyEmily,streams,0.07920479096949685,0.05405405405405406,0.5945945945945946,0.0,0.22735135135135137,74,0.061475210722706994,0.03024820829948115,0.5090637100123471,0.0,0.5400237321740035,0.22816217224170776,False,right,Emily Jashinsky,False,38.0,53.16455696202531
@Tim_Black,streams,0.04610840548340548,0.4375,0.1875,0.0625,0.22012500000000002,16,0.02700550195280711,0.24482143592392555,0.14415737262108874,0.19470404984423687,0.513149266160305,0.22476752530047267,True,right,Tim Black,False,,
@ChadPrather1,streams,0.03366883173731286,0.11442786069651742,0.25870646766169153,0.0,0.30681592039801,201,0.014049752315744722,0.06403289866382701,0.207984531365048,0.0,0.8355487843482607,0.2243231933385761,False,right,Chad Prather,False,39.0,51.89873417721519
@NickShirley,streams,0.1786047286047286,0.0,0.38461538461538464,0.0,0.2503076923076923,13,0.16499971503670627,0.0,0.32084518424654,0.0,0.6253973010518423,0.22224844006701772,True,right,Nick Shirley,False,,
@glennbeck,streams,0.0817116439116439,0.256,0.304,0.0,0.25592,125,0.0640860846769365,0.14325551450634272,0.24858417875055056,0.0,0.6462692134460738,0.22043899827598074,False,right,Blaze Media,False,40.0,50.63291139240506
@TheBrianKilmeadeShow,streams,0.09545454545454546,0.0,0.0,0.0,0.392,2,0.07839924325542541,0.0,0.0,0.0,1.0,0.21567984865108508,True,right,Fox News,False,,
@Firstpost,streams,0.14424894245655823,0.0030083565459610028,0.5255710306406686,0.01604456824512535,0.20231565459610026,8975,0.12921834720165784,0.0016834518156647168,0.44719323506486935,0.04998307864525033,0.44691713537776034,0.2149990496210405,False,neutral,Network18,False,41.0,49.36708860759494
@TheRealTabithaSpeaks,streams,0.0,1.25,0.0,0.0,0.18125,4,0.0,0.6994898169255016,0.0,0.0,0.36857494151344733,0.21361295168778976,True,left,Tabitha Speaks,False,,
@RebelNewsOnline,streams,0.06679293640832103,0.010256410256410256,0.28205128205128205,0.03076923076923077,0.26515384615384613,195,0.04854833046873245,0.005739403626055397,0.22891006275037024,0.09585430146177815,0.6806094596604864,0.21193231159348452,False,right,Rebel News,False,42.0,48.10126582278481
@DylanBurnsLIVE,streams,0.20833333333333334,0.3333333333333333,0.3333333333333333,0.0,0.18799999999999997,3,0.19596189812951303,0.18653061784680042,0.27487762349845507,0.0,0.393677878911937,0.2102096036773411,True,left,Dylan Burns,False,,
@DemocracyDocket,streams,0.0992063492063492,0.0,0.0,0.0,0.34225,4,0.08230672683065872,0.0,0.0,0.0,0.967326485388536,0.20992664244383893,True,left,Democracy Docket,False,,
@OwenReport,streams,0.030529918418219806,0.07303370786516854,0.47752808988764045,0.0,0.24158988764044945,178,0.010780590853730482,0.040869067955197846,0.40412910751203085,0.0,0.5929761892275374,0.2097509911096993,False,left,Owen Shroyer,False,43.0,46.835443037974684
@MattWalsh,streams,0.0625,0.0,0.0,0.0,0.4635,2,0.04407726012104411,0.0,0.0,0.0,1.0,0.20881545202420884,True,right,Daily Wire,False,,
@PTLRadioShow,streams,0.0951036042453953,0.0845771144278607,0.3383084577114428,0.0,0.25361691542288556,201,0.07803373985990066,0.04732866422978518,0.2793371629740156,0.0,0.6377041485627063,0.20848074312528153,False,left,Pushing the Limits,False,44.0,45.56962025316456
@rolandsmartin,streams,0.06491937574355987,0.02226027397260274,0.3356164383561644,0.0017123287671232876,0.26601712328767124,584,0.046597027040018245,0.012456667972645918,0.2769241244906644,0.0053343575299790915,0.6838199473416656,0.20502642487499462,False,left,Black Star Network,False,45.0,44.303797468354425
@AndrewKlavan,streams,0.041666666666666664,0.0,0.0,0.0,0.4896666666666667,3,0.022379454691262835,0.0,0.0,0.0,1.0,0.20447589093825255,True,right,Daily Wire,False,,
@lizwheeler,streams,0.14428024356595787,0.22857142857142856,0.4,0.0,0.19397142857142857,70,0.12925094713996935,0.12790670938066315,0.3346354524709655,0.0,0.4158853452242518,0.20153569084316994,False,right,Liz Wheeler,False,46.0,43.037974683544306
@SavSays,streams,0.0,0.0,0.0,0.0,0.592,1,0.0,0.0,0.0,0.0,1.0,0.2,True,right,Sav Says,False,,
@thedavidpakmanshow,streams,0.3844444444444445,0.0,0.0,0.0,0.23820000000000002,5,0.37938068002926406,0.0,0.0,0.0,0.5803693540829276,0.19195000682243832,True,left,David Pakman,False,,
@aaronparnas1,streams,0.22884920634920633,0.1,0.2,0.0,0.2232,10,0.21732907033369764,0.05595918535404013,0.15536196555343443,0.0,0.5245850487529503,0.1906470539988245,True,left,Aaron Parnas,False,,
@marclamonthillnetwork,streams,0.11629795884762771,0.2119205298013245,0.2913907284768212,0.0,0.21488079470198676,151,0.10010754701361399,0.11858900207478702,0.23728163838329958,0.0,0.49364630952314126,0.18992489939896837,False,left,Marc Lamont Hill,False,47.0,41.77215189873418
@DropSiteNews,streams,0.031239303332326586,0.0,0.46511627906976744,0.0,0.22716279069767442,43,0.01151941145410381,0.0,0.3930035644906267,0.0,0.5393224838354744,0.18876909195604097,True,left,Drop Site,False,,
@FreshFitMiami,streams,0.10312726489197077,0.5866666666666667,0.25333333333333335,0.0,0.16944,75,0.08639033958201206,0.32829388741036875,0.20316822873144272,0.0,0.324654098450312,0.1885013108348271,False,right,Fresh & Fit,False,48.0,40.50632911392405
@TheDailyBeast,streams,0.07665414650708768,0.0,0.5588235294117647,0.0,0.19088235294117648,34,0.058818728133943635,0.0,0.47699969208194604,0.0,0.4043972160145602,0.18804312724608999,True,left,Daily Beast,False,,
@SMN,streams,0.13122710622710623,0.75,0.125,0.0,0.166875,8,0.1156561742970918,0.41969389015530095,0.08813440795936031,0.0,0.31511498223888584,0.18771989093012778,True,left,Some More News,False,,
@NewsmaxTV,streams,0.04673990031132888,0.017543859649122806,0.39348370927318294,0.0,0.23274937343358398,399,0.027663200444304478,0.009817400939305285,0.3287944616691411,0.0,0.5600987263082183,0.18527475787219383,False,right,Newsmax,False,49.0,39.24050632911392
@Styxhexenhammer666,streams,0.14634737690293245,0.18518518518518517,0.37037037037037035,0.0,0.18466666666666665,27,0.13140385547323763,0.10362812102600023,0.3080764173720719,0.0,0.3812813666163865,0.18487795209753927,True,right,Styxhexenhammer,False,,
@jlptalk,streams,0.14514595536929603,0.03208556149732621,0.11764705882352941,0.0481283422459893,0.2188716577540107,187,0.13015258136079,0.017954818830173306,0.08154347094033344,0.14993253036133747,0.5084881443914232,0.17761430917681148,False,right,Jesse Lee Peterson,False,50.0,37.9746835443038
@EzraKleinShow,streams,0.0,0.0,1.0,0.0,0.0,1,0.0,0.0,0.8724559132235585,0.0,0.0,0.1744911826447117,True,left,New York Times,False,,
@KimIversen,streams,0.0,0.0,1.0,0.0,0.0,1,0.0,0.0,0.8724559132235585,0.0,0.0,0.1744911826447117,True,neutral,Kim Iversen,False,,
@chriscuomo,streams,0.8125,0.0,0.0,0.0,0.074,8,0.82519825559317,0.0,0.0,0.0,0.0,0.165039651118634,True,left,Chris Cuomo,False,,
@RonPlacone,streams,0.13277729215229214,0.10714285714285714,0.2857142857142857,0.0,0.19121428571428573,28,0.11727068466115592,0.05995627002218585,0.232193459946662,0.0,0.40563165862550365,0.1630104146511015,True,left,Ron Placone,False,,
@bulwarkmedia,streams,0.08559849020375336,0.02631578947368421,0.40789473684210525,0.0,0.18695175438596492,228,0.06813421433685607,0.014726101408957927,0.341712037480868,0.0,0.3897795020189943,0.16287037104913527,False,left,The Bulwark,False,51.0,36.708860759493675
@NPR,streams,0.16666666666666666,0.0,0.0,0.0,0.256,1,0.15256628726995047,0.0,0.0,0.0,0.6465667297411671,0.15982660340222352,True,left,NPR,False,,
@judgingfreedom,streams,0.07077098535132968,0.047345767575322814,0.2769010043041607,0.005738880918220947,0.20410616929698708,697,0.052691447202598794,0.026494305834767924,0.2242935214987692,0.017878133701622896,0.4535759766292325,0.15498667697339824,False,left,Judging Freedom,False,52.0,35.44303797468354
@RekietaLaw,streams,0.1681742770116799,0.16037735849056603,0.14150943396226415,0.0,0.1965754716981132,106,0.15413645539459156,0.08974586330364925,0.10293292692660934,0.0,0.4255696610156788,0.15447698132810578,False,right,Rekieta Law,False,53.0,34.177215189873415
@therationalnational,streams,0.25793650793650796,0.0,0.14285714285714285,0.0,0.1922857142857143,7,0.2476233396289923,0.0,0.10414096929128272,0.0,0.40961625186335926,0.15227611215672684,True,left,Rational National,False,,
@oann,streams,0.5856043299932505,0.0,0.05825242718446602,0.0,0.11990614886731392,309,0.5888876267611871,0.0,0.028304057349747416,0.0,0.1404400000666188,0.15152633683551067,False,right,OAN,False,54.0,32.91139240506329
@TheMajorityReport,streams,0.060593637132098664,0.015384615384615385,0.24102564102564103,0.005128205128205128,0.21345128205128203,195,0.042091793372902524,0.008609105439083097,0.19213601415190235,0.015975716910296357,0.4883300181778094,0.14942852961039874,False,left,Majority Report,False,55.0,31.645569620253166
@TheHumanistReport,streams,0.031746031746031744,0.05714285714285714,0.3142857142857143,0.0,0.2015142857142857,35,0.01204716639136699,0.03197667734516579,0.25780395807773787,0.0,0.4439368816187546,0.14915293668660506,True,left,Humanist Report,False,,
@wethefifth,streams,0.26785714285714285,0.5,0.0,0.0,0.136,2,0.2579556279288881,0.27979592677020065,0.0,0.0,0.2002922871013495,0.14760876836008766,True,neutral,The Fifth Column,False,,
@briantylercohen,streams,0.5005555555555555,0.0,0.2,0.0,0.10270000000000001,10,0.500309782291245,0.0,0.15536196555343443,0.0,0.07645112926880013,0.1464245754226959,True,left,Brian Tyler Cohen,False,,
@revleftradio,streams,0.16666666666666666,0.3333333333333333,0.3333333333333333,0.0,0.11366666666666668,3,0.15256628726995047,0.18653061784680042,0.27487762349845507,0.0,0.11723565472116124,0.14624203666727345,True,left,Rev Left Radio,False,,
@Politicon,streams,0.1111111111111111,0.0,0.0,0.0,0.252,1,0.09470547279053375,0.0,0.0,0.0,0.6316909149865065,0.14527927755540807,True,left,Politicon,False,,
@thegrayzone7996,streams,0.013503086419753086,0.0,0.16666666666666666,0.0,0.23502777777777778,36,0.0,0.0,0.12548305106717927,0.0,0.5685720065483286,0.13881101152310157,True,left,The Grayzone,False,,
@MLChristiansen,streams,0.0473094005561538,0.0,0.12987012987012986,0.0,0.23554545454545456,77,0.028256331908516823,0.0,0.09249983377715733,0.0,0.5704972224730164,0.1382506776317381,False,right,Matt Christiansen,False,56.0,30.37974683544304
@hutch,streams,0.11332539682539683,0.08,0.32,0.0,0.1575,50,0.09701163953907052,0.0447673482832321,0.26292605770395305,0.0,0.2802497914076501,0.13699096738678115,False,neutral,Hutch,False,57.0,29.11392405063291
@dineshdsouza,streams,0.0,0.0,0.0,0.0,0.26,2,0.0,0.0,0.0,0.0,0.6614425444958277,0.13228850889916555,True,right,Dinesh D'Souza,False,,
@AnaEscobarShow,streams,0.22415398221849833,0.06451612903225806,0.25806451612903225,0.0,0.1346774193548387,31,0.21243901947110647,0.036102700228412984,0.2074091069165886,0.0,0.19537367093246974,0.13026489950971556,True,right,Ana Escobar,False,,
@JustPearlyThings,streams,0.059308284308284304,0.1875,0.13541666666666666,0.0,0.1886354166666667,96,0.040753105269874815,0.10492347253882524,0.09747156873631505,0.0,0.3960409640682765,0.12783782212265832,False,right,Pearl,False,58.0,27.848101265822784
@Forbes,streams,0.0,0.0,0.0,0.0,0.25,3,0.0,0.0,0.0,0.0,0.6242530076091762,0.12485060152183525,True,neutral,Forbes,False,,
@TheAtlantic,streams,0.0,0.2,0.2,0.0,0.1778,5,0.0,0.11191837070808026,0.15536196555343443,0.0,0.35574455128755267,0.12460497750981347,True,left,The Atlantic,False,,
@thewarningwithsteveschmidt,streams,0.03346297122366641,0.02727272727272727,0.22727272727272727,0.02727272727272727,0.1695909090909091,110,0.013835349689947502,0.015261596005647306,0.17980835013309776,0.0849617672047579,0.32521532237060147,0.12381647708081038,False,left,Steve Schmidt,False,59.0,26.582278481012654
@TheAmalaEkpunobi,streams,0.11895442520442519,0.08333333333333333,0.16666666666666666,0.0,0.17341666666666666,12,0.10287424254036047,0.046632654461700104,0.12548305106717927,0.0,0.3394431376189037,0.12288661713762869,True,right,Amala Ekpunobi,False,,
@katiephangnews,streams,0.5206168831168831,0.0,0.045454545454545456,0.0,0.09781818181818182,44,0.5212035478315071,0.0,0.016832452935342298,0.0,0.05829587353413477,0.11926637486019684,True,left,MeidasTouch Network,False,,
@axios,streams,0.025974025974025976,0.0,0.0,0.0,0.2397142857142857,7,0.00603565319870032,0.0,0.0,0.0,0.5860009125257633,0.11840731314489272,True,neutral,Axios,False,,
@franifio,streams,0.18215726925404344,0.08064516129032258,0.20967741935483872,0.0,0.1375967741935484,62,0.16869966715463694,0.04512837528551623,0.16403648911396015,0.0,0.2062306163784116,0.11681902958650499,False,left,Bitchuation Room,False,60.0,25.31645569620253
@PhillipScottPodcast,streams,0.012130691513621157,0.0,0.1830065359477124,0.0,0.1986078431372549,153,0.0,0.0,0.1401295777761279,0.0,0.43312795627601247,0.11465150681042809,False,right,Phillip Scott,False,61.0,24.050632911392405
@BlackConservativePerspective,streams,0.0,1.0,0.0,0.0,0.0,1,0.0,0.5595918535404013,0.0,0.0,0.0,0.11191837070808026,True,right,Black Conservative Perspective,False,,
@CoreyGilShusterAskProject,streams,0.0,1.0,0.0,0.0,0.0,2,0.0,0.5595918535404013,0.0,0.0,0.0,0.11191837070808026,True,neutral,Ask Project,False,,
@LeverNews,streams,0.0956389289722623,0.0,0.1111111111111111,0.0,0.1882222222222222,9,0.07859127770463557,0.0,0.07568486025675399,0.0,0.39450431306497374,0.10975609020527266,True,left,The Lever,False,,
@zeteo,streams,0.10835786435786435,0.04,0.2,0.0,0.15652000000000002,25,0.09183798099763174,0.02238367414161605,0.15536196555343443,0.0,0.27660521679275835,0.1092377674970881,True,left,Zeteo,False,,
@MichaelMaliceofficial,streams,0.06666666666666667,0.0,0.0,0.0,0.21399999999999997,3,0.04841682120700037,0.0,0.0,0.0,0.4903706748172308,0.10775749920484623,True,right,Michael Malice,False,,
@MrTariqNasheed,streams,0.07809295967190703,0.0,0.10526315789473684,0.0,0.191,19,0.06031724436274642,0.0,0.07044294543460396,0.0,0.40483473997793257,0.10711898595505658,True,right,Tariq Nasheed,False,,
@SkyNews,streams,0.029059971906133557,0.0,0.2301829268292683,0.0,0.17065193089430894,1968,0.009249649409981695,0.0,0.18241695824373258,0.0,0.32916121332010945,0.10416556419476475,False,left,Sky News,False,62.0,22.78481012658228
@FoxNews,streams,0.07755868593077896,0.0015503875968992248,0.14728682170542637,0.0,0.1547720930232558,645,0.05976080111404698,0.0008675842690548857,0.10811158915656581,0.0,0.27010483169415195,0.08776896124676392,False,right,Fox News,False,63.0,21.518987341772153
@msnow,streams,0.1262521678924394,0.009230769230769232,0.17846153846153845,0.0,0.1287292307692308,325,0.11047480258457527,0.005165463263449859,0.13605559003923878,0.0,0.17325263305114727,0.08498969778768224,False,left,MS NOW,False,64.0,20.253164556962027
@ThePodcastoftheLotusEaters,streams,0.014381041057018712,0.17318435754189945,0.2011173184357542,0.0,0.12627932960893853,179,0.0,0.0969125556410751,0.1563634934133089,0.0,0.16414156409421335,0.08348352262971948,False,right,Lotus Eaters,False,65.0,18.9873417721519
@NewsNation,streams,0.042432530677563786,0.1456953642384106,0.07947019867549669,0.0,0.14798344370860927,302,0.02317709796938048,0.08152993892641608,0.04732297674882966,0.0,0.24485815928439306,0.07937763458580385,False,neutral,NewsNation,False,66.0,17.72151898734177
@MegynKelly,streams,0.053180153180153185,0.0,0.0,0.0,0.17669230769230768,13,0.034370689420288814,0.0,0.0,0.0,0.3516250948939542,0.0771991568628486,True,right,Megyn Kelly,False,,
@CBSNews,streams,0.02909131021543106,0.0,0.16847826086956522,0.0,0.14595108695652173,368,0.009282288091788202,0.0,0.12710690511534534,0.0,0.2372999186445336,0.07473782237033343,False,neutral,CBS News,False,67.0,16.455696202531644
@moreperfectunion,streams,0.09613997113997114,0.0,0.0,0.0,0.159,4,0.07911311044705457,0.0,0.0,0.0,0.28582822194064783,0.07298826647754049,True,left,More Perfect Union,False,,
@XAVIAER,streams,0.13095238095238096,0.3333333333333333,0.0,0.0,0.09233333333333334,3,0.11537004939032545,0.18653061784680042,0.0,0.0,0.03789797602963807,0.06795972865335279,True,right,PragerU,False,,
@notsoErudite,streams,0.0,0.55,0.05,0.0,0.08185,20,0.0,0.3077755194472207,0.020906850365286188,0.0,0.0,0.06573647396250137,True,left,notsoErudite,False,,
@AssociatedPress,streams,0.14367370887404618,0.0,0.07471763683753258,0.0,0.12020590790616854,1151,0.12861924449685677,0.0,0.04306293508641458,0.0,0.14155479004987795,0.06264739392662985,False,neutral,Associated Press,False,68.0,15.18987341772152
@CNN,streams,0.08417420345611834,0.0,0.14893617021276595,0.0,0.11551063829787235,94,0.06665082729398886,0.0,0.10959001144683077,0.0,0.12409329982082745,0.06006682771232942,False,left,CNN,False,69.0,13.924050632911392
@Reuters,streams,0.1610181148630293,0.0,0.05876494023904383,0.006474103585657371,0.11026394422310756,2008,0.14668335072617303,0.0,0.028763457361672008,0.020168546995817365,0.10458108753818338,0.06003928852436915,False,neutral,Reuters,False,70.0,12.658227848101266
@USATODAY,streams,0.037248222029220755,0.0,0.1223021582733813,0.0,0.13398800959232612,417,0.017777668193075868,0.0,0.08571615049194757,0.0,0.1928097879531718,0.05926072132763904,False,neutral,USA Today,False,71.0,11.39240506329114
@NBCNews,streams,0.12966449233479205,0.3215258855585831,0.021798365122615803,0.0,0.06506539509536785,367,0.1140287202716211,0.17992326626094643,0.0,0.0,0.0,0.05879039730651351,False,neutral,NBC News,False,72.0,10.126582278481013
@ANINewsIndia,streams,0.15403177945685312,0.01055548225359546,0.12363108589523684,0.0,0.09570827285921626,7579,0.1394071197032737,0.005906761879302296,0.0869073579351029,0.0,0.050449219828442186,0.05653409186922422,False,neutral,ANI,False,73.0,8.860759493670885
@ABCNews,streams,0.286383806871095,0.0,0.030508474576271188,0.0,0.05849661016949152,590,0.27725104957869595,0.0,0.003435281725018332,0.0,0.0,0.056137266260742856,False,neutral,ABC News,False,74.0,7.59493670886076
@RSBN,streams,0.18404470812831783,0.0,0.0712166172106825,0.005934718100890208,0.09556083086053413,337,0.17066542466445828,0.0,0.03992473510505394,0.01848821838283555,0.049900889863579094,0.055795853603185376,False,right,RSBN,False,75.0,6.329113924050633
@ModernDayDebate,streams,0.08147559626917425,0.0,0.009174311926605505,0.0,0.13790825688073394,109,0.06384024231765018,0.0,0.0,0.0,0.20738900606687558,0.054245849676905156,False,left,Modern-Day Debate,False,76.0,5.063291139240507
@UnHerd,streams,0.03366013071895425,0.0,0.0,0.0,0.14511764705882355,17,0.014040690251582189,0.0,0.0,0.0,0.23420039426270822,0.04964821690285808,True,left,UnHerd,False,,
@AlexStein99,streams,0.05314556716995741,0.2926829268292683,0.07317073170731707,0.0,0.06451219512195122,41,0.03433466827533744,0.16378298152401988,0.04167633970329282,0.0,0.0,0.04795879790053002,True,right,Alex Stein,False,,
@triggerpod,streams,0.0462962962962963,0.0,0.16666666666666666,0.0,0.10316666666666667,6,0.027201189231214236,0.0,0.12548305106717927,0.0,0.07818664099017716,0.04617417625771413,True,right,Triggernometry,False,,
@thehill,streams,0.04091444584018841,0.01782178217821782,0.05148514851485148,0.0,0.12556633663366337,505,0.021596020716871424,0.0099729241225022,0.02223808912952527,0.0,0.16148997623882144,0.04305940204154407,False,neutral,The Hill,False,77.0,3.79746835443038
@markets,streams,0.08697131241774099,0.0,0.03571428571428571,0.0,0.11819642857142856,56,0.06956400134271776,0.0,0.008101601299748252,0.0,0.1340816294656503,0.04234944642162326,False,neutral,Bloomberg,False,78.0,2.5316455696202533
@wsj,streams,0.06818181818181818,0.0,0.18181818181818182,0.0,0.07218181818181818,11,0.04999484342007536,0.0,0.13906437583365888,0.0,0.0,0.03781184385074685,True,neutral,Wall Street Journal,False,,
@nypost,streams,0.03637049818868001,0.0,0.045454545454545456,0.0,0.12171818181818181,110,0.016863523499645462,0.0,0.016832452935342298,0.0,0.14717886669323174,0.0361749686256439,False,right,New York Post,False,79.0,1.2658227848101267
@turningpointusa,streams,0.17272684580376887,0.0,0.0,0.0,0.03723076923076923,13,0.15887793148370075,0.0,0.0,0.0,0.0,0.03177558629674015,True,right,Turning Point USA,False,,
@Semafor,streams,0.008333333333333333,0.0,0.0,0.0,0.11213333333333333,30,0.0,0.0,0.0,0.0,0.11153325906520796,0.022306651813041593,True,neutral,Semafor,False,,
@JesseKellyDC,streams,0.1111111111111111,0.0,0.0,0.0,0.0,1,0.09470547279053375,0.0,0.0,0.0,0.0,0.01894109455810675,True,right,Jesse Kelly,False,,
@OfficialSaharTV,streams,0.1,0.0,0.0,0.0,0.0,2,0.08313330989465041,0.0,0.0,0.0,0.0,0.016626661978930084,True,right,Sahar TV,False,,
@DarkHorsePod,streams,0.0,0.05263157894736842,0.02631578947368421,0.0,0.09463157894736843,38,0.0,0.029452202817915853,0.0,0.0,0.04644504503341237,0.015179449570265643,True,right,DarkHorse,False,,
@The_Crucible,streams,0.06666666666666667,0.0,0.0,0.0,0.0816,5,0.04841682120700037,0.0,0.0,0.0,0.0,0.009683364241400073,True,right,The Crucible,False,,
@ActualJusticeWarrior,streams,0.0,0.0,0.0,0.0,0.0,1,0.0,0.0,0.0,0.0,0.0,0.0,True,right,Actual Justice Warrior,False,,
@clayandbuck,streams,0.0,0.0,0.0,0.0,0.0,42,0.0,0.0,0.0,0.0,0.0,0.0,True,right,Clay & Buck,False,,
@nationalreview,streams,0.0,0.0,0.0,0.0,0.0,2,0.0,0.0,0.0,0.0,0.0,0.0,True,right,National Review,False,,
@MeidasTouch,videos,0.5774114868395729,1.5455832389580975,0.8762740656851642,0.14920724801812005,0.3694563986409966,3532,0.9157906547352375,1.0,0.9203912098752812,0.9952507792203524,1.0,0.9662865287661742,False,left,MeidasTouch Network,False,1.0,100.0
@katiephangnews,videos,0.49367054919164105,0.9851116625310173,0.9975186104218362,0.08188585607940446,0.37804466501240697,403,0.7810811394763262,0.9340494988978888,1.0,0.5461997533809869,1.0,0.8522660783510403,False,left,MeidasTouch Network,False,2.0,99.581589958159
@ponderingpolitics,videos,0.48592269466502597,0.09815950920245399,0.9004771642808452,0.2767552828902522,0.3084403544648944,1467,0.7686175851277363,0.09307152058990878,0.9486121887169547,1.0,0.8057362964822,0.7232075181833599,False,left,Pondering Politics,False,3.0,99.16317991631799
@LegalAFMTN,videos,0.4056340740251291,1.0555758683729433,0.66654478976234,0.038391224862888484,0.3236877513711152,2735,0.6394616254383568,1.0,0.6758454367421775,0.25607935919690283,0.8755275801257023,0.6893828003006279,False,left,MeidasTouch Network,False,4.0,98.74476987447699
@LukeBeasley,videos,0.5884672604121829,0.8545611015490534,0.7865748709122203,0.0025817555938037868,0.3180327022375215,1162,0.9335754794650494,0.8102658805487332,0.8158013340048365,0.01722097485624611,0.8496429559811339,0.6853013249711998,False,left,Luke Beasley,False,5.0,98.32635983263597
@BlackConservativePerspective,videos,0.3396705177449661,0.8339889850511408,0.996852871754524,0.0,0.34497560975609753,1271,0.5333496216701004,0.7907600967508084,1.0,0.0,0.9729676200123043,0.6594154676866426,False,right,Black Conservative Perspective,False,6.0,97.90794979079497
@SecularTalk,videos,0.5194456843845612,0.897119341563786,0.8353909465020576,0.0027434842249657062,0.2916344307270233,1458,0.8225442047953342,0.8506181616877105,0.8727212127099612,0.018299746486472774,0.7288112319813675,0.6585989115321693,False,left,Kyle Kulinski,False,7.0,97.48953974895397
@TheQuartering,videos,0.6634724863613752,0.47703703703703704,0.6992592592592592,0.0014814814814814814,0.3323348148148148,675,1.0,0.45231035460018076,0.7139907323884913,0.009881863102695298,0.9151074284889582,0.6182580757160651,False,right,TheQuartering,False,8.0,97.07112970711297
@bennyjohnson,videos,0.17130327109219354,0.24071618037135278,0.8779840848806366,0.3660477453580902,0.2760928381962865,1508,0.2625063421569448,0.22823892580339492,0.9223851039770429,1.0,0.6576733387884744,0.6141607421451714,False,right,Benny Johnson,False,9.0,96.65271966527197
@RobertGouveiaEsq,videos,0.2538748328619018,1.0244252873563218,0.6063218390804598,0.0,0.3793247126436782,696,0.39533474571427424,0.97132534585476,0.6056250635012165,0.0,1.0,0.5944570310140501,False,right,Robert Gouveia,False,10.0,96.23430962343096
https://rumble.com/c/TheAlexJonesShowLive,videos,0.37889575928791613,0.5653021442495126,0.5029239766081871,0.290448343079922,0.18832943469785576,513,0.5964491453030915,0.5360003384850132,0.48506244720773933,1.0,0.25595751642543785,0.5746938894842564,False,right,InfoWars,False,11.0,95.81589958158996
@aaronparnas1,videos,0.30020794542988033,0.19658119658119658,0.9413919413919414,0.06227106227106227,0.30533333333333335,819,0.46986831686569663,0.18639162964293163,0.9963190992432824,0.41536402601988476,0.7915146562630317,0.5718915456069654,False,left,Aaron Parnas,False,12.0,95.39748953974896
@NickCruseRBN,videos,0.1432801675448734,0.4782608695652174,0.8260869565217391,0.043478260869565216,0.3582173913043479,23,0.21742709178145056,0.45347075113507185,0.8618726966267947,0.29001119975301415,1.0,0.5645563478592662,True,left,Revolutionary Blackout Network,False,,
@DrSteveTurleyTV,videos,0.29199556100008583,2.7149321266968327,0.6425339366515838,0.0,0.2776221719457014,442,0.4566574983970934,1.0,0.6478486174535056,0.0,0.6646734953494575,0.5538359222400113,False,right,Steve Turley,False,13.0,94.97907949790795
@AndWeKnowOfficial-o9b,videos,0.3831555743784846,0.7891891891891892,0.3891891891891892,0.0,0.4098432432432432,185,0.6033016793451108,0.7482824483103545,0.3524469055809101,0.0,1.0,0.540806206647275,False,right,And We Know,False,14.0,94.56066945606695
@MikeFromPA,videos,0.3880468583956956,1.0930232558139534,0.3333333333333333,0.031007751937984496,0.2624496124031008,129,0.6111700232812911,1.0,0.28731859483755057,0.2068296928471109,0.5952247616968602,0.5401086145325625,False,left,Mike from PA,False,15.0,94.14225941422593
@TheMichaelCohenShow,videos,0.23661890765231058,0.18162839248434237,0.6910229645093946,0.11899791231732777,0.2684133611691023,479,0.3675760725298276,0.17221388745896352,0.7043871562616232,0.7937467283428008,0.6225223839904588,0.5320892457167348,False,left,MeidasTouch Network,False,16.0,93.72384937238493
@harryjsisson,videos,0.3691950446355733,0.19970631424375918,0.9251101321585903,0.013215859030837005,0.29798384728340677,681,0.5808441305374801,0.1893547603191169,0.9773343980876805,0.08815318406589417,0.7578741556123851,0.5187121257245113,False,left,Harry Sisson,False,17.0,93.30543933054393
@DannyHaiphongYT,videos,0.25422540082466555,0.15625,1.703125,0.0,0.345015625,64,0.3958986854271032,0.14815095562651495,1.0,0.0,0.9731507801447805,0.5034400842396798,False,left,Danny Haiphong,False,18.0,92.88702928870293
@briantylercohen,videos,0.29923677925528064,0.05087881591119334,0.9352451433857539,0.020351526364477335,0.316536540240518,1081,0.4683060543894129,0.04824156926968849,0.9891518906401816,0.13574992328864494,0.8427946351200895,0.49684881454160357,False,left,Brian Tyler Cohen,False,19.0,92.46861924686193
@MyronGainesX,videos,0.11616806962716535,0.8637532133676092,0.7789203084832905,0.0,0.28181233933161953,389,0.17381332686874312,0.8189815295096601,0.8068760617511572,0.0,0.6838529764335404,0.49670477891262016,False,right,Myron Gaines,False,20.0,92.05020920502092
@MarkDice,videos,0.10639086598965115,0.41304347826086957,0.43478260869565216,0.15217391304347827,0.2351521739130435,92,0.15808526841142626,0.39163383052574385,0.4056091452059244,1.0,0.47027731761062624,0.48512111235074407,False,right,Mark Dice,False,21.0,91.63179916317992
@TheOfficerTatum,videos,0.3322637154055783,0.20907617504051865,0.7698541329011345,0.0,0.33103079416531606,617,0.5214346995211228,0.19823894483833185,0.7963048388861401,0.0,0.909138588326542,0.48502341431442736,False,right,Officer Tatum,False,22.0,91.21338912133892
@SabbySabs,videos,0.28503402437108505,0.9968051118210862,0.3498402555910543,0.0,0.2868626198083067,626,0.4454588511035494,0.9451368312940097,0.30656577932240925,0.0,0.7069694178428876,0.48082617591257115,False,left,Sabby Sabs,False,23.0,90.7949790794979
@OfficialSaharTV,videos,0.1301015722488287,0.8477043673012318,0.39417693169092943,0.10526315789473684,0.20391489361702128,893,0.19622739860883184,0.8037645574684654,0.35826264752208636,0.7021323783494027,0.32729619743647964,0.47753663587705325,False,right,Sahar TV,False,24.0,90.3765690376569
@DoubleDownNews,videos,0.2673961387196681,0.030303030303030304,0.9545454545454546,0.015151515151515152,0.3150454545454545,66,0.4170857388238213,0.028732306545748355,1.0,0.10106450900483828,0.8359695498074293,0.4765704208363674,False,left,Double Down News,False,25.0,89.9581589958159
@BlazeTV,videos,0.14449943485928848,0.4619815668202765,0.6774193548387096,0.06566820276497695,0.26041820276497696,868,0.2193884611368598,0.4380352678800553,0.6885252541514818,0.43802382819838886,0.5859264737909029,0.4739798570315378,False,right,Blaze Media,False,26.0,89.5397489539749
@adammockler,videos,0.32803689148810006,0.21396598030438674,0.64816472694718,0.012533572068039392,0.32709489704565803,1117,0.5146352365941355,0.20287529250341743,0.6544141575295305,0.08360215427078833,0.8911229680892525,0.4693299617974248,False,left,Adam Mockler,False,27.0,89.1213389121339
@PiscoLitty,videos,0.2819353761318047,0.14285714285714285,0.5178571428571429,0.07142857142857142,0.3021964285714286,56,0.4404742233456628,0.13545230228709937,0.5024746214004346,0.476446971022809,0.7771562309300212,0.46640086979720535,False,left,Pisco,False,28.0,88.70292887029288
@jlptalk,videos,0.18742008355444276,0.1513157894736842,0.2993421052631579,0.19407894736842105,0.2736217105263158,304,0.2884325863009521,0.14347250439620396,0.2476845899443878,1.0,0.6463623475947009,0.4651904056472489,False,right,Jesse Lee Peterson,False,29.0,88.28451882845188
@dollemore,videos,0.3570132316279559,0.6539263377345379,0.37943015983321754,0.0,0.2984822793606671,1439,0.5612479070973981,0.6200307958062014,0.3410678104670599,0.0,0.7601556082888683,0.4565004243319056,False,left,Jesse Dollemore,False,30.0,87.86610878661088
@LiberalHivemind,videos,0.28351334113745463,0.4645390070921986,0.26713947990543735,0.11583924349881797,0.22176359338061466,846,0.4430126102682013,0.4404601460896104,0.21013610807237054,0.7726775936681961,0.40899431781271434,0.45505615518221854,False,right,Liberal Hivemind,False,31.0,87.44769874476988
@thejimmydoreshow,videos,0.1646322013055273,0.987783595113438,0.5139616055846422,0.0,0.2553342059336824,1146,0.25177495315580467,0.9365829348368024,0.4979323982421234,0.0,0.5626557038963524,0.4497891980262166,False,neutral,Jimmy Dore,False,32.0,87.02928870292888
@VivaFrei,videos,0.15712026160755502,1.054380664652568,0.44108761329305135,0.0,0.2607915407854985,331,0.2396909022269456,0.9997280195993468,0.4129608237786675,0.0,0.5876353385791273,0.44800301683681737,False,right,Viva Frei,False,33.0,86.61087866108787
@FreshFitMiami,videos,0.06195863695863696,0.918918918918919,0.4864864864864865,0.0,0.30880180180180183,111,0.08660954575108093,0.8712877822791799,0.4658962210693427,0.0,0.8073907345326717,0.4462368567264551,False,right,Fresh & Fit,False,34.0,86.19246861924687
@RebelHQ,videos,0.19852742716519806,0.228328173374613,0.8893188854489165,0.0007739938080495357,0.29972987616099067,1292,0.30630036896072704,0.21649303732419523,0.935601559124199,0.00516273807609855,0.7658661818837998,0.4458847770738039,False,left,TYT Network,False,35.0,85.77405857740585
@TimcastNews,videos,0.6866113727647105,0.016853932584269662,0.45318352059925093,0.00749063670411985,0.2801947565543071,534,1.0,0.015980327797916218,0.42706473459858285,0.04996447636194252,0.6764488812215769,0.4338916839960037,False,right,Timcast,False,36.0,85.35564853556485
@JacksonHinkleOfficial,videos,0.8522982959194298,0.03608247422680412,0.4690721649484536,0.0,0.281659793814433,388,1.0,0.03421217944364881,0.44559100280466046,0.0,0.6831547361028144,0.4325915836702247,False,neutral,Jackson Hinkle,False,37.0,84.93723849372385
@TimesNowWorld,videos,0.22592889357187332,0.24983322214809872,0.8562374916611074,0.00022237046920169,0.27981276406493216,8994,0.3503796253042071,0.23688339589435026,0.8970284272399438,0.0014832683109449246,0.6747004026885116,0.4320950238875915,False,neutral,Times Group,False,38.0,84.51882845188284
@JackCocchiarellaShow,videos,0.0908547325378034,0.2440944881889764,0.8779527559055118,0.0006561679790026247,0.3221351706036746,1524,0.13309313117151259,0.2314421228055163,0.9223485741773301,0.004376809445091421,0.8684210159438722,0.4319363307086645,False,left,Jack Cocchiarella,False,39.0,84.10041841004184
@HasanabiClips,videos,0.17120450338525545,0.09071729957805907,0.5295358649789029,0.1371308016877637,0.2128059071729958,474,0.2623474598910117,0.08601506959581628,0.51609209143606,0.9146977713729033,0.36799266862954444,0.4294290121850671,False,left,HasanAbi,True,40.0,83.68200836820083
@PiersMorganUncensored,videos,0.11961788166695544,0.8066298342541437,0.6353591160220995,0.0,0.2549447513812155,181,0.17936285283140063,0.764819077002296,0.6394827274259531,0.0,0.5608730695683655,0.42890754536560305,False,neutral,Piers Morgan,False,41.0,83.26359832635984
@TimcastIRL,videos,0.6492515671463039,0.0023391812865497076,0.4070175438596491,0.0,0.29001520467836256,855,1.0,0.0022179324351103992,0.3732348893156326,0.0,0.7213996150909513,0.4193704873683388,False,right,Timcast,False,42.0,82.84518828451883
@StatusCoup,videos,0.32558794096511695,0.30947775628626695,0.4274661508704062,0.01160541586073501,0.31092843326885883,517,0.5106957423979863,0.2934363221693449,0.39707810523738457,0.07741111328030166,0.8171248774054146,0.4191492320980864,False,left,Status Coup,False,43.0,82.42677824267783
@usefulidiots,videos,0.15344045888400729,0.03763440860215054,0.9354838709677419,0.0,0.3124462365591398,186,0.23377140269588467,0.03568367103262296,0.9894302486369304,0.0,0.8240722560693635,0.41659151568696035,False,left,Useful Idiots,False,44.0,82.00836820083683
@TheDamageReport,videos,0.16485798845349406,0.017790262172284643,0.8907615480649188,0.0,0.31311423220973783,3204,0.2521381647236303,0.01686812378668934,0.937283713621935,0.0,0.8271298451260565,0.4066839694516622,False,left,TYT Network,False,45.0,81.58995815899581
@Timcast,videos,0.6236040522925769,0.00546448087431694,0.44808743169398907,0.0,0.26242076502732237,183,0.990098135347659,0.005181235606610359,0.42112266000833404,0.0,0.5950927197884804,0.40229895015021677,False,right,Timcast,False,46.0,81.17154811715481
@SNEAKO,videos,0.6,0.0,0.2,0.0,0.3276,5,0.9521275736153884,0.0,0.1318510143534022,0.0,0.8934349550974263,0.3954827086132434,True,neutral,SNEAKO,False,,
@timesofindia,videos,0.1792274737254858,0.10165222647592183,1.085432198267177,0.0,0.2607323191617973,9926,0.2752535781627331,0.09638319676141276,1.0,0.0,0.5873642658732103,0.39180020815947125,False,left,Times Group,False,47.0,80.75313807531381
@breakingpoints,videos,0.3222214809726863,0.03085824493731919,0.5650916104146577,0.0,0.31401060752169724,1037,0.5052803003638232,0.02925874224909379,0.5575503343001134,0.0,0.8312327870270749,0.38466443278802104,False,left,Breaking Points,False,48.0,80.3347280334728
https://rumble.com/c/nickjfuentes,videos,0.3649498770810246,0.15081967213114755,0.49508196721311476,0.0,0.2861344262295082,305,0.5740151591940927,0.14300210274244593,0.4759186105068454,0.0,0.7036362872817904,0.3793144319450349,False,right,Nick Fuentes,False,49.0,79.9163179916318
@GeopoliticalEconomyReport,videos,0.08575662884873411,0.041666666666666664,0.8333333333333334,0.0,0.31693055555555555,72,0.1248920876200119,0.03950692150040398,0.8703220216531071,0.0,0.8445981452392789,0.3758638352025604,False,left,Geopolitical Economy Report,False,50.0,79.49790794979079
@OwenJonesTalks,videos,0.16830246529817347,0.004291845493562232,0.7424892703862661,0.008583690987124463,0.3011716738197425,233,0.2576791082465951,0.004069382472144617,0.7643972216451305,0.0572554299941573,0.7724656630921256,0.37117336109003063,False,left,Owen Jones,False,51.0,79.07949790794979
@ActualJusticeWarrior,videos,0.24090242948661317,0.0,0.4923469387755102,0.0,0.39386479591836737,392,0.3744667423277447,0.0,0.4727295486037225,0.0,1.0,0.3694392581862934,False,right,Actual Justice Warrior,False,52.0,78.66108786610879
@NickShirley,videos,0.026448985042735042,0.0,0.5,0.0625,0.32934375,32,0.029487090104419616,0.0,0.4816530704427361,0.41689109964495785,0.9014165503560704,0.3658895621096368,True,right,Nick Shirley,False,,
@podsaveamerica,videos,0.14727307092374559,0.008995502248875561,0.7436281859070465,0.0,0.3085217391304348,667,0.2238502593951801,0.008529230428872825,0.7657252049480672,0.0,0.8061088151692846,0.36084270198828095,False,left,Crooked Media,False,53.0,78.24267782426779
@deanwithrs,videos,0.31330152028265235,0.018867924528301886,0.4037735849056604,0.0,0.3322754716981132,265,0.49093124225159057,0.017889926717164068,0.36945241094238374,0.0,0.9148357996781203,0.3586218759178517,False,left,Dean Withers,False,54.0,77.82426778242679
@RestPoliticsUS,videos,0.23168686111867928,0.1,0.5727272727272728,0.0,0.28997272727272727,220,0.3596421561390995,0.09481661160096957,0.5664535688886353,0.0,0.7212051850066972,0.34842350432708036,False,left,The Rest Is Politics US,False,55.0,77.40585774058577
@AnthonyBrianLogan,videos,0.20053554196699358,0.8629032258064516,0.25806451612903225,0.0,0.22099193548387094,248,0.3095307145853655,0.8181756001051407,0.1995546381126281,0.0,0.4054622398141796,0.3465446385234628,False,right,Anthony Brian Logan,False,56.0,76.98744769874477
@TheDonLemonShow,videos,0.09927316156824353,0.6284153005464481,0.34153005464480873,0.00546448087431694,0.2597513661202186,366,0.14663540244031467,0.5958420947601913,0.2968760280640351,0.036449495050925276,0.5828741898040393,0.33173544202390115,False,left,Don Lemon,False,57.0,76.56903765690377
@chicksonright,videos,0.11289010198607721,0.1957894736842105,0.6631578947368421,0.023157894736842106,0.23363368421052633,475,0.16854023769195525,0.1856409448187404,0.6718962939299176,0.15446912323686862,0.4633267970601397,0.3287746793475243,False,right,Chicks on the Right,False,58.0,76.15062761506276
@HasanAbi,videos,0.5507571162029761,0.1735668789808917,0.22611464968152867,0.006369426751592357,0.2197547770700637,628,0.8729132109325051,0.16457023351123698,0.16230087486224018,0.042485717161269594,0.39979944541714124,0.32841389637687857,False,left,HasanAbi,False,59.0,75.73221757322176
@PTLRadioShow,videos,0.1507525730239461,0.0332541567695962,0.7268408551068883,0.007719714964370546,0.2596104513064133,1684,0.22944754615152144,0.03153046466540556,0.7461510621809102,0.05149248736707318,0.5822291862142236,0.3281701493158268,False,left,Pushing the Limits,False,60.0,75.31380753138075
@thedavidpakmanshow,videos,0.24994240981443908,0.017062766605728214,0.49055453991468617,0.0,0.29818890920170626,1641,0.389008869537155,0.01617833714093326,0.47063959924756105,0.0,0.7588127771090606,0.326927916606942,False,left,David Pakman,False,61.0,74.89539748953975
@FarronBalanced,videos,0.1430356893418691,0.09775280898876404,0.48146067415730337,0.0,0.32047471910112363,1780,0.21703381292473964,0.09268590122791406,0.4600360894484514,0.0,0.8608206994765064,0.3261153006155223,False,left,Farron Balanced,False,62.0,74.47698744769873
@GlennKirschner2,videos,0.11355093479588314,0.7251908396946565,0.1717557251908397,0.0,0.27380152671755725,262,0.16960328367611183,0.6876013818390923,0.0989179963500807,0.0,0.6471854128617635,0.3206616149454097,False,left,Glenn Kirschner,False,63.0,74.05857740585773
@AnaEscobarShow,videos,0.33743548118548117,0.59375,0.40625,0.0,0.16159375,32,0.5297542392923681,0.5629736313807568,0.37233992791481924,0.0,0.1335813649008446,0.31972983269775773,True,right,Ana Escobar,False,,
@ChadPrather1,videos,0.0791373062191077,0.5125,0.35,0.0,0.2804625,160,0.11424394147041671,0.485935134454969,0.30675204239806914,0.0,0.6776744122992403,0.316921106124539,False,right,Chad Prather,False,64.0,73.64016736401673
@CamHigby,videos,0.14226315798896444,0.3763440860215054,0.3978494623655914,0.021505376344086023,0.24294086021505376,186,0.21579108353819249,0.35683671032622954,0.3625448434589127,0.14344639987783497,0.5059281515370443,0.3169094377476428,False,right,Cam Higby,False,65.0,73.22175732217573
@RedactedNews,videos,0.09818174389523948,0.20353982300884957,0.7300884955752213,0.0,0.2358938053097345,452,0.1448796978852318,0.19298956343560178,0.7499378332251161,0.0,0.4736719565436674,0.3122958102179234,False,right,Redacted,False,66.0,72.80334728033473
@DueDissidence,videos,0.29025880216025096,0.03732503888024884,0.42457231726283046,0.0,0.2802814930015552,643,0.4538636684256713,0.03539033714499642,0.39370387541768326,0.0,0.6768458963992727,0.3119607554775247,False,left,Due Dissidence,False,67.0,72.38493723849372
@TheRealTabithaSpeaks,videos,0.0347871121084942,1.176991150442478,0.14380530973451328,0.015486725663716814,0.20461504424778762,452,0.0429001839476955,1.0,0.06632762036616709,0.10330044946954708,0.33050096816328184,0.3086058443893383,False,left,Tabitha Speaks,False,68.0,71.96652719665272
@RealAmericasVoice,videos,0.31503482173478403,0.010931021485111195,0.5212966453071994,0.013569543912551827,0.22835092348284963,2653,0.4937195105104903,0.010364424185556418,0.5064851048302815,0.09051235333414841,0.4391462333459744,0.3080455252412902,False,right,Real America's Voice,False,69.0,71.54811715481172
@lovettorleaveitpodcast,videos,0.11056611517137833,0.043859649122807015,0.6491228070175439,0.0,0.2761140350877193,114,0.16480176585166628,0.04158623315831998,0.6555312854579022,0.0,0.657770362449067,0.3039379293833911,False,left,Crooked Media,False,70.0,71.1297071129707
@DestinyDGGClips,videos,0.12202971138377837,0.10526315789473684,0.5263157894736842,0.014354066985645933,0.26648803827751194,209,0.1832426327952482,0.09980695957996796,0.5123374613277654,0.0957453243203731,0.6137096825923933,0.3009684121231496,False,right,Destiny,True,71.0,70.7112970711297
@RubinReport,videos,0.03821586894231425,0.004775549188156638,0.7717287488061128,0.0,0.2663209169054441,1047,0.04841583953978434,0.004528013925547735,0.7984906538792707,0.0,0.6129447247997541,0.2928758464288713,False,right,Rubin Report,False,72.0,70.29288702928869
@TheAdamCarollaShow1,videos,0.08944749860051425,0.26329113924050634,0.3468354430379747,0.05063291139240506,0.22913164556962026,395,0.1308293900805649,0.24964373687343888,0.3030621472916416,0.3377345617376874,0.44271980048925025,0.2927979272945166,False,right,Adam Carolla,False,73.0,69.8744769874477
@TuckerCarlson,videos,0.02751372179202135,0.0,0.7647058823529411,0.0,0.2711512605042017,119,0.031199874501194873,0.0,0.7903019434627366,0.0,0.6350544581706303,0.29131125522691237,False,neutral,Tucker Carlson Network,False,74.0,69.4560669456067
@Vaush,videos,0.35607490375702294,0.026490066225165563,0.33995584988962474,0.0,0.256401766004415,453,0.5597384698233766,0.025116983205554853,0.2950404945304719,0.0,0.5675422027630921,0.28948763006449907,False,left,Vaush,False,75.0,69.0376569037657
@rolandsmartin,videos,0.042989796525550454,0.09299191374663072,0.7210242587601078,0.0026954177897574125,0.24969946091644202,742,0.056095398530664316,0.08817178167745149,0.7393688709757583,0.017979130981992792,0.5368640169496719,0.28769583982310776,False,left,Black Star Network,False,76.0,68.6192468619247
@JesseKellyDC,videos,0.1626645840931555,0.05357142857142857,0.45436507936507936,0.0,0.2826607142857143,504,0.24860975381198958,0.05079461335766227,0.4284424402175067,0.0,0.6877362082678947,0.28311660313101067,False,right,Jesse Kelly,False,77.0,68.20083682008368
@SydneyWatson,videos,0.08696981524850378,0.0,0.45901639344262296,0.0,0.3174262295081967,61,0.12684367493706306,0.0,0.43386590431031347,0.0,0.8468669732652195,0.2815153105025192,False,right,Sydney Watson,False,78.0,67.78242677824268
@FleccasTalks,videos,0.7829311588794348,0.03103448275862069,0.08275862068965517,0.0,0.21254482758620688,290,1.0,0.029425844979611246,0.0,0.0,0.36679763975955554,0.2792446969478334,False,right,Fleccas Talks,False,79.0,67.36401673640168
@TheSerfTimes,videos,0.17713340019246188,0.145748987854251,0.4008097165991903,0.0,0.26702834008097165,247,0.2718849553783053,0.1381942517261095,0.36599652018377954,0.0,0.616182783847006,0.2784517022270401,False,left,Serf Times,False,80.0,66.94560669456067
@fightbackpodcast,videos,0.17068722744560066,0.4178628389154705,0.3349282296650718,0.0,0.22916427432216907,627,0.2615153460761539,0.39620338499926677,0.28917825489118876,0.0,0.44286915073821886,0.2779532273409656,False,right,Jake Shields,False,81.0,66.52719665271967
@TheYoungTurks,videos,0.2052101673702092,0.09100418410041841,0.38702928870292885,0.0,0.27051917712691775,2868,0.3170505315323844,0.08628708377912503,0.34992844681076934,0.0,0.6321612488876498,0.2770854622019857,False,left,TYT Network,False,82.0,66.10878661087865
@CashJordan,videos,0.47890583960818073,0.0,0.26755852842809363,0.0,0.21578595317725752,299,0.7573299500725417,0.0,0.21062472152179176,0.0,0.3816331108134336,0.2699175564815534,False,right,Cash Jordan,False,83.0,65.69037656903765
@TheHumanistReport,videos,0.0630844894643596,0.03896103896103896,0.5064935064935064,0.006493506493506494,0.2792922077922078,154,0.08842064375832509,0.03694153698739074,0.4892245435182628,0.04331336100207355,0.6723176818407788,0.2660435534213662,False,left,Humanist Report,False,84.0,65.27196652719665
@Tim_Black,videos,0.04587498318277864,0.11246200607902736,0.40425531914893614,0.06382978723404255,0.2123677811550152,329,0.06073664219168853,0.10663266350261015,0.3700141163716721,0.4257611230416591,0.36598725240141394,0.2658263595018088,False,right,Tim Black,False,85.0,64.85355648535564
@The_Crucible,videos,0.10823197205940568,0.09292035398230089,0.6327433628318584,0.0,0.2281504424778761,226,0.1610469561254997,0.0881039311336443,0.6364327412787246,0.0,0.4382285798757265,0.264762441682719,False,right,The Crucible,False,86.0,64.43514644351464
@SavSays,videos,0.14447150072150072,0.0,0.4375,0.0,0.28125,16,0.21934352500088786,0.0,0.40877764209079154,0.0,0.6812790037063698,0.2618800341596098,True,right,Sav Says,False,,
@Forthepeoplepodcast305,videos,0.08648771518336736,0.0782608695652174,0.5304347826086957,0.0,0.25790434782608695,115,0.12606814664821278,0.07420430473119358,0.5171402355532483,0.0,0.5744199088239275,0.2583665191513164,False,left,Niko House,False,87.0,64.01673640167364
@YaBoiHakim,videos,0.060678904428904425,0.0625,0.4375,0.0,0.29381250000000003,16,0.08455090927550059,0.05926038225060598,0.40877764209079154,0.0,0.7387808190105803,0.25827395052549573,True,left,Hakim,False,,
@PerunAU,videos,0.013862376362376362,0.0,0.5945945945945946,0.0,0.28216216216216217,37,0.009239693768672983,0.0,0.59195101605649,0.0,0.6854542061084505,0.2573289831867227,True,left,Perun,False,,
@Xanderhal,videos,0.09281149581782493,0.1962025316455696,0.35443037974683544,0.0031645569620253164,0.2680253164556962,316,0.1362408703816508,0.18603259238164915,0.3119178955470678,0.021108410108605462,0.6207462028609024,0.2552091942559751,False,left,Xanderhal,False,88.0,63.59832635983263
@Lunaoi,videos,0.012345679012345678,0.0,0.5555555555555556,0.0,0.28744444444444445,9,0.006799864808599777,0.0,0.546431228977798,0.0,0.7096325798541618,0.2525727347281119,True,left,Luna Oi,False,,
@SecondThought,videos,0.013392857142857142,0.0,0.5,0.05,0.22425,20,0.008484403605430601,0.0,0.4816530704427361,0.3335128797159663,0.4203752447141322,0.24880511969565305,True,left,Second Thought,False,,
@JillianMichaels,videos,0.1364342996358056,0.18818380743982493,0.4551422319474836,0.00437636761487965,0.21892560175054707,457,0.2064145144989482,0.17842950979613528,0.4293486054549072,0.029191499318684137,0.39600409528160657,0.24787764487005629,False,right,Jillian Michaels,False,89.0,63.17991631799163
@DailyDenims,videos,0.055930400349005004,0.013953488372093023,0.6093023255813953,0.0,0.2482418604651163,215,0.07691224769879909,0.013230224874553893,0.6091003311884623,0.0,0.5301922022679233,0.2458870012059477,False,left,Denims,True,90.0,62.76150627615063
@DemocracyDocket,videos,0.07099803727710705,0.007751937984496124,0.4496124031007752,0.0,0.28424806201550384,129,0.10115073993082423,0.007350124930307718,0.4229007871202382,0.0,0.6950019098385944,0.24528071236399293,False,left,Democracy Docket,False,91.0,62.34309623430963
@GrahamAllen,videos,0.07434666098633709,0.1862348178137652,0.4251012145748988,0.0,0.25218623481781377,247,0.10653748970130543,0.17658154387225103,0.394320573308422,0.0,0.5482466249958418,0.24513724637556403,False,right,Graham Allen,False,92.0,61.92468619246861
@destiny,videos,0.1019178283223227,0.0149812734082397,0.4307116104868914,0.02247191011235955,0.24357677902621722,267,0.15088973474742567,0.014204735820369973,0.40086233339338934,0.14989342908582753,0.508838916593999,0.2449378299282023,False,left,Destiny,False,93.0,61.50627615062761
@OutKick,videos,0.12782193296899177,0.13725490196078433,0.45098039215686275,0.0,0.23474509803921567,51,0.19256026624827616,0.13014044729544844,0.4244958717353286,0.0,0.46841402593208714,0.24312212224222804,False,right,Fox Corporation,False,94.0,61.08786610878661
@glennbeck,videos,0.1219674739511696,0.15869565217391304,0.49782608695652175,0.0,0.2197,460,0.1831425148050134,0.15046984014936476,0.4791182729348424,0.0,0.39954871658405006,0.24245586889465415,False,right,Blaze Media,False,95.0,60.66945606694561
@JamarlThomas,videos,0.040820128776333155,0.040145985401459854,0.6058394160583942,0.0036496350364963502,0.23806204379562043,274,0.052605171420970924,0.03806506305148413,0.6050625549511387,0.02434400581868367,0.4835965455148828,0.24073466815143205,False,left,Jamarl Thomas,False,96.0,60.25104602510461
@RekietaLaw,videos,0.07863679530346196,0.16666666666666666,0.2777777777777778,0.0,0.2863888888888889,18,0.11343879664254415,0.15802768600161593,0.2225404363024888,0.0,0.704801028761713,0.2397615895416724,True,right,Rekieta Law,False,,
@evanjmez,videos,0.09259149940968124,0.0,0.4090909090909091,0.0,0.28231818181818186,22,0.13588697406364764,0.0,0.37565244738536224,0.0,0.6861683484721736,0.2395415539842367,True,left,Evan James,False,,
@destinyhqclips,videos,0.10627101325070867,0.0,0.5989847715736041,0.0,0.22871573604060916,197,0.15789246779539692,0.0,0.5970699925026687,0.0,0.44081607488364166,0.23915570703634143,False,neutral,Destiny,True,97.0,59.83263598326359
@HasanReactionsfanTwo,videos,0.17028595179330475,0.052941176470588235,0.4441176470588235,0.0,0.23238235294117648,340,0.26086983564691496,0.05019702967110154,0.4164938639162915,0.0,0.4575991298335098,0.23703197181356356,False,left,HasanAbi,True,98.0,59.41422594142259
@lonerboxlive,videos,0.16443405079768716,0.03409090909090909,0.4772727272727273,0.0,0.22929545454545455,88,0.2514561991555608,0.032323844863966895,0.45515291467839264,0.0,0.44346959658665086,0.23648051105691423,False,right,LonerBox,False,99.0,58.995815899581594
@LegalEagle,videos,0.051069538926681785,0.0380952380952381,0.26666666666666666,0.0,0.320647619047619,105,0.06909284294487975,0.03612061394322651,0.2095848045954764,0.0,0.861612107300545,0.23528207375682553,False,left,LegalEagle,False,100.0,58.57740585774059
@chinainsights-r2w,videos,0.017762900509938173,0.11151079136690648,0.5611510791366906,0.0,0.2351187050359712,278,0.015514255911537959,0.10573075394352723,0.552955647823056,0.0,0.47012412189418046,0.2288649559144603,False,neutral,China Insights,False,101.0,58.15899581589959
@BadEmpanadaLive,videos,0.14728444560659326,0.0738255033557047,0.22483221476510068,0.0,0.2732214765100671,298,0.22386855723200486,0.06999884077923929,0.16080554696034932,0.0,0.6445303728698617,0.21984066356829102,False,left,BadEmpanada,False,102.0,57.74058577405857
@lizwheeler,videos,0.15417854109714574,0.2441860465116279,0.29069767441860467,0.0,0.21851162790697676,86,0.23495871561529716,0.23152893530469312,0.23760512433389852,0.0,0.39410922980946694,0.21964040101267113,False,right,Liz Wheeler,False,103.0,57.32217573221757
@marklevinshow,videos,0.028852000584673854,0.02574257425742574,0.31485148514851485,0.0,0.29758019801980196,505,0.033352691182056964,0.02440823664975454,0.2657686331862825,0.0,0.7560265484160879,0.21591122188683637,False,right,Mark Levin,False,104.0,56.903765690376574
@laurenchenclips,videos,0.05354637717023038,0.027522935779816515,0.41284403669724773,0.0,0.25956880733944954,109,0.07307719860812689,0.02609631511953291,0.3800286198969052,0.0,0.5820385709945711,0.2122481409238272,False,right,Lauren Chen,True,105.0,56.48535564853556
@SMN,videos,0.11169479139022286,0.02030456852791878,0.2639593908629442,0.0,0.274005076142132,197,0.16661740621342142,0.019252103878369453,0.2064281024536663,0.0,0.6481171112830312,0.2080829447656977,False,left,Some More News,False,106.0,56.06694560669456
https://rumble.com/c/BannonsWarRoom,videos,0.13184137186985095,0.14691522414558367,0.27230359520639147,0.03994673768308921,0.17903528628495338,4506,0.1990261201204166,0.13930003746081193,0.21615750190622435,0.26645503039890783,0.21341579260863136,0.20687089649899842,False,right,War Room,False,107.0,55.64853556485355
@TheVaushPit,videos,0.19228375704802503,0.019851116625310174,0.3052109181141439,0.0,0.23248138957816378,403,0.29625651468174763,0.018822156149075845,0.2545276659513158,0.0,0.45805244616452623,0.2055317565893331,False,left,Vaush,True,108.0,55.23012552301255
@AfterPartyEmily,videos,0.06602015770774737,0.012195121951219513,0.4878048780487805,0.0,0.2315,410,0.09314309441549794,0.011563001414752387,0.4674334746667469,0.0,0.453560371954373,0.20513998849027404,False,right,Emily Jashinsky,False,109.0,54.811715481171554
@MichaelKnowles,videos,0.10612918449253195,0.036016949152542374,0.3622881355932203,0.0,0.2410720338983051,472,0.1576643155463251,0.034150050788484806,0.32108009271811244,0.0,0.4973740495906698,0.20205370172871842,False,right,Daily Wire,False,110.0,54.39330543933054
@TheBrianKilmeadeShow,videos,0.04100005896880897,0.056818181818181816,0.4346590909090909,0.0,0.24103125,352,0.05289461538577061,0.053873074773278164,0.4054651226202486,0.0,0.49718737112796535,0.20188403678145256,False,right,Fox News,False,111.0,53.97489539748954
@NovaraMedia,videos,0.10844607434351024,0.013675213675213675,0.38632478632478634,0.0,0.23480341880341882,585,0.1613913708850861,0.012966374236030026,0.34910699220945574,0.0,0.46868097517082224,0.19842914250027882,False,left,Novara Media,False,112.0,53.55648535564853
@FoxNews,videos,0.18239053450112416,0.03568818514007308,0.3029232643118149,0.0,0.22476065773447018,8210,0.2803418228825633,0.03383832789169803,0.25186024593906486,0.0,0.42271265738925023,0.19775061082051532,False,right,Fox News,False,113.0,53.13807531380753
@PartOfTheProblem,videos,0.024526121128062874,0.0,0.2524271844660194,0.0,0.29971844660194175,103,0.026393882969059368,0.0,0.19298147075736347,0.0,0.7658138658325808,0.19703784391180074,False,right,Dave Smith,False,114.0,52.719665271966534
@TheDailyBeast,videos,0.009173736891128196,0.0,0.46273291925465837,0.0,0.2515,322,0.0016973331486968423,0.0,0.4381993988788437,0.0,0.5451055505481406,0.19700045651513623,False,left,Daily Beast,False,115.0,52.30125523012552
@underthedesknews,videos,0.10982768342028834,0.22784810126582278,0.21518987341772153,0.0,0.23189873417721518,79,0.16361389064946427,0.21603784921739902,0.14956251086425457,0.0,0.45538548152760305,0.19691994645174418,False,left,Under the Desk News,False,116.0,51.88284518828452
@dineshdsouza,videos,0.3863181504485852,0.043478260869565216,0.11956521739130435,0.0,0.19653260869565217,92,0.6083891443453694,0.04122461373955198,0.03806350656133442,0.0,0.293505567858639,0.19623656650097895,False,right,Dinesh D'Souza,False,117.0,51.46443514644351
@fastpoliticspodcast,videos,0.10164856216580354,0.1793103448275862,0.36551724137931035,0.0,0.20553793103448276,145,0.15045658085114585,0.17001599321553165,0.32484525219579335,0.0,0.33472525994877356,0.19600861724224888,False,left,Fast Politics,False,118.0,51.04602510460251
@TheMajorityReport,videos,0.09875546903307918,0.015691007845503924,0.3403741701870851,0.0,0.24581713940856972,1657,0.14580261847080214,0.014877681965149119,0.2955282588643237,0.0,0.5190936261598421,0.19506043709202342,False,left,Majority Report,False,119.0,50.627615062761514
@therationalnational,videos,0.04271028267507141,0.035211267605633804,0.4647887323943662,0.007042253521126761,0.21922535211267605,142,0.05564575972360334,0.033386130845411824,0.4405964910895279,0.04697364503041779,0.39737613030333874,0.19479563139845993,False,left,Rational National,False,120.0,50.2092050209205
@PoliticsGirl,videos,0.1304532392894462,0.19827586206896552,0.11206896551724138,0.0,0.25448275862068964,116,0.19679310634873423,0.1879984540364052,0.02932282549963192,0.0,0.5587584090797972,0.1945745589929137,False,left,PoliticsGirl,False,121.0,49.7907949790795
@judgingfreedom,videos,0.03522635424043875,0.0028169014084507044,0.4422535211267606,0.0,0.24370422535211267,355,0.043606768998418324,0.002670890467632946,0.4143202803034747,0.0,0.5094222714272599,0.1940040422393572,False,left,Judging Freedom,False,122.0,49.37238493723849
@MattWalsh,videos,0.06191723815015556,0.03367003367003367,0.39730639730639733,0.0,0.23913804713804715,297,0.0865429497279235,0.0319247850508315,0.36191162587792486,0.0,0.48852169142238006,0.193780210415812,False,right,Daily Wire,False,123.0,48.95397489539749
@JustPearlyThings,videos,0.12109103685864436,0.23318385650224216,0.15396113602391628,0.0014947683109118087,0.23539312406576982,669,0.18173263787737048,0.22109703153589316,0.07816938342389804,0.009970489677607363,0.47138020884880255,0.19246995027271435,False,right,Pearl,False,124.0,48.53556485355649
https://rumble.com/c/GGreenwald,videos,0.13463605838605838,0.06578947368421052,0.3026315789473684,0.0,0.22451315789473683,76,0.20352178110144953,0.062379349737479974,0.25152013880501645,0.0,0.4215797865377343,0.18780021123633606,False,left,Glenn Greenwald,False,125.0,48.11715481171548
@SaltyCracker,videos,0.032919571097865676,0.002583979328165375,0.2997416020671835,0.0,0.27281136950904394,387,0.03989597177460528,0.002450041643435906,0.24815040595588533,0.0,0.6426532069373007,0.18662992526224542,False,right,Salty Cracker,False,126.0,47.69874476987448
@MLChristiansen,videos,0.03281246973918958,0.03389830508474576,0.3474576271186441,0.0,0.2534322033898305,118,0.039723683614046525,0.032141224271515105,0.3037876181939223,0.0,0.5539497457682164,0.18592045436954008,False,right,Matt Christiansen,False,127.0,47.28033472803347
@nypost,videos,0.04251083181029374,0.013959390862944163,0.4316307106598985,0.0,0.2319167195431472,6304,0.05532491390951501,0.013235821416379,0.4019340104942892,0.0,0.45546780520441904,0.18519251020492045,False,right,New York Post,False,128.0,46.86192468619247
@ColeHastings,videos,0.024739583333333332,0.0,0.21875,0.0,0.29275,32,0.026737268068459337,0.0,0.15371364285898556,0.0,0.7339174813977863,0.18287367846504626,True,right,Cole Hastings,False,,
@BrittanyVenti,videos,0.05717171717171717,0.10909090909090909,0.21818181818181817,0.01818181818181818,0.23232727272727274,55,0.07890908690512982,0.10343630356469408,0.15305113896487696,0.12127741080580592,0.4573470134325698,0.18280419073461532,False,neutral,Brittany Venti,False,129.0,46.44351464435147
@BenShapiro,videos,0.0785333978191121,0.05523809523809524,0.29333333333333333,0.0,0.24289333333333335,525,0.11327246670420121,0.05237489021767843,0.24067832069230607,0.0,0.5057106086932893,0.182407257261495,False,right,Daily Wire,False,130.0,46.02510460251046
@XAVIAER,videos,0.06310155024943757,0.08450704225352113,0.30985915492957744,0.0,0.23729577464788731,71,0.08844808852013863,0.08012671402898837,0.25994754193541175,0.0,0.48008913321587665,0.18172229554008307,False,right,PragerU,False,131.0,45.60669456066946
@oann,videos,0.144300657591007,0.004437049362174155,0.28286189683860236,0.007210205213533,0.2212279534109817,1803,0.21906869890100727,0.004207059860275966,0.2284685539720868,0.048093926082169294,0.40654255497861386,0.18127615875883063,False,right,OAN,False,132.0,45.18828451882845
@MegynKelly,videos,0.08319005707015695,0.008479709267110842,0.37310720775287703,0.0,0.22592610539067234,1651,0.12076338247435282,0.008040173000687911,0.33369520500620176,0.0,0.428047213080686,0.1781091947123857,False,right,Megyn Kelly,False,133.0,44.76987447698745
@DropSiteNews,videos,0.041803002280943455,0.004901960784313725,0.4264705882352941,0.0,0.22697058823529412,204,0.0541862668455712,0.004647873117694587,0.39591727238162483,0.0,0.43282808150813734,0.17751589877060558,False,left,Drop Site,False,134.0,44.35146443514644
@KimIversen,videos,0.0894739155975111,0.0599250936329588,0.31273408239700373,0.0,0.22742509363295882,534,0.1308718856742374,0.05681894328147989,0.26329972706612315,0.0,0.43490847039818964,0.17717980528400604,False,neutral,Kim Iversen,False,135.0,43.93305439330544
@AndrewKlavan,videos,0.04432302391486065,0.015306122448979591,0.21428571428571427,0.0,0.27732142857142855,196,0.05824008929229584,0.014512746673617792,0.14850825511956095,0.0,0.6632969150540226,0.17691160122789942,False,right,Daily Wire,False,136.0,43.51464435146444
@thomhartmann,videos,0.06391125526967364,0.08290816326530612,0.33163265306122447,0.0,0.22638265306122451,784,0.08975061717389324,0.07861071114876303,0.2853355899844364,0.0,0.43013694998254937,0.17676677365792842,False,left,Thom Hartmann,False,137.0,43.09623430962343
@clayandbuck,videos,0.055357842999586446,0.0981067125645439,0.36316695352839934,0.0,0.21759380378657486,581,0.07599120567127404,0.0930214606068032,0.32210480045362516,0.0,0.38990811115847396,0.17620511557803525,False,right,Clay & Buck,False,138.0,42.67782426778243
@TheLincolnProject,videos,0.04082823229164692,0.024390243902439025,0.22764227642276422,0.008130081300813009,0.25902439024390245,123,0.05261820710758338,0.023126002829504774,0.164082098112311,0.05422973653918152,0.5795466329825032,0.1747205355142168,False,left,Lincoln Project,False,139.0,42.25941422594142
@Shoe0nHead,videos,0.07222222222222223,0.1,0.5,0.0,0.1745,10,0.10312002001265283,0.09481661160096957,0.4816530704427361,0.0,0.19265661296213518,0.17444926300369873,True,right,Shoe0nHead,False,,
@bushrakhanum,videos,0.019045348590803136,0.0,0.2727272727272727,0.0,0.2716363636363636,22,0.017577260747289363,0.0,0.2166515127993013,0.0,0.6372749008141383,0.17430073487214578,True,neutral,Network18,False,,
@OwenReport,videos,0.0906237162036131,0.0,0.28350515463917525,0.0,0.24308505154639176,388,0.13272150769475496,0.0,0.22921859697620647,0.0,0.5065881525959948,0.17370565145339123,False,left,Owen Shroyer,False,140.0,41.84100418410041
@thehill,videos,0.1598705004156897,0.050129442221699225,0.29418686749823486,0.0,0.2053181925158861,4249,0.24411506258502133,0.047531038529081006,0.24167354737838959,0.0,0.3337194598523305,0.17340782166896446,False,neutral,The Hill,False,141.0,41.42259414225941
@thegrayzone7996,videos,0.04613134177650307,0.0,0.38064516129032255,0.0,0.23318709677419353,155,0.06114903239011529,0.0,0.34248451049321615,0.0,0.4612826507292987,0.17298323872252602,False,left,The Grayzone,False,142.0,41.00418410041841
@jimacosta,videos,0.06423412457992424,0.0670926517571885,0.4217252396166134,0.009584664536741214,0.18748242811501598,313,0.09026999956316972,0.0636149790294045,0.3903841633693742,0.06393218141520121,0.2520805479806296,0.17205637427155585,False,left,Jim Acosta,False,143.0,40.58577405857741
@winston_marshall,videos,0.053359879162631456,0.07339449541284404,0.3853211009174312,0.0,0.21295412844036696,109,0.07277718935451634,0.06959017365208776,0.34793668814559015,0.0,0.3686711157491888,0.1717950333802766,False,right,Winston Marshall,False,144.0,40.1673640167364
@aljazeeraenglish,videos,0.034544572502660735,0.00014285714285714287,0.331,0.0,0.2482784285714286,7000,0.04251002360735782,0.0001354523022870994,0.28459791217907804,0.0,0.5303595839590831,0.1715205944095612,False,left,Al Jazeera,False,145.0,39.74895397489539
@FoxNewsChannelClips,videos,0.16640650042997152,0.013048016701461378,0.2616562282533055,0.0,0.21645511482254698,5748,0.25462917215181197,0.012371687317454276,0.20374259906580067,0.0,0.38469603692973975,0.17108789909296132,False,right,Fox News,True,146.0,39.33054393305439
@DemocracyNow,videos,0.024146761921177907,0.013513513513513514,0.2764127764127764,0.0,0.2602616707616708,814,0.025783628339676904,0.012813055621752644,0.22094883535568133,0.0,0.5852099862809877,0.16895110111961972,False,left,Democracy Now!,False,147.0,38.912133891213394
@BreakThroughNews,videos,0.05203352662030348,0.0,0.47520661157024796,0.0,0.20212396694214876,242,0.07064355778723427,0.0,0.45274380960890687,0.0,0.3190986623215023,0.16849720594352868,False,left,BreakThrough News,False,148.0,38.49372384937239
@TheJoyReidShow,videos,0.04812143388824061,0.13445378151260504,0.20588235294117646,0.004201680672268907,0.2376218487394958,238,0.06435038588844658,0.12748451979962294,0.1387098781982911,0.02802629241310641,0.4815816587634316,0.16803054701257972,False,left,Joy Reid,False,149.0,38.07531380753138
@PoliticsJOE,videos,0.059699191336359474,0.0,0.3775811209439528,0.0,0.22332153392330384,339,0.08297489783478323,0.0,0.33891181844954676,0.0,0.41612541507366196,0.1676024262715984,False,left,PoliticsJOE,False,150.0,37.65690376569037
@AlexStein99,videos,0.049671592775041046,0.25287356321839083,0.3333333333333333,0.0,0.18522988505747123,87,0.06684404261215221,0.2397661442783139,0.28731859483755057,0.0,0.24177007515597537,0.16713977137679842,False,right,Alex Stein,False,151.0,37.238493723849366
@LIVESNEAKO,videos,0.12658801995962748,0.07306889352818371,0.2588726513569937,0.012526096033402923,0.19608559498956157,479,0.1905753371558655,0.06928144897774394,0.20049692932709193,0.08355228719397903,0.2914594703807427,0.1670730946070846,False,neutral,SNEAKO,False,152.0,36.82008368200837
@Styxhexenhammer666,videos,0.042073685495605834,0.10762331838565023,0.19282511210762332,0.0,0.2535044843049327,446,0.05462170028661045,0.10204478378579686,0.1234850458968561,0.0,0.554280594232314,0.1668864248403155,False,right,Styxhexenhammer,False,153.0,36.40167364016737
@TheAmalaEkpunobi,videos,0.07089154920908475,0.02843601895734597,0.3033175355450237,0.0,0.2302701421800948,211,0.10097943833775572,0.026962069649564806,0.252319968899176,0.0,0.44793099426596483,0.16563849423049226,False,right,Amala Ekpunobi,False,154.0,35.98326359832636
@StosselTV,videos,0.016896825396825396,0.02,0.26,0.0,0.26186,50,0.014121047739499891,0.018963322320193914,0.201811425571269,0.0,0.5925259530597121,0.165484349738135,False,right,John Stossel,False,155.0,35.56485355648535
@notsoErudite,videos,0.07193497716753532,0.023255813953488372,0.3488372093023256,0.0,0.21730232558139534,43,0.10265794443571011,0.022050374790923154,0.3053962204752423,0.0,0.3885739399410065,0.16373569592857642,True,left,notsoErudite,False,,
@RealDanBongino,videos,0.06390816785553627,0.041353383458646614,0.2932330827067669,0.0,0.2298233082706767,266,0.08974565061782722,0.03920987697784456,0.2405614277746488,0.0,0.4458857197639932,0.16308053502686276,False,right,Dan Bongino,False,156.0,35.146443514644346
@msnow,videos,0.08585492868287595,0.034517663731146876,0.3731146877214293,0.0,0.20193967000708574,9879,0.12505021724429377,0.032728479153690274,0.3337039267007987,0.0,0.31825508752977083,0.1619475421257107,False,left,MS NOW,False,157.0,34.72803347280335
@MrReaganUSA,videos,0.23913308913308914,0.15384615384615385,0.19230769230769232,0.0,0.16634615384615387,26,0.37162050023820276,0.1458717101553378,0.12288173086393211,0.0,0.15533434784313777,0.15914165782012207,True,right,Mr Reagan,False,,
@CaspianReport,videos,0.018714285714285715,0.0,0.32,0.0,0.24156,25,0.017044697811304802,0.0,0.27177183678913575,0.0,0.49960759678703803,0.15768482627749572,True,neutral,CaspianReport,False,,
@RebelNewsOnline,videos,0.06118426107161021,0.047128129602356406,0.28424153166421207,0.005891016200294551,0.21650736377025037,1358,0.08536384916229739,0.044685295599867836,0.2300772176342559,0.03929459554827291,0.3849351938921819,0.15687123036737521,False,right,Rebel News,False,158.0,34.30962343096235
@OfficialFlagrant,videos,0.054356833642547925,0.02857142857142857,0.3142857142857143,0.0,0.22365714285714286,35,0.07438093608218467,0.027090460457419877,0.26510894048267225,0.0,0.4176615840629598,0.1568483842170473,True,right,Flagrant,False,,
@HasanAbiVODs3,videos,0.07463419024192505,0.0055248618784530384,0.016574585635359115,0.09944751381215469,0.05015469613259668,181,0.10700002245685986,0.005238486828782849,0.0,0.6633405342417009,0.0,0.15511580870546873,False,left,HasanAbi,True,159.0,33.89121338912134
@TomiLahrenIsFearless,videos,0.06889579347206465,0.025423728813559324,0.3898305084745763,0.01694915254237288,0.17328813559322034,118,0.09776897407188528,0.024105918203636334,0.35319468826303724,0.11305521346303943,0.18710959578463154,0.15504687795724598,False,right,Tomi Lahren,False,160.0,33.47280334728033
@hutch,videos,0.11102626797071241,0.024691358024691357,0.2716049382716049,0.0,0.21305555555555555,162,0.1655419887615641,0.023411509037276436,0.21534286313192633,0.0,0.36913537391789836,0.15468634696973305,False,neutral,Hutch,False,161.0,33.054393305439326
@StevenCrowder,videos,0.03427715446946216,0.005917159763313609,0.28994082840236685,0.0,0.23808284023668638,169,0.0420798426870638,0.005610450390589915,0.2367226366918218,0.0,0.48369173621045763,0.15362093319598663,False,right,Louder with Crowder,False,162.0,32.63598326359833
@DylanBurnsLIVE,videos,0.027865686944634312,0.0,0.29473684210526313,0.0,0.23979999999999999,190,0.03176606179773384,0.0,0.24231482153950762,0.0,0.4915516210707864,0.15312650088160557,False,left,Dylan Burns,False,163.0,32.21757322175732
@RileyGaines,videos,0.06167542636074104,0.08391608391608392,0.3146853146853147,0.0,0.20459440559440562,143,0.08615396018647759,0.07956638735745698,0.26557487728732004,0.0,0.3304064997027923,0.1523403449068094,False,right,Riley Gaines,False,164.0,31.799163179916317
@AsmonTV,videos,0.0931219954648526,0.0,0.3177142857142857,0.0,0.2099782857142857,875,0.13674035436301024,0.0,0.2691066782665504,0.0,0.3550499130578852,0.15217938913748916,False,right,Asmongold,True,165.0,31.380753138075313
@marclamonthillnetwork,videos,0.07093677108469794,0.14330218068535824,0.3426791277258567,0.0,0.18009345794392523,321,0.10105218432214585,0.13587427207615577,0.29821585515186005,0.0,0.2182593182838034,0.150680325966793,False,left,Marc Lamont Hill,False,166.0,30.962343096234306
@MichaelMaliceofficial,videos,0.13467552649370831,0.01818181818181818,0.12727272727272726,0.0,0.23729090909090908,55,0.20358527131064758,0.01723938392744901,0.04705051590750305,0.0,0.48006686230175016,0.14958840668946996,False,right,Michael Malice,False,167.0,30.543933054393307
@nationalreview,videos,0.028043128978607883,0.0,0.2094240837696335,0.0,0.2562303664921466,191,0.032051503196582634,0.0,0.1428395606179886,0.0,0.5667576628150173,0.14832974532591772,False,right,National Review,False,168.0,30.125523012552303
@ZubyMusic,videos,0.02386454472785408,0.0,0.31654676258992803,0.0,0.2249496402877698,139,0.0253296408112566,0.0,0.2677453383017765,0.0,0.4235776794688962,0.14333053171638585,False,right,Zuby,False,169.0,29.707112970711297
@theisabelbrown,videos,0.0396685465834402,0.04964539007092199,0.2553191489361702,0.0,0.22158156028368794,141,0.050752683458182575,0.04707207668133241,0.19635352115001695,0.0,0.4081611051943077,0.14046787729676793,False,right,Isabel Brown,False,170.0,29.288702928870293
@HangOutwithSeanHannity,videos,0.03916366822210978,0.01948051948051948,0.3181818181818182,0.0,0.21177922077922076,154,0.04994051295675502,0.01847076849369537,0.2696518243279883,0.0,0.3632932591656481,0.14027127298881736,False,right,Sean Hannity,False,171.0,28.870292887029287
@X22Report-y5y,videos,0.05240217948285119,0.0,0.44050632911392407,0.0,0.17812911392405065,395,0.07123658969979059,0.0,0.4122830424418978,0.0,0.2092680070778525,0.13855752784390818,False,right,X22 Report,False,172.0,28.451882845188287
@UnHerd,videos,0.01988429910116657,0.0,0.27710843373493976,0.0,0.2295301204819277,83,0.018926835038568693,0.0,0.2217599765611025,0.0,0.44454372333986625,0.13704610698790748,False,left,UnHerd,False,173.0,28.03347280334728
@SkyNews,videos,0.02542548489512127,0.0013598041881968997,0.2638020125101985,0.0,0.22777699211313573,3677,0.027840640797485203,0.0012893202556563718,0.2062445982157517,0.0,0.4365192008589232,0.13437875202556332,False,left,Sky News,False,174.0,27.615062761506277
@ANINewsIndia,videos,0.06734330604605043,0.09031680104243016,0.2946494014170535,0.0003257594266634091,0.18419105790373808,12279,0.09527157155314128,0.08563533045482144,0.24221286509776893,0.002172899289622714,0.2370150942901475,0.13246155213710037,False,neutral,ANI,False,175.0,27.19665271966527
@moreperfectunion,videos,0.007997128067550603,0.0,0.39436619718309857,0.0,0.1986056338028169,71,0.0,0.0,0.3584833323831115,0.0,0.30299434054187696,0.1322955345849977,False,left,More Perfect Union,False,176.0,26.778242677824267
@thewarningwithsteveschmidt,videos,0.026647108178250046,0.0034602076124567475,0.20761245674740483,0.0,0.23658131487889272,289,0.029805800072285147,0.0032808516124902968,0.14072719109384665,0.0,0.4768188658583431,0.13012654172739305,False,left,Steve Schmidt,False,177.0,26.359832635983267
@bulwarkmedia,videos,0.04195405815468956,0.029572836801752465,0.3411829134720701,0.0,0.19094523548740416,1826,0.05442926225618983,0.028039961809706224,0.2964712590774443,0.0,0.2679307139476842,0.12937423941820492,False,left,The Bulwark,False,178.0,25.94142259414226
@bbrettcooper,videos,0.04756312064004371,0.06293706293706294,0.1958041958041958,0.013986013986013986,0.19775524475524475,143,0.06345225757582325,0.05967479051809274,0.12695867790460033,0.09329031600446609,0.29910188968016815,0.1284955863366301,False,right,Brett Cooper,False,179.0,25.523012552301257
@zeteo,videos,0.06566957774125107,0.014563106796116505,0.3300970873786408,0.0,0.18711650485436893,206,0.09257913539291386,0.01380824440790819,0.2835451098743431,0.0,0.2504056224682522,0.12806762242868347,False,left,Zeteo,False,180.0,25.10460251046025
@Firstpost,videos,0.044315075833741724,0.0045427612087695045,0.3748765554019356,0.00019751135690302193,0.18298469286984,10126,0.058227303644262256,0.004307292251278492,0.3357582764914602,0.0013174516283466968,0.23149324916627376,0.12622071463632428,False,neutral,Network18,False,181.0,24.686192468619247
@BBCNews,videos,0.04935080998405746,0.000819672131147541,0.25901639344262295,0.0,0.21123237704918035,2440,0.06632801669352116,0.0007771853409915539,0.20066453358409084,0.0,0.36079021381917653,0.125711989887556,False,neutral,BBC,False,182.0,24.267782426778243
@franifio,videos,0.04400310091799454,0.024822695035460994,0.20212765957446807,0.0,0.22042553191489364,282,0.057725446477938994,0.023536038340666206,0.13433187999942584,0.0,0.40286966402027086,0.12369260576766039,False,left,Bitchuation Room,False,183.0,23.84937238493724
@PrisonPlanetLive,videos,0.0,0.0,0.17391304347826086,0.0,0.2408695652173913,46,0.0,0.0,0.10143344425867751,0.0,0.49644729801297494,0.11957614845433048,True,right,Paul Joseph Watson,False,,
@RufoandLomez,videos,0.040050505050505045,0.0,0.2375,0.0,0.212625,80,0.05136711937677314,0.0,0.17557627136456894,0.0,0.36716460965650477,0.11882160007956936,False,right,Rufo & Lomez,False,184.0,23.430962343096233
@Politicon,videos,0.03696735217133699,0.016129032258064516,0.28830645161290325,0.0020161290322580645,0.19283870967741934,496,0.04640741816626128,0.015293001871124123,0.23481694215389165,0.013448099988547027,0.2765976355920656,0.11731261955437793,False,left,Politicon,False,185.0,23.01255230125523
@Unpacked,videos,0.024003097173828883,0.0,0.2926829268292683,0.0,0.2023658536585366,41,0.02555252263416706,0.0,0.23991994225091998,0.0,0.32020584045406153,0.11713566106782972,True,right,Unpacked,False,,
@BadFaithPodcast,videos,0.13607804887761313,0.04938271604938271,0.20987654320987653,0.0,0.17200000000000001,81,0.20584143318060316,0.04682301807455287,0.14336713142630206,0.0,0.18121346563791435,0.1154490096638745,False,left,Bad Faith,False,186.0,22.594142259414227
@morebridgetphetasy,videos,0.008817194132728114,0.0,0.18932038834951456,0.0,0.2306893203883495,206,0.0011237821054176373,0.0,0.1193985139748175,0.0,0.44984968146282933,0.1140743955086129,False,right,Bridget Phetasy,False,187.0,22.17573221757322
@PragerU,videos,0.01637517817044173,0.04935064935064935,0.2727272727272727,0.005194805194805195,0.18827792207792207,385,0.013281902072207084,0.04679261351736161,0.2166515127993013,0.034650688801658835,0.2557217298258547,0.11341968940327671,False,right,PragerU,False,188.0,21.75732217573222
@Vox,videos,0.01570845612198996,0.0,0.3157894736842105,0.0,0.19433834586466167,133,0.012209382388501529,0.0,0.26686233424753103,0.0,0.28346185872140445,0.11250671507148739,False,left,Vox,False,189.0,21.338912133891213
@CNN,videos,0.04175349803551283,0.0011383039271485487,0.26693227091633465,0.0,0.1970398406374502,1757,0.05410663204457035,0.001079301213443023,0.2098945009709428,0.0,0.2958272997936572,0.11218154680452268,False,left,CNN,False,190.0,20.920502092050206
@Reuters,videos,0.05024960964209063,0.0003714710252600297,0.18090638930163447,0.0,0.21127575532441803,8076,0.06777386707028148,0.00035221623923094194,0.10958773341854365,0.0,0.3609887674168627,0.10774051682898375,False,neutral,Reuters,False,191.0,20.502092050209207
@turningpointusa,videos,0.025249075453993484,0.00546448087431694,0.09836065573770492,0.02185792349726776,0.2076229508196721,183,0.0275568604748749,0.005181235606610359,0.013338842344993988,0.1457979802037011,0.34426893537910846,0.10722877080185778,False,right,Turning Point USA,False,192.0,20.0836820083682
https://rumble.com/c/russellbrand,videos,0.04858165215308072,0.05791505791505792,0.2471042471042471,0.003861003861003861,0.17618146718146718,259,0.06509071410916167,0.05491309552179705,0.18677488931208783,0.025753890325557242,0.20035312363348384,0.10657714258041753,False,right,Russell Brand,False,193.0,19.665271966527197
@USATODAY,videos,0.03361063618795542,0.004502476361999099,0.2354795137325529,0.0,0.2000018009905448,2221,0.0410076507922171,0.004269095524582151,0.1732203705290581,0.0,0.30938495926924237,0.10557641522301994,False,neutral,USA Today,False,194.0,19.246861924686193
@revleftradio,videos,0.010630086287981025,0.0,0.21052631578947367,0.0,0.21513157894736845,38,0.004040083621858013,0.0,0.1441247707074139,0.0,0.3786378705263159,0.10536054497111755,True,left,Rev Left Radio,False,,
@MrTariqNasheed,videos,0.05238633023992825,0.0024813895781637717,0.3002481389578164,0.0,0.17575682382133995,403,0.07121109388028657,0.0023527695186344806,0.2487410314419803,0.0,0.19840942102140857,0.10414286317246199,False,right,Tariq Nasheed,False,195.0,18.828451882845187
@ThePodcastoftheLotusEaters,videos,0.01706795794416373,0.02572347266881029,0.15112540192926044,0.0,0.22039549839228298,622,0.014396339408598358,0.024390125170667413,0.0748628980344539,0.0,0.4027321928107112,0.10327631108488618,False,right,Lotus Eaters,False,196.0,18.410041841004183
@PBDPodcast,videos,0.06117531204605508,0.0,0.34210526315789475,0.0,0.15931578947368422,38,0.08534945334910934,0.0,0.29754672513256036,0.0,0.12315454974028801,0.10121014564439154,True,right,Valuetainment,False,,
@katmabu,videos,0.05124450712686007,0.14705882352941177,0.14705882352941177,0.0,0.18141176470588236,34,0.06937430482115864,0.1394361935308376,0.0701212397494021,0.0,0.22429354968204024,0.10064505755668773,True,left,Kat Abughazaleh,False,,
@ClipsCandaceOwens,videos,0.07568411044973546,0.020833333333333332,0.19791666666666666,0.0,0.1834375,192,0.10868897228507053,0.01975346075020199,0.12942183340833738,0.0,0.23356586464622517,0.09828602621796703,False,neutral,Candace Owens,True,197.0,17.99163179916318
@NewsmaxTV,videos,0.037037271515555734,0.002535496957403651,0.23580121703853954,0.0002535496957403651,0.18765136916835698,3944,0.04651989363204275,0.002404072302255821,0.1735954787886743,0.0016912417835495248,0.2528538349256257,0.09541290428642961,False,right,Newsmax,False,198.0,17.573221757322173
@NYTPodcasts,videos,0.007782798167413551,0.006237006237006237,0.24116424116424118,0.0,0.19573388773388772,481,0.0,0.005913717979270452,0.1798488016754314,0.0,0.2898496152040734,0.09512242697175505,False,left,New York Times,False,199.0,17.154811715481173
@LeejaMiller,videos,0.06693241943241943,0.0,0.15,0.0,0.19555,60,0.09461060049044176,0.0,0.07355067167184655,0.0,0.28900791343207566,0.09143383711887279,False,left,Leeja Miller,False,200.0,16.736401673640167
@TheAtlantic,videos,0.022800726716389365,0.0,0.21686746987951808,0.0,0.19217469879518073,166,0.023618334338302988,0.0,0.15151859983633664,0.0,0.2735582858519287,0.08973904400531367,False,left,The Atlantic,False,201.0,16.317991631799163
@ABCNews,videos,0.037279127876108105,0.0008781834148789362,0.16497302722368587,0.0,0.19877418140760256,7971,0.04690895487266643,0.0008326637576298921,0.0910093240342695,0.0,0.3037658265709597,0.0885033538471051,False,neutral,ABC News,False,202.0,15.899581589958158
@CBSNews,videos,0.022319734272902344,0.0004806536890170632,0.2167748137466955,0.0,0.18981014179283826,8322,0.02284458782046786,0.0004557395414610409,0.15141056215043455,0.0,0.2627350961981994,0.08748919714211258,False,neutral,CBS News,False,203.0,15.481171548117153
@PhillipScottPodcast,videos,0.017927170868347338,0.0,0.14285714285714285,0.0,0.20714285714285713,7,0.015778508748612,0.0,0.06522205128876717,0.0,0.3420714223098202,0.08461439646943987,True,right,Phillip Scott,False,,
@wsj,videos,0.037761549841381775,0.0,0.2689075630252101,0.0,0.16757983193277312,119,0.0476850009848498,0.0,0.21219770510781502,0.0,0.16098121188147663,0.0841727835948283,False,neutral,Wall Street Journal,False,204.0,15.062761506276152
@ZeihanonGeopolitics,videos,0.01481969131738717,0.004608294930875576,0.18433179723502305,0.0,0.1953410138248848,217,0.010779674537479161,0.0043694291060354645,0.11358178254535711,0.0,0.2880513295958482,0.08335644315694399,False,neutral,Peter Zeihan,False,205.0,14.644351464435147
@AssociatedPress,videos,0.02907774945378932,0.0007178750897343862,0.16511127063890882,0.0,0.1941505743000718,5572,0.03371584117276575,0.0006806648356135648,0.09117051680388884,0.0,0.28260237965064383,0.0816338804925824,False,neutral,Associated Press,False,206.0,14.225941422594143
@RonPlacone,videos,0.06685507872005197,0.07575757575757576,0.15151515151515152,0.0,0.1678030303030303,66,0.094486186671282,0.07183076636437088,0.07531734872280278,0.0,0.16200284861482814,0.08072743007465677,False,left,Ron Placone,False,207.0,13.807531380753138
@TheEconomist,videos,0.027534995418207097,0.0,0.21897810218978103,0.0,0.17968613138686132,137,0.031234096232546027,0.0,0.15397961157559853,0.0,0.2163948791631834,0.0803217173942656,False,left,The Economist,False,208.0,13.389121338912133
@samharrisorg,videos,0.03240791775274534,0.0,0.1724137931034483,0.0,0.18967241379310343,116,0.03907290272334224,0.0,0.09968530804633703,0.0,0.26210467948154503,0.08017257805024486,False,left,Sam Harris,False,209.0,12.97071129707113
@EzraKleinShow,videos,0.002197802197802198,0.0,0.2,0.0,0.1882923076923077,65,0.0,0.0,0.1318510143534022,0.0,0.2557875765077604,0.07752771817223252,False,left,New York Times,False,210.0,12.552301255230125
@NewsNation,videos,0.03765126944805219,0.016549104720564298,0.18190450352685839,0.00027129679869777537,0.17860431361909931,7372,0.047507598883258235,0.01569130034633517,0.11075154144586144,0.0018096195318283576,0.2114431191253992,0.07744063586653648,False,neutral,NewsNation,False,211.0,12.133891213389122
@nousnetwork,videos,0.01837404938366477,0.00641025641025641,0.21794871794871795,0.0,0.17511538461538462,156,0.016497378036069994,0.006077987923139075,0.1527793424954991,0.0,0.19547338768809733,0.0741656192285611,False,left,nous,False,212.0,11.715481171548117
@ColemanHughesOfficial,videos,0.008156966490299823,0.0,0.2037037037037037,0.0,0.1829814814814815,54,6.170962127647935e-05,0.0,0.13616955825573965,0.0,0.23147854981023305,0.07354196353744984,False,right,Coleman Hughes,False,213.0,11.297071129707113
@NYTOpinion,videos,0.032341269841269844,0.0,0.13793103448275862,0.0,0.19072413793103446,29,0.038965689834401,0.0,0.059478175162505524,0.0,0.2669186931834587,0.07307251163607305,True,left,New York Times,False,,
@triggerpod,videos,0.019975370472059214,0.013245033112582781,0.23841059602649006,0.0,0.1666225165562914,151,0.019073336625146233,0.012558491602777427,0.17663803257234562,0.0,0.15659933152594768,0.07297383846524338,False,right,Triggernometry,False,214.0,10.87866108786611
@chriscuomo,videos,0.02623002861266436,0.004807692307692308,0.23076923076923078,0.0,0.16664903846153845,208,0.029134866742870334,0.004558490942354307,0.1677281483112826,0.0,0.15672072915357205,0.07162844703001585,False,left,Chris Cuomo,False,215.0,10.460251046025103
@NBCNews,videos,0.07032641639836507,0.0024619172180335436,0.14633020464686874,0.0,0.17307078012001847,6499,0.10007033976390145,0.0023343064865602604,0.06927166513867189,0.0,0.18611470350400164,0.07155820297862706,False,neutral,NBC News,False,216.0,10.0418410041841
@johnnyharris,videos,0.019230769230769232,0.0,0.23076923076923078,0.0,0.16984615384615387,13,0.01787553689788423,0.0,0.1677281483112826,0.0,0.17135475409704712,0.0713916878612428,True,left,Johnny Harris,False,,
@theGuardian,videos,0.011547996163380777,0.0,0.3076923076923077,0.0,0.15246153846153845,39,0.005516675571261891,0.0,0.2574209832059836,0.0,0.0917808680886182,0.07094370537317274,True,left,The Guardian,False,,
@ModernDayDebate,videos,0.15428894776720864,0.08695652173913043,0.0,0.0,0.1383695652173913,46,0.2351363208514369,0.08244922747910396,0.0,0.0,0.027278257719915894,0.06897276121009135,True,left,Modern-Day Debate,False,,
@RSBN,videos,0.12965080302687906,0.0006097560975609756,0.13170731707317074,0.0,0.14941707317073172,1640,0.19550227055213673,0.0005781500707376194,0.05222127800786278,0.0,0.07784556215014674,0.06522945215617677,False,right,RSBN,False,217.0,9.623430962343097
@markets,videos,0.051611657642009964,0.0005016302984700275,0.15512916980185604,0.00025081514923501377,0.16599974918485078,7974,0.06996491998874654,0.0004756288517731104,0.07953131881424842,0.0016730016539551857,0.1537487640139025,0.06107872666452515,False,neutral,Bloomberg,False,218.0,9.205020920502092
@cafedotcom,videos,0.029166409721965277,0.0,0.2777777777777778,0.0,0.14220370370370372,54,0.033858464148865224,0.0,0.2225404363024888,0.0,0.04482810234405132,0.060245400559081064,False,left,CAFE,False,219.0,8.786610878661087
@TimDillonShow,videos,0.0308542356336474,0.014705882352941176,0.08823529411764706,0.0,0.1836470588235294,68,0.036573578366478045,0.01394361935308376,0.0015326013005131033,0.0,0.23452506964252015,0.057314973732519016,False,neutral,Tim Dillon,False,220.0,8.368200836820083
@ajplus,videos,0.012032467532467532,0.0,0.14,0.0,0.17946,50,0.0062960184484682526,0.0,0.06189060313553543,0.0,0.21535981725338965,0.05670928776747867,False,left,Al Jazeera,False,221.0,7.949790794979079
@mikhaila,videos,0.024841002618780396,0.037037037037037035,0.14814814814814814,0.0,0.165037037037037,27,0.02690041578526564,0.03511726355591465,0.07139139972067782,0.0,0.14934218123860246,0.05655025206009212,True,right,Mikhaila Peterson,False,,
@NPR,videos,0.01562621901907616,0.0,0.15714285714285714,0.0,0.16921428571428573,70,0.01207709201080848,0.0,0.08187929205492592,0.0,0.16846253004806816,0.05248378282276052,False,left,NPR,False,222.0,7.531380753138076
@BlaireWhiteX,videos,0.012987012987012986,0.0,0.18181818181818182,0.0,0.16263636363636363,11,0.007831544071730617,0.0,0.11065088974192742,0.0,0.1383536774781049,0.051367222258352586,True,right,Blaire White,False,,
@FinancialTimes,videos,0.09228805916305917,0.0,0.125,0.0,0.146,40,0.13539884615774386,0.0,0.044400500331068724,0.0,0.06220473346601634,0.04840081599096578,True,neutral,Financial Times,False,,
@RealAlexClark,videos,0.030821554965263082,0.0379746835443038,0.13924050632911392,0.012658227848101266,0.1341392405063291,79,0.03652100674356528,0.03600630820289984,0.06100502830999279,0.08443364043442185,0.00791496616072507,0.04517618997032097,False,right,Turning Point USA,False,223.0,7.112970711297072
@TechCrunch,videos,0.04646298146298146,0.0,0.0896551724137931,0.0,0.1675655172413793,145,0.061682523209073484,0.0,0.0031881891251414503,0.0,0.16091568983246854,0.045157280433336694,False,neutral,TechCrunch,False,224.0,6.694560669456067
@wethefifth,videos,0.030808725005153578,0.0,0.16071428571428573,0.0,0.14769642857142856,112,0.03650036788095296,0.0,0.08604360224646564,0.0,0.06996972629316628,0.038502739284116974,False,neutral,The Fifth Column,False,225.0,6.2761506276150625
@DarkHorsePod,videos,0.026138583638583637,0.0,0.14285714285714285,0.0,0.15374285714285715,70,0.02898776416105942,0.0,0.06522205128876717,0.0,0.09764579546446076,0.038371122182857466,False,right,DarkHorse,False,226.0,5.857740585774058
@Forbes,videos,0.026650054765194973,0.0,0.11942675159235669,0.00875796178343949,0.146,1256,0.029810540087266683,0.0,0.03790205449076794,0.05841786109674569,0.06220473346601634,0.03766703782815933,False,neutral,Forbes,False,227.0,5.439330543933055
@LeverNews,videos,0.01319950977485224,0.0,0.1643835616438356,0.0,0.15152054794520547,73,0.008173376156346742,0.0,0.09032200312818446,0.0,0.08747371084498098,0.037193818025902436,False,left,The Lever,False,228.0,5.02092050209205
@Channel5YouTube,videos,0.04435467633142052,0.0,0.16279069767441862,0.0,0.12132558139534885,43,0.05829100682213625,0.0,0.08846471282294219,0.0,0.0,0.029351143929015687,True,left,Channel 5,False,,
@BelleRanch,videos,0.0233910716011403,0.0,0.13990267639902676,0.0,0.14526155717761557,822,0.02456799021145215,0.0,0.06177712314978056,0.0,0.05882468946319298,0.029033960564885143,False,left,Belle of the Ranch,False,229.0,4.602510460251046
@POLITICO,videos,0.02530582411938344,0.006779661016949152,0.10847457627118644,0.0,0.14906440677966104,295,0.02764814898227627,0.006428244854303021,0.025131743004113884,0.0,0.0762313167624175,0.02708789072062213,False,neutral,Politico,False,230.0,4.184100418410042
@axios,videos,0.035247133239833965,0.0,0.16058394160583941,0.0,0.1335109489051095,137,0.0436401950504153,0.0,0.0858916201226868,0.0,0.005039112818594422,0.026914185598339302,False,neutral,Axios,False,231.0,3.765690376569038
@ClubRandomPodcast,videos,0.010987489667692713,0.005076142131979695,0.15228426395939088,0.005076142131979695,0.1289238578680203,197,0.004615019100073872,0.004813025969592363,0.07621413910399885,0.03385917560568186,0.0,0.02390027195586939,False,neutral,Bill Maher,False,232.0,3.3472803347280333
@nytimes,videos,0.008848037721277157,0.014084507042253521,0.1267605633802817,0.0,0.14383098591549295,71,0.0011733985174018852,0.013354452338164728,0.04645332929872913,0.0,0.05227659437908664,0.022651554906676478,False,left,New York Times,False,233.0,2.928870292887029
@newdiscourses,videos,0.004591836734693878,0.0,0.10204081632653061,0.0,0.14861224489795918,98,0.0,0.0,0.017629934814027866,0.0,0.07416165475173297,0.018358317913152167,False,right,New Discourses,False,234.0,2.510460251046025
@60minutes,videos,0.010914687876226337,0.0,0.14461538461538462,0.0,0.13644615384615386,325,0.0044979067973713715,0.0,0.06727217322921748,0.0,0.018474305845455133,0.018048877174408798,False,neutral,CBS News,False,235.0,2.092050209205021
@CoreyGilShusterAskProject,videos,0.010871518418688228,0.0,0.1509433962264151,0.0,0.1341132075471698,53,0.0044284624268844065,0.0,0.07465067813753627,0.0,0.007795806565946875,0.01737498942607351,False,neutral,Ask Project,False,236.0,1.6736401673640167
@Semafor,videos,0.060987378634437456,0.0,0.0784313725490196,0.0,0.1027516339869281,153,0.08504713503872215,0.0,0.0,0.0,0.0,0.01700942700774443,False,neutral,Semafor,False,237.0,1.2552301255230125
@joerogan,videos,0.043645676624400026,0.0,0.0,0.0,0.030921985815602838,141,0.05715047735669147,0.0,0.0,0.0,0.0,0.011430095471338294,False,neutral,Joe Rogan,False,238.0,0.8368200836820083
@MattBernstein1,videos,0.00909090909090909,0.0,0.047619047619047616,0.0,0.1428095238095238,21,0.001564092548210765,0.0,0.0,0.0,0.047601097833201045,0.009833038076282361,True,left,Matt Bernstein,False,,
@LastWeekTonight,videos,0.029514533085961654,0.0,0.0,0.0,0.10542857142857143,35,0.03441847136793189,0.0,0.0,0.0,0.0,0.0068836942735863785,True,left,HBO,False,,
@doomscrollpodcast,videos,0.018207282913165267,0.0,0.0,0.0,0.089,17,0.016229109838538265,0.0,0.0,0.0,0.0,0.003245821967707653,True,left,Doomscroll,False,,
@newyorker,videos,0.0015082956259426848,0.0,0.0196078431372549,0.0,0.11098039215686274,51,0.0,0.0,0.0,0.0,0.0,0.0,False,neutral,The New Yorker,False,239.0,0.41841004184100417
