day,titles,active_channels,epstein_titles,epstein_channels,epstein_share,epstein_residual_pooled,epstein_residual_channels,iran_titles,iran_channels,iran_share,iran_residual_pooled,iran_residual_channels,war_titles,war_channels,war_share,war_residual_pooled,war_residual_channels,trump_titles,trump_channels,trump_share,trump_residual_pooled,trump_residual_channels,israel_titles,israel_channels,israel_share,israel_residual_pooled,israel_residual_channels,files_titles,files_channels,files_share,files_residual_pooled,files_residual_channels,epstein_broad_titles,epstein_broad_channels,epstein_broad_share,epstein_broad_residual_pooled,epstein_broad_residual_channels,iran_broad_titles,iran_broad_channels,iran_broad_share,iran_broad_residual_pooled,iran_broad_residual_channels,war_broad_titles,war_broad_channels,war_broad_share,war_broad_residual_pooled,war_broad_residual_channels,israel_broad_titles,israel_broad_channels,israel_broad_share,israel_broad_residual_pooled,israel_broad_residual_channels,political_titles,political_channels,political_share,political_residual_pooled,political_residual_channels
2026-01-01,721.000000,125.000000,12.000000,11.000000,0.016644,1.001178,0.798921,12.000000,6.000000,0.016644,-1.082562,-1.098004,11.000000,7.000000,0.015257,-1.179020,-1.182343,129.000000,48.000000,0.178918,-0.446919,-0.283418,8.000000,5.000000,0.011096,-0.352991,-0.571905,7.000000,6.000000,0.009709,1.912307,1.551838,12.000000,11.000000,0.016644,1.064277,0.846915,14.000000,8.000000,0.019417,-1.009330,-0.902687,33.000000,18.000000,0.045770,-1.000853,-0.728721,15.000000,9.000000,0.020804,-0.045768,-0.210406,641.000000,121.000000,0.889043,-0.072402,-0.005234
2026-01-02,818.000000,141.000000,20.000000,16.000000,0.024450,1.360473,1.074264,45.000000,23.000000,0.055012,0.165578,0.181756,17.000000,12.000000,0.020782,-0.679046,-0.608170,179.000000,59.000000,0.218826,-0.235202,-0.142290,7.000000,6.000000,0.008557,-0.276638,-0.248282,6.000000,5.000000,0.007335,1.347244,1.088503,20.000000,16.000000,0.024450,1.407905,1.105432,51.000000,24.000000,0.062347,0.185786,0.129033,41.000000,21.000000,0.050122,-0.703142,-0.527945,13.000000,9.000000,0.015892,-0.093075,-0.194577,703.000000,136.000000,0.859413,-0.099488,-0.006110
2026-01-03,810.000000,143.000000,5.000000,5.000000,0.006173,0.055439,0.143149,24.000000,18.000000,0.029630,-0.361226,0.019115,25.000000,21.000000,0.030864,-0.188527,0.124468,301.000000,83.000000,0.371605,0.294759,0.213067,10.000000,10.000000,0.012346,0.020692,0.376033,0.000000,0.000000,0.000000,-1.061624,-1.003056,5.000000,5.000000,0.006173,0.098521,0.179193,26.000000,18.000000,0.032099,-0.389578,-0.064360,139.000000,51.000000,0.171605,0.561008,0.443231,13.000000,12.000000,0.016049,-0.141977,0.218591,763.000000,138.000000,0.941975,-0.004237,-0.007882
2026-01-04,579.000000,105.000000,4.000000,3.000000,0.006908,0.259689,0.022592,8.000000,7.000000,0.013817,-1.087009,-0.603358,29.000000,19.000000,0.050086,0.286763,0.275080,195.000000,59.000000,0.336788,0.179266,0.136791,4.000000,4.000000,0.006908,-0.683810,-0.329436,2.000000,2.000000,0.003454,0.920758,0.969186,4.000000,3.000000,0.006908,0.292459,0.056784,8.000000,7.000000,0.013817,-1.236181,-0.700716,71.000000,29.000000,0.122625,0.267471,0.182445,11.000000,9.000000,0.018998,-0.252628,0.062807,559.000000,101.000000,0.965458,0.021747,-0.010981
2026-01-05,1056.000000,167.000000,3.000000,3.000000,0.002841,-0.249518,-0.244229,23.000000,12.000000,0.021780,-0.701578,-0.624739,35.000000,22.000000,0.033144,-0.026051,-0.023425,344.000000,92.000000,0.325758,0.119786,0.091499,7.000000,6.000000,0.006629,-0.391776,-0.290498,0.000000,0.000000,0.000000,-1.401523,-1.392966,3.000000,3.000000,0.002841,-0.243563,-0.248894,27.000000,14.000000,0.025568,-0.681392,-0.578661,76.000000,34.000000,0.071970,-0.119357,-0.102226,10.000000,8.000000,0.009470,-0.616242,-0.413955,1023.000000,163.000000,0.968750,0.027704,-0.001916
2026-01-06,1239.000000,178.000000,9.000000,8.000000,0.007264,0.152538,0.180751,18.000000,11.000000,0.014528,-0.906251,-0.674951,32.000000,20.000000,0.025827,-0.143380,-0.101804,358.000000,93.000000,0.288943,0.011447,0.052633,8.000000,6.000000,0.006457,-0.299825,-0.369212,3.000000,3.000000,0.002421,0.278482,0.325483,9.000000,8.000000,0.007264,0.153280,0.174117,21.000000,14.000000,0.016949,-0.898601,-0.563104,63.000000,31.000000,0.050847,-0.266598,-0.166385,14.000000,8.000000,0.011299,-0.362109,-0.526822,1194.000000,174.000000,0.963680,0.020479,0.003764
2026-01-07,1351.000000,181.000000,8.000000,8.000000,0.005922,-0.161884,0.046629,26.000000,16.000000,0.019245,-0.614330,-0.330150,26.000000,19.000000,0.019245,-0.350296,-0.175770,342.000000,86.000000,0.253146,-0.133107,-0.041092,6.000000,5.000000,0.004441,-0.461904,-0.384107,2.000000,2.000000,0.001480,-0.386486,-0.246323,8.000000,8.000000,0.005922,-0.157658,0.053517,30.000000,18.000000,0.022206,-0.594462,-0.309862,46.000000,26.000000,0.034049,-0.561272,-0.331784,16.000000,11.000000,0.011843,-0.205125,-0.179816,1290.000000,177.000000,0.954848,0.010093,0.005318
2026-01-08,1303.000000,181.000000,7.000000,6.000000,0.005372,-0.483327,-0.405533,18.000000,14.000000,0.013814,-0.800481,-0.382740,48.000000,30.000000,0.036838,0.338960,0.365774,271.000000,76.000000,0.207982,-0.270366,-0.144985,6.000000,5.000000,0.004605,-0.385644,-0.391889,4.000000,4.000000,0.003070,0.057927,0.131750,7.000000,6.000000,0.005372,-0.502308,-0.425407,19.000000,15.000000,0.014582,-0.859125,-0.414538,64.000000,32.000000,0.049117,-0.119309,-0.045227,9.000000,7.000000,0.006907,-0.696462,-0.595157,1240.000000,177.000000,0.951650,0.012172,0.002825
2026-01-09,1266.000000,179.000000,11.000000,11.000000,0.008689,-0.041358,0.202953,67.000000,32.000000,0.052923,0.561310,0.522916,42.000000,29.000000,0.033175,0.389458,0.488098,310.000000,80.000000,0.244866,-0.094230,-0.028830,3.000000,3.000000,0.002370,-0.718329,-0.602248,7.000000,7.000000,0.005529,0.323418,0.497494,11.000000,11.000000,0.008689,-0.070276,0.170990,83.000000,35.000000,0.065561,0.637008,0.493892,89.000000,41.000000,0.070300,0.387272,0.345761,13.000000,11.000000,0.010269,-0.141363,-0.043453,1207.000000,177.000000,0.953397,0.019761,0.016259
2026-01-10,759.000000,144.000000,2.000000,1.000000,0.002635,-1.059838,-1.442662,37.000000,20.000000,0.048748,0.524611,0.343030,17.000000,11.000000,0.022398,0.066410,-0.070714,214.000000,67.000000,0.281950,0.050279,0.039650,5.000000,5.000000,0.006588,0.127731,0.180414,2.000000,1.000000,0.002635,-0.096193,-0.554951,2.000000,1.000000,0.002635,-1.087536,-1.465142,41.000000,21.000000,0.054018,0.488441,0.286804,33.000000,20.000000,0.043478,-0.100238,-0.065311,9.000000,8.000000,0.011858,-0.081173,0.001685,719.000000,142.000000,0.947299,0.015761,0.010645
2026-01-11,599.000000,117.000000,5.000000,5.000000,0.008347,0.030926,0.081827,59.000000,24.000000,0.098497,1.178946,0.676203,26.000000,15.000000,0.043406,0.662369,0.339405,164.000000,49.000000,0.273790,0.005387,-0.110288,15.000000,11.000000,0.025042,1.141664,0.916505,2.000000,2.000000,0.003339,0.199414,0.238643,5.000000,5.000000,0.008347,-0.001671,0.061974,71.000000,25.000000,0.118531,1.185376,0.600933,49.000000,22.000000,0.081803,0.509830,0.191092,23.000000,15.000000,0.038397,0.735798,0.599907,571.000000,114.000000,0.953255,0.022568,-0.000613
2026-01-12,1110.000000,171.000000,5.000000,4.000000,0.004505,-0.246075,-0.307301,168.000000,42.000000,0.151351,1.532350,0.754120,29.000000,15.000000,0.026126,0.207369,-0.053796,280.000000,73.000000,0.252252,-0.101351,-0.119799,11.000000,8.000000,0.009910,0.544304,0.327401,2.000000,2.000000,0.001802,-0.507974,-0.410224,5.000000,4.000000,0.004505,-0.300234,-0.361664,196.000000,50.000000,0.176577,1.523457,0.808713,74.000000,32.000000,0.066667,0.393504,0.169415,20.000000,14.000000,0.018018,0.272282,0.231158,1066.000000,168.000000,0.960360,0.031653,0.001892
2026-01-13,1289.000000,176.000000,20.000000,15.000000,0.015516,0.480815,0.497098,167.000000,49.000000,0.129558,1.532269,0.950826,46.000000,25.000000,0.035687,0.596672,0.459202,395.000000,91.000000,0.306439,0.105781,0.082423,9.000000,9.000000,0.006982,0.268131,0.354192,4.000000,4.000000,0.003103,-0.154554,0.004843,21.000000,16.000000,0.016292,0.474166,0.507504,215.000000,58.000000,0.166796,1.618412,0.984695,91.000000,38.000000,0.070597,0.595071,0.369429,17.000000,13.000000,0.013189,0.018542,0.062005,1245.000000,173.000000,0.965865,0.034519,0.006586
2026-01-14,1267.000000,189.000000,32.000000,24.000000,0.025257,0.840078,0.762292,164.000000,57.000000,0.129440,1.512582,1.007197,37.000000,24.000000,0.029203,0.436745,0.307660,365.000000,96.000000,0.288082,0.033004,0.063523,12.000000,11.000000,0.009471,0.692179,0.603927,10.000000,10.000000,0.007893,0.489032,0.582371,33.000000,25.000000,0.026046,0.824528,0.767792,190.000000,58.000000,0.149961,1.517747,0.919310,68.000000,38.000000,0.053670,0.374406,0.292528,25.000000,19.000000,0.019732,0.490500,0.401250,1184.000000,186.000000,0.934491,-0.000547,0.009208
2026-01-15,1304.000000,181.000000,9.000000,9.000000,0.006902,-0.652514,-0.329689,144.000000,54.000000,0.110429,1.454575,1.051000,42.000000,24.000000,0.032209,0.537511,0.412572,369.000000,90.000000,0.282975,0.075254,0.059401,15.000000,12.000000,0.011503,0.860342,0.684580,4.000000,4.000000,0.003067,-0.545576,-0.411965,9.000000,9.000000,0.006902,-0.716798,-0.386998,160.000000,55.000000,0.122699,1.429696,0.961831,76.000000,35.000000,0.058282,0.484486,0.307682,26.000000,18.000000,0.019939,0.490025,0.385419,1237.000000,177.000000,0.948620,0.019094,0.000384
2026-01-16,1200.000000,185.000000,13.000000,11.000000,0.010833,-0.233203,-0.136658,106.000000,32.000000,0.088333,1.235595,0.578285,21.000000,16.000000,0.017500,0.049905,0.108784,380.000000,89.000000,0.316667,0.201890,0.078817,14.000000,11.000000,0.011667,1.077923,0.773335,5.000000,5.000000,0.004167,-0.515137,-0.369664,13.000000,11.000000,0.010833,-0.302805,-0.202228,122.000000,34.000000,0.101667,1.222113,0.513890,51.000000,26.000000,0.042500,0.273362,0.100733,24.000000,15.000000,0.020000,0.635960,0.282292,1150.000000,180.000000,0.958333,0.034220,-0.002102
2026-01-17,728.000000,139.000000,8.000000,7.000000,0.010989,-0.200402,-0.107584,46.000000,27.000000,0.063187,0.911741,0.739236,17.000000,12.000000,0.023352,0.354827,0.251909,202.000000,60.000000,0.277473,0.074693,-0.002123,5.000000,5.000000,0.006868,0.436351,0.398855,2.000000,2.000000,0.002747,-0.615741,-0.513902,8.000000,7.000000,0.010989,-0.264323,-0.159974,55.000000,29.000000,0.075549,0.936818,0.700773,28.000000,20.000000,0.038462,0.117858,0.178677,13.000000,11.000000,0.017857,0.407357,0.382077,699.000000,134.000000,0.960165,0.037763,-0.014265
2026-01-18,591.000000,108.000000,6.000000,4.000000,0.010152,-0.194303,-0.351044,27.000000,18.000000,0.045685,0.517702,0.521909,21.000000,16.000000,0.035533,0.673191,0.656047,195.000000,52.000000,0.329949,0.232714,0.058711,7.000000,7.000000,0.011844,0.643683,0.717571,2.000000,2.000000,0.003384,-0.327786,-0.167702,6.000000,4.000000,0.010152,-0.258820,-0.397241,35.000000,21.000000,0.059222,0.583442,0.554009,29.000000,18.000000,0.049069,0.298138,0.257058,13.000000,8.000000,0.021997,0.259247,0.105110,556.000000,107.000000,0.940778,0.017194,0.013521
2026-01-19,1004.000000,161.000000,6.000000,5.000000,0.005976,-0.383599,-0.359812,38.000000,23.000000,0.037849,0.221365,0.249427,29.000000,21.000000,0.028884,0.475197,0.479726,324.000000,81.000000,0.322709,0.186699,0.072475,8.000000,8.000000,0.007968,0.506337,0.503558,3.000000,2.000000,0.002988,-0.591418,-0.816979,6.000000,5.000000,0.005976,-0.465533,-0.437081,43.000000,25.000000,0.042829,0.170468,0.212149,48.000000,26.000000,0.047809,0.312912,0.181963,22.000000,16.000000,0.021912,0.500036,0.431171,927.000000,158.000000,0.923307,-0.000645,-0.001407
2026-01-20,1307.000000,185.000000,11.000000,8.000000,0.008416,-0.514537,-0.467351,28.000000,17.000000,0.021423,-0.218607,-0.129266,17.000000,14.000000,0.013007,-0.264468,-0.035898,480.000000,82.000000,0.367253,0.329373,-0.043384,12.000000,9.000000,0.009181,0.644213,0.389202,8.000000,6.000000,0.006121,-0.032311,-0.124811,11.000000,8.000000,0.008416,-0.592605,-0.539064,34.000000,20.000000,0.026014,-0.201909,-0.103561,34.000000,24.000000,0.026014,-0.188361,-0.000145,30.000000,19.000000,0.022953,0.565859,0.375941,1236.000000,181.000000,0.945677,0.019781,0.000152
2026-01-21,1468.000000,192.000000,20.000000,15.000000,0.013624,-0.169286,-0.025740,33.000000,23.000000,0.022480,-0.221675,0.088111,26.000000,18.000000,0.017711,0.036135,0.103726,675.000000,110.000000,0.459809,0.543426,0.208968,6.000000,4.000000,0.004087,-0.039975,-0.295791,9.000000,8.000000,0.006131,-0.237916,-0.073672,22.000000,16.000000,0.014986,-0.142014,-0.014146,36.000000,25.000000,0.024523,-0.284235,0.066994,46.000000,29.000000,0.031335,0.004654,0.118757,20.000000,12.000000,0.013624,0.103215,-0.077745,1389.000000,186.000000,0.946185,0.017626,-0.008274
2026-01-22,1357.000000,179.000000,16.000000,14.000000,0.011791,-0.539076,-0.210225,19.000000,17.000000,0.014001,-0.612517,-0.099775,20.000000,12.000000,0.014738,-0.172543,-0.182090,499.000000,104.000000,0.367723,0.380778,0.238272,8.000000,7.000000,0.005895,0.244036,0.209895,2.000000,2.000000,0.001474,-1.632867,-1.399213,17.000000,15.000000,0.012528,-0.560814,-0.214216,22.000000,18.000000,0.016212,-0.604364,-0.147634,38.000000,21.000000,0.028003,-0.116691,-0.097537,40.000000,17.000000,0.029477,0.826148,0.308447,1302.000000,172.000000,0.959469,0.035509,-0.018860
2026-01-23,1244.000000,183.000000,4.000000,4.000000,0.003215,-1.763451,-1.377925,34.000000,17.000000,0.027331,0.020492,-0.072235,28.000000,18.000000,0.022508,0.321064,0.276826,334.000000,81.000000,0.268489,0.081333,0.018357,1.000000,1.000000,0.000804,-1.245150,-1.255510,4.000000,4.000000,0.003215,-1.191588,-0.951635,4.000000,4.000000,0.003215,-1.845839,-1.453952,39.000000,22.000000,0.031350,-0.001056,0.060397,46.000000,28.000000,0.036977,0.222542,0.247454,30.000000,19.000000,0.024116,0.745678,0.477059,1146.000000,179.000000,0.921222,-0.000847,0.001527
2026-01-24,824.000000,139.000000,4.000000,4.000000,0.004854,-1.352014,-0.931040,18.000000,13.000000,0.021845,-0.211960,-0.030295,14.000000,10.000000,0.016990,0.036155,0.096957,186.000000,61.000000,0.225728,-0.086760,0.035052,5.000000,4.000000,0.006068,0.253500,0.168807,0.000000,0.000000,0.000000,-2.768927,-2.497211,4.000000,4.000000,0.004854,-1.425369,-0.991099,19.000000,14.000000,0.023058,-0.313078,-0.060641,36.000000,22.000000,0.043689,0.292403,0.313750,10.000000,8.000000,0.012136,-0.064949,0.021654,743.000000,138.000000,0.901699,-0.021161,0.013506
2026-01-25,678.000000,123.000000,2.000000,2.000000,0.002950,-1.674523,-1.378672,10.000000,8.000000,0.014749,-0.685762,-0.457783,15.000000,11.000000,0.022124,0.171102,0.163071,131.000000,48.000000,0.193215,-0.256200,-0.130239,7.000000,5.000000,0.010324,0.408645,0.223765,2.000000,2.000000,0.002950,-0.865314,-0.652423,2.000000,2.000000,0.002950,-1.745282,-1.429880,14.000000,11.000000,0.020649,-0.553049,-0.265473,30.000000,16.000000,0.044248,0.210292,0.035422,13.000000,9.000000,0.019174,0.002129,0.017379,584.000000,119.000000,0.861357,-0.067640,-0.011033
2026-01-26,1093.000000,167.000000,3.000000,3.000000,0.002745,-1.470189,-1.156805,16.000000,11.000000,0.014639,-0.838406,-0.588945,25.000000,14.000000,0.022873,0.177366,0.024987,211.000000,76.000000,0.193047,-0.281376,-0.009484,22.000000,15.000000,0.020128,1.260180,0.989170,4.000000,4.000000,0.003660,-0.805879,-0.603420,4.000000,4.000000,0.003660,-1.304016,-0.985244,20.000000,13.000000,0.018298,-0.793422,-0.538076,47.000000,27.000000,0.043001,0.189773,0.184962,35.000000,21.000000,0.032022,0.729678,0.578235,964.000000,166.000000,0.881976,-0.043759,0.010108
2026-01-27,1255.000000,187.000000,3.000000,3.000000,0.002390,-2.040778,-1.671180,24.000000,15.000000,0.019124,-0.479825,-0.362246,21.000000,12.000000,0.016733,-0.113473,-0.239928,335.000000,96.000000,0.266932,0.055555,0.118911,12.000000,10.000000,0.009562,0.515148,0.376980,2.000000,2.000000,0.001594,-1.577086,-1.411109,5.000000,5.000000,0.003984,-1.667192,-1.290994,27.000000,17.000000,0.021514,-0.536460,-0.362731,40.000000,21.000000,0.031873,-0.036756,-0.157626,30.000000,23.000000,0.023904,0.444589,0.459976,1179.000000,185.000000,0.939442,0.015229,0.009982
2026-01-28,1316.000000,191.000000,7.000000,5.000000,0.005319,-1.436755,-1.359111,51.000000,19.000000,0.038754,0.145243,-0.207054,29.000000,20.000000,0.022036,0.130372,0.147203,367.000000,92.000000,0.278875,0.088620,0.051162,6.000000,4.000000,0.004559,-0.133309,-0.413760,3.000000,3.000000,0.002280,-1.469565,-1.258261,10.000000,7.000000,0.007599,-1.163716,-1.097703,60.000000,22.000000,0.045593,0.161400,-0.154963,54.000000,32.000000,0.041033,0.193000,0.187038,15.000000,10.000000,0.011398,-0.248091,-0.348712,1229.000000,186.000000,0.933891,0.006065,-0.004271
2026-01-29,1268.000000,183.000000,5.000000,5.000000,0.003943,-1.934449,-1.500180,59.000000,31.000000,0.046530,0.377841,0.340132,31.000000,18.000000,0.024448,0.177106,0.105134,326.000000,87.000000,0.257098,0.067856,0.052147,6.000000,6.000000,0.004732,-0.189979,-0.098639,7.000000,7.000000,0.005521,-0.789730,-0.607607,6.000000,6.000000,0.004732,-1.843030,-1.399491,62.000000,32.000000,0.048896,0.296637,0.280773,49.000000,28.000000,0.038644,0.093986,0.111865,14.000000,13.000000,0.011041,-0.332075,-0.084161,1204.000000,181.000000,0.949527,0.026120,0.008909
2026-01-30,1219.000000,180.000000,64.000000,33.000000,0.052502,0.562081,0.351850,56.000000,24.000000,0.045939,0.321574,0.143373,34.000000,20.000000,0.027892,0.360591,0.295605,321.000000,86.000000,0.263331,0.106120,0.106371,5.000000,5.000000,0.004102,-0.188141,-0.102272,46.000000,29.000000,0.037736,0.859763,0.677385,66.000000,34.000000,0.054143,0.517576,0.311562,69.000000,29.000000,0.056604,0.377374,0.224177,68.000000,37.000000,0.055783,0.494524,0.472046,14.000000,13.000000,0.011485,-0.193171,0.005988,1167.000000,176.000000,0.957342,0.038156,0.000079
2026-01-31,783.000000,147.000000,71.000000,38.000000,0.090677,1.115023,0.870827,39.000000,17.000000,0.049808,0.366710,0.025663,26.000000,16.000000,0.033206,0.495544,0.376573,159.000000,60.000000,0.203065,-0.148464,-0.026210,4.000000,4.000000,0.005109,-0.185828,-0.067012,34.000000,23.000000,0.043423,1.230661,1.046774,71.000000,38.000000,0.090677,1.051255,0.818970,44.000000,18.000000,0.056194,0.338710,-0.005930,45.000000,27.000000,0.057471,0.402362,0.377647,11.000000,8.000000,0.014049,-0.154056,-0.161725,738.000000,143.000000,0.942529,0.023176,-0.007556
2026-02-01,641.000000,119.000000,54.000000,31.000000,0.084243,1.122222,0.904202,40.000000,21.000000,0.062402,0.472159,0.345052,20.000000,11.000000,0.031201,0.290716,0.063568,151.000000,51.000000,0.235569,-0.015417,-0.028025,9.000000,8.000000,0.014041,0.386314,0.495119,32.000000,21.000000,0.049922,1.488857,1.298517,54.000000,31.000000,0.084243,1.063134,0.862943,45.000000,22.000000,0.070203,0.405972,0.295982,36.000000,18.000000,0.056162,0.260292,0.087389,21.000000,12.000000,0.032761,0.278177,0.189416,609.000000,118.000000,0.950078,0.029950,0.012470
2026-02-02,1043.000000,164.000000,132.000000,63.000000,0.126558,1.878151,1.481953,40.000000,20.000000,0.038351,-0.157780,-0.160023,29.000000,13.000000,0.027804,0.133781,-0.175251,239.000000,71.000000,0.229147,-0.067736,-0.050913,4.000000,3.000000,0.003835,-0.640399,-0.692884,72.000000,47.000000,0.069032,1.772147,1.554462,132.000000,63.000000,0.126558,1.806605,1.413767,52.000000,22.000000,0.049856,-0.062078,-0.160254,49.000000,19.000000,0.046980,0.069508,-0.249161,18.000000,11.000000,0.017258,-0.133741,-0.171382,964.000000,160.000000,0.924257,0.002285,-0.009388
2026-02-03,1295.000000,185.000000,170.000000,78.000000,0.131274,1.491097,1.178935,40.000000,22.000000,0.030888,-0.287556,-0.154560,24.000000,13.000000,0.018533,-0.269008,-0.312581,287.000000,81.000000,0.221622,-0.088408,-0.032411,11.000000,8.000000,0.008494,0.041275,-0.049608,68.000000,42.000000,0.052510,1.472253,1.232676,170.000000,78.000000,0.131274,1.428060,1.120189,48.000000,25.000000,0.037066,-0.270441,-0.134455,55.000000,27.000000,0.042471,0.017544,-0.021412,19.000000,12.000000,0.014672,-0.304398,-0.308626,1179.000000,182.000000,0.910425,-0.017250,0.003629
2026-02-04,1294.000000,183.000000,139.000000,71.000000,0.107419,1.190597,0.984645,37.000000,21.000000,0.028594,-0.447928,-0.250329,28.000000,18.000000,0.021638,-0.159454,-0.085723,266.000000,76.000000,0.205564,-0.174945,-0.090462,4.000000,4.000000,0.003091,-0.862595,-0.609892,66.000000,32.000000,0.051005,1.280143,0.829161,140.000000,71.000000,0.108192,1.151276,0.950310,51.000000,24.000000,0.039413,-0.265942,-0.193375,54.000000,28.000000,0.041731,-0.039196,-0.033705,14.000000,10.000000,0.010819,-0.578943,-0.459631,1200.000000,181.000000,0.927357,-0.002455,0.010436
2026-02-05,1329.000000,184.000000,123.000000,64.000000,0.092551,0.828108,0.700273,48.000000,23.000000,0.036117,-0.178916,-0.148812,29.000000,16.000000,0.021821,-0.223660,-0.199059,284.000000,80.000000,0.213695,-0.076805,-0.032073,9.000000,9.000000,0.006772,-0.253161,0.025284,47.000000,36.000000,0.035365,0.815712,0.802118,124.000000,64.000000,0.093303,0.778956,0.649546,54.000000,24.000000,0.040632,-0.182458,-0.179931,53.000000,27.000000,0.039880,-0.142378,-0.071698,16.000000,14.000000,0.012039,-0.540298,-0.176412,1151.000000,184.000000,0.866065,-0.067672,0.019269
2026-02-06,1235.000000,190.000000,90.000000,57.000000,0.072874,0.596996,0.590522,55.000000,28.000000,0.044534,-0.026183,0.043950,26.000000,13.000000,0.021053,-0.219158,-0.370810,245.000000,78.000000,0.198381,-0.137680,-0.040986,7.000000,7.000000,0.005668,-0.302100,-0.106233,35.000000,27.000000,0.028340,0.401386,0.402333,90.000000,57.000000,0.072874,0.541663,0.537555,63.000000,30.000000,0.051012,-0.032107,0.025077,56.000000,24.000000,0.045344,0.005228,-0.159390,12.000000,12.000000,0.009717,-0.653380,-0.287206,1092.000000,188.000000,0.884211,-0.043436,0.011528
2026-02-07,793.000000,149.000000,62.000000,41.000000,0.078184,0.688901,0.693444,29.000000,18.000000,0.036570,-0.265072,-0.134685,17.000000,11.000000,0.021438,-0.248318,-0.202316,183.000000,65.000000,0.230769,0.016803,0.042159,12.000000,8.000000,0.015132,0.398652,0.286284,24.000000,20.000000,0.030265,0.718145,0.761740,63.000000,42.000000,0.079445,0.661847,0.683101,34.000000,18.000000,0.042875,-0.244581,-0.203313,35.000000,18.000000,0.044136,-0.157186,-0.192859,15.000000,9.000000,0.018916,-0.174067,-0.229904,704.000000,147.000000,0.887768,-0.039099,0.006023
2026-02-08,606.000000,125.000000,47.000000,32.000000,0.077558,0.774295,0.657010,24.000000,12.000000,0.039604,-0.310789,-0.453451,14.000000,9.000000,0.023102,-0.327736,-0.389289,122.000000,49.000000,0.201320,-0.135325,-0.115084,7.000000,4.000000,0.011551,-0.229972,-0.466597,13.000000,11.000000,0.021452,0.526548,0.504863,48.000000,32.000000,0.079208,0.757855,0.634292,26.000000,14.000000,0.042904,-0.403477,-0.380792,21.000000,12.000000,0.034653,-0.525091,-0.521893,20.000000,10.000000,0.033003,-0.025087,-0.202592,538.000000,121.000000,0.887789,-0.040590,-0.011753
2026-02-09,1097.000000,164.000000,100.000000,47.000000,0.091158,1.297758,0.971874,28.000000,15.000000,0.025524,-0.904023,-0.651168,29.000000,14.000000,0.026436,-0.255529,-0.324371,177.000000,65.000000,0.161349,-0.382609,-0.138227,14.000000,9.000000,0.012762,0.033776,0.022301,38.000000,25.000000,0.034640,0.966572,0.828973,128.000000,52.000000,0.116682,1.494612,1.023018,35.000000,18.000000,0.031905,-0.836520,-0.548628,44.000000,23.000000,0.040109,-0.411550,-0.237915,31.000000,18.000000,0.028259,0.031687,0.132939,1002.000000,163.000000,0.913400,-0.012508,0.008753
2026-02-10,1298.000000,191.000000,205.000000,82.000000,0.157935,1.435513,0.987546,22.000000,11.000000,0.016949,-1.228958,-1.072485,35.000000,20.000000,0.026965,-0.248637,-0.153751,201.000000,67.000000,0.154854,-0.412484,-0.253276,10.000000,7.000000,0.007704,-0.505031,-0.495007,74.000000,39.000000,0.057011,1.449158,1.039850,230.000000,86.000000,0.177196,1.510566,0.995971,29.000000,13.000000,0.022342,-1.109382,-0.998190,59.000000,28.000000,0.045455,-0.249748,-0.198779,24.000000,14.000000,0.018490,-0.398268,-0.364655,1134.000000,184.000000,0.873652,-0.061700,-0.017546
2026-02-11,1378.000000,191.000000,204.000000,76.000000,0.148041,1.284402,0.811312,43.000000,22.000000,0.031205,-0.719402,-0.465158,15.000000,14.000000,0.010885,-1.187492,-0.604648,241.000000,79.000000,0.174891,-0.304202,-0.096132,10.000000,8.000000,0.007257,-0.536773,-0.308831,100.000000,46.000000,0.072569,1.542835,1.072344,206.000000,76.000000,0.149492,1.271454,0.797249,47.000000,23.000000,0.034107,-0.754756,-0.476329,26.000000,20.000000,0.018868,-1.166572,-0.592186,36.000000,19.000000,0.026125,-0.040698,-0.056805,1202.000000,186.000000,0.872279,-0.067090,-0.005223
2026-02-12,1373.000000,182.000000,124.000000,57.000000,0.090313,0.592485,0.409413,39.000000,22.000000,0.028405,-0.778370,-0.401161,32.000000,17.000000,0.023307,-0.522087,-0.366687,236.000000,72.000000,0.171886,-0.263719,-0.128351,14.000000,8.000000,0.010197,-0.325134,-0.370059,52.000000,27.000000,0.037873,0.813030,0.472640,128.000000,57.000000,0.093227,0.591014,0.379276,42.000000,22.000000,0.030590,-0.813407,-0.455022,52.000000,24.000000,0.037873,-0.544634,-0.366996,37.000000,18.000000,0.026948,-0.074985,-0.095885,1247.000000,177.000000,0.908230,-0.023784,-0.008766
2026-02-13,1246.000000,185.000000,86.000000,51.000000,0.069021,0.347077,0.332058,27.000000,17.000000,0.021669,-1.102334,-0.638238,23.000000,13.000000,0.018459,-0.716148,-0.585226,247.000000,74.000000,0.198234,-0.109791,-0.070100,2.000000,2.000000,0.001605,-1.873558,-1.474661,24.000000,19.000000,0.019262,-0.031488,0.042957,88.000000,52.000000,0.070626,0.338905,0.319100,31.000000,18.000000,0.024880,-1.095253,-0.650592,36.000000,15.000000,0.028892,-0.797240,-0.784672,13.000000,9.000000,0.010433,-0.908246,-0.708750,1128.000000,179.000000,0.905297,-0.023684,-0.011048
2026-02-14,729.000000,149.000000,52.000000,39.000000,0.071331,0.418597,0.481870,29.000000,16.000000,0.039781,-0.548432,-0.470662,17.000000,9.000000,0.023320,-0.536173,-0.636929,139.000000,55.000000,0.190672,-0.146558,-0.127678,8.000000,6.000000,0.010974,-0.366707,-0.278417,17.000000,16.000000,0.023320,0.429485,0.517476,53.000000,39.000000,0.072702,0.418864,0.468550,32.000000,16.000000,0.043896,-0.575955,-0.520757,28.000000,11.000000,0.038409,-0.653763,-0.864686,12.000000,6.000000,0.016461,-0.626748,-0.782053,642.000000,142.000000,0.880658,-0.051136,-0.028600
2026-02-15,607.000000,116.000000,56.000000,31.000000,0.092257,0.782611,0.550834,30.000000,16.000000,0.049423,-0.461939,-0.323109,15.000000,9.000000,0.024712,-0.637146,-0.560362,116.000000,51.000000,0.191104,-0.162430,-0.006330,10.000000,7.000000,0.016474,-0.356681,-0.176932,22.000000,12.000000,0.036244,1.016294,0.649929,56.000000,31.000000,0.092257,0.769527,0.548877,33.000000,16.000000,0.054366,-0.527812,-0.380655,27.000000,14.000000,0.044481,-0.644370,-0.497304,20.000000,11.000000,0.032949,-0.345780,-0.208555,554.000000,110.000000,0.912685,-0.017033,-0.032638
2026-02-16,920.000000,161.000000,58.000000,40.000000,0.063043,0.785882,0.695458,45.000000,18.000000,0.048913,-0.628999,-0.676394,19.000000,14.000000,0.020652,-0.869389,-0.551836,132.000000,56.000000,0.143478,-0.476543,-0.273408,10.000000,7.000000,0.010870,-0.570595,-0.488576,24.000000,17.000000,0.026087,0.687597,0.473038,59.000000,41.000000,0.064130,0.777810,0.691469,50.000000,18.000000,0.054348,-0.665713,-0.732967,33.000000,17.000000,0.035870,-0.884721,-0.712948,20.000000,10.000000,0.021739,-0.537371,-0.583891,800.000000,156.000000,0.869565,-0.065916,-0.016711
2026-02-17,1190.000000,188.000000,85.000000,53.000000,0.071429,0.516451,0.449078,68.000000,29.000000,0.057143,-0.396274,-0.333585,22.000000,12.000000,0.018487,-0.993391,-0.878155,208.000000,70.000000,0.174790,-0.271062,-0.200483,13.000000,11.000000,0.010924,-0.618195,-0.340960,32.000000,26.000000,0.026891,0.720148,0.673096,89.000000,54.000000,0.074790,0.545863,0.448902,75.000000,30.000000,0.063025,-0.439521,-0.368955,45.000000,23.000000,0.037815,-0.795941,-0.574269,19.000000,13.000000,0.015966,-0.850036,-0.586246,1092.000000,185.000000,0.917647,-0.016878,0.003589
2026-02-18,1300.000000,184.000000,106.000000,50.000000,0.081538,0.579444,0.326817,80.000000,37.000000,0.061538,-0.410837,-0.133746,45.000000,26.000000,0.034615,-0.426452,-0.208619,236.000000,73.000000,0.181538,-0.248727,-0.144590,13.000000,13.000000,0.010000,-0.670457,-0.093258,30.000000,20.000000,0.023077,0.438766,0.321412,106.000000,50.000000,0.081538,0.579593,0.332517,86.000000,38.000000,0.066154,-0.451997,-0.145300,70.000000,35.000000,0.053846,-0.492796,-0.203131,30.000000,20.000000,0.023077,-0.466195,-0.131991,1192.000000,182.000000,0.916923,-0.021528,0.010252
2026-02-19,1309.000000,183.000000,127.000000,67.000000,0.097021,0.571983,0.473317,112.000000,47.000000,0.085561,-0.045748,0.127113,45.000000,26.000000,0.034377,-0.509146,-0.198961,308.000000,75.000000,0.235294,0.065520,-0.101029,15.000000,15.000000,0.011459,-0.643961,-0.052707,30.000000,21.000000,0.022918,0.364033,0.266158,127.000000,67.000000,0.097021,0.560950,0.462349,114.000000,47.000000,0.087089,-0.126652,0.089400,78.000000,43.000000,0.059587,-0.454224,0.006483,49.000000,30.000000,0.037433,-0.046414,0.240473,1236.000000,181.000000,0.944232,0.010712,0.008118
2026-02-20,1285.000000,191.000000,95.000000,49.000000,0.073930,0.342579,0.185581,90.000000,39.000000,0.070039,-0.299124,-0.065594,41.000000,28.000000,0.031907,-0.545307,-0.108198,430.000000,96.000000,0.334630,0.426209,0.148508,12.000000,10.000000,0.009339,-0.716175,-0.341818,32.000000,24.000000,0.024903,0.282791,0.298555,96.000000,50.000000,0.074708,0.343097,0.191839,94.000000,39.000000,0.073152,-0.375518,-0.118084,98.000000,46.000000,0.076265,-0.189992,0.089958,22.000000,16.000000,0.017121,-0.716394,-0.341747,1221.000000,186.000000,0.950195,0.020352,-0.004462
2026-02-21,760.000000,144.000000,35.000000,24.000000,0.046053,-0.067051,-0.020560,46.000000,23.000000,0.060526,-0.486399,-0.288319,22.000000,12.000000,0.028947,-0.687982,-0.562707,251.000000,71.000000,0.330263,0.411879,0.150573,8.000000,6.000000,0.010526,-0.815645,-0.506266,14.000000,11.000000,0.018421,0.278337,0.263282,37.000000,25.000000,0.048684,-0.010800,0.023719,47.000000,23.000000,0.061842,-0.581138,-0.323774,54.000000,23.000000,0.071053,-0.395352,-0.304546,19.000000,14.000000,0.025000,-0.502043,-0.093649,710.000000,141.000000,0.934211,0.003530,-0.001634
2026-02-22,639.000000,124.000000,41.000000,23.000000,0.064163,0.390458,0.149948,38.000000,16.000000,0.059468,-0.624891,-0.589227,25.000000,13.000000,0.039124,-0.545285,-0.503922,187.000000,57.000000,0.292645,0.270100,0.028228,6.000000,3.000000,0.009390,-1.279065,-1.256978,12.000000,9.000000,0.018779,0.471549,0.395938,43.000000,24.000000,0.067293,0.443242,0.206277,43.000000,18.000000,0.067293,-0.654923,-0.518595,55.000000,25.000000,0.086072,-0.333849,-0.182631,17.000000,12.000000,0.026604,-0.822718,-0.333051,594.000000,117.000000,0.929577,-0.002987,-0.037223
2026-02-23,1103.000000,169.000000,46.000000,33.000000,0.041704,0.363649,0.433095,57.000000,29.000000,0.051677,-0.912900,-0.452106,48.000000,25.000000,0.043518,-0.486127,-0.258163,266.000000,81.000000,0.241160,0.046157,0.034741,12.000000,10.000000,0.010879,-0.951496,-0.441009,7.000000,7.000000,0.006346,-0.567426,-0.322414,47.000000,34.000000,0.042611,0.377326,0.449650,64.000000,32.000000,0.058024,-0.932304,-0.399001,85.000000,42.000000,0.077063,-0.460122,-0.052089,20.000000,13.000000,0.018132,-0.974029,-0.515863,1008.000000,166.000000,0.913871,-0.020430,-0.002818
2026-02-24,1221.000000,189.000000,62.000000,38.000000,0.050778,0.187102,0.107972,76.000000,35.000000,0.062244,-0.639577,-0.341492,77.000000,28.000000,0.063063,-0.119970,-0.275041,297.000000,88.000000,0.243243,0.061023,0.011147,19.000000,14.000000,0.015561,-0.631373,-0.343224,27.000000,19.000000,0.022113,0.652759,0.474338,62.000000,38.000000,0.050778,0.186731,0.103619,82.000000,36.000000,0.067158,-0.698841,-0.370581,106.000000,37.000000,0.086814,-0.292005,-0.284340,29.000000,19.000000,0.023751,-0.704374,-0.351802,1142.000000,186.000000,0.935299,-0.002016,0.003866
2026-02-25,1412.000000,190.000000,46.000000,29.000000,0.032578,-0.300976,-0.231814,79.000000,39.000000,0.055949,-0.824663,-0.294731,48.000000,30.000000,0.033994,-0.773056,-0.308320,645.000000,118.000000,0.456799,0.672218,0.290200,43.000000,15.000000,0.030453,0.081596,-0.203279,20.000000,17.000000,0.014164,0.099275,0.257401,47.000000,30.000000,0.033286,-0.265169,-0.179678,85.000000,41.000000,0.060198,-0.860128,-0.272395,69.000000,36.000000,0.048867,-0.899286,-0.372808,62.000000,19.000000,0.043909,-0.060566,-0.334533,1355.000000,188.000000,0.959632,0.019899,0.010880
2026-02-26,1251.000000,185.000000,164.000000,57.000000,0.131095,0.923924,0.330615,99.000000,37.000000,0.079137,-0.432220,-0.294100,50.000000,35.000000,0.039968,-0.677142,-0.117939,274.000000,96.000000,0.219025,-0.009356,0.122246,39.000000,15.000000,0.031175,0.021724,-0.266845,32.000000,23.000000,0.025580,0.627835,0.482928,164.000000,57.000000,0.131095,0.925664,0.331466,110.000000,39.000000,0.087930,-0.422030,-0.270079,72.000000,40.000000,0.057554,-0.786296,-0.234387,64.000000,26.000000,0.051159,0.048089,-0.023954,1196.000000,182.000000,0.956035,0.019094,0.003018
2026-02-27,1190.000000,188.000000,168.000000,53.000000,0.141176,1.059654,0.324816,95.000000,45.000000,0.079832,-0.467496,-0.075282,61.000000,37.000000,0.051261,-0.382078,-0.010523,271.000000,85.000000,0.227731,0.035782,0.031533,17.000000,15.000000,0.014286,-0.597395,-0.126841,32.000000,18.000000,0.026891,0.528654,0.184101,171.000000,53.000000,0.143697,1.078553,0.321594,97.000000,45.000000,0.081513,-0.563524,-0.119042,112.000000,51.000000,0.094118,-0.266068,0.056375,26.000000,19.000000,0.021849,-0.677598,-0.264330,1129.000000,184.000000,0.948739,0.014871,0.000740
2026-02-28,1093.000000,162.000000,51.000000,32.000000,0.046661,0.034681,0.207667,482.000000,79.000000,0.440988,1.201451,0.653767,133.000000,53.000000,0.121683,0.433612,0.589840,263.000000,80.000000,0.240622,0.086625,0.140080,213.000000,47.000000,0.194876,1.771048,1.188434,4.000000,3.000000,0.003660,-1.072033,-0.881045,51.000000,32.000000,0.046661,0.045663,0.221172,571.000000,83.000000,0.522415,1.256658,0.675102,379.000000,72.000000,0.346752,0.908860,0.560756,265.000000,51.000000,0.242452,1.558438,0.958982,1062.000000,160.000000,0.971638,0.039160,0.007596
2026-03-01,912.000000,134.000000,19.000000,15.000000,0.020833,-0.608034,-0.264175,452.000000,61.000000,0.495614,1.205372,0.496950,109.000000,37.000000,0.119518,0.271448,0.264431,177.000000,61.000000,0.194079,-0.151489,0.006174,98.000000,25.000000,0.107456,0.830098,0.487515,4.000000,4.000000,0.004386,-0.709799,-0.254939,19.000000,15.000000,0.020833,-0.594349,-0.241548,589.000000,65.000000,0.645833,1.318745,0.522886,333.000000,55.000000,0.365132,0.842783,0.380962,137.000000,30.000000,0.150219,0.709220,0.391642,903.000000,133.000000,0.990132,0.056584,0.013748
2026-03-02,1299.000000,175.000000,34.000000,26.000000,0.026174,0.032428,0.258703,602.000000,112.000000,0.463433,1.004387,0.706235,232.000000,73.000000,0.178599,0.643210,0.597360,335.000000,100.000000,0.257891,0.098971,0.196987,109.000000,29.000000,0.083911,0.821014,0.405269,4.000000,3.000000,0.003079,-1.033861,-0.935479,34.000000,26.000000,0.026174,0.031274,0.252592,706.000000,115.000000,0.543495,1.029479,0.694542,470.000000,96.000000,0.361817,0.832306,0.603112,145.000000,31.000000,0.111624,0.661279,0.213655,1287.000000,173.000000,0.990762,0.056769,0.003964
2026-03-03,1338.000000,188.000000,63.000000,34.000000,0.047085,0.260110,0.113314,540.000000,99.000000,0.403587,0.965501,0.555764,275.000000,82.000000,0.205531,0.792916,0.632558,341.000000,90.000000,0.254858,0.091131,0.025901,121.000000,44.000000,0.090433,0.891464,0.643411,7.000000,7.000000,0.005232,-0.518560,-0.282238,63.000000,34.000000,0.047085,0.264711,0.114522,597.000000,104.000000,0.446188,0.930285,0.552726,426.000000,94.000000,0.318386,0.766346,0.521923,156.000000,54.000000,0.116592,0.724694,0.605224,1305.000000,185.000000,0.975336,0.036403,0.004068
2026-03-04,1381.000000,198.000000,43.000000,31.000000,0.031137,-0.179810,-0.083041,462.000000,100.000000,0.334540,0.709508,0.466225,295.000000,82.000000,0.213613,0.802715,0.492861,283.000000,90.000000,0.204924,-0.147070,-0.033482,73.000000,30.000000,0.052860,0.431577,0.304323,8.000000,8.000000,0.005793,-0.528580,-0.302772,43.000000,31.000000,0.031137,-0.161736,-0.059830,545.000000,102.000000,0.394642,0.764828,0.462775,404.000000,94.000000,0.292542,0.658098,0.420937,99.000000,36.000000,0.071687,0.290958,0.182161,1344.000000,191.000000,0.973208,0.030519,-0.014045
2026-03-05,1344.000000,177.000000,21.000000,16.000000,0.015625,-1.000575,-0.735821,399.000000,91.000000,0.296875,0.646964,0.516655,279.000000,88.000000,0.207589,0.719086,0.694236,311.000000,86.000000,0.231399,0.024629,0.043537,72.000000,37.000000,0.053571,0.378604,0.543754,8.000000,7.000000,0.005952,-0.544409,-0.403442,21.000000,16.000000,0.015625,-0.996669,-0.731674,473.000000,95.000000,0.351935,0.719950,0.534539,349.000000,91.000000,0.259673,0.500216,0.514745,93.000000,41.000000,0.069196,0.224252,0.406057,1304.000000,173.000000,0.970238,0.030546,-0.003260
2026-03-06,1271.000000,199.000000,22.000000,21.000000,0.017309,-0.821985,-0.492167,368.000000,80.000000,0.289536,0.587373,0.320036,235.000000,71.000000,0.184894,0.661913,0.440492,313.000000,89.000000,0.246263,0.090974,0.007257,71.000000,25.000000,0.055862,0.582992,0.208610,10.000000,10.000000,0.007868,-0.416825,-0.218894,22.000000,21.000000,0.017309,-0.819897,-0.493169,437.000000,83.000000,0.343824,0.639236,0.315069,326.000000,78.000000,0.256491,0.530042,0.317978,101.000000,30.000000,0.079465,0.487865,0.070391,1229.000000,192.000000,0.966955,0.030690,-0.013039
2026-03-07,864.000000,152.000000,13.000000,10.000000,0.015046,-0.856966,-0.695103,254.000000,66.000000,0.293981,0.576452,0.426305,149.000000,54.000000,0.172454,0.558947,0.541274,258.000000,77.000000,0.298611,0.277563,0.151861,47.000000,21.000000,0.054398,0.358608,0.363959,5.000000,4.000000,0.005787,-0.377374,-0.338805,13.000000,10.000000,0.015046,-0.846430,-0.680419,289.000000,68.000000,0.334491,0.587513,0.429588,214.000000,58.000000,0.247685,0.380609,0.312571,63.000000,23.000000,0.072917,0.262560,0.187980,835.000000,152.000000,0.966435,0.030559,0.020138
2026-03-08,724.000000,123.000000,18.000000,15.000000,0.024862,-0.203704,-0.003460,269.000000,58.000000,0.371547,0.706885,0.426037,148.000000,43.000000,0.204420,0.594002,0.374708,168.000000,58.000000,0.232044,0.000461,0.027511,52.000000,19.000000,0.071823,0.303401,0.219501,2.000000,2.000000,0.002762,-0.799622,-0.523039,18.000000,15.000000,0.024862,-0.191699,0.019342,307.000000,60.000000,0.424033,0.683299,0.423217,223.000000,52.000000,0.308011,0.491352,0.319736,69.000000,23.000000,0.095304,0.168460,0.172271,696.000000,121.000000,0.961326,0.023920,0.004927
2026-03-09,1185.000000,176.000000,20.000000,17.000000,0.016878,-0.156655,0.025129,398.000000,81.000000,0.335865,0.481198,0.278534,277.000000,62.000000,0.233755,0.709199,0.313588,295.000000,82.000000,0.248945,0.035523,-0.019747,68.000000,24.000000,0.057384,0.331536,0.139169,4.000000,4.000000,0.003376,-0.667066,-0.448621,20.000000,17.000000,0.016878,-0.160676,0.018225,467.000000,84.000000,0.394093,0.501743,0.276582,401.000000,74.000000,0.338397,0.594355,0.254223,89.000000,31.000000,0.075105,0.188892,0.170253,1156.000000,173.000000,0.975527,0.038319,-0.001315
2026-03-10,1287.000000,196.000000,18.000000,15.000000,0.013986,-0.682158,-0.530539,433.000000,94.000000,0.336441,0.591279,0.369162,277.000000,80.000000,0.215229,0.646110,0.457607,350.000000,99.000000,0.271950,0.126125,0.065512,38.000000,21.000000,0.029526,-0.315802,-0.190512,5.000000,5.000000,0.003885,-0.507909,-0.386689,18.000000,15.000000,0.013986,-0.681564,-0.531054,498.000000,96.000000,0.386946,0.589924,0.337250,376.000000,95.000000,0.292152,0.519779,0.412565,63.000000,31.000000,0.048951,-0.206261,-0.016472,1248.000000,194.000000,0.969697,0.027764,0.010387
2026-03-11,1267.000000,188.000000,34.000000,27.000000,0.026835,-0.061625,0.040500,374.000000,83.000000,0.295185,0.401119,0.244868,257.000000,71.000000,0.202841,0.568028,0.299287,303.000000,85.000000,0.239148,-0.024126,-0.052498,50.000000,26.000000,0.039463,0.060305,0.159614,18.000000,10.000000,0.014207,0.623483,0.212643,34.000000,27.000000,0.026835,-0.048648,0.061093,445.000000,89.000000,0.351223,0.458845,0.289654,347.000000,80.000000,0.273875,0.441844,0.239657,80.000000,35.000000,0.063141,0.107491,0.179431,1216.000000,184.000000,0.959747,0.013834,0.000685
2026-03-12,1316.000000,186.000000,30.000000,24.000000,0.022796,-0.355010,-0.172613,346.000000,88.000000,0.262918,0.351162,0.352261,212.000000,64.000000,0.161094,0.292574,0.233351,269.000000,88.000000,0.204407,-0.131829,0.003359,75.000000,30.000000,0.056991,0.372399,0.241135,9.000000,9.000000,0.006839,-0.118243,0.040994,30.000000,24.000000,0.022796,-0.357243,-0.171942,413.000000,89.000000,0.313830,0.424328,0.336514,302.000000,79.000000,0.229483,0.236435,0.258158,103.000000,36.000000,0.078267,0.299014,0.207168,1272.000000,185.000000,0.966565,0.024110,0.014715
2026-03-13,1218.000000,180.000000,16.000000,13.000000,0.013136,-0.804536,-0.631680,325.000000,78.000000,0.266831,0.340154,0.318724,217.000000,65.000000,0.178161,0.461007,0.364138,208.000000,76.000000,0.170772,-0.308226,-0.063521,69.000000,27.000000,0.056650,0.543125,0.345923,8.000000,6.000000,0.006568,-0.286699,-0.337014,16.000000,13.000000,0.013136,-0.809582,-0.636979,388.000000,82.000000,0.318555,0.390177,0.324190,297.000000,71.000000,0.243842,0.349063,0.263413,88.000000,32.000000,0.072250,0.354911,0.217675,1160.000000,173.000000,0.952381,0.012950,-0.016703
2026-03-14,767.000000,149.000000,14.000000,12.000000,0.018253,-0.372102,-0.266734,205.000000,52.000000,0.267275,0.324536,0.139390,131.000000,46.000000,0.170795,0.395075,0.320384,166.000000,64.000000,0.216428,-0.078417,-0.025508,25.000000,12.000000,0.032595,-0.185358,-0.188253,3.000000,2.000000,0.003911,-0.407232,-0.641459,14.000000,12.000000,0.018253,-0.369646,-0.257132,236.000000,54.000000,0.307692,0.339669,0.147188,199.000000,54.000000,0.259452,0.306217,0.206142,43.000000,16.000000,0.056063,-0.026151,-0.156966,733.000000,148.000000,0.955671,0.016846,0.013806
2026-03-15,636.000000,114.000000,6.000000,6.000000,0.009434,-0.817151,-0.555378,166.000000,46.000000,0.261006,0.206303,0.207016,118.000000,35.000000,0.185535,0.352537,0.171354,140.000000,50.000000,0.220126,-0.087890,-0.057630,39.000000,15.000000,0.061321,0.120109,0.043569,1.000000,1.000000,0.001572,-0.874207,-0.690053,6.000000,6.000000,0.009434,-0.814125,-0.538405,210.000000,47.000000,0.330189,0.277321,0.188087,176.000000,42.000000,0.276730,0.273327,0.133830,67.000000,17.000000,0.105346,0.248034,-0.053540,610.000000,112.000000,0.959119,0.019175,0.003771
2026-03-16,1204.000000,177.000000,8.000000,7.000000,0.006645,-0.741903,-0.579101,311.000000,73.000000,0.258306,0.079066,0.110205,211.000000,54.000000,0.175249,0.285738,0.101870,407.000000,90.000000,0.338040,0.304087,0.053887,61.000000,24.000000,0.050664,0.191807,0.119472,2.000000,2.000000,0.001661,-0.960917,-0.771009,8.000000,7.000000,0.006645,-0.755753,-0.592546,419.000000,81.000000,0.348007,0.229236,0.171157,272.000000,59.000000,0.225914,0.088867,-0.020839,94.000000,31.000000,0.078073,0.215131,0.162814,1161.000000,176.000000,0.964286,0.024475,0.010659
2026-03-17,1266.000000,185.000000,10.000000,9.000000,0.007899,-0.913994,-0.707623,339.000000,81.000000,0.267773,0.231742,0.224550,239.000000,58.000000,0.188784,0.388429,0.132958,395.000000,92.000000,0.312006,0.225663,0.036919,71.000000,35.000000,0.056082,0.315248,0.361664,5.000000,5.000000,0.003949,-0.179313,-0.056194,10.000000,9.000000,0.007899,-0.924031,-0.715354,405.000000,87.000000,0.319905,0.259643,0.238004,324.000000,68.000000,0.255924,0.294685,0.098347,107.000000,45.000000,0.084518,0.332458,0.411268,1222.000000,183.000000,0.965245,0.020985,0.010101
2026-03-18,1317.000000,195.000000,13.000000,12.000000,0.009871,-0.714100,-0.523638,318.000000,67.000000,0.241458,0.077179,-0.053098,201.000000,64.000000,0.152620,0.166286,0.103142,270.000000,100.000000,0.205011,-0.216262,0.059889,75.000000,31.000000,0.056948,0.430445,0.296291,7.000000,6.000000,0.005315,-0.004233,-0.028818,13.000000,12.000000,0.009871,-0.712508,-0.510900,364.000000,70.000000,0.276386,0.087231,-0.039374,275.000000,66.000000,0.208808,0.087030,-0.022044,105.000000,33.000000,0.079727,0.342815,0.091805,1277.000000,189.000000,0.969628,0.022004,-0.008459
2026-03-19,1328.000000,191.000000,22.000000,17.000000,0.016566,-0.338242,-0.269732,354.000000,77.000000,0.266566,0.249776,0.149350,225.000000,63.000000,0.169428,0.233955,0.140611,316.000000,87.000000,0.237952,-0.019043,-0.047032,70.000000,34.000000,0.052711,0.312016,0.344806,6.000000,5.000000,0.004518,-0.191971,-0.256579,22.000000,17.000000,0.016566,-0.352567,-0.277517,413.000000,81.000000,0.310994,0.290885,0.167141,301.000000,70.000000,0.226657,0.148841,0.082335,112.000000,42.000000,0.084337,0.384243,0.343681,1287.000000,188.000000,0.969127,0.024767,0.004864
2026-03-20,1152.000000,194.000000,14.000000,13.000000,0.012153,-0.543223,-0.436015,290.000000,69.000000,0.251736,0.174961,0.083616,183.000000,61.000000,0.158854,0.246567,0.181798,286.000000,86.000000,0.248264,0.025907,-0.027534,53.000000,27.000000,0.046007,0.364373,0.284527,4.000000,4.000000,0.003472,-0.551846,-0.503569,14.000000,13.000000,0.012153,-0.561019,-0.450336,342.000000,71.000000,0.296875,0.203270,0.061842,233.000000,66.000000,0.202257,0.095846,0.091991,85.000000,34.000000,0.073785,0.394036,0.217385,1094.000000,192.000000,0.949653,0.008157,0.013214
2026-03-21,743.000000,149.000000,14.000000,11.000000,0.018843,-0.001448,-0.076146,186.000000,46.000000,0.250336,0.160107,-0.015951,119.000000,41.000000,0.160162,0.239717,0.167591,193.000000,59.000000,0.259758,0.063967,-0.118255,34.000000,13.000000,0.045760,0.185394,-0.092244,4.000000,4.000000,0.005384,0.190694,0.221750,14.000000,11.000000,0.018843,-0.012353,-0.076095,219.000000,49.000000,0.294751,0.188024,0.010741,179.000000,50.000000,0.240915,0.174053,0.110240,50.000000,18.000000,0.067295,0.179445,-0.024469,710.000000,148.000000,0.955585,0.014923,0.014315
2026-03-22,628.000000,118.000000,7.000000,6.000000,0.011146,-0.319231,-0.312424,180.000000,43.000000,0.286624,0.208340,0.076893,99.000000,35.000000,0.157643,0.107602,0.103807,166.000000,55.000000,0.264331,0.054687,-0.009131,59.000000,21.000000,0.093949,0.588107,0.361240,0.000000,0.000000,0.000000,-1.646294,-1.548248,7.000000,6.000000,0.011146,-0.330128,-0.305496,216.000000,46.000000,0.343949,0.216945,0.096845,163.000000,41.000000,0.259554,0.159373,0.060785,93.000000,26.000000,0.148089,0.617486,0.348701,593.000000,115.000000,0.944268,0.001847,-0.003588
2026-03-23,1194.000000,172.000000,5.000000,4.000000,0.004188,-0.824200,-0.781740,323.000000,73.000000,0.270519,0.041580,0.114084,165.000000,44.000000,0.138191,-0.025505,-0.100141,409.000000,91.000000,0.342546,0.277380,0.082017,41.000000,23.000000,0.034338,-0.139087,0.136201,1.000000,1.000000,0.000838,-1.151160,-0.980111,5.000000,4.000000,0.004188,-0.852487,-0.805685,359.000000,76.000000,0.300670,-0.010293,0.104930,252.000000,60.000000,0.211055,-0.021109,0.013790,54.000000,27.000000,0.045226,-0.289953,0.080202,1046.000000,169.000000,0.876047,-0.073091,-0.000794
2026-03-24,1308.000000,198.000000,10.000000,10.000000,0.007645,-0.600179,-0.393480,304.000000,72.000000,0.232416,0.014316,0.019876,183.000000,51.000000,0.139908,0.023546,-0.084384,334.000000,93.000000,0.255352,-0.014372,-0.030837,58.000000,22.000000,0.044343,0.143984,-0.127082,1.000000,1.000000,0.000765,-1.201256,-1.151745,10.000000,10.000000,0.007645,-0.625119,-0.412130,345.000000,75.000000,0.263761,-0.019076,-0.004179,264.000000,57.000000,0.201835,0.023362,-0.150395,80.000000,25.000000,0.061162,0.053253,-0.207610,1194.000000,193.000000,0.912844,-0.036348,-0.003865
2026-03-25,1291.000000,195.000000,8.000000,7.000000,0.006197,-0.809402,-0.751549,319.000000,73.000000,0.247095,0.031726,0.016361,196.000000,60.000000,0.151820,0.103438,0.022119,312.000000,89.000000,0.241673,-0.091772,-0.066551,45.000000,21.000000,0.034857,0.013339,-0.046235,4.000000,4.000000,0.003098,-0.188143,-0.127756,8.000000,7.000000,0.006197,-0.823132,-0.750112,353.000000,76.000000,0.273431,-0.002004,0.019393,251.000000,65.000000,0.194423,-0.010831,-0.039055,65.000000,25.000000,0.050349,-0.065965,-0.150524,1238.000000,194.000000,0.958947,0.009459,0.018119
2026-03-26,1309.000000,180.000000,8.000000,7.000000,0.006112,-0.949692,-0.774445,356.000000,71.000000,0.271963,0.208679,0.116357,219.000000,47.000000,0.167303,0.171925,-0.102476,354.000000,83.000000,0.270435,0.069232,-0.044886,45.000000,20.000000,0.034377,-0.035252,-0.073083,2.000000,2.000000,0.001528,-0.829711,-0.720320,8.000000,7.000000,0.006112,-0.979709,-0.793877,381.000000,72.000000,0.291062,0.153611,0.090341,280.000000,51.000000,0.213904,0.071844,-0.170399,67.000000,26.000000,0.051184,-0.059252,-0.036511,1251.000000,178.000000,0.955691,0.009428,0.009893
2026-03-27,1266.000000,189.000000,13.000000,13.000000,0.010269,-0.361933,-0.126407,275.000000,61.000000,0.217220,-0.026181,-0.019935,176.000000,49.000000,0.139021,0.072004,-0.015954,302.000000,84.000000,0.238547,-0.053173,-0.034520,43.000000,28.000000,0.033965,0.145713,0.393767,4.000000,4.000000,0.003160,-0.347041,-0.215508,13.000000,13.000000,0.010269,-0.395744,-0.152686,317.000000,66.000000,0.250395,-0.030619,0.000588,223.000000,57.000000,0.176145,-0.054156,-0.021112,58.000000,33.000000,0.045814,-0.022177,0.249556,1190.000000,187.000000,0.939968,-0.003345,0.013417
2026-03-28,813.000000,147.000000,2.000000,2.000000,0.002460,-1.503526,-1.305728,158.000000,47.000000,0.194342,-0.139159,0.015574,137.000000,39.000000,0.168512,0.256696,0.129958,191.000000,62.000000,0.234932,-0.074994,-0.064687,44.000000,16.000000,0.054121,0.438331,0.172954,2.000000,2.000000,0.002460,-0.192864,-0.094724,2.000000,2.000000,0.002460,-1.530720,-1.317907,175.000000,50.000000,0.215252,-0.182175,0.033401,178.000000,44.000000,0.218942,0.073667,0.007438,56.000000,19.000000,0.068881,0.263643,0.079453,777.000000,139.000000,0.955720,0.013909,-0.034233
2026-03-29,661.000000,122.000000,4.000000,4.000000,0.006051,-0.537595,-0.431365,152.000000,45.000000,0.229955,-0.050968,0.089557,106.000000,39.000000,0.160363,0.098917,0.180737,125.000000,44.000000,0.189107,-0.317188,-0.271578,35.000000,16.000000,0.052950,0.114108,0.117809,2.000000,2.000000,0.003026,0.200554,0.281260,4.000000,4.000000,0.006051,-0.565007,-0.436903,172.000000,46.000000,0.260212,-0.110776,0.056910,157.000000,46.000000,0.237519,0.072849,0.155545,66.000000,24.000000,0.099849,0.291388,0.277078,629.000000,121.000000,0.951589,0.008476,0.014549
2026-03-30,1136.000000,177.000000,3.000000,3.000000,0.002641,-0.885707,-0.781534,323.000000,66.000000,0.284331,0.058679,-0.009883,189.000000,49.000000,0.166373,0.141894,-0.014154,286.000000,85.000000,0.251761,-0.067401,-0.022205,57.000000,22.000000,0.050176,0.335058,0.121424,6.000000,4.000000,0.005282,0.647209,0.337816,3.000000,3.000000,0.002641,-0.930688,-0.818145,339.000000,66.000000,0.298415,-0.060074,-0.066714,232.000000,52.000000,0.204225,-0.045187,-0.138786,86.000000,28.000000,0.075704,0.291143,0.129200,1077.000000,173.000000,0.948063,0.004812,-0.005404
2026-03-31,1301.000000,184.000000,6.000000,6.000000,0.004612,-0.737304,-0.522550,315.000000,67.000000,0.242121,0.029355,0.029696,209.000000,53.000000,0.160646,0.151308,0.039320,340.000000,91.000000,0.261337,-0.027737,0.013196,52.000000,25.000000,0.039969,0.143626,0.130767,6.000000,4.000000,0.004612,0.545797,0.261736,6.000000,6.000000,0.004612,-0.779068,-0.554030,364.000000,72.000000,0.279785,0.004553,0.028892,257.000000,60.000000,0.197540,0.017096,-0.005275,77.000000,32.000000,0.059185,0.093296,0.151342,1218.000000,179.000000,0.936203,-0.012053,-0.005458
2026-04-01,1274.000000,194.000000,2.000000,2.000000,0.001570,-1.687254,-1.570577,271.000000,57.000000,0.212716,-0.136899,-0.212085,216.000000,51.000000,0.169545,0.211060,-0.116625,395.000000,99.000000,0.310047,0.121459,0.037836,37.000000,16.000000,0.029042,-0.060632,-0.243879,1.000000,1.000000,0.000785,-1.005743,-0.985785,2.000000,2.000000,0.001570,-1.717890,-1.582096,305.000000,61.000000,0.239403,-0.163005,-0.189426,261.000000,57.000000,0.204867,0.062917,-0.139445,55.000000,22.000000,0.043171,-0.142809,-0.225653,1101.000000,187.000000,0.864207,-0.095402,-0.012856
2026-04-02,1298.000000,190.000000,25.000000,17.000000,0.019260,0.484855,0.289834,313.000000,69.000000,0.241140,0.076127,0.049645,205.000000,53.000000,0.157935,0.119354,-0.015665,523.000000,105.000000,0.402928,0.432993,0.129232,37.000000,26.000000,0.028505,-0.110904,0.193650,8.000000,8.000000,0.006163,0.662017,0.678133,26.000000,18.000000,0.020031,0.476364,0.312926,342.000000,70.000000,0.263482,0.032774,0.016482,250.000000,61.000000,0.192604,-0.005197,-0.018630,51.000000,28.000000,0.039291,-0.243213,0.028676,1185.000000,185.000000,0.912943,-0.037116,-0.004851
2026-04-03,1105.000000,184.000000,22.000000,13.000000,0.019910,0.606353,0.166682,268.000000,60.000000,0.242534,0.078052,0.009157,140.000000,42.000000,0.126697,-0.007953,-0.115797,264.000000,83.000000,0.238914,-0.084837,-0.025020,33.000000,14.000000,0.029864,0.132289,-0.190016,5.000000,3.000000,0.004525,0.240143,-0.219279,23.000000,13.000000,0.020814,0.599101,0.127304,287.000000,63.000000,0.259729,-0.008591,-0.007521,178.000000,49.000000,0.161086,-0.109493,-0.112956,37.000000,16.000000,0.033484,-0.250575,-0.384665,985.000000,180.000000,0.891403,-0.057140,0.002605
2026-04-04,714.000000,135.000000,7.000000,6.000000,0.009804,0.039609,-0.004201,168.000000,36.000000,0.235294,0.052175,-0.141199,98.000000,27.000000,0.137255,0.072306,-0.117435,168.000000,62.000000,0.235294,-0.105306,0.015346,17.000000,12.000000,0.023810,-0.251318,0.046360,5.000000,5.000000,0.007003,0.966313,0.991024,7.000000,6.000000,0.009804,-0.004448,-0.029496,197.000000,38.000000,0.275910,0.057721,-0.138560,140.000000,33.000000,0.196078,0.003303,-0.157555,35.000000,17.000000,0.049020,0.010888,0.103993,646.000000,133.000000,0.904762,-0.041562,0.006931
2026-04-05,643.000000,115.000000,6.000000,6.000000,0.009331,0.165061,0.250823,180.000000,37.000000,0.279938,0.151939,-0.019977,89.000000,28.000000,0.138414,-0.020781,-0.052807,181.000000,59.000000,0.281493,0.048695,0.073747,30.000000,14.000000,0.046656,0.105373,0.114506,2.000000,2.000000,0.003110,0.458931,0.543881,6.000000,6.000000,0.009331,0.120895,0.232189,207.000000,37.000000,0.321928,0.100308,-0.081476,131.000000,33.000000,0.203733,-0.035095,-0.076401,55.000000,17.000000,0.085537,0.221959,0.048103,591.000000,112.000000,0.919129,-0.026780,-0.003248
2026-04-06,1119.000000,179.000000,4.000000,4.000000,0.003575,-0.320213,-0.291738,379.000000,77.000000,0.338695,0.246362,0.160306,188.000000,51.000000,0.168007,0.185347,0.052523,415.000000,100.000000,0.370867,0.290293,0.125307,44.000000,18.000000,0.039321,0.210343,-0.017685,1.000000,1.000000,0.000894,-0.584144,-0.577212,4.000000,4.000000,0.003575,-0.381790,-0.341390,419.000000,79.000000,0.374441,0.171956,0.122053,282.000000,61.000000,0.252011,0.214955,0.048488,69.000000,23.000000,0.061662,0.172417,-0.025459,1014.000000,177.000000,0.906166,-0.040851,0.006787
2026-04-07,1332.000000,201.000000,9.000000,8.000000,0.006757,-0.091247,-0.099384,426.000000,88.000000,0.319820,0.326323,0.243876,176.000000,50.000000,0.132132,-0.003011,-0.064191,487.000000,109.000000,0.365616,0.280127,0.102745,45.000000,24.000000,0.033784,0.093993,0.070812,5.000000,5.000000,0.003754,0.563578,0.559419,9.000000,8.000000,0.006757,-0.149401,-0.143812,477.000000,92.000000,0.358108,0.262957,0.209161,244.000000,59.000000,0.183183,-0.002756,-0.066893,81.000000,29.000000,0.060811,0.205980,0.016322,1197.000000,194.000000,0.898649,-0.053371,-0.012542
2026-04-08,1358.000000,198.000000,10.000000,7.000000,0.007364,-0.035660,-0.256923,530.000000,99.000000,0.390280,0.494171,0.350016,161.000000,53.000000,0.118557,-0.098384,-0.052966,403.000000,107.000000,0.296760,0.051949,0.093600,86.000000,33.000000,0.063328,0.828319,0.511777,5.000000,5.000000,0.003682,0.425890,0.467720,10.000000,7.000000,0.007364,-0.082433,-0.281261,579.000000,102.000000,0.426362,0.431753,0.328749,534.000000,99.000000,0.393225,0.774501,0.434203,128.000000,44.000000,0.094256,0.719342,0.485887,1287.000000,195.000000,0.947717,-0.003501,0.009191
2026-04-09,1261.000000,187.000000,64.000000,44.000000,0.050753,1.711497,1.466209,310.000000,85.000000,0.245837,0.126286,0.309403,136.000000,54.000000,0.107851,-0.206700,0.068192,313.000000,92.000000,0.248216,-0.074718,0.013189,102.000000,35.000000,0.080888,1.039887,0.569119,8.000000,7.000000,0.006344,0.874191,0.732367,64.000000,44.000000,0.050753,1.648705,1.421077,352.000000,87.000000,0.279144,0.115171,0.279009,358.000000,88.000000,0.283902,0.447479,0.409248,172.000000,48.000000,0.136400,1.081084,0.625976,1194.000000,184.000000,0.946868,-0.000904,0.006144
2026-04-10,1280.000000,203.000000,78.000000,48.000000,0.060937,1.967480,1.566328,265.000000,69.000000,0.207031,-0.043445,0.089405,137.000000,51.000000,0.107031,-0.115636,0.031552,348.000000,109.000000,0.271875,0.022176,0.148845,77.000000,28.000000,0.060156,0.939394,0.454357,2.000000,2.000000,0.001563,-0.525464,-0.501474,78.000000,48.000000,0.060937,1.901259,1.514499,294.000000,71.000000,0.229687,-0.100402,0.046978,247.000000,67.000000,0.192969,0.140380,0.149899,105.000000,34.000000,0.082031,0.723322,0.304724,1142.000000,194.000000,0.892188,-0.056379,-0.019889
2026-04-11,820.000000,151.000000,18.000000,14.000000,0.021951,1.050581,0.896111,183.000000,51.000000,0.223171,0.041489,0.133651,89.000000,38.000000,0.108537,-0.094442,0.164264,189.000000,70.000000,0.230488,-0.145894,0.026071,27.000000,13.000000,0.032927,0.176053,0.077269,1.000000,1.000000,0.001220,-0.315666,-0.279532,18.000000,14.000000,0.021951,0.991437,0.858604,215.000000,52.000000,0.262195,0.043958,0.096833,137.000000,46.000000,0.167073,-0.082134,0.111855,53.000000,19.000000,0.064634,0.368706,0.150089,686.000000,147.000000,0.836585,-0.119867,-0.004002
2026-04-12,675.000000,117.000000,10.000000,8.000000,0.014815,0.829626,0.701213,175.000000,43.000000,0.259259,0.123163,0.155519,86.000000,32.000000,0.127407,-0.029645,0.121190,192.000000,65.000000,0.284444,0.041448,0.155217,15.000000,8.000000,0.022222,-0.508550,-0.373046,2.000000,2.000000,0.002963,0.551123,0.654087,11.000000,8.000000,0.016296,0.861791,0.670642,221.000000,46.000000,0.327407,0.160519,0.155781,122.000000,37.000000,0.180741,-0.075839,0.074175,25.000000,11.000000,0.037037,-0.519182,-0.340376,640.000000,113.000000,0.948148,0.004290,-0.010928
2026-04-13,1184.000000,182.000000,13.000000,12.000000,0.010980,0.941844,0.902007,259.000000,62.000000,0.218750,-0.136914,-0.024912,115.000000,44.000000,0.097128,-0.280861,-0.047155,449.000000,109.000000,0.379223,0.297260,0.198049,29.000000,18.000000,0.024493,-0.148409,0.027522,1.000000,1.000000,0.000845,-0.515391,-0.479658,13.000000,12.000000,0.010980,0.866121,0.840731,364.000000,75.000000,0.307432,0.024505,0.095837,146.000000,48.000000,0.123311,-0.415396,-0.148613,50.000000,23.000000,0.042230,-0.119487,0.005649,1153.000000,181.000000,0.973818,0.031190,0.013104
2026-04-14,1268.000000,200.000000,16.000000,15.000000,0.012618,0.715494,0.683759,213.000000,61.000000,0.167981,-0.257899,-0.066566,105.000000,41.000000,0.082808,-0.382180,-0.189487,341.000000,108.000000,0.268927,-0.039450,0.103084,45.000000,24.000000,0.035489,0.248731,0.135285,3.000000,3.000000,0.002366,0.269790,0.212707,16.000000,15.000000,0.012618,0.643735,0.628054,289.000000,72.000000,0.227918,-0.132736,0.015058,140.000000,48.000000,0.110410,-0.420960,-0.207532,77.000000,31.000000,0.060726,0.287186,0.133496,1223.000000,197.000000,0.964511,0.017436,0.008287
2026-04-15,1274.000000,195.000000,13.000000,13.000000,0.010204,0.469882,0.511707,229.000000,54.000000,0.179749,-0.216193,-0.186163,155.000000,50.000000,0.121664,0.019887,-0.026502,359.000000,100.000000,0.281790,-0.010015,0.047079,32.000000,18.000000,0.025118,0.015058,-0.009827,5.000000,5.000000,0.003925,0.581968,0.568980,13.000000,13.000000,0.010204,0.410090,0.476473,289.000000,61.000000,0.226845,-0.137016,-0.119795,184.000000,55.000000,0.144427,-0.135079,-0.073778,52.000000,26.000000,0.040816,-0.031485,0.028150,1226.000000,190.000000,0.962323,0.011961,-0.000972
2026-04-16,1361.000000,184.000000,11.000000,9.000000,0.008082,0.085830,0.091607,225.000000,42.000000,0.165320,-0.201019,-0.321018,137.000000,42.000000,0.100661,-0.177377,-0.092592,336.000000,87.000000,0.246877,-0.087880,-0.019588,73.000000,34.000000,0.053637,0.728822,0.610843,4.000000,4.000000,0.002939,0.237142,0.309149,11.000000,9.000000,0.008082,0.010639,0.035989,257.000000,48.000000,0.188832,-0.207864,-0.245441,233.000000,51.000000,0.171198,0.036291,-0.053804,100.000000,37.000000,0.073475,0.542980,0.428918,1280.000000,182.000000,0.940485,-0.007369,0.011883
2026-04-17,1284.000000,190.000000,2.000000,2.000000,0.001558,-1.323342,-1.191974,253.000000,67.000000,0.197040,-0.019079,0.180367,117.000000,44.000000,0.091121,-0.171863,0.025853,362.000000,95.000000,0.281931,0.053379,0.085689,52.000000,33.000000,0.040498,0.640229,0.733112,1.000000,1.000000,0.000779,-0.981461,-0.889628,2.000000,2.000000,0.001558,-1.401316,-1.253859,304.000000,74.000000,0.236760,0.002803,0.205819,201.000000,55.000000,0.156542,0.028790,0.083852,65.000000,35.000000,0.050623,0.319647,0.441771,1211.000000,187.000000,0.943146,-0.000517,0.009853
2026-04-18,780.000000,141.000000,2.000000,2.000000,0.002564,-0.757755,-0.665049,170.000000,39.000000,0.217949,0.096449,-0.007556,77.000000,20.000000,0.098718,-0.078758,-0.320773,246.000000,63.000000,0.315385,0.164611,-0.001569,24.000000,14.000000,0.030769,0.199370,0.264988,2.000000,2.000000,0.002564,0.285820,0.341488,2.000000,2.000000,0.002564,-0.827986,-0.712166,216.000000,43.000000,0.276923,0.176983,0.030981,113.000000,29.000000,0.144872,-0.123701,-0.209844,33.000000,18.000000,0.042308,0.024195,0.206593,751.000000,138.000000,0.962821,0.020956,0.001639
2026-04-19,669.000000,119.000000,3.000000,3.000000,0.004484,-0.132701,-0.086679,125.000000,39.000000,0.186846,-0.120181,0.099876,55.000000,21.000000,0.082212,-0.349370,-0.229193,174.000000,56.000000,0.260090,-0.047596,0.000546,21.000000,15.000000,0.031390,-0.088163,0.256018,2.000000,2.000000,0.002990,0.583724,0.664908,3.000000,3.000000,0.004484,-0.201918,-0.126403,162.000000,41.000000,0.242152,-0.056531,0.081513,84.000000,31.000000,0.125561,-0.334996,-0.050321,32.000000,17.000000,0.047833,-0.196535,0.102183,640.000000,117.000000,0.956652,0.013685,0.007442
2026-04-20,1171.000000,184.000000,6.000000,6.000000,0.005124,0.333798,0.341203,206.000000,58.000000,0.175918,-0.266874,-0.042794,102.000000,41.000000,0.087105,-0.268907,-0.045872,249.000000,83.000000,0.212639,-0.277593,-0.072912,22.000000,17.000000,0.018787,-0.328609,0.003081,4.000000,4.000000,0.003416,0.601305,0.621533,7.000000,7.000000,0.005978,0.391446,0.414336,276.000000,71.000000,0.235696,-0.151877,0.088871,148.000000,48.000000,0.126388,-0.284710,-0.091566,44.000000,25.000000,0.037575,-0.166300,0.114369,1098.000000,178.000000,0.937660,-0.006085,-0.013893
2026-04-21,1278.000000,190.000000,10.000000,8.000000,0.007825,0.352355,0.226126,221.000000,57.000000,0.172926,-0.137309,-0.022253,94.000000,35.000000,0.073552,-0.374837,-0.210466,342.000000,92.000000,0.267606,-0.039079,0.006565,29.000000,17.000000,0.022692,-0.117308,-0.111183,2.000000,2.000000,0.001565,-0.083537,-0.072982,10.000000,8.000000,0.007825,0.271541,0.162190,261.000000,59.000000,0.204225,-0.148515,-0.071256,177.000000,50.000000,0.138498,-0.086313,-0.047023,46.000000,21.000000,0.035994,-0.165348,-0.161086,1209.000000,185.000000,0.946009,-0.001306,-0.002829
2026-04-22,1345.000000,194.000000,12.000000,11.000000,0.008922,0.420835,0.437112,255.000000,60.000000,0.189591,-0.067435,-0.014762,100.000000,37.000000,0.074349,-0.340761,-0.232803,339.000000,91.000000,0.252045,-0.113737,-0.028670,17.000000,11.000000,0.012639,-0.587411,-0.444089,2.000000,2.000000,0.001487,-0.285089,-0.227752,13.000000,11.000000,0.009665,0.429615,0.394104,285.000000,61.000000,0.211896,-0.106683,-0.052606,201.000000,60.000000,0.149442,0.010072,0.087719,33.000000,20.000000,0.024535,-0.471246,-0.188700,1287.000000,186.000000,0.956877,0.006991,-0.016542
2026-04-23,1299.000000,192.000000,13.000000,13.000000,0.010008,0.360802,0.470234,230.000000,50.000000,0.177059,-0.033102,-0.127827,126.000000,35.000000,0.096998,-0.079652,-0.226752,313.000000,85.000000,0.240955,-0.102055,-0.071167,29.000000,19.000000,0.022325,-0.070949,0.031185,6.000000,6.000000,0.004619,0.612303,0.608565,20.000000,17.000000,0.015396,0.695615,0.666807,282.000000,53.000000,0.217090,0.034224,-0.125891,180.000000,48.000000,0.138568,-0.061069,-0.085080,41.000000,22.000000,0.031563,-0.233584,-0.091029,1244.000000,185.000000,0.957660,0.011454,-0.013612
2026-04-24,1180.000000,199.000000,9.000000,9.000000,0.007627,0.150555,0.155885,205.000000,50.000000,0.173729,-0.041648,-0.091658,115.000000,40.000000,0.097458,0.034124,-0.024439,296.000000,80.000000,0.250847,-0.050932,-0.116464,32.000000,19.000000,0.027119,0.307504,0.176431,4.000000,4.000000,0.003390,0.148308,0.124935,15.000000,13.000000,0.012712,0.555048,0.438527,243.000000,54.000000,0.205932,-0.029358,-0.087483,162.000000,52.000000,0.137288,0.013708,0.054170,43.000000,24.000000,0.036441,0.053734,0.056563,1115.000000,192.000000,0.944915,0.002139,-0.009340
2026-04-25,721.000000,146.000000,7.000000,6.000000,0.009709,0.460890,0.304505,116.000000,32.000000,0.160888,-0.099549,-0.172030,58.000000,24.000000,0.080444,-0.138705,-0.085534,188.000000,60.000000,0.260749,-0.010690,-0.068970,20.000000,12.000000,0.027739,0.158182,0.109832,1.000000,1.000000,0.001387,-0.213125,-0.253424,9.000000,6.000000,0.012483,0.620608,0.250964,143.000000,36.000000,0.198336,-0.044812,-0.112274,88.000000,34.000000,0.122053,-0.176358,-0.015190,32.000000,17.000000,0.044383,0.129144,0.146620,688.000000,144.000000,0.954230,0.012831,0.009977
2026-04-26,813.000000,130.000000,7.000000,7.000000,0.008610,0.463749,0.626556,45.000000,19.000000,0.055351,-1.220027,-0.627600,23.000000,14.000000,0.028290,-1.256929,-0.617686,351.000000,70.000000,0.431734,0.474475,0.150615,8.000000,5.000000,0.009840,-1.156118,-0.842437,0.000000,0.000000,0.000000,-1.299838,-1.092636,9.000000,8.000000,0.011070,0.625114,0.706015,47.000000,20.000000,0.057811,-1.366581,-0.643322,36.000000,18.000000,0.044280,-1.249733,-0.596895,16.000000,7.000000,0.019680,-1.014612,-0.804087,790.000000,127.000000,0.971710,0.030363,0.001950
2026-04-27,1131.000000,179.000000,13.000000,12.000000,0.011494,1.116440,1.051890,136.000000,36.000000,0.120248,-0.533771,-0.420167,52.000000,24.000000,0.045977,-0.753217,-0.450992,317.000000,91.000000,0.280283,0.016586,0.063142,19.000000,11.000000,0.016799,-0.385924,-0.366457,7.000000,7.000000,0.006189,1.055300,1.088992,13.000000,12.000000,0.011494,1.025804,0.976382,154.000000,37.000000,0.136163,-0.581162,-0.459724,70.000000,28.000000,0.061892,-0.873948,-0.521917,35.000000,15.000000,0.030946,-0.305208,-0.328782,1098.000000,175.000000,0.970822,0.029648,-0.002907
2026-04-28,1270.000000,192.000000,22.000000,16.000000,0.017323,1.126359,0.899333,136.000000,37.000000,0.107087,-0.500067,-0.392441,71.000000,30.000000,0.055906,-0.494186,-0.276939,360.000000,86.000000,0.283465,0.038726,-0.053034,11.000000,7.000000,0.008661,-1.005526,-0.948306,9.000000,7.000000,0.007087,1.154725,0.934640,22.000000,16.000000,0.017323,1.040978,0.830294,158.000000,40.000000,0.124409,-0.521731,-0.395878,93.000000,35.000000,0.073228,-0.598586,-0.335509,24.000000,12.000000,0.018898,-0.749636,-0.687959,1226.000000,186.000000,0.965354,0.019996,-0.007331
2026-04-29,1311.000000,195.000000,16.000000,14.000000,0.012204,0.718727,0.675504,170.000000,46.000000,0.129672,-0.328770,-0.214762,110.000000,37.000000,0.083905,-0.064019,-0.141056,326.000000,93.000000,0.248665,-0.105100,0.006398,19.000000,10.000000,0.014493,-0.409429,-0.521809,7.000000,7.000000,0.005339,0.725295,0.775918,16.000000,14.000000,0.012204,0.646586,0.627826,185.000000,48.000000,0.141114,-0.388159,-0.223737,138.000000,40.000000,0.105263,-0.215517,-0.244003,29.000000,12.000000,0.022121,-0.524650,-0.664038,1240.000000,189.000000,0.945843,-0.003480,-0.005158
2026-04-30,1308.000000,187.000000,7.000000,7.000000,0.005352,-0.249597,-0.087815,239.000000,46.000000,0.182722,0.118161,-0.115256,142.000000,42.000000,0.108563,0.191623,0.077305,320.000000,77.000000,0.244648,-0.063079,-0.123958,18.000000,12.000000,0.013761,-0.503507,-0.371012,3.000000,3.000000,0.002294,-0.137589,-0.082751,7.000000,7.000000,0.005352,-0.335880,-0.154995,251.000000,46.000000,0.191896,0.037910,-0.167543,186.000000,47.000000,0.142202,0.089593,-0.004667,34.000000,16.000000,0.025994,-0.379045,-0.351835,1265.000000,182.000000,0.967125,0.022481,-0.003123
2026-05-01,1148.000000,187.000000,15.000000,12.000000,0.013066,0.641997,0.487877,184.000000,47.000000,0.160279,-0.000035,-0.021743,127.000000,44.000000,0.110627,0.322047,0.230301,277.000000,72.000000,0.241289,-0.064290,-0.139462,7.000000,6.000000,0.006098,-1.093483,-0.846090,1.000000,1.000000,0.000871,-1.056273,-1.018469,15.000000,12.000000,0.013066,0.554171,0.415306,200.000000,48.000000,0.174216,-0.066919,-0.069160,155.000000,49.000000,0.135017,0.122951,0.132371,25.000000,12.000000,0.021777,-0.408644,-0.532752,1083.000000,182.000000,0.943380,0.001756,-0.000261
2026-05-02,724.000000,142.000000,4.000000,4.000000,0.005525,-0.088996,-0.047354,107.000000,25.000000,0.147790,-0.060285,-0.317375,68.000000,23.000000,0.093923,0.178850,-0.000238,174.000000,49.000000,0.240331,-0.065093,-0.221699,16.000000,10.000000,0.022099,-0.028084,-0.024643,0.000000,0.000000,0.000000,-1.458148,-1.438702,6.000000,5.000000,0.008287,0.199870,0.096384,114.000000,26.000000,0.157459,-0.143241,-0.331132,83.000000,27.000000,0.114641,-0.112079,-0.139143,25.000000,12.000000,0.034530,-0.075211,-0.141833,670.000000,140.000000,0.925414,-0.016496,0.010047
2026-05-03,573.000000,120.000000,1.000000,1.000000,0.001745,-0.840084,-0.922191,88.000000,30.000000,0.153578,-0.079936,-0.031006,55.000000,25.000000,0.095986,0.117723,0.126199,151.000000,54.000000,0.263525,0.010526,-0.006521,17.000000,10.000000,0.029668,-0.052501,-0.105937,0.000000,0.000000,0.000000,-1.100939,-1.134514,1.000000,1.000000,0.001745,-0.916722,-0.970868,108.000000,32.000000,0.188482,-0.057789,-0.028858,79.000000,31.000000,0.137871,0.005232,0.089931,25.000000,15.000000,0.043630,-0.189434,0.020390,538.000000,119.000000,0.938918,-0.002814,0.017117
2026-05-04,1055.000000,181.000000,1.000000,1.000000,0.000948,-1.063300,-1.104726,137.000000,50.000000,0.129858,-0.330054,-0.036529,67.000000,32.000000,0.063507,-0.264666,-0.079096,230.000000,71.000000,0.218009,-0.204462,-0.173204,21.000000,14.000000,0.019905,-0.189285,-0.136964,1.000000,1.000000,0.000948,-0.642583,-0.659257,3.000000,3.000000,0.002844,-0.307688,-0.335494,191.000000,53.000000,0.181043,-0.161810,-0.040788,130.000000,45.000000,0.123223,-0.061063,0.009913,30.000000,18.000000,0.028436,-0.348757,-0.145042,991.000000,173.000000,0.939336,-0.001908,-0.024853
2026-05-05,1211.000000,183.000000,4.000000,4.000000,0.003303,-0.495321,-0.383678,227.000000,49.000000,0.187448,0.186449,0.003026,93.000000,33.000000,0.076796,-0.009097,-0.034692,255.000000,84.000000,0.210570,-0.227082,-0.006892,11.000000,8.000000,0.009083,-0.930998,-0.768272,1.000000,1.000000,0.000826,-0.808366,-0.760725,4.000000,4.000000,0.003303,-0.581195,-0.454862,285.000000,53.000000,0.235343,0.250923,0.005187,172.000000,48.000000,0.142031,0.189277,0.099121,16.000000,12.000000,0.013212,-1.060370,-0.623595,1167.000000,179.000000,0.963666,0.019713,0.002741
2026-05-06,1313.000000,207.000000,33.000000,23.000000,0.025133,1.358377,1.061679,215.000000,55.000000,0.163747,0.033118,-0.027216,88.000000,36.000000,0.067022,-0.116951,-0.126676,301.000000,84.000000,0.229246,-0.154195,-0.132061,17.000000,14.000000,0.012947,-0.494533,-0.252868,4.000000,4.000000,0.003046,0.041955,0.066623,33.000000,23.000000,0.025133,1.286293,1.012265,256.000000,56.000000,0.194973,0.072257,-0.055383,146.000000,44.000000,0.111196,-0.032890,-0.134722,28.000000,19.000000,0.021325,-0.525270,-0.263393,1247.000000,201.000000,0.949733,0.002164,-0.002601
2026-05-07,1212.000000,188.000000,45.000000,28.000000,0.037129,1.555657,1.199263,158.000000,46.000000,0.130363,-0.088469,-0.050662,90.000000,37.000000,0.074257,-0.014530,0.047692,242.000000,77.000000,0.199670,-0.232635,-0.106736,15.000000,10.000000,0.012376,-0.581857,-0.546503,3.000000,3.000000,0.002475,-0.237951,-0.231913,45.000000,28.000000,0.037129,1.469970,1.130753,196.000000,51.000000,0.161716,0.006149,0.004434,125.000000,43.000000,0.103135,-0.102441,-0.023849,32.000000,14.000000,0.026403,-0.328808,-0.472169,1166.000000,185.000000,0.962046,0.018784,0.008465
2026-05-08,1256.000000,197.000000,13.000000,12.000000,0.010350,0.334102,0.388477,179.000000,51.000000,0.142516,0.013264,0.076949,88.000000,40.000000,0.070064,0.039592,0.185030,282.000000,81.000000,0.224522,-0.102132,-0.051431,10.000000,9.000000,0.007962,-0.826509,-0.515583,32.000000,21.000000,0.025478,1.748257,1.444183,16.000000,15.000000,0.012739,0.448075,0.530090,226.000000,54.000000,0.179936,0.104771,0.070738,175.000000,55.000000,0.139331,0.281794,0.268524,18.000000,14.000000,0.014331,-0.787142,-0.423151,1207.000000,192.000000,0.960987,0.021925,0.001857
2026-05-09,779.000000,149.000000,8.000000,8.000000,0.010270,0.388303,0.488720,73.000000,31.000000,0.093710,-0.382608,-0.084524,42.000000,24.000000,0.053915,-0.198528,0.094135,127.000000,54.000000,0.163030,-0.416998,-0.150150,11.000000,7.000000,0.014121,-0.443815,-0.407288,24.000000,18.000000,0.030809,2.174918,1.972616,9.000000,9.000000,0.011553,0.422320,0.542484,87.000000,32.000000,0.111682,-0.345204,-0.099924,86.000000,34.000000,0.110398,-0.022626,0.112785,20.000000,11.000000,0.025674,-0.335830,-0.261152,727.000000,141.000000,0.933248,-0.006324,-0.030045
2026-05-10,600.000000,118.000000,2.000000,2.000000,0.003333,-0.465927,-0.450964,87.000000,31.000000,0.145000,-0.006075,0.086826,47.000000,25.000000,0.078333,0.089513,0.242971,109.000000,42.000000,0.181667,-0.324275,-0.215208,10.000000,8.000000,0.016667,-0.592676,-0.300085,6.000000,2.000000,0.010000,1.228847,0.336638,2.000000,2.000000,0.003333,-0.540400,-0.499775,104.000000,33.000000,0.173333,-0.000967,0.092719,80.000000,30.000000,0.133333,0.098466,0.146561,26.000000,14.000000,0.043333,-0.167609,-0.018910,567.000000,117.000000,0.945000,0.005430,0.017522
2026-05-11,1141.000000,185.000000,4.000000,4.000000,0.003506,-0.138294,-0.087854,182.000000,53.000000,0.159509,0.005944,0.067818,85.000000,34.000000,0.074496,0.066929,0.058466,295.000000,77.000000,0.258545,0.002198,-0.090830,26.000000,18.000000,0.022787,-0.043516,0.084388,10.000000,8.000000,0.008764,1.032929,0.896064,4.000000,4.000000,0.003506,-0.227308,-0.165661,200.000000,54.000000,0.175285,-0.053815,0.030179,134.000000,43.000000,0.117441,0.016787,0.014626,59.000000,27.000000,0.051709,0.269149,0.239255,1078.000000,179.000000,0.944785,0.005715,-0.011968
2026-05-12,1322.000000,196.000000,26.000000,16.000000,0.019667,1.090719,0.784011,214.000000,44.000000,0.161876,0.170906,-0.103968,120.000000,38.000000,0.090772,0.330307,0.135077,326.000000,85.000000,0.246596,-0.032349,-0.039713,21.000000,14.000000,0.015885,-0.379455,-0.303912,8.000000,8.000000,0.006051,0.644251,0.746036,27.000000,17.000000,0.020424,1.045055,0.772314,228.000000,47.000000,0.172466,0.080716,-0.108379,163.000000,43.000000,0.123298,0.173099,-0.007464,39.000000,21.000000,0.029501,-0.248430,-0.140997,1282.000000,190.000000,0.969743,0.027889,-0.005412
2026-05-13,1327.000000,200.000000,9.000000,6.000000,0.006782,-0.015431,-0.255532,140.000000,45.000000,0.105501,-0.274752,-0.124614,85.000000,38.000000,0.064054,0.010913,0.059032,391.000000,90.000000,0.294650,0.134109,-0.005438,18.000000,16.000000,0.013564,-0.437452,-0.091701,3.000000,3.000000,0.002261,-0.415905,-0.311508,9.000000,6.000000,0.006782,-0.083858,-0.303914,155.000000,46.000000,0.116805,-0.299171,-0.142936,131.000000,43.000000,0.098719,-0.027557,-0.053748,27.000000,21.000000,0.020347,-0.546220,-0.124034,1284.000000,195.000000,0.967596,0.022704,0.002054
2026-05-14,1352.000000,198.000000,4.000000,4.000000,0.002959,-0.973196,-0.766879,132.000000,35.000000,0.097633,-0.247045,-0.305914,85.000000,32.000000,0.062870,-0.008285,-0.049769,437.000000,96.000000,0.323225,0.286339,0.084831,21.000000,16.000000,0.015533,-0.352979,-0.149078,6.000000,6.000000,0.004438,0.074978,0.173598,8.000000,7.000000,0.005917,-0.418755,-0.323150,156.000000,39.000000,0.115385,-0.191753,-0.240171,112.000000,36.000000,0.082840,-0.198326,-0.182502,43.000000,23.000000,0.031805,-0.122356,-0.034419,1310.000000,192.000000,0.968935,0.027916,-0.005389
2026-05-15,1276.000000,197.000000,2.000000,2.000000,0.001567,-1.476580,-1.291823,127.000000,37.000000,0.099530,-0.215625,-0.174978,74.000000,26.000000,0.057994,0.023023,-0.142997,373.000000,88.000000,0.292320,0.199800,0.054856,24.000000,16.000000,0.018809,0.014824,0.032860,2.000000,2.000000,0.001567,-1.029637,-0.869915,3.000000,3.000000,0.002351,-1.222195,-1.027057,143.000000,38.000000,0.112069,-0.229456,-0.205456,98.000000,31.000000,0.076803,-0.190303,-0.230732,34.000000,22.000000,0.026646,-0.156732,0.021666,1219.000000,192.000000,0.955329,0.018036,0.002533
2026-05-16,728.000000,149.000000,6.000000,4.000000,0.008242,0.077178,-0.219827,46.000000,22.000000,0.063187,-0.644944,-0.356691,28.000000,12.000000,0.038462,-0.360217,-0.483883,177.000000,65.000000,0.243132,0.020216,0.057574,18.000000,13.000000,0.024725,0.108121,0.176350,5.000000,5.000000,0.006868,0.551835,0.597447,6.000000,4.000000,0.008242,0.005044,-0.275123,51.000000,24.000000,0.070055,-0.670881,-0.312145,47.000000,18.000000,0.064560,-0.434742,-0.444577,27.000000,16.000000,0.037088,0.047465,0.104330,685.000000,146.000000,0.940934,0.003887,0.005371
2026-05-17,677.000000,130.000000,3.000000,2.000000,0.004431,-0.361946,-0.620886,51.000000,17.000000,0.075332,-0.530098,-0.533833,37.000000,18.000000,0.054653,-0.098512,-0.080424,142.000000,57.000000,0.209749,-0.142498,0.014821,25.000000,12.000000,0.036928,0.182181,-0.015069,6.000000,5.000000,0.008863,0.912555,0.867620,3.000000,2.000000,0.004431,-0.430889,-0.667159,60.000000,18.000000,0.088626,-0.532756,-0.527904,62.000000,26.000000,0.091581,-0.157261,-0.025679,31.000000,14.000000,0.045790,-0.094444,-0.111473,646.000000,128.000000,0.954210,0.017314,0.011644
2026-05-18,1181.000000,191.000000,9.000000,9.000000,0.007621,0.461623,0.552883,124.000000,34.000000,0.104996,-0.285841,-0.340652,54.000000,28.000000,0.045724,-0.250516,-0.072227,275.000000,88.000000,0.232854,-0.063316,0.033872,26.000000,14.000000,0.022015,-0.070479,-0.195879,6.000000,6.000000,0.005080,0.324885,0.435950,9.000000,9.000000,0.007621,0.378586,0.477981,132.000000,34.000000,0.111770,-0.368862,-0.390822,103.000000,39.000000,0.087214,-0.163648,-0.050677,42.000000,18.000000,0.035563,-0.081858,-0.186332,1102.000000,189.000000,0.933108,-0.004554,0.011218
2026-05-19,1347.000000,185.000000,15.000000,10.000000,0.011136,0.422416,0.314279,171.000000,48.000000,0.126949,0.051836,0.100267,71.000000,29.000000,0.052710,-0.044929,0.016764,370.000000,91.000000,0.274684,0.114341,0.109159,14.000000,12.000000,0.010393,-0.785114,-0.399994,8.000000,6.000000,0.005939,0.433841,0.376983,16.000000,11.000000,0.011878,0.408648,0.337984,189.000000,48.000000,0.140312,0.006521,0.036547,124.000000,41.000000,0.092056,-0.004245,0.064223,33.000000,18.000000,0.024499,-0.412939,-0.232153,1295.000000,181.000000,0.961396,0.021449,0.004385
2026-05-20,1407.000000,195.000000,9.000000,9.000000,0.006397,-0.187086,0.073877,125.000000,33.000000,0.088842,-0.324696,-0.346282,73.000000,33.000000,0.051883,-0.035485,0.033860,397.000000,89.000000,0.282161,0.129712,0.032057,32.000000,24.000000,0.022743,0.074131,0.323560,7.000000,6.000000,0.004975,0.099060,0.176887,9.000000,9.000000,0.006397,-0.248667,0.029126,136.000000,34.000000,0.096660,-0.358501,-0.351075,112.000000,41.000000,0.079602,-0.130493,-0.016035,59.000000,29.000000,0.041933,0.185170,0.218278,1343.000000,189.000000,0.954513,0.011356,-0.003175
2026-05-21,1287.000000,194.000000,8.000000,5.000000,0.006216,-0.400489,-0.620833,109.000000,34.000000,0.084693,-0.269147,-0.256364,69.000000,30.000000,0.053613,-0.005262,-0.006112,333.000000,92.000000,0.258741,0.102842,0.086001,34.000000,21.000000,0.026418,0.175560,0.130655,11.000000,9.000000,0.008547,0.509747,0.420526,8.000000,5.000000,0.006216,-0.474769,-0.683940,127.000000,38.000000,0.098679,-0.220399,-0.181934,105.000000,33.000000,0.081585,-0.104161,-0.190179,66.000000,29.000000,0.051282,0.368601,0.213200,1211.000000,190.000000,0.940948,0.000884,0.005242
2026-05-22,1244.000000,198.000000,10.000000,9.000000,0.008039,-0.127464,-0.036041,113.000000,30.000000,0.090836,-0.189581,-0.330399,72.000000,33.000000,0.057878,0.179573,0.171210,303.000000,85.000000,0.243569,0.056068,0.038274,16.000000,9.000000,0.012862,-0.348781,-0.529434,14.000000,9.000000,0.011254,0.572916,0.310703,10.000000,9.000000,0.008039,-0.201870,-0.103404,128.000000,33.000000,0.102894,-0.190096,-0.287737,104.000000,38.000000,0.083601,0.000771,0.020781,37.000000,18.000000,0.029743,-0.031447,-0.180029,1180.000000,187.000000,0.948553,0.013238,-0.028034
2026-05-23,745.000000,141.000000,5.000000,4.000000,0.006711,-0.222580,-0.238045,81.000000,27.000000,0.108725,0.007581,-0.046664,34.000000,18.000000,0.045638,-0.036669,0.045655,171.000000,57.000000,0.229530,0.000837,0.004762,12.000000,8.000000,0.016107,-0.300568,-0.236477,7.000000,5.000000,0.009396,0.663239,0.506988,5.000000,4.000000,0.006711,-0.286627,-0.288646,94.000000,30.000000,0.126174,0.034558,0.021764,56.000000,24.000000,0.075168,-0.180496,-0.054988,25.000000,14.000000,0.033557,-0.035271,0.028203,696.000000,138.000000,0.934228,-0.000877,0.004830
2026-05-24,624.000000,122.000000,4.000000,4.000000,0.006410,-0.136668,-0.041548,84.000000,34.000000,0.134615,0.158130,0.260707,25.000000,16.000000,0.040064,-0.250316,-0.051427,160.000000,57.000000,0.256410,0.095454,0.100139,12.000000,9.000000,0.019231,-0.442750,-0.231227,0.000000,0.000000,0.000000,-1.741056,-1.607896,4.000000,4.000000,0.006410,-0.197128,-0.082780,95.000000,34.000000,0.152244,0.123436,0.216404,53.000000,22.000000,0.084936,-0.130511,-0.074519,23.000000,11.000000,0.036859,-0.290857,-0.282772,585.000000,120.000000,0.937500,0.002012,0.011202
2026-05-25,824.000000,141.000000,4.000000,4.000000,0.004854,-0.030698,0.037845,123.000000,34.000000,0.149272,0.174362,0.011907,53.000000,23.000000,0.064320,0.239680,0.114502,212.000000,71.000000,0.257282,0.073678,0.144162,15.000000,9.000000,0.018204,-0.240219,-0.321424,6.000000,4.000000,0.007282,0.520707,0.234449,4.000000,4.000000,0.004854,-0.104865,-0.031671,131.000000,34.000000,0.158981,0.098052,-0.033104,78.000000,28.000000,0.094660,0.017182,-0.025829,32.000000,13.000000,0.038835,0.024047,-0.203018,771.000000,139.000000,0.935680,0.000478,0.007406
2026-05-26,1142.000000,189.000000,6.000000,5.000000,0.005254,-0.383072,-0.420739,178.000000,57.000000,0.155867,0.362310,0.298129,52.000000,23.000000,0.045534,-0.043284,-0.156504,236.000000,75.000000,0.206655,-0.133175,-0.082819,30.000000,21.000000,0.026270,0.130920,0.117174,4.000000,3.000000,0.003503,-0.193983,-0.393034,6.000000,5.000000,0.005254,-0.450111,-0.482280,197.000000,57.000000,0.172504,0.324099,0.239366,152.000000,47.000000,0.133100,0.458017,0.225260,45.000000,26.000000,0.039405,0.072249,0.101931,1028.000000,184.000000,0.900175,-0.041890,0.000366
2026-05-27,1326.000000,191.000000,5.000000,5.000000,0.003771,-0.772001,-0.516375,182.000000,47.000000,0.137255,0.211105,0.070370,76.000000,33.000000,0.057315,0.205519,0.127176,303.000000,86.000000,0.228507,-0.045153,0.039628,44.000000,27.000000,0.033183,0.455769,0.456391,6.000000,6.000000,0.004525,-0.133977,0.074105,5.000000,5.000000,0.003771,-0.823960,-0.555062,197.000000,48.000000,0.148567,0.177534,0.061733,131.000000,41.000000,0.098793,0.175792,0.049466,65.000000,30.000000,0.049020,0.354073,0.267508,1221.000000,183.000000,0.920814,-0.022064,-0.013844
2026-05-28,1284.000000,199.000000,9.000000,8.000000,0.007009,-0.380230,-0.271967,174.000000,51.000000,0.135514,0.297686,0.163623,56.000000,25.000000,0.043614,-0.072327,-0.140619,297.000000,82.000000,0.231308,0.025830,-0.033182,34.000000,20.000000,0.026480,0.186822,0.055085,6.000000,6.000000,0.004673,-0.199379,-0.100828,9.000000,8.000000,0.007009,-0.444526,-0.328677,199.000000,52.000000,0.154984,0.332868,0.152079,153.000000,44.000000,0.119159,0.360519,0.110833,49.000000,24.000000,0.038162,0.088863,-0.003250,1218.000000,196.000000,0.948598,0.011545,0.011842
2026-05-29,1198.000000,192.000000,45.000000,23.000000,0.037563,1.288068,0.842749,119.000000,39.000000,0.099332,-0.005737,0.001209,40.000000,20.000000,0.033389,-0.231679,-0.222411,239.000000,82.000000,0.199499,-0.109132,0.053173,23.000000,20.000000,0.019199,0.052373,0.268468,30.000000,16.000000,0.025042,1.222158,0.784251,46.000000,24.000000,0.038397,1.245740,0.823786,137.000000,40.000000,0.114357,0.014104,-0.020716,85.000000,30.000000,0.070952,-0.078687,-0.141745,39.000000,26.000000,0.032554,0.070955,0.203879,1097.000000,188.000000,0.915693,-0.019412,0.008829
2026-05-30,761.000000,153.000000,13.000000,10.000000,0.017083,0.571060,0.474603,66.000000,29.000000,0.086728,-0.126386,-0.017526,31.000000,17.000000,0.040736,-0.020023,-0.027266,159.000000,57.000000,0.208936,-0.059936,-0.056945,12.000000,9.000000,0.015769,-0.310844,-0.207344,7.000000,6.000000,0.009198,0.519622,0.491747,14.000000,11.000000,0.018397,0.589155,0.522027,74.000000,30.000000,0.097240,-0.130229,-0.015355,60.000000,24.000000,0.078844,-0.053712,-0.099015,19.000000,14.000000,0.024967,-0.312269,-0.059645,708.000000,143.000000,0.930355,-0.002374,-0.039878
2026-05-31,650.000000,125.000000,7.000000,6.000000,0.010769,0.256216,0.252970,50.000000,23.000000,0.076923,-0.310989,-0.109747,26.000000,11.000000,0.040000,-0.128562,-0.376011,142.000000,49.000000,0.218462,-0.032353,-0.054975,26.000000,14.000000,0.040000,0.280075,0.167543,5.000000,4.000000,0.007692,0.503930,0.472583,7.000000,6.000000,0.010769,0.206777,0.219115,60.000000,26.000000,0.092308,-0.284437,-0.030261,50.000000,19.000000,0.076923,-0.153507,-0.207410,42.000000,20.000000,0.064615,0.273124,0.263869,605.000000,121.000000,0.930769,-0.002480,-0.003654
2026-06-01,1080.000000,181.000000,11.000000,9.000000,0.010185,0.566552,0.492594,150.000000,53.000000,0.138889,0.183793,0.237501,53.000000,25.000000,0.049074,0.088432,0.005145,216.000000,68.000000,0.200000,-0.147202,-0.128750,53.000000,28.000000,0.049074,0.741897,0.530098,23.000000,14.000000,0.021296,1.434399,1.072769,11.000000,9.000000,0.010185,0.503736,0.430775,166.000000,53.000000,0.153704,0.148039,0.195808,121.000000,38.000000,0.112037,0.254908,0.058163,76.000000,32.000000,0.070370,0.621879,0.419421,1036.000000,181.000000,0.959259,0.028201,0.023418
2026-06-02,1391.000000,190.000000,10.000000,9.000000,0.007189,-0.164398,0.081501,139.000000,43.000000,0.099928,-0.003992,0.046257,74.000000,30.000000,0.053199,0.223347,0.152598,293.000000,83.000000,0.210640,-0.084864,0.030072,49.000000,30.000000,0.035226,0.433122,0.463866,7.000000,7.000000,0.005032,0.030070,0.289918,10.000000,9.000000,0.007189,-0.219765,0.027973,153.000000,44.000000,0.109993,-0.046122,0.013197,136.000000,45.000000,0.097771,0.216790,0.205422,102.000000,49.000000,0.073329,0.699214,0.713010,1315.000000,188.000000,0.945363,0.009888,0.017591
2026-06-03,1384.000000,201.000000,14.000000,12.000000,0.010116,0.098280,0.220417,153.000000,48.000000,0.110549,0.067713,0.070088,70.000000,33.000000,0.050578,0.189267,0.126373,255.000000,76.000000,0.184249,-0.231978,-0.117317,30.000000,18.000000,0.021676,0.051920,0.012749,8.000000,8.000000,0.005780,0.014038,0.227846,14.000000,12.000000,0.010116,0.058304,0.190056,167.000000,49.000000,0.120665,0.043304,0.063633,162.000000,48.000000,0.117052,0.406743,0.179905,57.000000,32.000000,0.041185,0.192845,0.271206,1303.000000,197.000000,0.941474,0.002911,0.009959
2026-06-04,1321.000000,191.000000,14.000000,11.000000,0.010598,-0.034103,0.043764,120.000000,44.000000,0.090840,-0.033620,0.085166,85.000000,37.000000,0.064345,0.416000,0.332043,274.000000,83.000000,0.207419,-0.056348,0.035583,42.000000,21.000000,0.031794,0.385469,0.148459,4.000000,4.000000,0.003028,-0.660086,-0.480740,14.000000,11.000000,0.010598,-0.086113,-0.004310,126.000000,46.000000,0.095382,-0.083629,0.100576,155.000000,47.000000,0.117335,0.402327,0.239051,56.000000,26.000000,0.042392,0.204534,0.106481,1226.000000,184.000000,0.928085,-0.007485,-0.009272
2026-06-05,1215.000000,193.000000,11.000000,10.000000,0.009053,-0.141249,0.010995,77.000000,29.000000,0.063374,-0.390761,-0.271979,58.000000,25.000000,0.047737,0.218419,0.032941,258.000000,69.000000,0.212346,-0.021719,-0.108394,29.000000,21.000000,0.023868,0.286098,0.317322,3.000000,3.000000,0.002469,-1.008024,-0.813290,11.000000,10.000000,0.009053,-0.192736,-0.040700,84.000000,29.000000,0.069136,-0.425439,-0.317088,96.000000,31.000000,0.079012,0.080553,-0.095765,45.000000,24.000000,0.037037,0.210104,0.110184,1162.000000,190.000000,0.956379,0.026892,0.015319
2026-06-06,760.000000,142.000000,8.000000,7.000000,0.010526,0.078701,0.197963,58.000000,21.000000,0.076316,-0.196543,-0.238837,34.000000,15.000000,0.044737,0.162561,-0.036245,154.000000,54.000000,0.202632,-0.066906,-0.022198,15.000000,10.000000,0.019737,-0.071978,-0.025215,1.000000,1.000000,0.001316,-1.125768,-0.930670,8.000000,7.000000,0.010526,0.038199,0.163654,73.000000,22.000000,0.096053,-0.087216,-0.223142,73.000000,24.000000,0.096053,0.189478,-0.009341,27.000000,16.000000,0.035526,0.044706,0.133157,726.000000,137.000000,0.955263,0.026904,-0.007351
2026-06-07,646.000000,131.000000,2.000000,2.000000,0.003096,-0.858225,-0.756473,88.000000,29.000000,0.136223,0.307458,0.089053,43.000000,21.000000,0.066563,0.457258,0.237413,125.000000,46.000000,0.193498,-0.131281,-0.150660,56.000000,17.000000,0.086687,1.067876,0.318610,2.000000,2.000000,0.003096,-0.301512,-0.180116,2.000000,2.000000,0.003096,-0.894536,-0.780801,108.000000,30.000000,0.167183,0.354783,0.082703,102.000000,30.000000,0.157895,0.602671,0.205609,74.000000,21.000000,0.114551,0.852589,0.254034,609.000000,127.000000,0.942724,0.013176,-0.000816
2026-06-08,1112.000000,171.000000,6.000000,6.000000,0.005396,-0.045990,0.169154,182.000000,51.000000,0.163669,0.393212,0.270875,70.000000,33.000000,0.062950,0.412920,0.364721,269.000000,86.000000,0.241906,0.062908,0.173554,164.000000,52.000000,0.147482,1.862638,1.208687,6.000000,6.000000,0.005396,0.111070,0.320402,6.000000,6.000000,0.005396,-0.095430,0.117136,205.000000,53.000000,0.184353,0.372008,0.267822,200.000000,56.000000,0.179856,0.763646,0.507161,200.000000,58.000000,0.179856,1.568389,1.052391,1006.000000,168.000000,0.904676,-0.027403,0.006792
2026-06-09,1290.000000,198.000000,13.000000,6.000000,0.010078,0.158574,-0.332544,152.000000,55.000000,0.117829,0.200848,0.260893,56.000000,26.000000,0.043411,0.093537,-0.002826,350.000000,91.000000,0.271318,0.186613,0.092142,58.000000,28.000000,0.044961,0.704340,0.367828,7.000000,5.000000,0.005426,0.110526,-0.056022,13.000000,6.000000,0.010078,0.116808,-0.376013,175.000000,57.000000,0.135659,0.199652,0.240617,108.000000,43.000000,0.083721,0.094481,0.125069,85.000000,36.000000,0.065891,0.605535,0.355648,1152.000000,187.000000,0.893023,-0.044100,-0.027554
2026-06-10,1323.000000,202.000000,46.000000,22.000000,0.034769,1.313983,0.816574,225.000000,58.000000,0.170068,0.532527,0.261830,81.000000,35.000000,0.061224,0.444482,0.201676,284.000000,79.000000,0.214664,-0.062368,-0.073042,21.000000,13.000000,0.015873,-0.221733,-0.292808,16.000000,13.000000,0.012094,0.741325,0.702332,46.000000,22.000000,0.034769,1.287811,0.796511,239.000000,60.000000,0.180650,0.476398,0.268269,178.000000,54.000000,0.134543,0.572661,0.294042,31.000000,19.000000,0.023432,-0.351359,-0.256520,1250.000000,197.000000,0.944822,0.009448,0.006248
2026-06-11,1303.000000,197.000000,40.000000,25.000000,0.030698,1.020885,0.829265,237.000000,59.000000,0.181888,0.688679,0.351391,65.000000,31.000000,0.049885,0.222301,0.145347,346.000000,84.000000,0.265541,0.205781,0.026625,18.000000,13.000000,0.013814,-0.399484,-0.331590,9.000000,8.000000,0.006907,0.133163,0.152464,40.000000,25.000000,0.030698,0.982856,0.791707,261.000000,59.000000,0.200307,0.680948,0.322111,178.000000,47.000000,0.136608,0.576109,0.207643,26.000000,15.000000,0.019954,-0.526077,-0.472794,1232.000000,190.000000,0.945510,0.014143,-0.006794
2026-06-12,1234.000000,190.000000,23.000000,18.000000,0.018639,0.580472,0.619294,154.000000,41.000000,0.124797,0.308863,0.088850,57.000000,25.000000,0.046191,0.238757,0.063263,272.000000,79.000000,0.220421,0.029498,0.050717,13.000000,13.000000,0.010535,-0.476006,-0.114780,11.000000,10.000000,0.008914,0.211217,0.339628,24.000000,19.000000,0.019449,0.584784,0.630953,164.000000,43.000000,0.132901,0.244353,0.089683,97.000000,34.000000,0.078606,0.092823,0.007215,23.000000,18.000000,0.018639,-0.453095,-0.167512,1150.000000,182.000000,0.931929,0.004085,-0.010734
2026-06-13,749.000000,149.000000,9.000000,9.000000,0.012016,0.235176,0.419000,72.000000,30.000000,0.096128,0.053153,0.064560,28.000000,17.000000,0.037383,0.033331,0.048505,178.000000,58.000000,0.237650,0.104574,0.009149,15.000000,9.000000,0.020027,-0.020352,-0.153856,8.000000,8.000000,0.010681,0.680840,0.805139,9.000000,9.000000,0.012016,0.208920,0.395573,86.000000,32.000000,0.114820,0.104068,0.096795,54.000000,26.000000,0.072096,-0.082076,0.014959,25.000000,12.000000,0.033378,-0.002968,-0.204765,704.000000,142.000000,0.939920,0.013824,-0.018145
2026-06-14,659.000000,127.000000,3.000000,3.000000,0.004552,-0.503167,-0.350928,81.000000,30.000000,0.122914,0.221327,0.152391,25.000000,17.000000,0.037936,-0.055120,0.070088,171.000000,53.000000,0.259484,0.172234,0.027896,24.000000,15.000000,0.036419,0.251381,0.248778,2.000000,1.000000,0.003035,-0.252218,-0.601350,3.000000,3.000000,0.004552,-0.525142,-0.364226,95.000000,30.000000,0.144158,0.216128,0.110820,49.000000,23.000000,0.074355,-0.136466,-0.033393,43.000000,21.000000,0.065250,0.308202,0.272240,592.000000,121.000000,0.898331,-0.031858,-0.016956
2026-06-15,1169.000000,173.000000,6.000000,3.000000,0.005133,-0.049993,-0.417541,253.000000,66.000000,0.216424,0.683853,0.512019,85.000000,33.000000,0.072712,0.591964,0.357626,385.000000,89.000000,0.329341,0.380731,0.202913,31.000000,24.000000,0.026518,0.200572,0.457232,5.000000,4.000000,0.004277,-0.025549,0.009302,6.000000,3.000000,0.005133,-0.085038,-0.458404,277.000000,67.000000,0.236955,0.626566,0.483551,121.000000,39.000000,0.103507,0.217296,0.126083,52.000000,31.000000,0.044482,0.192274,0.409218,1094.000000,167.000000,0.935843,0.009657,-0.009422
2026-06-16,1297.000000,193.000000,10.000000,9.000000,0.007710,-0.045074,0.121643,240.000000,65.000000,0.185042,0.659001,0.447090,63.000000,29.000000,0.048574,0.235654,0.131177,368.000000,88.000000,0.283732,0.239801,0.090375,43.000000,26.000000,0.033153,0.445242,0.344218,2.000000,2.000000,0.001542,-0.902469,-0.741939,10.000000,9.000000,0.007710,-0.072411,0.089431,265.000000,68.000000,0.204318,0.607881,0.433610,90.000000,42.000000,0.069391,-0.091814,0.113287,66.000000,33.000000,0.050887,0.362945,0.282805,1204.000000,187.000000,0.928296,-0.002150,-0.000802
2026-06-17,1362.000000,195.000000,11.000000,11.000000,0.008076,-0.052274,0.234836,245.000000,69.000000,0.179883,0.592732,0.462442,47.000000,30.000000,0.034508,-0.098904,0.083251,443.000000,92.000000,0.325257,0.359860,0.118950,46.000000,32.000000,0.033774,0.564919,0.645958,1.000000,1.000000,0.000734,-1.584479,-1.374255,12.000000,11.000000,0.008811,0.019369,0.226108,260.000000,73.000000,0.190896,0.526880,0.488308,77.000000,37.000000,0.056535,-0.293978,-0.060955,65.000000,37.000000,0.047724,0.366120,0.420082,1305.000000,185.000000,0.958150,0.026728,-0.020035
2026-06-18,1354.000000,195.000000,10.000000,8.000000,0.007386,-0.301050,-0.200025,274.000000,79.000000,0.202363,0.795835,0.642825,72.000000,39.000000,0.053176,0.305937,0.377215,373.000000,93.000000,0.275480,0.248583,0.142788,44.000000,23.000000,0.032496,0.485795,0.259386,2.000000,2.000000,0.001477,-1.129531,-0.967618,11.000000,9.000000,0.008124,-0.233700,-0.114969,297.000000,81.000000,0.219350,0.763097,0.635160,103.000000,45.000000,0.076071,-0.014210,0.156428,63.000000,33.000000,0.046529,0.324231,0.295812,1247.000000,189.000000,0.920975,-0.008816,-0.000593
2026-06-19,1162.000000,194.000000,9.000000,9.000000,0.007745,-0.192663,-0.004169,145.000000,64.000000,0.124785,0.306351,0.499018,33.000000,20.000000,0.028399,-0.225850,-0.183067,223.000000,73.000000,0.191910,-0.103635,-0.044298,76.000000,35.000000,0.065404,1.366168,0.859205,6.000000,5.000000,0.005164,-0.179585,-0.226645,9.000000,9.000000,0.007745,-0.215669,-0.033733,165.000000,66.000000,0.141997,0.298354,0.479786,82.000000,32.000000,0.070568,-0.024568,-0.093565,100.000000,40.000000,0.086059,1.075254,0.583263,1086.000000,189.000000,0.934596,0.010271,0.007488
2026-06-20,724.000000,145.000000,2.000000,2.000000,0.002762,-0.987597,-0.820916,96.000000,34.000000,0.132597,0.367373,0.203307,22.000000,13.000000,0.030387,-0.158339,-0.193947,169.000000,63.000000,0.233425,0.090719,0.121781,32.000000,19.000000,0.044199,0.802970,0.621484,1.000000,1.000000,0.001381,-0.891729,-0.794271,3.000000,3.000000,0.004144,-0.663109,-0.496442,107.000000,38.000000,0.147790,0.339796,0.277905,49.000000,21.000000,0.067680,-0.158105,-0.189286,54.000000,23.000000,0.074586,0.805941,0.441784,669.000000,144.000000,0.924033,0.000167,0.024127
2026-06-21,648.000000,130.000000,3.000000,3.000000,0.004630,-0.402541,-0.301982,113.000000,41.000000,0.174383,0.560843,0.424380,24.000000,19.000000,0.037037,-0.072095,0.142680,141.000000,50.000000,0.217593,-0.000253,-0.049954,20.000000,13.000000,0.030864,0.140412,0.117937,1.000000,1.000000,0.001543,-0.610199,-0.509728,3.000000,3.000000,0.004630,-0.410355,-0.303867,137.000000,45.000000,0.211420,0.578788,0.470731,42.000000,28.000000,0.064815,-0.288956,0.112450,38.000000,18.000000,0.058642,0.218767,0.087376,613.000000,128.000000,0.945988,0.023223,0.017191
2026-06-22,1130.000000,176.000000,3.000000,3.000000,0.002655,-0.546148,-0.358723,178.000000,60.000000,0.157522,0.355857,0.386401,45.000000,23.000000,0.039823,-0.003155,-0.028819,238.000000,79.000000,0.210619,-0.063482,0.069824,28.000000,17.000000,0.024779,0.186249,0.135396,4.000000,4.000000,0.003540,-0.048920,0.113166,3.000000,3.000000,0.002655,-0.567170,-0.388212,197.000000,61.000000,0.174336,0.298884,0.355044,71.000000,33.000000,0.062832,-0.298802,-0.081235,45.000000,18.000000,0.039823,0.099327,-0.151115,1054.000000,173.000000,0.932743,0.009820,0.009968
2026-06-23,1257.000000,194.000000,6.000000,5.000000,0.004773,-0.399526,-0.350589,160.000000,46.000000,0.127287,0.272346,0.084372,48.000000,28.000000,0.038186,-0.005025,0.074527,278.000000,79.000000,0.221161,-0.007737,-0.020034,31.000000,19.000000,0.024662,0.206951,0.065296,3.000000,3.000000,0.002387,-0.384485,-0.283937,6.000000,5.000000,0.004773,-0.413009,-0.371489,178.000000,48.000000,0.141607,0.218068,0.063616,67.000000,30.000000,0.053302,-0.376302,-0.250538,43.000000,23.000000,0.034208,-0.013537,-0.087453,1145.000000,189.000000,0.910899,-0.017531,0.005945
2026-06-24,1292.000000,190.000000,11.000000,8.000000,0.008514,0.098777,0.041132,128.000000,42.000000,0.099071,-0.017628,-0.019390,55.000000,28.000000,0.042570,0.102834,0.022165,326.000000,80.000000,0.252322,0.106684,0.007335,30.000000,19.000000,0.023220,0.250355,0.195110,4.000000,3.000000,0.003096,-0.276667,-0.369189,11.000000,8.000000,0.008514,0.100695,0.043631,141.000000,44.000000,0.109133,-0.057108,-0.008334,75.000000,33.000000,0.058050,-0.292580,-0.176117,47.000000,23.000000,0.036378,0.114601,-0.031481,1183.000000,189.000000,0.915635,-0.015068,0.028404
2026-06-25,1307.000000,191.000000,4.000000,3.000000,0.003060,-1.010538,-0.980949,97.000000,41.000000,0.074216,-0.221639,-0.003201,64.000000,33.000000,0.048967,0.213698,0.212027,329.000000,82.000000,0.251721,0.158154,0.039285,21.000000,16.000000,0.016067,-0.150705,-0.038346,3.000000,3.000000,0.002295,-0.595562,-0.473799,4.000000,3.000000,0.003060,-1.020728,-0.995999,106.000000,41.000000,0.081102,-0.257329,-0.040768,89.000000,39.000000,0.068095,-0.151861,0.006262,34.000000,20.000000,0.026014,-0.233033,-0.184187,1076.000000,188.000000,0.823259,-0.117297,0.015981
2026-06-26,1208.000000,189.000000,23.000000,16.000000,0.019040,0.780614,0.662403,94.000000,36.000000,0.077815,-0.183433,-0.061530,33.000000,20.000000,0.027318,-0.279088,-0.179958,250.000000,77.000000,0.206954,-0.029468,0.035283,23.000000,14.000000,0.019040,0.203851,0.026204,9.000000,8.000000,0.007450,0.328479,0.375720,23.000000,16.000000,0.019040,0.770785,0.643825,126.000000,39.000000,0.104305,-0.039407,-0.037572,96.000000,40.000000,0.079470,0.063495,0.122071,35.000000,20.000000,0.028974,0.013804,-0.080514,1069.000000,183.000000,0.884934,-0.040595,0.002516
2026-06-27,768.000000,144.000000,9.000000,7.000000,0.011719,0.398368,0.375606,73.000000,26.000000,0.095052,0.015262,-0.071254,29.000000,20.000000,0.037760,0.035495,0.206114,136.000000,53.000000,0.177083,-0.186461,-0.042492,11.000000,9.000000,0.014323,-0.237013,-0.053273,4.000000,4.000000,0.005208,0.319952,0.456172,9.000000,7.000000,0.011719,0.399278,0.374439,86.000000,28.000000,0.111979,0.031774,-0.039048,90.000000,37.000000,0.117188,0.354363,0.342581,18.000000,12.000000,0.023438,-0.314978,-0.190811,671.000000,144.000000,0.873698,-0.052021,0.032204
2026-06-28,646.000000,123.000000,8.000000,6.000000,0.012384,0.600928,0.465261,72.000000,28.000000,0.111455,0.093485,0.085580,31.000000,19.000000,0.047988,0.160663,0.171504,132.000000,47.000000,0.204334,-0.065200,-0.056441,16.000000,9.000000,0.024768,-0.014736,-0.140001,3.000000,2.000000,0.004644,0.416250,0.204402,8.000000,6.000000,0.012384,0.605696,0.474028,85.000000,30.000000,0.131579,0.073765,0.102106,87.000000,37.000000,0.134675,0.402346,0.409753,22.000000,13.000000,0.034056,-0.296378,-0.180248,569.000000,116.000000,0.880805,-0.044308,-0.024751
2026-06-29,1083.000000,168.000000,2.000000,2.000000,0.001847,-0.724229,-0.553663,83.000000,38.000000,0.076639,-0.384740,-0.037425,24.000000,13.000000,0.022161,-0.604761,-0.564383,216.000000,70.000000,0.199446,-0.120659,-0.004573,19.000000,16.000000,0.017544,-0.091029,0.162369,1.000000,1.000000,0.000923,-0.925495,-0.787833,2.000000,2.000000,0.001847,-0.733010,-0.572702,96.000000,38.000000,0.088643,-0.408846,-0.090968,69.000000,35.000000,0.063712,-0.320405,-0.009665,31.000000,18.000000,0.028624,-0.206547,-0.111528,954.000000,164.000000,0.880886,-0.043510,0.004104
2026-06-30,1321.000000,199.000000,5.000000,5.000000,0.003785,-0.497717,-0.278891,73.000000,35.000000,0.055261,-0.582433,-0.228981,47.000000,27.000000,0.035579,-0.103707,-0.015291,252.000000,85.000000,0.190765,-0.158677,0.026586,19.000000,10.000000,0.014383,-0.261605,-0.538515,2.000000,2.000000,0.001514,-0.588006,-0.491847,5.000000,5.000000,0.003785,-0.499327,-0.289566,81.000000,36.000000,0.061317,-0.650229,-0.270011,71.000000,35.000000,0.053747,-0.405617,-0.157202,37.000000,18.000000,0.028009,-0.191662,-0.357812,1192.000000,195.000000,0.902347,-0.023025,0.012921
2026-07-01,1280.000000,191.000000,4.000000,3.000000,0.003125,-0.709472,-0.752899,75.000000,29.000000,0.058594,-0.564873,-0.407724,42.000000,23.000000,0.032813,-0.186008,-0.205886,288.000000,75.000000,0.225000,-0.011449,-0.063123,16.000000,10.000000,0.012500,-0.293238,-0.387655,3.000000,1.000000,0.002344,-0.333650,-1.065767,4.000000,3.000000,0.003125,-0.696078,-0.740424,85.000000,31.000000,0.066406,-0.586697,-0.383134,64.000000,30.000000,0.050000,-0.479401,-0.308656,31.000000,15.000000,0.024219,-0.266373,-0.457766,1197.000000,189.000000,0.935156,0.009992,0.024272
2026-07-02,1223.000000,183.000000,2.000000,2.000000,0.001635,-1.409370,-1.175148,52.000000,19.000000,0.042518,-0.799479,-0.733659,36.000000,23.000000,0.029436,-0.323475,-0.130894,218.000000,68.000000,0.178250,-0.190336,-0.105494,20.000000,11.000000,0.016353,-0.069765,-0.314386,2.000000,2.000000,0.001635,-0.678766,-0.610166,2.000000,2.000000,0.001635,-1.408511,-1.180494,61.000000,21.000000,0.049877,-0.775364,-0.679788,81.000000,33.000000,0.066231,-0.219044,-0.149641,33.000000,18.000000,0.026983,-0.175087,-0.248218,1119.000000,177.000000,0.914963,-0.007719,-0.000532
2026-07-03,1024.000000,173.000000,3.000000,2.000000,0.002930,-0.834388,-1.036024,74.000000,22.000000,0.072266,-0.281488,-0.474698,28.000000,17.000000,0.027344,-0.312579,-0.282024,201.000000,66.000000,0.196289,-0.086406,-0.031434,23.000000,14.000000,0.022461,0.431825,0.157469,3.000000,3.000000,0.002930,-0.316717,-0.264921,3.000000,2.000000,0.002930,-0.833622,-1.045192,102.000000,24.000000,0.099609,-0.119892,-0.450877,55.000000,24.000000,0.053711,-0.365559,-0.326370,33.000000,19.000000,0.032227,0.142458,-0.045468,941.000000,167.000000,0.918945,0.001131,0.000270
2026-07-04,831.000000,129.000000,3.000000,3.000000,0.003610,-0.553541,-0.175957,40.000000,17.000000,0.048135,-0.684775,-0.393796,13.000000,8.000000,0.015644,-0.864500,-0.597597,156.000000,49.000000,0.187726,-0.133077,-0.012819,5.000000,4.000000,0.006017,-0.989865,-0.647142,1.000000,1.000000,0.001203,-0.668379,-0.373855,3.000000,3.000000,0.003610,-0.542520,-0.168033,56.000000,18.000000,0.067389,-0.507713,-0.385181,33.000000,15.000000,0.039711,-0.760080,-0.465438,12.000000,9.000000,0.014440,-0.763651,-0.357880,792.000000,125.000000,0.953069,0.039075,0.001406
2026-07-05,645.000000,115.000000,2.000000,2.000000,0.003101,-0.495041,-0.321735,37.000000,17.000000,0.057364,-0.589260,-0.351547,21.000000,17.000000,0.032558,-0.261725,0.096823,150.000000,51.000000,0.232558,0.058942,0.089104,9.000000,6.000000,0.013953,-0.501218,-0.407838,0.000000,0.000000,0.000000,-1.338847,-1.178724,2.000000,2.000000,0.003101,-0.480674,-0.304219,65.000000,20.000000,0.100775,-0.225364,-0.251102,39.000000,26.000000,0.060465,-0.434073,0.095731,19.000000,11.000000,0.029457,-0.415236,-0.274593,586.000000,109.000000,0.908527,-0.009125,-0.019094
2026-07-06,1070.000000,170.000000,0.000000,0.000000,0.000000,-2.194772,-2.072855,43.000000,20.000000,0.040187,-1.049317,-0.694714,22.000000,15.000000,0.020561,-0.722150,-0.471629,296.000000,76.000000,0.276636,0.200957,0.063189,7.000000,6.000000,0.006542,-0.969948,-0.735211,1.000000,1.000000,0.000935,-0.724467,-0.640198,0.000000,0.000000,0.000000,-2.194494,-2.083510,69.000000,24.000000,0.064486,-0.758306,-0.576558,66.000000,25.000000,0.061682,-0.395653,-0.385465,19.000000,11.000000,0.017757,-0.650758,-0.598215,991.000000,165.000000,0.926168,0.010874,-0.000714
2026-07-07,1305.000000,190.000000,5.000000,5.000000,0.003831,-0.358468,-0.130906,64.000000,29.000000,0.049042,-0.724722,-0.382406,32.000000,22.000000,0.024521,-0.517459,-0.203888,285.000000,71.000000,0.218391,-0.028639,-0.108465,13.000000,12.000000,0.009962,-0.552202,-0.271625,0.000000,0.000000,0.000000,-1.997155,-1.896519,5.000000,5.000000,0.003831,-0.351589,-0.133586,91.000000,35.000000,0.069732,-0.554455,-0.272673,93.000000,33.000000,0.071264,-0.168753,-0.201853,33.000000,22.000000,0.025287,-0.268368,-0.114269,1216.000000,184.000000,0.931801,0.013431,0.001892
2026-07-08,1344.000000,186.000000,4.000000,4.000000,0.002976,-0.631239,-0.373585,246.000000,58.000000,0.183036,0.546692,0.290080,82.000000,33.000000,0.061012,0.380106,0.140871,472.000000,82.000000,0.351190,0.428166,0.049555,20.000000,18.000000,0.014881,-0.059617,0.252334,2.000000,2.000000,0.001488,-0.532162,-0.370968,4.000000,4.000000,0.002976,-0.609955,-0.353527,276.000000,62.000000,0.205357,0.507544,0.308574,243.000000,59.000000,0.180804,0.756504,0.353882,29.000000,22.000000,0.021577,-0.356181,-0.055639,1273.000000,178.000000,0.947173,0.027193,-0.008355
2026-07-09,1202.000000,185.000000,5.000000,4.000000,0.004160,-0.477035,-0.497146,163.000000,48.000000,0.135607,0.332073,0.154707,54.000000,25.000000,0.044925,0.044456,-0.094272,250.000000,76.000000,0.207987,-0.041280,-0.008293,11.000000,11.000000,0.009151,-0.564933,-0.277309,2.000000,2.000000,0.001664,-0.476692,-0.464980,5.000000,4.000000,0.004160,-0.468912,-0.495344,196.000000,50.000000,0.163062,0.374572,0.144686,140.000000,51.000000,0.116473,0.299026,0.238232,19.000000,17.000000,0.015807,-0.673724,-0.310166,1112.000000,177.000000,0.925125,0.007803,-0.010610
2026-07-10,1193.000000,178.000000,3.000000,3.000000,0.002515,-0.861175,-0.627699,107.000000,42.000000,0.089690,-0.087786,0.122378,38.000000,23.000000,0.031852,-0.216387,-0.049736,218.000000,64.000000,0.182733,-0.162838,-0.092789,21.000000,14.000000,0.017603,0.256095,0.177673,9.000000,9.000000,0.007544,0.711470,0.859227,3.000000,3.000000,0.002515,-0.853800,-0.630178,126.000000,44.000000,0.105616,-0.089149,0.100352,80.000000,35.000000,0.067058,-0.190018,-0.014311,33.000000,22.000000,0.027661,0.015690,0.075159,1058.000000,171.000000,0.886840,-0.029792,-0.003784
2026-07-11,729.000000,154.000000,5.000000,4.000000,0.006859,0.153991,-0.001452,73.000000,32.000000,0.100137,0.023225,0.040300,33.000000,17.000000,0.045267,0.121669,-0.085337,152.000000,51.000000,0.208505,-0.032824,-0.151603,11.000000,8.000000,0.015089,-0.055478,-0.137896,11.000000,9.000000,0.015089,1.678525,1.447526,5.000000,4.000000,0.006859,0.170937,0.012679,80.000000,33.000000,0.109739,-0.047686,0.016980,59.000000,25.000000,0.080933,-0.098282,-0.172941,22.000000,13.000000,0.030178,-0.018552,-0.175033,652.000000,147.000000,0.894376,-0.019888,-0.012345
2026-07-12,701.000000,133.000000,3.000000,3.000000,0.004280,-0.118342,-0.031792,97.000000,30.000000,0.138374,0.266172,0.052349,30.000000,16.000000,0.042796,-0.050037,-0.139920,128.000000,47.000000,0.182596,-0.186644,-0.138488,12.000000,10.000000,0.017118,-0.243812,-0.022786,2.000000,2.000000,0.002853,0.363103,0.434949,3.000000,3.000000,0.004280,-0.098763,-0.008574,113.000000,31.000000,0.161198,0.218989,0.020178,79.000000,29.000000,0.112696,0.139295,0.030431,34.000000,18.000000,0.048502,0.099390,0.065460,635.000000,130.000000,0.905849,-0.007317,0.012661
2026-07-13,1095.000000,176.000000,9.000000,9.000000,0.008219,0.848226,0.933202,137.000000,38.000000,0.125114,0.063574,-0.104534,55.000000,28.000000,0.050228,0.101569,0.069763,212.000000,71.000000,0.193607,-0.159357,-0.041341,10.000000,7.000000,0.009132,-0.590410,-0.576323,7.000000,6.000000,0.006393,1.033407,0.936721,9.000000,9.000000,0.008219,0.852974,0.927719,179.000000,43.000000,0.163470,0.147982,-0.049145,122.000000,44.000000,0.111416,0.149866,0.109856,25.000000,19.000000,0.022831,-0.377648,-0.094158,995.000000,170.000000,0.908676,-0.003398,-0.004943
2026-07-14,1294.000000,187.000000,6.000000,4.000000,0.004637,-0.063377,-0.221517,152.000000,45.000000,0.117465,0.131610,0.063136,65.000000,33.000000,0.050232,0.134666,0.177388,285.000000,76.000000,0.220247,-0.023973,-0.027424,17.000000,16.000000,0.013138,-0.218119,0.072624,3.000000,3.000000,0.002318,0.124041,0.206417,6.000000,4.000000,0.004637,-0.052798,-0.219576,215.000000,52.000000,0.166151,0.294186,0.124248,138.000000,43.000000,0.106646,0.191107,0.049619,27.000000,23.000000,0.020866,-0.428629,-0.042823,1200.000000,180.000000,0.927357,0.013500,-0.003770
2026-07-15,1296.000000,197.000000,42.000000,20.000000,0.032407,1.767724,1.177698,119.000000,42.000000,0.091821,-0.151145,-0.088118,65.000000,33.000000,0.050154,0.127638,0.051861,279.000000,81.000000,0.215278,-0.063921,-0.022088,19.000000,12.000000,0.014660,-0.007265,-0.145602,15.000000,8.000000,0.011574,1.490325,0.932514,44.000000,20.000000,0.033951,1.837894,1.201802,153.000000,45.000000,0.118056,-0.057749,-0.074074,126.000000,48.000000,0.097222,0.097441,0.068302,35.000000,21.000000,0.027006,-0.105323,-0.144419,1200.000000,189.000000,0.925926,0.009429,-0.005357
2026-07-16,1241.000000,189.000000,40.000000,19.000000,0.032232,1.602099,1.037616,126.000000,41.000000,0.101531,0.036183,-0.021720,54.000000,28.000000,0.043513,-0.046271,-0.035307,267.000000,77.000000,0.215149,-0.010458,-0.018750,35.000000,26.000000,0.028203,0.596215,0.587921,9.000000,5.000000,0.007252,0.982223,0.434279,40.000000,19.000000,0.032232,1.612296,1.042865,140.000000,43.000000,0.112812,-0.002325,-0.031529,120.000000,39.000000,0.096696,0.074187,-0.070634,46.000000,31.000000,0.037067,0.193535,0.271952,1121.000000,179.000000,0.903304,-0.011040,-0.020398
2026-07-17,1215.000000,190.000000,15.000000,10.000000,0.012346,0.720090,0.493079,104.000000,33.000000,0.085597,-0.138823,-0.177369,55.000000,28.000000,0.045267,0.071648,0.048298,391.000000,110.000000,0.321811,0.399685,0.378656,17.000000,12.000000,0.013992,0.097634,0.016486,7.000000,7.000000,0.005761,0.606317,0.684786,15.000000,10.000000,0.012346,0.728682,0.493425,117.000000,36.000000,0.096296,-0.186896,-0.165973,101.000000,34.000000,0.083128,-0.014529,-0.128242,25.000000,17.000000,0.020576,-0.244544,-0.223607,1100.000000,185.000000,0.905350,-0.004056,0.010010
2026-07-18,739.000000,138.000000,6.000000,4.000000,0.008119,0.415517,0.191645,85.000000,30.000000,0.115020,0.159538,0.091357,40.000000,19.000000,0.054127,0.237931,0.102983,149.000000,57.000000,0.201624,-0.068144,0.065710,7.000000,6.000000,0.009472,-0.431163,-0.244710,4.000000,4.000000,0.005413,0.869271,0.930400,6.000000,4.000000,0.008119,0.432796,0.207956,101.000000,33.000000,0.136671,0.168946,0.125291,94.000000,30.000000,0.127199,0.314174,0.096563,13.000000,8.000000,0.017591,-0.511312,-0.509387,665.000000,134.000000,0.899865,-0.008604,0.004475
2026-07-19,653.000000,125.000000,6.000000,5.000000,0.009188,0.675905,0.562732,73.000000,29.000000,0.111792,0.056504,0.088851,25.000000,17.000000,0.038285,-0.218451,-0.047095,141.000000,54.000000,0.215926,-0.020661,0.058904,11.000000,8.000000,0.016845,-0.191351,-0.119695,1.000000,1.000000,0.001531,0.058305,0.100662,6.000000,5.000000,0.009188,0.694903,0.587461,94.000000,31.000000,0.143951,0.109438,0.083871,80.000000,28.000000,0.122511,0.187724,0.041119,24.000000,14.000000,0.036753,-0.139604,-0.095345,612.000000,122.000000,0.937213,0.031889,0.011009
2026-07-20,1106.000000,168.000000,3.000000,3.000000,0.002712,-0.059931,0.058481,154.000000,50.000000,0.139241,0.175839,0.224115,68.000000,36.000000,0.061483,0.241691,0.337253,208.000000,72.000000,0.188065,-0.188871,0.017394,15.000000,13.000000,0.013562,-0.146327,0.110868,1.000000,1.000000,0.000904,-0.458784,-0.374997,3.000000,3.000000,0.002712,-0.056705,0.053818,170.000000,51.000000,0.153707,0.094040,0.170992,141.000000,48.000000,0.127486,0.251006,0.228045,36.000000,24.000000,0.032550,0.004276,0.203609,1030.000000,161.000000,0.931284,0.026495,-0.012952
2026-07-21,1298.000000,191.000000,9.000000,7.000000,0.006934,0.409035,0.342131,204.000000,59.000000,0.157165,0.431442,0.324373,138.000000,52.000000,0.106317,0.820063,0.580972,292.000000,89.000000,0.224961,-0.002612,0.107324,30.000000,23.000000,0.023112,0.398451,0.458640,8.000000,8.000000,0.006163,1.126979,1.173967,9.000000,7.000000,0.006934,0.417120,0.344177,220.000000,60.000000,0.169492,0.326450,0.253177,208.000000,60.000000,0.160247,0.566036,0.346696,56.000000,35.000000,0.043143,0.322443,0.373968,1214.000000,184.000000,0.935285,0.027419,-0.003019
2026-07-22,1336.000000,184.000000,13.000000,12.000000,0.009731,0.681861,0.820850,213.000000,53.000000,0.159431,0.412367,0.227083,149.000000,51.000000,0.111527,0.862327,0.526851,346.000000,86.000000,0.258982,0.121612,0.104505,18.000000,13.000000,0.013473,-0.026695,0.052942,4.000000,4.000000,0.002994,0.332844,0.458211,14.000000,13.000000,0.010479,0.774013,0.921280,231.000000,53.000000,0.172904,0.340362,0.167199,202.000000,56.000000,0.151198,0.508686,0.279658,64.000000,43.000000,0.047904,0.496377,0.655625,1222.000000,175.000000,0.914671,0.002707,-0.014398
2026-07-23,1264.000000,188.000000,12.000000,10.000000,0.009494,0.494495,0.489594,162.000000,48.000000,0.128165,0.286112,0.159766,98.000000,45.000000,0.077532,0.467362,0.416628,284.000000,77.000000,0.224684,0.034696,-0.014019,19.000000,13.000000,0.015032,0.041731,-0.027376,2.000000,2.000000,0.001582,-0.271080,-0.263109,12.000000,10.000000,0.009494,0.500171,0.493447,174.000000,51.000000,0.137658,0.219112,0.157359,150.000000,53.000000,0.118671,0.251621,0.231450,41.000000,24.000000,0.032437,0.097224,0.055509,1183.000000,178.000000,0.935918,0.029999,-0.021001
2026-07-24,1219.000000,185.000000,7.000000,7.000000,0.005742,0.071850,0.244418,153.000000,50.000000,0.125513,0.264749,0.283292,69.000000,33.000000,0.056604,0.233897,0.217258,285.000000,69.000000,0.233798,0.083468,-0.058710,20.000000,13.000000,0.016407,0.314887,0.174031,2.000000,2.000000,0.001641,-0.405690,-0.309945,7.000000,7.000000,0.005742,0.074865,0.242583,166.000000,52.000000,0.136177,0.187177,0.242396,131.000000,47.000000,0.107465,0.217125,0.214275,28.000000,18.000000,0.022970,-0.099935,-0.109690,1095.000000,175.000000,0.898277,-0.006228,-0.019265
2026-07-25,759.000000,143.000000,6.000000,4.000000,0.007905,0.464166,0.212877,56.000000,22.000000,0.073781,-0.254341,-0.220978,32.000000,18.000000,0.042161,-0.067594,-0.002133,191.000000,54.000000,0.251647,0.156569,-0.023048,9.000000,8.000000,0.011858,-0.159862,0.042413,2.000000,1.000000,0.002635,0.334001,-0.135092,6.000000,4.000000,0.007905,0.474781,0.226198,58.000000,22.000000,0.076416,-0.373954,-0.286031,55.000000,29.000000,0.072464,-0.266031,0.027037,18.000000,13.000000,0.023715,-0.185347,-0.047998,686.000000,137.000000,0.903821,0.001550,-0.009286
2026-07-26,659.000000,123.000000,8.000000,7.000000,0.012140,1.004389,0.940512,71.000000,28.000000,0.107739,0.051772,0.101216,52.000000,26.000000,0.078907,0.436522,0.368915,130.000000,51.000000,0.197269,-0.105899,0.018845,9.000000,6.000000,0.013657,-0.330751,-0.317652,2.000000,2.000000,0.003035,0.627984,0.686642,8.000000,7.000000,0.012140,1.015614,0.961423,77.000000,28.000000,0.116844,-0.056977,0.025681,77.000000,30.000000,0.116844,0.122141,0.127144,23.000000,12.000000,0.034901,-0.151955,-0.191325,595.000000,119.000000,0.902883,0.000452,0.001636
2026-07-27,1104.000000,177.000000,10.000000,10.000000,0.009058,1.103668,1.151728,125.000000,45.000000,0.113225,0.006801,0.102529,67.000000,33.000000,0.060688,0.171671,0.186954,239.000000,73.000000,0.216486,-0.042557,-0.019819,13.000000,9.000000,0.011775,-0.222715,-0.238031,3.000000,3.000000,0.002717,0.446786,0.469994,10.000000,10.000000,0.009058,1.097999,1.142407,132.000000,46.000000,0.119565,-0.108877,0.046803,121.000000,41.000000,0.109601,0.084921,0.025622,43.000000,20.000000,0.038949,0.220908,0.012275,1007.000000,172.000000,0.912138,0.011658,0.000377
2026-07-28,1289.000000,196.000000,2.000000,2.000000,0.001552,-0.862121,-0.740850,108.000000,38.000000,0.083786,-0.153273,-0.098366,76.000000,38.000000,0.058960,0.177351,0.234799,310.000000,80.000000,0.240497,0.071044,-0.022966,19.000000,16.000000,0.014740,0.017187,0.133723,1.000000,1.000000,0.000776,-0.555866,-0.546454,2.000000,2.000000,0.001552,-0.864048,-0.744302,119.000000,43.000000,0.092320,-0.225315,-0.068630,116.000000,50.000000,0.089992,-0.021534,0.148808,71.000000,32.000000,0.055081,0.605173,0.301125,1149.000000,190.000000,0.891389,-0.014631,0.002500
2026-07-29,1359.000000,192.000000,4.000000,3.000000,0.002943,-0.383213,-0.458281,132.000000,48.000000,0.097130,-0.034507,0.128610,46.000000,27.000000,0.033848,-0.377503,-0.150839,233.000000,76.000000,0.171450,-0.282063,-0.058851,16.000000,11.000000,0.011773,-0.099930,-0.095282,4.000000,4.000000,0.002943,0.348980,0.446119,4.000000,3.000000,0.002943,-0.373633,-0.441140,142.000000,48.000000,0.104489,-0.101685,0.064460,120.000000,45.000000,0.088300,-0.036878,0.032421,60.000000,34.000000,0.044150,0.456593,0.424979,1233.000000,187.000000,0.907285,0.000674,0.008537
2026-07-30,1256.000000,186.000000,9.000000,7.000000,0.007166,0.270785,0.194850,130.000000,42.000000,0.103503,0.125376,0.083923,73.000000,27.000000,0.058121,0.127270,-0.081897,230.000000,75.000000,0.183121,-0.160271,-0.027263,11.000000,9.000000,0.008758,-0.422612,-0.313688,3.000000,3.000000,0.002389,0.093551,0.104795,9.000000,7.000000,0.007166,0.264280,0.191565,140.000000,42.000000,0.111465,0.075219,0.017475,151.000000,36.000000,0.120223,0.258203,-0.125591,31.000000,19.000000,0.024682,-0.129838,-0.116342,1120.000000,179.000000,0.891720,-0.012247,-0.005737
2026-07-31,1139.000000,188.000000,5.000000,5.000000,0.004390,-0.132126,-0.055552,105.000000,37.000000,0.092186,0.014618,0.018688,50.000000,25.000000,0.043898,-0.069935,-0.074987,240.000000,64.000000,0.210711,-0.009997,-0.146686,14.000000,11.000000,0.012291,0.092995,0.052107,3.000000,3.000000,0.002634,0.009464,0.022227,5.000000,5.000000,0.004390,-0.142314,-0.065302,113.000000,38.000000,0.099210,-0.055732,-0.038508,94.000000,39.000000,0.082529,-0.048880,0.031481,42.000000,28.000000,0.036874,0.410829,0.354411,1021.000000,181.000000,0.896400,-0.002210,-0.002696
2026-08-01,722.000000,138.000000,7.000000,6.000000,0.009695,0.689788,0.637481,67.000000,25.000000,0.092798,0.035050,-0.008199,27.000000,13.000000,0.037396,-0.235589,-0.283095,143.000000,56.000000,0.198061,-0.070821,0.051425,15.000000,9.000000,0.020776,0.435387,0.243347,2.000000,2.000000,0.002770,0.384421,0.414190,7.000000,6.000000,0.009695,0.686241,0.642150,71.000000,25.000000,0.098338,-0.045285,-0.076783,64.000000,21.000000,0.088643,-0.066411,-0.233551,38.000000,20.000000,0.052632,0.641874,0.455138,652.000000,137.000000,0.903047,0.006794,0.024928
2026-08-02,623.000000,117.000000,2.000000,2.000000,0.003210,-0.136075,-0.091292,75.000000,29.000000,0.120385,0.228145,0.240579,30.000000,13.000000,0.048154,-0.099794,-0.255136,142.000000,49.000000,0.227929,0.050380,0.032315,12.000000,9.000000,0.019262,0.054860,0.165734,1.000000,1.000000,0.001605,0.164151,0.220568,2.000000,2.000000,0.003210,-0.139901,-0.079720,78.000000,30.000000,0.125201,0.095227,0.195095,74.000000,23.000000,0.118780,0.140880,-0.061006,21.000000,15.000000,0.033708,-0.139263,0.125413,556.000000,113.000000,0.892456,-0.005095,-0.001475
2026-08-03,1046.000000,179.000000,1.000000,1.000000,0.000956,-0.766132,-0.792146,131.000000,38.000000,0.125239,0.177207,-0.017663,49.000000,22.000000,0.046845,-0.132277,-0.219547,259.000000,71.000000,0.247610,0.104694,-0.054730,15.000000,11.000000,0.014340,0.023792,-0.003940,1.000000,1.000000,0.000956,-0.364545,-0.400648,1.000000,1.000000,0.000956,-0.787667,-0.811444,136.000000,40.000000,0.130019,0.062848,-0.047527,87.000000,36.000000,0.083174,-0.184762,-0.088593,30.000000,17.000000,0.028681,-0.033490,-0.103251,932.000000,173.000000,0.891013,-0.005749,-0.006272
2026-08-04,1232.000000,184.000000,9.000000,7.000000,0.007305,0.535601,0.430142,98.000000,38.000000,0.079545,-0.131361,0.025025,47.000000,23.000000,0.038149,-0.300038,-0.191547,212.000000,68.000000,0.172078,-0.249019,-0.117343,23.000000,15.000000,0.018669,0.302827,0.188150,2.000000,2.000000,0.001623,-0.025893,0.008357,9.000000,7.000000,0.007305,0.517065,0.416124,115.000000,41.000000,0.093344,-0.121762,0.004894,94.000000,37.000000,0.076299,-0.178562,-0.058487,35.000000,20.000000,0.028409,-0.001866,-0.041256,1108.000000,178.000000,0.899351,0.000184,-0.001025
2026-08-05,1292.000000,186.000000,9.000000,9.000000,0.006966,0.427747,0.578007,66.000000,28.000000,0.051084,-0.596641,-0.308666,44.000000,24.000000,0.034056,-0.415198,-0.228678,256.000000,77.000000,0.198142,-0.122809,-0.009756,27.000000,16.000000,0.020898,0.514763,0.351282,2.000000,2.000000,0.001548,-0.221671,-0.135005,9.000000,9.000000,0.006966,0.420047,0.584047,86.000000,31.000000,0.066563,-0.454046,-0.275290,80.000000,35.000000,0.061920,-0.380438,-0.154746,42.000000,21.000000,0.032508,0.203164,0.040828,1197.000000,183.000000,0.926471,0.027394,0.017202
2026-08-06,1227.000000,187.000000,10.000000,9.000000,0.008150,0.403495,0.429055,91.000000,29.000000,0.074165,-0.126591,-0.221710,46.000000,21.000000,0.037490,-0.349625,-0.325774,265.000000,81.000000,0.215974,0.019967,0.048707,25.000000,13.000000,0.020375,0.449959,0.086195,7.000000,5.000000,0.005705,0.839066,0.521108,10.000000,9.000000,0.008150,0.379113,0.414181,98.000000,33.000000,0.079870,-0.156798,-0.163323,101.000000,36.000000,0.082315,-0.107579,-0.099762,37.000000,20.000000,0.030155,0.118349,-0.013031,1119.000000,181.000000,0.911980,0.015868,-0.001379
2026-08-07,1115.000000,187.000000,4.000000,4.000000,0.003587,-0.305813,-0.250470,70.000000,19.000000,0.062780,-0.284791,-0.563356,54.000000,26.000000,0.048430,-0.012907,-0.022262,242.000000,73.000000,0.217040,0.035784,-0.005641,9.000000,7.000000,0.008072,-0.256072,-0.316383,4.000000,4.000000,0.003587,0.236263,0.243722,4.000000,4.000000,0.003587,-0.334402,-0.272248,82.000000,24.000000,0.073543,-0.250622,-0.420692,79.000000,32.000000,0.070852,-0.187105,-0.125591,23.000000,16.000000,0.020628,-0.108559,-0.126859,1038.000000,182.000000,0.930942,0.041057,0.006688
2026-08-08,674.000000,143.000000,6.000000,5.000000,0.008902,0.617874,0.433157,55.000000,22.000000,0.081602,-0.007212,-0.100610,40.000000,19.000000,0.059347,0.181753,0.059475,142.000000,54.000000,0.210682,0.007740,-0.014568,4.000000,2.000000,0.005935,-0.680488,-1.073534,5.000000,4.000000,0.007418,1.190712,0.927362,6.000000,5.000000,0.008902,0.595474,0.425411,59.000000,22.000000,0.087537,-0.054860,-0.171037,62.000000,25.000000,0.091988,-0.014089,-0.064268,14.000000,8.000000,0.020772,-0.212712,-0.399385,627.000000,137.000000,0.930267,0.041696,-0.011845
2026-08-09,569.000000,124.000000,8.000000,8.000000,0.014060,1.177851,1.070871,54.000000,22.000000,0.094903,0.079571,-0.018567,31.000000,12.000000,0.054482,-0.013404,-0.378444,137.000000,50.000000,0.240773,0.122612,0.000319,20.000000,13.000000,0.035149,0.692005,0.512752,5.000000,5.000000,0.008787,1.498771,1.419432,8.000000,8.000000,0.014060,1.154793,1.069690,59.000000,23.000000,0.103691,0.016249,-0.055510,53.000000,19.000000,0.093146,-0.082966,-0.270120,33.000000,20.000000,0.057996,0.449403,0.409623,521.000000,120.000000,0.915641,0.025491,-0.000702
2026-08-10,1033.000000,175.000000,3.000000,2.000000,0.002904,0.090806,-0.264559,117.000000,42.000000,0.113262,0.165723,0.174033,50.000000,26.000000,0.048403,-0.134002,-0.021197,237.000000,67.000000,0.229429,0.046559,-0.083968,12.000000,8.000000,0.011617,-0.127082,-0.230728,2.000000,2.000000,0.001936,0.100041,0.086980,3.000000,2.000000,0.002904,0.049731,-0.296898,127.000000,43.000000,0.122943,0.116512,0.115408,86.000000,33.000000,0.083253,-0.165526,-0.115893,32.000000,19.000000,0.030978,0.098654,0.090643,917.000000,172.000000,0.887706,-0.004714,0.008975
2026-08-11,1200.000000,190.000000,2.000000,2.000000,0.001667,-0.778088,-0.707503,96.000000,36.000000,0.080000,-0.035555,0.010909,55.000000,30.000000,0.045833,-0.150066,0.050342,262.000000,75.000000,0.218333,0.007014,-0.045897,6.000000,6.000000,0.005000,-0.904461,-0.660036,1.000000,1.000000,0.000833,-0.571959,-0.582301,2.000000,2.000000,0.001667,-0.816397,-0.734798,122.000000,44.000000,0.101667,0.074069,0.112780,89.000000,36.000000,0.074167,-0.187064,-0.080755,24.000000,15.000000,0.020000,-0.288773,-0.288726,1048.000000,180.000000,0.873333,-0.024712,-0.023239
2026-08-12,1271.000000,188.000000,0.000000,0.000000,0.000000,-2.507068,-2.385263,78.000000,27.000000,0.061369,-0.323227,-0.283352,44.000000,18.000000,0.034618,-0.428477,-0.506438,247.000000,77.000000,0.194335,-0.123311,-0.014145,14.000000,11.000000,0.011015,-0.057349,0.032131,1.000000,1.000000,0.000787,-0.779703,-0.705993,0.000000,0.000000,0.000000,-2.534701,-2.392689,94.000000,30.000000,0.073958,-0.237638,-0.247428,84.000000,28.000000,0.066090,-0.294831,-0.347859,22.000000,16.000000,0.017309,-0.357228,-0.169772,1098.000000,180.000000,0.863887,-0.038399,-0.011345
2026-08-13,1204.000000,188.000000,6.000000,5.000000,0.004983,-0.065327,-0.131738,76.000000,30.000000,0.063123,-0.194784,-0.121735,57.000000,27.000000,0.047342,-0.145637,-0.070598,203.000000,69.000000,0.168605,-0.207875,-0.109459,11.000000,10.000000,0.009136,-0.275914,-0.118213,3.000000,3.000000,0.002492,0.030964,0.013319,6.000000,5.000000,0.004983,-0.109730,-0.160217,89.000000,33.000000,0.073920,-0.121678,-0.097361,77.000000,33.000000,0.063953,-0.336693,-0.153414,32.000000,18.000000,0.026578,0.054986,-0.055687,1063.000000,185.000000,0.882890,-0.012781,0.013715
2026-08-14,1168.000000,188.000000,4.000000,4.000000,0.003425,-0.361409,-0.265148,78.000000,23.000000,0.066781,-0.131262,-0.310106,50.000000,17.000000,0.042808,-0.160303,-0.427729,219.000000,66.000000,0.187500,-0.090761,-0.104469,19.000000,16.000000,0.016267,0.468269,0.518671,2.000000,2.000000,0.001712,-0.463322,-0.400208,4.000000,4.000000,0.003425,-0.410035,-0.300618,89.000000,28.000000,0.076199,-0.103529,-0.203244,77.000000,21.000000,0.065925,-0.236352,-0.506607,32.000000,23.000000,0.027397,0.231765,0.287224,1063.000000,184.000000,0.910103,0.021816,0.010915
2026-08-15,740.000000,151.000000,4.000000,4.000000,0.005405,0.146983,0.168943,46.000000,23.000000,0.062162,-0.184811,-0.039445,28.000000,14.000000,0.037838,-0.285143,-0.275775,146.000000,53.000000,0.197297,-0.038116,-0.080470,10.000000,7.000000,0.013514,0.125267,0.022583,0.000000,0.000000,0.000000,-1.365648,-1.374472,4.000000,4.000000,0.005405,0.104604,0.147468,54.000000,27.000000,0.072973,-0.124286,0.047094,64.000000,23.000000,0.086486,-0.052532,-0.162691,21.000000,13.000000,0.028378,0.152083,0.075237,649.000000,148.000000,0.877027,-0.014187,0.009721
2026-08-16,616.000000,121.000000,4.000000,4.000000,0.006494,0.452433,0.449921,40.000000,17.000000,0.064935,-0.204075,-0.174312,30.000000,19.000000,0.048701,-0.144468,0.105787,135.000000,50.000000,0.219156,0.048668,0.031401,6.000000,5.000000,0.009740,-0.483912,-0.309674,0.000000,0.000000,0.000000,-1.042553,-1.003782,4.000000,4.000000,0.006494,0.409527,0.435022,47.000000,21.000000,0.076299,-0.177437,-0.048881,51.000000,24.000000,0.082792,-0.176389,0.019390,12.000000,6.000000,0.019481,-0.549727,-0.648451,543.000000,118.000000,0.881494,-0.009927,0.005576
2026-08-17,1054.000000,180.000000,6.000000,6.000000,0.005693,0.679587,0.654233,90.000000,32.000000,0.085389,-0.023434,-0.051686,61.000000,27.000000,0.057875,0.026104,0.003119,266.000000,66.000000,0.252372,0.161737,-0.120033,17.000000,13.000000,0.016129,0.241480,0.254736,5.000000,5.000000,0.004744,0.805934,0.799379,6.000000,6.000000,0.005693,0.618868,0.608239,109.000000,36.000000,0.103416,0.053731,-0.017263,109.000000,41.000000,0.103416,0.074471,0.106629,27.000000,19.000000,0.025617,-0.020803,0.128949,943.000000,178.000000,0.894687,0.005136,0.013933
2026-08-18,1173.000000,192.000000,8.000000,8.000000,0.006820,0.458679,0.498022,88.000000,35.000000,0.075021,-0.008081,0.042304,56.000000,25.000000,0.047741,-0.123524,-0.123932,252.000000,79.000000,0.214834,0.011071,0.002248,16.000000,15.000000,0.013640,0.102354,0.249050,8.000000,7.000000,0.006820,1.125415,0.970877,8.000000,8.000000,0.006820,0.401002,0.457183,107.000000,40.000000,0.091219,0.073995,0.078224,91.000000,34.000000,0.077579,-0.117645,-0.111919,32.000000,23.000000,0.027280,0.086062,0.183274,1076.000000,187.000000,0.917306,0.025880,0.003238
2026-08-19,1267.000000,187.000000,4.000000,4.000000,0.003157,-0.315671,-0.189370,105.000000,25.000000,0.082873,0.065737,-0.285178,69.000000,25.000000,0.054459,0.009335,-0.165263,315.000000,76.000000,0.248619,0.142772,-0.014846,35.000000,21.000000,0.027624,0.894090,0.713197,1.000000,1.000000,0.000789,-0.833268,-0.743695,4.000000,4.000000,0.003157,-0.362323,-0.210178,116.000000,26.000000,0.091555,0.080471,-0.313649,107.000000,34.000000,0.084451,-0.026254,-0.116884,58.000000,29.000000,0.045777,0.672835,0.482629,1196.000000,184.000000,0.943962,0.051164,0.014800
2026-08-20,1246.000000,188.000000,4.000000,4.000000,0.003210,-0.475158,-0.337524,101.000000,32.000000,0.081059,0.142538,0.008692,70.000000,24.000000,0.056180,0.015711,-0.171511,254.000000,84.000000,0.203852,0.001654,0.092970,25.000000,13.000000,0.020064,0.539513,0.182727,3.000000,3.000000,0.002408,-0.056006,-0.026216,4.000000,4.000000,0.003210,-0.538159,-0.379172,106.000000,34.000000,0.085072,0.121062,-0.000133,126.000000,35.000000,0.101124,0.143652,-0.062013,38.000000,20.000000,0.030498,0.263460,0.112715,1181.000000,184.000000,0.947833,0.058564,0.007314
2026-08-21,1133.000000,187.000000,3.000000,3.000000,0.002648,-0.588678,-0.514425,60.000000,24.000000,0.052957,-0.274206,-0.197926,46.000000,24.000000,0.040600,-0.217609,-0.071847,235.000000,74.000000,0.207414,0.030066,0.021440,13.000000,12.000000,0.011474,0.184813,0.295521,2.000000,2.000000,0.001765,-0.480872,-0.430331,3.000000,3.000000,0.002648,-0.655406,-0.562803,68.000000,30.000000,0.060018,-0.240446,-0.063793,90.000000,35.000000,0.079435,-0.026440,0.032182,27.000000,17.000000,0.023831,0.170384,0.063033,1064.000000,186.000000,0.939100,0.052938,0.026098
2026-08-22,753.000000,152.000000,3.000000,3.000000,0.003984,-0.126219,-0.090024,42.000000,21.000000,0.055777,-0.207053,-0.071707,40.000000,22.000000,0.053121,0.046795,0.170512,182.000000,65.000000,0.241700,0.184148,0.122332,8.000000,7.000000,0.010624,-0.048982,0.064733,2.000000,2.000000,0.002656,0.183970,0.197723,3.000000,3.000000,0.003984,-0.186134,-0.124096,44.000000,21.000000,0.058433,-0.247735,-0.141014,63.000000,33.000000,0.083665,-0.061456,0.215682,17.000000,13.000000,0.022576,0.006118,0.133412,696.000000,151.000000,0.924303,0.037440,0.022362
2026-08-23,624.000000,124.000000,2.000000,2.000000,0.003205,-0.150514,-0.160756,56.000000,19.000000,0.089744,0.198752,-0.029356,41.000000,20.000000,0.065705,0.151742,0.144221,157.000000,54.000000,0.251603,0.205975,0.090289,15.000000,10.000000,0.024038,0.427339,0.360879,2.000000,2.000000,0.003205,0.517849,0.556056,2.000000,2.000000,0.003205,-0.210315,-0.187890,59.000000,19.000000,0.094551,0.127712,-0.108219,66.000000,24.000000,0.105769,0.089938,0.023654,24.000000,13.000000,0.038462,0.189660,0.122178,577.000000,121.000000,0.924679,0.036361,0.005591
2026-08-24,1103.000000,181.000000,2.000000,2.000000,0.001813,-0.321021,-0.302564,144.000000,45.000000,0.130553,0.479226,0.337856,93.000000,40.000000,0.084316,0.404029,0.396549,250.000000,73.000000,0.226655,0.073907,-0.018564,8.000000,7.000000,0.007253,-0.470250,-0.290851,1.000000,1.000000,0.000907,-0.567870,-0.524708,2.000000,2.000000,0.001813,-0.397923,-0.360382,152.000000,45.000000,0.137806,0.428056,0.257981,130.000000,44.000000,0.117860,0.227453,0.197434,16.000000,12.000000,0.014506,-0.495612,-0.258038,1034.000000,176.000000,0.937443,0.049614,-0.003421
2026-08-25,1253.000000,191.000000,4.000000,4.000000,0.003192,-0.239985,-0.125401,107.000000,41.000000,0.085395,0.197661,0.259535,77.000000,41.000000,0.061453,0.134344,0.379076,270.000000,84.000000,0.215483,0.033189,0.075254,20.000000,15.000000,0.015962,0.310073,0.301425,2.000000,2.000000,0.001596,-0.185616,-0.135188,7.000000,6.000000,0.005587,0.197766,0.190123,114.000000,42.000000,0.090982,0.154907,0.189485,120.000000,50.000000,0.095770,0.113868,0.298560,27.000000,16.000000,0.021548,-0.063363,-0.102915,1098.000000,186.000000,0.876297,-0.022733,0.002635
2026-08-26,1250.000000,198.000000,8.000000,7.000000,0.006400,0.340366,0.275437,70.000000,32.000000,0.056000,-0.249956,-0.046557,66.000000,34.000000,0.052800,-0.010109,0.089793,242.000000,78.000000,0.193600,-0.088070,-0.039182,12.000000,10.000000,0.009600,-0.078803,-0.013712,3.000000,3.000000,0.002400,0.014737,0.041377,9.000000,7.000000,0.007200,0.390401,0.243778,76.000000,34.000000,0.060800,-0.248047,-0.051571,89.000000,37.000000,0.071200,-0.174846,-0.068552,19.000000,14.000000,0.015200,-0.326551,-0.223299,1025.000000,189.000000,0.820000,-0.093232,-0.015639
2026-08-27,1232.000000,181.000000,6.000000,6.000000,0.004870,-0.085925,0.082583,62.000000,29.000000,0.050325,-0.260738,-0.000695,83.000000,35.000000,0.067370,0.210929,0.245436,263.000000,81.000000,0.213474,0.066099,0.101162,8.000000,7.000000,0.006494,-0.489494,-0.321256,3.000000,3.000000,0.002435,-0.048205,0.014079,6.000000,6.000000,0.004870,-0.162533,0.030646,69.000000,29.000000,0.056006,-0.221478,-0.066823,107.000000,38.000000,0.086851,0.012240,0.076000,20.000000,14.000000,0.016234,-0.267532,-0.135850,1023.000000,173.000000,0.830357,-0.078157,-0.016590
2026-08-28,1218.000000,198.000000,5.000000,4.000000,0.004105,-0.194724,-0.301210,71.000000,24.000000,0.058292,-0.113001,-0.208515,98.000000,29.000000,0.080460,0.479000,0.063930,267.000000,84.000000,0.219212,0.103125,0.096991,10.000000,7.000000,0.008210,-0.079500,-0.226693,1.000000,1.000000,0.000821,-1.057409,-0.986911,5.000000,4.000000,0.004105,-0.274056,-0.359265,78.000000,26.000000,0.064039,-0.109503,-0.212337,123.000000,33.000000,0.100985,0.230955,-0.066397,22.000000,13.000000,0.018062,-0.012349,-0.194704,1016.000000,188.000000,0.834154,-0.070748,-0.020120
2026-08-29,725.000000,143.000000,2.000000,1.000000,0.002759,-0.406210,-0.853486,41.000000,24.000000,0.056552,-0.130798,0.162115,49.000000,25.000000,0.067586,0.307262,0.361665,148.000000,56.000000,0.204138,0.033228,0.041449,7.000000,6.000000,0.009655,-0.075992,0.027123,2.000000,2.000000,0.002759,0.239193,0.278645,2.000000,1.000000,0.002759,-0.477650,-0.896574,44.000000,25.000000,0.060690,-0.149397,0.135651,68.000000,30.000000,0.093793,0.069544,0.195673,11.000000,9.000000,0.015172,-0.283367,-0.100185,612.000000,137.000000,0.844138,-0.059344,-0.013837
2026-08-30,690.000000,121.000000,2.000000,2.000000,0.002899,-0.227508,-0.108480,37.000000,16.000000,0.053623,-0.253834,-0.133485,33.000000,17.000000,0.047826,-0.137091,0.013965,144.000000,60.000000,0.208696,0.036261,0.225147,6.000000,4.000000,0.008696,-0.480683,-0.417889,1.000000,1.000000,0.001449,-0.064415,0.099644,4.000000,3.000000,0.005797,0.290100,0.192554,45.000000,18.000000,0.065217,-0.187338,-0.094892,58.000000,25.000000,0.084058,-0.122833,0.097843,15.000000,10.000000,0.021739,-0.273681,-0.049254,560.000000,114.000000,0.811594,-0.100886,-0.029150
2026-08-31,1063.000000,166.000000,1.000000,1.000000,0.000941,-0.766432,-0.694296,136.000000,49.000000,0.127940,0.512043,0.542568,61.000000,35.000000,0.057385,0.051539,0.352645,242.000000,75.000000,0.227658,0.094537,0.100219,10.000000,7.000000,0.009407,-0.159473,-0.161250,1.000000,1.000000,0.000941,-0.489690,-0.398115,1.000000,1.000000,0.000941,-0.852488,-0.759657,150.000000,50.000000,0.141110,0.498036,0.485947,120.000000,52.000000,0.112888,0.198702,0.455157,18.000000,10.000000,0.016933,-0.247020,-0.292504,931.000000,163.000000,0.875823,-0.026239,0.006568
2026-09-01,1282.000000,193.000000,6.000000,5.000000,0.004680,0.138866,0.103410,124.000000,35.000000,0.096724,0.369331,0.123010,62.000000,30.000000,0.048362,-0.070193,0.060643,231.000000,76.000000,0.180187,-0.129876,-0.028866,14.000000,10.000000,0.010920,0.004720,-0.055483,1.000000,1.000000,0.000780,-0.664946,-0.604701,6.000000,5.000000,0.004680,0.057932,0.044478,137.000000,36.000000,0.106864,0.353613,0.060388,127.000000,42.000000,0.099064,0.159664,0.118401,26.000000,17.000000,0.020281,-0.023548,-0.002404,1167.000000,186.000000,0.910296,0.006512,-0.007059
2026-09-02,1343.000000,194.000000,8.000000,8.000000,0.005957,0.308490,0.465156,156.000000,52.000000,0.116158,0.518037,0.478631,66.000000,38.000000,0.049144,-0.044393,0.217607,240.000000,70.000000,0.178704,-0.153317,-0.120899,9.000000,6.000000,0.006701,-0.359873,-0.430749,2.000000,2.000000,0.001489,-0.325245,-0.211386,9.000000,8.000000,0.006701,0.352033,0.427627,175.000000,53.000000,0.130305,0.540923,0.436429,147.000000,53.000000,0.109456,0.263199,0.305843,22.000000,15.000000,0.016381,-0.152953,-0.086237,1248.000000,188.000000,0.929263,0.022051,0.000238
2026-09-03,1267.000000,188.000000,12.000000,10.000000,0.009471,0.586045,0.574738,103.000000,38.000000,0.081294,0.252158,0.248204,76.000000,30.000000,0.059984,0.136872,0.051478,219.000000,74.000000,0.172849,-0.130656,-0.021179,5.000000,5.000000,0.003946,-0.886377,-0.627629,2.000000,2.000000,0.001579,-0.329876,-0.284364,12.000000,10.000000,0.009471,0.504387,0.517842,120.000000,43.000000,0.094712,0.322562,0.308045,135.000000,37.000000,0.106551,0.223711,0.006559,12.000000,9.000000,0.009471,-0.685486,-0.548478,1164.000000,182.000000,0.918706,0.012152,-0.002693
2026-09-04,1227.000000,186.000000,5.000000,5.000000,0.004075,-0.149481,0.018377,88.000000,39.000000,0.071720,0.123342,0.346495,75.000000,31.000000,0.061125,0.251353,0.184958,207.000000,70.000000,0.168704,-0.145141,-0.017030,15.000000,13.000000,0.012225,0.370450,0.464084,11.000000,9.000000,0.008965,1.070260,1.009881,7.000000,7.000000,0.005705,0.077805,0.266479,96.000000,41.000000,0.078240,0.102239,0.317663,106.000000,39.000000,0.086390,0.081149,0.150829,18.000000,15.000000,0.014670,-0.108143,0.051390,1135.000000,181.000000,0.925020,0.020819,0.005511
2026-09-05,691.000000,135.000000,5.000000,5.000000,0.007236,0.489739,0.566398,50.000000,22.000000,0.072359,0.137438,0.143867,27.000000,15.000000,0.039074,-0.182703,-0.088267,121.000000,46.000000,0.175109,-0.107315,-0.091560,5.000000,4.000000,0.007236,-0.268861,-0.243398,0.000000,0.000000,0.000000,-1.208030,-1.171231,5.000000,5.000000,0.007236,0.416348,0.520323,64.000000,28.000000,0.092619,0.272911,0.318056,70.000000,28.000000,0.101302,0.149447,0.170732,11.000000,8.000000,0.015919,-0.125480,-0.110854,640.000000,129.000000,0.926194,0.020484,-0.015126
2026-09-06,631.000000,119.000000,5.000000,3.000000,0.007924,0.717017,0.315011,43.000000,19.000000,0.068146,0.001113,0.054168,31.000000,10.000000,0.049128,-0.055239,-0.492202,133.000000,48.000000,0.210777,0.057528,0.024896,9.000000,6.000000,0.014263,0.058924,0.005642,3.000000,1.000000,0.004754,1.003248,0.232848,6.000000,3.000000,0.009509,0.813602,0.277648,52.000000,21.000000,0.082409,0.038263,0.080458,65.000000,16.000000,0.103011,0.079961,-0.339984,18.000000,11.000000,0.028526,0.105083,0.099168,558.000000,118.000000,0.884311,-0.029127,0.023442
2026-09-07,863.000000,151.000000,4.000000,4.000000,0.004635,0.614868,0.576292,75.000000,25.000000,0.086906,0.138317,-0.028473,44.000000,20.000000,0.050985,-0.005248,-0.116972,144.000000,52.000000,0.166860,-0.204797,-0.165029,8.000000,7.000000,0.009270,-0.090088,-0.028647,4.000000,4.000000,0.004635,0.965875,0.926190,5.000000,5.000000,0.005794,0.730925,0.710788,83.000000,27.000000,0.096176,0.100036,-0.024920,88.000000,30.000000,0.101970,0.096002,-0.017825,18.000000,11.000000,0.020857,0.076486,-0.069100,764.000000,144.000000,0.885284,-0.030623,-0.020892
2026-09-08,1181.000000,175.000000,4.000000,4.000000,0.003387,-0.064381,0.085674,76.000000,25.000000,0.064352,-0.032784,-0.118509,59.000000,22.000000,0.049958,0.025614,-0.163702,236.000000,68.000000,0.199831,-0.017425,-0.038353,39.000000,20.000000,0.033023,1.163015,0.748623,3.000000,3.000000,0.002540,0.431456,0.487091,5.000000,5.000000,0.004234,0.058603,0.227758,86.000000,27.000000,0.072820,-0.055757,-0.128539,110.000000,31.000000,0.093141,0.093341,-0.112929,78.000000,31.000000,0.066046,1.262435,0.718345,1100.000000,170.000000,0.931414,0.013236,0.002825
2026-09-09,1271.000000,187.000000,2.000000,2.000000,0.001574,-0.769364,-0.628480,105.000000,36.000000,0.082612,0.174003,0.137222,83.000000,36.000000,0.065303,0.305856,0.180293,256.000000,77.000000,0.201416,-0.025895,0.013537,20.000000,13.000000,0.015736,0.540207,0.373549,3.000000,3.000000,0.002360,0.252531,0.324940,2.000000,2.000000,0.001574,-0.831922,-0.664451,125.000000,38.000000,0.098348,0.221551,0.134558,146.000000,45.000000,0.114870,0.303144,0.145854,45.000000,25.000000,0.035405,0.727132,0.480890,1162.000000,178.000000,0.914241,-0.011599,-0.015254
2026-09-10,1323.000000,192.000000,4.000000,3.000000,0.003023,-0.379222,-0.442888,72.000000,25.000000,0.054422,-0.159761,-0.205860,51.000000,26.000000,0.038549,-0.229889,-0.133723,353.000000,87.000000,0.266818,0.309422,0.121528,16.000000,14.000000,0.012094,0.246708,0.356834,2.000000,2.000000,0.001512,-0.166959,-0.125200,4.000000,3.000000,0.003023,-0.453806,-0.496965,80.000000,27.000000,0.060469,-0.174793,-0.187359,89.000000,38.000000,0.067271,-0.245800,-0.028243,27.000000,20.000000,0.020408,0.183419,0.229458,1250.000000,187.000000,0.944822,0.021647,0.006114
2026-09-11,1371.000000,200.000000,5.000000,5.000000,0.003647,-0.151661,0.056783,73.000000,26.000000,0.053246,-0.194257,-0.152921,55.000000,31.000000,0.040117,-0.090416,0.085803,271.000000,76.000000,0.197666,0.018324,-0.005159,12.000000,11.000000,0.008753,0.124012,0.266682,3.000000,3.000000,0.002188,-0.003428,0.136709,5.000000,5.000000,0.003647,-0.225432,-0.001140,79.000000,26.000000,0.057622,-0.265254,-0.225698,88.000000,41.000000,0.064187,-0.229840,0.082042,20.000000,19.000000,0.014588,0.010172,0.235403,1322.000000,193.000000,0.964260,0.042616,0.000328
2026-09-12,836.000000,140.000000,3.000000,3.000000,0.003589,-0.034317,0.197907,51.000000,21.000000,0.061005,-0.062786,0.027066,43.000000,22.000000,0.051435,0.167275,0.217928,163.000000,53.000000,0.194976,0.003562,0.014510,7.000000,4.000000,0.008373,-0.067458,-0.245254,1.000000,1.000000,0.001196,-0.051474,0.106912,3.000000,3.000000,0.003589,-0.096514,0.157323,57.000000,23.000000,0.068182,-0.107542,0.059452,58.000000,27.000000,0.069378,-0.245896,0.046908,14.000000,11.000000,0.016746,0.045551,0.178718,803.000000,137.000000,0.960526,0.035942,0.011983
2026-09-13,674.000000,126.000000,1.000000,1.000000,0.001484,-0.520095,-0.460060,30.000000,15.000000,0.044510,-0.458247,-0.274755,27.000000,14.000000,0.040059,-0.170365,-0.260047,136.000000,52.000000,0.201780,0.016786,0.048933,7.000000,6.000000,0.010386,-0.159806,-0.017712,0.000000,0.000000,0.000000,-0.738145,-0.688108,1.000000,1.000000,0.001484,-0.577203,-0.490522,37.000000,15.000000,0.054896,-0.452311,-0.340274,45.000000,18.000000,0.066766,-0.372426,-0.340497,13.000000,8.000000,0.019288,-0.143387,-0.239777,623.000000,123.000000,0.924332,-0.007179,0.011634
2026-09-14,597.000000,119.000000,3.000000,2.000000,0.005025,0.869718,0.363463,46.000000,16.000000,0.077052,-0.026107,-0.277723,21.000000,15.000000,0.035176,-0.273267,-0.197773,119.000000,43.000000,0.199330,-0.025332,-0.115694,3.000000,3.000000,0.005025,-0.523868,-0.521985,1.000000,1.000000,0.001675,0.528500,0.317670,3.000000,2.000000,0.005025,0.800707,0.305651,54.000000,18.000000,0.090452,-0.060281,-0.229249,60.000000,20.000000,0.100503,0.057539,-0.243402,5.000000,5.000000,0.008375,-0.633109,-0.553772,562.000000,116.000000,0.941374,0.006884,0.003964
