topic_id,creator,genre,n,F1,F2,F3,F4,F5,F6,F7,F8,F9,F10,F11,F12,label,group
0,@ABCNews,videos,163,-0.15196991869007995,0.4393221187802078,-0.15221814533869416,-0.1930545034847003,-0.48398978699975426,-1.2921804250970879,2.5764514328914006,-0.060065677203063675,-1.4488019296078136,0.44054482969834724,-0.09579514076156594,0.08373163915168329,ICE protests in Minneapolis,neutral
0,@ANINewsIndia,streams,43,-0.8286524723145798,1.4484503393757724,2.903255052500167,-0.24180378021564627,-0.8290667893160425,-0.24748864252547217,2.8854288999442934,-0.1929284250708933,-0.958431762661289,0.1485769783045162,0.6092316513185323,0.6016170488602536,ICE protests in Minneapolis,neutral
0,@ANINewsIndia,videos,52,-1.2415699071193285,1.195876301160685,0.033067930191689326,-0.11656774515990749,-0.7354949545434722,-0.3331272323528236,2.7190467517459718,-0.05559947098448036,-2.196577640880305,2.100247776882313,0.4782021864725576,-0.06399916564324035,ICE protests in Minneapolis,neutral
0,@AssociatedPress,streams,23,-0.34590681082649793,0.4029601390670565,4.111219947959944,-0.24329935046564077,-0.7931840165367084,-0.6497267768809944,2.5309132693606573,-0.3687931647396269,-0.25494277167654855,-0.5455513736741395,-0.4055024892634797,-0.9977554474146754,ICE protests in Minneapolis,neutral
0,@AssociatedPress,videos,132,-0.18260528985937108,1.292008625813281,-0.3698731142486779,-0.2289805292050638,-0.24820830990639817,-1.0421532465840566,2.5854852049690997,-0.47964864963608694,-1.6633054103815186,0.6351985323644848,0.24132294141667276,0.16354403438301535,ICE protests in Minneapolis,neutral
0,@BBCNews,videos,14,-0.977424004406639,1.0981897053622798,-0.1213046408381644,-0.24569320703818773,1.2063497932053688,-1.3220438727547794,2.763332092177397,-0.24834471959714616,-2.139365165282446,-0.4377132856268329,-0.5263671748852595,1.1150854256806202,ICE protests in Minneapolis,neutral
0,@BenShapiro,videos,14,-0.26879354744719086,-0.5133877871858417,0.5223120311169775,-0.10248053173513894,0.46644423695060944,-1.103437726234575,-0.07397393581116984,-0.5655283604605361,1.5280986865280712,-0.5572968560371665,0.2322268968671417,-0.8889252509231407,ICE protests in Minneapolis,right
0,@BlackConservativePerspective,videos,61,-2.6458932869228766,0.44065207466909456,-0.3433483441005475,-0.5613783075908785,-1.1313646049618968,-0.35948236010142187,0.514939680888524,-0.5357673327371455,2.4542874843164695,0.019351824283705136,1.735552493789504,-0.809178621657614,ICE protests in Minneapolis,right
0,@BlazeTV,videos,16,-1.3788277234824664,0.48281977661783143,0.33499249671314624,-0.2628300258985764,1.8344666668049565,-0.9594680960524926,-0.2501881160559989,0.07217958349620303,-0.195442262530376,1.646145971766205,0.6994104078739841,0.2971790805547536,ICE protests in Minneapolis,right
0,@BreakThroughNews,videos,15,-1.3584224021260853,0.5412979689085725,0.32537902588561557,-0.10197929399043545,0.42279665674241124,-0.6270623366958831,-0.6665680223057927,0.002934113957123056,-1.716919483681338,1.3727030475833553,-0.2150277965414796,-0.5821530398562351,ICE protests in Minneapolis,left
0,@CBSNews,streams,13,-0.5238604322361221,1.5558925991546049,0.21460685426862394,-0.49150595881678605,-0.6923712613892339,-0.6812548816407291,3.8268973031700657,-0.043018801739618744,-1.9827694161390577,0.0018630091237281997,-0.46667072232913126,0.8186176184159135,ICE protests in Minneapolis,neutral
0,@CBSNews,videos,244,-0.48469979767856564,0.8208411405557584,-0.2550001660809242,-0.20256027283692835,-0.05918874275754673,-0.7324420404062071,2.591433755394993,-0.25612293147192994,-2.193708466409981,0.7844681431023488,0.12413874059342676,-0.06712303528295933,ICE protests in Minneapolis,neutral
0,@CNN,videos,37,0.22613723711975592,1.0837674223605969,0.06044801454015059,-0.38932594367210915,-0.06633541030614284,-1.607603719598349,2.689933066712935,0.2602401792754064,-1.5097204180595556,1.4826305451834731,-0.5473462550032376,-0.3921630896972496,ICE protests in Minneapolis,left
0,@CamHigby,streams,22,0.25730176520848586,-1.95546601074728,-0.08312129142889159,-0.3831649024832085,-0.6346051690938244,-1.113558825635105,-0.34390865802005316,-0.5063305356753506,-0.8319581514139774,-1.0430501930980556,-0.0449360162743182,-0.5079064510349752,ICE protests in Minneapolis,right
0,@CamHigby,videos,28,-0.7914449537346774,1.3029963796618351,-0.02463330215769078,0.10741052272630025,-0.5868004561173389,-0.5745483639308551,-0.6928295269301424,-0.31935611646967615,-1.2099093991184637,-0.38264830801256017,-0.1698148728401094,-1.2311471295410636,ICE protests in Minneapolis,right
0,@DemocracyNow,videos,67,-1.3442576058946085,-0.5589903657330635,0.47980849165134287,-0.30029218156679627,-0.10624108586553511,0.1148209933040179,-0.016454823036319326,0.24022937393918276,-2.7783483425828597,2.774208997814994,0.35123600648554465,-0.2351458726321948,ICE protests in Minneapolis,left
0,@DrSteveTurleyTV,videos,20,-1.1767196817523446,0.43748745607068323,0.33283927304883915,1.229036816939291,-0.2641920544203079,-0.6875279103275654,-0.3178247108371103,0.11844185296640034,1.9940841012854598,-0.8647249885149672,0.8374938116048896,-0.21847222969373706,ICE protests in Minneapolis,right
0,@DueDissidence,videos,16,-0.6407175311993323,-0.19217487909455894,-0.46012348633616484,-0.7497048528578147,-0.9628944981263685,-0.6003864180750894,-0.03865575227296493,-0.4736473357271811,0.9588098818584352,0.364638970716625,0.16913852170305171,0.4556140670691542,ICE protests in Minneapolis,left
0,@FarronBalanced,videos,50,-0.9793374347171021,-0.1335884415762083,-0.365811276211203,-0.2879063157019917,-0.7035145609127561,-1.047318547811443,-0.0782351156643816,-0.4885565015506085,-0.6018746938613407,-0.2435900395970514,-0.9887656588315967,-0.3815795572199153,ICE protests in Minneapolis,left
0,@Firstpost,streams,64,-1.6405159114496783,-0.6934616128263287,2.6477295748770806,-0.37850682873327995,-0.9870722397025291,0.04828055133735135,0.8176030572712965,0.010920294221987538,-0.9003630091064887,0.5234006035429312,0.6342135310592181,0.9402675967908841,ICE protests in Minneapolis,neutral
0,@Firstpost,videos,36,-1.384156707031076,-1.7495779090796968,0.5014584619580645,-0.06211615974921241,-0.8836214585234212,0.401204222525408,0.49956320035164836,0.779384629060599,-2.616593203311957,0.5779112223295855,0.8756983133905041,1.159039880900962,ICE protests in Minneapolis,neutral
0,@FoxNews,streams,31,0.061834956693124894,0.6164163782926458,0.10145181242866572,-0.42678102568915105,-0.9876868405615672,0.11074874004879233,2.6914880295195127,-0.3170405060408299,-1.3688805127877943,0.9924786252566651,0.04092108294541524,-0.13776361481096763,ICE protests in Minneapolis,right
0,@FoxNews,videos,197,-0.5710070912235437,0.3172762292093956,0.552643123917761,-0.26511206654731534,-0.5250225947341771,-1.5874179859626034,2.0664197394642576,-0.41460016636783126,0.73751112796787,1.8934872042202682,0.09642232189548923,-0.40262611854713415,ICE protests in Minneapolis,right
0,@FoxNewsChannelClips,videos,109,-0.17585699029788435,0.8191262993378362,0.02817468149576253,-0.33518953738061075,-0.4839873311275248,-1.3361630845556411,2.282806380294783,-0.5467905399919258,0.16707823129819802,1.9218041469595812,0.4600358082199141,0.022232289277526542,ICE protests in Minneapolis,right
0,@GlennKirschner2,videos,11,1.0298970447488622,0.09137002743363959,-0.31150513086668125,-0.6088589742583103,-0.7276341532374144,-1.2373118219801242,-0.15839304101662405,-0.7517278303358922,-1.5175658887129606,0.7245994490516033,1.5355758161020299,0.09130868174518127,ICE protests in Minneapolis,left
0,@HasanAbi,videos,14,0.5230633062865637,-0.5246898287007572,-0.5477813619779853,0.20520633627177773,-0.8975658815537831,-0.9699922195417633,0.9460855589325564,0.5926449186987005,0.269218971715088,-0.5869324280013842,-0.8725032667575208,-0.15339120192199393,ICE protests in Minneapolis,left
0,@HasanReactionsfanTwo,videos,10,-0.20973167148344407,-1.3997695374951251,-0.39543131612759325,-0.4726707073019199,-0.8811564000424001,0.059518920579433796,0.395794972280621,0.02213534702635041,-0.7814374458786071,-0.678186155876097,-0.06158743426319966,-0.5583964024017052,ICE protests in Minneapolis,left
0,@JackCocchiarellaShow,videos,18,-2.4239571240338864,0.7543292012486514,0.0026143196602605137,0.1962870701009572,-0.8566516341421436,0.19669425821066533,-0.14052745596020727,-0.8673273063579332,-1.9489410179581341,-1.1283048593264564,-1.1717395367768213,-1.5353477112866936,ICE protests in Minneapolis,left
0,@LegalAFMTN,videos,70,-1.538983640534091,-0.8611620097623722,-0.21874000384816247,-0.2645283165009387,-0.8590330703936847,-0.7240422699702582,0.44687738775488267,-0.4703187307856982,2.519606463241497,-0.8960423630933864,1.092816558316066,-0.8591498011854937,ICE protests in Minneapolis,left
0,@MegynKelly,videos,40,-1.2471912195533883,0.11215692103491648,0.2335753972539126,-0.09327568892800345,0.3326783873792166,1.642866206787053,-0.5121076636391282,0.6114130177789993,-1.8223684612451971,0.2988404941322677,1.117062448549715,0.2777069811669667,ICE protests in Minneapolis,right
0,@MeidasTouch,streams,48,-1.5533154075438729,-0.15980264745160208,2.426290894927019,0.013829422865864645,-0.8464372107913541,-0.35289674098169527,0.6893098558290346,-0.255831658591591,2.659963561252549,-0.5680764589757578,-0.3627484914462977,0.5996961630088522,ICE protests in Minneapolis,left
0,@MeidasTouch,videos,49,-2.307991146217206,0.08206732748930694,-0.34127181342734714,-0.1246684861089939,-0.5226805685015927,-1.2335965276728313,1.4204231687597786,-0.5538549905462173,0.1083195095537975,-1.0303411220546101,0.3302214257728269,-0.7357389205051859,ICE protests in Minneapolis,left
0,@MichaelKnowles,videos,13,-0.9351478572068448,-0.09979632461198744,-0.7878427170750063,-0.04749542186355898,-0.3367653004477651,0.21293423983933077,0.34129673714553593,-0.13939233214857885,0.05541317079651982,0.08970478482328555,-0.9278219169209904,-0.8763914061277126,ICE protests in Minneapolis,right
0,@NBCNews,videos,137,-0.06736235944970095,0.6590490445613366,-0.17481270336258223,-0.14686726744008022,-0.3746761738920113,-1.2335924675147847,2.563775957152723,-0.35104640609609483,-1.9042966315025536,0.8579407745839087,-0.16988062682559077,0.0763179338962389,ICE protests in Minneapolis,neutral
0,@NYTPodcasts,videos,21,0.5553519474507697,-0.3446603447836261,0.10754671423926977,-0.05079626707425762,-0.046443218723005046,-1.6052325246111847,-0.0532606041955086,-0.06549164544943743,-1.6457093693487599,0.07591682852917081,0.9078041446985148,-0.05882997111829732,ICE protests in Minneapolis,left
0,@NewsNation,streams,10,0.12068826564173891,0.33932948011672137,1.1255344428959222,-0.23602318301358105,-0.6714630121322606,-0.9193390653739387,2.879053763773968,-0.1392672628698887,-1.5624607168650182,-0.6467578351683924,-1.044804716106217,-0.08048978753599115,ICE protests in Minneapolis,neutral
0,@NewsNation,videos,263,-0.07976457158895109,0.7636139581820174,0.372256697205094,-0.3203821060138588,-0.4531046107049747,-0.3178059433139408,2.048325695359164,-0.015638113137469923,-1.9351380896387733,0.3829729168880234,0.2010799431244298,0.7800552723448045,ICE protests in Minneapolis,neutral
0,@NewsmaxTV,videos,104,-0.07832112381248181,0.8159854607262325,0.72158038959609,-0.08888064543305432,-0.45610786138119064,0.18773135621619946,1.4024603106108608,-0.4511574011042802,-1.3001249809152617,1.3101785054092674,0.07012326452325635,0.32649019369991217,ICE protests in Minneapolis,right
0,@PTLRadioShow,streams,12,0.7901747126936853,-0.7460774522161729,-0.5547496047261561,-0.04157203302664988,-0.6092197661761004,-1.6195549254054444,2.3349272897017923,0.23076740842641688,-1.5527686156976614,0.45897045115477586,0.4342479466610198,-0.8499849688038958,ICE protests in Minneapolis,left
0,@PTLRadioShow,videos,78,-0.19343035480372164,-0.31208202306805716,-0.41108318597010707,-0.3275256552300026,-0.4609047101137277,0.11127061669453787,-0.09274783546348253,-0.31381310288355463,-0.5880702396329489,0.025860246227364315,0.41005027785600356,-0.6395190024244972,ICE protests in Minneapolis,left
0,@RealAmericasVoice,streams,21,-2.022108133554469,0.41702180610839923,0.3405413435060385,-0.43364507110721096,-0.7454341439142548,1.1425036175446304,1.7478517218681238,0.2709892150304147,3.3225648605902673,0.31542860124290806,0.33250699305580134,0.7275958455069528,ICE protests in Minneapolis,right
0,@RealAmericasVoice,videos,147,-1.284756411940758,-0.6585695083476745,-0.008534858746692835,-0.5304384390427433,-0.6699960151104815,0.26264309539171943,0.34020400728611366,0.22181714185563628,-0.9471058867004921,2.087456350531922,0.2060894366839896,-0.2786641028134746,ICE protests in Minneapolis,right
0,@RebelHQ,videos,62,-1.2110013802448074,0.34368482390746646,-0.24626553729530776,-0.23148598338329734,-0.8153885348863257,-0.9801981669102418,0.11080697578983253,-0.6215460905437529,-0.1493953306836678,-0.5564522182784495,0.18321004994560092,-1.0260709315817935,ICE protests in Minneapolis,left
0,@Reuters,streams,40,0.31265106958953687,-0.045040125804863426,4.1603546626456325,-0.11786312118024904,-0.8554904969973636,-0.6978556580294186,2.04856442926174,-0.47799190229341787,0.7030708659003293,-0.3884988359532505,-0.13437129518333776,-0.3681638006150901,ICE protests in Minneapolis,neutral
0,@Reuters,videos,111,-0.5753230598787765,0.6221215845877828,0.13031426826683729,-0.46245674002042875,-0.6064788529401819,-1.2945194997979033,2.565396905751763,-0.3357654013308445,-0.8445054594878679,0.45473414186655403,0.23732792740725975,0.7306214989411429,ICE protests in Minneapolis,neutral
0,@RobertGouveiaEsq,videos,15,-1.1516106585128283,-2.0552911253600756,-0.532885352271614,-0.649614913647357,-1.2191058356339701,-0.031042938267365136,0.15307118763537278,-0.6260451447009199,1.443084900672646,-0.7155769555309183,0.7429875900947507,-0.6766581416098147,ICE protests in Minneapolis,right
0,@RubinReport,videos,18,-1.100438167261129,-0.14553927981877796,0.005721778612815765,0.09866410605290414,0.27212813784678797,0.009689225664551862,-0.11570541307288357,-0.11457364872011078,-1.7463505392033851,-0.39675033940511445,0.14009015858664858,-0.17590965293931937,ICE protests in Minneapolis,right
0,@SaltyCracker,videos,35,-1.4390645764947845,-0.02161221454585114,-0.5140403637502288,-0.41768862176104343,-0.5753865936805196,-0.4618449419773384,-0.1824383111924246,-0.13766164815772702,-2.520891521438017,-0.36722415621457927,-0.5332870192727561,-0.6883184440889618,ICE protests in Minneapolis,right
0,@SecularTalk,videos,51,-0.6050383638566675,0.28700594911479976,0.7067255103051087,-0.1983355452466423,-0.34092966907692557,-1.2030510285133849,0.6570917406175406,-0.015190302389399614,2.3749114601074375,0.46203612547601597,0.14253713764294398,-0.42098742566802067,ICE protests in Minneapolis,left
0,@SkyNews,videos,29,-0.47960082205359916,0.08773602455218502,-0.08717621487165533,-0.0780553817023403,1.030758608054345,-1.723791872258462,2.178622314043183,0.16672020293822365,-2.1225179978678783,1.106865406188275,-0.49132145086870127,0.04996694244731642,ICE protests in Minneapolis,left
0,@StatusCoup,streams,83,-1.9251274964497957,-0.5193918803410533,2.2235930050097026,0.0695648312390741,-0.9646546948677938,-0.5439960409854843,0.4175435246008779,0.04518930454068341,2.4036600523900207,-0.3399938817663583,-0.047511323830532144,0.4610171682534288,ICE protests in Minneapolis,left
0,@StatusCoup,videos,167,-1.5198408106000674,-0.2609030686314533,0.22344105378205475,-0.1855063578903561,-0.7400562656516407,-1.0193065120998117,0.027048956962828805,-0.18542878886434325,2.344285793350457,2.621125547873299,0.03154233097599266,-0.3617277020226355,ICE protests in Minneapolis,left
0,@TheAdamCarollaShow1,videos,12,-0.41324828592381313,-0.1874918533130183,-0.5315879558793747,-0.7304247199348612,-0.958781749566072,-0.402810478919525,0.18559913069156866,-0.4076245975571115,0.9889467604405984,-0.2116417553675387,1.396350680115089,-0.18091861143061946,ICE protests in Minneapolis,right
0,@TheDamageReport,videos,73,-2.949676221893192,-0.34336932400624504,-0.3312468254522383,-0.3606560287984646,-0.8244946907324193,-0.8311261261076022,0.028513272226616922,-0.6373532937266685,-1.1727911567298333,-0.6456381939298341,0.8050432321727297,-0.9034241864492796,ICE protests in Minneapolis,left
0,@TheDonLemonShow,streams,25,-1.6115113050366239,-0.3580224538950687,-0.04724387225236334,-0.1893680352986414,0.26701188013015037,-0.8357926361204363,-0.06023676022438736,-0.6154996185640907,-0.8436077523140387,-0.47201460099640186,-0.0052655391206104345,-0.18673678121361917,ICE protests in Minneapolis,left
0,@TheDonLemonShow,videos,24,-0.3866472710337951,-1.2133697897844427,-0.1456393935115924,-0.43646434886720636,0.8517468286346318,-1.3795524843061784,-0.592436325426257,-0.903494697874388,-0.23678932730475946,-0.43618626994209514,0.3109758613292368,-0.10559710243185572,ICE protests in Minneapolis,left
0,@TheMajorityReport,streams,18,-1.2676144034447925,-1.3070019739439402,-0.22072104089595784,-0.057670550291637084,-0.43192993119940076,3.3134097190951173,-0.318254497031497,-0.34976970798700113,-1.4353213884719558,-0.2995414812992592,-0.24064950528283433,0.4519151404777085,ICE protests in Minneapolis,left
0,@TheMajorityReport,videos,79,-0.5623908772113357,-0.9264464006970535,-0.15322911646535722,0.048567677311270534,-0.08625220349249726,-0.5060345536152543,0.13171469426213264,-0.17691865290881004,-0.737357040582864,-0.0035900013907660152,-0.8694457317226832,-0.7016729020631947,ICE protests in Minneapolis,left
0,@TheMichaelCohenShow,videos,13,-1.9274682482493546,-0.4573230684416739,-0.4822943402194788,0.08312032656943721,-0.7241604141099217,0.0487526266078916,1.0429070867086816,-0.6501137022982065,1.456477058202933,-0.7723040042175935,-0.0025198373760480807,-0.8813841178424949,ICE protests in Minneapolis,left
0,@TheOfficerTatum,streams,13,-2.354258686865226,-0.5220085767451723,2.882782488811926,-0.8597520951074914,-0.9958310004076263,0.46704580771706894,-0.1642828212189924,-0.16027844458600882,2.068728942546571,-0.11700519281998452,1.4433382330600766,-0.8432455251664742,ICE protests in Minneapolis,right
0,@TheOfficerTatum,videos,25,-2.128309614961253,-0.43181304490555644,-0.27380584908599176,-0.5430096211801514,-1.2252606769152061,0.826757560988318,0.1266544748471011,-0.49836349952884923,3.21328245234379,0.24387406544585477,0.66347356857421,-0.22351487271054415,ICE protests in Minneapolis,right
0,@TheQuartering,videos,71,-1.2292539108679958,1.3033670871248162,-0.3281729762759992,-0.25151763961791296,-0.44434118830256897,-0.7096004612343026,0.9767645636378751,-0.08844693006277048,3.8732801628346034,-0.3317486865110478,0.7313662055228128,-1.2207324423082746,ICE protests in Minneapolis,right
0,@TheYoungTurks,streams,10,0.2286984291919411,-2.063958697668199,-0.14327952168259567,0.06626473229881544,-0.7638667950393104,0.7024649068772539,-0.4180198528785148,-0.579220944075428,0.8581306834695391,-0.6144067876757122,2.197532585415062,-0.7570770658486723,ICE protests in Minneapolis,left
0,@TheYoungTurks,videos,35,-1.0173693920339115,-0.3583760959490532,-0.1787897586612316,-0.3029757993664252,-0.1688698970638899,-0.8953102867276015,-0.4210683238623362,-0.4387125581712904,1.1524129195623245,-0.2949832412880666,-0.692667189659626,-0.2120329254946937,ICE protests in Minneapolis,left
0,@TimcastIRL,streams,10,-1.7365393155742623,-0.13377796024711824,-0.25724833491506205,-0.5803662855634976,-0.9445924094521198,0.15057344958243127,0.059311335948814034,0.013612127272325586,2.880858167148185,-0.4294345512998823,0.0956945880965798,1.120460888541038,ICE protests in Minneapolis,right
0,@TimcastIRL,videos,34,-1.3516835981773625,0.17284558242771345,-0.5070917253577594,-0.38448512267040214,-0.9275450872035659,-0.2858534903947216,0.25598430830134244,-0.4212622792586113,0.19979663935202718,-0.45535868942238933,-0.07169711705061284,-0.12944012861123086,ICE protests in Minneapolis,right
0,@TimcastNews,videos,12,-1.0210787618104362,-1.180417595115254,-0.38963551117163564,-0.49060276188710844,-0.9686049818882755,-0.8929172523385965,0.9380742252832716,-0.637848528330512,2.088987871027937,-0.4282155384418996,-0.21700416648423304,-0.33942047580569973,ICE protests in Minneapolis,right
0,@TimesNowWorld,streams,37,-1.9526529202341145,-0.3052164982194641,0.9745206429003925,-0.43419791455950435,-1.108464587484076,0.11966585110320893,0.9517172987727786,0.3187202349230558,-0.024846378669341102,0.23880160583189278,0.3232100800164196,0.9918770332448135,ICE protests in Minneapolis,neutral
0,@TimesNowWorld,videos,36,-1.9749662836179418,-0.7352824165170456,1.8520738612788132,-0.6352615524675183,-1.041626888300019,-0.3467831450221325,-0.07997949692500063,0.2565936690921377,-0.16756443257014145,1.4506311200671047,1.6172663033419108,0.1911682066452039,ICE protests in Minneapolis,neutral
0,@USATODAY,streams,22,-0.2497413712213336,0.5132986409769684,-0.06398772555649729,-0.5069979954452878,-0.8160355053918057,-0.03359403916952324,2.875498459682879,-0.3247124138005588,-2.0059304010881234,-0.5531527973912189,-0.24039284957183343,-0.0692790168473792,ICE protests in Minneapolis,neutral
0,@USATODAY,videos,62,-0.27095935830446005,0.5224348295864651,-0.2936981671836711,-0.21550547648919202,-0.305022022818975,0.29163161120144526,2.3567502098177653,0.14438305477271232,-1.789752001992509,1.87204342336112,0.6163774979657087,0.2623547454863883,ICE protests in Minneapolis,neutral
0,@Vaush,videos,14,0.008423617734937336,1.818653142837838,-0.247676496488014,-0.020708479393070096,-0.42420273397909025,-1.5575905509861296,-0.6083365331871277,-0.4998683487597856,0.9490549287149227,-0.6870002750457369,-1.621041865883891,0.6661869685829582,ICE protests in Minneapolis,left
0,@aaronparnas1,videos,19,-2.008098982881411,0.14818313947294162,2.551127310376406,-0.4095321570841232,-0.5444887601654532,-0.9125093734397759,0.476708008033851,-0.5126969836102385,1.0391288579072187,-0.2905620631621324,0.46746307463496817,0.22123968784410408,ICE protests in Minneapolis,left
0,@adammockler,videos,26,-1.5737308709800288,0.35064387599562974,-0.06338764119231016,0.035065194714859665,-0.7131845482499977,-1.1043493728654188,1.4140819990464606,-1.0120576501622272,0.7069096099566301,-0.9448200451491983,-0.16833029239080377,-0.9492207498754879,ICE protests in Minneapolis,left
0,@aljazeeraenglish,videos,39,-1.0183299753682942,0.23612693734318854,-0.24458580124344687,-0.39169180596205466,-0.5901467886379026,-1.16837318885738,3.3503865049270383,-0.4109942212369366,-2.135395848145029,0.07836226476401327,0.2628992582779668,0.4054316229903731,ICE protests in Minneapolis,left
0,@bennyjohnson,videos,17,-3.225239990598048,0.18485691879550153,0.5138543552266632,1.1300102850046119,-0.943340697262329,0.5751735967946038,0.040877675527912764,0.20158784584031622,-1.4057711120307788,0.7591645785896668,0.6248299933083757,-1.0555621892507288,ICE protests in Minneapolis,right
0,@breakingpoints,videos,27,-0.38824364288148483,-1.1308343835997539,0.28870881325447195,-0.6798084330420766,-0.9477483297523182,0.12642171786749307,0.4929551766297935,0.22313129915902774,2.566990026924392,0.6473059331330093,-0.4982253059196195,-0.19683597696892663,ICE protests in Minneapolis,left
0,@briantylercohen,videos,38,-1.0264736685760474,0.4276690117068723,1.0606021029271215,-0.5293515055089604,-0.728579226668267,-1.4543239454584183,2.3840451811553716,-0.6577424077107006,2.4056270764602523,-0.4802344725613183,0.1836621770638296,-0.5406395838696108,ICE protests in Minneapolis,left
0,@bulwarkmedia,videos,36,-0.6474201993616034,0.7310246567997214,0.22958689327444493,-0.08717547603384672,-0.4938166041835006,0.13108182343545483,-0.7790657360264858,-0.27578210082128474,-1.6420494168355535,-0.041650574525088566,-0.5794465067524024,0.11725865792358697,ICE protests in Minneapolis,left
0,@chicksonright,videos,11,-0.33287561026384077,0.11324734359965373,-0.3800698118746926,-0.2862873988835843,0.08181085987089903,0.10525981013019364,-0.6956708379173648,-0.6502073062900073,-0.07691748608013732,-0.3426586628996003,0.25059324652267084,0.47274647937998887,ICE protests in Minneapolis,right
0,@clayandbuck,videos,16,0.27369318668454246,-1.2123495182238948,-0.47780821577346266,-0.41201004146786013,-0.7212443009893382,0.5016575219626903,-0.2202357643126295,-0.311380592652196,-1.541570969027911,-0.6170328835748295,1.1800196754231593,-0.0014141340329983099,ICE protests in Minneapolis,right
0,@deanwithrs,videos,10,-3.350110013956048,0.431071229597242,-0.6682549408252899,-0.6945159859932415,-1.0948579021922311,0.2633896982386835,0.24970710624465747,-0.7754056443807837,2.6153279505193137,-0.5104769128113501,-0.7170909045645117,-0.3471637764588197,ICE protests in Minneapolis,left
0,@dollemore,videos,69,-1.426833637027657,-0.16589756457816152,-0.24761502882582773,-0.21887431921238748,-0.4088314841598601,0.36845558797048317,-0.2714136018388146,-0.002232463940715084,2.591635086206523,-0.1200636932310291,1.3697311722596406,0.8074139831074834,ICE protests in Minneapolis,left
0,@jimacosta,videos,15,-1.0729237098672118,0.9638275490742955,0.19331231582693947,-0.34757204755643306,0.033603363371499016,-0.3494612623749043,-0.2655488070774998,-0.8138961597519359,-2.077511077196149,0.6242678684608968,0.6991536695282499,-0.4516754761891063,ICE protests in Minneapolis,left
0,@katiephangnews,videos,24,-2.4113756851874757,-0.5111986672016889,0.04990597122900949,-0.19805417128714176,-0.6535049653083121,-1.438199066324293,1.3718947351528061,0.0004464965643840857,2.116250406300594,-0.5412053734572644,0.8929148627152581,-0.5072719278868392,ICE protests in Minneapolis,left
0,@markets,videos,24,-0.3467507234421801,-0.1405226750568119,-0.09142847168434319,-0.5040565387935859,-0.5032613649105195,-0.1713792421634883,-0.0027318314393347883,-0.548561205766387,-2.1809956542049647,-0.3600223900933129,-0.4204424077024999,1.182419257082415,ICE protests in Minneapolis,neutral
0,@msnow,streams,12,0.28786158365529785,1.0947476151302569,3.2979347118819553,-0.638661502327697,-1.04835376130808,0.12266710253058795,2.7182861277438684,-0.33580453310743313,-1.0568274931309232,-0.5803456830095954,0.221345274619824,-0.4032593023777153,ICE protests in Minneapolis,left
0,@msnow,videos,441,-0.3300386573078936,0.8442977875217768,0.5831574751573813,0.20465098995189818,-0.12230958579196945,-1.0685701488820163,1.7132491397179805,-0.3968142918162077,-1.349240952989732,2.969308745654185,0.18804533562277356,0.38872781694723574,ICE protests in Minneapolis,left
0,@nypost,videos,277,-1.3634286287766937,-1.0812284851712541,-0.0555921840886203,-0.3296069027323139,-0.7149255192989116,-0.43132324775319275,-0.017268805298094478,-0.23985231334944634,-1.9677216159126025,0.5275796070455667,0.14410664808635523,-0.3644193619888789,ICE protests in Minneapolis,right
0,@oann,videos,36,-1.4240051574650787,-1.2067864455944397,-0.2065941381697505,-0.6362386973078801,-0.45937051784361826,-0.46881277347863115,0.1359025490057177,0.13268507561649465,-1.8940657517494124,-0.18634331931229012,0.028859404016018157,-0.015326857064226984,ICE protests in Minneapolis,right
0,@podsaveamerica,videos,30,-1.1336736320864615,-0.4023533351535671,0.15938339274735253,-0.3133338874718864,0.10532132425806916,-0.5347916447543385,-0.004414306781055472,-0.5873040320297894,0.18712113472631556,-0.31470110639582666,-0.23714323078968538,-0.17891171124708435,ICE protests in Minneapolis,left
0,@ponderingpolitics,videos,16,-1.574006930632528,0.3350410631438132,0.6515679865225914,-0.3024506546363521,-0.6698039404556468,-0.6159913435265296,1.9893285399498695,-0.45035580526985125,1.868079566927684,-0.6254090334533359,-0.15077183306502367,-0.7012365442807584,ICE protests in Minneapolis,left
0,@rolandsmartin,streams,19,-1.1533052888069788,-1.2810152925542564,0.9230435690162331,-0.33599598966837235,-0.8530760844072998,0.3697219339737286,0.9431392570359167,0.22293643206025465,-1.9234772119004284,-0.24010992188421273,0.5081797084667197,-0.61060313541016,ICE protests in Minneapolis,left
0,@rolandsmartin,videos,16,-0.5437544306803528,-0.2577425005599971,-0.08124320986647522,0.13254599419960983,-0.5813145155137913,0.4683009438851347,-0.29185665009709627,-0.6125526046185468,-1.5588330839176532,2.2783489460462856,1.1998264825002414,-0.5760346064424849,ICE protests in Minneapolis,left
0,@thedavidpakmanshow,videos,13,-1.2777731520256728,1.1187115551756561,-0.3095258018321075,-0.13805578097268562,-0.7660956037994905,-1.9362428823417188,1.4783964026737384,-1.0241151239110948,0.5252399726068957,-0.6553308028810126,-0.8378655333967573,0.12419158002356621,ICE protests in Minneapolis,left
0,@thehill,videos,96,-0.6733047722728798,0.004472616176986234,0.393382921420357,-0.4600566664821764,-0.9233644522062119,0.33411887461551,0.8738334599930999,0.12741757862018446,0.04016903395220024,1.033487855671449,0.5658674507773775,0.3920407072620327,ICE protests in Minneapolis,neutral
0,@thejimmydoreshow,videos,20,-1.271609999149757,-0.15526814055569943,-0.17073725975591944,0.21120088886790783,0.1949164098015773,0.016875954822529977,-0.13910875536542106,-0.5939430662103516,0.8886976280027661,-0.22801679560587157,0.670388080766006,-0.7059025124112257,ICE protests in Minneapolis,neutral
0,@thomhartmann,videos,25,-1.081957440566226,1.291215745590848,-0.05331768859467061,-0.08243466149939067,0.24951419340768297,-1.1267361780498388,-0.24565736345530667,0.03904658248409379,-0.3444306189628978,0.4205334107349907,0.08148150695500352,-0.10292709398537639,ICE protests in Minneapolis,left
0,@timesofindia,streams,96,-1.9364666470843233,-0.3605269532583595,1.404661695409655,0.43893901208784786,-0.7902657273384901,0.6335353671757057,-0.22163128116097722,0.19370962104573006,-0.30109823557229015,3.372660422639294,0.3218736946190006,1.4355623915345241,ICE protests in Minneapolis,left
0,@timesofindia,videos,142,-1.9390625141083782,-0.4074413051158507,0.5380942973409462,0.12568479073429392,-0.7078924571012305,0.26868740443218214,-0.1589248725504524,0.2087294741260062,-0.6856799783459453,3.8199035323546076,0.7584569074684495,0.8310099857832013,ICE protests in Minneapolis,left
0,https://rumble.com/c/BannonsWarRoom,videos,74,0.15457421790848505,1.3099331095776026,1.4678548024328368,0.31452205500573294,-0.08316920139997215,0.9512385910617757,-0.9309436529537628,0.10351379989116767,-0.6284376488296576,1.0299410225514805,2.8518012975908262,1.6337144439351108,ICE protests in Minneapolis,right
2,@ABCNews,videos,32,0.21054953292681544,-0.13487230057072047,-0.29665468982302556,-0.14228952778679813,-0.2961942404399566,-1.2354071524490502,2.3774345717188594,-0.5735928161816639,-0.4317935072947212,2.176578650533243,-0.2652219936013333,0.679372691590299,Israel and Palestine Conflict,neutral
2,@ANINewsIndia,streams,40,0.0690884924065615,0.8029033861056686,2.857213058971885,-0.36980070567614426,-0.7487218030716314,0.940953237184661,2.2473638804523057,0.055622576689009565,-0.3537781415358564,-0.39390375493494917,0.6778645056546575,1.5683030131174793,Israel and Palestine Conflict,neutral
2,@ANINewsIndia,videos,99,0.015406741663037193,0.6703082142971123,-0.09776638640052815,0.06376700275983788,0.0450543969901315,0.7208114644814434,1.605024941402028,0.22400513354247104,0.23503509728162136,3.226143265484613,0.9434663087352659,1.9227826838831392,Israel and Palestine Conflict,neutral
2,@AssociatedPress,videos,102,-0.1726581434967735,0.997844552857879,-0.7013424815314672,-0.25701762927321714,-0.5194337422089318,-1.1679227002123171,2.6853498838360474,0.26481729057523007,-0.3695874321868793,0.4156936489238293,-0.21489010637893427,1.044795751048177,Israel and Palestine Conflict,neutral
2,@BBCNews,videos,54,0.5283459349110607,0.11357185023500703,-0.30635825662850424,-0.16605033547612214,1.2344198681519412,-0.6023667943460177,2.1171574966524482,0.22182947599785582,-0.19806333686248065,0.4677489920213676,-0.23018023108637245,1.012161692560198,Israel and Palestine Conflict,neutral
2,@BadEmpanadaLive,videos,65,0.24068776946404585,-0.4700108027197424,-0.6409063749332317,-0.29335617980809553,0.0019394178872375097,-0.9665590205510399,0.08767799551355157,-0.6142907917145576,-0.206315978510113,0.432191225073001,-0.7316846841260886,-0.16773057845697228,Israel and Palestine Conflict,left
2,@BadFaithPodcast,videos,13,-0.009670497636976668,0.15219183437541708,-0.38258693251602616,-0.255826028346322,0.9715854121024384,3.672717655470611,-0.6495020634877654,0.8670374873763976,-0.6593458909817149,1.436320807438686,0.21525164620469298,0.7359971135790525,Israel and Palestine Conflict,left
2,@BreakThroughNews,videos,25,0.3017284554277375,-0.04573891801015112,-0.21385954709736757,-0.40914647207000593,0.7995330501588578,0.31903304066066906,0.12590985087754425,-0.15432164841442852,-0.3221926690954039,0.46727429054804714,0.14723563310636104,0.9336468500298086,Israel and Palestine Conflict,left
2,@CBSNews,videos,42,0.5040756486140978,0.5230926630032674,-0.2856566612276654,-0.05592034258170136,0.08277635360440952,-0.10824740785474865,1.7613641921300112,0.004400071036723688,-0.3578100170304767,0.8608526988910332,0.39137509355110034,0.8586361793206917,Israel and Palestine Conflict,neutral
2,@CNN,videos,15,0.9155100436265633,1.4071150956602332,-0.8879649182288224,-0.1555161559009252,-0.7536499902257603,0.2478850362320517,2.273093982663192,-0.0453459539122232,0.46814692314212036,0.6477734632021784,0.15537772092379934,0.595758502599795,Israel and Palestine Conflict,left
2,@ClipsCandaceOwens,videos,15,1.0820894360347397,-0.3592547304734252,-0.6464540268580172,0.8591080809153936,0.2181279392066465,0.40499450065165926,0.05697301099371801,-0.005182801822130053,-0.46071840695061966,0.3806842717039286,-1.1931899102062757,-0.4148621569021455,Israel and Palestine Conflict,neutral
2,@CoreyGilShusterAskProject,videos,29,1.8628633198864861,1.5200803635827986,-0.25373896534738855,-0.39371169370110276,2.3648021808821627,-2.475567589672381,-0.0022403655104796345,-0.05154422879626359,1.4773564505100822,0.10194113397141548,0.8947921678429336,2.5002461222431633,Israel and Palestine Conflict,neutral
2,@DemocracyNow,videos,58,0.036005418699616015,-0.29887692483750855,0.2465379407475977,-0.394015557895515,-0.6586121045300788,0.5050621173624124,0.1307069393302667,0.33476831884239056,-0.7891485158477619,3.561695574406168,1.0226444911019839,0.45349745349178683,Israel and Palestine Conflict,left
2,@DoubleDownNews,videos,29,-1.9866086709076354,0.999271490643058,0.4714423199172961,-0.08600795882806284,-0.02142912509350458,-0.5236235995258298,-0.5230835134057938,-0.1485623227119041,1.2685667047616398,0.8208919309907162,0.0318259234726441,0.3344316626504053,Israel and Palestine Conflict,left
2,@DropSiteNews,streams,10,-0.3220599122958065,-2.058770269210226,-0.3181417124164582,-0.20898331159902678,-0.4141185856145423,-0.24305744138127902,-0.4262931229391338,-0.46624268990128676,-0.843841072821078,-0.637571592369765,-0.4354439438401766,0.20882566437982658,Israel and Palestine Conflict,left
2,@DropSiteNews,videos,37,-0.3729447512218968,-1.0333296656058413,-0.4495923539008418,-0.548461423833545,-0.6089964673656093,-0.2684650428987061,0.22903908308538695,-0.3139367022052867,-0.8422469212101776,0.9665572237142894,0.13914037269170323,-0.22957830269813978,Israel and Palestine Conflict,left
2,@DueDissidence,streams,15,-2.196853595749654,-0.0330070157890115,-0.5820626817579068,-0.2843348899429767,-1.1627862163777796,2.454497064954317,0.09572703076569036,0.3192028991599107,1.2983077446825155,2.1816135104949295,1.4218585132709594,0.7661355824282071,Israel and Palestine Conflict,left
2,@DueDissidence,videos,82,-0.5861020370168145,-1.4733377238587002,-0.5258355284220857,-0.45027676180453596,-0.7593231598365681,0.18852004322204127,0.23327675615182294,-0.3479991096386533,0.8963971480399157,0.3153476687577246,0.0739926083544285,0.11687776996049658,Israel and Palestine Conflict,left
2,@Firstpost,streams,72,-0.38855872124222707,-0.6471922699785276,2.6854689422483817,-0.05360911902922348,-0.40144563643460524,0.4910388111207377,0.4000846922992378,0.34891757626312386,-1.5546708886875495,0.5055066468599702,0.2122310478498804,0.9051082565655943,Israel and Palestine Conflict,neutral
2,@Firstpost,videos,103,-0.49807933509516183,-0.5313117865584664,0.22006437426016096,-0.24645164263502436,0.3328585763411303,0.8564340063591976,0.6392876533097333,0.9623117887541492,-0.30547255550539515,0.9318042337072254,0.5487695078038458,1.8387488660989275,Israel and Palestine Conflict,neutral
2,@Forthepeoplepodcast305,videos,14,-0.44698819922276056,0.48124097986008285,0.09663027214430178,-0.36155769535654886,0.22487439556198632,-1.0331847441838475,0.07890891101503247,0.032960483560006894,-0.4140700828415756,-0.33635149691827604,0.01564059971292388,0.10826377863723316,Israel and Palestine Conflict,left
2,@FoxNews,videos,60,-0.20116516474121832,0.5964662005118981,0.3777290803057788,-0.11357351463038741,-0.42887714151949663,-0.40390453791485115,1.6105793057699846,-0.510329239575393,0.37858298895605885,1.6191506273172824,0.41545696093160667,0.36012554405576036,Israel and Palestine Conflict,right
2,@FoxNewsChannelClips,videos,33,0.7106916058980465,0.34308586618010084,0.7238625538762339,0.22501620588678845,-0.3666129453019763,-1.209861009468854,1.9548137338025,-0.06262959071172447,0.7771425173979141,2.5812357903974,0.19489309884103775,0.608246063546227,Israel and Palestine Conflict,right
2,@HasanAbi,videos,19,0.5342436886193692,0.10736468467341662,-0.5257813441106106,0.03729974246320221,-0.061600824825965114,-0.11980717232557017,0.18227438482371439,-0.7013351011128044,2.0530613093180334,-0.3813387980161816,-1.4480562799621388,0.1602845884452363,Israel and Palestine Conflict,left
2,@HasanabiClips,videos,20,0.8079853648611935,0.16704262973076783,-0.42196732766858674,-0.5083376417542618,-0.09109885067382298,1.1995307863167741,0.3074237230890811,-0.2648300388513163,0.8557701663264388,0.21974167955345875,1.9296873750053845,-0.7169657372342059,Israel and Palestine Conflict,left
2,@JacksonHinkleOfficial,videos,15,-0.7634790231095409,0.5351855944104635,-0.3498464349138847,-0.4298591570053639,-0.27020195230357275,-0.06446132962083799,0.7321470305225428,-0.6034109323118139,3.717141923192131,0.5066832740462295,-1.1462329521763475,-0.41179871347498975,Israel and Palestine Conflict,neutral
2,@JamarlThomas,videos,24,0.24024517831707992,0.2011365079526651,-0.1185854046736247,-0.11122101408476394,-0.5169234724090046,1.006963590019445,-0.35085435085377537,-0.0902805854287946,0.05485436571230895,1.5053847157475373,-0.8132695462390122,0.7198528309516053,Israel and Palestine Conflict,left
2,@JillianMichaels,videos,11,1.2731589448192244,0.3674609517599924,0.05107763170810515,-0.3953180344515676,-0.5703757040755332,-0.15482531505443456,-0.387457964171862,0.035562545338387035,0.6903498784283038,0.6423817005281555,1.1244616897546986,-0.5644737806233914,Israel and Palestine Conflict,right
2,@KimIversen,videos,86,0.08078550125799935,0.6261916691708932,-0.39570482941236523,-0.03791542584211082,-0.09736137206480619,-0.7897253204869088,-0.23779434079908787,-0.5229534611563709,-0.2623484581289161,-0.15970926382550185,-0.93814120947165,0.4637326393963476,Israel and Palestine Conflict,neutral
2,@LIVESNEAKO,videos,27,0.39541229030078884,-0.763075242414589,-0.35527940458264784,-0.14541589927144855,0.8496628434841992,-0.8573253954621088,-0.19559161869415215,-0.8188366862699937,-0.3778702115943595,-0.7170750148961619,-0.9243275280528002,-0.23807092683216555,Israel and Palestine Conflict,neutral
2,@MegynKelly,videos,12,-0.6008436417385782,-0.15022811958455537,0.23200821926766324,0.2507730007162274,3.954946182111108,1.6828129786096016,-0.3105646512359851,-0.1062170524811687,-2.1089025186869264,0.01492869625312837,1.1390786469812133,0.4256442823832581,Israel and Palestine Conflict,right
2,@MyronGainesX,videos,14,-2.1541675994174736,-0.6315873360891366,-0.8346201557631124,-0.14469388325528823,0.21391089782983283,1.4265132814702868,-0.47502218532559415,-0.2781932964576771,-0.00436427000072191,-0.7902480435487123,0.11196596080115377,-0.5653856347077519,Israel and Palestine Conflict,right
2,@NBCNews,videos,39,0.6240708891488257,-0.1566652585721446,-0.36178513436626797,-0.4689909540123439,0.574104269690238,-0.2643070556840981,1.6279761819362502,-0.05330096083257786,-0.5977566677323255,1.0519351275210265,0.42978547717137144,1.5018344566540411,Israel and Palestine Conflict,neutral
2,@NewsNation,videos,53,-0.4495611212509759,0.867721407854885,0.19183383066908347,-0.13592622154742962,-0.4038120069284067,0.5608038174867245,1.7430869545802736,0.3162844477019122,-0.9460821048477723,0.6559086627770264,-0.19350630572266123,1.787391538149434,Israel and Palestine Conflict,neutral
2,@NewsmaxTV,videos,43,1.0573293273080973,-0.5977866155235746,0.18167563112249782,-0.42712395393701574,-0.5132644551592034,0.196574607581747,1.067206605356428,-0.09897496858210247,-0.24898262717217484,1.1365966353864267,0.9317935832336687,0.9905118741015466,Israel and Palestine Conflict,right
2,@NickCruseRBN,streams,13,-1.0744507528528031,-0.8904572516530452,-0.820624872434515,-0.4764935303546871,-0.7535147959514001,2.6641940674896825,0.5687119756595022,0.26034157700375044,-0.6646004039666328,0.2871165834022482,0.6934034593865401,0.8142214815040939,Israel and Palestine Conflict,left
2,@NovaraMedia,videos,54,-0.5907636476462136,-0.3185339139541277,-0.37709162415216607,-0.5324320373089761,-0.6041352175470946,0.01663995457145499,-0.08375252566695822,-0.23750015604690716,-1.128261360885011,-0.3945122211503264,-0.49431629956047046,0.2658428629625637,Israel and Palestine Conflict,left
2,@OfficialSaharTV,videos,149,-0.4058605824723437,1.0890030000158146,-0.40289854112164036,0.8366439772531903,-0.27214653792343146,-0.5240859756323731,-0.10298592694652192,-0.12611621284457367,-0.7154989812837155,0.35608253988360844,0.14697732101817715,-0.4203603618097514,Israel and Palestine Conflict,right
2,@OwenJonesTalks,videos,55,-0.5427186956448643,0.08826699330155889,-0.5783413130868127,-0.415667607723693,-0.0722193070362894,-0.9566171521489711,-0.5048371674776503,-0.5713707038959042,-0.1588414541863978,-0.3993449392794975,-0.5084856160127474,0.11346654709641081,Israel and Palestine Conflict,left
2,@OwenReport,videos,59,-0.07585846002817986,-0.8052454184575298,-0.6212267656475697,-0.2704781961941545,-0.5757695532020372,-0.14098106280505474,-0.2808354142435738,-0.7289356941302598,-0.42698046923476296,-0.380364697615571,-0.12094015005805396,1.3038023792382643,Israel and Palestine Conflict,left
2,@PiersMorganUncensored,videos,13,-1.9786013903835749,-0.15537131723609027,0.2194299350901399,0.3743702137695945,-0.41796570463558197,2.2470107710469858,-0.4555802645299113,-0.4522137735524613,-0.1452272806432348,6.2355247368162185,-0.6510683606437345,-0.5706926616992807,Israel and Palestine Conflict,neutral
2,@PoliticsJOE,videos,18,-0.156649726056403,0.2267712592858463,-0.23100649665399298,-0.15618395084470243,0.7024839003012017,-0.03478176440388247,1.6183620021245493,-0.42828087834253464,-1.0020929699407353,0.2597893485121327,0.11918214096461573,0.26477040117757317,Israel and Palestine Conflict,left
2,@RealAmericasVoice,streams,15,-2.042111802853098,1.090091692190857,-0.0754697177169015,-0.6291332024469356,-0.9728623323111655,1.8124938419905345,1.777168995193059,0.42922436541499054,3.520486550700913,-0.38414614879827474,-0.2458171498478782,1.7631337735557466,Israel and Palestine Conflict,right
2,@RealAmericasVoice,videos,16,-0.26747364388714584,1.1692608578162702,-0.15819934358704862,-0.7080418817428996,-0.025668518741405827,1.3759782173313408,-0.24402395473406158,-0.4860289922985092,0.10716550150723962,0.5114960761755413,-0.34876484240281563,0.7576908580433455,Israel and Palestine Conflict,right
2,@RebelNewsOnline,videos,31,0.5703989092037163,1.0477544553638218,-0.45712008165368956,0.2145442105238961,-0.7364748103459542,-1.3506676291385966,1.8275672798589357,-0.3438362992484016,0.2929889255459969,1.2742451622690534,0.9242360314639316,0.18864680546075271,Israel and Palestine Conflict,right
2,@RedactedNews,videos,20,-0.7027730006739534,1.8072010198867772,-0.35828466135928905,0.30378272259251227,1.589255104833955,-0.28791645397439963,-0.26522371109537685,0.10187662049202237,-0.797930950104172,1.0347975495588186,0.06890771763004758,1.2408133992070756,Israel and Palestine Conflict,right
2,@Reuters,streams,42,0.6170068348489888,0.04279158230366983,4.132504530732016,-0.12233835982716076,-0.6617321999423669,-1.0333539233635705,1.7490119098444792,0.31372338635667857,-0.6815612550091464,-0.5977093768688138,-0.46782474219844117,-0.36734779367460524,Israel and Palestine Conflict,neutral
2,@Reuters,videos,182,-0.23372207125677158,0.5431474417619206,-0.5569774386320571,-0.4635992864876947,-0.43520367774203456,-1.1858625068026822,3.0434502147948326,-0.2122538766039397,-0.5940209313514064,0.21520683058042162,-0.3630976271907372,1.0907550330877784,Israel and Palestine Conflict,neutral
2,@SabbySabs,videos,33,-0.5529179627100417,-1.7927133588038837,-0.7406882884648304,-0.6750540597451183,-1.1930321838002231,0.03806292242816586,0.3667203381444767,-0.17327268980546182,0.18540185779099808,-0.790478394740043,-0.6821046237921049,-0.25499615157520145,Israel and Palestine Conflict,left
2,@SecularTalk,videos,51,-1.8938596304487394,-0.2965762258724628,0.11337464329255792,-0.05702840878137749,-0.2815901795525648,-0.08053958488237337,0.29736591006838126,-0.2915816644362771,2.306961103125777,0.5597364838180855,-0.190578406854208,-0.2118743030714314,Israel and Palestine Conflict,left
2,@SkyNews,streams,20,-0.05640525519946739,0.16635427520081378,-0.046586243717883766,-0.026087752458906682,-0.6520496139850362,0.5690945481040917,1.9487643083062103,-0.5518757972340043,-0.6980112135582013,0.48802662442573785,0.00943550140555809,0.6354238456290987,Israel and Palestine Conflict,left
2,@SkyNews,videos,72,0.147780159369929,0.8532754254057574,-0.5028520367066673,-0.4429429688266773,0.4713074358499594,-0.8773237993420001,2.2672235870966313,-0.32027546819646263,-0.35831065736462975,1.8761300700983274,0.0025279578577019394,1.344232878215368,Israel and Palestine Conflict,left
2,@TheMajorityReport,streams,20,0.1016652619752697,-1.5007685505028447,-0.293498988172371,-0.251522990717773,0.2537169784803721,2.9194680085478737,0.024118677143313498,-0.062441312244612614,-0.1827891381296791,-0.6349589948660271,0.14139931314110815,1.632095548131085,Israel and Palestine Conflict,left
2,@TheMajorityReport,videos,72,-0.12499540734953035,-1.3701621280311935,-0.36227618273702994,-0.38354302992475814,-0.011363158684652354,0.45884278139582896,0.23336033196772085,-0.29422508272865683,-0.9544086623354266,0.12807389231244737,-0.7585777601639914,-0.12849226814502673,Israel and Palestine Conflict,left
2,@TheYoungTurks,streams,65,-0.4239172391216143,-0.14543543272450488,-0.4895655751429094,-0.4552471991921744,-0.5883306089159263,0.41412899261323455,-0.06078773032343894,-0.26506289058275667,0.3950327981794768,-0.37451677736927097,0.2716217134137086,-0.2427019833243786,Israel and Palestine Conflict,left
2,@TheYoungTurks,videos,286,-0.6515219580962985,-0.4165984236835988,-0.5574693305605091,-0.3837433716916313,-0.41707316577443193,-0.4768642418116226,0.03239714556153938,-0.6499133348182472,0.18576494527843096,-0.3593868985096309,-0.3426324757582045,-0.2814203642892277,Israel and Palestine Conflict,left
2,@TimesNowWorld,streams,45,-1.5865112404254262,0.38528644738304924,1.332460811275312,0.044514527626188134,-0.6901432877169272,1.4224507503865866,0.3057752053923007,0.5439708782940081,0.8910914282508483,1.9050263237451415,0.7865901580361375,1.565011537219687,Israel and Palestine Conflict,neutral
2,@TimesNowWorld,videos,215,-2.2674479042639355,-0.5173649630245876,1.4930925786172937,-0.17956019203091614,-0.8074843208521971,-0.08801678285852849,-0.08950998721369767,0.009858859532864606,-0.3645673485556849,3.5583448073446133,0.7996592850638107,1.024783274957996,Israel and Palestine Conflict,neutral
2,@TuckerCarlson,videos,22,-1.4003914837226648,-0.429272789985724,-0.010383384492201502,0.2549058666585489,-0.11033331969884044,0.7473176658693585,-0.22667225492252302,0.05781755931197775,-1.2852134763684073,-0.4705029322737395,1.6754108256754159,0.6124231367663721,Israel and Palestine Conflict,neutral
2,@Unpacked,videos,29,0.9897522812223429,1.013991003664988,-0.3964456620818942,-0.17819770390710765,2.76071462776989,-1.5991952571223373,-0.25870216170580135,-0.4246086417689869,-0.4514636490063983,-0.40453201187451504,0.013465903427827833,-1.368722937984906,Israel and Palestine Conflict,right
2,@Vaush,videos,13,0.1914381983310579,0.5689123203996863,-0.9208221364191972,-0.49004407418049273,0.6230607353756791,-0.3656860111446687,0.37274684307776124,-0.5733803363547174,2.8798305229230357,1.4079380034214948,-0.7658623179151116,0.9315368423870638,Israel and Palestine Conflict,left
2,@ajplus,videos,16,-0.22662570883358463,1.4533042473498887,-0.01505511741696644,0.409209947294676,3.60792313555634,-0.9889826627425711,-0.11452487582504488,0.18451779002586752,-0.6670437932469091,0.11699364643274655,-1.5888893788397491,0.3153220488171331,Israel and Palestine Conflict,left
2,@aljazeeraenglish,videos,604,-0.5645777185740884,0.39979795448666494,-0.32674786499354397,-0.49840485154783737,0.2301715743840337,-0.8190755083582497,2.8056262434221986,0.12272629352703955,-0.6173156882108991,0.685605740710104,-0.17172329083688362,1.1875871249520933,Israel and Palestine Conflict,left
2,@bennyjohnson,videos,12,-0.9234907577396622,-0.3010485874040516,-0.15153680573879236,0.9911887166758558,-0.9427651349706238,-0.12376531988432744,-0.6637777483727699,-0.19242307541857984,-1.6792777175933498,0.4952387123066884,-0.42358598881945103,-0.3149472042977705,Israel and Palestine Conflict,right
2,@breakingpoints,videos,72,-1.2760925032059685,-1.793154459142669,-0.36775769169496875,-0.6093902897974185,-0.8573572485525771,-0.011732849322916124,0.17978314740381296,-0.08029294864879027,1.0263444261024053,0.2369950632286771,-0.24485236716816935,-0.05802889876699813,Israel and Palestine Conflict,left
2,@chriscuomo,videos,10,0.7351306427199127,0.10991698622165477,-0.25696069721007697,0.5795452746733558,0.8491040451933067,-1.376553069404886,-0.7215346675433828,-0.6846576376336536,0.2237949250411168,-0.6887792756391309,0.09708067254310142,0.08804944474818949,Israel and Palestine Conflict,left
2,@fightbackpodcast,videos,86,0.12893516862939375,-0.5935495574747248,-0.3592509439921925,-0.1329178006468872,0.11730029513513335,0.1516988605155966,-0.28631463628872356,-0.11238165562924073,-0.13609710940776112,-0.24103555050519007,0.044391518602647534,-0.3236380456265564,Israel and Palestine Conflict,right
2,@franifio,videos,19,0.31875951116240675,0.09463653173583593,-0.8585829972895495,0.34808736057415596,-0.47906916927029536,-0.4658500290932869,0.02023878660103186,-0.9264631657902583,-0.31703131477308266,-0.8752973752768904,-0.506460978609512,0.31154287233507516,Israel and Palestine Conflict,left
2,@judgingfreedom,streams,96,0.057367867289326274,-0.5336657505994544,0.12637636919060408,-0.5949388115678192,-0.338173614994087,2.1345661355570424,-0.5637868294426128,-0.47179643517616004,-0.05952932517795886,-0.7974848219929099,-0.5486637622510188,1.4746221904406083,Israel and Palestine Conflict,left
2,@judgingfreedom,videos,39,0.6090749690216136,-0.4201299883393014,-0.09587075588917685,-0.4904239717558907,0.5402928175313824,0.38608369206489757,-0.4608638944200206,-0.1503985630789069,-0.24332671237935072,-0.2424731501293937,0.6131080891352416,0.4008938925036772,Israel and Palestine Conflict,left
2,@lonerboxlive,videos,10,0.1286434345836886,-0.5358819562286271,-0.6881402760223699,0.36138336949891053,-0.15452052281281575,0.2750392530593342,0.16682089057750077,0.5232813428598359,0.21784628952666626,0.43460282182860926,-0.5122943845138475,-1.1977300123827481,Israel and Palestine Conflict,right
2,@marclamonthillnetwork,streams,10,-0.2652327976270489,-2.56442613024166,-0.100860497578624,0.3332028262037635,-0.5134761669081639,0.9898456021965141,-0.6054978581466517,0.08826313778561849,-1.2425656431465388,0.07089902904504872,0.4583011884520495,-0.21175714061215295,Israel and Palestine Conflict,left
2,@marclamonthillnetwork,videos,21,0.10961231571851927,-0.9630474126307714,-0.36413317191860306,-0.24342240531212783,0.43221735553108576,2.0950289006992655,0.01762005080285994,0.22385836697609665,-0.7031322352936858,0.7338045948047862,0.08728524294002944,0.6733713777767123,Israel and Palestine Conflict,left
2,@markets,videos,19,0.4671410744859717,0.31314181361570664,-0.902931789006324,-0.8137191261123234,-0.13598100623801213,-0.5835452029911359,0.5399154016431982,-0.255279750014431,-0.14438548533387677,0.6254246967929857,0.16780076952971917,1.3638230623748957,Israel and Palestine Conflict,neutral
2,@marklevinshow,videos,25,-0.5478032265803869,-0.22656880610396396,-0.07671807519271549,-0.5202645417668509,-0.004673118641947201,-0.4357249073160685,-0.018492257827223347,-0.36497240440659034,-0.9142399752661984,-0.48185756711617656,-0.07380282203254872,0.21918475164360263,Israel and Palestine Conflict,right
2,@msnow,videos,24,0.7683656871436192,0.38268786059576954,0.1873224174962587,0.06959167316318804,-0.2415323416458477,-0.5731384953008958,1.3649225044102578,-0.12993267563815422,-0.0982020781295098,2.511726009266967,0.9469805506791671,0.9381033303530472,Israel and Palestine Conflict,left
2,@nationalreview,videos,11,-0.6367415427333992,-0.22668775777113764,-0.0989824788615569,-0.22469232942817177,4.642587833810024,-0.22118596750867853,-0.03755420208047333,-0.7995997734504982,-0.5613429619982967,-0.8786430202454979,-1.406081598489637,-0.06231801419076129,Israel and Palestine Conflict,right
2,@nypost,videos,49,-0.366897291962304,-1.1386786378317433,-0.43536400126252656,-0.29476637650388965,-0.4913586196092595,0.08410769118320087,0.40270360490999507,-0.018060063270284567,-0.6219800091519937,1.3265610519421027,0.3937168756960299,-0.2508543306324842,Israel and Palestine Conflict,right
2,@oann,videos,11,0.25779829033388724,-0.10113059839634024,0.17925651801517126,-0.9917303620542239,0.3811489495448027,0.01230427411693708,0.14951850938629507,-0.4732766039594496,0.8068146595490764,-0.26049973070347326,1.394652293259251,1.068908599015286,Israel and Palestine Conflict,right
2,@thegrayzone7996,videos,33,0.18670960898847208,0.6290004761911245,-0.8239208943800864,-0.43782016741151203,-0.35622359269754633,-0.735640306261451,2.4458197797008667,-0.48300862882427487,-0.17428047185803874,1.1677454028113268,-0.12520562225217263,1.1892337483547089,Israel and Palestine Conflict,left
2,@thehill,videos,47,-0.470879015682455,0.26131337205613264,-0.2659857637576576,-0.35553038154281463,-0.690636494237383,1.3310651827761455,1.0715304517990107,0.30106342612161574,0.361289349088976,0.9376208511116154,-0.25034442040118116,1.0552788738116845,Israel and Palestine Conflict,neutral
2,@thejimmydoreshow,streams,14,-0.8714847101793114,0.38865179956004825,-0.6890611585828889,0.002939979966606978,-0.6717545839098404,2.532020517547082,0.20551877912099864,-0.11424339717094718,-0.7844157127284664,0.0726773916824972,1.1965899466722771,0.5622908744913128,Israel and Palestine Conflict,neutral
2,@thejimmydoreshow,videos,138,-0.34479404495747124,-0.2562509305834578,-0.28258497635794533,-0.10292192576853487,-0.04014106907447534,0.5202196516073767,-0.3531387493649966,-0.33146283495675083,-0.132451863627389,-0.1474258726116548,0.3682872606665462,-0.125028888140511,Israel and Palestine Conflict,neutral
2,@timesofindia,streams,24,-1.4789200522378951,0.08943301075724581,1.195668965905987,0.3272537638452108,-0.3350698576343911,0.9626134678837288,-0.6210606811834484,0.02100005869768706,1.0555750377309294,4.532368743550553,0.354493999324937,2.3577228197095814,Israel and Palestine Conflict,left
2,@timesofindia,videos,309,-1.9743598276999248,0.08477354618166733,0.7998854443337879,0.3965983225418041,-0.38985432179804275,0.6379699827245169,-0.6298002470983475,0.07821527336203947,0.514437282179704,4.405564678446976,0.8361673911625587,1.7022987230102338,Israel and Palestine Conflict,left
2,@usefulidiots,videos,35,-1.3415851998291048,-0.646008795636979,-0.6786344154801203,-0.2185410924813919,-0.006659308006151577,-0.09954743845168658,-0.4669686828607965,-0.6014121602665714,-1.0541212166755674,-0.034546474257153965,0.26052668588964517,-0.5937810778999673,Israel and Palestine Conflict,left
2,@zeteo,videos,42,0.3001000631663138,0.466046073355801,-0.2516370427670508,-0.1902255266057179,1.311550336459111,-0.44564768171800445,-0.15118896216220298,-0.44062507500449477,-0.4682835836087791,2.3757846519126304,0.36757439630567684,0.6342794015241714,Israel and Palestine Conflict,left
2,https://rumble.com/c/BannonsWarRoom,videos,54,0.9723697857969383,1.1179865357747243,1.2387812161965384,0.6550519816758977,0.05083469361909503,0.3784555250992161,-1.2077013205880731,0.4497149742809184,-0.6208232325335222,2.024868014173302,3.386860014152487,2.1015614544268097,Israel and Palestine Conflict,right
2,https://rumble.com/c/GGreenwald,videos,15,-0.024042968350116486,0.4230862462147909,-0.07334535046012916,-0.6193311996736115,0.6016639233577865,0.13256501096284914,-0.09805613800911836,-0.47116041435128625,-0.6938629434579382,0.040214105770534296,0.6000642414934085,0.31739192594798005,Israel and Palestine Conflict,left
2,https://rumble.com/c/TheAlexJonesShowLive,videos,36,-0.10522945840935428,0.40791129328998754,0.12009977961236176,-0.2555775904885177,-0.4828684611465828,-0.33365450962648185,-0.08680074971028763,-0.1040880253254947,0.16519901981693014,0.6525641960637074,2.1941385718940447,0.6433358827624933,Israel and Palestine Conflict,right
2,https://rumble.com/c/nickjfuentes,videos,19,-0.6028416601108478,0.3914564345241976,-0.8060779223888197,0.38945740165041864,-0.406138393336932,-0.382960284812447,0.25394613978875635,-0.5627570501939027,0.6028229699524691,-0.40434421464789133,-1.1448336812109472,0.43099946486525564,Israel and Palestine Conflict,right
3,@ABCNews,videos,294,0.34681930236814396,0.8454710621189636,-0.2629708053683116,0.13699496490341442,-0.20556941496359069,-1.007780154163189,1.5704141523300128,-0.3055832862699739,-0.11604617005141568,1.8342327710356803,-0.2636265778516426,2.072460717656156,Trump and Iran War Negotiations,neutral
3,@ANINewsIndia,streams,51,-0.48695670546214387,0.2429035588375254,2.250149623047772,0.2537253659698499,-0.6876422272107473,1.548439652685701,1.5938861391331298,0.1973477218363309,-0.5434345273719199,0.7813341411340973,0.5138513230258457,3.2961210348374155,Trump and Iran War Negotiations,neutral
3,@ANINewsIndia,videos,626,0.2572505457595826,0.8395021135386899,-0.09403250611650776,0.18330653458792656,-0.36489595277541836,0.10075179941751101,1.8433350412518545,0.09285531654413837,-0.036948204051121106,3.411447218214056,1.2557445473059485,2.568133011018385,Trump and Iran War Negotiations,neutral
3,@AssociatedPress,videos,205,0.5156568426515327,1.1957908111200104,-0.6437253912887981,0.3194859686015557,-0.45114379903485513,-1.3550171339036505,1.552759784400396,-0.2694328631522856,0.26761441340771147,2.8315605186777586,-0.14189610503433606,3.418394886785272,Trump and Iran War Negotiations,neutral
3,@BBCNews,videos,190,0.37736206351983786,0.8873606248603192,-0.3786039790760192,0.06849635359296309,0.47661632157282074,-0.5281821940358763,1.8274558621214196,-0.19547852546814448,0.1818401427739543,1.6738944578530448,-0.05092884151137388,3.2308972921631773,Trump and Iran War Negotiations,neutral
3,@BenShapiro,videos,11,-0.37949648462098223,1.3552345687344665,0.05316874948352874,0.04686696616906261,0.6650770368899909,-0.3628919527656876,-0.14924408866570846,-0.17598735732730136,-0.6359910910777502,-0.31798435966130895,-0.5098992832699237,0.9784099301370304,Trump and Iran War Negotiations,right
3,@BlackConservativePerspective,videos,10,-2.9907380150647414,-0.4001596817722429,-0.17495357448878818,0.2593805594111246,-1.194123930093019,-0.27615811292636483,0.01464028826545255,-0.21804264759916023,3.992236371366789,0.16350189849886893,2.456464364985289,0.5965825678087705,Trump and Iran War Negotiations,right
3,@BlazeTV,videos,14,-1.7255377956836264,0.01784364647243259,0.518738730673772,0.6216383615164568,2.2087612726498103,-0.4671230316109317,-0.9638601386602412,0.004102054841057523,-1.5002435368828235,1.522046788289352,0.17182286589532175,0.49370670153535895,Trump and Iran War Negotiations,right
3,@BreakThroughNews,videos,14,-0.45072717947209207,1.0675610952446724,-0.07810192289493378,-0.3049957870449607,0.691393382249547,0.9790325086838904,-1.3768130946425146,-0.546244313786554,0.2844333131467268,1.6573353977403387,-0.6564792737469265,3.1986183425580568,Trump and Iran War Negotiations,left
3,@CBSNews,streams,10,-0.23317173003433966,1.7318765028842378,0.1582655043483893,-0.38393530895798234,-0.7416050002222372,-1.4903552457724407,2.7709880591421356,0.9975051706972179,-0.35774956701397154,0.19793302368979276,-0.258289706046817,2.4518168351216993,Trump and Iran War Negotiations,neutral
3,@CBSNews,videos,567,0.6202899591153076,0.9328779576555049,-0.27561348749442455,-0.02974110968051335,-0.04865691215406552,-1.045297773577562,1.6989706615817761,-0.23578113335910572,0.016811695403212465,1.743501490048631,0.5440022418488769,1.970420988634412,Trump and Iran War Negotiations,neutral
3,@CNN,videos,138,0.12399836545263672,0.9131765198111598,-0.22531355833968367,-0.051827611451759605,0.20565127978643674,-0.6732285301397356,1.935133233290092,-0.07090451948432873,-0.2521957589930243,1.7935750534737127,-0.42049244185170204,1.4522674873445918,Trump and Iran War Negotiations,left
3,@CashJordan,videos,50,-1.1624377837107838,0.5593792348935142,-0.052414246451218664,1.3209865630785567,-0.9428949312310821,0.21363011931264114,-0.49534764675303933,0.19738365643809058,2.491547202389929,2.8037685416429396,-1.7080070592140635,-0.3491020190424395,Trump and Iran War Negotiations,right
3,@DannyHaiphongYT,streams,54,-2.8490124008736655,-0.398305053960999,0.13293080525801923,0.17375449402900656,-0.7972020723854478,2.5960151070379087,-0.13654717434735014,0.6511916391734337,-0.19459293516773885,-0.040432719776597605,0.2520013914228381,2.267902009844767,Trump and Iran War Negotiations,left
3,@DannyHaiphongYT,videos,21,-3.6546292463606598,0.4641020713439906,-0.3890278587613426,-0.27305702503140705,-0.7296176617027148,1.4725145389795968,-0.11023294450639588,0.10720795055892826,-0.5804514216236819,0.6809193865714912,0.5851703909215528,2.394442671240559,Trump and Iran War Negotiations,left
3,@DemocracyNow,videos,25,-1.5549363606383542,-0.2582960683291198,0.23898772630332035,-0.6730656557562466,0.15619213401197635,0.14950787539254187,-0.6734067546884467,0.2070916736468248,0.13758896034086632,3.56298604266604,0.45883724551929084,2.451411128155434,Trump and Iran War Negotiations,left
3,@DrSteveTurleyTV,videos,16,-0.8076277553640272,1.2325013602031054,0.09835154984437941,0.7776818232640084,0.5249666527765309,-0.3366804136730951,-1.8212037818298858,-0.3303877771597891,0.30163419393651997,-0.9040856489813802,0.9039168538471445,0.683909407405089,Trump and Iran War Negotiations,right
3,@DropSiteNews,videos,20,-0.6796800334529267,-0.05469001523630775,-0.3720376722658533,-0.8217069037006348,0.17156363734370425,0.9295841299027521,-0.42775865051063616,0.13683158813851193,-0.5244786932705537,1.3361167550015574,-0.5891983661187249,2.0313759997034824,Trump and Iran War Negotiations,left
3,@DueDissidence,videos,28,-1.3931315208815906,-1.1827347365089946,-0.4223836731553378,-0.28180737554536284,-0.8444125345349117,0.4477675204512172,-0.17118747869392678,-0.008156668074546338,1.323815144756413,0.3032647194390147,-0.43120966029263014,0.7901839365536911,Trump and Iran War Negotiations,left
3,@DylanBurnsLIVE,videos,10,-1.6321510079266635,-0.13564408765077834,-0.6993731895826004,-0.18945945860392638,0.4680795209493255,-1.1026347127732792,-0.5974771882610662,-0.05160560793578174,-0.9501169500253404,-0.39488501232412065,-1.4003073224505933,2.1970236721949137,Trump and Iran War Negotiations,left
3,@FarronBalanced,videos,48,-1.3122947249268841,-1.017426312733784,-0.7307551831480105,-0.2882084320134909,-0.7894567071250305,-0.5980390820489426,-0.483916729237759,-0.81555110838243,-1.1315488414312225,-0.12663208218106536,-0.6735162520780902,0.2663020696753863,Trump and Iran War Negotiations,left
3,@Firstpost,streams,892,-2.0445442636155153,-0.1617873742051922,1.7716834067285065,0.13808908803375985,-0.5832524316796643,0.3115094587449091,-0.14104797393795482,0.33321460474438547,-1.5568893050547161,1.9211650752945548,0.11891504265708584,3.9301192286702715,Trump and Iran War Negotiations,neutral
3,@Firstpost,videos,707,-0.8935737031653647,-0.2535875913234575,0.050848573787867564,-0.15386993137575658,-0.2159378003430996,0.5819489820006296,0.36510175550811713,1.0843468711568784,-0.39250409189106056,1.2950634234934844,0.579747504702713,3.3516127021102142,Trump and Iran War Negotiations,neutral
3,@FoxNews,streams,25,0.47060769617688747,0.2997488541386272,-0.31797637219523167,-0.5080858070165106,-0.5956084406194878,-1.0355735720885313,2.8906172692259844,-0.23030058838468453,-0.6139444967013208,0.6097450730479802,0.9755693958077539,0.4774284533347992,Trump and Iran War Negotiations,right
3,@FoxNews,videos,715,-0.02062148716064538,0.6217721361374722,0.7210814088648139,-0.001598152205776771,-0.4915312489246793,-1.1100496524740728,1.5606412237090108,-0.40757123106225257,0.3038121956856444,2.2975627124552633,-0.2619114903200834,1.56659499785832,Trump and Iran War Negotiations,right
3,@FoxNewsChannelClips,videos,202,0.8282176196270888,0.6064908085797772,0.17652149829537772,-0.0064299110199720995,-0.35043985476367434,-0.9800693498565988,1.4093394392990832,-0.5519308449354506,0.4694873868051159,3.072727202745453,-0.023083860940151878,1.4965229872805168,Trump and Iran War Negotiations,right
3,@HasanabiClips,videos,17,-1.6377041501529201,-0.2878870693137759,-0.0469618944553976,-0.2162310937623854,0.7058333278016934,0.5711129594695767,0.49777026583591255,0.12828084441974844,-0.5881261045626824,0.14448025649390317,0.23653852743075787,0.3420957339715285,Trump and Iran War Negotiations,left
3,@JackCocchiarellaShow,videos,31,-1.864571468555368,-0.2938985240754694,-0.8375048010366717,-0.7137474238519651,-1.0450476190341438,0.06002025370860802,0.09594437401341514,-0.60777511001206,-1.3753047693386182,-0.8097139723107618,-0.13678966785754118,-0.5180439720681773,Trump and Iran War Negotiations,left
3,@JacksonHinkleOfficial,videos,17,-1.7397371178327488,-0.35136978688196807,-1.0379364933630044,-0.7711206167288635,-1.0216240213511742,-0.7823690722914584,1.475081243350123,-0.6749228396130544,3.459417412135692,0.005028861989381474,-0.8156783854530192,0.249201278125476,Trump and Iran War Negotiations,neutral
3,@JamarlThomas,streams,44,-1.8520187561698707,-0.9724848043874496,-0.3365092203950813,-0.13053766457319907,-0.8066940605743086,1.090417397416337,0.27633079655522025,0.971351681835484,-0.7993392247197577,0.03430561397259106,-0.47642618870639203,2.5090249679316963,Trump and Iran War Negotiations,left
3,@JamarlThomas,videos,22,-1.4233717533317374,0.4665372889080474,-0.15967997141960977,0.18861874207687748,0.9893986269019241,1.6656752722238692,-1.235362670400176,-0.22483531360259237,-0.8505234474242305,0.2079736096649478,-0.8110652482024899,3.292667969901231,Trump and Iran War Negotiations,left
3,@KimIversen,videos,34,-0.258688491096599,0.5605056493362316,-0.5462501077861459,0.21025993289102263,0.0819944028852746,-0.8050595231433562,-0.866376289940611,-0.3988905695744539,-0.2638968844820984,0.5776684365596324,-0.8918552873264172,1.7058433760184355,Trump and Iran War Negotiations,neutral
3,@LegalAFMTN,videos,23,-2.610278306246496,-0.616987969037171,-0.25619887835654376,0.21118797481463422,-0.8525425686611868,0.3110507643407245,0.16917778162088704,-0.43796731615916895,2.5599480088023263,-0.6608813963556807,0.5537288389571212,-0.1606462232137563,Trump and Iran War Negotiations,left
3,@MegynKelly,videos,30,-0.5039718734633339,0.8607504426424379,0.10641161577184582,0.6024289355258414,1.4794922439066516,1.2147199667883428,-0.8284576387783696,0.18337450491474402,-1.1154717811551889,2.121949053716096,1.0474738996556159,1.3574360316593421,Trump and Iran War Negotiations,right
3,@MeidasTouch,streams,18,-1.6086903290027394,-0.502454065907704,4.093768169762824,0.47625086799727295,-0.5925264873194426,-1.1470804188581807,0.21890952758821525,-0.3271034891670228,1.78319389121744,-0.7316911869338798,-1.1586627091295283,-0.3725800191604613,Trump and Iran War Negotiations,left
3,@MeidasTouch,videos,163,-2.5568623833332063,0.06325348749607608,-0.17734123355706566,0.3731838194787324,-0.5225446602007785,-0.5430064711391069,0.4511270973919794,-0.4779864193960211,1.2697462207358987,-1.2848560156749318,0.09469157896041026,-0.1250672343189782,Trump and Iran War Negotiations,left
3,@MyronGainesX,streams,16,-0.16502714544791702,-1.5380159521925199,-0.42936860987490877,-0.18274778340975062,0.0052686077993068375,0.5064329928484625,-0.8863026491169254,0.4088306769915504,-0.5847871169757383,-0.376329075250313,0.8245584144138821,2.402729295774803,Trump and Iran War Negotiations,right
3,@MyronGainesX,videos,10,-0.8012190805383879,0.07620846236889958,-0.677611974888495,0.4597394335462216,2.63071079151092,0.3004528849942358,-0.9315970327562161,0.3842056782921225,-0.6979095182652604,-0.336111075394124,0.3187265061908037,0.000283289021317934,Trump and Iran War Negotiations,right
3,@NBCNews,videos,226,0.5976105588928423,0.7918693446720085,-0.281157041362774,-0.1490103578257795,-0.4170295087428144,-0.9332846346764048,1.6243281469510067,-0.3568743877230866,0.08645276042858828,2.667585082053905,-0.15434223200587088,2.0650903689894524,Trump and Iran War Negotiations,neutral
3,@NYTPodcasts,videos,19,1.2563909763873804,-1.0285606396468836,-0.25471433785307895,-0.30489996536050695,1.4598760273597327,-0.610723066070577,-0.6581921875079267,-0.16242420013857053,-0.4805604122034309,-0.12465171743882164,0.4103747140077098,0.30866384093667476,Trump and Iran War Negotiations,left
3,@NewsNation,videos,390,0.4817953508361139,0.5980966485494762,0.20072320057406853,-0.16570469424578613,-0.040751794661783844,-0.12171002323017265,1.358865746944923,0.08325197051180196,-0.5467788378794127,1.1285322407429121,-0.08308755113535973,3.0227007076027017,Trump and Iran War Negotiations,neutral
3,@NewsmaxTV,videos,187,0.6163967442401482,1.2358484511244467,0.7873624852263444,-0.01933782863263836,-0.2159610694486321,0.11378341565524148,0.40813024665632,-0.2978307013041431,-0.7092407278858118,1.4957844736032406,0.17296628014419219,2.53363430284279,Trump and Iran War Negotiations,right
3,@NovaraMedia,videos,25,-0.5975724401738889,-0.12319174313652972,-0.3621011150514702,-0.4333501286395112,-0.4806235472000398,-0.47144595471455353,-0.055166648653267716,-0.1540365186884506,0.16821498610174082,0.7894783416711029,-1.1391534331225721,1.8161245074139294,Trump and Iran War Negotiations,left
3,@OfficialSaharTV,videos,11,0.051076492545795805,1.0773606124248536,-0.1523680864824147,0.8589259899615268,-0.1477987429620725,-0.1978860989588446,-0.4374030953826924,-0.3517195700615942,0.5216833221911664,0.7285106243975213,-0.23285811284546362,-0.4040137329170809,Trump and Iran War Negotiations,right
3,@OwenJonesTalks,videos,23,-2.0656399660901337,-1.4184906295462383,-0.5342695446008076,0.03945632099198944,-0.18639423136322178,-0.38151940374627025,-0.460777528294361,-0.7367903714207883,-0.7567003437910016,-0.8923415148676371,-0.2794570968127143,-0.5044215879673054,Trump and Iran War Negotiations,left
3,@OwenReport,streams,17,-0.9123699268266848,1.4687293396298107,-0.33779080781739035,-0.390381184657607,0.015143108805427678,-0.09024199805685597,-0.36957507830364983,0.23251424635063786,-0.8763105868023958,-0.10945407754045042,0.9161709849746716,0.7223347499058024,Trump and Iran War Negotiations,left
3,@OwenReport,videos,11,-1.3137098393650617,-0.26329693827765355,-0.984464368241163,-0.9384677219113103,-0.1809728905036028,-0.9271895624486259,-0.3856765764348649,-0.7788927103816213,-1.192407136866823,-0.5579532599530999,-0.46514067071574183,1.6626290038339795,Trump and Iran War Negotiations,left
3,@POLITICO,videos,21,0.7957698990894781,-0.37430328666564655,-0.6408004035995863,-0.02026485724788161,0.6014058532699391,-1.0807928052148748,1.3297876555297297,0.25231849872781875,-0.334279264168711,-0.30095798247680444,-0.1681704575824245,0.5476825898654217,Trump and Iran War Negotiations,neutral
3,@PTLRadioShow,streams,24,-0.49870554722853405,1.8085506532867308,-0.6436485789929807,-0.19939441280202244,-0.3929043631977234,-1.339229510157297,2.2912906130551067,0.07129089172414445,-0.20991263635076848,1.9206790569892842,-0.3499876616618241,1.4347204195062442,Trump and Iran War Negotiations,left
3,@PTLRadioShow,videos,29,-1.38797561809867,-0.2809109913069244,-0.6985553494597407,0.028624012018179802,-0.46311183597448724,-0.06999091431159751,-0.8521213659622189,-0.6991504352774384,-1.4889311854844225,-0.421932028403578,0.39551050514314595,0.5658644725453535,Trump and Iran War Negotiations,left
3,@PiersMorganUncensored,videos,18,-1.77390213561785,0.6763235293451674,0.09879276689167207,0.23402176861896815,-0.2386050547650382,-0.18233401712911665,-1.0425837144071957,-0.5266955680273203,-0.6922225647600597,5.91635057367511,0.12453630981837921,2.097861784468222,Trump and Iran War Negotiations,neutral
3,@RSBN,videos,26,0.692770571789005,-2.7696040256896883,4.03970223595881,0.3289953333035565,-0.4921068073726206,0.6327296012197259,-0.7881583684873876,-0.6403711594253519,-1.4887295904464328,0.05595878438748413,0.15723247412108876,0.1839585786056885,Trump and Iran War Negotiations,right
3,@RealAmericasVoice,streams,78,-1.5673861674638236,0.6685059120166956,0.17973626673779095,-0.34186979297874565,-0.7038822182027742,0.9287157740161013,1.7657729680660645,0.6838014712832413,3.2862905993373372,0.044870092273854,0.7772080471424764,1.7776623221410928,Trump and Iran War Negotiations,right
3,@RealAmericasVoice,videos,110,-0.17641524155183358,-0.26770750264652415,-0.13286182258786242,-0.39712512129453953,-0.23456606486531092,0.6238135728890779,-0.19314455502141228,0.14057550767318475,-0.00872819346262096,1.180062003624168,0.017522186456524206,1.280478092963252,Trump and Iran War Negotiations,right
3,@RebelHQ,videos,14,-2.3322634298887883,0.36491615627889773,-0.7632141305546415,-0.3461417074783882,-0.8986911414666132,0.3472800650624812,-0.4530133829548454,-0.784822002729683,-0.06590927282253725,-0.9289715204268514,-0.6976891631883504,-0.16150346310817995,Trump and Iran War Negotiations,left
3,@RedactedNews,streams,16,-2.3182753579904,0.409740087737171,0.0558578096538945,0.1649671369286721,-0.34783769959081035,0.07206483636452582,0.19901311184546333,-0.19047887099673952,-1.211535169334261,2.0167610655573127,0.12038761168010803,2.1425927900731674,Trump and Iran War Negotiations,right
3,@RedactedNews,videos,19,-0.8130423391953879,0.6730376562881369,0.296967659419111,0.06812015250343298,-0.42694843479779804,-0.32521253258735255,-0.27032217524127394,-0.011862915117624986,-0.7411141345168027,2.7651515408607317,-0.11131845034138382,1.8146378094937106,Trump and Iran War Negotiations,right
3,@RestPoliticsUS,videos,40,-1.0675861808654559,0.16772160212416168,-0.3601932040848701,-0.07760223544638534,2.0887336691304648,-0.7690938974650464,-0.5610396971679696,-0.6059348798111331,1.188207975765371,-0.524166256277069,-0.4313487783087234,0.7973341487326839,Trump and Iran War Negotiations,left
3,@Reuters,videos,283,0.3089097493298029,0.6375493275318324,-0.5141202297047205,-0.004959122867586768,-0.4423513137842405,-1.1661942306095803,2.094921636752716,-0.16751489632872327,-0.2641159774734553,1.2762461157692826,-0.40744148925750767,3.524227311811951,Trump and Iran War Negotiations,neutral
3,@RubinReport,videos,14,-0.6870951083714226,2.0463356608978622,-0.35983455400279285,-0.36789637358118243,-0.08970030780728762,-0.17599532429708062,-0.6759441499276162,0.05902154944930195,-0.0736036822102051,-0.4840613279881482,0.6315325123837736,1.3239160801720884,Trump and Iran War Negotiations,right
3,@SabbySabs,videos,31,-1.1711491007872636,-1.5145108516388437,-0.5193840241911208,-0.22244948733558592,-1.0526546620797443,0.8473052259403879,-0.27194240903417405,-0.8334938061482156,1.509385525403452,-0.9104237743575867,0.1258204127372082,0.5640414041663754,Trump and Iran War Negotiations,left
3,@SecularTalk,videos,70,-3.1695751131148304,0.45695676071733277,0.26423879069933237,0.11179223873360929,-0.42300777094642333,0.1945269672513175,0.09310579905463752,-0.46135141381959527,1.0658538795539478,0.4407439340634545,0.02409209655767589,0.5707506620213042,Trump and Iran War Negotiations,left
3,@SkyNews,streams,116,0.3252059906102762,1.0023965604757357,-0.1956128568901225,0.08598929245758821,-0.13143876749194178,0.11193943385880889,1.4862617679827768,0.0023237870674770607,0.350976105579303,2.538283220971286,0.37422732349227,3.2287127227413204,Trump and Iran War Negotiations,left
3,@SkyNews,videos,128,-0.40226603786352333,0.8367667634445157,0.029439661529987435,0.08089491026389484,2.05950449679736,-0.20413418327682006,1.4569424886463898,0.44079656550787216,0.26030518443214884,1.7846730557243193,-0.5447879516529915,2.34397219643848,Trump and Iran War Negotiations,left
3,@Styxhexenhammer666,videos,11,1.01778228035598,-1.6723858375653,-0.5025916326027685,0.4188715606666978,-0.6443979280681047,-1.1405810657870978,-0.9250898821605639,-0.7318010186902485,-1.2383511966599015,-0.4703841993167562,-0.09376871893835986,1.716940682149415,Trump and Iran War Negotiations,right
3,@TheBrianKilmeadeShow,videos,49,0.3990501500997911,0.09399868469751761,0.041955464415239556,-0.2687754762294279,0.6933326089233739,-0.6348736027929915,-0.8239219293796836,-0.18496074523553221,0.047468096691759214,3.090327299736367,-0.32146968564607314,1.1888183874035487,Trump and Iran War Negotiations,right
3,@TheDamageReport,streams,13,-0.5344820609355303,-0.18966858044607598,-0.5587489329444522,-0.2761504072125621,-0.4007561051778081,2.9387216829573566,0.13173859178866826,0.6252351155685313,0.3111214307736398,2.681339010583799,-0.965692510018854,1.4722208675967077,Trump and Iran War Negotiations,left
3,@TheDamageReport,videos,31,-2.3705324644446715,0.2480443647375769,-0.5083231993404485,-0.27971730631181607,-0.6999551215399938,-0.6662899054390218,0.18908779336637166,-0.9510811036666194,-1.9430488737708045,-0.9046276810812819,0.7376339386924798,-0.2345419805083674,Trump and Iran War Negotiations,left
3,@TheDonLemonShow,streams,29,-1.8060574316613796,-0.5033017684605261,-0.36261206410798164,-0.5460961439149936,1.2239069967511371,1.0351716948065497,-1.2525784011964516,-0.8907763834409773,-0.7915386445315253,-0.4638598092036932,0.4575402580408898,1.2561925473464515,Trump and Iran War Negotiations,left
3,@TheDonLemonShow,videos,11,-2.480950111313635,-1.3044140815631609,-0.31885004604939476,-0.38499421273399476,-0.2944837814209478,0.37424991428806426,-0.8471915206205275,-0.7931792249455669,-0.7288226669095945,-0.5985342878595522,-0.3519022365893181,-0.3427267065712796,Trump and Iran War Negotiations,left
3,@TheMajorityReport,streams,11,-0.5280010899982528,-0.8910036987346814,-0.7412579920062431,-0.544427462923815,-1.100303904988962,2.2824956159237053,-0.47948235680386425,0.22433526768347092,-0.7518616422996971,-0.7202855139099197,0.15689555945654765,1.8251002649890966,Trump and Iran War Negotiations,left
3,@TheMajorityReport,videos,38,-1.2491439321769042,-0.7705005292318571,-0.46798129570035235,-0.14119307789659147,-0.14491886148327973,-0.16298779332264549,-0.6025276943877808,-0.16839645600856387,-1.372694812275858,-0.4520830273854066,-0.781891312404673,1.155803303744711,Trump and Iran War Negotiations,left
3,@TheMichaelCohenShow,videos,28,-0.3989267065531976,1.2862306600209905,-0.6224446258613847,0.26703043092631823,-0.3240027564332032,-0.26587133602204205,-0.7013629091915928,0.0358079983213967,-0.20324413817655015,-0.14435798604235908,-0.8540089649542667,0.8847625335486745,Trump and Iran War Negotiations,left
3,@TheOfficerTatum,videos,10,-1.4796637182886172,-0.2269338071768404,0.9097761015928615,-0.19808149053164262,-0.504674816180546,-0.6529846555396881,-0.4355910210279469,-0.6061329428451866,0.7515820535731337,-0.08230836187324922,-0.7687493723953238,-0.016307564104684764,Trump and Iran War Negotiations,right
3,@TheYoungTurks,streams,27,-1.3950089505668555,0.25939929906224635,-0.001147018273069085,-0.6159395937050625,-0.6346263516902256,-0.10880263531177199,-0.21906725337614344,-0.544435186720007,-1.2587539399315324,-0.13422132969499515,0.684264001206741,-0.22609130799578792,Trump and Iran War Negotiations,left
3,@TheYoungTurks,videos,121,-1.2590848632497529,-0.028832320989161116,-0.4569992809142053,-0.38543102104866295,-0.1799004773727737,-1.0015792559744694,-0.3840404050176991,-0.7237929698764938,-0.8383407721318948,-0.6732556028548786,-0.49630200405781705,0.36836844075080033,Trump and Iran War Negotiations,left
3,@TimesNowWorld,streams,229,-2.782357535643702,0.411705163007035,1.4470413544915333,0.08824241256744889,-0.700294139661377,0.7435571480441289,-0.211327723299614,0.48876747262686043,-0.16902584345052118,1.8574595468662063,0.6755901087805409,4.330340291258421,Trump and Iran War Negotiations,neutral
3,@TimesNowWorld,videos,395,-2.085191066630589,-0.3777963563856888,1.433730485539562,-0.07705920761560739,-0.6792798444605154,0.0008992769239940239,-0.18953045741702587,0.5045962194325626,0.008918250154891455,3.1210230469862847,1.1847236106601537,2.7990057559048713,Trump and Iran War Negotiations,neutral
3,@USATODAY,videos,108,-0.8321669290402698,1.294924842307848,-0.3517318667674682,0.062074315541192075,-0.2949509930419989,-0.5044174967872572,2.0363408678480845,0.14824787526182379,-0.6382339046232682,3.503545925214396,0.14267906625289567,3.396888369638512,Trump and Iran War Negotiations,neutral
3,@Vaush,videos,13,-1.1579869154367695,-0.2271748580854935,0.07163061062410082,-0.6189217083657967,-0.8495295063387405,-1.3275969037475792,0.49844771470358695,-0.6952295333506343,2.606015592877662,0.45869034089736666,-0.16915049333652246,0.5367156136242421,Trump and Iran War Negotiations,left
3,@X22Report-y5y,videos,10,0.9871938256031809,1.8056902105206638,-0.7713553313782985,-0.39729725653027226,1.046291098549615,0.7101912093210782,-1.2217499119717623,0.3311307535559888,0.35390258705081745,-0.6190076780700773,1.3954356552496472,2.5211808198042505,Trump and Iran War Negotiations,right
3,@aaronparnas1,videos,49,-2.863433183915052,0.08897229433739906,2.6922632865076213,-0.4776680348611544,-0.6471268973616912,-0.40225839844939676,0.04335292700254462,-0.5760119942775397,0.13268257831865288,-0.29064761544661327,0.6266565030808862,0.3128251965893287,Trump and Iran War Negotiations,left
3,@adammockler,videos,12,-1.3427973930415085,-0.03749989859240275,-0.7622960919615078,0.23365262397883332,-0.9102795736025898,-0.4350881098863337,0.6015375448305772,-1.1105110792636024,-0.19612757727286523,-1.2223857237884832,-1.2191629838993416,0.22751648308701608,Trump and Iran War Negotiations,left
3,@aljazeeraenglish,videos,540,-0.09979654679947308,0.9139386662710328,-0.2854052982250956,-0.020695025088449774,-0.20107718600798755,-1.0643859213741667,2.3984676430146568,-0.10957957016687153,-0.06381129348387403,1.6529942166353142,0.13127664312125412,3.5682080190046146,Trump and Iran War Negotiations,left
3,@bennyjohnson,videos,64,-1.6143243659999205,0.9642316030591368,0.4552268712740575,1.6882645289090052,-0.6953335208755502,0.10725419100072091,-0.38519156473570015,0.095332766071464,-1.0955049165673605,1.0124893938556718,0.3174135701419329,-0.1513357268952613,Trump and Iran War Negotiations,right
3,@breakingpoints,videos,91,-1.9132364614903656,-1.286920897106957,0.016720424420812,-0.5615188402563066,-0.7057540106719883,-0.3223864240002491,0.03335136231048514,-0.3787084167151631,0.5219130705588095,0.5456749954767028,-0.842885774792102,0.9421905630696679,Trump and Iran War Negotiations,left
3,@briantylercohen,videos,11,-2.7519454530275116,-0.6487672959590216,-0.2719084834375334,-0.23967926383159366,-0.9224695405740864,-1.7638360817739582,2.4991844267101366,-0.6902551372232404,-0.8707198107633253,-1.0229444774073662,0.4574051244722042,-0.5665352383146612,Trump and Iran War Negotiations,left
3,@bulwarkmedia,streams,18,-1.394656546664075,-1.5838002864198246,0.7948849040585182,-0.5570795867347277,0.1945710587206358,0.7442385279632919,-0.539373244016,-0.35269836932941867,-2.638875823331928,-0.6390909777661975,-0.6893197300724766,1.1126534923159412,Trump and Iran War Negotiations,left
3,@bulwarkmedia,videos,62,-0.9555353287625368,0.15533755082736378,0.191553880861914,-0.16523284351017492,-0.046662215652294906,1.1993316320777125,-0.5611571801075885,-0.1645046353065825,-1.1804564860755486,-0.17523127440282962,-0.884353200191884,1.1703916555735705,Trump and Iran War Negotiations,left
3,@chriscuomo,videos,11,0.3821955488994309,0.8997833162144591,-0.5024199828872158,-0.4213147623596859,2.02604604061907,-0.752831359655616,-0.9614951372759782,-0.8908668129125347,-0.9902595048726465,-0.8107082499704753,-1.06474344225267,0.647813381484629,Trump and Iran War Negotiations,left
3,@clayandbuck,videos,19,1.1731756255311694,0.7005871200208191,-0.14617648560763763,-0.7626515634793141,0.3590011450415444,0.8622157199510273,-1.0614359218643135,-0.6279232905079694,0.019730218341345675,1.2738921296550334,0.7504717512214455,2.331483415466728,Trump and Iran War Negotiations,right
3,@dollemore,videos,36,-2.44042693270373,0.2433901423604262,-0.22807036874328743,-0.3147691655700867,-0.6808591472189452,-0.24149059672679188,0.149268535449538,-0.3711970196423954,0.8349530276378485,0.24558776922226505,-0.21758098697088252,1.036556576356389,Trump and Iran War Negotiations,left
3,@glennbeck,videos,28,-0.11343864518851518,1.31311163849915,-0.2330805588100971,0.6523747181942915,1.4023076039074334,-0.7151287786301134,-1.2408022778757701,-0.15511733140803188,-1.1572784231193025,0.2148356833697498,-0.47129776779808363,0.9577958650521644,Trump and Iran War Negotiations,right
3,@harryjsisson,videos,34,-2.4182697404627365,-1.196800475290661,-0.11243367845513966,0.3024097334170212,-0.9987420117033716,-0.4862463997216969,-0.28927133102091024,-0.8688257038753836,1.9800724172201485,-0.9143901528540034,-0.40803587228005805,-0.3171679958607923,Trump and Iran War Negotiations,left
3,@jimacosta,videos,12,-1.708753245733929,0.9498539347284422,0.14602111816464017,-0.11459518449640259,1.6823700911796668,0.06193877356152153,-1.1169163532953787,0.24769240158878167,-1.4335487461550818,0.26093362419158755,-0.26028279823710904,0.9082079574119938,Trump and Iran War Negotiations,left
3,@judgingfreedom,streams,57,0.3750216222350192,0.1929349093779378,0.2382605867063065,-0.6770872729042803,-0.2917828455966441,1.898433022943773,-1.016511767839252,-0.25396572528585015,-0.09898666491122987,-0.5127250081940928,-0.33426694000622,2.407442207345676,Trump and Iran War Negotiations,left
3,@judgingfreedom,videos,34,-0.4696041727886402,0.20300415278996475,-0.19033303936496399,-0.5277556650214572,0.006246187507866433,0.821599288962211,-0.4126854811524798,-0.31532711166052907,-0.43055695654498516,-0.4937580214504487,-0.1763935523540218,1.355909284029306,Trump and Iran War Negotiations,left
3,@markets,videos,667,0.2614726964964135,-0.7608548249642078,-0.24755995254984423,-0.17640546004526791,-0.6859442144632293,-0.020547153784480382,0.13656614009236054,0.10774854727210721,-0.4958387180108249,0.3302494116584931,-0.08543346724132736,2.7271702807967437,Trump and Iran War Negotiations,neutral
3,@marklevinshow,videos,29,0.44907791493850147,0.3262423590957383,-0.06636565624599744,-0.38645261126008096,1.0074803990563796,0.33183811210022596,-0.7921237639366651,-0.3864253618554792,-0.2202691702722101,-0.11510853675433688,-0.08814160161610095,1.3437837560768575,Trump and Iran War Negotiations,right
3,@msnow,videos,728,-0.11813423631493943,0.994437347474681,0.3653396447617571,0.16981877212790905,0.26444747534608104,-0.6208771094284328,1.0652390992737355,-0.36335060579692463,0.0025396476230079307,3.346624755389672,0.1826905194208462,1.7049465352671889,Trump and Iran War Negotiations,left
3,@nypost,videos,272,0.46306510655309757,0.04509178981924502,-0.34030822743563754,-0.06324100418580657,-0.27999521816136,0.08950044927042627,-0.44275700437104476,-0.12074865305548495,0.09489132650900056,2.4835309310272145,0.05071066133621928,2.799648774604333,Trump and Iran War Negotiations,right
3,@oann,videos,68,0.43072888352698596,-0.7555902137891346,-0.06290438462895794,-0.5946605610513583,-0.18854637720350925,0.9204371706548229,-0.6185702118646308,-0.18105097037760284,0.04770291715006819,1.5740338849283457,0.24857804209129597,1.737090089972705,Trump and Iran War Negotiations,right
3,@podsaveamerica,videos,51,-1.7687222282024841,-0.9861327744481126,-0.020663850528043735,-0.2660485186505095,0.1554584922007301,-0.4551677542427375,-0.31412284681513114,-0.8037364482310182,-0.30880900577829506,-0.3478490424364047,-0.16231930661721636,0.6474109734652755,Trump and Iran War Negotiations,left
3,@ponderingpolitics,videos,76,-2.1083828801797404,-0.2665575175326317,1.3882147345125515,0.24690393941148145,-1.00967393534228,-0.6670679464280361,0.9872378756533704,-0.24898057879719068,2.587658585184467,-0.5035215566467057,-0.5398256896134924,-0.48768001216302226,Trump and Iran War Negotiations,left
3,@thedavidpakmanshow,videos,11,-0.7623836608210515,1.5791574294267363,0.43919339461769397,-0.24965204619259662,-1.1706110550917086,-1.2047948827421997,-0.42458535573949346,-0.6509560964173446,2.597460488114068,-0.8078462085544458,-0.07169941757780665,0.19851527051820891,Trump and Iran War Negotiations,left
3,@thegrayzone7996,videos,10,-1.3884976254368295,1.5322197455452593,-0.7033220650239193,-0.1252173682459607,-0.43749865389375897,-1.9664964298352074,1.441673810326438,-1.0892069213950766,-0.3749654986482687,1.0130762432738367,-0.2539361068356465,1.1740737499161082,Trump and Iran War Negotiations,left
3,@thehill,streams,10,-0.9818313525613103,-0.508565823171565,-0.46951889964536153,-0.7609725578677836,-1.1796099071385244,-0.6869739952395515,1.281264765122966,0.575730147614307,-1.8311182905722898,-0.8924963174965207,-0.37351281577390727,1.4482908797840082,Trump and Iran War Negotiations,neutral
3,@thehill,videos,339,-0.3991416910165682,0.7669799885443126,0.05188375233237419,-0.04026026345510808,-0.5665657388290777,-0.4317538072678296,1.2175053085998537,0.24751353476407087,-0.9130364779147765,1.706745747212991,0.7051341475840492,2.1231607682346376,Trump and Iran War Negotiations,neutral
3,@thejimmydoreshow,videos,59,-1.4091175461678251,-0.4682174093082366,-0.34071747584725165,0.00933094007418295,0.5672885571391577,0.9964353490647068,-0.910269395762628,-0.014631935498218325,-0.578721595744948,-0.25698756156746294,-0.4606529253274553,0.6511726392236131,Trump and Iran War Negotiations,neutral
3,@thomhartmann,videos,49,-0.990820551334302,0.28861919166597066,-0.5009701796764687,-0.2906795860351772,1.5901899473119785,-0.3226482881816025,-0.4350729907502976,-0.5145821694250838,-0.8003026259141084,-0.39217885181447565,-0.41987644935346724,1.87837589446919,Trump and Iran War Negotiations,left
3,@timesofindia,streams,222,-2.2141232241068094,0.3774565705259371,1.2873040568516805,0.5412473977624156,-0.5257006008226127,0.1208487880202532,-0.521564414752147,0.11103365013181252,-0.2999741332461037,4.122967624298094,0.7173718863493733,2.8797122960625985,Trump and Iran War Negotiations,left
3,@timesofindia,videos,1046,-1.5584557149532552,0.021069376201700452,0.6053036280145481,0.5496931121551336,-0.5690854289328325,0.21481066133542706,-0.6022251627127696,0.24716337402522143,0.46766812736508534,4.909630715222978,1.2082302169828198,2.35566023766468,Trump and Iran War Negotiations,left
3,@usefulidiots,videos,14,-0.8235398963713292,0.0932833680643262,-0.7095739600907363,-0.6136646938431284,-0.348839217165591,0.1017482242411168,-0.3104954736992353,-0.6746241368005531,-1.4333158412519273,1.4383542081303058,-0.2253730068566832,0.15270944279333465,Trump and Iran War Negotiations,left
3,https://rumble.com/c/BannonsWarRoom,videos,107,0.7453727858470772,1.7491047648453952,1.0871570773708537,0.8263900127750776,0.19069818144016676,0.9452188468853447,-1.634178984484692,0.24837034535487254,-0.41055762931911616,1.7933440998089532,3.617080460684469,3.3764226389370333,Trump and Iran War Negotiations,right
3,https://rumble.com/c/TheAlexJonesShowLive,videos,17,-0.8952954481695017,0.08397126880350599,0.4624234451830197,-0.19241201185413606,0.19635701443275572,-0.35696765768175887,-0.9467481949812495,-0.1319850659147207,-0.921486984333483,0.325315431332981,0.30625158848067235,1.2950945511404923,Trump and Iran War Negotiations,right
3,https://rumble.com/c/nickjfuentes,videos,39,-2.229429387463664,-1.3431849582732647,0.04526306347378904,-0.13333623126729383,-0.02597410376875005,-1.0262061905167525,0.22261932255300648,1.4844444409155377,1.1610487773073477,-0.16279334688496874,0.05563637306089932,1.3068831451369438,Trump and Iran War Negotiations,right
7,@60minutes,videos,12,1.2045243672067805,-2.182243732968193,-0.4257405236979497,0.03224233014178606,0.09915409139293159,-0.9448497133196753,0.9328031987378105,4.242527816420916,-0.010960625423861392,0.050651844896327465,-1.2218136919323814,0.7487226090250149,Iran political unrest,neutral
7,@ABCNews,videos,192,-0.10522902762353346,-0.2228349674121052,-0.14943183590329492,-0.2215266473812547,0.35630620708195315,-1.975855612666776,1.518022156126227,0.17015656509805388,-0.4306526853375408,1.0147966987349897,-0.4456468368571919,0.7994625871329885,Iran political unrest,neutral
7,@ANINewsIndia,streams,70,-0.24437597573279518,0.2055861341356334,2.440022668477323,-0.015629786632510738,-0.706778877131703,1.1477947947410683,1.918799804559753,0.04370083814513943,-0.8915548929835466,0.24899591233256121,0.956416409979786,1.6035592679754922,Iran political unrest,neutral
7,@ANINewsIndia,videos,327,0.01453001301864898,0.9265429258225737,0.0005698283312138331,-0.008731477077100145,-0.3061694985514755,0.3933605343032344,1.63895273904844,-0.0015022716142504716,-0.2806031066263048,2.6924314334950967,1.244117300723304,2.269561473576615,Iran political unrest,neutral
7,@AndWeKnowOfficial-o9b,videos,11,2.1293460188051228,-0.32794338810035306,-0.5309407334653883,0.12736007578001496,-0.12873611708694274,0.003441465301641335,0.28476888466942635,1.0696404684795258,4.063662231234516,-1.1043395688710924,6.184145317768441,0.12454413079235298,Iran political unrest,right
7,@AsmonTV,videos,17,0.37468421611071645,2.410911620912646,-0.6396834387705154,4.391546573424324,-0.6490311229692705,-1.4481172639877768,0.9052935465793057,-0.4812961429775387,-0.05634485409418633,-0.6338218288527719,-2.6673177485752664,-1.5817654693477277,Iran political unrest,right
7,@AssociatedPress,streams,12,-0.3244061165876202,-0.8151035614671103,4.258740113900761,0.06108210898246919,-0.6400314669407304,-0.7185785970948056,1.0615643523460145,-0.41992963497453056,-0.5029702606142114,-0.3711655871458202,-0.4639172188528178,0.32182006490530557,Iran political unrest,neutral
7,@AssociatedPress,videos,140,0.33975656086434347,0.8485199194293154,-0.6302507608610606,-0.26300080856671365,-0.2267026475723069,-0.8176142433918572,2.3286827225898126,-0.11221238084447038,-0.08522062373068724,0.8735505079506982,0.5337523865027531,1.4446206360468568,Iran political unrest,neutral
7,@BBCNews,videos,100,-0.005284083665777091,0.34267589481540456,-0.056919263005255696,-0.14705854290317108,2.012565149369977,-1.0859699190883858,1.5406193033499762,-0.14330533652475325,-0.4550227646291809,0.26513241349772004,0.2379948855047597,2.128321003912294,Iran political unrest,neutral
7,@BenShapiro,videos,26,0.20530510436574734,0.17709347824209154,-0.5564160859615589,0.02711745866750226,1.7040491820420993,-2.116934078065092,-0.9097602243977241,-0.9542128859727358,-0.14407659102014037,-0.7560118039986872,-0.8300337785003684,0.8731022605685814,Iran political unrest,right
7,@BlazeTV,videos,13,-0.2287062551734203,1.1307435482213666,0.09577821260721994,0.9657380414807212,2.1840880948092436,-0.7673394522939565,-0.6599023454116353,-0.10391197745698716,-1.3214331389537128,1.2455042238521075,1.3195626077821268,-0.5725559668694734,Iran political unrest,right
7,@BreakThroughNews,videos,26,-0.8803485176960982,0.661749062737829,0.00213625002460045,0.06997200169306392,1.476178714918368,-0.2237619101422788,-0.6039246256610884,-0.0790691842432601,-0.18187578102003293,1.6916736995279003,-0.8281065062267683,1.929131831534779,Iran political unrest,left
7,@CBSNews,videos,207,0.1949657979350952,0.6799547324470455,-0.35727406221482544,-0.22959206020295775,1.012728216317538,-1.302935862597226,2.1024331743441427,-0.29585276262572696,-0.15278771522149823,0.9374221431260169,0.43986543140242534,1.1775455586749086,Iran political unrest,neutral
7,@CNN,videos,58,-0.5714212693951017,0.44214805004168267,-0.14108365769348402,-0.013686404272314816,0.8494921671045965,-1.2711619988167018,2.418933069347838,0.6435388093599067,-0.047054551225031466,1.395304783193952,0.10632853381278133,1.251105630301998,Iran political unrest,left
7,@CashJordan,videos,18,-0.32427632924878846,0.3826992042203592,-0.4634144568868391,1.0435283603302397,-1.0763766990744312,-0.29686038026642364,0.10904101990415259,0.27222290597763865,1.4628274912679045,3.8016120540155987,-0.36115431514125007,0.1182979560217437,Iran political unrest,right
7,@DemocracyNow,videos,30,-1.5150704949923053,0.2566567947693542,0.32701489774403764,-0.6065469689069347,0.38681436387317986,0.07421964050968749,-0.3904439512239971,-0.21012577796955573,-0.11036562403201199,3.418553867817285,0.7244415300263838,1.3130501066436429,Iran political unrest,left
7,@DrSteveTurleyTV,videos,34,-1.0394136144507136,0.3096354624704472,-0.008738848105696095,0.39659544288381854,0.20375758760378057,-1.1785470695821336,-0.48883531475367964,-0.25625285230882666,1.0711808959609734,-0.752426029641719,1.7622949272870367,0.29743792647767614,Iran political unrest,right
7,@DropSiteNews,videos,25,-0.613806310502342,-0.26372030467475494,0.11361206424480043,-0.03280674247567641,1.4942584169607178,-0.5363202250878212,-0.23276385549409734,0.05617213423272636,-0.6642842843241961,0.71171848138686,-0.376581852561095,0.5793014078667995,Iran political unrest,left
7,@DueDissidence,videos,11,-1.3277896881655056,-0.7354459188671747,-0.09697290711568232,-0.3113979033626588,-0.6533390084245295,-0.19064622944217266,-0.46751830404158523,-0.25637657427135474,0.5177377600350589,1.0266927639814531,-0.2510056797309721,-0.34919859053854835,Iran political unrest,left
7,@Firstpost,streams,346,-2.1678720339783863,-0.22774883588081613,2.032572635791263,-0.012340642414309912,-0.3203664337168678,0.13132632483670162,0.17055641573982344,0.38588147222066665,-1.8001096089923998,0.6301018584931657,0.15241301855964026,2.6886684820926536,Iran political unrest,neutral
7,@Firstpost,videos,321,-1.475649355472797,-0.36340536678447716,0.23404343300579628,-0.20203484433328578,0.7238056998474944,0.43289182733519005,0.506932757013761,1.3331654618172906,-0.5844903517790331,0.8779206257830081,0.27443454922600086,2.900527233422833,Iran political unrest,neutral
7,@FoxNews,videos,473,0.06539816438669138,0.594450085226376,0.3192266210953048,0.11127243684534809,-0.33933731126703864,-1.1345814974358388,1.6197262282890994,-0.40303294378084265,0.4723456093181191,2.49602665624144,-0.22235155237791515,1.1487554630373367,Iran political unrest,right
7,@FoxNewsChannelClips,videos,211,0.6834427313762385,0.9470430865925245,0.2059023126901682,0.010432536200363728,-0.20865086342735426,-1.148929773738166,1.4928649196359038,-0.519738506740075,0.38108167695911155,2.950624154136843,0.07495355246918928,1.365947055693039,Iran political unrest,right
7,@HasanabiClips,videos,27,-0.7187940791573132,1.2971888707837995,-0.4327201619789374,-0.26544086473580614,1.1377600162019947,0.8220983531135134,0.3124028405635484,-0.3426276013202636,-0.025643715075569624,0.39098871940945407,0.5242574571322405,1.2568574042762282,Iran political unrest,left
7,@JacksonHinkleOfficial,videos,41,-0.7797150840172765,0.06792050183868091,-0.40805350888739345,-0.16280880936415842,-0.8499887258691505,-1.646933559378179,0.9072846491242057,-0.08340308092333311,3.1821309695018902,0.6249291955266182,-0.8974929297759372,1.2548838933518736,Iran political unrest,neutral
7,@JamarlThomas,streams,20,-1.6921225827717887,-0.30682545129402217,-0.20390801650480417,0.08815681341243045,-0.7703438965971994,1.1947485853202022,-0.34152735362021264,-0.005891872814622038,-0.4410743013797947,0.7305178799827415,0.09896488425538097,3.816318161142186,Iran political unrest,left
7,@JamarlThomas,videos,29,-0.8177369113588578,0.1302460074686063,0.14306687393929185,0.4221557731343732,0.7078616434318595,1.7260187511513196,-0.8015788937726586,-0.25430785348081253,0.016107523564781748,1.0082301439630383,-0.3690136566599924,1.8976009458434613,Iran political unrest,left
7,@JillianMichaels,videos,21,0.1212557154324923,0.46894534424962486,-0.03086366662509768,0.5145768874427608,2.045602725241339,-0.7734575268877035,-0.9847312476028995,-0.5097074455183416,0.10179908642379877,0.6760530867913782,-0.2669772308288614,0.018052154147963836,Iran political unrest,right
7,@KimIversen,videos,32,-0.41249019995251557,0.8549908800947864,-0.4703810467018365,0.25745580620947844,1.3708296584002304,-1.0018348355454871,-1.5606422166283576,-0.7153094757435385,-0.6827368692309483,0.6992148635440533,-0.9462848346553989,1.7344307694071126,Iran political unrest,neutral
7,@LIVESNEAKO,videos,19,-1.0740585861251903,-0.43117153759717586,-0.0401279032929809,-0.2832433891039577,0.27710183949433165,-0.581721307398395,-0.4988653043669361,-0.8507168728182988,-1.2182853605748072,-0.6709354733954654,-1.0121977026839672,-0.45092453878678507,Iran political unrest,neutral
7,@LiberalHivemind,videos,11,0.14380697276523258,1.2995420191117968,-0.14992960761089616,0.5908966385605848,-0.09845471293853757,-1.8604353468217847,-0.4960914205547589,-0.6770770920119128,2.1436932152853054,0.35193109546951856,0.4526582472843813,0.12137142285883318,Iran political unrest,right
7,@MegynKelly,videos,14,-0.3882785197367214,0.09443132597478131,0.05374420484264359,0.6102629800299811,0.20091625175805244,2.07370279663482,-0.5327178533611457,0.7321179353405763,-0.48221757915321234,2.428823955699554,1.5299795305214388,0.7790280938480894,Iran political unrest,right
7,@MeidasTouch,videos,12,-2.915411332578188,1.4947756969547645,0.3839603132827065,2.385515121965293,-0.7236239284889227,-0.8236849341192056,0.9124899386920423,-0.046235071496172696,-0.782722434311586,-0.6802132370316988,-1.334922427921233,-2.1385056295828058,Iran political unrest,left
7,@MyronGainesX,streams,11,-1.8237449589670012,-1.0374583103710509,-0.19736193315176084,-0.03989317432626037,-0.3494458822192532,1.1941012904834134,-0.6801796410730421,-0.6340509670689495,-0.7195467183738579,-0.7989196828250601,0.15295998025759844,0.6781213326338524,Iran political unrest,right
7,@MyronGainesX,videos,21,-2.8793977794015544,-0.5568720796125903,-0.32294837972515955,0.19747885052479766,2.2237349982473615,-0.5356066389519079,-1.38907451570151,-0.8476228085736321,-0.7979553875055413,-0.8694471851657443,0.29863553420450256,-0.26942668453837254,Iran political unrest,right
7,@NBCNews,videos,63,0.4641013393264593,1.0351468184055788,-0.43298743833171094,-0.44491207613365163,0.14266680558735986,-0.9579799043149865,1.7767615030582282,-0.5940690912659973,-0.11314544049211119,1.406617903368042,0.5544546439079051,1.1313311583014025,Iran political unrest,neutral
7,@NYTPodcasts,videos,21,0.02022291773033482,-0.5193835750826329,-0.08294137555099564,-0.23836622049450268,1.5158602503024927,-1.7430344051909388,-1.157377965498315,-0.7129496656331479,-0.04730849779739673,0.011191958119557073,0.7121597272182674,1.1979501493102644,Iran political unrest,left
7,@NewsNation,videos,204,0.20199946286594234,0.6398675134526428,0.15532408393663952,-0.2816817140213862,0.1250481593049031,-0.10427594457792687,1.8340173664537929,0.004752389813734043,-0.5345454579193193,1.1972639122437523,0.01627070815580501,2.8347650085952285,Iran political unrest,neutral
7,@NewsmaxTV,streams,13,0.5469183916169095,-0.29938782220117766,0.060507627087213564,-0.031120378603463617,-0.692150167621217,-0.9389402913806939,-0.3584084735440393,0.173546139116057,-0.31750086617963047,-0.6596146492539758,-0.08561613460616949,0.49222863493334157,Iran political unrest,right
7,@NewsmaxTV,videos,149,0.7026982251656604,1.1923497243390704,0.58645642761317,0.11339203439753133,-0.12122912862478542,0.2681010740993966,0.5649935107885622,-0.3921829739448195,-0.20232125432835338,1.5791417976015933,0.15304197195306415,2.5241458207181404,Iran political unrest,right
7,@NovaraMedia,videos,23,-1.062773873288953,0.5985976590130019,0.3087117692359338,-0.42833895718462733,0.3773660286727033,-1.0800539752302978,-0.5284291881951844,-0.7795692456745372,0.08257390846154403,-0.7087129729000184,-0.24622900575376297,1.4793735068786658,Iran political unrest,left
7,@OfficialSaharTV,videos,47,-0.5499395364717949,1.5178857716340632,0.1362750038337814,0.757840675050105,-0.061050979584703007,0.41284865274429555,-0.15382202641249124,-0.14982236348348502,-0.26024543842649617,0.547462176147892,0.5450787804634688,-1.0874282199035417,Iran political unrest,right
7,@OwenJonesTalks,videos,30,-1.4993785552963286,-0.07631279559034185,-0.3671413260403012,-0.0988803424879072,1.840119430062282,-0.5423684793584723,-0.356349225404197,-0.5657922509589189,-0.6250759673291081,0.14151013337520668,-0.5176274115549697,1.3701367855475806,Iran political unrest,left
7,@RealAmericasVoice,streams,35,-1.4622537057945884,0.9140366152738063,-0.009368945074555312,-0.3079344249547586,-0.9189282351506699,1.1541507158900386,1.4776505944306972,0.36437972944462926,3.7635165537442568,-0.5533841139764192,0.7806807421835863,1.2566904196292537,Iran political unrest,right
7,@RealAmericasVoice,videos,74,-0.1016763546925945,0.10195558859996778,-0.44805286875422584,-0.4432789130442316,-0.13821946298122395,-0.5341603818225664,-0.47816327890395616,-0.11767167666272275,0.9570890081499055,0.5548366008235698,-0.2639130387818446,1.034001880570025,Iran political unrest,right
7,@RebelNewsOnline,videos,41,1.5775092065036045,0.4705202135080392,-0.3772727231041144,-0.2554345013756558,-0.4210480221390976,-0.9869827177558717,1.9883102435366868,-0.05555562858848907,-0.012856625740429234,1.4894194668178378,1.2466587483034532,0.903284460963921,Iran political unrest,right
7,@RedactedNews,videos,19,-0.9162241825204783,1.4693911731306644,0.08608360516686903,0.4686211220205081,0.572334405177126,-1.0245807021882865,-0.7733929237123212,-0.5031617290852968,-0.3807155267192828,1.6630633536261976,-0.4387652650382514,1.4799068004970186,Iran political unrest,right
7,@Reuters,streams,42,0.3674669852698578,-0.07867394858680796,4.121793014260982,-0.2420208818527652,-0.6844903805587257,-0.9480101242582987,1.66901042342139,-0.5461468996452867,-0.6082245032130218,-0.5532129538387615,-0.08093921127195583,-0.21193697782485688,Iran political unrest,neutral
7,@Reuters,videos,145,-0.3090602830654775,0.2844439886135455,-0.42710697052794927,-0.3911471801268789,-0.23375240908222653,-0.9385553609816955,2.7131018212397433,-0.010326065551707599,-0.73266946903566,0.17607769833336426,-0.23722379921671286,1.4708944712589618,Iran political unrest,neutral
7,@RubinReport,videos,13,-0.5742383442536084,0.7037589710611841,-0.3933095825263886,-0.46146269702439724,0.5542142711905093,-0.19179315681468878,0.05159586902627358,-0.2506672629473323,-0.019518401218856524,-0.4133924584737358,-0.00948938204673837,2.204178451363387,Iran political unrest,right
7,@SabbySabs,videos,13,-0.544748161581252,-0.6041889915383934,-0.43072605507374234,0.010632095068371492,-0.7782472093297048,0.3230437284450959,-0.3236464607636264,-1.0198594024922125,1.0305683676592268,-0.2453878562714173,0.2950051949110698,1.5545849136160181,Iran political unrest,left
7,@SecularTalk,videos,19,-2.5675180589098154,0.17497378843556124,0.8173079238430471,0.6687155104179494,0.05892965967668727,-0.6126714760896689,-0.3728171456835197,-0.6866388103369294,3.681348721505411,2.185575628117911,0.6130568011206903,0.955378487659068,Iran political unrest,left
7,@SkyNews,streams,47,-0.2100422266267163,-0.1637654466516187,-0.3057945543820753,-0.3287978938503865,0.018741950252821764,0.5658569811592099,1.9744064924072666,-0.0618627147305195,-0.3014934800862839,0.7776314194392229,-0.15944130591654299,1.718479482360902,Iran political unrest,left
7,@SkyNews,videos,161,-0.7669208277991063,0.6878945575686214,-0.07436924284831514,0.10003656450225085,1.8216981221187762,-1.07674678788488,1.4774884376164432,0.3895383671271744,-0.12401675296387628,1.9828281770305478,-0.3261991222100273,1.793572791853787,Iran political unrest,left
7,@TheBrianKilmeadeShow,videos,64,0.10511027525533803,0.6799947102341113,0.35711048525901784,0.07954532543671626,1.9673255861636048,-0.91744492409755,-0.5626420693225873,-0.3541756749462081,0.03312759482515531,2.526732088787922,-0.16222150110636407,1.0681211237906196,Iran political unrest,right
7,@TheMichaelCohenShow,videos,12,-0.14342778348909016,0.38211314353303644,-0.050954467738631125,0.7288006334959096,0.7643580062788794,-1.4635644145203972,-1.8181631250533172,-0.07313069075716137,-0.3337846735034955,0.1819906372291508,-0.6084540901189829,0.8748411203614354,Iran political unrest,left
7,@TheYoungTurks,streams,12,-2.5148647590006616,-1.2943766408642607,0.15572621658760674,-0.000523887301402339,-0.19759459959253012,-0.3338113266385235,-0.6518632365295439,-0.1470044119571385,-1.769928741491712,-0.38430744521360055,-0.0820895806536996,0.21319492553817235,Iran political unrest,left
7,@TheYoungTurks,videos,65,-1.0785318137852253,0.3068017672012521,-0.4220608245819028,-0.40914821484781544,0.19129045057224606,-1.109988092630933,-0.6787571609857288,-0.8239052506998875,0.01280334153445589,-0.2865826970938135,-0.4528650387150871,0.4189892461234276,Iran political unrest,left
7,@TimesNowWorld,streams,98,-2.313372119624733,0.0642986760541312,1.282111608668659,-0.1264146266239575,-0.7995308032220709,0.5443722627060762,0.45128755369046464,0.32286872055282345,0.20438897133563666,1.395300900168951,0.8261703444097848,2.8807053868417465,Iran political unrest,neutral
7,@TimesNowWorld,videos,284,-2.4483025894180623,-0.6135965181901608,1.9122014678377592,-0.14046355650254955,-0.733404322633661,-0.2773756022638259,0.07431717334966033,0.481042020084121,0.217711531514018,2.676940675170223,1.2186760232362697,2.23706791145823,Iran political unrest,neutral
7,@USATODAY,videos,17,-0.8837005745710298,1.6219508600483388,-0.4582682521885117,-0.4072279199299821,-0.5062012929153544,-0.4149779389828429,2.1361282713400755,-0.4866152999128648,-0.6244802947837574,2.5199457801183196,0.7596600983322641,1.427418606150543,Iran political unrest,neutral
7,@Vaush,videos,11,0.45038830098053284,1.4590396116923807,-0.7265440074063165,0.4079708390262322,0.42922201053915604,-2.1520983365602144,-0.2398034783228197,-1.3680567292659092,1.1663528974484048,-0.6564397939075353,-0.4430464195484673,2.3596846636148188,Iran political unrest,left
7,@ZeihanonGeopolitics,videos,15,0.7716363607765093,-0.9822167859417165,-0.18622508098184704,0.06297828049080538,0.46862593038380257,-1.8406758739241424,-0.7350921884775926,-0.40723260261572897,-0.6689624282195603,-0.35836158012735303,-0.8568057215275257,0.4921679347876874,Iran political unrest,neutral
7,@aljazeeraenglish,videos,338,-0.4959876208832085,0.5061193335715142,-0.13779754210294534,-0.1901582736286808,0.7987389604509842,-0.7645713222630462,2.4128410135555147,-0.1409895787556924,-0.29983352106573197,0.7436882141155562,0.093233116490529,2.279165509297015,Iran political unrest,left
7,@bennyjohnson,videos,14,-1.326849085176525,1.6375543966201997,0.8697925360611916,1.678511866200744,-0.5361019005498491,-1.2621117946060896,-1.013002049686582,-0.13503624354977467,-1.3409061503890247,0.8985040984780761,0.4436196772195219,-0.8873645395019649,Iran political unrest,right
7,@breakingpoints,videos,28,-1.3609066243895573,-0.5290732250882538,0.26708873037901637,-0.5901025427489913,-0.39387809804168555,-0.024080507050066997,-0.24944980099169384,-0.38615348323102855,0.026122569309250023,1.114755312154783,-0.7475235505464897,1.3092882200815767,Iran political unrest,left
7,@bulwarkmedia,videos,18,-0.4098036789586769,0.9150992962759736,0.04782228642429978,-0.22660615858608882,1.4284102512041668,1.754997920089748,-1.2343691064062043,-0.08474931239744564,-0.2717081338382797,-0.5545079073345464,-0.3065162788767595,2.5611258352684945,Iran political unrest,left
7,@chriscuomo,videos,12,0.5378404901552357,0.13336572229141783,-0.19127446302209447,-0.05394443546784089,3.0931243775829826,-0.5737762443973543,-0.8988531957738798,-0.3189120065621526,-0.1706326835522268,-0.7689375036075052,-0.7611914680795229,0.21414425484030838,Iran political unrest,left
7,@clayandbuck,videos,11,0.9991487577206538,-0.542000971550165,-0.10960980476058312,0.0005459413256625266,-0.40998604131416144,0.35267031722989994,-0.8469220841689474,-0.0181500239673732,0.03437747152797733,0.047337167555580595,0.878361093506022,0.32981657443255175,Iran political unrest,right
7,@glennbeck,videos,11,-0.9045103393326215,1.240879327315824,-0.1503726703505208,0.9143772361009553,2.537629429976939,-1.5537036643137447,-0.5652020479170359,-0.10449421530233502,-0.9860131904118987,-0.09762452672094443,0.10222885894422395,-0.4731980802111662,Iran political unrest,right
7,@judgingfreedom,streams,72,0.4579861149171547,-0.3758373295111403,0.5807366322812793,-0.360084194014691,0.31282921035145184,1.587294917229479,-1.0254194438944702,-0.23538700971847593,-0.28030547773165276,-0.6037396062991607,-0.17136567925785573,1.412098719262553,Iran political unrest,left
7,@judgingfreedom,videos,42,-0.32529546960150746,0.08602052065228805,0.14053703511770332,-0.05182734034798182,1.7960045329950534,-0.13610730845665356,-0.4502781952830793,-0.5104107254478771,0.11921289543182183,-0.44048845964641586,-0.3310264655810258,0.976565200562163,Iran political unrest,left
7,@markets,videos,129,-0.4560151852063375,-0.8331111123386663,-0.3137257001436977,-0.33820456987686937,0.31067234833536855,-0.3184074755942557,0.1021770914075582,0.3265148213980456,-0.2701918323053858,0.08149475118417301,-0.35515464062133784,2.256260259922704,Iran political unrest,neutral
7,@marklevinshow,videos,45,0.29843888891247483,-1.5421224458151768,0.05013930383246231,-0.055837555945874695,0.049251251206029065,-1.20560287337689,-0.3973885882656385,-0.9163439511374002,-0.7650831896800426,-0.5301414674056137,0.21620910576910227,0.5913944732929363,Iran political unrest,right
7,@msnow,videos,134,-0.22813071829265663,0.7775710307248402,0.4248819371377336,0.07664536964474912,0.4952882770318264,-1.3602777058981583,1.0270888633647224,-0.038555364591680755,0.029725223168204713,3.4232895753610375,0.07094353072763897,1.6493587791542292,Iran political unrest,left
7,@nousnetwork,videos,21,0.2782018572822478,-0.5615144662540931,-0.05962881944917183,-0.37619488557684244,1.488844558814095,-0.09091204660781563,0.40029403844214334,0.26585880352067714,-0.8162953112473933,-0.19837754605318872,0.29837473112302537,1.2825705360244644,Iran political unrest,left
7,@nypost,videos,89,-0.1022808994710238,-0.9744098069377226,-0.4084071995742458,-0.3042120693118273,-0.38231628546552654,-0.3947345270089426,0.40296692983383897,-0.18497409554498598,-0.7114984930001131,0.782034925771104,0.6446212389943506,0.8243958105017151,Iran political unrest,right
7,@oann,videos,40,0.1346010245787417,0.37723215629037393,0.053710320732025904,-0.14229337959139482,0.5792086227798492,-0.6741039392965436,0.019080299917713678,-0.5272790279974465,0.7176512225154064,1.904298820409307,0.5040771508941633,0.7579432880136051,Iran political unrest,right
7,@thegrayzone7996,videos,20,0.028388146186626766,0.2595272543428061,-0.4761109716625265,-0.09096875784855621,-0.08804567299434769,-1.0605280036134608,1.9988392173318925,-0.7564293740824779,0.19370733066760779,2.575210258522077,0.304787577861929,0.913508509157381,Iran political unrest,left
7,@thehill,videos,30,-0.569963067909239,1.0367261753904882,0.11392288488958906,-0.48820054133669605,-0.1295993471261609,0.4977658398544149,0.9646632568828972,0.054804002850264676,-0.004389337843579177,1.0970552844335553,0.8094107114672726,1.7187804942526248,Iran political unrest,neutral
7,@thejimmydoreshow,videos,36,-0.5001771973491946,-0.41369336925194566,0.0017565312340064216,-0.0896491362482474,0.5876566099665057,0.3297092764904732,-1.3419621765098675,-0.43692926294486945,0.32770837728683677,-0.06944005424190368,1.101479509567687,1.183066382999603,Iran political unrest,neutral
7,@thewarningwithsteveschmidt,streams,11,-1.5397421718166655,-2.695748189920359,0.41385692429247406,-0.15640725493036267,-0.5413044436431683,2.9740675212728034,-0.981172758678654,1.0584748277842848,-0.14513431372960353,-0.7149270726309538,-1.2467762627248038,1.2242427133558398,Iran political unrest,left
7,@timesofindia,streams,41,-1.6529934256876218,-0.32306575549758576,1.5347850993323768,0.44976870953245746,-0.5187795903369224,1.159189722380504,-0.2511697187409838,0.16936738060549933,0.10225716221681592,3.510468628941365,0.7522182941150108,2.1524840178848157,Iran political unrest,left
7,@timesofindia,videos,410,-1.6388213658781712,-0.24322465221217043,0.689539955355024,0.38171504073749446,-0.33572612068730096,0.0354572626109733,-0.40007214290239956,0.3099692110135307,0.3054563233447601,4.550424711394683,1.501583902833073,2.343608353833427,Iran political unrest,left
7,@usefulidiots,videos,13,-2.0730544935956114,-0.8649352576078532,-0.6336530226980699,-0.41155177506035784,-0.8055326367203043,-0.60702189594616,-0.30144784000294367,-0.7625947443789579,-0.9013735733205317,2.8080973785512766,-0.7596202864796611,1.1654139694646497,Iran political unrest,left
7,https://rumble.com/c/BannonsWarRoom,videos,120,-0.09436323343709005,1.5890927426901427,0.9070473259037776,0.40258010703247343,0.2475317469329446,0.0793316819158061,-1.0565509428456106,-0.009091224718548984,-0.597991330867589,1.1102927044414923,2.987184153735368,2.738466803032177,Iran political unrest,right
7,https://rumble.com/c/nickjfuentes,videos,19,-2.506458204590244,-1.0510326499949636,0.11012271183487325,-0.7942254451173455,-0.009784062596214158,-1.9701988357813556,0.5014941398950475,1.451356118349236,0.5556193396328096,-0.2935627792582757,-0.5914767762840359,1.0780688640394025,Iran political unrest,right
32,@ABCNews,videos,15,0.7769138928569318,0.3128305275363887,-0.29877860031748943,-0.4408805426596029,-0.23700011754535985,-1.2422192495045883,1.315228872182166,1.562403549853239,0.04765827231441804,1.9472907071798706,-0.40302023615302374,1.6267939802119906,Democratic Party and Midterm Elections,neutral
32,@AndWeKnowOfficial-o9b,videos,12,0.2491711693030886,-1.0095362342790246,-0.22730384138908014,-0.2801710254488489,-1.1808741431897807,-1.1682291446025925,0.2658774049417685,0.7341215503778414,1.7495307081023446,-0.7742932350698536,4.311311612470356,0.27140528914465495,Democratic Party and Midterm Elections,right
32,@BelleRanch,videos,18,0.5452721494780834,-2.528717105377045,0.2711375772118478,11.346367375702814,-0.38721230886544294,-1.1638754232034032,1.0242184820333302,0.27348055328585247,-1.991526360025794,0.322343000985794,0.9637120430662411,3.831511106590615,Democratic Party and Midterm Elections,left
32,@BenShapiro,videos,14,1.2048415685462899,0.9495252203734742,-0.5442938923562924,-0.27699357304210764,2.333027925214531,-1.7942194325417304,-1.392734320505673,-0.3972887839495937,-0.7873576781868763,-0.9177187666561252,0.08890921301968754,2.0325942434571105,Democratic Party and Midterm Elections,right
32,@BlackConservativePerspective,videos,52,-2.8212560272794676,0.7992381160078691,-0.6603828521653156,-0.48813389493776393,-0.9080612438235321,-0.8165511600695559,0.7383194194838106,-0.08951419615545392,1.7638915252673153,-0.25333477213245875,1.781755741149706,0.03061060626419001,Democratic Party and Midterm Elections,right
32,@BlazeTV,videos,18,0.4615114372588486,1.089799304381705,0.08276754774424952,0.8891746237432834,0.8200481607071723,-0.9420832967114312,-1.3209118551888037,-0.3207045765531922,0.4869268171515425,1.6458173996017749,1.922521562208451,-0.9468988281454861,Democratic Party and Midterm Elections,right
32,@CBSNews,videos,51,1.2516914165857012,1.2246947359052693,-0.5682189450253443,-0.4730304841191323,0.37520357839841795,-1.3773962819099503,3.316393401936788,1.3351976648355148,-0.6136321921230313,-0.09627596235859304,1.1099819814787932,0.14821338415807608,Democratic Party and Midterm Elections,neutral
32,@CNN,videos,26,0.8045591182907503,1.1307589189135805,-0.1291523816362525,-0.13962362224543548,0.9644784861600659,-1.4801873336226636,1.8002552173872328,-0.16600572047780704,-0.3780273309612012,1.8822850395774067,0.287434657303428,0.8796878880440607,Democratic Party and Midterm Elections,left
32,@DemocracyDocket,videos,10,0.7393271365165679,0.9761487768818352,-0.19232318117658095,-0.21828826396035614,0.7135223294139628,-0.7817165878669092,0.4210612178209197,0.9863297710427966,0.08086472862392977,-0.11631977865037632,0.0473778759880222,0.5128051483058049,Democratic Party and Midterm Elections,left
32,@DrSteveTurleyTV,videos,39,-0.45495171073003665,0.16543956842560126,0.12833471275205469,0.1815206189223063,-0.2615554222065681,-0.7655278689764348,-0.6851901656049093,-0.24201461560271623,1.4043133727559454,-0.9868751687790438,2.5614860840803355,-0.4201530593993631,Democratic Party and Midterm Elections,right
32,@FarronBalanced,videos,79,-1.4273471031288991,0.6151454192461089,-0.8050859506285754,-0.3624018879610158,-0.8026025801537326,-1.3984202005347444,-0.1465950622261086,-0.32072873426022097,0.1066606593616699,-0.3559220142800762,-0.5617672840032515,0.4092631610596864,Democratic Party and Midterm Elections,left
32,@FoxNews,videos,165,0.5951651108022896,0.7016062725786607,0.4641370319371086,0.5849833818324925,-0.25044742828154454,-1.0463447234099694,0.6886534492218219,0.06650156920485234,0.5811707187448228,2.1310491752104697,-0.06992216572564487,0.21096207059056987,Democratic Party and Midterm Elections,right
32,@FoxNewsChannelClips,videos,199,0.7129063916186731,0.7884815506496844,0.271067523456208,-0.027235792446478533,-0.18582255605707163,-0.92771123069766,1.0159831824965475,-0.30687838991989214,0.4539857396558224,2.2158759010079336,0.23944532197346188,0.2682366466648816,Democratic Party and Midterm Elections,right
32,@HasanAbi,videos,15,1.6179278760962146,0.7431051492337909,-0.40345150424319665,0.3300637181886553,0.931590543592446,-1.9878954831649112,-0.5144930681892588,-0.6692595187194237,3.06666255138555,-0.8146618300075548,0.7429391790463152,-0.681299116627108,Democratic Party and Midterm Elections,left
32,@HasanReactionsfanTwo,videos,11,0.07724744376115483,0.3487708759203102,-0.09710861865109882,-0.4772762870842783,-0.8946391161604307,-0.650288354392107,0.3463779244592555,0.2207350804939652,-0.3114185982565432,-0.9050241585411295,0.24340525238281632,-1.7141922179875295,Democratic Party and Midterm Elections,left
32,@JesseKellyDC,videos,85,-0.34260481362858225,0.11528918468918065,-0.8779825969029098,-0.6499747867377828,-0.6724452115738216,-1.1798604651346247,-0.13359502089975417,-0.3467882391828096,-0.636323031731824,-0.1598817491357923,-0.1647481645188913,0.43265392408941605,Democratic Party and Midterm Elections,right
32,@JillianMichaels,videos,13,-0.6820123835708792,1.3004792632138873,-0.5052110185059424,-0.19977401664492048,0.603826374681548,-0.661796577230021,-0.6148786774365779,0.009294666873690379,0.16033769793276692,-0.5737331082679136,0.17260780406290793,-0.2110773198492605,Democratic Party and Midterm Elections,right
32,@LiberalHivemind,videos,34,0.5303301344066123,1.8626217107595942,-0.1901487546678378,1.1376076221298734,-0.35358873043705324,-1.5491289200802287,-0.49094046881040365,0.21673089323685035,1.51355688758663,-0.33259867012615524,-0.7504916007273269,-1.2152699727466523,Democratic Party and Midterm Elections,right
32,@MegynKelly,videos,13,1.0666420316938754,0.10261689607020703,-0.14820528318076917,-0.15112913971883699,1.0194889998674355,0.5795840197870941,-0.40118517769326245,2.247727577526508,-1.601672585815781,-0.5659257776130472,1.6831868753212562,-0.30531492456995923,Democratic Party and Midterm Elections,right
32,@MeidasTouch,videos,41,-1.6321725347131597,-0.01921813096559805,-0.050382747674936126,0.2503584192969451,-0.6889660633548111,-1.258072021629477,0.9859014291202777,-0.3544519045550594,0.3993744064065034,-1.2315219236491168,0.5401923502963089,-0.5991831579798208,Democratic Party and Midterm Elections,left
32,@MichaelKnowles,videos,10,0.06244510509279912,0.9365588097055679,0.20863620199369864,-0.779472829729993,1.108646922440174,-1.3573207594370997,-0.6098443674813031,-0.1939458529951546,-0.9355430169935923,-0.24120771523054524,-0.45111897293938086,0.946114977922608,Democratic Party and Midterm Elections,right
32,@NBCNews,videos,39,1.7708840607913816,1.4180356013807718,-0.6049604674285897,-0.11350014463174564,-0.4846275765446678,-0.5382873097229011,1.541439655252572,0.08969057507126085,-0.16679088261400607,4.070332884065914,1.1945886425836387,1.4942722302833267,Democratic Party and Midterm Elections,neutral
32,@NewsNation,videos,59,0.90677643301758,0.9553851346590373,0.1402644533808854,-0.5962116962206505,1.8848619362991808,0.023624228719165863,1.0210007433708292,-0.1985532882430219,-1.097422920633649,-0.07102468258276709,0.4509998808097192,2.503210027098409,Democratic Party and Midterm Elections,neutral
32,@NewsmaxTV,streams,17,0.5219001102311421,0.7432447697602141,-0.696744240415714,-0.4280265995800244,-0.5177228715350458,-1.3039468457046535,-0.20675638338142535,-0.5103018920749343,-0.0056648668129685754,-0.7950587349431266,0.9726410634893224,-0.03065763534296122,Democratic Party and Midterm Elections,right
32,@NewsmaxTV,videos,105,0.36325102129193126,0.9526540472818978,0.27300198219414185,-0.07090863877370966,-0.1331776054573902,0.781410320726318,0.7602528814804211,-0.28442617802386166,-0.34682633378709743,1.3561416556966028,-0.13643229750030736,1.4314107002445333,Democratic Party and Midterm Elections,right
32,@OwenReport,videos,12,1.08178000277892,-1.262901840839163,-0.6086934780316157,-0.05863559222899697,0.4413900979592737,-1.783638658487245,-1.0829680078172579,-0.03736781951979562,-0.7380879601715636,-0.8802977792432657,0.6426397204989215,1.0013992006708674,Democratic Party and Midterm Elections,left
32,@POLITICO,videos,18,1.7145268036841128,-0.8123805218958791,-0.42007204381418145,-0.22957081147162844,1.0488042207845667,-0.6449703975723743,1.1032669388069842,0.5521716465500516,-0.2619166315928292,0.6636838085889253,-0.4852475117395658,-0.04473262965473157,Democratic Party and Midterm Elections,neutral
32,@Politicon,videos,20,1.1875503593720507,0.01886632716073423,-0.04389410847168142,0.11011157409260566,1.7863087042573162,-0.782506732362655,-0.7242838593418547,-0.4988335966955181,0.0025996679939496283,-0.13733208467814478,0.22713188900592654,0.01884628077353644,Democratic Party and Midterm Elections,left
32,@RSBN,videos,10,3.1108342651347947,-1.2479219179850127,-0.4311623476045541,-0.4492635420139477,-0.1416852398237825,0.7630870302692307,-0.8593094991596436,0.14349290033041823,-0.05895207044723363,-0.576677368933891,3.877353491318759,-0.30325499745631374,Democratic Party and Midterm Elections,right
32,@RealAmericasVoice,streams,10,-1.9197767829253636,0.2001010034614378,-0.19998377182568466,-0.5663076906107708,-0.9415048621266819,1.0140669097043553,2.463210858327099,1.2164394069389375,3.2233105577975203,-0.41653671812672827,0.48333646673569375,1.2716096495810274,Democratic Party and Midterm Elections,right
32,@RealAmericasVoice,videos,33,0.3076406921608059,1.7222440967283426,-0.7253179901490384,-0.6723313838671121,-0.5375172477574166,-0.6528718192131558,-0.16784701404073032,1.3251999801235552,0.7595358639892635,-0.3842295804665675,-0.44219486100599004,0.6895208381531084,Democratic Party and Midterm Elections,right
32,@RealDanBongino,videos,11,-0.11277035496548847,1.29099315010586,-0.18256062095267725,0.2778058709959657,1.1104431909686945,-2.0150010143168795,-1.1656067327276534,-0.4598961935508623,0.11294745961022908,-0.47935842924112565,-0.4029101260551506,0.39369487566500555,Democratic Party and Midterm Elections,right
32,@RebelHQ,videos,29,-2.5561693265338628,0.3222255404076877,-0.7206031854291585,-0.14645135158214787,-0.6997017313576929,-1.3688138648409647,0.15251417565348635,-0.44208595127403905,0.28261521692885316,-0.9478906109073658,-0.07829900281158612,-0.16119406857592972,Democratic Party and Midterm Elections,left
32,@RobertGouveiaEsq,videos,15,-1.3328430710859798,-1.6242940419751188,-0.9321626916028986,-0.4916997656013858,-0.9341121172249773,-1.1197954951851612,0.5174000585624733,0.6709527246955516,1.8102264404303499,-0.09015210030579522,0.6018451214847531,-0.7524351112450929,Democratic Party and Midterm Elections,right
32,@RubinReport,videos,39,-0.4948831013559372,0.7398332696741745,-0.08790245004507465,0.21927885950305126,0.6530893834551043,-0.3342537932876603,-0.5433626178225203,0.16531129971421413,-0.4194452063790044,-0.5607851032174469,-0.034963688667576334,-0.007036770678678395,Democratic Party and Midterm Elections,right
32,@SecularTalk,videos,27,-1.6806673360988402,0.3524231390106331,0.5080988015932681,0.07592032496369203,-0.05264048120565249,-0.6719581375656999,0.25983891415022803,0.052668723169137885,2.7167002013834485,0.9269375188118465,0.11943126747781531,0.1702019994368106,Democratic Party and Midterm Elections,left
32,@TheBrianKilmeadeShow,videos,11,-0.04374156603727925,-0.6423856857901816,0.12585200930054566,-0.6779536393788272,0.4428926911149224,-1.268647308838594,-0.26887320519736563,-0.591220973459766,-0.828994585946385,0.6788329793968645,0.6881443660748343,-0.2745660390847091,Democratic Party and Midterm Elections,right
32,@TheDamageReport,videos,55,-1.8976442714741562,0.8611189375318007,-0.637102989921833,-0.526074528138496,-0.9924241719902095,-0.779467124250584,0.6068002388823482,-0.5573650074728518,-1.3785359513445854,-0.751471566421414,0.4384206426993543,-0.20995652096337386,Democratic Party and Midterm Elections,left
32,@TheMajorityReport,videos,95,0.027458159003409373,0.36486117369362175,-0.668765315733504,-0.18379267366314564,0.08443375950702303,-1.1201778047502953,-0.013607013134362266,-0.35886527135156526,-0.6854637744586989,-0.3383286668979975,-0.6399651972115581,0.0583712401046323,Democratic Party and Midterm Elections,left
32,@TheOfficerTatum,videos,14,-0.7254733268318757,0.6281876606268251,-0.49538435982381085,0.1814933385510205,-0.5431642269158349,0.07728694554864939,-0.35312988561284975,-0.3912021600246752,2.920272789647832,-0.42972967080804353,0.9017478730546851,-0.7582989384891666,Democratic Party and Midterm Elections,right
32,@TheYoungTurks,videos,23,-1.0187641906454479,0.6377397157443022,-0.5588563578015545,-0.03804136088233901,-0.5303568630216011,-0.8341352422641218,-0.3190285114570955,-0.5418118171856726,-0.24096638973957005,-0.628133087996474,-0.3654725537361944,-0.3394198402237403,Democratic Party and Midterm Elections,left
32,@Timcast,videos,10,0.46063616722749606,1.4462195766959667,-0.9240129496214162,-0.11214485337116524,-1.178719263943131,-1.199804629375675,-0.11602656158930483,-0.1494524479489129,4.167957390222725,-0.13154631291851177,1.5105646906185706,0.8228169420183136,Democratic Party and Midterm Elections,right
32,@TimcastIRL,videos,16,-0.5944495670801556,0.9420561670062365,-0.9147409497357297,-0.5892180684238437,-0.7490598163891556,-1.6113527332767692,0.7172225444903743,-0.27756689785838484,1.949931153464182,-0.3687207568066422,-0.8308105999532535,1.4895977371152604,Democratic Party and Midterm Elections,right
32,@TimcastNews,videos,18,-1.6158392904160555,1.4326459852759486,-0.8598082350084575,-0.542960047228833,-0.9983480984113017,-1.393744288135069,0.14759522562217897,-0.5767845754409866,2.1283353437561505,-0.44801348579487843,-1.0866782141756468,0.10357912274835525,Democratic Party and Midterm Elections,right
32,@Vaush,videos,16,1.3283006405353046,1.0917262817488902,-0.6932523300886786,0.6099550603433757,-0.4073568268313048,-1.8700525684158518,-0.27595680559784896,0.3381636770705222,2.511404411684496,-0.571029213044624,-1.0505264502068377,-0.45130805370398036,Democratic Party and Midterm Elections,left
32,@bennyjohnson,videos,19,-1.161626713773477,0.3383418417245307,0.5397961485164962,2.2332114945880015,-0.6697648798989494,-0.5662369025956496,-0.19295502249444035,1.0680403601000088,-0.18420637124620273,1.1140651992044008,0.8645462997893971,-0.46396019323989657,Democratic Party and Midterm Elections,right
32,@briantylercohen,videos,29,-1.423371535359395,0.27792245002647364,0.5451110826316573,-0.40363303369865533,-0.6166680816696072,-1.7935828608640758,2.2628197402215156,-0.6509485948719582,1.9560238963979497,0.004256058882975617,0.797090534898357,-0.2592460040198141,Democratic Party and Midterm Elections,left
32,@bulwarkmedia,videos,55,1.1328061784518824,1.623523941295236,-0.22803602880243345,-0.09410451223847689,0.41333779549603067,0.9706700784124269,-1.0939863142024004,0.5284242470753122,-0.7032659642587543,-0.7155426083106804,0.13200318497901012,0.9631492816735003,Democratic Party and Midterm Elections,left
32,@dollemore,videos,19,-0.6545661673845499,0.6785436506328759,-0.2387258792788655,-0.4574467699480817,-0.6939934264199448,-0.7836457072679281,0.015020370761381255,-0.04829770308967413,0.29569775588911634,0.020017646969169484,0.4342427556427483,0.05010874051343508,Democratic Party and Midterm Elections,left
32,@markets,videos,19,0.616426353862607,-0.7033009376551429,0.11733273205042032,-0.49771644430797685,-0.09754494715908948,0.17114566212568974,0.4715837640116289,-0.08237493555916021,-1.243973901785144,0.6527661647612585,-0.5188339003628025,0.7863654769566655,Democratic Party and Midterm Elections,neutral
32,@marklevinshow,videos,22,-0.45385951934919855,-0.9225135568083703,-0.38634679920804466,-0.3588872249618556,-0.034852481061320946,-0.6205399100498981,-0.6481147054654058,-0.2891871808767285,-0.9550282174294548,-0.6193056570899433,0.24707797568876472,-0.7102065540246376,Democratic Party and Midterm Elections,right
32,@msnow,videos,261,0.6939568001278955,0.9584843968283056,0.3024945519277996,0.005404124148159694,0.24935628270560822,-0.8694712101594722,1.1194126790601586,0.07829673388350493,-0.5193775492386599,3.2182139736869875,0.8438147378229552,1.259788250449994,Democratic Party and Midterm Elections,left
32,@oann,videos,15,0.8547451243317942,-0.671510797990754,-0.6988565062115342,-1.114510164163169,-0.44746988409162625,-0.7165293571927939,0.44358956370052727,-0.3350689009451873,0.6070634165619188,-0.14475939706966345,0.869097436533342,0.812478925106601,Democratic Party and Midterm Elections,right
32,@podsaveamerica,videos,23,1.4434308269734715,0.5548844167720045,-0.2853547822488212,-0.15723729777536324,1.475706612744231,-1.0640862326015714,-0.1382775914109958,-0.09833219559749454,-1.0160543460461,-0.9383171265860788,1.090647818827521,0.23148614191210393,Democratic Party and Midterm Elections,left
32,@thedavidpakmanshow,videos,25,0.5806165677540995,2.1304826501727914,-0.4989701192483709,0.07516184361888105,-0.22943794827412967,-2.1336402366007463,0.5138520651478575,0.20229825438573987,0.9275329279745459,-0.33299684499891485,-0.8938739372284386,1.1048752320513433,Democratic Party and Midterm Elections,left
32,@thehill,videos,74,0.0697724225969448,0.04066930109728674,0.23271397376646635,-0.4874987438085176,0.15060446074327816,0.23144532194951614,1.0855113286406466,1.255629776504023,0.2270952806185953,0.3186319004952668,1.3673166836554693,0.5283234690826891,Democratic Party and Midterm Elections,neutral
32,@thomhartmann,videos,22,0.9199146134451701,1.1631065887168703,-0.49622125370870723,-0.06449705393333992,2.1579498522824094,-1.5461353691342206,-0.5715042329011826,-0.02343116240095255,0.42758829635541123,-0.2393778577151057,-0.08866679200853733,0.5510277614721717,Democratic Party and Midterm Elections,left
32,https://rumble.com/c/BannonsWarRoom,videos,35,1.3307820786347868,2.941926214204828,0.7734977811357265,1.0367238422260154,-0.12260441097854954,0.7684051854853925,-1.401973817552496,0.9115820193218525,-1.1827956474532277,0.971746581405645,6.0049475694719,3.445879990382289,Democratic Party and Midterm Elections,right
