lane,genre,month,n_creators,n_titles,F1_controlled,F2_controlled,F3_controlled,F4_controlled,F5_controlled,F6_controlled,F7_controlled,F8_controlled,F9_controlled,F10_controlled,F11_controlled,F12_controlled,F1,F2,F3,F4,F5,F6,F7,F8,F9,F10,F11,F12,curiosity_gap,outrage,humor,question,breaking_live,episode_show,interview_guest,reaction,confrontation,listicle,howto_explainer,partial_month
centrist_heterodox,streams,2026-03,1,25,-0.2631556412439954,-0.4239793855250553,0.4175545324883222,-0.3736018706509419,0.6959621177762785,0.1471498288369303,-0.9499016377383532,-0.6104408705298878,-0.5522423469180833,-0.803292295823675,-0.7253090316610465,0.4636420621802694,-0.6511371095344399,-0.5354357370568634,0.496153030849612,-0.3399766912485871,0.4735051415673816,0.5869865404600176,-0.7209175943513738,-0.36864603243093,-0.6414575339206784,-0.531345832496078,-0.6553109424457726,0.9749031075124808,0.0,0.6,0.0,0.24,0.24,0.0,0.12,0.04,0.2,0.0,0.0,False
centrist_heterodox,streams,2026-04,2,55,0.058777724240744955,-1.0590426444014847,0.45568218665833105,-0.23075376059612407,-0.022873710159893056,1.5760825828814307,-0.86246153137152,-0.19437561545934073,-0.891149192988846,-0.5914151060089169,-0.4184007151551107,-0.1322698123742601,0.06742847238840655,-1.284639745105114,0.6261010703184429,-0.2168277047100029,-0.21928333186696813,1.9535710072598231,-0.7562257260819789,-0.12997336730140055,-0.8494781683289598,-0.34621520105210646,-0.27699013296038477,0.1033715235018958,0.0,0.374320652173913,0.0,0.12771739130434784,0.24932065217391303,0.0,0.43546195652173914,0.015625,0.03125,0.0,0.0,False
centrist_heterodox,streams,2026-05,2,49,-0.16928774909963107,-0.39753352270927417,0.34191243117187126,-0.09237506350676956,-0.1334641739329115,1.8197482228459836,-0.36159936272121096,-0.021173247274836104,-0.024962917441709476,-0.14708030423145624,-0.7667452018119498,-0.23567917098628915,0.14508403968797093,-0.7718357265154594,0.4448712081272207,-0.0869742816233901,-0.2831292122008739,2.287463489883162,-0.3023472735796291,0.101460993571885,0.03323175963205677,0.0511896297991543,-0.612218702104786,-0.08326563574480116,0.0,0.4853448275862069,0.0,0.04224137931034483,0.10344827586206896,0.0,0.528448275862069,0.0,0.017241379310344827,0.0,0.0,False
centrist_heterodox,streams,2026-06,1,36,0.349859217492219,-0.2132309194281381,0.7379490554338861,-0.4120031315499491,0.1167767671456174,1.1416199467306092,-0.3962634950700384,0.0700425105103239,-1.2520043556709384,-0.6117057027787645,0.1960403901125478,-0.0851514619887654,0.1610746444865568,-0.2986382893920973,0.8116970143986699,-0.422332393261053,-0.143981080977799,1.2112714426650084,-0.1516693100344414,0.3066602659536379,-1.320106394963418,-0.4461817477427268,0.4144621038157878,0.1673107738764734,0.0,0.6111111111111112,0.0,0.1111111111111111,0.3333333333333333,0.0,0.19444444444444445,0.0,0.05555555555555555,0.0,0.1111111111111111,False
centrist_heterodox,streams,2026-07,1,29,0.5983393212407022,-1.15921848783308,0.8759519476152312,-0.4205154822707537,0.0454766895693538,0.90506844864946,-0.1866737922774031,0.3206001483915505,-1.3142557505886123,-0.4078348740174983,-0.0685751909955269,-0.4416796960126281,0.2995859555464372,-1.2094356409014422,0.9419860497184402,-0.4494970280591203,-0.2508352957946934,0.9980696140743976,0.160870762582489,0.2134869511792419,-1.3293146200700934,-0.3540967481242171,0.1598688477367719,-0.2804784013426706,0.0,0.5862068965517241,0.0,0.10344827586206896,0.41379310344827586,0.0,0.20689655172413793,0.0,0.06896551724137931,0.0,0.034482758620689655,False
centrist_heterodox,streams,2026-08,2,53,-0.320453070007151,-0.059312171059034344,0.021479540999732198,0.06313546780344842,-0.2974200315551278,2.570289240440217,-0.598364546980714,-0.17059493310482016,-0.5512165525845316,-0.9581764012624105,-0.8038441301076035,0.6038442305351117,0.03321971474421859,-0.49854921630103066,0.16940690795671565,0.08880027990871847,-0.48166623152384963,2.9340577682553564,-0.6607014040181012,0.04043957430628675,-0.34043023475454687,-0.7367766030929351,-0.7257394316193226,0.7348069642162081,0.0,0.42879256965944273,0.0,0.07352941176470588,0.14396284829721362,0.0,0.31656346749226005,0.0,0.05572755417956656,0.0,0.04102167182662539,False
centrist_heterodox,streams,2026-09,1,19,-0.3871106093127697,-0.0170761625319464,0.4484843916442097,-0.2874096362957024,-0.5265197420684566,-0.284480708455058,-0.1496628347799344,0.3759552385114276,-1.5619820262993367,-0.1891606486642475,-0.6070892767386511,-0.7662969038470815,-0.5670355723551912,0.030430771401165,0.6700452895898,-0.2517753119534883,-0.9064094280038368,-0.2489262918793126,0.3288406228553768,0.3220058979250355,-1.497507148511536,0.0246591129289559,-0.1454574192313015,-0.4164869219817505,0.0,0.6842105263157895,0.0,0.0,0.3157894736842105,0.0,0.10526315789473684,0.0,0.0,0.0,0.0,True
centrist_heterodox,videos,2026-01,5,303,0.13634585974962662,0.21846725324155408,-0.34147572805642346,0.013257114731695552,0.7280196835465919,-0.2928653670955663,-0.8997495487044365,-0.1804010597052288,-0.516203651678725,-0.7665843833319972,-0.8058681540720919,0.24514945705943375,0.26578323177333074,0.4074978463654661,-0.2863065652448859,0.18032236791320239,0.6456490930891814,-0.4593733203437417,-0.6824082317985167,-0.14475719549671354,-0.3599206638050934,-0.6495587270028004,-0.7120834146183832,0.26351082893760147,0.012912394156165335,0.6517090780236086,0.007407407407407407,0.14043326763079603,0.011560693641618497,0.0,0.12043031470777135,0.026335643995600143,0.0372112594954931,0.0,0.10127972301582029,False
centrist_heterodox,videos,2026-02,7,429,0.6877332722263628,0.394113544430156,-0.36276730732778295,-0.2977322216358144,1.3289473276385577,0.03891386904090569,-0.7376697222228892,-0.0805851201779556,-0.44266049216987174,-0.664251722843546,-0.8211685304636118,0.9312409957392654,0.709304414997087,0.5836130730247172,-0.31718737551404896,-0.1249162773522096,1.2252758215201573,-0.005139340934534513,-0.5742096812149866,-0.2427783994760844,-0.26782259307709627,-0.5367172844351364,-0.7522740047215198,0.934353331754199,0.03358104581163975,0.5831057390273894,0.0,0.1807942136139879,0.012380000503934892,0.044642857142857144,0.12433441642818009,0.010154812998160638,0.026639235647036262,0.0,0.07702333466510516,False
centrist_heterodox,videos,2026-03,7,413,0.0823370848630767,0.14483078186204648,-0.4057569835072193,-0.041104333876461965,0.8492356472602299,-0.1934042103991568,-0.7895792866970529,-0.3127293481987989,-0.3829288814186434,-0.656178662624033,-0.891103043654865,0.5413697336148392,0.036225832288132524,0.2903858928630343,-0.2989319241569129,0.1285452626569383,0.7199185596210669,-0.19284202484265398,-0.5932622437267463,-0.3553568219232135,-0.23422960909510637,-0.46727601890612414,-0.7906842703158701,0.7570927028106441,0.018961305452413525,0.6221503097362976,0.0,0.18496142643103752,0.005714285714285714,0.011904761904761904,0.11809493177115807,0.0014285714285714286,0.05990872705671416,0.0,0.06799291809747154,False
centrist_heterodox,videos,2026-04,7,412,0.5427748935853671,0.554528972021515,-0.38020375336494777,0.16937545051016073,1.138795984606517,-0.2567176280036609,-0.9158913465183991,-0.29006058424413156,-0.16221921178486762,-0.47075605514027996,-0.5667731667520942,0.301059748958091,0.4495142531062647,0.7840622383091699,-0.3286998623902856,0.3870134766944071,1.0950662747362114,-0.40132205104924645,-0.7353211941044329,-0.4034649438737837,0.010802323596998214,-0.2663319399695854,-0.5920431719859434,0.6855711307739397,0.045385823616915406,0.5758028341974596,0.0006934812760055478,0.22766289150712044,0.008321775312066574,0.019047619047619046,0.14416200713636496,0.021675024005121092,0.021137309292649096,0.0006934812760055478,0.12368578693761832,False
centrist_heterodox,videos,2026-05,6,413,0.2816625680431548,0.6286252822383904,-0.39145375360881557,0.07562865702796007,0.5693068624100535,-0.3572134549078953,-0.862462745781816,-0.18225054480070055,-0.08217258005178517,-0.6112587262942539,-0.6910246092636534,0.34552726462113137,0.22213222582298475,0.8691081388257352,-0.37096470775734264,0.2735066859251767,0.47137257225625145,-0.37806859158426714,-0.7288697949972471,-0.3180732504856297,0.11544568025111435,-0.5644251567528076,-0.662281027105834,0.4473637630225704,0.06970311025390585,0.6804231713115992,0.0014814814814814814,0.16011221198109202,0.018686868686868686,0.005208333333333333,0.08901481924508241,0.004901960784313725,0.03314270152505447,0.007575757575757576,0.13450826969141824,False
centrist_heterodox,videos,2026-06,6,420,0.36585948753167025,0.5891080556006583,-0.30242008894269634,0.21493392851977144,1.25773774706271,-0.1427072684045105,-0.8251953036207476,-0.3780857877355541,-0.23288624541413774,-0.521926521376662,-0.8430707107627585,0.2027547162127027,0.27731121771885336,0.782253007098984,-0.32260347690086383,0.35812801875520384,1.1631960440787166,-0.25341248351606327,-0.6068086466944163,-0.4388928529122967,-0.10904866197934877,-0.4477272651211867,-0.8039870860483372,0.3309765483186126,0.06068183371622508,0.6861747105940984,0.0007278020378457059,0.24220778185669886,0.017014831425311776,0.006172839506172839,0.1068047451740341,0.009009009009009009,0.06630682910854108,0.006172839506172839,0.18900290085847016,False
centrist_heterodox,videos,2026-07,7,358,0.13195865882306362,0.3447497957372749,-0.375689880589563,0.13481273914118055,0.549856083027757,-0.031600455191811906,-0.5846979941224765,-0.008629393438241937,-0.3502591510042876,-0.5728851796888706,-1.1654021381467523,0.19604412643691932,0.19614564965962325,0.5564596185954898,-0.39375635210636106,0.36158875016535247,0.4848755090487084,-0.2626867228900143,-0.4823975214693376,-0.08750799146857793,-0.1659526804056985,-0.5156305030246758,-1.179682890533826,0.29699876201620956,0.06054712483283912,0.6528396675862114,0.0,0.1488196988196988,0.014913657770800628,0.0,0.07509421795136081,0.005393224287233504,0.03630860520261442,0.0,0.1225432700087078,False
centrist_heterodox,videos,2026-08,7,447,0.6323697530669585,0.5598422267863395,-0.3853646060655304,-0.2609091393254836,1.007976649276231,-0.11526158231162983,-0.9279800022591556,-0.26804034943937655,-0.5679760710920236,-0.3639853907166562,-0.9014017972388219,0.6058706304464041,0.5509345360228911,0.7093910160514857,-0.4097983633963705,-0.1895376405574567,0.9058271916972022,-0.09114188165801791,-0.8055743377037414,-0.36444140568718375,-0.3116770843584084,-0.31212822160357423,-0.8169261535391101,0.7108909149624874,0.028529075722953275,0.5606203123253432,0.0019305019305019305,0.19261038311346806,0.006413994169096209,0.00510204081632653,0.07860196202032936,0.0005830903790087465,0.04385432910705811,0.0,0.1193399781570166,False
centrist_heterodox,videos,2026-09,5,221,0.47051990392289794,0.6166628346740317,-0.4263661153722255,-0.078195010587128,0.586306330026514,0.2508409115309341,-0.8951919873149551,-0.2595842308097305,-0.46455159356306214,-0.6283551809031238,-1.0787749829164368,0.1999615868859505,0.48105323863966865,0.7760159164042563,-0.4229055324117789,0.050815483818402216,0.4877246793553137,0.2309760728190542,-0.6720269633087749,-0.25452822563859673,-0.39416452258339224,-0.4999055905487064,-1.017333845001039,0.35463296414870316,0.048467322151532675,0.6401060343165607,0.0,0.1460979371505687,0.010526315789473684,0.0,0.0954598033545402,0.007692307692307693,0.05167727009832272,0.0,0.15324850588008482,True
explainer_geopolitics,videos,2026-01,1,28,1.1077060045046114,-1.530704006093435,-0.5607622955029142,-0.0246259027653318,0.0353939396779214,-1.227828286659162,-0.5066862963667461,0.0945401953561214,-0.499952990880674,-1.0761755458395554,-0.9461367258386646,-0.3756051886853566,0.8724758258478058,-1.5508344547923307,-0.3284438329708346,-0.0723472954101638,-0.0242811831223085,-1.2940743144999751,0.1959492874290198,0.2550494086236673,-0.6783451569371709,-0.4779268171174757,-0.5675245259314826,0.4568319703917506,0.07142857142857142,0.25,0.0,0.10714285714285714,0.0,0.0,0.03571428571428571,0.0,0.0,0.0,0.03571428571428571,False
explainer_geopolitics,videos,2026-02,1,23,1.2127124823082596,-1.8343044708419,-0.6435670080503041,-0.2777269690926729,-0.1623053247311946,-1.1410441853142577,-1.4215124397843888,-0.5202049786971336,0.314212882423592,-0.9051889938491682,-0.6922871721103044,-0.2137523608832996,1.4302730016180336,-1.844610146911448,-0.4003902624012841,-0.2645786855126776,-0.1970475882518929,-1.2626097543138013,-0.7391381961532197,-0.3558165367120137,0.0947235557466907,-0.441764198548066,-0.271850450979532,0.5393423611719259,0.043478260869565216,0.13043478260869565,0.0,0.2608695652173913,0.0,0.0,0.13043478260869565,0.0,0.0,0.0,0.043478260869565216,False
explainer_geopolitics,videos,2026-03,1,27,0.8843068013073841,-1.9217074927786624,-0.6562319462181947,-0.2371492305853597,-0.3090259951850381,-1.1819165097708415,-1.355091917905492,-0.2089662200924657,-0.5070179578453096,-1.446556026445519,-1.0409196082262069,-0.7150402665867664,0.5646605160315672,-1.7614812007290703,-0.3871221869688966,-0.1963772526493859,-0.4271417374544339,-1.3376366986007826,-0.5911136567190266,0.0055801883825281,-0.7084869417747235,-0.8406249327462267,-0.8181955871565493,0.3628774055946963,0.0,0.4074074074074074,0.0,0.037037037037037035,0.0,0.0,0.07407407407407407,0.0,0.037037037037037035,0.0,0.037037037037037035,False
explainer_geopolitics,videos,2026-04,2,46,0.3846083261610589,-0.4710104197286715,-0.32053554165345316,-0.2943709440663539,1.4380927872666207,-0.04411505254794401,-0.9956695034370584,-0.2656548590383245,-0.24447497537999996,-0.8175945711853427,-1.2147357128623426,-0.17539070555107028,0.12474548089585541,-0.4187225104026556,0.0007889113554203075,-0.3520193156992816,1.3604790798356787,-0.06834430978211148,-0.2494222507054607,-0.07446868568718909,-0.6023314449835067,-0.17568836051714212,-0.8762297398051823,0.8060994737538467,0.06349206349206349,0.45436507936507936,0.0,0.3115079365079365,0.0,0.0,0.0,0.0,0.04563492063492063,0.0,0.1746031746031746,False
explainer_geopolitics,videos,2026-05,1,23,0.5825979856802386,-1.38148635413569,-0.4417760747791671,-0.477598974978362,-0.070077662938564,-0.7830192086305642,-0.9675148751120534,-0.7833043369116427,-0.5074921451719502,-1.0479555512204972,-1.26716770243689,-0.502413092409535,0.4697399734350189,-1.1588070428663722,-0.3229093675880085,-0.4143104351979491,0.0203964144300591,-1.2284272584322895,-0.4110566504437871,-0.7079141565373078,-0.6408081293879523,-0.6856000090260922,-1.1239704229987095,0.2705188805635865,0.0,0.5652173913043478,0.0,0.08695652173913043,0.0,0.0,0.0,0.0,0.0,0.0,0.043478260869565216,False
explainer_geopolitics,videos,2026-06,1,24,1.438236850183604,-1.2169579841977878,-0.3792397247695411,-0.2971204532220755,0.4085770596799358,-0.959759768500852,-1.499002376307945,-0.7377753362807634,-0.1886277087675582,-1.2786068938167852,-1.3819745362374718,0.2409201054620558,1.1121853435178437,-1.1368867237105724,-0.115281287381124,-0.33204504848636,0.2730892473750104,-1.194977073391517,-0.7360270233981329,-0.5419769079830035,-0.395399557946502,-0.6983758854139605,-1.1441047686673502,1.099733123568842,0.041666666666666664,0.3333333333333333,0.0,0.16666666666666666,0.0,0.0,0.08333333333333333,0.0,0.0,0.0,0.0,False
explainer_geopolitics,videos,2026-07,2,50,1.3525018766572416,-1.048462147845895,-0.3534032570725709,-0.3266782811619173,1.4662011624229287,-0.23026820808666298,-0.5809389965659844,-0.5601962987804551,-0.32308318798125707,-1.2004304744057457,-0.7791579937016146,-0.32077171211553446,1.161427191061517,-1.0438454735786111,-0.08368532790213355,-0.4027150730286983,1.3488199243574917,-0.3085334919230191,0.17290236674226167,-0.26825133268543616,-0.668586337033847,-0.44442947311069236,-0.3914821646199318,0.6094090977483526,0.08333333333333334,0.33333333333333337,0.0,0.3333333333333333,0.0,0.0,0.016666666666666666,0.0,0.0,0.0,0.125,False
explainer_geopolitics,videos,2026-08,2,70,0.6634766618819558,-0.6279016315925047,-0.3644330175863675,-0.48186325026636495,1.0640531376717703,-0.7166124059936871,-0.8003413803169543,-0.44650110623258177,-0.4421650037512717,-1.2375872045200156,-0.5476774793743031,0.040800256803436505,0.5577021770918829,-0.6322182266347396,-0.0792643551288079,-0.6033543616218375,1.1154865240052825,-0.71893898904401,-0.13744556824860374,-0.26214339569308565,-0.8358397230559476,-0.5395826188743704,-0.20432865560949598,0.707919582099925,0.024390243902439025,0.19386038687973087,0.0,0.3179142136248949,0.0,0.0,0.024390243902439025,0.0,0.017241379310344827,0.0,0.14213624894869636,False
explainer_geopolitics,videos,2026-09,2,34,0.6342867344396879,-0.6361548800298892,-0.3562808859840565,-0.0288927209956694,1.2915812478471176,-0.9185401982863083,-0.6987144992093376,-0.3915204741007686,0.10213079739864735,-0.6436913524074497,-0.9653047513592614,0.15506689980690888,0.6354346374183063,-0.5992710490416802,-0.08970705180359954,-0.132888273985791,1.299030228511939,-0.8665407595277805,0.03902774763401712,-0.20957530502266455,-0.35999783121044204,-0.004435979725423894,-0.5552424611150214,0.7541322193334087,0.0,0.45614035087719296,0.0,0.38245614035087716,0.0,0.0,0.0,0.0,0.03333333333333333,0.0,0.08596491228070174,True
humour_satire,streams,2026-08,1,20,0.8669630380325957,-1.3814499925776382,-0.5062344138715419,-0.1587251319735499,0.5912372258426691,-0.2718918160676894,-0.8404966231537918,-0.7846758220675625,0.2448724812692237,-0.9868156903282276,-0.6380588947493978,-0.6773793176556715,1.0490524383828532,-1.4755075862361955,-0.4818514246104152,-0.1941110712271593,0.3404576568147477,0.0822465599135293,-0.8264287102310129,-0.817406715150704,0.2724202234493167,-1.100525703601781,-0.6001045842749447,-1.0431707332926878,0.05,0.45,0.0,0.4,0.0,0.0,0.95,0.05,0.1,0.0,0.15,False
humour_satire,videos,2026-01,2,39,-0.024958116594178126,-0.4343075574245527,-0.32028340492020146,0.14677832792368425,0.7736877997442754,-0.433335475303438,-0.6827972489503313,-0.38309867124609104,-0.13672043241691323,-0.3363443978039083,-0.2959047944569089,0.5640439269340446,-0.01841671825774649,-0.416541489019856,-0.20213988977055516,0.13146673061295625,0.5906348810089211,-0.3550404192576751,-0.3669359590074988,-0.09834333180628141,-0.1388957026602577,-0.1232581912296089,-0.0884843589338078,0.5364657115881475,0.025,0.513157894736842,0.0,0.28157894736842104,0.0,0.0,0.025,0.025,0.0,0.0,0.05,False
humour_satire,videos,2026-02,3,75,0.026397525012977652,0.9887818281817156,-0.33888088618670736,-0.293388804225342,0.16754824815289196,0.3298457628056802,-0.8922359114036023,-0.4229411951861544,-0.27500010166420374,-0.6097365951761633,-0.9020907578828231,-0.16227572649322944,-0.08980021284260924,1.0577455927277994,-0.28686675895866404,-0.38206505680680775,-0.024270626599094736,0.57156146685141,-0.7469004130041478,-0.6101977906012742,-0.2635048018546284,-0.38098283840895336,-0.7200339713036321,-0.2811592353585321,0.030303030303030304,0.6093035619351409,0.0,0.1721424774056353,0.0,0.0,0.08421052631578947,0.022222222222222223,0.044444444444444446,0.0,0.030994152046783626,False
humour_satire,videos,2026-03,2,51,1.1293495542101795,-1.1956934086645892,-0.33094158406365387,-0.13176766192749667,0.15559377653270984,-0.4976352974892396,-1.2797381861850825,-0.5916378322524878,-0.5068120466173043,-0.8446110861172116,-0.225950682906513,-0.5744217723089639,0.8976591902534968,-1.1084666511281787,-0.09423449835684383,-0.10540815965873765,-0.033432443663983236,-0.27258687485520083,-1.0344565853781886,-0.579262449918816,-0.42563138176761284,-0.48041578907697297,-0.17474078891667055,-0.101073372101081,0.017241379310344827,0.5830721003134796,0.0,0.20532915360501566,0.0,0.0,0.2398119122257053,0.0,0.017241379310344827,0.0,0.0,False
humour_satire,videos,2026-04,4,95,0.229245907460853,-0.6791437861433227,-0.43333975270331226,-0.04793135791066204,0.12000061083306354,-0.3217256833844024,-0.8383627076826341,-0.4924777329875225,-0.5114748163765869,-0.703248197008453,-0.4062484009170702,-0.1491143513635479,0.2421289648920232,-0.7716404168460672,-0.2778601250198901,-0.0754677530565905,-0.03020268006369567,-0.3635964928117824,-0.5552575143867357,-0.27235879340821434,-0.5030946414983013,-0.4153812106415501,-0.26642162498773625,-0.011446506459550282,0.008333333333333333,0.5253132832080201,0.0,0.12714285714285714,0.008333333333333333,0.25,0.17973684210526317,0.03822055137844611,0.045300751879699244,0.0,0.020238095238095236,False
humour_satire,videos,2026-05,2,54,0.981017906517356,-0.39043423091608626,0.12482398962152375,0.15142189349695126,0.8481900408241838,-0.7034348360432149,-0.8766800139743831,-0.7850984355394477,0.38424696326448243,0.04778368719659365,-0.7135664228929992,0.7096829137814294,0.9266521484475854,-0.2643086490543884,0.059940843116539605,0.1760486828319768,0.7861659884270773,-0.59536676953789,-0.7315989443994929,-0.8179134818474678,0.5421652179717931,0.13732573063315015,-0.5995612765097221,0.7569471809276078,0.0,0.31837307152875177,0.016129032258064516,0.3239831697054698,0.0,0.016129032258064516,0.1458625525946704,0.0,0.0,0.0,0.10799438990182328,False
humour_satire,videos,2026-06,2,66,0.7016979427314708,0.0749968141621065,-0.09545655667264236,0.352964735141567,0.40620461287835163,0.05938027530428096,-0.7858998220831925,-0.11134438126472285,0.167807912929842,-0.3355581212801675,-0.03456288373301403,-0.21664462103713,0.3894653552315849,0.0841337065665961,-0.14873003499672038,0.3332131652662944,0.19802455585909004,0.0802823339357589,-0.6150503100427331,-0.21334204637524107,0.25502025688731167,-0.2775170886978128,0.12428932904031786,-0.24665623770052758,0.056818181818181816,0.6818181818181819,0.011363636363636364,0.14772727272727273,0.0,0.0,0.2727272727272727,0.0,0.07954545454545454,0.0,0.06818181818181818,False
humour_satire,videos,2026-07,4,95,0.4376691245631604,-0.18277885319329545,-0.4306109231042052,-0.2772550452190835,0.02257501063351612,-0.23445995618197796,-0.8319535366839474,-0.47115981567831156,-0.49658595916046583,-0.4529295407999606,-0.7678903715328677,-0.4578564260767933,0.48761437335792024,-0.1693391308195549,-0.3582378245578062,-0.2887781816984517,-0.14977842481221554,0.10467758151036599,-0.7300679225575502,-0.47226218307329254,-0.3578339613616625,-0.2782417353115917,-0.5543195157516636,-0.4530673360526244,0.020645645645645645,0.5432732732732732,0.0,0.14867867867867868,0.0,0.0,0.12665165165165165,0.03333333333333333,0.08731231231231232,0.0,0.07073573573573574,False
humour_satire,videos,2026-08,3,79,-0.052593693382896024,-0.40328119659167777,-0.5265485395412385,-0.39695409145388066,0.6647798517963733,0.11927735985179255,-0.8252273824410793,-0.303628910976311,-0.4160073679886744,-0.40242980400605194,-0.666845764403607,0.2424392800480251,-0.14628216639834793,-0.3619127038025011,-0.45283352254113124,-0.3945600851381535,0.48068548119932314,0.6008119350258924,-0.7390766182960361,-0.479618775598551,-0.22747551252177367,-0.24042264170852723,-0.5934543270627961,0.17015455272561783,0.056078431372549024,0.6186274509803922,0.0,0.2147058823529412,0.0,0.0,0.07607843137254904,0.016666666666666666,0.09666666666666666,0.0,0.09627450980392156,False
humour_satire,videos,2026-09,1,19,0.8769084947610176,0.0891756842102769,-0.8789964677441219,0.0653440006845889,1.6015950763528792,0.2075653241493663,-0.6775076300473558,-0.7500546222700323,-0.5911240881684553,-0.7232389530442106,-0.0176700670535437,0.4514574052890168,0.9574569870662633,-0.0401489674929755,-0.842810270997788,-0.0311051786629913,1.4345192968798564,0.4059355607601075,-0.6144599867128802,-0.5138730066034962,-0.5759710396379917,-0.5153965456513306,0.014668157995654,0.3803764105591935,0.05263157894736842,0.42105263157894735,0.0,0.3157894736842105,0.0,0.0,0.2631578947368421,0.0,0.0,0.0,0.15789473684210525,True
independent_digital_news,streams,2026-01,3,68,-0.23311145675713432,-0.5343344095233329,0.6528494067019569,0.007531475598758867,-0.5535204630108249,0.4086267895814848,0.3264769583737221,0.6410065484568949,0.7567510365221585,-0.3185279578321169,0.3343005565797827,0.1936529052625129,-0.6280721230393589,-0.5079078221994403,0.748584363415095,-0.06029794402967078,-0.8680112275592293,0.16074987171124203,0.949773534338164,0.6937444276488103,0.5340177619250203,0.14111610880897396,0.7083191231944314,0.2902130979883241,0.020833333333333332,0.6864114114114114,0.0,0.04024024024024024,0.35476726726726726,0.02702702702702703,0.0728978978978979,0.0,0.1033033033033033,0.0,0.009009009009009009,False
independent_digital_news,streams,2026-02,4,139,-0.6056202544304133,0.13468236079349993,0.34663253666834715,-0.08060971542301562,-0.466852560880604,0.11770562343603934,0.4673634493423217,0.11282386661533307,-0.25444751783957603,-0.46229905051591647,0.03057015393804327,0.27054380986959053,-0.9793397637880902,0.1738006005638648,0.44425629298200225,-0.15484707614715065,-0.7628873154491689,0.15242731952584954,0.9552915941645663,0.048880252068860056,-0.3972130815295565,-0.020246957323551435,0.383508779951649,0.37409168479026095,0.013888888888888888,0.8376388888888888,0.0,0.05555555555555555,0.3472222222222222,0.003472222222222222,0.044305555555555556,0.010416666666666666,0.09986111111111111,0.0,0.013888888888888888,False
independent_digital_news,streams,2026-03,3,106,-0.0947804806664352,-0.5619024334574096,-0.15610180354164374,-0.29629598145077646,-0.696657477899345,0.4438385351097691,0.3861394796101351,0.5311475749881698,-0.8068247016138428,-0.1858127065364021,0.615668900400456,-0.18502790861631876,-0.41289713213493506,-0.4979419610586245,-0.12749091936063653,-0.3098278256563402,-0.918457214389492,0.5605862602300474,0.9739955535596229,0.606504966318696,-1.048737927865262,0.3253101606473477,0.8655798189670224,0.31101141418305844,0.0,0.7223772249347696,0.0,0.06892453951277482,0.09784546229559017,0.005050505050505051,0.06885995504921337,0.014492753623188406,0.06938954765041722,0.0,0.010101010101010102,False
independent_digital_news,streams,2026-04,5,166,-0.1009856254551095,-0.8801586161392179,-0.04078336482605115,-0.2104909955603933,-0.5546506519952186,-0.0005529271166159644,0.173702114651242,-0.19825350436170358,-0.051162009105725416,0.028635746182480014,0.5784293593989436,-0.4461264682157731,-0.3060546296700559,-0.9515916093662057,0.06150807030506532,-0.18705550428274229,-0.816497959231538,-0.10567830204447252,0.6667873903386764,-0.09260191128421344,-0.14815179238714962,0.4374617030433118,0.829386631669364,-0.04570500725520717,0.05636363636363637,0.6890534559073884,0.0,0.04688771388705295,0.2312764125057582,0.04994892747701736,0.08201072189175296,0.03176470588235294,0.0999882499816406,0.0,0.03534999699573395,False
independent_digital_news,streams,2026-05,5,160,-0.6027848159009499,-0.8106377766040371,0.1979040414984678,-0.16098482216085364,-0.5085940249133057,0.015215219845330497,0.0981941254806596,-0.08558763722890739,-0.5051083357982412,-0.18935359336451013,0.08870237797710565,0.27578112514457737,-0.7931826564760069,-0.9097446079646427,0.28372089837691056,-0.18989861886912515,-0.71160432323961,-0.1057018936702375,0.6016179770244339,0.1266411354452853,-0.6306089809683758,0.16714601530265397,0.3874687587820402,0.5813583708799246,0.025535353535353533,0.5870671936758893,0.0,0.06781554677206851,0.2306174791392183,0.0,0.10591655687307862,0.0,0.06535090030742205,0.0,0.002666666666666667,False
independent_digital_news,streams,2026-06,4,142,-0.48938866241735296,-0.8210442293502764,0.38541730197699736,-0.18949414279815757,-0.5302831432295914,-0.03356342211714791,0.48009645812749163,0.15262840613966566,-0.3278094998685651,-0.15232178030151008,0.5041567139475096,-0.5794763715175899,-0.7331224246783519,-0.8027947443514735,0.42495959092811186,-0.21853058603899386,-0.7676912328428683,-0.17793751629371327,0.9180665150376479,0.16491870153898916,-0.4917967633675844,0.27949940533595,0.8802855962525006,-0.4450407802275313,0.025,0.6566964285714286,0.0,0.028125,0.265625,0.0,0.1464285714285714,0.0,0.12395833333333334,0.0,0.015625,False
independent_digital_news,streams,2026-07,3,105,0.0006341269058656035,-0.9389365662725836,-0.13201989943746484,-0.21923490210008634,-0.7338032102022815,0.04563841237788616,0.47807032482612705,-0.14872786129619794,-1.2486297205907075,-0.004020030653176188,1.2059670157165827,-0.38550783785069354,0.06217156414194988,-0.9804224037168238,-0.13767662185493487,-0.2202663309694455,-0.8948303078722734,-0.0003577205876663196,0.9278552412954207,-0.03202449335455773,-1.4041377518707172,0.30680148743917374,1.5711410461972584,-0.09715296233010608,0.005291005291005291,0.42328042328042326,0.0,0.1111111111111111,0.05291005291005291,0.005291005291005291,0.06878306878306878,0.021164021164021163,0.06349206349206349,0.0,0.031746031746031744,False
independent_digital_news,streams,2026-08,4,148,-0.47039525009989147,-0.7156799802201348,0.1919995815708432,-0.03756413486099419,-0.47790176585073174,-0.021225409445100096,0.32140944249892667,0.25095358811177454,-0.0865997602097689,-0.2843827325124932,0.3391632353184533,0.2270050958874952,-0.6185451309239565,-0.72176783587151,0.2446367975174606,-0.09746090805439525,-0.7002493839711247,0.03828688996246721,0.7273503298629466,0.304229749771937,-0.23273521288924034,0.029198014840707963,0.6541541631596395,0.31758773046564,0.0367063492063492,0.6307110682110681,0.0,0.05577005577005577,0.25954525954525953,0.0033783783783783786,0.0518018018018018,0.008928571428571428,0.04308773058773059,0.0,0.017267267267267267,False
independent_digital_news,streams,2026-09,3,66,0.2048288801979167,-1.0841216759513512,0.20480406389339723,-0.29083678033294913,-0.438485128308799,0.7834774857055304,-0.026637856650807906,1.5225411130354465,-0.502265791258071,0.05162771620519021,0.43018247957110306,-0.2226476505841916,0.23972947646098866,-0.9121365460863057,0.19924506267334086,-0.2778047927379727,-0.48765873119992503,0.6395769632574888,0.4623484802055338,2.0329579779627496,-0.7645828774948363,0.45064975832193754,0.6892804818485635,-0.03882800417549803,0.0,0.5124338624338625,0.0,0.0656084656084656,0.12566137566137567,0.0,0.16164021164021164,0.03333333333333333,0.10423280423280423,0.0,0.0,True
independent_digital_news,videos,2026-01,12,697,-0.14650749811654246,-0.11139020053459918,-0.32467828360130324,-0.17433896594000017,0.04415630563258984,0.22461884291671255,-0.4356226524930431,-0.0016642231981310307,-0.15570315244744337,0.5672025641755081,-0.1741820121384886,0.1299933466509581,-0.1893593555625194,-0.15680960329192684,-0.22962937219473334,-0.22677175896810628,-0.09400843844207916,0.24573662099855095,0.0558690614859362,0.04972777708578074,-0.25388883362677805,0.9940872562260304,0.08568709791590308,0.46115764903485745,0.02853544101740549,0.6284792870852558,0.0010683760683760683,0.12428826631126777,0.011831526838711776,0.05687830687830688,0.06829998646454248,0.02237638655793374,0.06852460330896065,0.0,0.06570725435110797,False
independent_digital_news,videos,2026-02,13,915,-0.12001845470427132,-0.18730379720731885,-0.19010000213963815,-0.0785195589752537,0.214087263978466,0.000925468275989274,-0.2993634740623153,-0.06379249904928007,-0.15381503457768353,0.9126617015043071,-0.041464204340719006,-0.1679021828078673,-0.25917041659905926,-0.17485698814579922,-0.08109787226864927,-0.1397147725964518,0.07539371064603102,0.004834783407058832,0.16700875956045197,-0.13747385325847233,-0.25682974908725764,1.314750617976709,0.19102013364517167,0.07736325171071427,0.019994241957913956,0.6662025866484824,0.0,0.13700063378343458,0.02358147109941997,0.016317016317016316,0.0757984570849001,0.021390985668199688,0.07481079537013532,0.0016025641025641025,0.061050564090087474,False
independent_digital_news,videos,2026-03,13,835,-0.2526348839225156,0.01279775713012555,-0.2844019825932855,-0.19866258726628122,0.14161355929839312,-0.16240612894819945,-0.41422984685216757,-0.07299874001758831,-0.2248446603390123,0.7160420860545582,-0.2645866857799943,-0.06650127963725813,-0.39125077054110236,0.006523968612181301,-0.21459932975760704,-0.24175959798008198,0.03232148001515596,-0.1274651411993645,0.05516684303196243,-0.09806537797683279,-0.32213007871851995,1.1737792957135442,-0.06828742643890319,0.3915054597147186,0.031187277342858595,0.6497604374982934,0.0003594536304816678,0.1513845175368192,0.022001238696141567,0.03050397877984085,0.08583549226154126,0.01645678692687593,0.05749469241053806,0.0003594536304816678,0.07113850743019898,False
independent_digital_news,videos,2026-04,13,816,-0.21550062389349123,0.1324884174469939,-0.28261358383109814,-0.08378240173212181,0.14522045548134405,-0.17879277339972705,-0.4564915008396581,-0.09542779020294523,-0.11402417353307638,0.6506445826919656,-0.3127064004849482,0.37437290087099584,-0.4617223485874656,0.1974838581568121,-0.22508584874703208,-0.06119308915733701,0.055406043120107884,-0.29939088660103697,0.015810745421707146,-0.10968419247388955,-0.1998108100875789,1.121229070989783,-0.21420897326308214,1.0030807564364135,0.023657066559401713,0.6812858138443529,0.0005162622612287042,0.13885694762453268,0.01151285273604999,0.022679448211363105,0.09210035133123887,0.009648112186645932,0.09981938775280828,0.0,0.03803608103505974,False
independent_digital_news,videos,2026-05,14,817,-0.17426058963427712,-0.01929852388003765,-0.2061708245062887,0.012332244769606229,0.16229871132701068,-0.12530278773360246,-0.4638832438254746,-0.11171069072770042,-0.1952772697309007,0.32261306991081756,-0.17661668754257706,-0.26485525270954574,-0.26835191254580276,0.024740631882737476,-0.1555539664622633,-0.016807679223304253,0.08928171357462593,-0.26064931998894175,0.029906761051017267,-0.08849855948257665,-0.3030666137760775,0.7001776037168428,-0.031183368675191142,0.14250117936918424,0.04568537937476673,0.5801024009370778,0.0010783053109588371,0.17507181204901867,0.020552023643384074,0.01726844583987441,0.08442133115332602,0.003021361216242222,0.07032952930944376,0.0,0.06802071543872261,False
independent_digital_news,videos,2026-06,13,749,0.02077701444164992,-0.001330404939368684,-0.16738430698162332,-0.1687420451338163,0.2522341719304527,-0.014764624575662974,-0.4616360992945549,-0.22033642346717605,-0.21959240735626478,0.36061410808764194,-0.03927155723642044,-0.2736137638809139,-0.16464087702246422,0.028006005740207698,-0.1277235898059603,-0.23892156217354277,0.1395218359790032,-0.08253293685651353,0.06693986161238515,-0.22221531066776107,-0.36022653194709187,0.7802385831154055,0.11853908822943365,0.17816620425460516,0.03358746701853109,0.6433069300060689,0.0005494505494505495,0.14617021572689526,0.018825095999009042,0.017094017094017092,0.08881032726187907,0.014931414816448262,0.08401125434702425,0.0,0.09718465493098659,False
independent_digital_news,videos,2026-07,13,713,-0.024463988968514667,-0.0598767396582131,-0.24923139944769598,-0.03935623028715395,0.4865849871755972,-0.2207361619983115,-0.35897087205600964,-0.11346248615124388,-0.06756537721578443,0.2086372328782541,-0.14711796786561562,-0.16239352167417034,-0.10855801886251347,-0.03568783587400035,-0.18500095438110253,-0.10932517989370359,0.3812639785948588,-0.2541505037503389,0.15931519989266743,-0.09195770519484645,-0.15847767580992775,0.6203562903649971,0.04137790364035298,0.29397178697858767,0.03720848179116645,0.5995231838058904,0.0,0.18003997840574737,0.015802618959961094,0.0294482468639772,0.10101906013544856,0.01246372890407068,0.062893921243481,0.0,0.06258818488917271,False
independent_digital_news,videos,2026-08,13,935,-0.21430266347392996,-0.07381113412569064,-0.20799148800835898,-0.11371947735901539,0.3307741419780111,-0.025385790485869343,-0.6170158784195594,0.20103421971759683,-0.3445373621931144,0.4518073769490361,-0.5507992294683948,-0.027043491568617937,-0.1580386795739395,-0.07692515049504346,-0.17748832277981583,-0.17487410102618028,0.28149946974330853,-0.05583707867254736,-0.23536445354662888,0.17239046508649736,-0.3921775862045941,0.7581380124285432,-0.32035116315151924,0.27638670823143785,0.031274227375427656,0.5618969439024155,0.000999000999000999,0.16245228551687507,0.025838356998563017,0.039402203188967894,0.07313070358398223,0.004887850112703124,0.06256401277130717,0.002564102564102564,0.08654064369445218,False
independent_digital_news,videos,2026-09,9,436,-0.3485534726711672,-0.24216046882918352,-0.17318609124031578,-0.12713280887781492,-0.08498932623315941,0.011728974334588502,-0.4670546365516199,-0.02211463621376721,-0.22519856961636553,0.3821862294210762,-0.4067542078913314,-0.09623341508470704,-0.2845450015862761,-0.1938708545197162,-0.16596308522645398,-0.20525415471073222,-0.11856204597937021,-0.0974529678918114,-0.026528876070191203,0.09555826874525446,-0.29111680218805625,0.7037945026211779,-0.20882949145894197,0.18622668321254213,0.02689209725426747,0.6403706937254823,0.0,0.12945813444839321,0.022615891319141695,0.02985820922175792,0.07572778726138811,0.02099961718824768,0.08817071156741685,0.001949317738791423,0.04889236090583791,True
interview_podcast,streams,2026-01,1,74,0.2828926887179479,-1.1776287956913971,0.05467066104354,-0.5791032586905122,-0.2968390622452294,1.6739346820142824,-1.2607042651175664,-0.0877721402217627,0.0036292088912255,-1.1309950382152143,-0.6904141332045748,0.143562534107292,0.2012697805344238,-1.280083829547342,0.2518257794700844,-0.5900018017752904,-0.3191705692158656,1.773602754484592,-0.9215872845472411,0.0444969041072939,-0.0361295656802657,-0.6042825885406149,-0.4104592686298212,0.77628212086999,0.013513513513513514,0.3783783783783784,0.0,0.22972972972972974,0.02702702702702703,0.0,0.0945945945945946,0.0,0.013513513513513514,0.0,0.05405405405405406,False
interview_podcast,streams,2026-02,1,88,1.031826370135596,-1.086157647619015,0.2356529995875848,-0.3132431730725283,-0.3251550430949225,1.7167095975062496,-0.8229715024477057,-0.1585799820094567,-0.3448000348117966,-1.4640176612540408,-0.0292460217544356,-0.2378973639778943,0.6794149323029322,-1.0801483387855926,0.4191428341539544,-0.3120296412176805,-0.3448509300380863,1.7421919211561676,-0.4578009469506678,-0.1220939151689484,-0.4083131500255945,-0.8695672771092208,0.1782228156391135,0.5290951511288875,0.0,0.2840909090909091,0.0,0.3068181818181818,0.0,0.0,0.07954545454545454,0.0,0.03409090909090909,0.0,0.07954545454545454,False
interview_podcast,streams,2026-03,1,84,0.3814486684171545,-0.3640562349136467,0.1338786103400734,-0.4260384300730543,-0.2066298659854398,1.6110713782097066,-1.107105104049768,-0.1809139776462999,-0.4797150733345065,-1.281949759601217,-0.2439277363498631,0.4060496278645136,-0.0661187713055325,-0.350960121053409,0.3146779457485332,-0.3827224924750243,-0.2390643205991465,1.6558382511426155,-0.7902786023141544,-0.1235733947829102,-0.5170353216942952,-0.6956995023709138,-0.0997887322543646,1.2499791089018877,0.011904761904761904,0.42857142857142855,0.0,0.32142857142857145,0.023809523809523808,0.0,0.10714285714285714,0.0,0.03571428571428571,0.0,0.08333333333333333,False
interview_podcast,streams,2026-04,1,91,0.411670515541268,-0.3588443376398088,0.0048405375285263,-0.5083310131012784,-0.058721669672992,1.5168727224846104,-1.3291614240401768,-0.313090483526915,-0.2459227694937552,-1.1850919000402786,-0.4913381623632362,1.2026691521049455,-0.0012311405233266,-0.3865994460056349,0.1657349022126297,-0.4621717406859331,-0.0678654874487052,1.5540584251254548,-1.069831684356548,-0.3097845451538644,-0.2312453132671152,-0.7039241580995051,-0.4061186471744216,1.8898360128946865,0.0,0.42857142857142855,0.0,0.3956043956043956,0.0,0.0,0.07692307692307693,0.0,0.02197802197802198,0.0,0.15384615384615385,False
interview_podcast,streams,2026-05,1,87,0.1722426202941328,-0.4037103852620993,0.1530695667511135,-0.4472528773686232,-0.2419012269543143,1.7073519877029073,-0.8864338215928075,-0.2775354759247264,-0.3257084434967124,-1.319863923333294,-0.7664095764518115,0.645187758861455,-0.1371598254925046,-0.3612358410244495,0.353236064604266,-0.3607096138999391,-0.2169475592530301,1.7625698776546566,-0.6109238141670023,-0.2218116996872511,-0.3570763128797583,-0.8016315871428374,-0.608577961320968,1.4121858553884636,0.011494252873563218,0.4482758620689655,0.0,0.26436781609195403,0.034482758620689655,0.0,0.10344827586206896,0.0,0.022988505747126436,0.0,0.09195402298850575,False
interview_podcast,streams,2026-06,1,81,0.8979508124992374,-0.5312138010325448,0.0008497483121178,-0.4147407788940127,-0.2130610402579566,1.5957678877037758,-1.0734269177447626,-0.2238899825229679,-0.2700324586110651,-1.4887803918340898,-0.3084023881789499,1.1222973066819824,0.5530243337385639,-0.5521255073202926,0.1658406078638777,-0.4242425122334908,-0.2062654876740675,1.6430978390484816,-0.7468580272898517,-0.1408137979804202,-0.3318916661694784,-0.8855285548884334,-0.1444164614310643,1.9109434397522824,0.0,0.4691358024691358,0.0,0.24691358024691357,0.0,0.0,0.09876543209876543,0.0,0.012345679012345678,0.0,0.1111111111111111,False
interview_podcast,streams,2026-07,1,53,0.7129214925658984,-0.7337045136640675,0.0843579491998789,-0.3684361345452087,-0.2875485732728651,1.7333512491394345,-1.0086370169959302,-0.4012060457484685,-0.0597168713898845,-1.504358309089333,-1.0376656762280816,0.6980584921862591,0.2647648227700107,-0.7690591760341893,0.21993844728317,-0.4356727662400386,-0.2923693665810686,1.686177797213706,-0.5448146071364522,-0.3108722781501665,-0.1940279661623055,-0.8320939621106582,-0.8599810617259932,1.5607879292679838,0.018867924528301886,0.5849056603773585,0.0,0.32075471698113206,0.018867924528301886,0.0,0.09433962264150944,0.0,0.018867924528301886,0.0,0.07547169811320754,False
interview_podcast,streams,2026-08,1,103,0.3546753266697559,-0.5628380314572606,0.1048249177438403,-0.2927198660531375,-0.2037979994000153,1.8640884340669857,-0.7154706218243256,-0.10677589304138,-0.1016644209645267,-1.3226718728194695,-0.84244133415902,0.8613896539356795,-0.0180882152467998,-0.6260288968649041,0.3273589491430375,-0.270959359583992,-0.2407507788431767,1.9913424341662052,-0.4737272419657302,0.0576372949835949,-0.0793779126858436,-0.7686131107764858,-0.6607370534392599,1.5707115828402318,0.009708737864077669,0.49514563106796117,0.0,0.2621359223300971,0.06796116504854369,0.0,0.06796116504854369,0.0,0.02912621359223301,0.0,0.04854368932038835,False
interview_podcast,streams,2026-09,1,36,0.1836830606968455,-0.496304037166628,0.2180843985923963,-0.446224668992821,0.0471645676000732,2.249843459217698,-1.2841696013233248,0.2427151124367622,-0.0278938805453753,-1.1667842815531857,-0.9158999262756582,0.4604840056470941,-0.222827022277431,-0.4749912710429909,0.4283714190264258,-0.4396656927233691,-0.0406225897523758,2.353096830062785,-0.8564055990913433,0.4969358723175343,-0.0975579302963786,-0.4893216951378672,-0.7498233814977565,1.2571369568432185,0.0,0.3055555555555556,0.0,0.25,0.027777777777777776,0.0,0.16666666666666666,0.0,0.0,0.0,0.1111111111111111,True
interview_podcast,videos,2026-01,6,168,0.2741166737981043,-0.6004978645113566,-0.37318639730798137,-0.3439562427969843,0.9488477569009888,0.5085847508038941,-0.4768181744099615,-0.0394000554543106,-0.39240215361240854,-0.6155731457552088,-0.4966526921911611,-0.3551771295609651,0.588191941238765,-0.6810535962368699,-0.3717301366235388,-0.3794987030001227,0.9496242162783903,0.7901918358511287,-0.37238957547785884,0.12273327312794731,-0.3893673924553427,-0.38730704064087657,-0.3860550450190298,-0.39812829923335485,0.0,0.3918170537826205,0.013333333333333334,0.19278885772429533,0.013868962219033956,0.0040650406504065045,0.13737341358575217,0.03761465913546258,0.06295606941231045,0.0,0.17815519967600313,False
interview_podcast,videos,2026-02,10,268,0.14664136120487464,-0.481413225395334,-0.22520342970176527,-0.017590632230532526,0.725069127698428,-0.0632240113367781,-0.8328664355355787,-0.32611891963292705,-0.31036708750938147,0.3533629316331454,-0.3946608593039346,0.11700442984056494,0.37377111264502105,-0.6589173425210617,-0.3055500946379238,-0.06781806349133943,0.6761476893730108,0.1561629077472682,-0.7673374836898949,-0.4049160042369797,-0.282185370981457,0.53031271484805,-0.47885540044470865,0.10541762443745126,0.010620553359683794,0.41652550134539634,0.004,0.19575831813898847,0.0022727272727272726,0.1440909090909091,0.11903428143325842,0.021316205533596838,0.07990002325040688,0.0,0.08307246784713469,False
interview_podcast,videos,2026-03,9,251,0.03984558363397306,-0.4357150051850579,-0.26615283132823475,-0.10780172535055149,0.5663565824218026,0.0496226763824786,-0.6499284314673037,-0.2619716360926321,-0.3683271478810189,0.3164501835968634,-0.4863470732169378,-0.2308848906951541,0.2849019990626268,-0.672661168219611,-0.34373421304621676,-0.19495465411732982,0.5330804906383673,0.337814707546622,-0.6028957227680795,-0.3220916051383168,-0.38282804738121573,0.5074712403892574,-0.6035039262554134,-0.2350656366920818,0.007365319865319865,0.48427063427063427,0.0,0.18543126459793127,0.0024691358024691358,0.11851851851851852,0.1383603300269967,0.015039281705948374,0.13239337822671157,0.0023148148148148147,0.08252191585524919,False
interview_podcast,videos,2026-04,13,348,-0.23474594353130732,-0.44532302781574123,-0.25910178660983124,-0.15854736538369074,0.2603639917408214,0.13058425052751516,-0.8160111025969693,-0.36272027396350026,-0.6224861972181999,0.1854243358538925,-0.39023617880301714,0.04934847437077421,-0.11301147425695487,-0.5872225637294278,-0.31259846399756175,-0.2017791727960521,0.22896653181325602,0.26378991032989385,-0.6894831236471457,-0.3271777927842523,-0.6310042418908066,0.36931536183547453,-0.48337161974146087,0.2149159063837611,0.01252361673414305,0.4572457258811153,0.0014792899408284025,0.11586561304589406,0.004807692307692308,0.11127547666009205,0.15404488257369897,0.026499013806706113,0.09949476953942303,0.0,0.09459634263754292,False
interview_podcast,videos,2026-05,11,344,-0.15948297817009122,-0.4290955857842336,-0.2555171678224248,-0.15771528529594095,0.5098781983889977,0.25264151205885654,-0.6300612778740284,-0.17910467875591857,-0.6190170764939921,0.21460682562594383,-0.5624940256939496,-0.29148531974729264,0.031166909702336862,-0.6346118568916149,-0.34336312154011084,-0.2154842675243297,0.46199744940593473,0.4558908417351644,-0.5836189234530921,-0.1354511974824834,-0.6166187133983766,0.3529075497334644,-0.6636828959726252,-0.3321606930445622,0.017223752239016826,0.4883527452776794,0.003367003367003367,0.1491693044475589,0.005460858585858586,0.09191919191919191,0.13763130777208119,0.016722042468311125,0.13451218722938332,0.0,0.10283380300515547,False
interview_podcast,videos,2026-06,11,344,0.0047315792352524,-0.4627655640490961,-0.30389904329153683,-0.17173559560981805,0.4834527974956075,0.10131455841932292,-0.828729201266265,-0.36130207813591403,-0.5317519836593975,0.4111967206261982,-0.35691602632453023,-0.08026837792300771,0.2543229883866276,-0.685541458167017,-0.370165215270089,-0.2859992503009964,0.47289316503484125,0.32044440422657544,-0.7347204756603449,-0.2836013702086078,-0.5962994702606944,0.568164543099841,-0.42985717538464957,-0.10212785279496933,0.011508126576619726,0.4328543461247765,0.00629583506295835,0.15177810615383105,0.004662004662004662,0.10256410256410256,0.10622684247962452,0.004662004662004662,0.07797280860194249,0.0,0.08610350344026405,False
interview_podcast,videos,2026-07,10,397,0.12556056234520044,-0.3559769029570012,-0.31133917615900775,-0.18698671995556065,0.39624797377867316,0.5538721172365451,-0.7369936955826111,-0.18412410438772875,-0.6449955119200974,0.19506024516406245,-0.08352604781640269,-0.15712457762609452,0.2362280953459277,-0.4618944069257873,-0.3262234210743024,-0.24212135730925435,0.3314464211122291,0.7784331855861965,-0.6380525652708442,-0.07758088631696762,-0.5774052250718038,0.47264767792326295,-0.002647237183334078,-0.10250419003821372,0.009297938071583165,0.4441220138859693,0.0,0.12337201183333815,0.01134007996001999,0.006818181818181818,0.1491611150968811,0.024244871583347084,0.108390331188371,0.0,0.1019949921788493,False
interview_podcast,videos,2026-08,14,625,-0.14695839578897527,-0.3654772020423466,-0.26452571169386074,-0.19061953579917998,0.2915501878662264,0.28807451665397826,-0.7894617460005788,-0.1387569750666438,-0.4377585145154926,0.00555220605942537,-0.32284298941259343,-0.32026419373831877,0.07455184668797754,-0.5306379966750331,-0.3177683266332831,-0.27524681871543616,0.3035957716658853,0.43919163781832304,-0.671135128330546,-0.06776074906293654,-0.4259998906672112,0.19473450800836806,-0.3604500695490652,-0.2799285435396122,0.015224430332391748,0.46519187484348584,0.003401360544217687,0.12318694170630692,0.0012315270935960591,0.07881773399014778,0.12882777137618656,0.0194775875339697,0.136204926686901,0.0,0.10258463976521921,False
interview_podcast,videos,2026-09,6,209,-0.14772579278433334,0.36663743925685943,-0.27013199833927376,-0.12702845883907726,0.9237051970125303,0.19784346686193702,-1.1427079031248866,-0.2532323043250751,-0.12994315592226507,-0.396179363293175,-0.3643203006338598,-0.08624507256124647,-0.07252096743142415,0.36346473646515637,-0.26246257753269125,-0.16029065751338337,0.8853867939775856,0.2926817625731712,-0.943239570160186,0.02980597296979153,-0.1457687902601188,-0.09329500832692277,-0.22862080935807483,-0.0339828557606708,0.019417989417989417,0.5394438815715411,0.0,0.21538481744155502,0.0,0.018518518518518517,0.10817028781567789,0.0,0.07376111673984014,0.0,0.21591166647904236,True
left_commentary,streams,2026-01,8,268,-0.07452531451509051,-0.25821733847820594,-0.02461665860230115,-0.19243010787402592,-0.29251320361885774,0.6297602008423999,-0.10814074565322432,0.22379785469297633,-0.2019419680354315,-0.3639841780481621,0.2666684744453547,-0.5604750813288812,-0.36026509566644893,-0.3619110287733501,0.24752016582657002,-0.26329416542126083,-0.6260879317672912,0.7841948933098559,0.19859245124418512,0.3329526586051103,-0.03149098372116861,-0.1940466074614925,0.3909359981822899,-0.5210430795744687,0.0,0.7685041306519532,0.0,0.07974697061117014,0.12922600857214245,0.10561577838000602,0.16531759788954695,0.049134058077958356,0.07730227029980533,0.00900116144018583,0.007495590828924162,False
left_commentary,streams,2026-02,11,349,-0.07050654127073304,-0.7612746791624335,0.0026528438672649575,-0.18694937668035838,-0.14831445642012905,0.5324950624416396,-0.308974290658565,0.008855335137273185,-0.2856323459018511,-0.5456694686528604,-0.09928307122676104,-0.2644210764637903,-0.37596725905042255,-0.8359107916495212,0.17870621477059867,-0.21736423284497353,-0.476829228643885,0.7029557869414291,-0.07098551304407787,0.051047613900706335,-0.15810493698767625,-0.35201035407364545,0.018390473131711736,-0.21378189721686966,0.00889821128534154,0.7382366912848052,0.0,0.0841532524060148,0.14247296625994085,0.023805981252789765,0.12939572691830417,0.015473887814313346,0.1183243328231153,0.0,0.02978090214786445,False
left_commentary,streams,2026-03,12,327,-0.5247483084326908,-0.29451860435403704,0.377092098994231,-0.10941718295649751,-0.10908437308277703,0.5457590707415197,-0.4534905145143993,-0.2646113594304685,0.08601802221860616,-0.4722898188511952,0.10368318812746558,0.010398363850792567,-0.8863295839308126,-0.36406451496645703,0.5782593156585216,-0.08375582126495551,-0.390404520876668,0.6604365982461815,-0.15198437473731444,-0.17533737532991103,0.22327637390805663,-0.2459356184815882,0.18708617494439406,0.35354317785489253,0.02617813473076631,0.721998290972076,0.0,0.12051410418662067,0.22628975153498979,0.03270803270803271,0.17765195279623533,0.025621118012422357,0.09420453238388021,0.0,0.014287217412217413,False
left_commentary,streams,2026-04,12,342,-0.5570140185735794,-0.10531044767465518,0.22431333189100036,-0.14017018719456958,-0.1513593951599674,0.7489474865883031,-0.38274193115945526,-0.08199290485059955,0.0702433347134337,-0.48936760382296574,0.04270361257445385,-0.22134574256975337,-1.01175132955232,-0.15731462961914786,0.326239636516446,-0.09777844079325188,-0.4068064175706379,0.820435665395976,-0.11225426131638268,-0.08462017502126913,0.2279857176765041,-0.27031706923861537,0.09373339242919783,0.15992949733703812,0.0056022408963585435,0.7778179664314239,0.003968253968253968,0.08328819704846087,0.1482774516262368,0.03145424836601307,0.16105540006454777,0.01880013368983957,0.1501474385877289,0.0,0.0341110128261831,False
left_commentary,streams,2026-05,12,398,-0.5775862771931873,-0.393788094864503,0.2541992888205706,-0.18775336892062286,-0.17440915445646085,0.9845520040892309,-0.3189680428975434,-0.08964708842318038,-0.2209279176392841,-0.48429734121479157,-0.09353491974725918,0.03739464826588746,-0.8880484259526517,-0.3666257524252001,0.3587331548805665,-0.10363967130259895,-0.38959642177218984,0.9857384019095332,-0.0720319268396462,-0.07846838610517916,-0.05104176006589719,-0.30660210495867374,-0.042253426827009964,0.3179403767139293,0.02405372405372405,0.7213132641291917,0.0036231884057971015,0.12736028375059188,0.1620268412521135,0.07043269230769231,0.14892506108181164,0.01482371794871795,0.10303369949640563,0.0,0.03801055050339947,False
left_commentary,streams,2026-06,12,415,-0.20794468924048837,-0.12024161718021194,0.24542260173596797,-0.1824456083395786,-0.19913807214368648,0.8375641054411934,-0.28293683785537443,0.07833762050517735,-0.23846308000933314,-0.39507493309463015,-0.27531479417032606,0.20782844641165443,-0.5722512452496858,-0.11718759396431588,0.3084692804784263,-0.14736621673488712,-0.4551390323241429,0.9137368282548769,-0.005394643112578185,0.119449423568537,-0.12030791959642796,-0.21257572579141124,-0.1968242292207416,0.47142021541503426,0.030126478984852444,0.7477080591567115,0.0018115942028985507,0.10580995451691742,0.18277784124743937,0.06947639760111676,0.17271218315816098,0.01848488924760111,0.11958037299136536,0.0,0.03737602706301913,False
left_commentary,streams,2026-07,13,408,0.021184380244327006,-0.43512737855421657,0.19681777713651777,-0.13540386638633398,-0.022332734410009436,0.6831671622722091,-0.3883978059027063,0.05857628821881786,-0.19300803224885574,-0.16759330167455921,-0.18176814604908212,-0.34173995612737174,-0.28565647090950624,-0.5055859708823139,0.30441336383286055,-0.12386936110456197,-0.29651802979104747,0.7866106750218654,-0.14836699145584004,0.13926795159010805,-0.022509056699110123,-0.018741538002117777,-0.09529675354986766,-0.11599442916565633,0.0170459355979718,0.701823688695563,0.0,0.13904955620973802,0.17271963258805365,0.06348764357814132,0.1468637443512414,0.020271462680369563,0.0853484562370504,0.0,0.029955066528429643,False
left_commentary,streams,2026-08,16,632,-0.3922913508291565,-0.48790064301153047,0.11731899957856916,-0.16016806379556325,-0.434628469682121,0.9937719418198784,-0.19658057700609372,0.054528627086427986,0.2688683038435772,-0.3971944353729436,-0.028779786723324364,-0.01953226916646808,-0.6404738369492216,-0.5993527997509347,0.17473562867330672,-0.1354386283297972,-0.6770251798259077,1.3049199380283045,-0.0054199040241275885,0.10804022178600788,0.3811113541217199,-0.2002989392555669,0.20268510963012615,0.19301759218980977,0.03227446605708887,0.7588324531692123,0.0,0.09936837820755476,0.15937705307141106,0.04196185997910136,0.23641210855343125,0.017032339216444082,0.11565627719360456,0.0,0.025233209899453404,False
left_commentary,streams,2026-09,10,245,-0.6700572840852421,-0.6435022443343038,0.5320947351628448,0.10744996989448855,-0.43649247229395216,0.901498194980554,-0.3917734211486722,0.17131352810650183,0.40108201754298517,-0.4012176674459306,-0.09731879209166752,-0.2244905011631066,-1.0116173410730267,-0.6680355514153986,0.5939011675408421,0.15341790645394243,-0.6719512921428304,1.0149409431305108,-0.16401550553924618,0.3093875694458404,0.5164038345305193,-0.1702777218120904,-0.06274432298535984,0.03453599095761336,0.014250000000000002,0.7856080617308239,0.0,0.08704285526919799,0.25763011508951406,0.05708361204013378,0.17271342383107088,0.02642415896124336,0.11165669333508207,0.0,0.03448763853367434,True
left_commentary,videos,2026-01,35,3879,-0.38040490765387014,-0.2896054963711725,-0.163103238016139,0.32096406602242145,0.065960315275088,-0.05427635705876872,-0.3089833341760011,-0.17317287731054773,0.34816970680428644,-0.4235930116307959,-0.031438405787457546,-0.07719244267365867,-0.7201727251077428,-0.2912047510951998,-0.1551610832875121,0.34817975008230884,-0.1969352935424375,0.001691487621823923,-0.1453531313126235,-0.20000451603128702,0.5162248263651418,-0.3750012598168172,0.05560905002575749,-0.14723803321320822,0.0329296183231391,0.7906397757802133,0.001183366030031014,0.08927543946054046,0.06114773093243677,0.032085863423866295,0.07588383977019293,0.012157701256230566,0.08123135543119078,0.0,0.05427134093888393,False
left_commentary,videos,2026-02,35,4440,-0.31632793714892166,-0.16037985940333116,-0.17949894807808203,0.2228106294642699,0.09051578930996183,-0.13477149981340272,-0.30219930064730716,-0.21941947412531218,0.11740520158756623,-0.4273845411838159,-0.037082370733503234,-0.1580042464805662,-0.6733329113977913,-0.1268389361864321,-0.1692427342066655,0.2508027272600606,-0.20253645948866675,-0.09622762161098604,-0.14326501550454984,-0.3524728240635955,0.2844773062570806,-0.3992947564410967,0.07427354886162413,-0.30219454364559667,0.01988316219877542,0.7962105358228696,0.0023635557677533746,0.0841712883480572,0.06697186098070072,0.026870203465534242,0.09816591252392272,0.009774014280255067,0.07859041943891143,0.0006802721088435374,0.05675745024703198,False
left_commentary,videos,2026-03,35,3918,-0.4770454004897568,-0.28887348671242535,-0.1792370399056589,0.271029205248401,0.071627285061416,-0.16085496558278675,-0.43789602619590334,-0.23470090990543713,0.13069652660352926,-0.5096360356301849,-0.07089856823670737,-0.14312942585725036,-0.8385319493832591,-0.22315546778391085,-0.163868770319484,0.3456651185872348,-0.16712771311938462,-0.09315660113105029,-0.25735226961152957,-0.3382211529892313,0.2727793918370891,-0.41246441044686305,0.0076461762961257,-0.03971304157676812,0.03052116861902013,0.7986687497807428,0.0008970236283722653,0.08654087927062272,0.067390679394772,0.02790410597919878,0.10402000728196652,0.011912034342886887,0.07048540005680266,0.0005714285714285715,0.04692907304016353,False
left_commentary,videos,2026-04,35,4294,-0.3896743466026906,-0.16439027059188258,-0.18868235346654913,0.28272425970289944,0.037871554399517275,-0.0385934176044066,-0.38264063210972965,-0.23599167567982654,0.10610988836371098,-0.42508961581778004,-0.1957760982333608,-0.34702582814164673,-0.7922899023830716,-0.09122475789840474,-0.19505343503962236,0.3640470789976135,-0.20121074229226213,-0.021855275130119034,-0.21620172361175616,-0.3519248316535798,0.2733451988333254,-0.3632866598844284,-0.14958449554937275,-0.24019157578420475,0.027918209523776053,0.7835141834782187,0.0018870107860072228,0.09009556402174304,0.06271447687504857,0.02667134542394634,0.10403138199598913,0.009865465544183645,0.08254207453191671,0.000664451827242525,0.05674652532496295,False
left_commentary,videos,2026-05,38,4194,-0.18325717880383166,-0.20209982500658707,-0.13073157429128693,0.2766342644521626,-0.028531741611910036,-0.048874942247859834,-0.4814090524668772,-0.18166662310329282,0.13436802262539102,-0.43537955691110497,-0.1361796115458572,-0.11564988380654183,-0.47303550254935905,-0.1591428288761794,-0.15482906985366668,0.3188472054103628,-0.2521235338110303,0.011644960291397125,-0.3098736999895078,-0.250868699319255,0.27625260684685243,-0.3759608385360037,-0.0371263749161811,-0.1097957422666865,0.03009430943914011,0.75925633561981,0.004294606496999352,0.07745803036664478,0.06186422606265566,0.020724023556829924,0.1084901812488899,0.012180378497083427,0.06892868577354357,0.0,0.043505009539434314,False
left_commentary,videos,2026-06,36,4146,-0.27328571243473787,-0.20590332942199216,-0.12017677723792615,0.3772011369303188,-0.027619819065891046,0.03263549746294884,-0.41168640226595593,-0.07749099065324562,0.07756661392540022,-0.4466372644113916,-0.17591052957800557,-0.0970560438200664,-0.5641996939505293,-0.14279347369276085,-0.17754396204315262,0.43967868090259526,-0.2633972687398562,0.05411213133290931,-0.24473132051738844,-0.12335380441003672,0.2380429824862825,-0.42632297689675996,-0.1063724940132834,-0.11236207286890927,0.026852930415086424,0.7908012949076239,0.0033985030617849823,0.06943639451187922,0.07028244446486666,0.020258245943975836,0.11131765675726372,0.018861258333641807,0.08847863655628033,0.0025072651348559093,0.04893522632328549,False
left_commentary,videos,2026-07,35,3916,-0.21769614654024366,-0.14248467130148734,-0.10428250377274484,0.3234194243988471,-0.026126929945536125,-0.10955396917600296,-0.46083986943937816,-0.11827893970821081,0.012565137959632943,-0.3751814234399432,-0.16150835647774336,-0.10175718400832955,-0.46147206619426573,-0.05174493064952658,-0.1338295028095415,0.3836531695934776,-0.2727378401782184,-0.06195881470448254,-0.2974775934423224,-0.216311454375406,0.1971168993669067,-0.3294766994098915,-0.07385375717707862,-0.11102371086278792,0.02867741065241292,0.7681108902072932,0.0021477053649419167,0.08947611318738351,0.07017620542680848,0.022509346291896777,0.07871196586178768,0.011895696099913856,0.08756223383419455,0.00031746031746031746,0.040425414202969516,False
left_commentary,videos,2026-08,38,5616,-0.16872793176834036,-0.20457322386563176,-0.2316305493846573,0.3002849066995223,0.06430081866669611,-0.08061539316711563,-0.4097816839304368,-0.10806491721321693,-0.06543816908404493,-0.3765684324376142,-0.1562007318183729,-0.10981280561608293,-0.38148980623522555,-0.118322129211107,-0.26919919979620316,0.3886341353227582,-0.1435810321695448,-0.02262475582710077,-0.2901254534381639,-0.2132760597446007,0.09627448719607144,-0.33693755450681284,-0.08683091181182462,-0.1333785816702501,0.03330623129740838,0.7361436301440117,0.0015793825162019664,0.10061493870524559,0.03501400255890525,0.020143733706854267,0.10806559863400393,0.010448409722767645,0.08365590594942546,0.0010213277605056444,0.06436248950950939,False
left_commentary,videos,2026-09,33,2903,-0.1652902333337726,-0.08922296944070922,-0.1986624103430417,0.503527549945487,-0.03568730934950458,-0.05156741701855536,-0.4034256648203717,-0.029037904505202036,0.04376753647147022,-0.39596674272928456,-0.23580418231138517,-0.23321211190467908,-0.3452555471769116,0.04132605918170284,-0.25337228938684403,0.6105229463924571,-0.2383736499007746,-0.04948351829589147,-0.281947394364776,-0.07572880858208647,0.2321349180311288,-0.3731661050919307,-0.24196907085271271,-0.28083061003897153,0.03905752634228725,0.7426249361201689,0.0031967818403604836,0.09500270175843327,0.02866519024907892,0.022747739031291913,0.08319794899700157,0.011550246205979447,0.07987182730257572,0.00048100048100048096,0.044311467093194085,True
legal_institutional,streams,2026-01,1,41,-0.8836107767046834,-1.4693562047726867,-0.778900952999375,-0.1445853075188408,-0.4896158278096455,1.695419855717221,-0.641938864828282,-0.431525506867248,1.261110177699587,-0.4298686028149307,1.1958513808693998,-1.1601236718723504,-1.3546603503573975,-1.6759779945821982,-0.7792769168443496,-0.281105087747771,-0.8875999010501928,2.18930859390981,-0.3958610520732775,-0.3026172900621205,1.3600437234972111,-0.1904678770220012,1.4062233653701603,-1.3332148631235572,0.0,0.975609756097561,0.0,0.07317073170731707,0.0,0.0,0.0,0.024390243902439025,0.17073170731707318,0.0,0.0,False
legal_institutional,streams,2026-02,1,49,-0.264666694929895,-1.9139929176306991,-0.5383181258243334,-0.2795906239194791,-0.6422601810888167,0.5934767063760259,-0.4710503740031462,-0.1075872317907879,0.9958033626521892,-0.0201782808751274,1.7272289520643795,-1.2517158761346387,-0.6613379951799148,-2.032826661469919,-0.5333378735677426,-0.4342556566825108,-1.000288347397457,1.0972162257943026,-0.2240927923321833,-0.2041216359524303,1.005561503243337,0.2286257396609462,1.908124389391208,-1.2924163576222345,0.0,0.9591836734693877,0.0,0.14285714285714285,0.04081632653061224,0.0,0.02040816326530612,0.0,0.061224489795918366,0.0,0.0,False
legal_institutional,streams,2026-03,1,42,-0.8193673612359579,-2.7194200054092,-0.8190058642720436,-0.4984536074115852,-0.7797382145585467,0.0207666760300423,-0.5689097453035954,-0.4900352074644052,1.4909993664181749,-0.3850435129071466,1.4356787542884069,-1.0191147150088185,-1.251186110288795,-2.8793326878113743,-0.8551373540776926,-0.6539959760436055,-1.1418866272899817,0.1633279543666632,-0.2069167180360948,-0.5098630250613057,1.5325807516025591,-0.1853316381339669,1.949759411368534,-0.989642288227851,0.0,1.0,0.0,0.11904761904761904,0.0,0.0,0.0,0.023809523809523808,0.09523809523809523,0.0,0.0,False
legal_institutional,streams,2026-04,1,40,-1.2058392737578445,-2.2530803882640087,-0.5318741490502168,-0.2289721008094381,-0.6779453360341653,0.5760944885391112,-0.3317563560819428,-0.3466798787154467,0.987900601903327,-0.6563832517525638,0.7314114478388292,-0.8420961344028445,-1.48345289355678,-2.4065025347536926,-0.5160380906820801,-0.3162866998237635,-1.059630416281853,0.7570929495909288,-0.0559218667808681,-0.3568695130667472,1.127297655223627,-0.5354725985161969,1.2115067308363017,-0.8771101277277151,0.025,0.85,0.0,0.075,0.0,0.0,0.0,0.0,0.075,0.0,0.025,False
legal_institutional,streams,2026-05,1,43,-0.9942197634600316,-1.790512757510304,-0.6386805814864608,-0.276000506205259,-0.7091909706479111,1.6137662761853095,-0.2509943546795816,0.1917057632461569,1.387475082143337,-0.3733766304469588,0.8828992588203972,-1.139358935317661,-1.3084666857071467,-1.8615640236450013,-0.6695966332970708,-0.3892448931944029,-1.053752562876115,1.8802947258157532,0.1004871764997285,0.1526648048431233,1.3915240237452482,-0.2391993922351321,1.3832549142291812,-1.169168628020854,0.0,0.8837209302325582,0.0,0.023255813953488372,0.0,0.0,0.046511627906976744,0.023255813953488372,0.06976744186046512,0.0,0.0,False
legal_institutional,streams,2026-06,1,42,-1.3324125948843926,-1.5305455635698844,-0.685032021399828,-0.418736582011498,-0.6262920088798177,1.7557165176415652,-0.3202057552221167,0.0722044428822535,0.757116056463382,-0.5453554640120915,1.1183265175787445,-1.2811365331711717,-1.721146634688207,-1.706874123969448,-0.7154033145126507,-0.5903043549154178,-1.0516391702915888,2.0703000594601204,0.0154155821896097,0.0204105237409798,0.8816098925130339,-0.4033436852158062,1.6925527299132233,-1.352025591484727,0.0,0.9285714285714286,0.0,0.0,0.0,0.0,0.023809523809523808,0.0,0.14285714285714285,0.0,0.023809523809523808,False
legal_institutional,streams,2026-07,1,43,-1.4121589823231189,-1.5475945011265504,-0.6757161751751402,-0.5044532302902722,-0.8386881148272591,1.2272493413947403,-0.3124597644660225,-0.2895235923794729,0.7191445030300523,0.5106289975849051,0.8134846282169033,-1.1732572599038982,-1.7393594526342904,-1.7614818779615795,-0.7265171302560813,-0.6717629271639555,-1.2315286883559966,1.3221147706636505,-0.0027320025658262,-0.3637792071035244,0.7232431216709893,0.7332389689460164,1.471751195108718,-1.20813509687219,0.0,0.8604651162790697,0.0,0.09302325581395349,0.0,0.0,0.0,0.0,0.11627906976744186,0.0,0.0,False
legal_institutional,streams,2026-08,1,55,-1.9326306559372932,-0.8358715073969507,-0.3008634236448735,-0.1215456333780808,-0.3138578138974719,1.0251088879381414,-0.3277239809877272,-0.41815215867985,0.9362443289859969,-0.4207887169948852,0.9111499792882553,-1.652580557575512,-2.299839821186359,-1.1556760626000342,-0.2854763597340153,-0.2646374113980219,-0.7617959914858774,1.444919432143684,-0.0694683492426609,-0.3227555487518267,1.083327858941928,-0.2673419039150921,1.406112842023592,-1.6790977440901431,0.0,0.9272727272727272,0.0,0.05454545454545454,0.01818181818181818,0.0,0.09090909090909091,0.01818181818181818,0.18181818181818182,0.0,0.01818181818181818,False
legal_institutional,streams,2026-09,1,30,-2.4582804776913787,-0.5147121833435259,-0.4918674386667158,-0.3572642541693692,-0.7542874484392014,1.0313025105487772,-0.4205395569217035,0.3380393076063511,1.7020328075270323,-0.1767644651670571,1.16525580967363,-1.7187909741676504,-2.6446638870574897,-0.7568818250151216,-0.5529240817536838,-0.4956570991936542,-1.1131737579788337,1.1803291273500292,-0.063901210037554,0.4505501106612385,1.8128860974170211,-0.0846051200366135,1.8093767077631215,-1.7154551465382486,0.03333333333333333,0.9666666666666667,0.0,0.0,0.03333333333333333,0.0,0.06666666666666667,0.03333333333333333,0.13333333333333333,0.0,0.0,True
legal_institutional,videos,2026-01,4,393,-0.4160945061624225,-0.6033509701398393,-0.4250876289819599,-0.2220871562499912,-0.1186074386400411,0.29815202750485514,-0.635271075056921,0.19424912671304484,0.012335199429744767,-0.3449000557937713,0.4401353557332484,-0.06429603461287436,-0.9476313822752687,-0.7009230709036444,-0.4007452256713363,-0.3092700747168304,-0.5145725195889682,0.44365986661801016,-0.2995054307746349,0.07017068654880476,0.16605244169223843,-0.22313513020301481,0.8285792687615059,-0.2215715318650201,0.02651280032116608,0.8713337177529449,0.0,0.16084414713154818,0.008115619788771539,0.006809338521400778,0.07809794553807031,0.014285714285714285,0.05499312889877092,0.0,0.023879166586801094,False
legal_institutional,videos,2026-02,6,521,-0.051319124248495405,-0.445157212246256,-0.19676410468150238,-0.29208026406578685,-0.2288795867791399,-0.13688239266266064,-0.521502354475322,0.08906113792656012,-0.21318431341603805,-0.21103772836595827,0.021243793362786256,-0.5307910189265822,-0.42766327296077583,-0.4940922701864823,-0.17602727549144162,-0.3740049053515834,-0.5743990200594077,-0.10381923208921058,-0.2185609107631787,0.05231564661113771,-0.11399900706392925,-0.11250880912509342,0.40729828702369014,-0.5950970282609359,0.00202020202020202,0.8454356666491597,0.0,0.10030356335165296,0.040239605355884424,0.009595959595959597,0.07767896780882787,0.000505050505050505,0.05014157144301749,0.0,0.03351822804185895,False
legal_institutional,videos,2026-03,4,420,-0.582897297732756,-0.8670075741845812,-0.4344196195506752,-0.2591672393192152,-0.31099271266778455,-0.09148483629589954,-0.6911793986387746,-0.07023752607765553,0.40187581215996726,0.013387914681433105,0.3318278552606327,-0.3365980602941656,-0.9479199276982969,-0.9268032304590264,-0.4022805505405619,-0.3417002024754552,-0.6895339849400072,-0.06914549150461036,-0.3910952253106744,-0.20028860948391095,0.564982896617778,0.05017200621447038,0.8465364099240226,-0.4327378599427423,0.018449825512791545,0.8859006749167406,0.0,0.09487898872737316,0.0017605633802816902,0.01232394366197183,0.08445376007108293,0.0,0.11938490393652312,0.0,0.044997928748964376,False
legal_institutional,videos,2026-04,4,471,-0.3171108029581191,-0.6178911728785235,-0.38385437518427445,-0.26464839335347123,-0.16514688677820494,-0.3131740468628134,-0.5900321398434785,-0.03378359501820014,0.41774932898080575,-0.08059605147339488,0.1031625624592077,-0.3659725151305129,-0.6528952818437339,-0.6925198607079386,-0.3800870369387696,-0.30815732641781746,-0.5021205215071961,-0.1906539517790105,-0.39383379591606926,-0.13503283474302397,0.6227018856772417,-0.06084756180868045,0.45693376813303016,-0.49054923948864687,0.0315597667638484,0.8410501700680272,0.006944444444444444,0.14498299319727892,0.028850826044703595,0.016034985422740525,0.07109653385163589,0.00840217039196631,0.10811619290573371,0.0,0.03690881114350502,False
legal_institutional,videos,2026-05,5,467,-0.2784910805946399,-0.7046031167668501,-0.4355437886079866,-0.39468110841332604,-0.18762748838156637,0.07441780510739042,-0.5847532081151069,0.05439239727599314,0.21310689372110278,-0.36491447729543125,0.29493787775402236,-0.2732973498505328,-0.6160799918693722,-0.7846040190842728,-0.43635633923360373,-0.4842313789025618,-0.5629712652963915,0.09308203216061886,-0.2503547958498571,-0.04061681324651405,0.35692387161905353,-0.3032096525495166,0.8612517510342329,-0.3282940103017663,0.01059233449477352,0.844770011001325,0.0012698412698412698,0.1226546533863607,0.021991341991341992,0.014603174603174604,0.11468446406290625,0.0032258064516129032,0.04205154463218979,0.0,0.043237250554323724,False
legal_institutional,videos,2026-06,4,464,-0.7658979178299723,-0.7740397179710199,-0.3701264521161163,-0.21469367862624278,-0.280286168016917,-0.05945114690214648,-0.5583803635847657,0.07749066834126347,0.23803480516844233,0.07822081585915536,0.34307162992366247,-0.639373679915518,-1.0827352202952836,-0.8381029662194174,-0.3722677245106812,-0.28834208128987765,-0.6191026636637739,-0.03624002385211794,-0.22929585338787156,0.0660087798274262,0.32677407708380213,0.1748511666896792,0.7784109895948087,-0.7168283536259705,0.018123543123543123,0.8920198053120588,0.0,0.13604312354312353,0.016608391608391608,0.013636363636363636,0.11807183426901736,0.0,0.07573151613644571,0.0,0.052039627039627036,False
legal_institutional,videos,2026-07,4,431,-0.2466792117930469,-1.033094913712698,-0.30540934503166817,-0.17288261701654745,-0.08780163010722056,0.19427069183091122,-0.7923107880442194,0.18725402971266286,0.10739373826032028,-0.036772181686913985,0.6477309904085456,-0.6388741149388254,-0.5493130480297701,-1.1905009463965104,-0.2973397923449615,-0.29406890810925435,-0.5025271180880032,0.20797163331432975,-0.45899841078277526,0.13748312187174222,0.24533150427605227,-0.00023095624993130226,1.2445878069256309,-0.7429825534357679,0.017471486693790436,0.8759347695591275,0.0,0.1200783699059561,0.0034482758620689655,0.010344827586206896,0.0995054358700727,0.0,0.06871239911958915,0.0,0.05768025078369906,False
legal_institutional,videos,2026-08,5,614,-0.11494875363825688,-0.5897235208912163,-0.2567763293969789,-0.13932563080602303,0.020439889858622273,-0.20611507450401295,-0.7441821160493707,-0.08268499642405827,-0.5553764212201685,-0.25238350152353756,0.5966629346740362,-0.2309120612031835,-0.38778641267115893,-0.6302374628403901,-0.24456620835099335,-0.2111772929425265,-0.34032381411901635,-0.2195073949702183,-0.45576731060788644,-0.17677062479739158,-0.4146023049076201,-0.2044186141207726,1.0690386231873241,-0.3101612949766862,0.015446438760372345,0.8638071786071009,0.0,0.1300625906064684,0.03532232889493464,0.010498687664041995,0.09197265191785674,0.0032520325203252037,0.08104431007629878,0.0,0.07315099879204782,False
legal_institutional,videos,2026-09,4,316,-0.6617728573535853,-0.7052696395058272,-0.33836514370741744,-0.20322995905883517,-0.329220210857317,-0.09548180935610033,-0.6623381689785937,0.13163969206700527,-0.3084920710443463,-0.045357736833982754,0.5189827346447178,-0.7000927979662726,-0.9627580596820253,-0.7147398734048789,-0.35609463559286825,-0.2817171068666169,-0.6533154029964113,-0.11925297640121718,-0.22189707444597184,0.11352054583909518,-0.24449428502730766,0.07515653303631942,0.9363356268927837,-0.8072009334052852,0.0156794425087108,0.8650887100004006,0.0,0.1353658536585366,0.016724738675958188,0.015853658536585366,0.12111318034362609,0.008362369337979094,0.09954276636362422,0.0,0.06162408052651955,True
right_commentary,streams,2026-01,4,77,-0.11572530588192956,-0.5265504588626035,-0.011897627749069321,0.055070100566982944,0.7646083765932876,0.14562632841081202,-0.6465429387663923,1.5947327508692655,-0.6845881235601432,-0.5809258761400377,0.08018844666828011,0.3594014841727323,0.3739727594026061,-0.7538286522680337,0.03626442571556752,0.08945096716334319,0.9374342882054802,0.07300673546566461,-0.5805572271023938,1.8367227559711372,-0.6278435535779358,-0.4721435490309829,0.4171303105382835,0.20205881676345938,0.0,0.2755297334244703,0.0,0.22337662337662337,0.26136363636363635,0.0,0.05075757575757575,0.04707792207792208,0.06625085440874914,0.0,0.14805194805194805,False
right_commentary,streams,2026-02,10,224,-0.6716474186071305,0.42383713189815236,0.6048186124187452,-0.11493656752751465,-0.0571032132395764,0.09576543564933955,-0.5670485438890523,0.9515506388413355,0.7184152209586144,-0.34411598868322113,0.1123406778303743,-0.4107035819781181,-0.6286532361619412,0.4558749400406473,0.6094586795277321,-0.09001391732936377,-0.12257642686865453,0.38830326115634517,-0.5094907632699838,0.8347994729632375,0.8443265596391395,-0.09579816604573682,0.20181263508563058,-0.542977241791691,0.02524429073342117,0.6701649585415363,0.0,0.1432446754326137,0.1795207509881423,0.08073593073593073,0.11980395098382475,0.03518306014799703,0.08564448836187967,0.0,0.049657869012707724,False
right_commentary,streams,2026-03,10,213,-0.2999719853286729,0.04320879576485739,0.3983750121970057,0.17631059334715615,0.37389841127531864,0.031244859037096985,-0.43179896448591026,1.1220094269617729,0.11846884309515966,-0.5987934970151442,-0.5704009973214573,-0.10153943986030134,-0.05022628928499384,0.01253854429016098,0.40781521299782836,0.192127943775659,0.38658023812157516,0.16570085573574195,-0.23925753982441716,1.1500497230199955,0.12411491043841782,-0.3735881989451928,-0.3473602085347114,-0.054971992109860326,0.02821946169772257,0.572126313808236,0.0,0.18010718495844352,0.12370189307260246,0.27823308270676694,0.28767318493863114,0.0,0.10548475932915294,0.0,0.030476190476190473,False
right_commentary,streams,2026-04,11,230,-0.2027030274773404,0.2596348669602171,0.24994980559830093,0.004317715925617047,0.3800369231714191,-0.27883901254349525,-0.610780628726552,0.7109722867091381,0.08998444301834986,-0.5318541544882607,-0.1425625200967385,-0.4552994888821717,-0.08237856696462549,0.2444404293675084,0.3199739654473246,0.030712837060174258,0.421724987718755,-0.1650633410492746,-0.4283211418271508,0.7168133917557415,0.09000372443319918,-0.2617205362690715,0.07945609551695774,-0.2709665901052497,0.035076912547268274,0.5518906472638162,0.0,0.21478449087144738,0.10422405876951331,0.18181818181818182,0.13763033060870772,0.027900488258544524,0.060223066349548555,0.0,0.05233233789383522,False
right_commentary,streams,2026-05,8,186,-0.6316797942413912,-0.604415528198825,-0.08506974990968819,0.18800722343164528,0.2728696295605637,0.08248229778486746,-0.6797292796777286,0.9036698463059769,-0.1122843227809046,-0.47350117004258996,-0.07677350622545528,-0.13677833040236392,-0.477373258376989,-0.5493814897254363,-0.07600283956862386,0.2351011679064689,0.35388207151432466,0.06255426972119005,-0.501239004452293,0.8613319645915274,-0.05282094286141236,-0.2552608464972169,0.19069336957619953,-0.10679652613242004,0.05028409090909091,0.6863636363636364,0.0,0.21676136363636364,0.018750000000000003,0.14204545454545453,0.12266414141414142,0.018750000000000003,0.09573863636363636,0.0,0.07102272727272728,False
right_commentary,streams,2026-06,10,204,-0.029466297872006754,-0.15289805195230183,-0.3380776847351994,-0.030763458775920894,0.08646567208851197,-0.02443247096052144,-0.5272593580381274,-0.03259731379028459,-0.43578304709911214,-0.4989808656004164,0.2549122833138632,0.2779649138603021,0.03292042143498795,-0.1446554500988636,-0.39476088552791255,-0.09760925604138322,0.07902936155605285,0.3274301986426831,-0.34726419770172495,-0.029445633077745233,-0.4063644556842564,-0.2920138918628388,0.4677907708976104,0.2642061429689314,0.03767857142857143,0.6860119047619048,0.00625,0.1880952380952381,0.0047619047619047615,0.2,0.10994047619047617,0.028273809523809524,0.09634085213032581,0.0,0.0730952380952381,False
right_commentary,streams,2026-07,9,210,-0.298211775589585,-0.10187754056053927,0.20732530333116334,0.02855009962529849,0.2500816866845626,0.1265696194199792,-0.3968785040847073,0.19161195052477858,-0.18637365369977513,-0.5490368391325908,0.10865818260529747,-0.26277849416815324,-0.1957923990162135,-0.10318578675470456,0.18954470400966056,-0.04943000303564817,0.2266205007805543,0.4005103814679977,-0.202650896477413,0.15779316840349625,-0.1818821165652458,-0.31417095281574664,0.40320524741703917,-0.2544948369733885,0.04177606494679666,0.6342060265840754,0.01034151034151034,0.23304202008470298,0.09727611480660261,0.3072089947089947,0.08010696394842737,0.01589061345158906,0.0929815724023041,0.0,0.04942653890824623,False
right_commentary,streams,2026-08,13,373,-0.10151885066795889,-0.24539412761527293,-0.07908743225792345,0.0935253546170102,0.21075951625811104,0.06839869567359932,-0.5337282203243136,-0.26792837081113957,-0.46008687684775007,-0.35794768566363044,0.2757203857807318,0.09032625440272667,0.07175204807593463,-0.28695741289244064,0.048677408314537755,0.056474883911948215,0.1976209956676742,0.17752537035232224,-0.545955307889905,-0.011937140794500064,-0.32225423055292673,-0.2388618089079773,0.23141004949193134,0.1188663794967564,0.04420953659262587,0.5883848175652615,0.0,0.18093214191466434,0.08466179938782678,0.3030525030525031,0.1221909893497045,0.022180936682589966,0.11785214994945746,0.0,0.058143058851608684,False
right_commentary,streams,2026-09,4,72,0.42138584341901497,-0.03704461913272018,0.4794894684292091,0.5205746931161486,0.371885953923362,-0.3587934314191359,-0.7462046738044513,0.07111482077587022,0.30383692919393795,-0.5133290683147046,0.11612067226473688,0.3731459927025394,0.7945770493452271,0.05320746494263211,0.4448707479114141,0.5796928153164083,0.47976361776976983,-0.3535805147013509,-0.6384146093338976,0.26299804432181967,0.42175222545435065,-0.40584675027546757,0.16223711525972628,0.14841927455051562,0.056875,0.49895833333333334,0.0,0.2425,0.265625,0.234375,0.07791666666666666,0.07,0.02,0.0,0.10333333333333333,True
right_commentary,videos,2026-01,42,2845,-0.04432485607553659,0.08750466308028909,-0.3056623730487842,-0.10144801744579925,0.2664940786105121,-0.020404680658765502,-0.6206084707628139,-0.1152993341081696,0.07539772717168111,-0.36496256048952713,0.27249979145503656,-0.055912280342396356,-0.09873983870927865,0.18972247068275622,-0.33331790941908795,-0.12221824850412867,0.1920205481275179,0.0006857057490050307,-0.42290531164017675,-0.1183689491495942,0.04449086573114756,-0.09977420727265701,0.4126814353906943,-0.13585539537100053,0.04744690444304857,0.6640492671400726,0.0018776896101230088,0.13213253653508122,0.012018810708431558,0.04409649180703707,0.09219004097251232,0.02928868017872,0.08636711282068774,0.0013443908029161485,0.0885445536293425,False
right_commentary,videos,2026-02,48,3439,0.044252532440489954,0.07270746880020812,-0.249066004768927,-0.024824237154619535,0.23813303504129624,-0.14494762691035892,-0.582410529320643,-0.1392626006106113,0.157356650683965,-0.2975766654429554,0.1107284429863301,-0.2586317037626543,0.04486726218231498,0.26362734898441037,-0.27405987587519887,0.012791214861023902,0.14961917617159273,-0.15672258859893343,-0.43736149359866405,-0.2543748387666453,0.16976729596510298,-0.04904147933459823,0.25020773645555106,-0.3389125691884442,0.035918385610954055,0.6628474281620665,0.0035729735770412027,0.14814992839898783,0.0169491776955827,0.07073167262808196,0.08423754568711811,0.026171773294032263,0.09518127204809686,0.0007162209824291394,0.07977510326651202,False
right_commentary,videos,2026-03,49,3190,-0.03510675831119642,0.239767712763707,-0.25270520574451577,-0.033939385298713105,0.27555881648770775,-0.18809569279213711,-0.6817215118209559,-0.11521408374111552,0.19055630610344793,-0.26011021898124165,0.020995612340072536,-0.2189355630350838,-0.04755828043739351,0.47974062764891207,-0.29973896380103243,0.06983837141492061,0.22438068472646638,-0.2591594006488956,-0.5332467194068394,-0.18669048557969647,0.22916790242312882,0.0147026409896317,0.12055644044444407,-0.09887051074451332,0.03777964860225763,0.7146021733261507,0.0016541756825006419,0.14403706885087056,0.01922681203085657,0.09453539893987753,0.08402045522011617,0.026572153985541202,0.07278302172705352,0.0011067919231184536,0.0984959183588352,False
right_commentary,videos,2026-04,51,3420,0.013271509345247075,0.09877763800474064,-0.24348862600968066,0.011315792905455974,0.24734723834899497,-0.25329845775384574,-0.640597019413082,-0.16188587989750527,0.10707089011902911,-0.29861260814747503,0.07490809581341097,-0.2645017472134943,0.07499610345116733,0.36896750522378186,-0.2820464540538257,0.14218482581324793,0.2098252571964974,-0.3545580159775414,-0.5230810591426004,-0.24015083577156843,0.17333274896584452,-0.08480603321104137,0.13106193559313128,-0.21829339347899887,0.04747898904624782,0.6801237286943406,0.0028603749191984484,0.15157495481135244,0.017688196303322867,0.07844195612866174,0.08420267505037042,0.022837241164788972,0.07301341793946918,0.0,0.08064914767191832,False
right_commentary,videos,2026-05,53,3447,-0.014036382381178051,0.05252818995134109,-0.21739448990562185,-0.040264671863888615,0.14485526958496633,-0.12854982956505004,-0.6462241411930452,-0.1432041149309491,0.16597354658023958,-0.07592638809617779,0.016773903911856416,-0.14047637745931807,0.0785773249333787,0.29151532457002804,-0.28952883484703157,0.04725181207268877,0.12290785325888776,-0.19785880358954672,-0.5305098816173102,-0.23853010184329612,0.2272701576401641,0.09662074037183285,0.13849300059503486,-0.1881021042445994,0.04977815766052629,0.6950378969209509,0.0025740731530548323,0.13812903904380813,0.012615367603126685,0.07514371343630318,0.08360463793275462,0.030391086067009233,0.08020636566753243,0.001705814401232191,0.08270089867067261,False
right_commentary,videos,2026-06,56,3688,0.1005898891250164,-0.06389687756034348,-0.2983827658468921,-0.05672878752587592,0.2043079493119832,-0.15751569829770787,-0.5608210209331342,-0.12927616380549414,0.2257336230245923,-0.14746864146248767,-0.018005788729076933,-0.17971435566346874,0.2192517785970741,0.19314318941132427,-0.3902826326558276,0.031103715507380468,0.18722933007411985,-0.15588894714702944,-0.46213333600596396,-0.19254020936612196,0.30015506093950695,-0.0006346901864182848,0.05191045089459768,-0.2502833418693522,0.0407261482007029,0.6596814854232127,0.0036093941203142847,0.14819385213348052,0.01531618172610703,0.08155649754700074,0.07580983065865242,0.02650156920476097,0.07451340797942416,0.0018392355939970213,0.08889875300321048,False
right_commentary,videos,2026-07,51,3178,0.09108510494264409,0.22717284780265481,-0.2545449074234471,-0.04944363614050833,0.16647964010699756,-0.31431401543702825,-0.67617927057497,-0.08801763560947802,0.07931206543677564,-0.2598787676740161,0.06302442842631066,-0.12187391397279175,0.2695639884865644,0.44805120370566365,-0.3320027397173945,0.025677237265415775,0.171757174596867,-0.3901833647619978,-0.5694370229272598,-0.13433822424358755,0.11103186719463957,-0.08342342291941385,0.20471020017009015,-0.1830997052905873,0.04125692798204308,0.6674304311044443,0.0031037169667011847,0.12988406742933664,0.012269462757814771,0.0898551811955263,0.06611883905976221,0.020829728267843454,0.07545201954277575,0.002680932741486375,0.07713826064092613,False
right_commentary,videos,2026-08,57,4421,0.025021972607172704,0.12059117309852817,-0.2452553975580354,-0.05862730879954059,0.12378882639009509,-0.2967079257548745,-0.6146398306244041,-0.10078691012621795,0.09098065655509442,-0.24119382304495568,-0.025877050003572412,-0.09593212242264536,0.147334227596122,0.35203980721233546,-0.34023552918039013,0.0006867720846201269,0.13074716376264947,-0.35271737292451155,-0.5335541736195827,-0.18624202105318519,0.10932893223037239,-0.04419013448537935,0.08700543501080635,-0.15779131100902513,0.03844934781375334,0.6644768479893869,0.0015029673983720532,0.12968369197150703,0.011385731767008288,0.07851269900277748,0.05850466909503648,0.023275099827725684,0.0887814317227817,0.0015937129755839476,0.07965513976871486,False
right_commentary,videos,2026-09,41,1946,0.05663501271506339,0.2376759288021048,-0.2170254847118636,0.03352931963520139,0.14666030349389456,-0.18374602976914994,-0.8158210610856652,-0.05496538784507792,0.060866472401119504,-0.1720029302583676,0.06894354697383982,-0.12118234638163045,0.13421057849211684,0.47988091329319155,-0.28638812983264855,0.05102215987411158,0.15520233749281243,-0.21632571116281718,-0.617503384640746,0.0008979648107586618,0.027155642056138345,0.046195337635592394,0.14499393411807765,-0.12787702719861951,0.03871859271455461,0.6315114369433936,0.00349839862034984,0.12047211227249728,0.015736801448196173,0.05154078202823261,0.06280093923414677,0.02970984156308495,0.07964993966252164,0.0017186016542866094,0.08799808864334072,True
right_tv_network,streams,2026-01,3,80,0.1860233135992849,-1.149896247769324,0.8589466216614633,-0.2505346961850827,0.24662558651077995,0.08661241986750139,-0.08398249361928689,0.7076778724774968,0.5773905766641972,-0.5426074625451096,0.019485350764954806,-0.2908246228956289,0.9964701236369656,-1.6308761924838044,1.6391072050041606,-0.3472737815114795,-0.08866954874591015,0.30381673367791906,0.09768145192056915,1.3608938132856376,0.7121070667703554,-0.6280153797370446,0.178701413127243,-0.4502146030137259,0.020202020202020204,0.20558973190552135,0.0,0.07142857142857142,0.4392230576441103,0.6107503607503607,0.10759854180906812,0.0,0.011904761904761904,0.0,0.047619047619047616,False
right_tv_network,streams,2026-02,3,121,0.6462559708052831,-0.725073841217938,0.8741706771954313,-0.22796447195028416,-0.13005120930426095,0.5741729141193129,0.021716256322379685,-0.326516925882348,0.8124818526586545,-0.4696618187169705,0.3511014830292855,-0.5971565153586473,1.3438232480679098,-1.3784731059335484,1.540186610376848,-0.2580105063913241,-0.4099473446388124,0.866831282361303,0.02504117228347454,0.18217572175223096,0.9999710566184947,-0.6465296648053559,0.3743673384973583,-0.7412829693058526,0.0,0.224075138968756,0.0,0.05405405405405406,0.41709794901284264,0.6396396396396397,0.19072263753114815,0.0,0.025110216599578305,0.0070921985815602835,0.009009009009009009,False
right_tv_network,streams,2026-03,4,127,0.5853748801563703,-1.6342549383971519,0.3924728112297038,-0.3115980729417339,-0.32143605212105436,-0.32336201810276793,-0.5761789280880347,-0.24047914427819883,0.4341338307933455,-0.3718966941362559,0.16664003889601442,-0.696604090200515,1.1244786239721452,-1.9764954662203031,1.2150721172809302,-0.4196746442981497,-0.7656100724844039,0.10147054768245735,-0.13896651554492107,-0.04728878214137899,0.3482673415733628,-0.36436827612484407,0.49510553890020814,-0.6480254735649256,0.011779379157427938,0.26751662971175166,0.0,0.036585365853658534,0.3644678492239468,0.49390243902439024,0.0875,0.006097560975609756,0.035753880266075386,0.0,0.0,False
right_tv_network,streams,2026-04,4,199,0.3422830699297083,-0.9546106887984598,0.3303685554098692,-0.2572533748131113,-0.31675429108617226,0.4380768012214228,-0.33289134245604485,-0.22928079912687893,0.8726360058120433,-0.5041648225275707,0.3417787810940862,-0.5259231358376448,0.9255473610286842,-1.315134001840553,1.2119736217822383,-0.34359806414091987,-0.7392261348918658,0.9142616708216346,0.022702468406224946,0.17628365371932322,0.9410590205782934,-0.5056413856178612,0.5601829315068124,-0.3539481110314908,0.011904761904761904,0.35025083612040137,0.0,0.026556776556776556,0.31314102564102564,0.48266045548654246,0.21023650262780696,0.0027472527472527475,0.037545787545787544,0.005494505494505495,0.0,False
right_tv_network,streams,2026-05,4,385,0.2190312748398588,-0.7113373403996013,1.4914036223121987,-0.2079014995499403,-0.4156674409687534,0.31534130725775905,-0.358783982062441,-0.0018161295967815475,1.0198538951468534,-0.6525118802941344,0.03104171635830294,-0.09670732941149943,0.5848119792822012,-0.9409766122559047,2.082573962143587,-0.3021656306139518,-0.7968699368484655,0.8114800633696363,-0.001983549002057494,0.1985269586137529,1.0421885972950513,-0.6559114658046318,0.3637780250757351,0.020834175614787898,0.01648970398970399,0.36360055834057586,0.0,0.018119197364480383,0.5177522339929097,0.45853923330338425,0.1851394152567913,0.002976190476190476,0.035470949386043726,0.002976190476190476,0.008928571428571428,False
right_tv_network,streams,2026-06,4,418,0.22891366487070802,-0.1819333719607416,1.3371114037671943,-0.3154498147384508,-0.40187246543471117,0.25474721333074923,0.16646637477579446,-0.1079558594912669,1.9682557849303695,-0.6129985384193672,0.3009921589205107,-0.15725076845726518,0.6213764690125834,-0.419415476360495,1.993158680989357,-0.45870508194427195,-0.7854756436097263,0.5704864843788068,0.5897225752015188,0.11324445512528925,1.9183279355940668,-0.5723847169232426,0.6165448121584826,-0.044937174963108256,0.014236545682102628,0.43118403917058484,0.0,0.008754432624113476,0.5291445035460993,0.4375,0.1231823774650746,0.0008865248226950354,0.018617021276595744,0.004432624113475178,0.012189716312056738,False
right_tv_network,streams,2026-07,4,417,0.3318477205140131,-0.1910937170339133,1.219360700525585,-0.3673771996869421,-0.27429216140855783,-0.09273975363051984,0.4183302036884713,0.11354774893385813,2.106851039362,-0.4748638893203754,0.43868907618901054,-0.4196857294318119,0.8053657894801387,-0.43090019705253063,2.002889462897274,-0.4763194558163412,-0.6602768471352737,0.3471509887988204,0.7723087314867797,0.44236069889782303,2.161802068715738,-0.4510593629926018,0.7142863961536688,-0.29814485521642065,0.010762357855650963,0.41815281908264124,0.0,0.009433962264150943,0.5375322383602552,0.43957852585855844,0.09477889828899344,0.0,0.04635351752902995,0.0035971223021582736,0.01684878512284512,False
right_tv_network,streams,2026-08,4,548,0.05735590296621221,-0.3117614039348273,1.281464448403872,-0.39654580686673974,-0.3226009887795382,-0.14920685419407478,0.4157386881431514,-0.11541321846405983,1.6832891568781967,-0.6023612481376145,0.1924117049610439,-0.29102261989455397,0.3944098731371361,-0.5164099667512463,1.920206779129575,-0.49453619693622924,-0.6670793172953654,0.2677186290041488,0.7783562358837651,0.07196808571229668,1.6723737372527898,-0.5569260124173189,0.42051319264569054,-0.22946362243216137,0.011920816725927624,0.416110966199096,0.0,0.028017604447439354,0.5235849056603774,0.47265625,0.05963459797261483,0.0006738544474393531,0.05268699460916442,0.0033692722371967657,0.005993003383609566,False
right_tv_network,streams,2026-09,4,269,-0.12979946387718722,-0.42907592926676985,1.3465416319676384,-0.4074451285353563,-0.6277053884215433,0.12432328450599668,-0.04222689098804358,0.5014386268162462,0.9318749785322589,-0.5143540520301444,-0.09715235111604119,-0.09364473500765938,0.2731715475093437,-0.5929918997349205,1.9338797951564148,-0.5287844216756346,-0.949286636236069,0.5031873890409759,0.39617778590142777,0.9807676271152932,0.9036385961760423,-0.4161771269732531,0.06385139663081105,0.02212908560378604,0.0013812154696132596,0.3800962665327306,0.015909090909090907,0.007575757575757576,0.50553155868073,0.4496969696969697,0.06581031307550644,0.0,0.05525280428595346,0.0027624309392265192,0.018956973045370834,True
right_tv_network,videos,2026-01,4,1176,0.5383815541315358,-0.4845874757509784,0.7661358131087225,-0.2552077711542489,-0.15820823967960512,0.7471722276820814,-0.40532694122537466,-0.09768503920281273,-0.42118937959892944,0.4519142959649266,0.17318194704900047,0.21445574569218095,0.6232745549833802,-0.5491296684792554,1.0317783033638168,-0.34906200033556395,-0.38226833337248295,0.8523864624121599,0.03659113633714026,0.02502069240613841,-0.5572362425304878,0.7508787038325118,0.5590936052933562,0.30878886484382717,0.015841116648773485,0.3892772888276011,0.0,0.07064138960494773,0.2333633808450658,0.2532940764925373,0.09503388702119764,0.012063971259016825,0.07899639112222079,0.0,0.05659306279602424,False
right_tv_network,videos,2026-02,4,1475,0.7029469778266677,-0.409862609980834,0.7580214401683552,-0.20100649037167584,-0.053739476885498974,0.4795275392528998,-0.42720828250126924,-0.038311409773732416,-0.3764972810810559,0.36451873403116897,0.3719892105899579,0.09475475054524055,0.767424901293414,-0.43615845897144623,1.0361881004271076,-0.29944436710894207,-0.31426705543325867,0.6169625837262788,0.0507090424044895,-0.029783462856986492,-0.5371377517740719,0.6323172764600988,0.7620192406949708,0.1754872181210848,0.017303894696165452,0.3822406940342139,0.0004970178926441351,0.08431302413008823,0.20871101941847858,0.25753075407928305,0.07515751511663385,0.01356432855341037,0.08275692683652455,0.001745692556198681,0.07128505655346142,False
right_tv_network,videos,2026-03,4,1370,0.43554570126588327,-0.2601114252089954,0.7888222219119586,-0.20961212619325037,-0.10853411276730983,0.5977154496885227,-0.6140166600259153,-0.21566905822231167,-0.17652983347944354,0.40281260927868145,0.5035027817059602,0.09928051782319788,0.4127107414978814,-0.2886697934873147,1.077049293383499,-0.26391768306077434,-0.3367342750015596,0.7764814279718005,-0.14300967615860277,-0.16184827621654085,-0.3372494530233968,0.7759933814527566,0.8545018296423151,0.4775668582996152,0.016587833996793977,0.4811597293496015,0.0,0.10642655113714677,0.22081091879414766,0.2583585586921167,0.08128742834992406,0.02010396681783714,0.07841905495940585,0.0,0.06638319618636762,False
right_tv_network,videos,2026-04,4,1232,0.3584709906491476,-0.10028933136979297,0.6493549665026124,-0.19021283683436707,-0.21712306790524558,0.11035312450884116,-0.400025129686132,-0.04631486040202964,0.6348454602154467,0.18765182371168557,0.04726268554055091,0.04089274399660859,0.5408923590810408,-0.14431825111694632,0.9796702941696268,-0.2428323680339617,-0.4608282604256728,0.22874412106346695,0.025874630820353114,0.1713968080817992,0.5440335066096761,0.42486486180894045,0.3919425831331344,0.3087595467496473,0.018145843748131142,0.46033355512860935,0.0005458515283842794,0.06978470955753778,0.18977116378845685,0.2625545851528384,0.12145512216448964,0.008187772925764192,0.05155881339140267,0.0005458515283842794,0.05113399608703587,False
right_tv_network,videos,2026-05,4,1022,0.5096680085745067,-0.35979174976995487,0.6274776590219169,-0.2695621789334783,-0.34341514835564224,0.24510243443754975,-0.13755970255336056,-0.15488446414619284,0.41853132151534234,-0.07050289382993932,0.1199084687348767,-0.009417928512126597,0.577695829029204,-0.32359803279724403,0.8345384372774411,-0.3030274768269526,-0.5514779147695725,0.3417392181400797,0.26751194701715314,-0.1303785134309839,0.3093296099255738,0.18014930901158377,0.4687827094246131,0.14755362324629356,0.011423502739304666,0.4829355658049229,0.0017266115866026814,0.042979415959165324,0.18169335090601862,0.2616632860040568,0.07389537835099666,0.022047484661030826,0.06269682078411501,0.0,0.024831005920487183,False
right_tv_network,videos,2026-06,4,1086,0.3011880550001125,-0.299003104201029,0.5459223853815207,-0.3463765683952523,-0.419316498404778,0.30832575384986116,0.09308525797794699,-0.1103432984553015,0.7178304749459848,-0.026953577991761856,0.09775933731271658,-0.0062023561063137694,0.4753853672973619,-0.4056450916908926,0.7513677302427327,-0.4340845712110455,-0.6109945076080043,0.4487009023902768,0.42046858019624184,0.006225579407636725,0.6383355519502233,0.19532437833550978,0.47204673463977054,0.10396090770662819,0.010474046611650129,0.47837800953111603,0.0015714298653189504,0.03502431866967367,0.17808831226744018,0.2639821029082774,0.1273249552813115,0.012348083092617807,0.08067682463263137,0.0,0.036495476024107444,False
right_tv_network,videos,2026-07,4,847,0.5518678219294583,-0.638890870743249,0.6020147466437281,-0.2536523949611673,-0.4106738243322023,0.3226896446754606,-0.1324466362200535,-0.025755206884350047,0.3855453364897645,-0.11817056989565662,0.15873010314264863,-0.05127733236486222,0.8452903960022478,-0.7464682921596316,0.8935745613826116,-0.33504402514509934,-0.6266758743758605,0.5002911056394772,0.23165659245197015,0.12606163566016038,0.30755600764611796,0.10262887532292835,0.5857412303767965,0.06122951152496134,0.00099601593625498,0.4001638857355258,0.00099601593625498,0.02941878320053121,0.19347259963768118,0.263671875,0.10937838320630522,0.015531172411802067,0.028380364411917547,0.0,0.032748148193973585,False
right_tv_network,videos,2026-08,4,1130,0.33625543293317517,-0.3179770380622371,0.6181454844424867,-0.3332689217404129,-0.403265338446291,0.42215258664390787,-0.1720260387096369,-0.17573679852698865,0.20720400979983522,-0.06285649183808371,0.3250943162881177,0.1377671374001913,0.507622763386773,-0.35801466133956555,0.8363854038169596,-0.40724868145001164,-0.6483300997517514,0.7436484823266944,0.14715828075885928,-0.1320095615047977,0.11752908210018567,0.1640331546365849,0.7283446364176116,0.2400536817315057,0.008768246888700659,0.48136693669590375,0.001392757660167131,0.02619412984615727,0.21676996791860917,0.26447105788423153,0.09374384103768164,0.02126907825821068,0.04498891327592796,0.0,0.019729878595508833,False
right_tv_network,videos,2026-09,4,702,0.6501001558041819,-0.20295005126996513,-0.24135481914952883,-0.42749130890979536,-0.3926325394998971,0.5800186661125004,-0.3695974683403244,0.5886873885644719,-0.03546672483209304,0.09043251365739194,0.3817854987941134,0.28521812126575646,0.7805799757660219,-0.11874810648721204,-0.11925094465092302,-0.48423428636089505,-0.5431479758051009,0.6193847901078399,0.048520456769515975,0.9524844478547925,-0.1290444043403675,0.3159842315930332,0.6517484898143449,0.3202533891053645,0.010070345731590429,0.45079360761821863,0.0,0.030781924346280784,0.01342863878224557,0.27265188253519235,0.06117559361901653,0.006774549118962131,0.07052642077394553,0.0,0.04776346943956562,True
streamer_reaction,streams,2026-01,1,28,-0.2114319423581183,-0.2143321549069481,-0.4089248073533503,0.1989918209487656,0.0318558830312035,-0.4797599419749114,-0.9237335832691586,-0.3883246732767351,1.8394133957110037,-0.6607820738102729,-0.0811454814017828,-0.9004866218781018,-0.8715542767529929,-0.1189881753630787,-0.3902839548287437,0.369381082558608,-0.3018759461989155,-0.6930555104909367,-0.7346069743394726,-0.7448752127885516,2.237010263489766,-0.8997245646288281,0.0536699972105974,-1.125292437318377,0.0,1.0,0.0,0.17857142857142858,0.0,1.0,0.03571428571428571,0.0,1.0,0.0,0.0,False
streamer_reaction,streams,2026-02,3,75,0.5721564585910177,0.6254815995207431,-0.4427350433402189,-0.30514547090078187,-0.23431769740821198,0.6170785722885815,0.2981713540910976,-0.18909898983354131,0.9384327139024132,-0.31996757604766457,0.44455244375556296,0.054260360451064145,0.5026253540502802,0.7540149746217774,-0.4676066630277926,-0.07927550637992604,-0.4524144464274588,0.47201626365862676,0.4075677188082359,-0.30767773789246816,1.2274339448358098,-0.3092800242162873,0.33870410973534987,-0.22504201028015583,0.022222222222222223,0.6686909581646424,0.0,0.1338731443994602,0.0,0.3333333333333333,0.09919028340080971,0.011111111111111112,0.44669365721997306,0.0,0.012820512820512822,False
streamer_reaction,streams,2026-03,2,43,-0.1438227180851947,-0.23039743789150247,-0.07400002921660678,-0.1708851540858231,-0.3230661543416341,-0.3283765206707107,-0.093364634890192,0.11321645393460267,2.7101759340109903,-0.5817230044027415,-0.23516145930363153,-0.6291760627925618,-0.4188625029216244,-0.35289276843845463,0.06341613639946905,-0.08463764734444175,-0.644580941385442,-0.12983315445816715,0.04614700192187335,0.08968755376121174,2.916715919726049,-0.4366710554560883,-0.3119506039279343,-0.5365350346580152,0.0,0.65625,0.0,0.11226851851851852,0.16203703703703703,0.5,0.018518518518518517,0.018518518518518517,0.53125,0.0,0.0,False
streamer_reaction,streams,2026-04,1,31,-0.1051617770073823,-0.1866097133132957,-0.3008465298294836,0.242332451467664,-0.0128017038271809,-0.4474169445116475,0.3387194557569069,-0.4094119956951066,1.2405943681064824,-0.8256473961680723,0.5998495133903541,-1.2796245691343098,-0.6449249334123032,0.057130834955293,-0.284844433725956,0.3946364214762344,-0.3095851126005374,-0.3713369373333947,0.4731812806931053,-0.7331065364704903,1.547330100008476,-0.9077734349165354,0.5663357200535653,-1.2773520294119145,0.0,0.967741935483871,0.03225806451612903,0.0,0.12903225806451613,1.0,0.0,0.0,1.0,0.0,0.0,False
streamer_reaction,streams,2026-05,1,29,-0.9773860682733954,-0.1875847198944457,-0.1391568301017761,0.6264138373595807,-0.4133726013512043,-0.116800746848533,-0.3719061249500444,-0.1727969426571455,1.6879838321730882,-0.1723930161509273,-0.04583186630555,-1.0074793645246831,-1.476925076581592,-0.0032621814074864,-0.2153852682395962,0.8393623929371795,-0.657493579777827,-0.3754010199969714,-0.1800170361488071,-0.3185492642481765,2.0025708899717385,-0.2952535961983036,-0.0610081961518633,-1.028527876390351,0.06896551724137931,0.9310344827586207,0.0,0.1724137931034483,0.10344827586206896,1.0,0.06896551724137931,0.034482758620689655,1.0,0.0,0.034482758620689655,False
streamer_reaction,streams,2026-06,3,64,-0.8314917295962071,0.6748902623983826,-0.2792315585248651,0.19802029041867206,-0.3360618526109948,1.189755776707565,0.3676895433446308,0.3314163961238669,1.683998825468674,0.06424594199713392,0.4840868172894324,-0.8429702087349732,-0.9259345322822478,0.7359642588332065,-0.5033882864399217,0.3219971379635626,-0.5743864163761483,1.5167968935473748,0.369194674095302,0.20301240450722932,2.021241163902427,-0.09304477919193603,0.48154370908248656,-1.181861742915308,0.022988505747126436,0.8766283524904215,0.022222222222222223,0.1507662835249042,0.022988505747126436,0.3333333333333333,0.056704980842911874,0.022222222222222223,0.65,0.0,0.0,False
streamer_reaction,streams,2026-07,2,51,-0.9766941676137135,-0.3085121493312187,-0.35681577032748796,0.15222802670427465,-0.43926650479781076,0.40718836729612967,0.7057308186903501,-0.007420109884599151,2.288286981918796,0.42445232076647194,-0.5331432342626993,-0.8510065766717555,-1.1982874980562064,-0.12701628008386626,-0.44777634328042054,0.3680408425354416,-0.6666686137597958,0.3957516053337538,0.7604477643533984,-0.2609393356336379,2.6744565574162884,0.20105809242917966,-0.4912190872474466,-1.1975540931883495,0.0,0.9023809523809524,0.0,0.06666666666666667,0.05,0.5,0.08095238095238094,0.0,0.6023809523809524,0.0,0.0,False
streamer_reaction,streams,2026-08,3,85,-0.008707283615083513,0.07947696528270069,-0.5188780427853296,0.11348296693347708,-0.38711501805990717,0.3362828662033059,-0.11193217451347297,0.08757172048608236,1.2983717712855312,-0.03472165039575407,-0.2723742174308927,-0.6041918842058148,-0.1512597238967427,-0.032941332749057604,-0.647143872565385,0.1554068637531905,-0.6233014056902942,0.6201115292148905,-0.01657204024893592,0.013515606315115836,1.5708610538713146,-0.1470080404751414,-0.18095245772793478,-0.8977642801629195,0.042328042328042326,0.7978835978835979,0.0,0.053015873015873016,0.047619047619047616,0.3253968253968254,0.08507936507936509,0.02666666666666667,0.4342857142857142,0.0,0.0,False
streamer_reaction,streams,2026-09,2,38,-0.8330692391436632,0.42609432890726806,-0.2611252435928988,0.40303294508040144,-0.2996762750479317,0.6161506351712926,-0.706040290729695,-0.4719330559692479,0.3583807177068785,-0.9595279418374265,-1.3649394590212034,-0.5934586531286649,-0.9819774497983822,0.6360897348387072,-0.08743095473233509,0.596895839532904,-0.5192302919820195,0.03448941667717387,-0.21752786339419455,-0.10294025696046616,0.4948192141300586,-1.094623510442745,-1.8158352328986036,-0.8003138634342275,0.075,0.9222222222222223,0.0,0.10277777777777777,0.0,0.6944444444444444,0.0,0.0,0.5,0.0,0.0,True
streamer_reaction,videos,2026-01,16,617,0.21604832293153317,0.004947749940917408,-0.4374163278462356,0.09344978726783636,-0.09067164768376684,-0.4037412870149547,-0.3858300590513787,-0.002133673630300188,0.09708738356842125,-0.3177053029820965,-0.6372545633385812,-0.47598728044149113,0.2833832058358046,0.2049078331069482,-0.5782747050435056,0.23913580661954634,-0.21728391194510144,-0.5770558790361224,-0.3119910914607886,0.4063796775042756,0.3021491389566023,-0.32431639769323073,-0.8028026707389342,-0.7054818677622926,0.045565623816102,0.6429637420271207,0.0,0.11017795981554007,0.0021813073055309082,0.0625,0.06320838104918272,0.07388585994662328,0.08589960725706704,0.0,0.025640756149472893,False
streamer_reaction,videos,2026-02,17,718,0.1658212104917535,-0.10261472446179132,-0.4275652888941485,0.1560651500258775,-0.20287891606466757,-0.4253158198109254,-0.24029733529033706,0.09040662709522158,0.07266769682201214,-0.3501592794433552,-0.7250879770250611,-0.45922971544807495,0.20942857465768058,0.09665677440401085,-0.5804185433187469,0.3142580488661292,-0.40024754592663186,-0.5238345854118431,-0.22009746840457078,0.32733415200681953,0.3179936363485524,-0.3978989967567158,-0.8898563510687368,-0.8110139430146162,0.04257466403083987,0.6442090385367703,0.0014667403054803574,0.06936198762692568,0.004474406395418207,0.058823529411764705,0.07109060508731206,0.11646173284615227,0.133505706302711,0.0006325110689437065,0.02964822457493721,False
streamer_reaction,videos,2026-03,17,796,0.060865246691007034,-0.11634417250970432,-0.3569723673998199,0.16635064275318542,-0.010072619091513175,-0.580354278563926,-0.2820844022512686,-0.23118315735320133,0.0023529752405929104,-0.2748174822312581,-0.5760734296266794,-0.5858801084620655,0.09867834456150497,0.2113945716247663,-0.48535646789674614,0.37134581267988986,-0.0785123806726494,-0.7540582341400739,-0.22732201702889188,-0.44099278297450706,0.23819639876537416,-0.18101027878431342,-0.6705111921967845,-0.7373284486325765,0.06113705102425355,0.6751661146059095,0.006256180854027858,0.13632463537154457,0.0046664473282701955,0.0026737967914438505,0.06852667020321782,0.1183956136899507,0.12067606601485273,0.0,0.03369119162805171,False
streamer_reaction,videos,2026-04,15,835,-0.01650821230492176,0.04443199034347464,-0.49886222294605154,0.12788887805539156,-0.21761768053015054,-0.3903462972624762,-0.18007550526382365,-0.347931591608796,-0.017205918734804124,-0.43837986344836793,-0.7161915308097261,-0.6120898155042335,-0.04316672801926633,0.35984219719242333,-0.6015337792708668,0.3440583732124189,-0.30302783301334446,-0.5998081806902203,-0.09476081622914985,-0.5558765843087978,0.25731877881908094,-0.388558055789694,-0.8507119370051792,-0.6983076263933747,0.0462351534600231,0.708181772705398,0.0021135265700483095,0.07795160873023833,0.004861653222308959,0.0,0.07384500924503362,0.12498403236108155,0.08067065545963552,0.0,0.024712835153658696,False
streamer_reaction,videos,2026-05,18,747,0.3305322095542905,-0.037666905579035764,-0.2714913524337949,0.13594540541495725,-0.03470999310061709,-0.5440308502784591,-0.2465243001426582,-0.3333196199016339,0.17677855527488212,-0.5128073899736452,-0.45467984552490737,-0.5920857128282613,0.38294226642164597,0.19628252319636685,-0.4331043557420188,0.2644509653398734,-0.15863681173297375,-0.5567300393805046,-0.20663734676408607,-0.5366865936270487,0.3719296274847375,-0.4835673718755527,-0.5044231495819955,-0.8939833411371799,0.03442988634733278,0.643700196887971,0.005631837558095979,0.08749802732504046,0.0010683760683760685,0.0072405739072405745,0.09858718454216396,0.13146992863084167,0.12218299928416654,0.0,0.0440328411911313,False
streamer_reaction,videos,2026-06,19,760,0.14315828141337078,0.0279387130472685,-0.34497941465421483,0.038607039682700676,-0.09715080870921691,-0.3322721621514973,-0.3278911156753606,-0.07799669014897315,0.01172630761200163,-0.4077201950491538,-0.8402203794095874,-0.41535469208544457,0.28243519335585604,0.25476122300766546,-0.527251154666418,0.2147884577378333,-0.2189716546884056,-0.48735205142099586,-0.3303882940063171,0.24457050428351176,0.2405570047133894,-0.475051420386837,-1.0220901827074351,-0.6904330630373806,0.045098146403768864,0.6350214301038827,0.004138370118845501,0.0871584095138997,0.007059509238211809,0.054385964912280704,0.08377707606044409,0.06306687087671808,0.11500678948396936,0.0,0.029136516098784117,False
streamer_reaction,videos,2026-07,17,770,0.03637124329257402,0.1308936203891255,-0.2962020447539734,0.19794416723635874,-0.12117092944187953,-0.46256888752092845,-0.2818586228936844,-0.01541888181217513,0.06574310307013206,-0.24430424214354207,-0.6603219781676269,-0.5728829971008101,0.18033807779562602,0.33544134193822994,-0.5023470913168112,0.33007072103309176,-0.2250212948421734,-0.6051823303411883,-0.27037389245782095,0.3434789068767865,0.27105820053258106,-0.3201194460387146,-0.8274244239879608,-0.8819038835703753,0.03238805059887155,0.6667556063672828,0.000676132521974307,0.07138962969229308,0.007130744518581009,0.06108597285067874,0.05697029773835339,0.07864997850817405,0.14744436939767253,0.0,0.02539661278885884,False
streamer_reaction,videos,2026-08,19,961,0.044405955474566404,0.177550198298887,-0.33907742061073715,0.12410254506322412,-0.024225888227505644,-0.4182346990173072,-0.24018791076728777,-0.09564000147085298,0.2502322575595561,-0.31471058055387546,-0.6315887125648693,-0.4190922500274889,0.24048251248258692,0.33702255680547605,-0.5450101010604274,0.2563087925819178,-0.15895991849137134,-0.4729624337292061,-0.2907355049333645,0.17248211986134954,0.5060657817441815,-0.402697149196097,-0.8180663253632465,-0.7597120136498065,0.041697858147620066,0.6434542450155484,0.0013157894736842105,0.07496732445646578,0.004772867744082967,0.05388471177944862,0.08164917885185283,0.08256061756115135,0.14449780239407337,0.0,0.03884763538471514,False
streamer_reaction,videos,2026-09,18,565,0.06533762840093665,-0.10090129945748333,-0.30245889663574754,0.08457650197602895,-0.007727292720757697,-0.35851350497083345,-0.24351972823002577,0.06421938237808303,0.07920704864478366,-0.38324075137866853,-0.907512206659871,-0.358236837096009,0.1979160136763105,-0.012820414868801151,-0.4949406475516558,0.14731923100530636,-0.14210080783993767,-0.3467271978130068,-0.20549622004957113,0.3716497883007277,0.23124480732150043,-0.3884313533772809,-1.0068042163314186,-0.6139989423962597,0.048174366705132005,0.6023543623845894,0.006981479460471057,0.06925147463138633,0.00625,0.05555555555555555,0.06558897092508725,0.08154625627981694,0.10658805154977388,0.0,0.04683860842091939,True
us_legacy_tv,streams,2026-01,6,315,0.29090340777330953,0.6498012742378596,1.4134040082469916,-0.1993965267685529,-0.36622788300732206,-0.1434188229567592,1.30131432764692,-0.4894123666443395,-0.6028822836070512,-0.8238235955479958,-0.6353183004365327,-0.1319139966469882,0.3319535444323825,0.35549851990143305,2.0293511491692673,-0.3121997243811052,-0.8054220058895606,-0.0644736218217827,1.8961146680262264,-0.1953968190051849,-0.7442111649978568,-0.7287400750029246,-0.659330964499532,-0.05266237883910926,0.01067917263113508,0.15176149209066173,0.0,0.005376344086021505,0.509955209568557,0.004901960784313725,0.053897737484624786,0.001792114695340502,0.01602543130711684,0.0,0.005747126436781609,False
us_legacy_tv,streams,2026-02,6,387,0.5168793088978145,1.1366270493791846,1.6597734856872757,-0.23658794477962974,-0.4249789827069852,-0.033188992166948685,1.4217380940304276,-0.3205164695463359,-0.675243506778694,-0.7835165020702343,-0.49899053604034976,-0.1470910488772806,0.7545330125206693,0.9280543340326187,2.3308396309187427,-0.36321279811647905,-0.8775059440063009,0.23748491800751848,1.9682309588464542,-0.10491782976968479,-0.7455539163493733,-0.7106612146828067,-0.4020664949295687,-0.059717694585718795,0.010755148741418764,0.1346519135663236,0.0,0.004767480762796922,0.5912724212637396,0.0,0.051291222342782106,0.00860286516024221,0.024493255528791624,0.0,0.001366120218579235,False
us_legacy_tv,streams,2026-03,6,308,0.5136230498949327,0.5772347692388472,1.1915959534041594,-0.17932746670707314,-0.2478038343167742,-0.3570489211314485,1.0873246284559483,-0.34479992647696894,-0.518814125184989,-0.6078554465915109,-0.24566941145909205,-0.3960051897379195,0.7131957476410203,0.3079606156491102,1.9689360732376857,-0.26033300321578184,-0.7477109207129106,-0.019971236510560365,1.6779144297677508,-0.055635347902695316,-0.6550523314831881,-0.5048781731318951,-0.1516787511232814,-0.09776208506346713,0.012878787878787878,0.19404433605849813,0.0,0.005376344086021505,0.5003201623972671,0.0,0.07125054259200601,0.040575891165977714,0.0253968253968254,0.0,0.015344501929867783,False
us_legacy_tv,streams,2026-04,7,347,0.11711796082153673,0.48671528923896845,0.8026038810548768,-0.16656248666305062,-0.2939518817893906,-0.43769256342747315,1.1157967034508849,-0.4066180099946647,-0.3099100317599852,-0.6106400520841341,-0.6286772341017608,-0.3164143855872824,0.5592993603092322,0.1623056241783056,1.7256763500277008,-0.29016935810603506,-0.8509660180873582,-0.400096407235405,1.851878261320415,-0.061586622417298065,-0.42051600028174446,-0.6305157383727903,-0.49087646019609943,-0.06709429977205793,0.006235827664399092,0.10369566415459983,0.0,0.002040816326530612,0.44284586009982135,0.0,0.08542585394741194,0.002040816326530612,0.010006833783741806,0.0,0.0,False
us_legacy_tv,streams,2026-05,7,346,0.576756355261985,0.7042918030812685,0.9278415117872731,-0.2542503322245884,-0.1908570709319786,0.14889030563155642,1.0714847171526467,-0.24363297814701296,-0.15231790438457485,-0.7131630697312249,-0.18822645864213977,-0.3525305760391503,0.8142870110175975,0.5199293488046632,1.6049752535132704,-0.3310735716716468,-0.6221518609306439,0.4641921777839887,1.5477571169736988,-0.008789095533917062,-0.19440293521514182,-0.708982635363805,-0.11661055757447193,-0.09973140495527481,0.007456627879163091,0.1349650182145152,0.0,0.06979984301412873,0.3914867242080522,0.0,0.13410437650880308,0.0,0.08133830455259027,0.0,0.0,False
us_legacy_tv,streams,2026-06,7,257,0.24283829798051096,1.047422460143728,0.886077924267411,-0.21682836663497726,0.008477681103610944,0.1011132610363679,0.9317464739165704,-0.41514420315709094,-0.21599065278134602,-0.581298209646805,-0.407382537161933,-0.44900310048748954,0.6726356989199447,0.714011155219289,1.6665780118108862,-0.33660106837411397,-0.5012056543582765,0.30587793112516465,1.3660244801763723,0.001777737365292183,-0.19764148483984276,-0.6521438678535267,-0.38816249036421774,-0.28317946265974714,0.010631925726265349,0.13216193051833364,0.0,0.06349206349206349,0.38462491315783576,0.0,0.09391192866863174,0.010052910052910051,0.04146950184686033,0.0,0.03492063492063492,False
us_legacy_tv,streams,2026-07,6,203,0.49928414150301204,1.1022163445923872,0.7480593101772269,-0.04758313974401146,0.12558380164824093,0.10943449619207594,0.8824724756717911,-0.12355880352317879,0.014989712007403821,-0.4961127472192299,-0.228194848346407,-0.2163392757449146,0.9915173809054245,0.7871088687241891,1.6157536463829694,-0.17126382941838658,-0.34735916704459857,0.5017563944554908,1.2472568717914438,0.2882468117510284,0.12731829855726348,-0.5516116774992299,-0.14041046789781722,-0.06969674720144166,0.0,0.08443532666792429,0.0,0.08452807646356032,0.3858456176283001,0.0,0.19236675919188653,0.0,0.06890209394453876,0.0,0.02150537634408602,False
us_legacy_tv,streams,2026-08,6,320,0.3695089316227695,0.9390098563987054,0.3279420615950765,-0.14638249262329592,0.1015361175207189,0.22432703015250346,1.0732199116391754,-0.29787780975684364,-0.18021937693231838,-0.681399589715658,-0.15041367916240947,0.005302124098547707,0.7435833430199641,0.6065321428776606,1.1011564617026723,-0.2245114324832941,-0.3456087148374689,0.46571373267002475,1.4498244105308242,0.09642308953634504,-0.11845684717150647,-0.8043143676152439,-0.23253169225955742,0.06793190496138128,0.004273504273504273,0.0918705723500244,0.0,0.09829059829059829,0.2807269490265321,0.0,0.19589209595910015,0.00228310502283105,0.09280411782645255,0.0,0.013308913308913308,False
us_legacy_tv,streams,2026-09,6,177,0.1291626130218586,0.9279722698871863,0.6997022470784179,-0.10154822772317555,-0.02540549555563536,0.18677105777823125,0.9473990339377011,0.03386649625599938,-0.07554423037898071,-0.3265374997588713,-0.5425302834672932,0.09423380858907619,0.7261078707146308,0.6603357272160598,1.4604944906440627,-0.23787151064886172,-0.40568977232570175,0.27831586720813856,1.4000244880891157,0.8010095330735182,-0.017684735390418056,-0.38328824448681903,-0.6043599306855005,0.09565615248045245,0.009259259259259259,0.06331261331261331,0.0,0.06481481481481481,0.31331261331261334,0.0,0.1343952343952344,0.0,0.044444444444444446,0.0,0.018518518518518517,True
us_legacy_tv,videos,2026-01,9,5876,0.7728212150208109,0.443154407353646,-0.16378154286621927,-0.0553796665351529,0.030071857768323416,-0.43889008001452745,1.1920445807037965,0.13773879656037494,-0.3200091755143747,0.8013123038519334,-0.090787923570773,0.08522518329446976,0.7289248331339926,0.3209712334530949,0.0027371173805537477,-0.17301337086091084,-0.17740641191755963,-0.42919021442524785,1.7442116722346037,0.3614488975408907,-0.47323240343165274,1.0785275599636563,0.03638428215666593,0.21425471268327648,0.017938650990573873,0.3247279463600146,0.0005558414402051835,0.061953406968433336,0.0232611857492185,0.018518555426660373,0.06544932971149094,0.028615924627232274,0.03913036196320837,0.00012025012025012025,0.02677971207005855,False
us_legacy_tv,videos,2026-02,9,6883,0.7187781918950767,0.36706107373945795,-0.13306448710733823,-0.07511583680019511,0.13511449920480195,-0.40352397502521264,1.1732681435782677,-0.017714453885526563,-0.33161682663535286,0.804312988188852,-0.13312829466762982,0.13966041726954645,0.8083955543868506,0.3341889479881425,0.03430237350522452,-0.1882592318416752,-0.08637471337188547,-0.33179736537075216,1.7364385578199186,0.11560286726721923,-0.48088068401635614,1.0916572170413013,0.07741025120026307,0.23473154638719185,0.018004297740001163,0.3154502612883267,0.002439876369406894,0.07495823476656717,0.02814751377207042,0.017390341688721223,0.06790453821392185,0.02155604787059504,0.045252514995990284,0.0005898498440697358,0.03160166849687781,False
us_legacy_tv,videos,2026-03,9,6467,0.6791731078991233,0.2400390380949985,-0.12255774250731719,-0.06361270453406245,0.051628157867868986,-0.45937681165974315,1.0955071580111202,0.1413942803802129,-0.18576866380170362,0.6457087297689765,-0.19029105151772632,0.02297866673182428,0.5578167443484827,0.1845000998648649,0.042741853411713764,-0.12470954749611225,-0.12666322114258788,-0.3948342971900267,1.6257580068683801,0.327388821040149,-0.33151920386255,1.0505786489055837,-0.05267603464599173,0.5008174072072584,0.01650986713476554,0.37048953370326276,0.0022031180833772448,0.07337715571702325,0.03453494496702822,0.020124213026130915,0.08021990068689468,0.0315776447595041,0.05699844506694862,0.0010169297212233664,0.03784827000537688,False
us_legacy_tv,videos,2026-04,9,6641,0.6228104574339758,0.4802450446137752,-0.12942233267563155,-0.013320840182486257,0.07738464795620686,-0.4158337961952509,1.1381004286732077,0.03320432961307133,-0.1573060027423453,0.6079161414315735,-0.030571118553855067,0.03971656744952504,0.5973434633614683,0.3727291776796312,0.09206168702771986,-0.08959321162750017,-0.10406937678157197,-0.497510467920689,1.6523371550782626,0.2896382027448128,-0.29172798764688407,0.929115898777928,0.07896709924422542,0.4866381554843557,0.013594660300483074,0.32466965642554424,0.0013670999795364737,0.08068411693461723,0.030004728016537436,0.024209826318260054,0.07525293444964133,0.02062293372121988,0.048782725910618635,0.00021945646945646947,0.043479878984956734,False
us_legacy_tv,videos,2026-05,9,6185,0.6377723080314062,0.31471360486940925,-0.08687382954663016,-0.033658715786862047,0.07873516108230733,-0.30050582101540546,1.1280007709434579,0.11670648270100714,-0.13871232676476633,0.6181945696254935,-0.11931129982565943,-0.03346948572872417,0.5873484926628098,0.24849383840810113,0.06724384941627008,-0.10765341710590548,-0.06265025169037015,-0.3054505984951847,1.6038315748827154,0.3201514395352889,-0.2555758968878704,0.9066069834078649,0.02097061221784488,0.2727576758472725,0.01827854800209026,0.3364613489957215,0.0033401056953275164,0.09591821741560144,0.032910925237668746,0.021677392757045458,0.0848201270651077,0.021531679179143146,0.06859587608463967,0.001960710777395505,0.03948372539015376,False
us_legacy_tv,videos,2026-06,9,5984,0.7130490718450635,0.31673923878379073,-0.10290331332429596,-0.06088806607700422,0.15779125286159865,-0.35309881309936086,1.1526591841971066,0.13089819965620325,-0.22157935298451137,0.7604254261195507,-0.1379651730889171,-0.001331898099643267,0.7448508504091964,0.22384821969605884,0.0038232036444372786,-0.15054557944741512,0.008427624311754969,-0.29073973395758945,1.5536256142882763,0.3459612871082658,-0.31648783970128774,1.0151158301308296,-0.0032508376847830206,0.2025288513885586,0.015978334082331753,0.3319052962211431,0.0009277641157927623,0.10138529883330853,0.031426670836820055,0.019243448531599046,0.07695799359333129,0.024943581302501808,0.06321963074311099,0.00012428535918468804,0.048623019305937855,False
us_legacy_tv,videos,2026-07,8,5828,0.7279197022816439,0.4334145724736003,-0.14995486369939656,-0.07590736267502637,0.10704688521664579,-0.38320338418599775,1.1857757826915938,-0.07858407660830995,-0.177232558904913,0.6658697428987862,0.13521039034931345,0.05663844433483285,0.7765411411672598,0.3832874697176723,-0.002417478395516634,-0.17651007148074244,-0.05648166588149012,-0.3355750154331562,1.6596089591406666,0.12978209573028515,-0.28411443363483296,0.9405623286809656,0.3573793577338661,0.31384339025464325,0.014698937931823385,0.35089502986907894,0.0020635473598603934,0.08679015966831331,0.03178602939503762,0.015785587439320712,0.07634103498771473,0.01807958658300466,0.05104153432356191,0.0,0.04665941337575867,False
us_legacy_tv,videos,2026-08,9,7957,0.5535254741481112,0.20765488424094414,-0.19037795457845622,-0.12226104385913891,-0.013587599957992838,-0.49231339998704154,1.2555952238926253,0.039846585113959006,-0.1920229850660591,0.5674122267587226,-0.2324140913680655,0.04899071485917209,0.5152823960446478,0.15406867570212965,-0.0757519753034143,-0.2226235998893324,-0.16324980215683071,-0.5000993677085633,1.7201233292903266,0.22714438094330522,-0.29767118064828585,0.7968441955938231,-0.11695579465090061,0.23144119270556246,0.0119244036456877,0.35921046663038975,0.0009461745207202395,0.07048320522778183,0.025362803766317926,0.018001877864399433,0.06342279790874088,0.022904916654903566,0.05938597907711231,0.0005916126733800546,0.037668842093346616,False
us_legacy_tv,videos,2026-09,9,4259,0.46340035191274026,0.5000716872982246,-0.18069051355474708,-0.08402239495197628,0.06762801004300953,-0.5358718396682115,1.120537043002602,0.06848550005452309,-0.179706606751484,0.7056877652421036,-0.049779033287508614,0.13743385300087918,0.5624457126967851,0.5631897223140956,-0.09251651516865889,-0.18261486167021765,-0.01734911605628704,-0.5634189680525907,1.6578402866808215,0.6830991936442568,-0.30273427663402797,0.990977906712809,0.03911505638012897,0.30365920124734186,0.015912691703866617,0.2751836531520419,0.0005749500489256856,0.07764945905449672,0.023277235803200333,0.022263916592775712,0.06790161370411135,0.01772252820811844,0.05079501432553615,0.0009076490341127344,0.046971828971601085,True
us_press_print_digital,streams,2026-01,3,109,0.6551430345483783,-0.9985802852909796,0.16745316750155523,-0.2760659260867324,-0.4696806383295022,-0.002608483552730837,-4.010301105098849e-05,-0.11727325519803311,-0.9377542271989583,-1.1116531485121126,-1.019716605933456,-0.05296595914030596,0.7903294704351432,-1.1421628605470264,0.7290721088780915,-0.42261474528804205,-0.9145431547964548,0.24868711122943574,0.6125566191828722,0.3436965943017982,-1.1267007411027132,-0.931573963976006,-0.7181266584922373,0.03631126273322203,0.022283272283272284,0.07967032967032966,0.0,0.0,0.36762311762311767,0.0,0.06969881969881969,0.0,0.006410256410256411,0.0,0.0,False
us_press_print_digital,streams,2026-02,3,156,0.5705297143997102,-0.9226647851174592,-0.15146843208171132,-0.36944811630648694,-0.38049889311376184,0.08154962767684973,0.10789525145257502,-0.30531529374349503,-0.8384239898553855,-0.8531152476150087,-0.7976393463484998,-0.14747632532673924,0.9205459031445641,-0.9994203601312884,0.5469934028023613,-0.5257898817893634,-0.9061900870758434,0.5545351492642302,0.8464252870910342,-0.1946580295170298,-1.0697029628515742,-0.8280476040546755,-0.4078532183179131,-0.039458558686260595,0.03185185185185185,0.053015873015873016,0.0,0.018518518518518517,0.2834920634920635,0.0,0.04338624338624338,0.0044444444444444444,0.014179894179894181,0.0,0.0,False
us_press_print_digital,streams,2026-03,2,102,0.1539363676211789,-0.4977842890217631,-0.3319554258428851,-0.20478384621269466,-0.37660486504493185,0.12119316154701901,0.4158246393907605,-0.034028585811893296,-0.7846870031276518,-0.7787349739242322,-0.5733905838939617,-0.0875568460091072,0.5485036705904711,-0.6795933913035679,0.4006531112481488,-0.32647015683710623,-0.8775351835957375,0.8051294980022263,1.039783721267481,0.03530589420453355,-1.0004918244331087,-0.6240545531492722,-0.11362031631987556,0.1420978628827373,0.009433962264150943,0.1438197920677705,0.0,0.0,0.24605313823642666,0.0,0.10685406237966885,0.019638043896804003,0.01020408163265306,0.0,0.01020408163265306,False
us_press_print_digital,streams,2026-04,2,110,0.0527792671748572,-0.7547315144820194,0.17160522332252048,-0.2522969171035104,-0.40106758336592496,0.6590408592124984,0.280742943995852,0.023653604864169148,-0.9411114145588955,-0.8230057248865612,-0.47151254557539873,-0.1581511259643921,0.544333388134454,-0.9292774908572735,1.0425763751698998,-0.4211757401839469,-0.9836139586444099,0.9840893144985221,1.1535130124217206,0.10329266179178055,-1.2402091200643273,-0.7225565881214346,0.08447327581895325,0.12134875272360299,0.01827849783981389,0.09272183449651047,0.0,0.0,0.4581256231306082,0.0,0.12794948487869726,0.0,0.00980392156862745,0.00980392156862745,0.0,False
us_press_print_digital,streams,2026-05,4,145,0.6905682817903982,-1.1341051598579377,0.7227780538496086,-0.0632832641309047,-0.6587220244490979,-0.04525876804646911,0.647458953424544,-0.06827051750907373,-0.8729891606753166,-1.0332729947011214,-0.6774961800035918,-0.3252135644564717,1.143111899074155,-1.2324273625890858,1.2412449757098047,-0.1783169349076941,-0.9057898768001406,0.2828527760800075,1.2330239953579627,0.16591472828407086,-1.0804648434694497,-0.975949990263567,-0.22885208225737272,-0.09353158787733803,0.04195878932968536,0.05901621265290747,0.0,0.0,0.4625516093697337,0.0,0.11007014661274014,0.005813953488372093,0.009437141894169195,0.0,0.0,False
us_press_print_digital,streams,2026-06,2,87,0.6730250131067406,0.47776082504435835,0.310912532090401,-0.36239052801019334,-0.5529470459832398,0.053306579694627376,1.7469178640393674,0.16403698580656595,-0.797570917506238,-0.6442959846626711,-0.009623613940305198,-0.40254989074667313,1.148429393080028,0.34391238526134876,1.0429151043427654,-0.538066555117072,-1.046102845107407,0.395631386947486,2.511517235075426,0.27245240561789574,-1.0679255345808107,-0.6025230601372905,0.511500752642112,-0.2190225911885659,0.027427490542244644,0.05485498108448929,0.0,0.0,0.4750945775535939,0.0,0.08228247162673392,0.038461538461538464,0.0,0.0,0.00819672131147541,False
us_press_print_digital,streams,2026-07,2,77,0.6876137230300493,0.38039002420374374,0.1531871247823785,-0.354463607304467,-0.3257633538864505,0.2086601014409485,1.7036257843212432,0.4413586950709958,-0.5365587833085104,-0.595159524345869,-0.15333000924709034,-0.2497608865225985,1.403177423650133,0.17302911101846383,0.9803385335714687,-0.5145420798767316,-0.8343723190422261,0.6566332061940052,2.376403564991387,0.5794116800562732,-0.8239801318750504,-0.5532928642320212,0.5315625640527393,-0.10044672753766315,0.0,0.07588652482269503,0.0,0.0,0.4804964539007092,0.0,0.09397163120567376,0.016666666666666666,0.010638297872340425,0.0,0.02127659574468085,False
us_press_print_digital,streams,2026-08,2,141,-0.00516749533862175,0.3879165364251767,0.2213051776590239,-0.39523976026230934,-0.40916736915035046,-0.3087808676148799,1.9684635038872762,0.4699025126517241,-0.7447829961891275,-0.3802217979059203,-0.6495142363321074,-0.0534670276653555,0.28182320349902884,0.30329907671069256,0.8505521525024828,-0.6003580635287393,-0.8471884637934772,0.19640728241108277,2.6808482291408553,0.697460072240341,-0.9819028201011524,-0.3277731037841208,-0.35406306299249934,-0.024771332104939398,0.00847457627118644,0.04609342703596528,0.0,0.0,0.42879288962381146,0.0,0.1443778420835056,0.0,0.02304671351798264,0.0,0.006097560975609756,False
us_press_print_digital,streams,2026-09,2,67,0.3026226792779105,0.5733502407834838,-0.167599368486953,-0.4239340670594745,-0.3906825648776841,0.07389423190140715,1.7275040682988596,1.0140897087852625,-0.4793088501768451,-0.10546505367058046,-0.9801006263447242,-0.3515794321742159,0.7261788847260421,0.5967141812427905,0.5121163271731428,-0.664170376747664,-0.8090207097509632,0.5872945325825546,2.4757869894850835,1.485319689865504,-0.708440382408549,0.0201421656245066,-0.6912982572517022,-0.3505118691308763,0.017857142857142856,0.07921245421245421,0.0,0.0,0.36996336996337,0.0,0.15567765567765568,0.0,0.02564102564102564,0.0,0.0,True
us_press_print_digital,videos,2026-01,11,2021,0.7450103086501181,-0.1847450960099368,-0.35737332858025933,-0.2706859911296244,0.8687150488561186,-0.22302174632881322,-0.18172647331476208,0.2516564175133456,-0.42024295968374814,-0.03897633575878711,-0.0700257831737861,0.029339246838995196,0.747959899824007,-0.15943622453430953,-0.2756460935220969,-0.3093602641898869,0.7615354862274731,-0.28835733350772247,0.23752842652837414,0.35755637379835986,-0.5243738923349215,0.21007182666476407,0.214850387979335,0.18793502064137427,0.018573924768651072,0.3892998898350333,0.006087280564353468,0.22561910773915808,0.0046350717377045035,0.034510712217718585,0.07896538823979303,0.013918445014678371,0.04171398550586699,0.007584873757953015,0.0766153796713079,False
us_press_print_digital,videos,2026-02,12,2533,0.6106485158098375,-0.32172202642106,-0.33172656944220286,-0.12439726468423086,0.8801253323775647,0.016694713797306516,-0.049209508123815866,0.01091063614701864,-0.550545103513476,-0.0876986821349318,-0.14809572983153066,0.21957926641975678,0.740060134392659,-0.2753940102420621,-0.242718303078051,-0.18712324403729608,0.738050810866761,-0.012460746910547863,0.3624969982624553,0.06521048540565537,-0.6349366131427898,0.10513602022686164,0.20445056424692673,0.30144768761387014,0.010166827938944635,0.3925705642942503,0.001292062614245357,0.18364954553840365,0.008044889748661322,0.02776601998824221,0.07902809263599327,0.008475397467693895,0.043784561388428046,0.0027231751596344055,0.10868203349389145,False
us_press_print_digital,videos,2026-03,11,2447,0.479388317491089,-0.07373812363085018,-0.3304151150241,-0.08680818701520057,1.1685864442903233,-0.14127859820996128,-0.10772812084519816,-0.012684787260877572,-0.22667037511752056,0.009821908656362044,-0.1435224606091969,0.07407249754993266,0.594665822474254,0.01825845833409199,-0.23380066322160387,-0.13435926685071167,1.1046192008524365,-0.2086187058109953,0.3808793690315332,0.14064410247637538,-0.3379913637998311,0.3422853898523371,0.22495914042554155,0.43690558877697866,0.021454594182309404,0.382838798424905,0.00030303030303030303,0.2308570868305674,0.00717999074217768,0.028605482717520857,0.0900388721316365,0.011650960311606123,0.04608471647943328,0.003105534756158272,0.14485178845097407,False
us_press_print_digital,videos,2026-04,13,2643,0.4196251053507185,-0.1123078590042149,-0.33817012513769645,-0.10525879134417124,1.3463575676265893,-0.08071969073835678,-0.07813167151730409,0.007603771739982341,-0.5010702133510592,-0.15169783035988896,-0.2614450081949411,-0.03113566593962171,0.43730695651915663,-0.04620301384409869,-0.2512837496884717,-0.12408123425076521,1.3140721954342036,-0.20992474967155145,0.35811444135151055,0.10695964050260581,-0.5804853653490901,0.10540991362073816,-0.02859214200375511,0.3744759029401502,0.01862606759860225,0.35257878344185095,0.00047995475158385054,0.24233949386973816,0.009855880999861972,0.02475790243011146,0.0668858229785399,0.00836783581217382,0.0360656906615365,0.0014771022893335362,0.15393537739548113,False
us_press_print_digital,videos,2026-05,12,2844,0.6278224437660828,-0.18240705942599147,-0.2996063750757714,-0.08613185886338724,1.0430396803265907,-0.01696805281070975,-0.05432413163661067,0.08703276950879153,-0.4515468768751538,-0.07853170714163314,-0.08667690766944487,0.26302506159560635,0.8284363893880559,-0.14703126144384268,-0.22523358260093093,-0.17121251985469785,1.0635891228009882,-0.09733733462780354,0.37997009695564793,0.24497882153517578,-0.5418338775638109,0.07049742386672253,0.2714424580714059,0.5020416568314,0.01627894886861665,0.2996781885649204,0.001969469809443972,0.2397737021476258,0.008371614770684014,0.026741293532338308,0.059975478489278984,0.008040015632904511,0.029676872774183797,0.001420858187749489,0.11162070107966045,False
us_press_print_digital,videos,2026-06,12,2750,0.7985295541774856,0.1170921058113084,-0.2800848327341456,-0.16540867873814472,1.383102886419799,-0.11031657231834134,-0.15170370132492292,0.12565941839621722,-0.37049245222594923,0.003445506682366715,0.19107265301117404,0.09046645714305511,0.9532245290734762,0.14088280736348452,-0.23743353395475011,-0.2439817709300268,1.365839567681684,-0.19057049885230945,0.24398108241569408,0.25690168590103846,-0.4389595287573311,0.17081936605141568,0.4858548999905256,0.3098188528382635,0.011612351546555093,0.3253611631748598,0.001207493700242354,0.26889176760760763,0.015373118043281097,0.025837742504409174,0.07091818602359505,0.011861576327262658,0.045097418069330576,0.0011550016006221249,0.13711968909410543,False
us_press_print_digital,videos,2026-07,14,2751,0.6637606472945151,0.011000792323689433,-0.28012250568547037,-0.13360912375141282,1.7299681386306411,-0.2470460195671531,-0.02571856011577686,0.04109275800402236,-0.3866033446358754,-0.30928298835069573,-0.2918440346882579,0.0595543491744176,0.9112577688365598,0.045542126641434776,-0.18253245836179718,-0.2093935964008399,1.7386426638858195,-0.34894577146732786,0.37378379113442906,0.24847117843667174,-0.41893019375742035,-0.10605943967763044,0.0514160946429175,0.32781755294302684,0.008268904717381695,0.3160103000259519,0.00103309005853221,0.3050499708425264,0.011241798246697814,0.031059339268766667,0.09563440341903362,0.00399541661289408,0.02291391814347359,0.0007555095486855764,0.2021129419799444,False
us_press_print_digital,videos,2026-08,13,3956,0.5099299029551625,0.21205534182970132,-0.29312063139193306,-0.1664864311750115,1.8016039070723733,-0.29078381910080725,0.03297027322660974,0.11377691449911298,-0.42683224674284514,-0.21716566173394922,-0.21746533655857367,0.18675664948927534,0.7090791273970918,0.2509961684689364,-0.2552876025764717,-0.23837973956291197,1.819814735777495,-0.39954889834423246,0.4317366617318985,0.2779319375306612,-0.4969337878572285,-0.05379113146896715,0.05726864630294547,0.38455265386274456,0.02773312400832293,0.36303285925448275,0.0004195017662333523,0.3224780492448577,0.005556687576583048,0.024267735199503357,0.0689339903523856,0.004718096795319005,0.04527874966351892,0.004406003538717939,0.17885606629609063,False
us_press_print_digital,videos,2026-09,10,1947,0.3754180368941228,-0.15726629605153009,-0.34987698605297235,-0.2370132212759278,1.107627290863453,-0.10035112305726841,-0.07153954655406686,0.2833608911433242,-0.40567934434833275,-0.07589129429576791,-0.25382522750679704,0.03951406359572431,0.49687121117068783,-0.030832910179472706,-0.31597720495213283,-0.26574910192146917,1.0666530333686464,-0.23638199645600722,0.3568284667907343,0.5107372560486376,-0.4386321273940963,0.11289563709566994,-0.040228240083923984,0.2724912539642207,0.012796929332946284,0.3701204967673416,0.0,0.2169472017641627,0.005477975414416093,0.02425595238095238,0.08401419660210767,0.020806225028488518,0.050282382504088896,0.0012320730117340287,0.1632207597855599,True
wire_international,streams,2026-01,7,2896,0.08033666772874455,-0.13370251504033637,1.5130564700983116,0.046810762810117486,-0.3969575146840833,0.41968729243118547,0.26822622102174654,0.13119494395675682,-0.4494281929832385,-0.11165816763847114,-0.06585390897033112,0.16568959386067153,0.19520887502990522,-0.24871890960202533,2.130573630675183,-0.12149316552510904,-0.7801445781729164,0.6568258600867953,0.9791474243281941,0.586399351046151,-0.6200253878320623,0.2455026496624472,0.27363766134549294,0.5015842875044997,0.05718905986358848,0.3498935041169044,0.0,0.0364339189881659,0.7120085224314445,0.001124859392575928,0.09469972980591859,0.011696364761590987,0.06272741378209612,0.0,0.011860702578936651,False
wire_international,streams,2026-02,7,3174,0.20664719363496978,0.05410527518173929,1.5124180944096512,-0.00897691977672012,-0.41313204004413695,0.3064745600722127,0.2826758166830669,0.16874719647772984,-0.3586516581115265,-0.03009538850175275,0.09341751019161444,0.030771185644799286,0.4511517895382932,-0.009500297070455594,2.243882574640747,-0.15749246103598738,-0.8564670985667276,0.7131884564611312,1.0414043007261575,0.4126735712106254,-0.5367769167962376,0.3103042189614754,0.5176510864173615,0.39573443558646054,0.03809846453334388,0.31387706982898894,0.0003720238095238095,0.03068528706395259,0.7322730379782748,0.0009216589861751152,0.11133892070663216,0.013725650156285017,0.07740609287841942,0.00032430679422733907,0.01917686147900605,False
wire_international,streams,2026-03,7,2761,-0.24314372391474315,-0.09114324367248886,1.7024735409428327,0.12078305428638718,-0.3373831663228394,0.34196640536612477,0.2311147263949633,0.01718726541052456,-0.4996879537357555,-0.047808416871769906,-0.1432746146425685,0.3149523334992565,-0.247913965010502,-0.13530580695879427,2.2686224861327244,0.0031687421848208036,-0.701720881217139,0.6815785883335944,0.9874644061249762,0.22735585946941672,-0.6883839313491195,0.4258857808438237,0.18982439468313436,0.9166627506504168,0.022412079766849998,0.4171023455619367,0.0,0.03729055728987564,0.7026755186120763,0.0,0.11810316138986801,0.02006395007391344,0.07215691955192723,0.0007578628268283441,0.010597244754265057,False
wire_international,streams,2026-04,7,2917,-0.5552836951101632,0.047516585608446606,1.6890714525264527,0.06786900542462963,-0.33528320500626335,0.2914228862644485,0.20226487001957802,0.05092438444452623,-0.36009800915783124,0.05384661567357098,-0.1844996649629504,0.3538786181716551,-0.562717627279426,0.03246162289832311,2.364433886289428,-0.038373100725534695,-0.7360869899255853,0.5187329905591639,1.0480357839139616,0.24012492403708774,-0.5844312594653495,0.5111608757513866,0.15080313512887944,1.0736617805358903,0.030098983018631842,0.3939095925529659,0.0,0.06732130582058972,0.7041004792646948,0.0,0.10678889719131632,0.01768388239398104,0.06310608821679066,0.00013605442176870748,0.010412412727519514,False
wire_international,streams,2026-05,7,3189,-0.14815440017347134,0.06295257961036752,1.724829811463803,0.06745614320528574,-0.3391991213697422,0.36281320197753836,0.1353141601761044,0.1392733424572403,-0.30770790096481543,0.04411825253998052,-0.021599278318816695,0.365028392131597,-0.11113426504485854,0.08429022495624006,2.368503219808731,-0.04350555980453246,-0.6954324665376804,0.7718655751385979,0.8864618369294784,0.3013532075622939,-0.5106901756440488,0.4690798483982702,0.3425064603255919,0.933041455441605,0.0420859435484388,0.4005872353598286,0.0009071027323329052,0.07119332631195725,0.7122772074553229,0.0,0.10951931927571483,0.013061193224356246,0.06898545524562578,0.00021023862083464732,0.01173460093224912,False
wire_international,streams,2026-06,7,3193,-0.15754559074834612,0.15760329967041925,1.5326660660520441,0.030583580470472244,-0.25861900780148456,0.39703992990805353,0.11049672896146352,0.000783850008447872,-0.3312855825339905,0.11236623983552832,-0.028470844584119432,0.0831563912956276,-0.06247644979783499,0.14695108844170418,2.19145455280083,-0.10981940456532825,-0.6355289414148084,0.7011399184268173,0.8358601865520742,0.34702771550724665,-0.5493857195863384,0.5140881329176235,0.3567285562675157,0.6235591656535482,0.04302498704392383,0.3875415277688318,0.0001080613788631943,0.07120937091246589,0.6903833582060247,0.0,0.10043958237842296,0.01811483514158432,0.07290066210718076,0.0001080613788631943,0.011658321840629695,False
wire_international,streams,2026-07,7,3360,-0.017723808369747424,0.07889425153703773,1.2593335340695955,0.05389811676452781,-0.2678469355666978,0.35804197449173103,0.0828934999603981,0.1765157257724079,-0.16146871501879462,0.04403283542944373,0.027297064355988887,0.057153611054213904,0.3136412971304733,0.11526018951629698,2.0367870403728747,-0.15174701925162445,-0.6895523552695021,0.6594295753866797,0.9043404791539295,0.7216186914716347,-0.4152189571913933,0.33963922965431104,0.5601967575116948,0.5133956935234429,0.027225237114095628,0.3037481294131353,0.001432112685102014,0.05482223855399484,0.7007960622644148,0.0,0.07470510952627607,0.018822029034696208,0.13079468535838495,0.0002757859900717044,0.009359278036674471,False
wire_international,streams,2026-08,7,3627,-0.3516898419383683,-0.09475629656023551,1.4757136099642243,0.03998003956148416,-0.3401165240190453,0.3656944802634084,0.041510130161020405,0.24952766004632038,-0.2436493662562862,0.1748864967368455,-0.23887857856455524,0.024694485761581873,-0.29882353229874664,-0.04437019875018822,2.078152903650151,-0.15742652599630896,-0.7163195747449516,0.657105623711223,0.9130799496107234,0.6080523337693637,-0.518673215909485,0.4882507451989591,0.1219256041076803,0.35940476872447913,0.033103554532787564,0.3850214983402266,0.00024180717237274363,0.04783401178967781,0.724520281160742,0.00036350418029807346,0.06689366618602874,0.01128013468489429,0.07337794962125839,0.00012509382036527395,0.011696765952532485,False
wire_international,streams,2026-09,7,1865,-0.12133885809311133,-0.17426741707220614,1.5975097961261315,-0.004944894697247674,-0.4229476374207457,0.4079359667707861,0.0006441639996922964,0.3545449298354763,-0.18108548845988137,0.05334278481934348,-0.09300720100714807,-0.05160238308253435,0.15885949978500252,-0.11583766196113422,2.186881960657256,-0.16913087431414792,-0.7382877539935563,0.6699745899032582,0.8332535570729827,0.7700086190871547,-0.4122876836931832,0.44033861683142383,0.3310856596753971,0.2806556704817688,0.02688354743218028,0.2942387433562016,0.0,0.048923435190635335,0.7362990063189689,0.0,0.07279554372372973,0.018094656005097156,0.04828677354157031,0.0005952380952380952,0.0074596455959770195,True
wire_international,videos,2026-01,10,6749,0.08307916842419581,0.3437939182075021,-0.3511177499337613,-0.13342650470834183,0.43849873001649103,-0.25657589892797034,0.8950200403800084,0.1775162386442523,-0.1604143933889122,0.42719119650251247,0.06470824705519791,0.4482517651397898,-0.00860819122521137,0.31185393373232995,-0.06718123964653952,-0.2511854609028919,0.2640298708524533,-0.26090387024684364,1.6466458892374098,0.410731889131415,-0.39799332469073856,0.9365193868309056,0.4095614593718334,0.9805016881228494,0.02606997284992778,0.4411920074224362,0.0006880841569583127,0.18694285921278456,0.016061412314254845,0.00033553710597288933,0.10431013060261236,0.02113643515213885,0.050870777396369624,0.0009358566040585298,0.0803580366072969,False
wire_international,videos,2026-02,10,7515,0.2763411120623121,0.21176586707442677,-0.3160420921269401,-0.1906244834618559,0.5730525644794435,-0.2443256168778567,0.8260626892255087,0.02959188915289625,-0.13873707069501529,0.5674274444109572,0.10706309080077263,0.6662939737246621,0.22467992501870365,0.2592028578938498,0.004408532982550756,-0.290027677313874,0.357152842134847,-0.14876183977963198,1.5575609987297598,0.173752994569761,-0.33403817291582,1.0905013628960056,0.49059006333575006,1.258409075526361,0.02878890616344042,0.4213646822116428,0.0003784195781147001,0.20967798850923652,0.013397011732483404,0.0016731648969797938,0.10393081909095225,0.016947526427871378,0.06845537058426977,0.0006122733849323781,0.06282700705989075,False
wire_international,videos,2026-03,10,6924,-0.053788464707924644,0.1962540286884652,-0.23800864577651887,-0.09892444004312026,0.5555527358329754,-0.3368967559348274,0.6982093427430757,0.023579090852792313,-0.0036713228251068013,0.4815862234831597,-0.043011915528634925,0.7380568787098742,-0.39098057380979984,0.22980684091337858,0.0284239091333423,-0.17275640658143016,0.3906601722001256,-0.3575621880028045,1.4754259337064495,0.20039467533601524,-0.23541101576239348,1.122751372739391,0.19713508659849244,1.6809648827301564,0.029231859082486805,0.4763466874424716,0.0002758773700539389,0.2300461376138895,0.027213620951385374,0.002917124267013401,0.10090566588223444,0.015520736895972238,0.06306060077146285,0.0006271285881915228,0.07072197417400444,False
wire_international,videos,2026-04,10,7733,-0.19688203598965964,0.35813443594536987,-0.2362686160064528,-0.07065038575465085,0.3492610150738712,-0.2638580373102899,0.7904086882672308,0.07418228768025326,-0.06520593722776054,0.6909915195288445,-0.09922162942393357,0.7360653055891969,-0.5712203871761876,0.4111851166669144,0.03359709700840272,-0.1202163276745594,0.1806041299290237,-0.37075338107383243,1.5727049675290536,0.22001827129151663,-0.2910640440889861,1.3266422988056161,0.07077380203450094,1.7408675385691172,0.018458672279353196,0.5153110913471062,0.0006136829382448211,0.18904331337096708,0.0224230757849336,0.00035191499944459164,0.08943930851054967,0.014787261876939555,0.05773338296869666,0.0010013232891294501,0.056811507411863624,False
wire_international,videos,2026-05,10,7615,0.10017335403410729,0.3545844453464349,-0.3123942114702575,-0.11400481129308852,0.5207267768687326,-0.25485311368963165,0.6911199266767144,0.10551219858145282,0.0007786689954789094,0.5823774752381837,0.07244714527976638,0.6171221092724737,-0.07454007956228142,0.42813943394913795,0.000417609246395656,-0.20570693403721413,0.3734032348411255,-0.2290945382553121,1.4698987754500705,0.2601530524870922,-0.20465825525232512,1.1413599162415995,0.35048365831522765,1.4231285342517672,0.0385051967698117,0.401850472450518,0.0006539346453837884,0.23075563428006257,0.024712685827234085,0.00032662980321382525,0.0736991846038788,0.01139275702718346,0.06257234867523827,0.0007412177660111544,0.05013708480347488,False
wire_international,videos,2026-06,10,7985,0.130078317602966,0.35976560562556137,-0.2970682126745185,-0.13039353642125656,0.6942229736952903,-0.18976750488016664,0.7230849317672552,0.11391947110291734,-0.08713503441625811,0.5689284136285624,0.04518948049202574,0.43905100405108916,0.006398956338804873,0.4041098080128078,0.002862807546290791,-0.25176646662816593,0.5348804798603882,-0.19164215701146073,1.4699353617075352,0.32546885288041516,-0.3201966268996056,1.0955655434558476,0.3825196581761075,1.112248681172539,0.03317885794256693,0.4057468095407951,0.0004337151116009,0.23469257425078754,0.02632260537613873,0.0010599127852710284,0.08022450138360052,0.014606561989119582,0.06404423523618394,0.00030136653373250406,0.0750568704367148,False
wire_international,videos,2026-07,9,7980,0.19749158109551124,0.2551559217045925,-0.22443162140419048,-0.022509724079580812,0.20732908492772462,-0.14023763551093088,0.6039774777704435,0.1935502184875313,-0.010304709649678409,0.5885303308547625,0.24929748320016237,0.4536556463224668,0.11831294637446287,0.3257235076246222,0.138250358040442,-0.16925319140129746,0.0005006141008907505,-0.10763803203501528,1.4327276480931377,0.504544585031275,-0.257855592520113,1.085972834008307,0.5956959095045695,1.0887657432781899,0.029539333655178537,0.4229915292973923,0.0005560213245860382,0.14954731830728427,0.046105474846875945,0.0015709475816362178,0.07475591267002002,0.01723365878684462,0.0661449484453366,0.0008266985060403094,0.06015093390306761,False
wire_international,videos,2026-08,10,10254,-0.04917258460795093,0.329424628248643,-0.22410347921261037,-0.058234263310468694,0.4999737938928049,-0.20110590299380116,0.6498492503205548,0.22140287111078666,-0.020560785991201435,0.45765655656637466,-0.033124537475772556,0.5378909937122455,-0.1760060559706175,0.40167029464338616,0.07126197572762752,-0.19486516313328592,0.3423341105510776,-0.19801244170001847,1.4142347486102824,0.4672031607312611,-0.23311119641922856,0.9160629958626612,0.2662648309887804,1.0868367843949165,0.029663904897755757,0.43578120615875876,0.00019259065242009416,0.2117779592197075,0.03300106596553211,0.00018883401473909406,0.07705517185840363,0.010047778550605112,0.06188996741141536,0.00044515321887004714,0.08410222168136351,False
wire_international,videos,2026-09,9,5456,-0.17011359380778812,0.2759054774254079,-0.20908157084054066,-0.10880946449433448,0.2221894477205809,-0.10491969066762809,0.6429356559228925,0.33832215120932957,0.09259237303481872,0.5555000982348943,0.11137212510613062,0.3401839619817513,-0.24902433922099532,0.3572333250098032,0.10569807640115395,-0.243116307850847,0.03563350920970512,-0.1150314041336577,1.4977675858232002,0.6789409034984142,-0.13725195602604248,1.0860726689819171,0.460398641969345,0.939279942273705,0.039410265592288135,0.41986124432452754,0.00020576131687242798,0.17648812199288624,0.03076349183086682,0.00019823570224997524,0.06842452233315446,0.01087580732928756,0.07351481005559908,0.0006346235366833622,0.06852660215617672,True
ALL (mean of creators),streams,2026-01,37,3956,0.06109967634917189,-0.3275351482771135,0.6143753526659781,-0.11539914775525748,-0.19843425878169027,0.3260911298136635,0.11176103147993317,0.24156257907285036,-0.18442876623743223,-0.5162199215462475,-0.09168340304536944,-0.13635979261515607,0.09251868190823642,-0.4982847219526472,1.0175107372677228,-0.20174284267921996,-0.5047250971252417,0.43746330718317933,0.5520327077125257,0.5171604254860199,-0.20674459742724244,-0.32553415386756657,0.11652980533707998,-0.05995377125658254,0.01805048231895462,0.42916156793820365,0.0,0.07122313732010961,0.36851137521874733,0.10258227488719258,0.09169595346546203,0.018875719955161463,0.08020989864963148,0.0019461970681482873,0.026854551877044747,False
ALL (mean of creators),streams,2026-02,49,4762,0.015658472605191615,-0.05031312513831917,0.5825857470913413,-0.16961472983735995,-0.2594636366684268,0.3134836765456305,0.06732116635399771,0.13455880116882427,-0.003043699105876159,-0.4615697315363084,-0.010090211484087007,-0.20737492032592045,0.03397530180565156,-0.1310990501094891,0.9035534928310217,-0.21485247013693404,-0.5598680675802601,0.5543273567775213,0.412241688855118,0.20566432290976888,0.01948676564826042,-0.26521295013480445,0.16260443275980727,-0.15620088750736072,0.01835349292719727,0.51547918792475,5.314625850340136e-05,0.07944426780878357,0.317702677247048,0.08180580656838833,0.10174664526388362,0.015470886588289772,0.09794950765968079,0.0004805457817198413,0.023820264102197543,False
ALL (mean of creators),streams,2026-03,49,4138,-0.1334827812015771,-0.2747607248675404,0.5632213881562625,-0.08092032300195959,-0.13232649343109695,0.17379015199573306,-0.09684527990089335,0.11438328742694909,-0.01566764700859667,-0.46680471051341743,-0.11375195367897514,-0.12217077072540027,-0.1437628107255996,-0.37904641438725617,0.8994466446753719,-0.11083061354521946,-0.40789497043861017,0.4097521804094037,0.31802487054215645,0.23535493610525887,-0.048472331587570916,-0.21939895503846132,0.08389407711637845,0.16959516102566646,0.018538361682650495,0.5170435565589817,0.0,0.09793186479255772,0.3000927186112867,0.1258283365472069,0.14892343984304326,0.018354031981112278,0.09403726692603621,0.00010826611811833487,0.015846954397331543,False
ALL (mean of creators),streams,2026-04,53,4528,-0.2225108314170481,-0.17572523215991734,0.46089032557476173,-0.11071589122110806,-0.14487120595302513,0.24078476756495398,-0.09497640323201534,0.01939448715657568,-0.024613630821161206,-0.43376992017113497,-0.0646910276386352,-0.24974362213187318,-0.22274107567381712,-0.2833558448070346,0.82873590603346,-0.13405275434861974,-0.41951590820964074,0.37365618057433697,0.33599176883582715,0.1303448372291007,-0.038137287769633564,-0.20902236915673966,0.13193697090892495,0.08537718434033195,0.02072473261649674,0.5078211033103155,0.0015071153233052197,0.09272315986929729,0.2812696116093878,0.10486485735327195,0.13673296745538485,0.016446083142762677,0.09066459834166297,0.0008026084163709025,0.02666926223894047,False
ALL (mean of creators),streams,2026-05,52,5017,-0.2018793184086935,-0.36157508610113315,0.5931507049802512,-0.0813037461824023,-0.23254360184927408,0.4626274462195546,-0.027013867782773798,0.08488112182861339,-0.11553554493332968,-0.46408832347028073,-0.13097164995680652,-0.05461140354006924,-0.17769421603843213,-0.41494416094020387,0.8958269476517687,-0.09501701281824698,-0.4601981495871374,0.628325225073638,0.361583480176896,0.1904458100103441,-0.11871900402181788,-0.2755010116149626,0.08780877060911048,0.20111621057209964,0.028454729364998013,0.49528957727049494,0.0009582303845364529,0.10010463854747034,0.29307307638504904,0.09260986302441311,0.1434619757570111,0.009850233007452643,0.09015779569884065,0.000257239081742393,0.02465259675779173,False
ALL (mean of creators),streams,2026-06,52,4939,-0.0859207310891429,0.041472925788897955,0.4466060442239415,-0.13839753650676828,-0.18925514996486661,0.4297545557450454,0.07732935206133316,-0.016674497046793878,-0.03455003950939101,-0.3810809349742511,0.03565278588162428,-0.07331242547838078,-0.08080138989623903,-0.026477522681555173,0.7167408309140295,-0.1947191173172126,-0.46266221397765145,0.6370151450076982,0.4452784244421092,0.11602743394772218,-0.036017713079831606,-0.20823487432159943,0.24064484727161256,0.10508554472855286,0.026820548702875903,0.5494322153513407,0.002916581283720993,0.09714275285415937,0.2749534050384931,0.1073791686771808,0.12043374267003074,0.01632436202790948,0.11403892193735943,0.00035551780972967444,0.036138489556545896,False
ALL (mean of creators),streams,2026-07,49,4956,0.022721701191625095,-0.12828453628098233,0.4507544687070495,-0.1068694061400342,-0.10347783874258912,0.3682963812690301,0.0749486890157568,0.071143094965687,0.04700680078219927,-0.27434663982027774,0.023342912879644795,-0.2787605321562756,0.10840156488964844,-0.20989049378962896,0.7900891216362039,-0.17471420092390255,-0.38425683465115207,0.590933473497459,0.44532904263278966,0.24205271566140663,0.0666014022571439,-0.12335976125167106,0.2835060935456442,-0.09450320936149961,0.017672424059538658,0.497856657795628,0.002104048609577697,0.11872602662303412,0.28865304992804086,0.12988586608579672,0.1131403402474321,0.01296171706076278,0.10370164727580282,0.00033304063549255154,0.027427404149342315,False
ALL (mean of creators),streams,2026-08,60,6105,-0.18136157728480642,-0.2003342387697294,0.287785558705199,-0.07630806953250434,-0.19481217046890117,0.4693799908545842,0.0019239495253965456,-0.04262160166707775,0.07172046382270417,-0.382180608216621,-0.026960559517071558,-0.022834373645122575,-0.14890298997621929,-0.31151229552036747,0.548341290620633,-0.12560816795745827,-0.4335039462010007,0.7240727629349867,0.2758358022425224,0.1391163012817974,0.11116440655710307,-0.2422605629495144,0.12418432896328004,0.0914114530109921,0.029110533685129693,0.5406637514093414,2.821083677682009e-05,0.10374220048009017,0.2485612027703469,0.12489909697190396,0.16244035678171315,0.014002011649231375,0.11012496188663966,0.00023921242818906633,0.028755450344892644,False
ALL (mean of creators),streams,2026-09,41,2884,-0.21260336967440968,-0.15202710264970665,0.6814028811624303,-0.027368215033332154,-0.3031971849730852,0.4580601689949093,-0.03107110065540744,0.32431728929538356,0.13649529919048195,-0.3223548024010112,-0.20880031389109546,-0.13427650745416594,-0.0878890361702685,-0.17464845498798998,1.0126281238026607,-0.07386327076838137,-0.5458400458537414,0.5744964076844066,0.4130711459865388,0.6926385510453702,0.12122706056584363,-0.1354759266617786,-0.07473118966823243,0.00666193583207205,0.02044665532943633,0.47093779485001314,0.0015521064301552104,0.0793772065999829,0.34606603808372466,0.1145368997092221,0.11592328798099834,0.019615549145888953,0.0858430738845388,0.00037113147374567666,0.027036032981600525,True
ALL (mean of creators),videos,2026-01,157,24791,0.04062121519591117,-0.07379685327514049,-0.26841519133663644,-0.013196650986735366,0.2331253693213013,-0.07526199380996136,-0.2802257609467737,-0.042028703662987964,-0.009003415537662348,-0.167026892935373,-0.05717093378443426,-0.03239392077390225,-0.050912205143032865,-0.03825790571262396,-0.23559062531330366,-0.019949195870646846,0.0795135743622837,-0.06506636706216876,0.002359279004658123,0.04377309071846429,0.006754066053680613,0.042178669617559734,0.08393769293371864,-0.012771109978461473,0.03311241319199469,0.6174306407510001,0.002095425638682291,0.12925143497882868,0.02770524649299591,0.03994930997785559,0.083211772370928,0.027013439456134578,0.07061586497206093,0.0009575722432025336,0.06839112932080749,False
ALL (mean of creators),videos,2026-02,175,29234,0.1082736354418776,-0.05700504218025945,-0.23380785983735555,-0.010344716639130882,0.2671206734547706,-0.13818283393568584,-0.28976202598621115,-0.10641401270719898,-0.05473476258081696,-0.08644697324862002,-0.1270345635981161,-0.07541054079998952,0.04313464144874771,0.022830471724891877,-0.2057587692926465,-0.0018691175235257683,0.09305546227093692,-0.11733512655063616,-0.0446049181296643,-0.14256455859587383,-0.01908487999175074,0.10174478928650006,0.01729537872513636,-0.09651542433638088,0.02590065310734109,0.6163811197912513,0.002070843856056239,0.13104037359645992,0.02976974343456289,0.05082996256224012,0.08847068265473783,0.02702658505687863,0.0795967400826686,0.0008049508974734733,0.06470206107419012,False
ALL (mean of creators),videos,2026-03,171,27109,-0.037016668331071964,-0.05023889947953006,-0.23786818113853886,0.011216040445697116,0.26853580951147715,-0.21602823763305115,-0.3729020627966027,-0.14300018045134757,0.0012394588239694113,-0.10775968039311708,-0.15890859168871985,-0.11263863493666079,-0.14268416463018996,0.06241652151360075,-0.21303512602777822,0.06244456900874311,0.14260918696385527,-0.21767422990898405,-0.11159832282771923,-0.1827344126099199,0.03420228113150815,0.15037138055347105,-0.043681739153750385,0.09337688702250853,0.031665301173700394,0.6488772101356913,0.0014584712101436488,0.14087179696076899,0.030880538241289047,0.0515120702113031,0.09385117460124122,0.02771319618666035,0.07576866789165487,0.0008732372541114957,0.07198129509453319,False
ALL (mean of creators),videos,2026-04,180,28986,-0.023999546116594668,-0.0017913200837006982,-0.25246993467268053,0.03128589406936861,0.26354970343658496,-0.17869320366894484,-0.354952865932705,-0.17446286065188368,-0.04833329346936764,-0.12622413407617855,-0.19444052620549981,-0.12297368666627242,-0.12643840716317317,0.11687976191054814,-0.22410407453149186,0.0978498764608895,0.15097949888591708,-0.2414969271392216,-0.10282630706977365,-0.20167880944349645,-0.0005041529882882701,0.09492336117169668,-0.12722624502232852,0.10063628661271631,0.032157556507615134,0.6246541290552062,0.0018281403853281164,0.1373090934188519,0.027614833715812605,0.05259112672119263,0.09545817340656447,0.025932731952331405,0.07198981767073216,0.00034157922153779457,0.07112707395254987,False
ALL (mean of creators),videos,2026-05,183,28172,0.0721546293584357,-0.05315539826488211,-0.20100204659389434,0.021932670280841077,0.19132181044799756,-0.14139616109094152,-0.35718163908542777,-0.13481809205884265,0.018524407038700237,-0.1049353868507446,-0.14975787725056744,-0.10272974948722717,0.03844979477762143,0.051174232547589786,-0.20953572295660808,0.05267804743871535,0.08602907462453374,-0.1517087110763608,-0.12212511737068886,-0.17004670527960955,0.06295778306102297,0.0636105178425821,-0.022141403719777585,-0.03149812248490823,0.03547760265528949,0.6166751729739,0.0031025347156274216,0.13366102853460166,0.027208303313610842,0.042927676651721994,0.09256274113205834,0.028438283005801476,0.07537092326227532,0.0009725223039864292,0.06825459402983983,False
ALL (mean of creators),videos,2026-06,183,28466,0.10554881820664379,-0.052124036936268256,-0.22977384039110582,0.014593026993969924,0.26298731731717173,-0.11004240376393169,-0.3370094320300468,-0.09773208814761433,0.012098172332050421,-0.08292063429635704,-0.16931703602263612,-0.12012959711474101,0.09465752064587,0.05374465066751712,-0.2601941733958248,0.04476686266919999,0.15519312689406958,-0.11647236052630901,-0.11700224291880451,-0.057084609565732344,0.05852180935620566,0.06374985559258368,-0.07989605833619998,-0.07203547993675306,0.032328891998384006,0.6166413322907275,0.002951120289792337,0.13721355185912554,0.029669029858249863,0.05093757037312278,0.0916102121500945,0.023077034535500716,0.07883120905411045,0.0013567651799624902,0.07629652882327838,False
ALL (mean of creators),videos,2026-07,178,27314,0.12401930528152569,0.018544232221380012,-0.21929443242662744,0.025710142094181078,0.26754989767218457,-0.18200602178742617,-0.36608065835609493,-0.07268483717961896,-0.06607637504816816,-0.1596866848390192,-0.1501916763856331,-0.1218535973837904,0.15998882220376293,0.12178005448560072,-0.21980639246347725,0.048839429120108226,0.16027425649410265,-0.20010297977951597,-0.13379219923689292,-0.01955304343785844,-0.015965290289067333,0.012216703206574728,-0.00391022038869624,-0.05484312904424005,0.030793587135361254,0.6069941586359344,0.0016006370860276353,0.1334588177656423,0.029441961146702136,0.04792827367932664,0.08103304199547999,0.021399316734267874,0.07661248288250844,0.0009317758492296465,0.0736570441647022,False
ALL (mean of creators),videos,2026-08,194,37065,0.04381485905937053,0.007988274316775628,-0.24336910842138748,-0.018441653205788867,0.28549788461602976,-0.18384240281215156,-0.3659649076889691,-0.06052798585527392,-0.09635479190116963,-0.14932734854969026,-0.21372696649144357,-0.050231188763281004,0.07309276984834079,0.10434580194057462,-0.26951075024113896,0.0005002945209300355,0.1969931411637694,-0.17834870673856473,-0.17526943374494455,-0.050244215144405635,-0.04724695973594615,0.00458772446265177,-0.10509682616184442,-0.02350783987218826,0.031766647872479854,0.6011041125725239,0.0013725323827569128,0.13816425505879318,0.021352812488493078,0.048998195459994356,0.08065179456031635,0.021401936455025704,0.08589568513761309,0.0011857707221303454,0.08063792270867072,False
ALL (mean of creators),videos,2026-09,151,19013,0.032220867488188906,0.057502946831798525,-0.24587164671018,0.07016689895354349,0.18137175801971395,-0.12982603703826345,-0.3823018873441497,0.018350072525992585,-0.042166505338383446,-0.13466938355755395,-0.21761442373741982,-0.10397820351011804,0.042185713119691784,0.1889203680760865,-0.26595924580885033,0.08269006080166488,0.08411160733081809,-0.1490463417964988,-0.11152531330492924,0.16351265552765262,-0.024275266559373662,0.04453855391221534,-0.12682584669303207,-0.05605844947756165,0.033946220759881,0.5959931899528416,0.0025272925612377577,0.1239132266124282,0.01736155331853557,0.03869154638443025,0.07528631332527008,0.025301637609440934,0.07737117794549518,0.0008614617655787738,0.07850401997171914,True
