creator,genre,month,n_titles,F1,F2,F3,F4,F5,F6,F7,F8,F9,F10,F11,F12,F1_controlled,F2_controlled,F3_controlled,F4_controlled,F5_controlled,F6_controlled,F7_controlled,F8_controlled,F9_controlled,F10_controlled,F11_controlled,F12_controlled,group,organisation,clipper,curiosity_gap,outrage,humor,question,breaking_live,episode_show,interview_guest,reaction,confrontation,listicle,howto_explainer,partial_month,low_n
@ABCNews,streams,2026-01,88,0.8932683874349809,1.127614198181766,4.017322490450069,-0.4717831629660061,-0.828897218743637,0.5679715792032236,0.4518993363128966,0.1765205254627871,0.3585291129355057,-1.1231408165122512,-1.4908186263216614,0.1899623581844743,0.2514475297801918,1.5717039293631203,2.658530080530386,-0.2401917778802149,-0.2995168408663988,0.2556925023834142,0.3279838115117301,0.0510549719706992,0.2813448257682439,-0.815629533883742,-1.0263583777796086,0.0723017673831631,neutral,ABC News,False,0.03409090909090909,0.056818181818181816,0.0,0.0,0.9204545454545454,0.0,0.03409090909090909,0.0,0.0,0.0,0.0,False,False
@ABCNews,streams,2026-02,74,1.1479386937327378,1.0810942424640444,4.013592116728724,-0.4174467544024693,-0.8502525876610167,0.5940849857939806,0.2088096420281633,0.0271299233479353,0.5635159009812868,-1.1003804252017253,-0.9771253588488504,-0.1599550779406653,0.338492532451992,1.5569751461100283,2.6402515878274935,-0.1632935808948228,-0.3231032161426576,0.213808726622442,0.128903051039967,-0.1659010875559829,0.4307037045069841,-0.8133286980001612,-0.5345906212885477,-0.2291916179043606,neutral,ABC News,False,0.0,0.06756756756756757,0.0,0.0,0.9054054054054054,0.0,0.06756756756756757,0.0,0.013513513513513514,0.0,0.0,False,False
@ABCNews,streams,2026-03,77,1.089751917541154,-0.3120599244240413,3.662953017493009,-0.4190056406140591,-0.6810555736582429,0.0119182973010976,0.0501251441720151,-0.0675361296667339,0.3799991565732842,-1.0906385392436788,-0.9760027040488592,-0.1235634416956752,0.370974107225091,0.2333348963908005,2.1506385877702296,-0.1805724225999745,-0.1763016147855813,-0.2067153407915918,-0.0170189928825904,-0.300900762049747,0.250325476722992,-0.7117398164282149,-0.3563118345781072,-0.2422581449498786,neutral,ABC News,False,0.025974025974025976,0.03896103896103896,0.0,0.0,0.8441558441558441,0.0,0.09090909090909091,0.012987012987012988,0.0,0.0,0.0,False,False
@ABCNews,streams,2026-04,76,1.0476781982791437,0.9006182149716403,4.0587718034410045,-0.5625694459109966,-0.9871158310911468,0.184503360121247,0.3070894698339683,0.2238305200752224,1.3022569886091708,-1.1953706026157058,-0.9247033335494348,-0.0873147763057475,0.2282584225434392,1.3498756421141058,2.6245792355800015,-0.3020574760135145,-0.4526681828571806,0.177123601560831,0.1351471129584266,-0.011498817182509,1.1061522530149883,-0.8005415293220435,-0.4854196966317229,-0.0747802368060618,neutral,ABC News,False,0.013157894736842105,0.07894736842105263,0.0,0.0,0.8289473684210527,0.0,0.013157894736842105,0.0,0.013157894736842105,0.0,0.0,False,False
@ABCNews,streams,2026-05,56,0.9488416876395646,1.0428977048575905,4.110269038442618,-0.2901765318035831,-0.8051086844654014,0.5482923171504969,-0.7341945160660317,0.2874619825338869,1.6381719331283753,-1.3994487615265128,-1.908449217602788,0.0905204015113588,-0.1422130316732675,1.833537767577589,2.2044302742209996,-0.0060893124913876,-0.2585335158032526,0.3734288643498114,-0.3997907594303904,0.044102481433464,1.321822166397028,-0.7634751063804606,-0.9704315716713549,0.0806656359035623,neutral,ABC News,False,0.0,0.017857142857142856,0.0,0.0,0.875,0.0,0.05357142857142857,0.0,0.0,0.0,0.0,False,False
@ABCNews,streams,2026-06,47,0.7718586192263568,1.2990111954680272,4.4686575822575465,-0.3208749263209998,-0.8593535899210439,0.1004311447297395,-0.8347424892153414,0.4151070933278527,1.951565520805976,-1.4147395232268818,-2.610931376383423,0.2267467555634995,-0.3672865849251976,2.1331656113658783,2.4996778389205927,0.0016750877968349,-0.2836802843821163,-0.0420162569849265,-0.4353472274879341,0.1365808266813253,1.5396430028224852,-0.6151922243409078,-1.5375337512558185,0.324709496572743,neutral,ABC News,False,0.0,0.02127659574468085,0.0,0.0,0.9148936170212766,0.0,0.06382978723404255,0.0,0.0,0.0,0.0,False,False
@ABCNews,streams,2026-07,65,0.6984803910659731,0.8030905617713032,3.730523223095019,-0.3136447748454502,-0.7705032993015765,0.8201640712330348,-0.4798074811402074,0.6169386989089346,1.1844278646002535,-1.2955363439215448,-1.8362034447862272,0.0413393231775895,-0.1704466335908449,1.4447471503931046,2.054640078272208,-0.0490892190474375,-0.2440268620036176,0.4413160905816389,-0.3096107601416024,0.3887815456042703,0.9241164536411256,-0.7404524280125311,-1.1034684340239922,0.1208257506467154,neutral,ABC News,False,0.0,0.03076923076923077,0.0,0.0,0.9076923076923077,0.0,0.015384615384615385,0.015384615384615385,0.015384615384615385,0.0,0.0,False,False
@ABCNews,streams,2026-08,42,0.7943540418181618,1.3237672026812577,4.403846466757462,-0.1014222700196438,-0.7450265117599992,0.3245608147589393,-1.0990906186109275,0.5694593111943357,2.445213895311678,-1.2935351823734187,-2.3822528772023825,0.1846308212532717,-0.3861296477615392,2.249978140693215,2.348205429590324,0.2189793936923792,-0.1884665569456967,0.2690339718971791,-0.548334467450954,0.2919693113743934,2.023075509109521,-0.480826202415643,-1.1119881272743648,0.3414287649171067,neutral,ABC News,False,0.0,0.0,0.0,0.0,0.8571428571428571,0.0,0.047619047619047616,0.0,0.023809523809523808,0.0,0.0,False,False
@ABCNews,streams,2026-09,22,0.9615410405941702,0.6201176149159696,3.201157698817474,-0.4374884058449955,-0.8891905124177422,0.3766119414224302,-0.2686910122724946,1.0382616748329228,1.9208041595513696,-1.2717329000756925,-2.111143037776748,-0.2140879795290894,-0.0970427115865741,1.2433004451092478,1.4370862260942678,-0.1363822696929087,-0.4346923156694003,0.2111204631966382,-0.0395346818129521,0.4409068905084341,1.6288089757868056,-0.6880311745284783,-1.114322729972996,-0.1012354275769532,neutral,ABC News,False,0.0,0.045454545454545456,0.0,0.0,0.5454545454545454,0.0,0.09090909090909091,0.0,0.0,0.0,0.0,True,False
@ABCNews,videos,2026-01,956,0.8127320215462314,-0.0261825465338613,-0.3333366938979777,-0.349399601136045,-0.2369129069421736,-0.6345833783705319,2.1629390037885328,0.1572580658626721,-0.726403675137512,0.4955612426092338,-0.193458181247264,0.2140982981732797,0.7179648448721478,0.0679521489694597,-0.7618838017706205,-0.2026267481957237,0.0163045357925382,-0.5686735770023961,1.649415908136022,0.0017550804547678,-0.6392476024016254,0.2615125897419745,-0.2104544637675418,-0.0108979087246619,neutral,ABC News,False,0.01882845188284519,0.23326359832635984,0.0,0.05543933054393305,0.0031380753138075313,0.1098326359832636,0.08368200836820083,0.032426778242677826,0.021966527196652718,0.0,0.0198744769874477,False,False
@ABCNews,videos,2026-02,862,1.020094912541995,-0.1516725925380557,-0.3034769840231526,-0.3182022925681007,-0.2074724047494578,-0.2937576740891012,1.8801290778460968,0.0983531012875892,-0.7263522595509263,0.3715846691200686,0.0070260389386211,-0.0868172251970034,0.7341996314534803,-0.0872719428497294,-0.6842424988753416,-0.1385162032147628,0.0425727551286183,-0.4037719679034144,1.3909607634489485,-0.0928501987670947,-0.6032153352488098,0.1857439288552966,-0.0403198195321894,-0.1441267421536817,neutral,ABC News,False,0.012761020881670533,0.19721577726218098,0.001160092807424594,0.0568445475638051,0.0,0.12877030162412992,0.09164733178654293,0.01160092807424594,0.03944315545243619,0.0,0.027842227378190254,False,False
@ABCNews,videos,2026-03,995,0.4566920976059491,-0.1588622554988586,-0.289038857830577,-0.3278766421242693,-0.1017624759684539,-0.9583871692825576,1.7328371551228203,0.2594941535159042,-0.8268750593406895,0.4389816164296825,-0.2418349133879895,0.4632951924384526,0.5697673007843054,-0.0828646249654554,-0.6860383490139189,-0.1845158549116,0.1260835345208983,-0.7936219696469615,1.225583886064212,0.0337393430228873,-0.6275647562965985,0.1055753107324588,-0.2193723287091305,-0.1411316102106133,neutral,ABC News,False,0.01507537688442211,0.2733668341708543,0.0,0.044221105527638194,0.005025125628140704,0.15376884422110554,0.14974874371859295,0.004020100502512563,0.036180904522613064,0.0010050251256281408,0.06532663316582915,False,False
@ABCNews,videos,2026-04,873,0.8578226616936621,-0.0828011742335446,-0.2616658386751039,-0.3193061112198296,-0.0815035425983293,-0.5696705567308872,1.5830098983575729,0.0420358400473917,-0.4916748744288146,0.3705717085422462,-0.002980617096933,0.108412969594828,0.6420158683153449,0.0537996596408172,-0.7897263754801076,-0.1437122327469838,0.1952046651116133,-0.4737703922900013,1.0919626939780211,-0.1778538494299435,-0.4260000735814812,0.2332034470724858,0.006760086350258,-0.1966389522644589,neutral,ABC News,False,0.008018327605956471,0.22336769759450173,0.0,0.048109965635738834,0.003436426116838488,0.1706758304696449,0.12142038946162657,0.012600229095074456,0.030927835051546393,0.0,0.08018327605956473,False,False
@ABCNews,videos,2026-05,906,0.9293005230416634,-0.2164879121493891,-0.3663695121458688,-0.3408249304408127,-0.1416153550449077,-0.7753006364411258,1.777594832408646,0.2833965075385395,-0.6226027117600127,0.3253530036302666,0.0771720776725865,0.0450795589899423,0.8261254407101742,-0.0866480434256042,-0.7114283033247426,-0.1749012728999536,0.056663171076133,-0.6790317105241892,1.311766767427694,-0.030012922069394,-0.4605459391771475,0.1992098232151759,0.1211888092528394,-0.1763227590289263,neutral,ABC News,False,0.01434878587196468,0.19426048565121412,0.0011037527593818985,0.05849889624724062,0.004415011037527594,0.16666666666666666,0.10816777041942605,0.01434878587196468,0.025386313465783666,0.0,0.0673289183222958,False,False
@ABCNews,videos,2026-06,858,0.8416691146823336,-0.1495217844835682,-0.4106480518948772,-0.4313151864266313,-0.3186324657324272,-0.6283454010470414,1.7054143025069035,0.3824064877218284,-0.6146617229589594,0.0790355254251021,-0.0293510383581611,0.1131229733060922,0.6850693242521065,-0.0208950144647632,-0.7699631245292925,-0.2275544767536085,-0.0621465464225683,-0.5761550626675258,1.221251465625652,-0.0269062743738007,-0.439880267154773,-0.0013228441386353,-0.0537184511323468,-0.0802294358973707,neutral,ABC News,False,0.01048951048951049,0.23193473193473194,0.0,0.027972027972027972,0.002331002331002331,0.1317016317016317,0.10139860139860139,0.006993006993006993,0.026806526806526808,0.0,0.0780885780885781,False,False
@ABCNews,videos,2026-07,905,0.8644199684560524,-0.1447503794424831,-0.3121589729102473,-0.3807863063414591,-0.1816937927902514,-0.7648415897595687,1.6958239173406302,0.3377816574942711,-0.5377153262796799,0.1514571306074694,0.0331581700294274,0.0094868030191509,0.6349444112110775,0.0288312613957305,-0.7476601616692587,-0.1858869287826247,0.0812765474674307,-0.7233304831576697,1.2009578443834013,-0.0213185232404111,-0.4223983469011174,0.0706775219916949,-0.0423546468071199,-0.135423247145337,neutral,ABC News,False,0.0066298342541436465,0.22209944751381216,0.0,0.049723756906077346,0.0055248618784530384,0.112707182320442,0.07955801104972375,0.0055248618784530384,0.01878453038674033,0.0,0.06408839779005525,False,False
@ABCNews,videos,2026-08,801,0.67450665998523,-0.0846049629189587,-0.3305248046158808,-0.4156745253331029,-0.16367313587691,-0.7481166387802973,1.7068953448984474,0.3014361258080741,-0.5416297958222589,-0.0170780101248147,-0.0986047438385513,-0.0112751262781926,0.5399311884313176,0.0154898662128819,-0.7120409602674275,-0.2422193448946452,0.0798384553310846,-0.6935484694985282,1.2063190399076928,-0.0598095277168145,-0.4389146554606186,-0.067717463352499,-5.2467946838897066e-05,-0.0505233918170288,neutral,ABC News,False,0.004993757802746567,0.18726591760299627,0.0012484394506866417,0.04369538077403246,0.00749063670411985,0.15980024968789014,0.08739076154806492,0.0012484394506866417,0.018726591760299626,0.0,0.07240948813982521,False,False
@ABCNews,videos,2026-09,365,0.919677376680285,-0.356785733893477,-0.3431827531296774,-0.3046823644664066,-0.1329080822356567,-0.951237116562234,1.5834710303348143,0.8334913275462025,-0.6359763051371847,0.1161951689694296,-0.0458966728759639,0.0332546647119203,0.6662642349941174,-0.2682289600834003,-0.698926059236022,-0.1288904775361297,0.0321695745192368,-0.8544729841799334,1.097070374152327,0.0351960547882959,-0.4935180803832985,0.0347560400473814,0.0433395748144306,-0.0537302600322741,neutral,ABC News,False,0.00821917808219178,0.15342465753424658,0.0,0.038356164383561646,0.0027397260273972603,0.1643835616438356,0.07671232876712329,0.0,0.024657534246575342,0.0,0.0684931506849315,True,False
@ANINewsIndia,streams,2026-01,799,1.02330002969561,0.2240642744612505,2.6987460882201986,-0.312679497689326,-0.9895905244412068,1.467396499086492,1.6350776508792404,0.4277233615657368,-0.4914262675802865,-0.0470883431932764,1.3290672933055283,0.5634210670592493,0.540876635417121,0.311810296683738,1.4916113306085392,-0.0365922160309447,-0.3869114109958766,0.6600037536606196,0.6766142329235894,0.0695881160926318,-0.134130586749719,-0.4022482735456626,0.5042590376519622,0.168248940676913,neutral,ANI,False,0.06758448060075094,0.15143929912390489,0.0,0.0012515644555694619,0.6620775969962454,0.0,0.10763454317897372,0.008760951188986232,0.025031289111389236,0.0,0.0012515644555694619,False,False
@ANINewsIndia,streams,2026-02,741,1.0347364255073357,0.0175703141155731,2.7030949864910414,-0.3035985365391502,-1.0484661239369657,1.911657185651359,1.3810260271711758,0.4956888740192454,-0.323121876194584,-0.3589185059143674,1.3402745390205142,0.7075110637274654,0.4138090619907812,0.1175641523192286,1.4527094866554808,0.0066363650026991,-0.4549932387698111,1.0210943298261637,0.4257052982285282,0.0603883114270098,-0.0220300850275799,-0.7134235686551748,0.4145069228875369,0.2665082681075261,neutral,ANI,False,0.06612685560053981,0.16464237516869096,0.0,0.001349527665317139,0.689608636977058,0.0,0.10526315789473684,0.004048582995951417,0.07017543859649122,0.0,0.001349527665317139,False,False
@ANINewsIndia,streams,2026-03,780,0.0458824905914115,0.1251111572921618,2.6277414259493534,-0.2774676146677037,-0.9158070823400556,1.4258435371926386,1.7080809278613327,0.3130047094481983,-0.7899439300973072,-0.195514048359624,0.7984712844121883,1.2305714006258823,-0.2400859593274809,0.2149356549251624,1.4808828290229477,-0.012703516318133,-0.3368385482987225,0.6863718868603832,0.7217212878237025,-0.029806466235065,-0.4116066020701848,-0.5694614525846428,0.0504382084867299,0.5830626317211693,neutral,ANI,False,0.07435897435897436,0.2564102564102564,0.0,0.0,0.6538461538461539,0.0,0.07307692307692308,0.005128205128205128,0.06282051282051282,0.0,0.0,False,False
@ANINewsIndia,streams,2026-04,794,0.7567068688207077,-0.1173355657351453,2.799911333928348,-0.3732045439559792,-1.037902711716605,2.0840898549058497,1.6946981335455222,0.3779335298620494,-0.4144232106214172,-0.3853300255044224,1.0019234524996912,1.1737745288884691,0.2064426152637407,-0.0419690555253733,1.4745642047216223,-0.0477391195145512,-0.3956361604227345,1.0292832431649703,0.7208551353895092,-0.0204973145247245,0.0046149029393499,-0.7428331622161047,0.0882600107208976,0.7525643119015707,neutral,ANI,False,0.09949622166246852,0.1385390428211587,0.0,0.0012594458438287153,0.672544080604534,0.0,0.04534005037783375,0.0012594458438287153,0.031486146095717885,0.0,0.0,False,False
@ANINewsIndia,streams,2026-05,839,0.6289801193439232,0.1361758377889721,3.031150601833249,-0.3297309797738432,-0.9923284287163732,1.875402762903333,1.365063176514584,0.3223596171667361,-0.3034357582839523,-0.3189743909619675,1.0310550779365324,0.7588015973304059,0.0183192214850539,0.239692297951363,1.6543406833281318,0.0047969936652337,-0.3279607954962378,0.7905952501431193,0.3741501439212638,-0.1305400621743142,0.1411901080717482,-0.7025704012517863,0.0313784209135951,0.3554416216614176,neutral,ANI,False,0.07628128724672228,0.2359952324195471,0.0,0.0023837902264600714,0.7258641239570918,0.0,0.08700834326579261,0.013110846245530394,0.033373063170441,0.0,0.003575685339690107,False,False
@ANINewsIndia,streams,2026-06,949,0.741132055120853,-0.0885309897526831,3.272040735032907,-0.2329790183973626,-0.9813435397800148,1.837654226497738,1.0491459466484836,0.3793332943094571,-0.2274969643077648,0.0247298252700116,1.0147527694174627,0.6028635372598135,0.1457813417226226,-0.0037468132298906,1.8971303568830715,0.0993618769496129,-0.3160442937202866,0.7883359764053213,0.0034831228008724,-0.0752121654540896,0.2067788733375259,-0.3254100508949878,0.0728001090610177,0.2095703756639381,neutral,ANI,False,0.08640674394099052,0.2476290832455216,0.0,0.004214963119072708,0.7629083245521602,0.0,0.08113804004214963,0.0410958904109589,0.02423603793466807,0.0,0.003161222339304531,False,False
@ANINewsIndia,streams,2026-07,970,0.4634443180341628,-0.1615035425355734,3.480685357021309,-0.2542002751967878,-1.003494252606293,1.65032387327468,0.9220764889109432,0.2973869453334767,-0.5921776750199986,0.0170774095544492,0.8708973222055224,0.5383703337814825,-0.1631613060722848,-0.0572717408378284,2.067460909873464,0.1011356770798047,-0.3284532275135164,0.6050025231440455,-0.1156126213848574,-0.1773233060885515,-0.1206019854148699,-0.3008301076467618,-0.1197512896020132,0.1959587592927032,neutral,ANI,False,0.08969072164948454,0.37628865979381443,0.002061855670103093,0.002061855670103093,0.8371134020618557,0.0,0.05567010309278351,0.05360824742268041,0.06391752577319587,0.0,0.003092783505154639,False,False
@ANINewsIndia,streams,2026-08,878,0.4281855207066858,-0.2807022748694918,3.233877425065368,-0.337874422228427,-0.9696513338794296,1.5494484293473445,0.8181319763837366,0.3030930801638464,-0.896829826439143,-0.0102198953332065,0.9964622913124884,0.2391184355506019,-0.1612370360555867,-0.1958728710091684,1.884704362847062,0.0187767841837486,-0.3122228650735933,0.5529541191971288,-0.2577351597729425,-0.1904435444254918,-0.396130004091503,-0.3484615153009933,0.0296754236949627,-0.0561243043666967,neutral,ANI,False,0.09111617312072894,0.33826879271070615,0.0,0.0056947608200455585,0.8246013667425968,0.0,0.07175398633257403,0.02847380410022779,0.05125284738041002,0.0,0.00683371298405467,False,False
@ANINewsIndia,streams,2026-09,452,0.7927945045019886,-0.4501614379041649,3.384265995495141,-0.2576960525211724,-0.8902635201789422,1.5614278073057186,0.7229323431385807,0.5473309236124659,-0.3809065257752491,-0.1408389328143021,1.1516090046042915,0.3915793234189872,0.0952265485547427,-0.3797332864586705,2.0657064156204417,0.0497876399296857,-0.2622792218215883,0.7039621863210246,-0.3491239113109133,0.0048090462961094,-0.0442703190834447,-0.5612147509481675,0.1417354960504824,-0.1088634132239548,neutral,ANI,False,0.048672566371681415,0.3053097345132743,0.0,0.0,0.8119469026548672,0.0,0.11946902654867257,0.01327433628318584,0.02654867256637168,0.0,0.0022123893805309734,True,False
@ANINewsIndia,videos,2026-01,1459,0.8208162530692563,0.6079169401668151,-0.0583454428101297,-0.2621824237591761,-0.5984446341274025,0.6178757141439708,1.8682736939905984,0.5608003876114553,-0.2940021802379961,1.7557511463951143,1.5602829344021545,0.9036975429714348,0.5622431958634132,0.6455132402547478,-0.8640785113441816,-0.0644108964399684,-0.1751765177464416,0.1464431108791152,1.007365002564249,0.2265131696049017,-0.0126948521845032,1.2493917923623503,0.8670920874937924,0.2906530132528884,neutral,ANI,False,0.023303632625085675,0.34955448937628514,0.0006854009595613434,0.06031528444139822,0.06100068540095956,0.0013708019191226869,0.12063056888279644,0.01782042494859493,0.05962988348183688,0.0013708019191226869,0.02604523646333105,False,False
@ANINewsIndia,videos,2026-02,1258,1.0951481309756046,0.555540892396914,-0.0367028489932462,-0.2363055463075161,-0.6911614100871094,0.6963291454863227,1.7918588159101636,0.5812028094140747,-0.1322381740653725,1.994293352095689,1.718806327465355,0.8115538756606308,0.6278203938174568,0.6124327746219356,-1.0205718340855936,0.0201278063202292,-0.1956979660423357,0.0727051779588276,0.8770677745294428,0.1513571137710972,0.1368805999475467,1.53154273431196,0.8721137124543483,0.2366774101429308,neutral,ANI,False,0.023052464228934817,0.3410174880763116,0.000794912559618442,0.04848966613672496,0.051669316375198726,0.0,0.11844197138314785,0.022257551669316374,0.0834658187599364,0.00397456279809221,0.02702702702702703,False,False
@ANINewsIndia,videos,2026-03,1365,-0.209643073804775,0.6656551307701388,-0.0358109858372099,-0.0998806300811601,-0.465831584486324,0.4096527863580967,1.7742938713532113,0.4557392753167577,-0.487703869566769,2.1229542313749072,0.97976399051345,1.5945645489191915,-0.0485028395522158,0.6424377660325249,-0.6593610733134891,0.0771663132793089,-0.121268806863855,0.1489781658042986,0.9419095170151242,0.1411777068917443,-0.1892038635923694,1.5024837858754143,0.4601219156164449,0.5313809121093915,neutral,ANI,False,0.021245421245421246,0.47619047619047616,0.0007326007326007326,0.07692307692307693,0.063003663003663,0.0,0.09377289377289377,0.024175824175824177,0.063003663003663,0.002197802197802198,0.020512820512820513,False,False
@ANINewsIndia,videos,2026-04,1240,0.6544639688676794,0.711600863754025,-0.0107617020323545,-0.1970339340303945,-0.5867133333572507,0.6357253293125656,1.8765728525312175,0.3511067906450406,-0.2805384434233858,2.070588792530689,1.4900565865550448,1.0242626312543064,0.6291844752535575,0.677633402068191,-0.7585567724818797,-0.0108599718112478,-0.2081841367078769,0.1394099063233024,1.100987119773267,0.0731307363911127,-0.0088994927849654,1.4629503747400543,0.8861211148700849,0.1159099173323229,neutral,ANI,False,0.024193548387096774,0.4266129032258065,0.0008064516129032258,0.0532258064516129,0.075,0.0008064516129032258,0.10483870967741936,0.014516129032258065,0.07096774193548387,0.0016129032258064516,0.021774193548387097,False,False
@ANINewsIndia,videos,2026-05,1242,0.844575560962025,0.5477193751791959,0.0240778914614718,-0.2825612140334755,-0.5599185001920239,0.8834657877550629,1.7307875688799363,0.370796140639526,-0.2389072310213662,1.7088643551364582,1.5806602739943303,0.6346319300500491,0.4621263845819527,0.5863069713631519,-0.9479670321240744,-0.0216116498727214,-0.0819028804042896,0.2070586913024801,0.8480941493514061,-0.0384001077581277,0.1109569058763003,1.2326856561419723,0.778991023374979,0.0641638338304836,neutral,ANI,False,0.020933977455716585,0.33735909822866345,0.0,0.04428341384863124,0.06763285024154589,0.005636070853462158,0.11272141706924316,0.0249597423510467,0.04186795491143317,0.0024154589371980675,0.033816425120772944,False,False
@ANINewsIndia,videos,2026-06,1404,0.7373781781788139,0.6762700468627352,0.041887991060933,-0.2873821830950147,-0.6525469714973205,0.7648148320466099,1.857309435321382,0.4386408272772639,-0.3456360301384542,1.583265469234793,1.5125556101426278,0.7319481896878824,0.3885961055006379,0.6933162776787545,-0.9392145344224236,-0.026535374455756,-0.1365798263415523,0.121673770264536,0.8912869546594627,0.0022331518132012,-0.0129413857584575,1.101760146581954,0.7402022911388145,0.1077887320289411,neutral,ANI,False,0.0349002849002849,0.33475783475783477,0.0,0.037037037037037035,0.08404558404558404,0.0035612535612535613,0.09757834757834757,0.02207977207977208,0.042735042735042736,0.0007122507122507123,0.01638176638176638,False,False
@ANINewsIndia,videos,2026-07,1461,0.6859321382596739,0.4866557685758345,0.2155928779205249,-0.3225969531495705,-0.617241200233921,0.9019199439208642,1.803757529679994,0.3996813548077663,-0.6216603847403404,1.4135398522524103,1.5105738278728,0.5200211758595829,0.2491444856212771,0.5404422902281101,-0.8486530480756345,-0.0262791284414463,-0.0798656870887199,0.2030934897816374,0.8328878007700283,-0.0903148763087659,-0.2306039759498808,0.9984565871786388,0.643649353666617,0.0230200581317364,neutral,ANI,False,0.028747433264887063,0.41752224503764546,0.0,0.04106776180698152,0.12251882272416154,0.0006844626967830253,0.07734428473648186,0.030116358658453114,0.06707734428473648,0.0013689253935660506,0.02327173169062286,False,False
@ANINewsIndia,videos,2026-08,1437,0.6562495827778734,0.5633285329186487,-0.0104649550619229,-0.3631905086887612,-0.7318070213154765,0.7396921594091254,1.8851070054389056,0.6017485587417053,-0.6245116100771421,1.4321598720207591,1.655315550544242,0.4147434769280124,0.2156727396326974,0.5895365560240703,-1.0092934706571473,-0.0639971167071414,-0.2128048002934135,0.1419402823695169,0.8378277606094569,0.1046622282738617,-0.204464469698267,1.0477900169910688,0.8177238560844419,0.0255230462054869,neutral,ANI,False,0.031315240083507306,0.36325678496868474,0.0,0.03966597077244259,0.060542797494780795,0.0006958942240779402,0.08907446068197634,0.03409881697981907,0.06332637439109255,0.0027835768963117608,0.017397355601948505,False,False
@ANINewsIndia,videos,2026-09,757,0.8715797836152386,0.5779265013770909,0.0779227807393913,-0.4296544199855986,-0.671784068050425,0.729762435405855,1.746540622769858,0.836377516645968,-0.6127852040512737,1.2297817754675997,1.844923292670607,0.5414556607797163,0.3473717984973964,0.6054588796853182,-0.9304637906482736,-0.1617499389796019,-0.1524020609421294,0.2176148573059338,0.6697041812346397,0.2547400895078421,-0.3198914300731983,0.7749195745936001,0.9541119060033644,-0.0467436839247595,neutral,ANI,False,0.02509907529722589,0.30647291941875826,0.0,0.03963011889035667,0.07529722589167767,0.001321003963011889,0.09247027741083223,0.022457067371202115,0.047556142668428,0.002642007926023778,0.022457067371202115,True,False
@AssociatedPress,streams,2026-01,172,0.8695926013609013,0.1547146559056518,3.815382233244195,-0.2868069177788195,-0.7680571487962133,-0.2724386284523102,1.6395232257605952,0.3482004398750196,-0.8697211542670579,-0.7481234674837344,-0.4285433578590875,-0.4297256376650059,0.455446583778019,0.3027268487860647,3.140090746779011,-0.143590342192814,-0.3287135269183693,-0.4558804759491642,0.935151827313634,0.0764220262561632,-0.6946748518694452,-0.9821465448812836,-0.8682243563032045,-0.6216907025219086,neutral,Associated Press,False,0.040697674418604654,0.0872093023255814,0.0,0.0,0.9825581395348837,0.005813953488372093,0.046511627906976744,0.005813953488372093,0.046511627906976744,0.0,0.005813953488372093,False,False
@AssociatedPress,streams,2026-02,112,1.15049360443049,0.7000249105640809,3.5237976302784637,-0.3307614536964077,-0.7942649138382105,-0.0751621412127742,1.6188697432355204,0.6311138042486868,-0.9364413575866564,-0.7115737211809221,-0.1011728705730775,-0.5893948382673513,0.50218143451621,0.7987331563909151,3.013959892868997,-0.1411458016517386,-0.3881155744194001,-0.2796896568787296,0.8648314858153886,0.3341676634787255,-0.7519092271432136,-0.9764145462339524,-0.6478563848654755,-0.6389303615868195,neutral,Associated Press,False,0.008928571428571428,0.15178571428571427,0.0,0.0,0.9910714285714286,0.0,0.0625,0.008928571428571428,0.026785714285714284,0.0,0.0,False,False
@AssociatedPress,streams,2026-03,147,0.2916771950679806,0.0797180655442049,3.942801336414567,-0.1126794423952337,-0.6719249610871215,-0.279882118277871,1.7167904954551845,-0.0023532360156609,-1.12756688807775,-0.7923822276885175,-0.4364565210650978,-0.0856362600610529,0.1653165516670858,0.1411433682832633,3.3722738796233367,0.0811493825015094,-0.2679176465219529,-0.4311737697379434,0.8070154649276976,-0.2013840467209822,-0.86013469577748,-1.1032191501203357,-0.8514136071836009,-0.6514287429529595,neutral,Associated Press,False,0.027210884353741496,0.2108843537414966,0.0,0.0,0.9795918367346939,0.0,0.08843537414965986,0.027210884353741496,0.034013605442176874,0.0,0.0,False,False
@AssociatedPress,streams,2026-04,118,1.183457237124141,0.4895898836039886,4.175920582220807,-0.1156462056953147,-0.7835493144419278,0.3324213061084373,1.5171557097273205,0.2424856264164819,-0.4258627848340837,-1.0125821534158082,0.3126328361528411,-0.2889075188632689,0.7364177396778891,0.4426990424535316,3.5132189128242803,0.0610521320390751,-0.4038504238119021,0.125840955848762,0.6597024371911857,0.1443273851770837,-0.2625572854138429,-1.1872040956837362,-0.083829381515641,-0.5611498047793481,neutral,Associated Press,False,0.01694915254237288,0.0847457627118644,0.0,0.0,1.0,0.0,0.0847457627118644,0.0,0.00847457627118644,0.0,0.00847457627118644,False,False
@AssociatedPress,streams,2026-05,106,1.1912566404206526,0.5216978809907878,3.6914937950967057,-0.1711302791269406,-0.565379711009578,0.058551632929839,1.2402903104900074,0.6548643555884212,-0.7498471054138979,-0.820801880660377,-0.2433833762581728,-0.5136259478338765,0.7638540843039495,0.6251852240043162,3.2284092064676733,-0.0069699677710614,-0.2440970188285548,-0.2230439733425051,0.6112377017004696,0.1712826524358684,-0.5586786775939684,-0.99705990588515,-0.6690747361759158,-0.7265293433982412,neutral,Associated Press,False,0.009433962264150943,0.11320754716981132,0.0,0.0,0.9622641509433962,0.0,0.09433962264150944,0.0,0.009433962264150943,0.0,0.009433962264150943,False,False
@AssociatedPress,streams,2026-06,149,1.5966127890686468,0.4061495733199285,3.1409765558407288,-0.3410078596484762,-0.6584473351954007,0.0708131422076798,1.1573852790103754,1.20000966413386,-0.7820828030715895,-0.8675378027498498,0.4538753200263587,-0.1078959252787769,1.0063362260245277,0.4083581207934899,2.5227662927183223,-0.1117253950851109,-0.3034667515483259,-0.2103384281673913,0.414663994945695,0.8297413998867933,-0.4988190322988418,-0.999816095688507,-0.1103075018164159,-0.4052460579741946,neutral,Associated Press,False,0.040268456375838924,0.09395973154362416,0.0,0.0,0.959731543624161,0.0,0.053691275167785234,0.006711409395973154,0.19463087248322147,0.0,0.0,False,False
@AssociatedPress,streams,2026-07,159,1.2832369508724686,0.3581843640959377,3.5261255043846527,-0.1815535554157413,-0.594450609110001,0.0034222683157677,1.2023099477087558,1.1693673419486756,-0.8784603565480649,-0.6584637794807917,-0.2243760486596476,-0.2519070007296179,0.7212970499941168,0.4283782523089675,2.8155160915380613,0.0797964351284404,-0.1823412797940733,-0.2012354286383469,0.3833094542870837,0.6180395410078767,-0.6170393830761551,-0.7306616802273295,-0.8001856522561341,-0.4185103766045466,neutral,Associated Press,False,0.012578616352201259,0.08176100628930817,0.006289308176100629,0.0,0.9937106918238994,0.0,0.031446540880503145,0.006289308176100629,0.13836477987421383,0.0,0.0,False,False
@AssociatedPress,streams,2026-08,93,0.6706688575849187,-0.5464407358989823,3.9260255532023582,-0.1267687233833603,-0.642917546870357,-0.1235180811666336,1.134350709449983,2.450716227022334,-0.9415607806135032,-0.4026875687307094,-1.2829842314602498,-0.6060071364083224,0.5396595255779486,-0.7298481529692225,3.595665571159688,0.1274855387627407,-0.3677720244189337,-0.3140057042588341,0.1260013981474905,2.062676770065236,-0.6599086489074589,-0.670232982326864,-1.4646192724287483,-0.62675042745643,neutral,Associated Press,False,0.010752688172043012,0.021505376344086023,0.0,0.0,1.0,0.0,0.010752688172043012,0.0,0.0,0.0,0.0,False,False
@AssociatedPress,streams,2026-09,42,1.6209248505778848,-0.2436782944905097,3.539425167158826,-0.1194910855456029,-0.6350867855032023,0.04761241288184,0.9605528451876898,1.2638962760484154,-1.0231207680460417,-0.4113579626353924,0.227092329916811,-0.3791121924291389,1.0213198359358189,-0.2213358417954536,2.972042817822179,0.0958671658746236,-0.2991891595908648,-0.2166992973146899,0.281408804416083,0.8918567980314416,-0.7697257223628308,-0.6709391786165488,-0.3179658838924541,-0.369603046612696,neutral,Associated Press,False,0.0,0.047619047619047616,0.0,0.0,0.9761904761904762,0.0,0.023809523809523808,0.0,0.023809523809523808,0.0,0.0,True,False
@AssociatedPress,videos,2026-01,673,0.7628907563723242,0.916726350816518,-0.4731163157100652,-0.1547007429412717,-0.4321218904860004,-0.5173025382094784,2.322070682530151,0.1168351547192632,-0.2011513423790916,0.922444727565822,0.3454744439785739,0.8524760930590387,0.9280273578592834,0.8797445438375898,-0.7180252102701665,-0.0441233229728259,-0.1593216160464301,-0.4708357796978076,1.5656096004310862,-0.0102632560869359,-0.0188926203073151,0.4495116215559947,0.0353862910091676,0.3559418880250659,neutral,Associated Press,False,0.01337295690936107,0.29271916790490343,0.0029717682020802376,0.029717682020802376,0.0,0.0029717682020802376,0.07726597325408618,0.05943536404160475,0.02823179791976226,0.0,0.03417533432392273,False,False
@AssociatedPress,videos,2026-02,531,0.9672298819767692,0.8481720048371941,-0.5379138101821508,-0.199825404434011,-0.5448395044084233,-0.0395422231718845,2.022299684643733,0.1835765424154221,-0.0185746873372303,0.656879950471575,0.3316840575912396,0.8772789726322696,0.9275414810187314,0.7979978568910564,-0.7281327487889605,-0.0591287047109643,-0.2851669461060721,-0.2245923013488071,1.3412889941513877,0.0529598546976775,0.1380593505887966,0.2171089126934051,-0.0485552849068259,0.6205181842689296,neutral,Associated Press,False,0.011299435028248588,0.3126177024482109,0.0018832391713747645,0.02071563088512241,0.009416195856873822,0.003766478342749529,0.07909604519774012,0.06591337099811675,0.047080979284369114,0.0,0.015065913370998116,False,False
@AssociatedPress,videos,2026-03,715,0.1231638202080966,0.844141988575873,-0.6101430517382446,-0.140318027311859,-0.5796157850249763,-0.6617916803315821,2.190578918129165,0.0837399042501803,-0.4018884959058552,0.7285360311248851,-0.07468402948217,1.4400166135887773,0.6089926631837979,0.8213318946103163,-0.85489812700706,-0.0130177262917121,-0.2740892809820687,-0.5330991462765992,1.3083548589788825,-0.134293986397657,-0.1448406448246671,0.1655543857446606,-0.3087534956246126,0.4558907330732513,neutral,Associated Press,False,0.016783216783216783,0.4167832167832168,0.002797202797202797,0.009790209790209791,0.0013986013986013986,0.005594405594405594,0.06433566433566433,0.009790209790209791,0.033566433566433566,0.0,0.008391608391608392,False,False
@AssociatedPress,videos,2026-04,620,0.5994623541969477,1.1032089806307597,-0.5180478441627736,-0.1488739532646613,-0.4701807820753966,-0.4621747907754736,2.1498280501411613,0.3330429833759996,-0.1974671207720712,0.6426088272333497,0.1905886911755671,1.118242679867512,0.7184597086192681,1.006829600137822,-0.802970744683483,-0.0062847231609795,-0.212513660277628,-0.4686020231282079,1.3467606321083012,0.1536696083715205,-0.0327582834140573,0.2192217790255895,-0.0795390828745972,0.476037027446096,neutral,Associated Press,False,0.004838709677419355,0.3,0.0,0.01935483870967742,0.008064516129032258,0.0,0.08064516129032258,0.016129032258064516,0.037096774193548385,0.0,0.008064516129032258,False,False
@AssociatedPress,videos,2026-05,616,0.818962323946744,0.9345610554244566,-0.5275802705046326,-0.1316926190755513,-0.373794285175819,-0.5123813074195255,2.14287558572415,0.5116880205664526,-0.2801909857352719,0.5792711777579355,0.2988892276455153,0.7856963738133996,0.9897920581567312,0.8792176726590621,-0.7274882244049119,0.0258321722145559,-0.1592065447592091,-0.4596849864324976,1.34714405749453,0.2229192977186481,0.0015993286450861,0.1492635789843104,0.0268762426815724,0.2857529643281566,neutral,Associated Press,False,0.006493506493506494,0.24512987012987014,0.0016233766233766235,0.025974025974025976,0.00487012987012987,0.0,0.10064935064935066,0.017857142857142856,0.040584415584415584,0.0,0.011363636363636364,False,False
@AssociatedPress,videos,2026-06,671,0.971617734692118,0.8619163701252315,-0.545265717947316,-0.154892463453287,-0.4152475302362065,-0.4160765831770129,2.1094614751785534,0.3692691211721747,-0.1592792627155143,0.5156604175916037,0.4843611956620615,1.0355826466251663,1.0100304329405057,0.7785618957620146,-0.8118999547083139,0.0303226446369695,-0.1428117378068009,-0.3804190802020983,1.2568054328897615,0.0104182760727414,0.0844976291996822,0.1776952979671874,0.1570696358884911,0.5666807002423293,neutral,Associated Press,False,0.00894187779433681,0.2637853949329359,0.0,0.019374068554396422,0.00894187779433681,0.0014903129657228018,0.08643815201192251,0.03427719821162444,0.043219076005961254,0.0014903129657228018,0.013412816691505217,False,False
@AssociatedPress,videos,2026-07,641,0.6956785402410269,1.01230654065003,-0.51000764393238,-0.0975869535994981,-0.2909857312745396,-0.5809530944851231,2.0606109433970436,0.6290260294726826,-0.1374274975786739,0.6398521200248058,0.2943717553011976,0.8950502483158371,0.8421572909484802,0.9251735120012404,-0.7440808919886381,0.0680907646426909,-0.0561223736063211,-0.4998967946698798,1.2057074647973014,0.2626250036675092,0.1138934531740626,0.2845239588950115,0.0470698047715908,0.5270125878741505,neutral,Associated Press,False,0.014040561622464899,0.33229329173166927,0.0031201248049922,0.029641185647425898,0.0015600624024961,0.0015600624024961,0.0483619344773791,0.0202808112324493,0.0421216848673947,0.0,0.0093603744149766,False,False
@AssociatedPress,videos,2026-08,549,0.6988984685948341,1.2628355085014045,-0.4762096438150005,-0.145594989962203,-0.3782404678179537,-0.7715657609448784,2.1821595704075776,0.4045267190564631,-0.1660835063103157,0.6781237346346449,0.3565074776740314,0.6627312397231656,0.7988942298341147,1.164542142186788,-0.6828531444714737,0.0382225892126748,-0.145804929296403,-0.591587431364818,1.2503506989048447,-0.0075707450371542,0.1019411338208552,0.3677349874168865,0.1182307853268647,0.3921449791294863,neutral,Associated Press,False,0.01092896174863388,0.21493624772313297,0.0,0.02185792349726776,0.0036429872495446266,0.0,0.0965391621129326,0.007285974499089253,0.03460837887067395,0.0,0.012750455373406194,False,False
@AssociatedPress,videos,2026-09,246,0.6031303107391669,1.08504268692332,-0.5921269249238448,-0.1618538689997455,-0.4688835561137996,-0.4428850927486822,2.2294813807787595,0.6826410777867712,-0.2080813357359473,0.1723415355541863,0.147822688439191,0.9305981251102204,0.7922211399041013,0.9725990465282766,-0.815020760096544,0.0147067122812193,-0.2494328215723876,-0.3221535983185053,1.3219877782506668,0.2043900984135882,0.0460300906844603,-0.265162314911941,-0.104087640617734,0.3890634277871698,neutral,Associated Press,False,0.032520325203252036,0.2601626016260163,0.0,0.0040650406504065045,0.0040650406504065045,0.0,0.06910569105691057,0.016260162601626018,0.04065040650406504,0.0040650406504065045,0.0,True,False
@BBCNews,videos,2026-01,250,0.3601212056081478,0.7004439105844968,-0.3934498686187255,-0.294592613072028,1.0576338997911017,-0.3149325929217981,1.9987217875663643,0.0749463356700578,-0.2319697431666694,0.8794578010765504,-0.1714138259203657,1.4429762772630057,0.393494699351402,0.5624686036482278,-0.6450152521406646,-0.2138950319804414,1.1577601567864078,-0.2375538638186081,1.2643157711291395,-0.0444117620851469,-0.0852493320364207,0.3277519878386918,-0.4662723389898286,0.736120820464807,neutral,BBC,False,0.1,0.3,0.0,0.252,0.012,0.0,0.056,0.004,0.028,0.0,0.072,False,False
@BBCNews,videos,2026-02,246,0.4567284482512062,0.4161729019216718,-0.4612693900749496,-0.3328352878210934,0.6988239167581478,0.0856285704780107,2.0165116129455485,-0.0180936062276475,-0.4298150244791364,0.4259668526797102,-0.0851862822713561,0.8732238413576306,0.5564208608290938,0.3035525747631677,-0.6298584023510032,-0.1889436963165608,0.800077229270868,-0.1340117978913113,1.3332796004791876,-0.0606520639041601,-0.3559480289603651,-0.1046493114010818,-0.3224279176746903,0.4251353927544693,neutral,BBC,False,0.052845528455284556,0.2967479674796748,0.0,0.24796747967479674,0.0040650406504065045,0.0,0.08130081300813008,0.012195121951219513,0.016260162601626018,0.0,0.04878048780487805,False,False
@BBCNews,videos,2026-03,302,-0.3545237204599571,0.6429126680185416,-0.2763150983596908,-0.0982739597806636,1.3645097281124223,-0.683908236625365,1.8298959890259867,0.0944896966290018,-0.2521954678790306,0.8197904084227985,-0.3122319033548335,2.226057534703993,0.2768862264301545,0.5245225409795568,-0.4775384718684353,0.0055099726765807,1.4929461543189313,-0.4617597727401147,1.045555765241298,-0.0614369853793414,-0.0131473657577972,0.117353047024911,-0.4686432149012356,0.9378575727714548,neutral,BBC,False,0.056291390728476824,0.38741721854304634,0.0,0.3211920529801324,0.0,0.0,0.152317880794702,0.023178807947019868,0.019867549668874173,0.0,0.08278145695364239,False,False
@BBCNews,videos,2026-04,284,0.5220266166218056,0.7218899940611235,-0.3359745845848345,-0.2031544616289011,1.3024720012092448,-0.255048057997074,1.7573777215845106,0.073417909126909,-0.0420506495248678,0.4195086945200511,0.1871085835793174,1.8182118163483203,0.6899700326732164,0.5258210521721265,-0.5816989274508233,-0.1149150185907498,1.4329079923901245,-0.2601808528821255,1.0515703255585092,-0.0121765416334378,0.0753483883074289,-0.1657789204973016,-0.0568740522381062,0.8834665141536768,neutral,BBC,False,0.05985915492957746,0.3028169014084507,0.0,0.29577464788732394,0.0,0.0,0.08450704225352113,0.007042253521126761,0.014084507042253521,0.0,0.11267605633802817,False,False
@BBCNews,videos,2026-05,270,0.4112422349368049,0.5408794439686193,-0.1989773872713405,-0.2373652019504319,1.5370414047093188,-0.7022318244805276,1.792621296038906,0.1329730007299294,-0.4602377487822847,0.3973433166183328,-0.0821075883410101,1.199862895424287,0.4652716045114182,0.3313128257148436,-0.3287387384471822,-0.1225327360242585,1.5269191262187194,-0.5299147088295527,1.0579883400916088,0.0026290173121695,-0.3041772215243951,-0.1281767720943454,-0.2514567028606878,0.557762093053014,neutral,BBC,False,0.07037037037037037,0.2740740740740741,0.0,0.31851851851851853,0.0,0.0,0.044444444444444446,0.007407407407407408,0.018518518518518517,0.0,0.12222222222222222,False,False
@BBCNews,videos,2026-06,278,0.3430382502645753,0.8581233638608818,-0.2551731614839609,-0.1953980596015543,1.6751037379490796,-0.6876585083175137,1.495324062534783,0.0945744119435138,-0.179902563317956,0.0864533592093002,0.008442843945694,1.5226422734746996,0.4790845016115087,0.5916038279775464,-0.3826062229642779,-0.040604052280475,1.7003988188976775,-0.412057241676699,0.652932713050066,-0.1491325043389698,-0.0112705355275217,-0.3842936535444071,-0.1545674144742626,0.8854239556289341,neutral,BBC,False,0.050359712230215826,0.3489208633093525,0.0,0.3345323741007194,0.0035971223021582736,0.0,0.06474820143884892,0.025179856115107913,0.017985611510791366,0.0,0.11151079136690648,False,False
@BBCNews,videos,2026-07,306,0.206460981457135,0.5997462950687149,-0.3611648642952994,-0.2189641963530253,1.5076160850932203,-0.4714852713994375,1.8921000117655296,0.2781179175117866,-0.348679454697459,0.1405559572052707,-0.0510353000942354,1.0219816422817194,0.2602828837254803,0.4428566539949199,-0.5881399249482325,-0.0391685368887331,1.576767899527995,-0.4472349145658559,1.1003872379877515,-0.0405716124199749,-0.1709643913291964,-0.2634614452094109,-0.2686675795944698,0.4117538279357706,neutral,BBC,False,0.08823529411764706,0.33986928104575165,0.0,0.28431372549019607,0.0,0.0,0.058823529411764705,0.0,0.016339869281045753,0.0,0.1111111111111111,False,False
@BBCNews,videos,2026-08,282,0.0615603256593587,0.6579065415069122,-0.3680494891963651,-0.2147727806187199,1.1345368575215726,-0.8438583365908009,1.9016080188730775,0.6463872125148823,-0.341234181619418,0.2813146179967423,-0.2637965615838787,0.8870593222514809,0.1895635269936944,0.4676107471194236,-0.5665328849336414,-0.0399562109541547,1.2190669095454425,-0.7014094016324911,1.0825022349227904,0.3284621574063337,-0.1626549483642824,-0.1731963151667837,-0.5104420314211492,0.3841597310732136,neutral,BBC,False,0.06028368794326241,0.28368794326241137,0.0,0.28368794326241137,0.0,0.0,0.06028368794326241,0.0,0.01773049645390071,0.0,0.10638297872340426,False,False
@BBCNews,videos,2026-09,134,0.3364804598583736,0.6172079250078006,-0.4332328743584008,-0.3553097327997041,1.600922349492777,-0.667416498941545,1.717392845094594,0.5043759946610822,-0.1238976606706237,0.4149017756747108,-0.0819605484987746,0.8897856857679166,0.2587497309106791,0.4649833731203366,-0.5773779448263328,-0.2397275266316994,1.6170881934206789,-0.5632467458883632,1.0414136762667,0.1702115439743524,-0.0434924014485236,0.0151726218547442,-0.2583562239952297,0.4571712433092828,neutral,BBC,False,0.11940298507462686,0.26865671641791045,0.0,0.31343283582089554,0.0,0.0,0.05223880597014925,0.014925373134328358,0.022388059701492536,0.0,0.14925373134328357,True,False
@CBSNews,streams,2026-01,49,0.1033937812138016,1.5958628998381246,0.0567485956843314,-0.54382225845138,-0.8193203863959775,0.1491314859939763,3.1696840163943443,-0.1025497546568247,-1.3419768923327793,-0.5434222657557747,0.1569374417172671,1.3050909714117729,0.1139276099631357,1.677846284588093,-0.3640999028125051,-0.3615906706575695,-0.4719969393867564,-0.0607317002898581,2.478544400146528,-0.062321906840969,-1.093545590380957,-0.8515156711883175,-0.266129382139895,1.063904710985899,neutral,CBS News,False,0.02040816326530612,0.2653061224489796,0.0,0.0,0.02040816326530612,0.0,0.08163265306122448,0.0,0.0,0.0,0.0,False,False
@CBSNews,streams,2026-02,30,0.9740019742952848,1.0977649597413282,0.1871892276687501,-0.462266038269669,-0.7665728363699771,-0.1331923110202268,2.845333361568844,0.5028194109759779,-0.99064481669278,-0.4937891182622071,0.7076292310853575,0.4339852329392916,0.8420139402862657,0.979952680381506,-0.1404601069538113,-0.251678526202184,-0.4015973723928674,-0.5502436737085469,1.8990650292640616,0.3230272535172099,-0.6541613709097633,-0.9526910824429176,0.4461981289021817,0.3332709519927224,neutral,CBS News,False,0.0,0.1,0.0,0.0,0.0,0.0,0.0,0.06666666666666667,0.06666666666666667,0.0,0.0,False,False
@CBSNews,streams,2026-03,55,-0.3659102694571672,0.9758108738951892,0.0633043407849836,-0.471172268574354,-0.6961747481829538,-0.5219935970053103,3.0295911013956123,0.1748715338193498,-1.5278378371007726,-0.5612309595989196,0.465930929454861,1.0892978841602967,0.0080963620447541,1.02812013931989,-0.3372135367450034,-0.3036773679517237,-0.2398689280620052,-0.705165275615513,2.202682994702031,-0.0177472911175979,-1.0965616694523128,-0.8951909523458604,0.2186528435984295,0.5538307158690361,neutral,CBS News,False,0.05454545454545454,0.23636363636363636,0.0,0.0,0.0,0.0,0.09090909090909091,0.0,0.01818181818181818,0.0,0.01818181818181818,False,False
@CBSNews,streams,2026-04,68,1.1087631855072395,1.287556117170614,0.0663181854465772,-0.4596375774056815,-0.9026531966654202,-0.0848356326828951,2.7346872633206307,0.736122872573098,-0.6593703915190754,-0.7913820337012349,0.6935352326483847,0.4844540536361569,0.8142256415062036,1.2623214981299886,-0.6107324137528113,-0.240784905747507,-0.4062798114018833,-0.2114715754641357,1.7719406471321046,0.5354111001479015,-0.4503957678741067,-0.9250217711205752,0.2956812376015535,0.2416839710922191,neutral,CBS News,False,0.014705882352941176,0.11764705882352941,0.0,0.0,0.0,0.0,0.11764705882352941,0.0,0.0,0.0,0.0,False,False
@CBSNews,streams,2026-05,28,1.342558458422708,1.3233137220561957,0.3600608211368926,-0.4935819334943107,-0.7183791110076864,-0.3061410405292743,2.989739465252804,0.5326043734887073,-0.613179735746914,-0.7245266276967519,1.0438315718239377,0.1381014605370575,1.6795277849212782,1.402268342323941,-0.0182260498906494,-0.3262847662016918,-0.3080292464191324,-0.7670974729688672,2.386433210513489,0.4030305383385913,-0.5017288024941722,-0.8643987025937168,1.0013565513663942,-0.0647303418603581,neutral,CBS News,False,0.03571428571428571,0.10714285714285714,0.0,0.0,0.07142857142857142,0.0,0.03571428571428571,0.0,0.0,0.0,0.03571428571428571,False,False
@CBSNews,streams,2026-06,27,0.7912610269249625,1.3345536976657526,0.0741637187990619,-0.355050692654603,-0.8669592059111406,0.1837756410515584,2.566690601285387,0.520270168344884,-1.1746905925333582,-0.0974388775266286,0.8768931733712076,0.2610542456176806,0.5493518887807184,1.3289543561474242,-0.4959841419441761,-0.1217967891525931,-0.3741644310192086,-0.4168045956293246,1.8341615194783656,0.4516224128501335,-0.9346812441522075,-0.1738940698600391,0.4564611548284849,0.0992675214981156,neutral,CBS News,False,0.0,0.07407407407407407,0.0,0.0,0.0,0.0,0.0,0.037037037037037035,0.0,0.0,0.037037037037037035,False,False
@CBSNews,streams,2026-07,37,1.2681227211697734,1.8156410860705017,0.0475749119526673,-0.4695808584637792,-0.8701587230315219,0.5025387713645835,2.909115264604051,0.3932293417954065,-0.7609934685466686,-0.524899366688482,1.51724790339872,0.5276755036300488,1.0282540622788012,1.8623379284148904,-0.4077599502829239,-0.303437053596601,-0.4769844744446028,-0.0942604469356424,2.337945338112162,0.171727465486064,-0.5339920835852027,-0.6782615737343745,1.09774714169752,0.5133760780311735,neutral,CBS News,False,0.02702702702702703,0.05405405405405406,0.0,0.0,0.0,0.0,0.05405405405405406,0.0,0.02702702702702703,0.0,0.0,False,False
@CBSNews,streams,2026-08,34,-0.1635195504879461,1.4878218074947482,-0.0229891180489918,-0.4365532050127874,-0.6402901598211375,0.3484823455367448,3.680374074583357,0.1776081268699942,-1.1305727469711286,-0.7183707541924867,-0.3863837860771708,0.5031885982679847,0.0514506951171913,1.270064885427498,-0.2578615701683181,-0.1621426308371522,-0.385432966357214,-0.1795698360511461,2.7512449977583877,-0.0646343329655315,-0.7611394859680233,-1.0375184840779883,-0.3247685551360987,0.4851879588248785,neutral,CBS News,False,0.0,0.058823529411764705,0.0,0.0,0.0,0.0,0.29411764705882354,0.0,0.0,0.0,0.0,False,False
@CBSNews,streams,2026-09,18,1.000554069753974,2.1045610694435193,0.1826224525888451,-0.2601588778904465,-0.5001708818524329,-0.1326042446619417,2.4867821184751486,1.8097190717471776,-0.6788299716852955,-0.6370965605165845,0.0075936837291393,0.4261967697451548,0.5983095968010244,2.071491667847676,-0.4769639620321786,-0.0325683095000972,-0.1402717254312403,-0.4337916112026425,1.594632487143442,1.1037737603350506,-0.3074101203758094,-0.7710683758496926,-0.3377482388100476,0.5144142331878537,neutral,CBS News,False,0.0,0.05555555555555555,0.0,0.0,0.05555555555555555,0.0,0.05555555555555555,0.0,0.0,0.0,0.0,True,False
@CBSNews,videos,2026-01,983,0.6652706079559841,0.7244701128162758,-0.2481964321475642,-0.2078052323572002,0.0996570109188483,-0.3052459043896539,2.249630515765345,0.1058304899359754,-0.7939479198964301,0.5331687331977537,0.5699725176381912,0.6139325503769256,0.7802888704106323,0.6654436651674743,-0.4530859263486641,-0.1018414674142086,0.3514322918351812,-0.3325403636455194,1.5747870989476422,0.0713444836318589,-0.6054685852541527,0.0825776485493516,0.2601374978313603,0.2058662877148807,neutral,CBS News,False,0.017293997965412006,0.28891149542217703,0.0,0.09562563580874874,0.044760935910478125,0.0,0.07222787385554426,0.05798575788402848,0.03560528992878942,0.0,0.04984740590030519,False,False
@CBSNews,videos,2026-02,983,1.144080783528452,0.6755151978919423,-0.3138736151472436,-0.2977517354661002,-0.1472379561700172,-0.1334710648091293,2.1826779287233165,0.1544665784533644,-0.5766439205473531,0.4895637591431349,0.8458020799205038,0.1235568858399275,0.961615710212715,0.573981388362828,-0.5138553186088987,-0.143612411373281,0.1006157348447849,-0.3560186035900894,1.4630436946317409,0.0383654839626466,-0.3697392707043248,0.0682130310876121,0.4419940260092205,-0.0816405394496465,neutral,CBS News,False,0.013224821973550356,0.23092573753814852,0.0,0.0671414038657172,0.03255340793489318,0.001017293997965412,0.07731434384537131,0.042726347914547304,0.04374364191251272,0.0,0.04679552390640895,False,False
@CBSNews,videos,2026-03,1037,0.088519048820589,0.7229902760455147,-0.2225002795042511,-0.2221856229491004,0.056863911308506,-0.6365210198063095,2.1225988816906582,0.0726440602233815,-0.7598575659658703,0.6199582765694661,0.2429249284603674,1.0074121744341724,0.4670984589481209,0.6442297445721165,-0.4196560323980811,-0.0929537028908372,0.295714780970814,-0.5818102416038339,1.4223832157051206,-0.0592930753708293,-0.4647352360392138,0.1151719078122221,-0.0098010241575405,0.1246103467931955,neutral,CBS News,False,0.023143683702989394,0.3461909353905497,0.0,0.08003857280617165,0.06171648987463838,0.0,0.08871745419479267,0.033751205400192864,0.041465766634522665,0.0,0.04339440694310511,False,False
@CBSNews,videos,2026-04,960,0.8180019544738946,0.6174878325018122,-0.117822733683187,-0.2014903287838313,0.241515330018963,-0.3876809603767833,2.131220009610427,0.1119070996724112,-0.3693248213261462,0.3350434259039938,0.6217604703828578,0.5840271287451386,0.8148713352682742,0.5251354987735085,-0.4451110132009012,-0.0599530265051918,0.5163432323853414,-0.4304055646764623,1.374702645673238,-0.0460436267587096,-0.1985056418737794,-0.010007305209564,0.3019344846364934,0.0558362697817617,neutral,CBS News,False,0.03229166666666667,0.21458333333333332,0.0,0.12083333333333333,0.07083333333333333,0.0,0.07916666666666666,0.035416666666666666,0.03854166666666667,0.0010416666666666667,0.05625,False,False
@CBSNews,videos,2026-05,862,0.8806762655083269,0.559608654095355,-0.3345762228291609,-0.3066830366185204,0.050324122639633,-0.5548496685351925,2.1615262589318194,0.3309419344367962,-0.6473919401040414,0.5372187379132216,0.558383142574856,0.4368414271661326,0.9474988185211292,0.4982626360938875,-0.4919165526236075,-0.1876004816050403,0.2218047066964343,-0.5423191378362592,1.5416449513477428,0.1158763101901353,-0.445275855657278,0.1690883279745004,0.2758731620138318,-0.0349488254942614,neutral,CBS News,False,0.025522041763341066,0.22157772621809746,0.0,0.0962877030162413,0.04060324825986079,0.0,0.0777262180974478,0.04176334106728538,0.03480278422273782,0.0,0.05336426914153132,False,False
@CBSNews,videos,2026-06,903,0.963221288731977,0.6971205657723097,-0.3524844218650961,-0.3332688685471948,-0.0824353186485216,-0.6763554507556304,2.192389348563284,0.11066121518087,-0.5146142318091413,0.6762558031609887,0.8819198409169421,0.5774779060952216,0.9794988231023484,0.6147834175572073,-0.5245055548299126,-0.157692745195339,0.1466323358831394,-0.657330340006515,1.511689963072322,-0.128012677536132,-0.3037664203744002,0.3359165903044318,0.5133265543191114,0.1110103886022909,neutral,CBS News,False,0.015503875968992248,0.21483942414174972,0.0,0.08305647840531562,0.035437430786267994,0.0,0.08305647840531562,0.029900332225913623,0.03322259136212625,0.0,0.05204872646733112,False,False
@CBSNews,videos,2026-07,962,0.6241946054308096,0.620499339160924,-0.3245622379019894,-0.2398712510209272,0.0172053876716692,-0.3809516322734824,2.2644093093357296,0.2785970808320078,-0.6274721712228182,0.4980393263415736,0.5908026423461019,0.4671815751044183,0.7074505601166635,0.5882539604569913,-0.530541512758724,-0.0849486590138798,0.2409554494931762,-0.4607042722206408,1.626669020890667,0.0644426086514311,-0.4408183041511176,0.1669464002189827,0.270668558918466,0.0531965497389085,neutral,CBS News,False,0.015592515592515593,0.2817047817047817,0.0,0.08212058212058213,0.04158004158004158,0.0,0.08731808731808732,0.02079002079002079,0.037422037422037424,0.0,0.0446985446985447,False,False
@CBSNews,videos,2026-08,867,0.6491874640380999,0.8560408447298172,-0.377566594233923,-0.2817046496512479,0.1366057793461506,-0.4813129845895372,2.3235090001823453,0.3042427042373371,-0.5787896067059073,0.5431096404509008,0.5638998516246938,0.4219939723857192,0.6589038887470826,0.749292377681769,-0.4965513301050056,-0.1291821418356888,0.2925709496321958,-0.4590692938883682,1.579658288683614,0.0675662419702071,-0.3665736508213173,0.2525792978168594,0.3210456133393123,0.1474681706311598,neutral,CBS News,False,0.00922722029988466,0.18800461361014995,0.0,0.08996539792387544,0.02883506343713956,0.0,0.07381776239907728,0.02883506343713956,0.04152249134948097,0.0011534025374855825,0.04844290657439446,False,False
@CBSNews,videos,2026-09,399,0.500929992769197,0.9526390257162444,-0.4899177978947843,-0.3783274136638668,0.2721968938376012,-0.6153139197001695,2.1275946042057536,0.7751444170650458,-0.6666071643682218,0.6787517395966486,0.2123122999258992,0.6898282493955402,0.4883246569273713,0.769379560148024,-0.5495220853040109,-0.2386749934828324,0.3540468823014873,-0.5483990394931058,1.446196861301944,-0.0156121595210331,-0.5030996748411378,0.3107759471299816,0.0411947519521987,0.3605865163200549,neutral,CBS News,False,0.017543859649122806,0.18546365914786966,0.0,0.10275689223057644,0.02756892230576441,0.002506265664160401,0.05764411027568922,0.022556390977443608,0.03258145363408521,0.0,0.05764411027568922,True,False
@FarronBalanced,streams,2026-01,23,-0.5074886675016402,0.3730627785863362,-0.967513208654413,-0.2776154449501087,-0.7088317511704696,-0.1549098352870928,0.0221670934345939,-0.7446284164702035,-1.0953985231449843,-0.5089043844520272,-1.3461487805627457,-0.0804088336125871,-0.123375362434624,0.107612349390447,-0.96001732534941,-0.4727847467927411,-0.4296373196541731,-0.2407717100368487,-0.2262932565619879,-0.4230799531352461,-1.4331209893332113,-0.4021813264886792,-1.3518132088092083,-0.1114012909531216,left,Farron Balanced,False,0.0,0.9565217391304348,0.0,0.0,0.0,0.0,0.0,0.0,0.043478260869565216,0.0,0.043478260869565216,False,False
@FarronBalanced,streams,2026-02,20,-0.6828252176935664,-0.5409775389999489,-0.8617019841675811,-0.4272010992098575,-0.7550057555802575,0.1289790444796552,-0.083023715426895,-0.5497919457510965,-1.296686338402003,-0.7588480949957975,-1.4096476885439446,-1.2199199590076926,-0.0032519585598919,-0.7398598707457648,-0.7916953127759704,-0.6436464311755059,-0.3851447701718039,0.2654231764019398,-0.3138353413902194,-0.2127978497785789,-1.7465606458863967,-0.4126113579980902,-1.2969318587399894,-0.9735559561174392,left,Farron Balanced,False,0.0,0.9,0.0,0.0,0.0,0.0,0.05,0.0,0.05,0.0,0.05,False,False
@FarronBalanced,streams,2026-03,21,-1.454710002104893,-1.0946239077857196,-0.6003416912083603,-0.4144146478830188,-0.6111070934236037,-0.0603868616318403,-0.2009458691612213,-0.8047409291261728,-0.9314739727141996,-0.4480138873866495,-0.7409143315823452,-0.8022365630973906,-0.960932867022119,-1.1758827364458808,-0.5918746912502515,-0.4799021761189926,-0.2508000660051654,-0.4557984819343461,-0.366235775450045,-0.4715428542947047,-1.3097762957822867,-0.3237501645098196,-0.7194574619957351,-0.7690298151587756,left,Farron Balanced,False,0.0,0.9523809523809523,0.0,0.0,0.047619047619047616,0.0,0.14285714285714285,0.0,0.09523809523809523,0.0,0.0,False,False
@FarronBalanced,streams,2026-04,22,-0.6219351539204349,-0.1804307870092473,-0.8440272352110547,-0.469407272103247,-0.6543256930514243,0.1056361951627775,-0.0075629553204139,-0.8572548322844576,-0.8352061426516945,-0.9392021123036822,-1.3301759329297946,0.0418128853680154,0.01412294728141,-0.439711809411059,-0.7186124323711671,-0.6157755345464975,-0.3691093914514475,0.1485287385428655,-0.0972786424368895,-0.4840571190400711,-1.3487309870443644,-0.6875790785115553,-1.2691684275970856,0.1565975859640166,left,Farron Balanced,False,0.0,1.0,0.0,0.0,0.0,0.0,0.045454545454545456,0.0,0.0,0.0,0.0,False,False
@FarronBalanced,streams,2026-05,20,-0.8226813954937267,-0.974378105364714,-0.5717911620998207,-0.3975501801838647,-0.8841497501140204,0.3971878099881262,0.1459774384460909,-0.5317476540203359,-0.9209314177386084,-0.3921194896683398,-1.704650456738443,-1.0249607414572357,-0.2761537227417811,-1.142250064886657,-0.4829696926119286,-0.5240916485265993,-0.5800565616929038,0.2561091396678887,-0.0484331846865361,-0.2011914378616793,-1.2680607633738272,-0.209303218378294,-1.7186877334440065,-0.9273949596390964,left,Farron Balanced,False,0.0,1.0,0.0,0.0,0.0,0.0,0.0,0.0,0.0,0.0,0.05,False,False
@FarronBalanced,streams,2026-06,20,-0.8801080282457936,-1.2476407355199344,-0.703021194391376,-0.4298446692959747,-1.0075329913869968,-1.0948524105643265,-0.1306176587457789,-0.6357559760881155,-1.7174813519665435,-0.8236840633902339,0.3803297854881459,-0.5718753744775592,-0.2673305142631326,-1.381858938535173,-0.6628111610635165,-0.5715837825927316,-0.7100416701946437,-0.7697876323914793,-0.4518593438665784,-0.3597176141881275,-2.1483042463188253,-0.5761475355000274,0.3251668117400922,-0.3570421065281862,left,Farron Balanced,False,0.0,0.95,0.0,0.0,0.0,0.0,0.05,0.0,0.15,0.0,0.0,False,False
@FarronBalanced,streams,2026-07,23,-1.3261845082507682,-0.6723909458074073,-0.9976914794282176,-0.3830125587833592,-0.8637967123626263,0.2995034320565302,0.0910712100503977,-0.0591250959060165,-0.8994758851704071,-0.5326329210630151,-0.7410798225922257,-0.7473600797026214,-0.8101158852141153,-0.9664533121489316,-0.8668475319249164,-0.5701963679441947,-0.5686908100676531,0.3080900241672531,-0.0623420920606549,0.163984059210636,-1.2956257196311998,-0.225376886562106,-0.5925696568128714,-0.5726483996847489,left,Farron Balanced,False,0.0,0.9565217391304348,0.0,0.0,0.0,0.0,0.0,0.0,0.0,0.0,0.13043478260869565,False,False
@FarronBalanced,streams,2026-08,19,-0.255079872620732,-0.2359263597998677,-0.5550355036595359,-0.1499861179648084,-1.0773232315130947,0.1965025602340861,-0.437399219946893,-0.0595780140707054,-0.6537301390325091,-1.1519386398313152,-1.360979423213358,-0.2424382464708683,0.3770879591003485,-0.3862269798412029,-0.5100846316676242,-0.292294134446408,-0.7923972335813444,0.2660624670146861,-0.7017155157582053,0.2797039260373526,-0.9982730190863048,-1.037379748669218,-1.3958648667855025,-0.2150389539001551,left,Farron Balanced,False,0.0,0.9473684210526315,0.0,0.0,0.0,0.0,0.0,0.0,0.0,0.0,0.0,False,False
@FarronBalanced,videos,2026-01,208,-0.4446441978886874,0.2337324507157763,-0.6562099037551629,-0.1661313428682639,-0.7122068392016259,-0.1584910476620869,-0.1449207577596283,-0.5983075535014797,-0.420448280992549,-0.4601256049647099,-0.8530958167506876,-0.2569099817311269,0.0143424713319116,0.1127422983702701,-0.651201195102717,-0.2396377281766684,-0.3864974694681407,-0.2263981387895011,-0.4082812879186583,-0.3746637216608611,-0.6893813676686407,-0.4192665261060704,-0.9169265813312796,-0.2569559311338173,left,Farron Balanced,False,0.004807692307692308,0.8798076923076923,0.0,0.009615384615384616,0.009615384615384616,0.0,0.04807692307692308,0.0,0.0625,0.0,0.019230769230769232,False,False
@FarronBalanced,videos,2026-02,206,-0.5263427966102237,-0.3976653453325348,-0.6913783388542462,-0.2144574178158829,-0.7580416501752378,-0.3035936176352469,-0.1947925461571242,-0.5297802502002759,-0.4126221222524228,-0.2998211555083868,-0.7282819952251984,-0.2331566821010642,-0.0720691558902999,-0.5160985808215786,-0.6603336832834225,-0.2866006209045641,-0.4390112068464254,-0.3045627541423346,-0.4437165494375945,-0.327684744660098,-0.6693915024260645,-0.2155610832957964,-0.832008116810278,-0.1271382121010239,left,Farron Balanced,False,0.0048543689320388345,0.8980582524271845,0.0,0.009708737864077669,0.009708737864077669,0.0,0.06796116504854369,0.0,0.04854368932038835,0.0,0.02912621359223301,False,False
@FarronBalanced,videos,2026-03,207,-0.7520232483403652,-0.1786613619127786,-0.7783235401880134,-0.1181786224177126,-0.7647649035835048,-0.2603136324409291,-0.2573296849152968,-0.6385009486853903,-0.434207826863504,-0.5562819377096456,-0.8367574357303057,-0.1112715687989194,-0.3127192033470219,-0.3908712685849383,-0.729550828613631,-0.2254418385140764,-0.4682331210570072,-0.281931689791304,-0.4580026586501069,-0.3951019884240643,-0.6997055782362032,-0.5422616795564883,-0.875357361168988,-0.1590145691394479,left,Farron Balanced,False,0.014492753623188406,0.927536231884058,0.0,0.004830917874396135,0.0,0.0,0.028985507246376812,0.004830917874396135,0.05314009661835749,0.0,0.0,False,False
@FarronBalanced,videos,2026-04,192,-0.8579228960423372,-0.6255100748843022,-0.7902974710939685,-0.3053235134522017,-0.8339863099847291,-0.1743814703339943,-0.1339625568488335,-0.5245267188049954,-0.352780748164507,-0.7290405391852476,-0.710180618051303,-0.1496424233333196,-0.4064868546709881,-0.7829769679947566,-0.7153658040773031,-0.3905742419570261,-0.5516174489348954,-0.1104411330803901,-0.3136253585497328,-0.3322591178993224,-0.664698575613066,-0.6208439715172752,-0.7798198604692784,-0.1239922950598823,left,Farron Balanced,False,0.0,0.9322916666666666,0.0,0.0,0.005208333333333333,0.0,0.03125,0.0,0.041666666666666664,0.0,0.005208333333333333,False,False
@FarronBalanced,videos,2026-05,204,-1.0419179522038402,-0.4015431666722273,-0.5565758855812206,-0.2383993752998402,-0.7704016721291252,-0.1218758527753069,-0.0502550637686785,-0.4130952033958154,-0.0447611129080052,-0.4777323746057499,-0.7536317097324501,-0.4096729877285506,-0.5774438424806302,-0.6064715783434478,-0.4775121756273774,-0.3707314469910383,-0.4767926733385098,-0.0456309789353458,-0.2833060846597873,-0.2005636838669424,-0.3607301925413813,-0.3145654123047476,-0.7569028966138281,-0.2957054991590064,left,Farron Balanced,False,0.00980392156862745,0.9166666666666666,0.0,0.00980392156862745,0.014705882352941176,0.0,0.024509803921568627,0.0,0.03431372549019608,0.0,0.00980392156862745,False,False
@FarronBalanced,videos,2026-06,205,-1.293753379416204,0.0171353187988231,-0.5383900032060921,-0.3079119709336474,-0.7638055843596747,0.0494928734805769,-0.2004193196400879,-0.3977582437889663,-0.095165627770258,-0.6332658475237147,-0.236555374287479,-0.4184557544394523,-0.8287288821735806,-0.0960457356821155,-0.4748110690512381,-0.3717961724558306,-0.455819478243498,0.1295495463775319,-0.4429506713687953,-0.1917975639539455,-0.3942650680333111,-0.518480301131371,-0.3391152623430902,-0.3253998014783656,left,Farron Balanced,False,0.00975609756097561,0.9463414634146341,0.004878048780487805,0.014634146341463415,0.0,0.0,0.03902439024390244,0.0,0.09268292682926829,0.0,0.00975609756097561,False,False
@FarronBalanced,videos,2026-07,192,-1.257723166846488,0.0488943504847561,-0.8371698214705701,-0.255249081590772,-0.8011222415654239,-0.1653099892032605,-0.0656952158295378,-0.3838021045288853,-0.6942478724324557,-0.5093069790426704,-0.7278914901298712,-0.2073485997386021,-0.8553574762301346,-0.0815255740913596,-0.7725479557188043,-0.3364204163508997,-0.5018311683967785,-0.2500361208417228,-0.2862603039433847,-0.2422236868157001,-0.9449211036660202,-0.4281770641482462,-0.7680552383358829,-0.1468996685214887,left,Farron Balanced,False,0.005208333333333333,0.8854166666666666,0.0,0.0,0.0,0.0,0.03125,0.005208333333333333,0.09375,0.0,0.010416666666666666,False,False
@FarronBalanced,videos,2026-08,204,-0.3429675396887349,0.1524204437400542,-0.7259290872599315,-0.1823923679522645,-0.7043576894170482,-0.3349618660659064,-0.0766192946392884,-0.6586966039197741,-0.534865268692078,-0.4316177226218557,-0.4078809199080107,0.0203682561813933,0.0617431687460136,0.0006797878183749,-0.6758911611636492,-0.317197068218869,-0.4170660149134441,-0.2503017228926384,-0.3846585203077138,-0.551926435928586,-0.7553253048960564,-0.3970398974075182,-0.475925177207941,0.0264853201340141,left,Farron Balanced,False,0.004901960784313725,0.8774509803921569,0.0,0.014705882352941176,0.0,0.0,0.029411764705882353,0.0,0.049019607843137254,0.0,0.0196078431372549,False,False
@FarronBalanced,videos,2026-09,87,-0.5847513191860582,0.3572467831703845,-0.7613651932372062,-0.3905040627873918,-0.911645785737864,-0.0951001310737643,0.0164566173803622,-0.2566401427176079,-0.8198661544740214,-0.5616972132095346,-0.9564903649059509,0.0038057201983167,-0.1041652620434727,0.1495123557031555,-0.6881993816215443,-0.5212996513278708,-0.6036628942884463,-0.084868502368595,-0.2495779164103377,-0.0174747649291853,-1.0887523708219111,-0.5243734380587828,-1.0029467983554248,-0.1224715801254565,left,Farron Balanced,False,0.0,0.9310344827586207,0.0,0.0,0.0,0.0,0.08045977011494253,0.0,0.06896551724137931,0.0,0.022988505747126436,True,False
@Firstpost,streams,2026-01,813,-0.0834951658830759,-0.9063332483241292,2.6870146310505443,-0.2029224874390202,-0.7532641946433394,0.7434059010818048,0.2484541191151657,0.8918833438330426,-1.512910982992242,0.2645311154474168,0.5421154109340113,1.248311711491907,-0.2432722554172633,-0.8996728873887117,2.0205407549553804,-0.0499458254466601,-0.4031629557655683,0.5072281782842749,-0.558374986829817,0.6220462828952816,-1.3226498621767897,-0.2480764122932429,0.0012823842334831,0.5476372459709625,neutral,Network18,False,0.03198031980319803,0.4354243542435424,0.0,0.05412054120541206,0.964329643296433,0.0,0.19557195571955718,0.017220172201722016,0.0897908979089791,0.0024600246002460025,0.02214022140221402,False,False
@Firstpost,streams,2026-02,869,0.4608539801737794,-1.0642578179112403,2.9470318060115286,-0.2133416282346924,-0.8948407054756281,0.5979033703399128,0.2485007378426898,0.8844245116983729,-1.5620158589888349,0.0869020770417286,0.8421416306215449,1.019929837237297,0.0765886646441073,-1.0306824315568863,2.1278359217278964,0.0077863162411756,-0.4649733414060269,0.2145023569787052,-0.6483763824023213,0.4843820837624913,-1.3627390504703971,-0.3484757323697624,0.1277758533818263,0.4007353117738281,neutral,Network18,False,0.012658227848101266,0.3187571921749137,0.0,0.06214039125431531,0.9769850402761795,0.0,0.18296892980437285,0.01726121979286536,0.07019562715765247,0.0,0.02186421173762946,False,False
@Firstpost,streams,2026-03,852,-1.7898704817923146,-0.8576820144835099,2.60293680460505,-0.0530333139071869,-0.6511510053456782,0.2976420044438907,0.2679419763527065,0.5043523241478661,-2.051464012960507,0.4232974164944837,-0.0048651863712853,2.550159493536782,-1.3782699108820045,-0.8475076153973222,2.0529067602194093,0.103186648355727,-0.2772565311398675,0.2575559890413865,-0.641193887363265,0.2355898397267377,-1.794912166047984,-0.1550505756551379,-0.3486171195173343,1.2792143441336463,neutral,Network18,False,0.011737089201877934,0.5974178403755869,0.0,0.056338028169014086,0.9859154929577465,0.0,0.1619718309859155,0.01056338028169014,0.09154929577464789,0.0,0.014084507042253521,False,False
@Firstpost,streams,2026-04,1263,-1.3078087427040554,-0.5514960562021323,2.632845838770585,-0.0004390668463172,-0.6795418233591255,0.5813838152905455,0.0901767971621063,0.5043003107630429,-1.5343118175788584,0.5981904869972047,0.3358658225640097,2.200507560549957,-1.011847080007834,-0.6429873400956216,2.2037906241543763,0.1194877224223228,-0.3932629873238656,0.4577252342196489,-0.6964776683913191,0.3249070174215931,-1.3454051290129676,-0.0288112425314325,-0.0023284573898273,0.9944526649496293,neutral,Network18,False,0.027711797307996833,0.5835312747426762,0.001583531274742676,0.110055423594616,0.9683293745051464,0.0,0.06175771971496437,0.026920031670625493,0.08709422011084719,0.0023752969121140144,0.035629453681710214,False,False
@Firstpost,streams,2026-05,1479,-0.9290642166107034,-0.5998624140462123,1.7008848947549429,-0.123135521693277,-0.5532029660742617,0.6357063039693632,0.0964141233619943,0.7664111485187842,-1.5282488443788056,0.6149897359508437,0.3510935653409623,1.7399680290818236,-0.8058277464022888,-0.6063140280752574,1.173635341627522,0.0350589889649807,-0.2387264387912307,0.4469179452164196,-0.6862065918681034,0.3896698314711362,-1.2920655233510276,0.0279297250842649,-0.0913645193987758,0.7145949319596133,neutral,Network18,False,0.03515889114266396,0.5172413793103449,0.0,0.13995943204868155,0.8735632183908046,0.0,0.07369844489519946,0.02434077079107505,0.06558485463150777,0.000676132521974307,0.03515889114266396,False,False
@Firstpost,streams,2026-06,1068,-0.4476652834720676,-0.4057650735904218,1.2611892999729255,-0.1512294386019165,-0.5962019476198109,0.7976533444259112,0.2102013126243883,1.244325483567178,-0.965768147342968,0.2604207580100335,0.8009128943016512,1.6287429177624475,-0.3726534942869934,-0.443764540793137,0.790715612758783,0.0515196538238834,-0.2633213199763866,0.7759128720932031,-0.6477958666803988,0.8145147537688309,-0.6595549927467385,-0.2117396520679658,0.3081275725334538,0.6957168010533389,neutral,Network18,False,0.02153558052434457,0.49812734082397003,0.0009363295880149813,0.12172284644194757,0.75187265917603,0.0,0.06835205992509363,0.02153558052434457,0.18352059925093633,0.0,0.033707865168539325,False,False
@Firstpost,streams,2026-07,1017,-1.0429376199575862,-0.7786060070563019,1.1012421578861356,-0.3045225561809857,-0.717407177918607,1.10970965083605,0.1999829036248832,1.1832235969941822,-1.3926611060294467,0.465081091177267,0.4294658960760948,1.8599229703982785,-0.968233126745236,-0.7773398714684427,0.5862791909746783,-0.1064943397293811,-0.3643695294372964,0.9956205139709952,-0.6052706745654892,0.7634922008849273,-1.121418684607543,0.0288122009461796,-0.0373888346506958,1.033030392467863,neutral,Network18,False,0.010816125860373648,0.5004916420845624,0.0009832841691248771,0.063913470993117,0.7935103244837758,0.0,0.0688298918387414,0.003933136676499509,0.13864306784660768,0.0019665683382497543,0.012782694198623401,False,False
@Firstpost,streams,2026-08,792,-1.5217988580075403,-0.5475571316423539,1.319146558217254,-0.279772335197218,-0.6612000886106438,0.8879539081101473,0.1320758630678369,0.9231987445269983,-1.441825531037269,1.1663432640298086,0.0960145144673219,1.95977538015902,-1.3248887246577423,-0.6137451470195348,0.8462709977539455,-0.093677700838054,-0.3304517966885258,0.7702616359465051,-0.7471379297500013,0.5792037764942982,-1.1648489704525131,0.6609362963807408,-0.2895311133726618,1.1266180387183478,neutral,Network18,False,0.030303030303030304,0.5694444444444444,0.0,0.09974747474747475,0.8055555555555556,0.0,0.05808080808080808,0.010101010101010102,0.08207070707070707,0.0012626262626262627,0.015151515151515152,False,False
@Firstpost,streams,2026-09,332,-0.8984688440351213,-0.6186207461611144,2.010585320952636,-0.3048366985809488,-0.8214108672624437,0.6926451527296695,-0.0856954711668094,1.4943452874071033,-0.7755826760079368,0.7218780498871012,0.3825670813126821,1.6532173186019272,-0.9828417658178258,-0.5882770536611713,1.341887694639915,-0.1273750684447201,-0.4162718276663497,0.4390860544452659,-0.981684012261992,0.9687111317509218,-0.610348819851746,0.1742256819476216,-0.2209625135119379,0.7550750283246389,neutral,Network18,False,0.024096385542168676,0.4578313253012048,0.0,0.11144578313253012,0.8313253012048193,0.0,0.060240963855421686,0.024096385542168676,0.07228915662650602,0.0,0.0,True,False
@Firstpost,videos,2026-01,878,-0.0053422838822235,-0.955879129873076,0.2110164644312518,-0.3509722309634651,-0.2740073445147384,0.3544382917388093,0.6247340715746801,0.8833728111046639,-0.5420289735357812,0.5935819248580008,0.8840413462303541,1.8762491368039595,-0.0602744674469571,-1.0084173275728912,-0.2516590668918131,-0.1858174344343428,-0.0310234905710726,0.2476357656657616,-0.1666416823280853,0.6265081333961632,-0.2646770876210982,0.0756457636574152,0.3735153232754224,1.165712836911388,neutral,Network18,False,0.02050113895216401,0.3952164009111617,0.0011389521640091116,0.17425968109339407,0.0056947608200455585,0.0,0.4646924829157175,0.010250569476082005,0.05353075170842825,0.002277904328018223,0.05694760820045558,False,False
@Firstpost,videos,2026-02,854,-0.0849519258806618,-0.9982706489307874,0.2891856034560354,-0.3983784686292233,-0.2539528385818684,0.2563322002330866,0.6370640482977143,1.0429843986514238,-0.4547191196896952,0.2642491984829417,0.9123029974030724,1.95505513035308,-0.2703492670659909,-1.0133767858467462,-0.2431348182930144,-0.1919747002367242,0.0267819590033211,0.1092048493647219,-0.1771119471291087,0.697018324887584,-0.1913783796042312,-0.2042842303988286,0.3376737417177162,1.3299688326625072,neutral,Network18,False,0.01405152224824356,0.3407494145199063,0.0,0.1955503512880562,0.01288056206088993,0.00702576112412178,0.4414519906323185,0.0117096018735363,0.059718969555035126,0.00117096018735363,0.06674473067915691,False,False
@Firstpost,videos,2026-03,998,-1.2406404522982624,-0.6777211885309448,0.19638270453491,-0.3425487519926851,-0.1432058434219343,0.1647975657415697,0.5166090329928164,1.1231575737986494,-0.6950735321957583,0.5346997837895527,0.4074327316460124,2.4737353967640323,-0.8635903877994316,-0.7008964039582206,-0.2004344824947207,-0.1707402966117905,0.1120563453719078,0.2366492628905441,-0.3422544428266446,0.798379864918842,-0.38893944298911,-0.0750039314144031,0.0393647108802328,1.2551259191410096,neutral,Network18,False,0.01503006012024048,0.5130260521042084,0.001002004008016032,0.20140280561122245,0.011022044088176353,0.006012024048096192,0.35370741482965934,0.01503006012024048,0.05511022044088176,0.00501002004008016,0.05811623246492986,False,False
@Firstpost,videos,2026-04,1312,-0.6055389380968242,-0.5705732076699075,0.1619351167882581,-0.2695767153407651,-0.4189523077824423,0.5273133695361439,0.5077623511167407,1.173533789091657,-0.677508084924627,0.7630860750472983,0.7223759073471344,2.031921675192062,-0.3785435951658238,-0.6504464954439109,-0.1868362979064267,-0.1267132621488828,-0.2039837337733481,0.464639821282337,-0.2509226656150701,0.9556861873447822,-0.434908085696427,0.1873573647332838,0.3620295515237875,1.0218409002337818,neutral,Network18,False,0.019054878048780487,0.4260670731707317,0.0022865853658536584,0.17911585365853658,0.008384146341463415,0.0007621951219512195,0.13567073170731708,0.022865853658536585,0.07469512195121951,0.004573170731707317,0.057926829268292686,False,False
@Firstpost,videos,2026-05,1286,-0.3320224450954677,-0.6859695096530327,0.1635343642934137,-0.3433817256684812,-0.1684651874670074,0.5262545379397763,0.6070040973034335,1.7462539972977325,-0.6947427080437915,0.6333296678195689,0.7145133847673198,1.8799936121513476,-0.3084326482806253,-0.7182568278131769,-0.2868262156819695,-0.1535198938340625,0.0632052512712958,0.4193351823385055,-0.195752935214432,1.3995803952573118,-0.4246097394119409,0.1031154297375343,0.2343127989327938,0.9868186989295984,neutral,Network18,False,0.029548989113530325,0.40746500777604977,0.0007776049766718507,0.19595645412130638,0.006220839813374806,0.0015552099533437014,0.11430793157076205,0.015552099533437015,0.04665629860031104,0.0023328149300155523,0.06298600311041991,False,False
@Firstpost,videos,2026-06,1349,-0.0325875169730438,-0.5089467643237586,0.1159128050340855,-0.3297334576850793,0.0796063515924407,0.4718968365898797,0.5608990749979349,1.9222085795408863,-0.6571397707497957,0.4296904620990449,0.9795816450966764,1.4997452710799706,-0.0961440350934738,-0.5569062670869612,-0.305011738963318,-0.1218351704053089,0.2991726587984237,0.4363572281958573,-0.227167624480927,1.5360390581033694,-0.3604372476849219,0.0043379807645583,0.4808295598012115,0.7650297459256925,neutral,Network18,False,0.014084507042253521,0.41363973313565605,0.0,0.21793921423276502,0.00815418828762046,0.0007412898443291327,0.12601927353595255,0.01111934766493699,0.06893995552260934,0.002223869532987398,0.12305411415863603,False,False
@Firstpost,videos,2026-07,1277,-0.43800876837912,-0.5127828145049506,0.1459087879974382,-0.2567565948875144,0.2283959235356512,0.6860542947952432,0.6157932046905035,2.1185752726737843,-0.5874491296261907,0.6737077786630666,0.6469497199343317,1.6267052479106294,-0.3496461374730096,-0.5430792048925972,-0.2394324290060855,-0.0578240139177529,0.4608752955039053,0.6958482566794493,-0.1876895247674136,1.7197202755146268,-0.300947592735407,0.2134000651372113,0.1816242477833173,0.8312514478162417,neutral,Network18,False,0.02192638997650744,0.47611589663273296,0.0,0.21613155833985903,0.010180109631949883,0.0015661707126076742,0.10728269381362568,0.012529365700861394,0.0759592795614722,0.0023492560689115116,0.14252153484729835,False,False
@Firstpost,videos,2026-08,1089,-0.5019393830628887,-0.3933125047918102,0.1844316856853402,-0.2528455549192447,0.2372516731093304,0.7085317834427924,0.5145166764499036,2.036150106121818,-0.5418764426526851,0.93526596660781,0.7215241273216455,1.7810102676416046,-0.3228070541904753,-0.4403408568025856,-0.177958273516098,-0.0696275840540777,0.4511123897512139,0.6824973681081639,-0.2893421094230402,1.6847525339917726,-0.2720899396829252,0.4153531435015754,0.2959471305377277,0.97199739691927,neutral,Network18,False,0.02938475665748393,0.46831955922865015,0.0,0.2874196510560147,0.005509641873278237,0.0,0.1184573002754821,0.006427915518824609,0.05693296602387511,0.0018365472910927456,0.16712580348943984,False,False
@Firstpost,videos,2026-09,594,-0.4624035326360742,-0.2676581472352887,0.3237023950086663,-0.0270339886117837,-0.1271733820088212,0.7428335170233344,0.2108390650183509,1.9056089134591256,-0.5954766674123546,1.9682603655610995,0.7017856280729555,1.6692672624968283,-0.3824391941702661,-0.2742069818561341,-0.134724448883681,0.1645598370659724,0.1507836361006877,0.6998781271633764,-0.6532669541565568,1.392052257980385,-0.3603159755619385,1.413297035168066,0.1575440036054641,0.766942887499824,neutral,Network18,False,0.05555555555555555,0.5404040404040404,0.0,0.29797979797979796,0.015151515151515152,0.0,0.10774410774410774,0.008417508417508417,0.08585858585858586,0.0,0.12962962962962962,True,False
@FoxNews,streams,2026-01,118,0.5380893738782265,0.2104139329599868,0.0986507563313802,-0.4541702708353496,-0.6646315854584546,0.1326048554910532,2.316239963006712,-0.1796674493529547,-0.9713737154829576,-0.2332118676218023,-0.1128274967521352,0.4373291496746074,0.5652189719433006,0.2343303792172283,-0.3098303689537056,-0.295601551215041,-0.29861539695629,-0.1103664701808021,1.6425145278089452,-0.1618926914992773,-0.7800473486410755,-0.5732237557315251,-0.4207933368257186,0.1596970988268406,right,Fox News,False,0.00847457627118644,0.2627118644067797,0.0,0.03389830508474576,0.1016949152542373,0.0,0.07627118644067797,0.025423728813559324,0.059322033898305086,0.0,0.00847457627118644,False,False
@FoxNews,streams,2026-02,77,0.8361898023242957,0.3838062622750914,0.6069842659264498,-0.524346583959489,-0.9104216441813155,0.5435982679382024,2.4977883792302955,-0.1008338719421882,-0.9002962394871162,-0.0141588415860835,0.025641700012753,-0.1869730339512471,0.4788853545371304,0.4799661198332186,0.0220086679781748,-0.3168049889366691,-0.4793762144509551,-0.0352704960248186,1.8055808952890524,-0.1323688221394594,-0.6704262949928361,-0.2277851595647368,-0.3456393825733562,-0.2440352751240694,right,Fox News,False,0.012987012987012988,0.2077922077922078,0.0,0.0,0.24675324675324675,0.0,0.07792207792207792,0.025974025974025976,0.03896103896103896,0.0,0.0,False,False
@FoxNews,streams,2026-03,92,0.5998156578798064,-0.0428586505842322,0.0534580520039729,-0.5213333948815152,-0.7958279610912763,0.2762256142882331,2.074226927572245,-0.2842091414958382,-0.4282212698267109,0.2086659078915318,0.3902523108441965,0.3752102069495127,0.531135247349985,0.0741517683228311,-0.6389451568496648,-0.3708820611874542,-0.282285450284279,-0.1924675399397088,1.3853047499270412,-0.3064009286421816,-0.2137434714185088,0.036473532864279,-0.0249177250674983,-0.0498145244762074,right,Fox News,False,0.03260869565217391,0.2608695652173913,0.0,0.0,0.10869565217391304,0.0,0.06521739130434782,0.010869565217391304,0.010869565217391304,0.0,0.0,False,False
@FoxNews,streams,2026-04,64,0.4854004688385249,0.077071683301273,0.1891875783373768,-0.7210741225961385,-0.8698496889192661,0.4336671948108906,1.9079152500281975,-0.2867436989256104,-0.2258239331831601,-0.2319096594353371,-0.052229526748607,0.0079980259524367,0.2945784953726553,0.0959285924709076,-0.3983441857996956,-0.5579500218173254,-0.3950402695801763,0.0127068664054097,1.2309871507794317,-0.3033811584315148,-0.1285119049818804,-0.3819677239561289,-0.4321640077780492,-0.2280429326270537,right,Fox News,False,0.0,0.21875,0.0,0.03125,0.15625,0.0,0.0625,0.015625,0.0625,0.0,0.0,False,False
@FoxNews,streams,2026-05,57,0.8571294342027433,0.2518655778733359,-0.0493226870763102,-0.7112576352157537,-0.9495943036778188,0.7776586331942414,2.3699618634494506,-0.0855595391912083,-0.4319888361380374,-0.4979250512097131,0.2903305751085198,-0.4610378184335318,0.7075509933408416,0.3805591343754876,-0.594796711654259,-0.5497072097898041,-0.538891091032572,0.3676876263334412,1.7943687417258944,-0.125819577394286,-0.3019773868292991,-0.7499557898064608,-0.1986667086043269,-0.7414981839487574,right,Fox News,False,0.03508771929824561,0.19298245614035087,0.0,0.0,0.08771929824561403,0.0,0.08771929824561403,0.0,0.03508771929824561,0.0,0.0,False,False
@FoxNews,streams,2026-06,44,1.242357961853939,0.2336212455193553,0.0510378755557284,-0.5986039292666904,-0.9279062044015874,0.1635782955751915,2.261566434520266,-0.4551420955705105,-0.5699150801299834,-0.6275221165364638,0.4712225144136417,-0.4080352615454985,0.7227710086377663,0.3984274276882785,-0.8261030218013626,-0.3894341989295439,-0.3770047540819789,-0.4782740671617709,1.5918904975298995,-0.4656851720934416,-0.4048934937037867,-0.7348846615764955,-0.1178420040623968,-0.6909559818177834,right,Fox News,False,0.022727272727272728,0.11363636363636363,0.0,0.0,0.09090909090909091,0.0,0.18181818181818182,0.0,0.11363636363636363,0.0,0.0,False,False
@FoxNews,streams,2026-07,47,0.8558291312816362,-0.2072018208008138,-0.3027703632814918,-0.7464565309739607,-1.0244556940664584,0.7597711060464202,2.11157868458659,0.2062875194955777,-0.6889673513318834,-0.5189796050909414,0.1839564731252059,-0.0497067466072699,0.2609124166196591,0.0421220560211636,-1.263969781360057,-0.5532159268289724,-0.4437387806485489,0.0769451177437189,1.47942705563015,0.1432375685611788,-0.5385310448897849,-0.4652202662012769,-0.4143840014435008,-0.140007255586066,right,Fox News,False,0.0,0.1276595744680851,0.0,0.0,0.02127659574468085,0.0,0.02127659574468085,0.0,0.06382978723404255,0.0,0.0,False,False
@FoxNews,streams,2026-08,65,0.1188426774697297,0.3735713697321773,-0.1296874436221803,-0.8366571475495035,-0.9077490511424966,0.5834596478259387,2.733571535094417,0.4827817451455686,-0.9618652957371756,-0.564373004724643,-0.7521259076006752,-0.2135735711260475,-0.0607130927441469,0.409476434109558,-0.5972274889464836,-0.5754679794421416,-0.5382392302522132,0.0265051786849743,1.97405375354789,0.3426274416777121,-0.7895322603908498,-0.7088005459462894,-0.8909501069268071,-0.1295561833774048,right,Fox News,False,0.0,0.046153846153846156,0.0,0.0,0.07692307692307693,0.0,0.03076923076923077,0.0,0.015384615384615385,0.0,0.0,False,False
@FoxNews,streams,2026-09,33,0.7229764767152669,0.6848318666883225,-0.2174847068026545,-0.6854442515594035,-0.9129048662128874,-0.1266668230231609,2.5218336763667852,0.9367224789270276,-0.6564096040745908,-0.0104464476991467,-0.3151645393161019,-0.040088291549596,0.5318331244769926,0.6264159036537655,-0.730910717828342,-0.51262116024874,-0.5622166805847505,-0.657175836416538,1.8207157131439364,0.4452630009702944,-0.4257986790661628,-0.2816801302926059,-0.5529153425865704,-0.1539728174151912,right,Fox News,False,0.0,0.2727272727272727,0.0,0.0,0.06060606060606061,0.0,0.06060606060606061,0.0,0.030303030303030304,0.0,0.0,True,False
@FoxNews,videos,2026-01,941,0.1677125415913239,0.6939525469360099,0.6923819326908774,0.1980390687167182,-0.3271848351187587,-0.8130817710469811,1.2987124777550036,-0.3092732208931728,0.0652143207737074,1.7504470039885367,-0.2444157351625388,-0.0657068832570587,0.4367203826245369,0.5929197801639629,0.5927679144522889,0.2369356536889552,-0.1053654741359807,-0.8885993519705899,0.9041661176662004,-0.2414948788217965,0.1343121560310196,1.3671216677402418,-0.385604960929031,-0.31656156411513,right,Fox News,False,0.024442082890541977,0.5876726886291179,0.004250797024442083,0.03506907545164718,0.1126461211477152,0.020191285866099893,0.044633368756641874,0.022316684378320937,0.077577045696068,0.0,0.015940488841657812,False,False
@FoxNews,videos,2026-02,891,0.7083061813814537,0.5727416419854114,0.598786605686,-0.011956253317684,-0.2284385509177655,-0.1758966518332405,1.3784687726485283,-0.2449980144997237,0.0259836342647349,1.723266083706127,0.0021297467146002,-0.0917821911589016,0.6289020888719459,0.4047663010376318,0.5031780363124905,0.0766024402638485,-0.0452941497489703,-0.4973643738080213,0.7831262178801628,-0.2841057088293978,0.2444524834323126,1.2781258394218151,-0.2061232621198931,-0.2477591343602622,right,Fox News,False,0.024691358024691357,0.4556677890011223,0.005611672278338945,0.04152637485970819,0.11447811447811448,0.015712682379349047,0.04826038159371493,0.014590347923681257,0.06285072951739619,0.0,0.031425364758698095,False,False
@FoxNews,videos,2026-03,937,-0.0618983771224878,0.6006825973771972,0.7062720573011542,0.3096364034154348,-0.349944693151417,-0.8523042798515658,1.4040218629255874,-0.0962464893692614,-0.023506191024202,1.3855289652858878,-0.3061221578187645,0.4022931748896771,0.3945455440126583,0.4770536387623365,0.589701364668547,0.2982234469192205,-0.1719274969994619,-0.7248336202958571,0.9345820915886842,-0.1551355522553336,0.0767234826779321,0.8973476493008731,-0.4090481444774113,-0.3854304736589091,right,Fox News,False,0.025613660618996798,0.5741728922091782,0.0032017075773745998,0.03735325506937033,0.14621131270010673,0.022411953041622197,0.042689434364994665,0.017075773745997867,0.06616862326574173,0.0,0.014941302027748132,False,False
@FoxNews,videos,2026-04,897,0.2925741901029329,0.441480859008909,0.722209653033927,0.3712122800644018,-0.3857017702740207,-0.824315057898508,1.27586148060206,-0.2011188977498221,0.17274448686747,1.3694172148014865,-0.1924311702401106,0.3906323240707999,0.62514939930274,0.3046292631336847,0.5899014039389548,0.3737998133055973,-0.206821591184523,-0.8750496033030865,0.8694118278565492,-0.2029685683286321,0.2341250527758497,0.8913501717282236,-0.3638771031749904,-0.2523927267446984,right,Fox News,False,0.0189520624303233,0.5284280936454849,0.006688963210702341,0.045707915273132664,0.14715719063545152,0.021181716833890748,0.045707915273132664,0.01560758082497213,0.06020066889632107,0.0,0.01560758082497213,False,False
@FoxNews,videos,2026-05,905,0.1312387817389687,0.329788830515187,0.637176351254066,0.3899894188777711,-0.4622608509312507,-0.6543186307455147,1.4014348582035667,-0.1659074355145872,0.1457255330248823,1.299974191907431,-0.3103285122562766,0.2883929106909582,0.3974927219192612,0.1905373514845313,0.5230441684975796,0.4163150367037989,-0.3122005192808909,-0.7284358768186118,1.0078553812159112,-0.2093438743804361,0.2388630711481386,0.7948021277496016,-0.4904821022319734,-0.3579126990599361,right,Fox News,False,0.020994475138121547,0.5502762430939226,0.0055248618784530384,0.028729281767955802,0.13038674033149172,0.019889502762430938,0.05856353591160221,0.016574585635359115,0.06298342541436464,0.0011049723756906078,0.012154696132596685,False,False
@FoxNews,videos,2026-06,859,0.2791463063330883,0.3703203700890723,0.6577246943639492,0.1855316786406044,-0.399824634499607,-0.487134635549621,1.240004318309226,-0.1258921904433941,0.1721453763108378,1.049252574265898,-0.2032649261053316,0.412322364637572,0.5267613276257161,0.2551871744174235,0.5697248610467326,0.2280167123946236,-0.2178171920353144,-0.5581277813000822,0.8676628208036207,-0.121362165609132,0.2080004559551341,0.5795831016919278,-0.3831271801208577,-0.1499507325577748,right,Fox News,False,0.009313154831199068,0.5820721769499418,0.0034924330616996507,0.037252619324796274,0.13387660069848661,0.02211874272409779,0.06169965075669383,0.017462165308498253,0.051222351571594875,0.0,0.015133876600698487,False,False
@FoxNews,videos,2026-07,902,0.1112457251525403,0.319270741886738,0.5091427102106182,0.045285222111747,-0.4327384701051431,-0.5111243051368558,1.3880576009186072,-0.2094348365605488,0.2771095055852126,1.314661855459745,-0.0770248157853,0.295982957190765,0.3615271347499856,0.2160975423215033,0.4157522583776648,0.0838177896883698,-0.279180114474179,-0.6655451608907437,1.0285268348428551,-0.2469413112877037,0.3348236330360547,0.8391504822891516,-0.2782703987742662,-0.2428074859856646,right,Fox News,False,0.013303769401330377,0.5931263858093127,0.005543237250554324,0.02771618625277162,0.11529933481152993,0.014412416851441241,0.036585365853658534,0.013303769401330377,0.06430155210643015,0.0,0.014412416851441241,False,False
@FoxNews,videos,2026-08,977,0.0433440167393607,0.3194858262306075,0.5113437492317229,-0.0544966522875098,-0.4497001844818623,-0.6246818177175348,1.411834203595218,-0.1724149890474315,0.3460706351318735,1.0928760838289306,-0.241708849515002,0.2800725397547866,0.2304444132462712,0.1887136590121032,0.4453954441099307,-0.0075875256873975,-0.3111810770456139,-0.6775315206896324,1.0048441256512517,-0.2251467287052632,0.421622187669097,0.7103480309102567,-0.4143242886274719,-0.1026143089413484,right,Fox News,False,0.011258955987717503,0.5424769703172978,0.0040941658137154556,0.027635619242579325,0.09416581371545547,0.01330603889457523,0.05322415557830092,0.011258955987717503,0.062436028659160696,0.0,0.008188331627430911,False,False
@FoxNews,videos,2026-09,418,0.1147787449231434,0.3932038431244705,0.4149201250683544,-0.0201835113328634,-0.4304508235862855,-0.6900395958615504,1.594271324570595,-0.1230839011277109,0.1583840813608773,1.316056721221902,-0.1239312958348978,0.4295505715829185,0.3643997434853297,0.2606235768627745,0.3459876881369527,0.0612572036345965,-0.2899613813840102,-0.7858354956234597,1.1146795099808304,-0.3837613068596614,0.2814762870808521,0.9082450306787724,-0.2494506405697317,0.0095182402444699,right,Fox News,False,0.007177033492822967,0.5215311004784688,0.0023923444976076554,0.0215311004784689,0.08851674641148326,0.009569377990430622,0.050239234449760764,0.009569377990430622,0.050239234449760764,0.0,0.023923444976076555,True,False
@FoxNewsChannelClips,videos,2026-01,658,0.7747282376567383,0.8736607191014212,0.0956033111975076,-0.1529516341020218,-0.2536155487639679,-0.844505994533059,1.6602473862459532,-0.2771494279500787,-0.0369340469400057,2.250937225934418,0.2708425886695423,0.3723896755228881,0.7933295496775294,0.7931580130044451,-0.0044452608815072,-0.050393709713661,-0.1232604902448779,-0.7730073211324663,1.13514971169183,-0.3212618938770978,0.1197341450619251,1.881844140589071,-0.0103653221254538,0.1576627568918839,right,Fox News,True,0.0121580547112462,0.4513677811550152,0.001519756838905775,0.0425531914893617,0.0121580547112462,0.0,0.0425531914893617,0.0121580547112462,0.0547112462006079,0.00303951367781155,0.0243161094224924,False,False
@FoxNewsChannelClips,videos,2026-02,597,0.9372416312469664,0.7758481564705872,0.1530789012463089,-0.2397138484333126,-0.3263136352484928,-0.3666241812663761,1.5508388332316991,-0.3741717776726341,0.243653797455752,2.330863112957272,0.431548609176921,0.0436560834116295,0.7537827025782372,0.597092308958229,0.0564404572044774,-0.1094655575275052,-0.1806312299459513,-0.51741997282366,0.9371360692040616,-0.4542401787042131,0.4907481677163021,1.9352087914048917,0.0880496427481499,-0.0848989168700205,right,Fox News,True,0.011725293132328308,0.39028475711892796,0.0033500837520938024,0.04020100502512563,0.01675041876046901,0.0,0.038525963149078725,0.01507537688442211,0.08710217755443886,0.0,0.04187604690117253,False,False
@FoxNewsChannelClips,videos,2026-03,663,0.4017812577953044,0.494162307412514,0.2822414475818708,-0.183296944968047,-0.4399819098673531,-0.7766770300853664,1.7077176915535075,-0.2976734516277558,0.2469038070000038,2.1359989669941113,0.2373619310865167,0.3272421099447818,0.5004296337019781,0.350265046348353,0.1602859735323689,-0.091956034382723,-0.3242155532270176,-0.6339772981785662,1.2067039206569974,-0.3651707399322491,0.4817655394696417,1.7000337179397012,-0.0823998486381708,-0.2251574502222809,right,Fox News,True,0.007541478129713424,0.5158371040723982,0.0015082956259426848,0.03167420814479638,0.02262443438914027,0.0,0.02564102564102564,0.010558069381598794,0.09954751131221719,0.0,0.013574660633484163,False,False
@FoxNewsChannelClips,videos,2026-04,651,0.687091689048546,0.3729017077477145,0.3379262513056329,-0.1168158534567134,-0.3840813033803241,-0.775899871210663,1.6328039482105812,-0.3479120932267046,0.6668155848879948,2.0873798352205313,0.5295435514878014,0.1113407505029691,0.634435013100683,0.2843267334605163,0.1792091993344136,-0.0155468655293284,-0.266888288546302,-0.7409385224967652,1.1496029221967925,-0.4013005591503415,0.7710622607295851,1.7724356447342944,0.1897958204990503,-0.139365994542894,right,Fox News,True,0.015360983102918587,0.4116743471582181,0.0030721966205837174,0.043010752688172046,0.015360983102918587,0.0,0.04608294930875576,0.010752688172043012,0.0706605222734255,0.0,0.018433179723502304,False,False
@FoxNewsChannelClips,videos,2026-05,642,0.4873090214967343,0.4750796850643917,0.2700194373965247,-0.1027909250339596,-0.5064142991105178,-0.5534342512696857,1.581986242140201,-0.1271732149042141,0.5693419864307523,2.0349123775307736,0.2612050891755343,0.1359635992931599,0.3995823833757398,0.3908646420252625,0.1706137666036832,0.0242455103590587,-0.4200562419061475,-0.5748556405467924,1.1236130627412635,-0.2296733025508737,0.7321088614675071,1.699091684398872,-0.0515931583690718,-0.0909861068914361,right,Fox News,True,0.00778816199376947,0.4781931464174455,0.0,0.01557632398753894,0.021806853582554516,0.0,0.037383177570093455,0.010903426791277258,0.10747663551401869,0.0,0.010903426791277258,False,False
@FoxNewsChannelClips,videos,2026-06,632,0.7287391824470197,0.3479378215089073,0.2098434815595606,-0.2653457278284558,-0.5040531585829419,-0.5098757832819157,1.7654017229810166,-0.2270274121904772,0.3577463067431078,1.406666545660816,0.4108244567229747,0.1016658126317501,0.6151961078353966,0.2615441098053539,0.1446920402564147,-0.1241083113352028,-0.4164116700456711,-0.5520039485920089,1.3652437620069895,-0.3608069028625585,0.4886244864201869,1.0604357038691503,0.0985224048389435,-0.0948400338786805,right,Fox News,True,0.0031645569620253164,0.47310126582278483,0.004746835443037975,0.03164556962025317,0.015822784810126583,0.0,0.055379746835443035,0.012658227848101266,0.07120253164556962,0.0,0.015822784810126583,False,False
@FoxNewsChannelClips,videos,2026-07,650,0.697676975215879,0.6327156520956909,0.1613077044019277,-0.2327104267782706,-0.4714803787287385,-0.3830260133413147,1.5743925197528654,-0.1959249836365232,0.6108998503216491,1.6288548562866365,0.4544403720536831,-0.2103507613960793,0.4847205386806948,0.5583511783460955,0.0678383268372494,-0.1083587960913779,-0.3889272992492968,-0.548964656983878,1.208509923107617,-0.2849379224385128,0.6717943444076766,1.3283410726430238,0.0924367624859866,-0.2780154255869699,right,Fox News,True,0.007692307692307693,0.4123076923076923,0.0015384615384615385,0.03538461538461538,0.013846153846153847,0.0,0.033846153846153845,0.006153846153846154,0.08461538461538462,0.0,0.026153846153846153,False,False
@FoxNewsChannelClips,videos,2026-08,640,0.3117925607383234,0.502691780912278,0.2039223017392821,-0.2752415382972043,-0.5276318336686162,-0.5533756848989563,1.9178241309476711,-0.2978199896701808,0.3028799049565928,1.2458873932300298,0.2893339894886866,-0.1607288367309446,0.182433453057306,0.3746659766213792,0.192374841434887,-0.123067679573312,-0.4523478614883272,-0.6772380642290713,1.5090187708876552,-0.3393435189056155,0.418741417913684,0.9712190192862772,0.0253739605687214,-0.1656998791603069,right,Fox News,True,0.0078125,0.40625,0.003125,0.028125,0.0078125,0.0,0.05,0.0078125,0.1125,0.0,0.0203125,False,False
@FoxNewsChannelClips,videos,2026-09,288,0.6883292759789855,0.8424597998951925,0.0902293513111702,-0.2148386165478974,-0.4007624023036537,-0.2489308047871978,1.530427380566822,0.3518261754409876,0.3747259784664515,1.2046361054652588,0.2355881374406367,0.0771659541231736,0.5324672151873245,0.6386116035694854,0.0924880761621739,-0.0662580207643197,-0.3787601131662176,-0.4300617167228252,1.0612244102092463,-0.1546770105403527,0.465168668821476,0.9103379879828516,0.0845674050430605,0.0278216906534895,right,Fox News,True,0.013888888888888888,0.4027777777777778,0.0,0.020833333333333332,0.010416666666666666,0.003472222222222222,0.0625,0.003472222222222222,0.06944444444444445,0.0,0.020833333333333332,True,False
@LegalAFMTN,videos,2026-01,309,-0.9010961919746624,-0.8935378424681774,-0.1990743948914915,-0.0471802848987231,-0.8654810256462265,-0.1956882878625679,0.3150224884192547,-0.3372904933429634,2.5088538335227684,-0.8004220531664722,0.4611352860246007,-0.3973270736151189,-0.3641101196786757,-0.6916730478846727,-0.2480218388212346,-0.0301751446113158,-0.4477187751439247,-0.0309665270073031,0.044666380693949,-0.2004708660503494,2.0963444778077944,-0.62915363935307,0.1285443678638294,-0.1566922457746254,left,MeidasTouch Network,False,0.02912621359223301,0.9093851132686084,0.0,0.09385113268608414,0.019417475728155338,0.04854368932038835,0.13268608414239483,0.003236245954692557,0.11650485436893204,0.0,0.009708737864077669,False,False
@LegalAFMTN,videos,2026-02,285,-0.8384909122897333,-0.6573095388563351,-0.1956265952339317,-0.0908143951345927,-0.8313486908418217,-0.1383842539035601,0.3818806595659727,-0.2184742825911167,2.847599825592251,-0.8530288427936988,0.330559132688116,-0.4145589431426043,-0.3497377159927805,-0.5719850082725038,-0.3126165081247751,-0.0837532242061599,-0.4193087580083659,-0.0317911630321894,0.0851852398055014,-0.0802174426078242,2.378545492839938,-0.6462972706259761,0.0343270619616159,-0.1022000986107684,left,MeidasTouch Network,False,0.007017543859649123,0.9087719298245615,0.0,0.06315789473684211,0.0,0.06666666666666667,0.13333333333333333,0.0,0.08771929824561403,0.0,0.0035087719298245615,False,False
@LegalAFMTN,videos,2026-03,330,-1.264516641704836,-0.7617575320709598,-0.1688285183986677,-0.0141037139821383,-0.888569631728215,-0.3520852022079933,0.0835607901063453,-0.3140379497048711,2.870539959609088,-0.9326337421215418,0.7432663006090151,-0.4583302516111511,-0.6405114998441221,-0.6349478206902619,-0.2391476168587668,-0.022347425840176,-0.4656473815251706,-0.1636244381560885,-0.1650793250322895,-0.1157923157217866,2.355262765572307,-0.687348271443593,0.4476621864832252,-0.2491971384750076,left,MeidasTouch Network,False,0.02727272727272727,0.9212121212121213,0.0,0.16666666666666666,0.02727272727272727,0.051515151515151514,0.1303030303030303,0.0030303030303030303,0.1,0.0,0.0,False,False
@LegalAFMTN,videos,2026-04,316,-1.0893045776210966,-0.6545851130865024,-0.1639476580317292,0.0003532726392016,-0.7738339969114243,-0.449915464637604,0.204646054631414,-0.1419126808256212,2.679473447050073,-0.9379967139762562,0.6098724122700309,-0.6188321995639128,-0.6061178062546202,-0.4757252265386545,-0.258869084864687,-0.0065177254823556,-0.3357522749376027,-0.3646242043659926,-0.0437420423741549,-0.0635965098404268,2.196375280215751,-0.7114081985069812,0.3089815862554202,-0.3840730790527318,left,MeidasTouch Network,False,0.02531645569620253,0.9113924050632911,0.0031645569620253164,0.1550632911392405,0.028481012658227847,0.07911392405063292,0.13291139240506328,0.0031645569620253164,0.06645569620253164,0.0,0.00949367088607595,False,False
@LegalAFMTN,videos,2026-05,341,-0.951503386452874,-0.949414773045354,-0.1384058292954814,-0.030846705189693,-0.8603768149223083,-0.4296901172618886,0.1420306947500437,-0.081346247647423,2.5769125690196573,-0.9127034913391994,1.161066582429548,-0.6986996367328648,-0.572257156186091,-0.7500206736469842,-0.157201221271992,0.0511723205270119,-0.4262595215468021,-0.2634807380084276,-0.1678727391580087,-0.1286267539770287,2.2610676498645845,-0.7494191123498649,0.723046744655635,-0.4600922488491775,left,MeidasTouch Network,False,0.02932551319648094,0.9325513196480938,0.002932551319648094,0.18181818181818182,0.01466275659824047,0.06158357771260997,0.14076246334310852,0.0,0.04985337243401759,0.0,0.002932551319648094,False,False
@LegalAFMTN,videos,2026-06,293,-1.5281856018101336,-0.6794556951828853,-0.0421558864062929,0.2281407868015443,-0.6735976456930493,-0.0579832978454789,-0.0295906850722506,-0.0232890635487697,2.2970365870299183,-1.0606994831359349,1.2172196323271478,-0.4534353005629626,-1.0535378878267585,-0.4535026009941065,-0.1227758184846685,0.2940387519219182,-0.1892394491229653,0.0236667468610251,-0.3334669792603573,0.0250790664038942,1.87045105616342,-0.8594806117779261,0.744566793667716,-0.2047002475374765,left,MeidasTouch Network,False,0.017064846416382253,0.9419795221843004,0.0,0.13993174061433447,0.010238907849829351,0.040955631399317405,0.11945392491467577,0.0,0.07167235494880546,0.0,0.0034129692832764505,False,False
@LegalAFMTN,videos,2026-07,304,-1.4492659992555548,-0.9645714340253376,-0.1476166799891325,0.1414758852561485,-0.7122409370676319,0.1169227272015343,-0.143914565331753,-0.0652530801617423,1.1774812307619005,-1.0766822295975913,1.5215466006747784,-0.3879421958015688,-1.0757539315640412,-0.721243292117251,-0.2355848729917051,0.2452898639897599,-0.2212878193566197,0.145228612541379,-0.474809713913142,-0.0671450639189378,0.8577675015025309,-0.9496584975020552,0.9686959770061064,-0.1858995169514706,left,MeidasTouch Network,False,0.006578947368421052,0.9473684210526315,0.0,0.10526315789473684,0.006578947368421052,0.039473684210526314,0.09210526315789473,0.0,0.10855263157894737,0.0,0.003289473684210526,False,False
@LegalAFMTN,videos,2026-08,286,-1.3240607798557014,-0.5318716778923279,0.0232319889864705,0.4511876543919081,-0.5501477233574059,0.1821045208351471,-0.351474091057798,0.0404397424287547,1.3992903469541411,-0.922048143343378,1.3129045959068824,-0.2541475107146121,-0.8607819652948183,-0.3220010825010211,-0.0748049499243551,0.4957458714765062,-0.093925150577404,0.2627211882656857,-0.6853111028962071,0.0134544676032168,1.0609978982482704,-0.8257894678451172,0.922248861054392,-0.1436689883994785,left,MeidasTouch Network,False,0.02097902097902098,0.9230769230769231,0.0,0.1258741258741259,0.013986013986013986,0.07342657342657342,0.08741258741258741,0.0,0.0944055944055944,0.0,0.0034965034965034965,False,False
@LegalAFMTN,videos,2026-09,129,-1.2008226401038522,-0.6465115238086766,-0.0586065571279417,0.7754585627936242,-0.4817475709349444,-0.0233056943294062,-0.3867511594658157,0.3146879681767165,0.058552471896758,-0.8431284437230836,0.9089976317041806,-0.3392126022429257,-0.80543580506698,-0.4992974329674737,-0.0784488273298388,0.7716879306007836,-0.0852370222626278,0.1689585681497881,-0.6842659719316675,0.2838274017895213,-0.2856665918634872,-0.7427028659893177,0.5416183301196508,-0.2527711476098057,left,MeidasTouch Network,False,0.031007751937984496,0.9224806201550387,0.0,0.13953488372093023,0.015503875968992248,0.046511627906976744,0.09302325581395349,0.007751937984496124,0.05426356589147287,0.0,0.023255813953488372,True,False
@MeidasTouch,streams,2026-01,100,-0.3242493570578094,0.3720698008082926,3.2615882296792447,0.0068804444438844,-0.7479280515031245,-0.4899616577679704,0.6280612889044477,-0.2483308782624613,2.616089209217434,-0.7478939857850015,-0.2873917815770381,-0.4496512928414374,-0.1706094587663721,0.259281836994801,2.5479016121449405,0.0951977809961162,-0.3169264761003347,-0.2439316526985924,0.2444167812593264,-0.2404413641882476,2.273836655148282,-0.69674669525492,-0.0881767645113178,-0.1128043783036123,left,MeidasTouch Network,False,0.01,0.87,0.0,0.02,0.89,0.22,0.04,0.13,0.07,0.0,0.0,False,False
@MeidasTouch,streams,2026-02,68,-0.2711535005111283,0.7959098218621063,3.73830011717864,-0.0983921768096681,-0.5977656194828542,-0.3310267612512765,0.5634067065981837,-0.3699890427589326,3.447421772418746,-0.8615270566504394,-0.2589042608547754,-0.5603313604940658,-0.300515013357875,0.5746603546849421,2.8819257599361396,-0.0438263269062371,-0.134931554253657,-0.0736141479867954,0.1213601864682321,-0.3820876952580943,2.9109717706684393,-0.5894387488282401,-0.0850652255367147,-0.1109967974132783,left,MeidasTouch Network,False,0.0,0.9558823529411765,0.0,0.029411764705882353,0.9411764705882353,0.27941176470588236,0.029411764705882353,0.22058823529411764,0.014705882352941176,0.0,0.014705882352941176,False,False
@MeidasTouch,streams,2026-03,68,-1.3172225323566362,0.0449177417988365,3.534942464712978,-0.0459380370987972,-0.5898154291966934,-1.5983058014770224,0.6276317229653603,-0.3933201756327471,2.1136271531880864,-0.8598320841331689,0.0851690461235916,-0.5443716449165947,-1.0758991023494429,-0.0660866905166024,2.905321639500503,-0.0231232064296284,-0.1639374224693428,-1.1992461127525218,0.2362071879200247,-0.3913698815816234,1.7175394923802654,-0.702040401354139,0.0476628557095627,-0.3806464792999741,left,MeidasTouch Network,False,0.0,0.9411764705882353,0.0,0.029411764705882353,0.9264705882352942,0.29411764705882354,0.04411764705882353,0.11764705882352941,0.04411764705882353,0.0,0.0,False,False
@MeidasTouch,streams,2026-04,71,-0.7368346911588428,0.3392350032612726,3.5944852804500087,0.0902047309988439,-0.6629214480538056,-0.9960944054725548,0.531297881030943,-0.4142352620723601,2.2677607681956875,-0.8079215966165253,-0.1669259322455507,-0.8053091258481472,-0.5553911440716871,0.2492240425406021,2.99187238783631,0.1168229525137272,-0.2927066327078258,-0.7309633134623825,0.2918394981106913,-0.3830843791794868,1.744671816872896,-0.5963088335313602,-0.017901910116821,-0.6957489233178153,left,MeidasTouch Network,False,0.014084507042253521,0.8732394366197183,0.0,0.028169014084507043,0.9154929577464789,0.30985915492957744,0.028169014084507043,0.1267605633802817,0.014084507042253521,0.0,0.0,False,False
@MeidasTouch,streams,2026-05,39,-0.9439079874458256,0.0173663538416593,3.3749444732515888,-0.0038277647718091,-0.5970271167097774,-0.8441416256557506,0.2069514551317256,-0.1731239186280387,1.449043161895939,-0.8406785427464147,-0.8138574715791547,-0.2801240105033398,-0.8000617207402116,0.0403977975206136,2.92564191059803,0.0351608167484429,-0.1947935025491229,-0.5583820292180226,-0.134897190294837,-0.2949329629415451,1.029739402310245,-0.6919655169112928,-0.9359433029919162,-0.0514987129370194,left,MeidasTouch Network,False,0.0,0.8974358974358975,0.0,0.02564102564102564,0.9230769230769231,0.28205128205128205,0.05128205128205128,0.10256410256410256,0.10256410256410256,0.0,0.0,False,False
@MeidasTouch,streams,2026-06,66,-0.1299370640880058,0.0326431807893691,3.4518997733540586,0.0506289134869423,-0.441963212783172,-1.0572130962138122,0.3774404500786935,-0.2670406992474843,1.831027555678848,-0.8481254104083177,-0.1022266727386866,-0.7642530805768392,0.1840857776228336,-0.1565321827456468,3.000559065350011,0.0348199630556374,-0.0392150127284506,-0.6788235003485211,-0.0273057673386344,-0.2058149258889196,1.3077916358486508,-0.6297787084033999,-0.1233310443415972,-0.5572264564969747,left,MeidasTouch Network,False,0.015151515151515152,0.9393939393939394,0.0,0.015151515151515152,0.8636363636363636,0.3181818181818182,0.030303030303030304,0.15151515151515152,0.06060606060606061,0.0,0.0,False,False
@MeidasTouch,streams,2026-07,73,-0.9917252904940264,0.2794257635606728,3.3880136018636704,0.1392122223770032,-0.6889871224215263,-1.011994226760775,0.6171168425340313,-0.1560273439563134,2.189895479860317,-0.8802903870436971,-0.464748868134839,-0.9585638550164828,-0.6708771334391892,0.1358177532794625,2.982018602877169,0.1120767889922673,-0.2980121098314179,-0.6165262479226695,0.2091721928157709,-0.1179048819497352,1.692458494814651,-0.6359521653018112,-0.5878651279669675,-0.683416519125433,left,MeidasTouch Network,False,0.0,0.9452054794520548,0.0,0.0136986301369863,0.8904109589041096,0.2876712328767123,0.0273972602739726,0.136986301369863,0.1095890410958904,0.0,0.0136986301369863,False,False
@MeidasTouch,streams,2026-08,71,-0.5617956600426592,0.0752805924977459,3.6261390325529983,0.2012884428809482,-0.7060740789604371,-0.913679271392548,0.5384684394962385,-0.3033945183282915,2.504983518698368,-0.8590364024300278,-0.3527987428701317,-0.8335308259471288,-0.4224432767855283,-0.0545877067165328,3.243771182428101,0.1960816939746318,-0.3289798957095537,-0.7913192692562625,0.1423189229980855,-0.2877780694234239,2.023818770093394,-0.6349349514643725,-0.494373325706645,-0.5541355139042532,left,MeidasTouch Network,False,0.0,0.9436619718309859,0.0,0.04225352112676056,0.8732394366197183,0.22535211267605634,0.04225352112676056,0.14084507042253522,0.056338028169014086,0.0,0.0,False,False
@MeidasTouch,streams,2026-09,30,-0.7976898566689117,0.2239338617882516,4.228913743929932,1.9572932711600377,-0.6762606733364313,-0.9982792177601976,0.4713889391833855,-0.0259116272817751,2.541547246859381,-0.718378930746012,-0.5634499802068293,-1.635397127098844,-0.3988060540611772,0.2129171230106775,4.044353363879884,1.9185101525049812,-0.3639478637437353,-0.7451279576332278,0.1492031785431248,-0.0899775483151337,2.1943143619247567,-0.6894108088137841,-0.8428792194815846,-1.735721715548974,left,MeidasTouch Network,False,0.03333333333333333,0.8333333333333334,0.0,0.06666666666666667,1.0,0.13333333333333333,0.0,0.03333333333333333,0.03333333333333333,0.0,0.03333333333333333,True,False
@MeidasTouch,videos,2026-01,417,-1.69430124572066,0.4122400422460931,-0.1250176478842518,0.0386114430144109,-0.7803503937575074,-0.7220442526378317,0.8652566577176779,-0.4533854372489243,1.8274102741990448,-1.0931403842362748,0.3328985341777828,-0.6951246135109179,-0.98757183887194,0.4278667450097881,-0.1562022663883402,-0.0399411804298614,-0.3877052249207394,-0.532998494934192,0.5722018484382891,-0.2427675166887239,1.5047133701456072,-0.9482854897455056,0.1959363636756718,-0.6035007184696427,left,MeidasTouch Network,False,0.02158273381294964,0.9664268585131894,0.0,0.03836930455635491,0.0,0.02877697841726619,0.05755395683453238,0.019184652278177457,0.09112709832134293,0.0,0.0,False,False
@MeidasTouch,videos,2026-02,356,-1.879532023740537,-0.1438914492099088,-0.1325083388935924,0.3137697558010352,-0.6530624686256624,-0.5087233987643943,0.7457644539053901,-0.4745978075993284,1.598580830457244,-1.2422916455236943,0.3560772547490294,-0.8691244720580706,-1.2467851959267622,-0.1070852546948147,-0.1704830652112959,0.2347785477284506,-0.2597054149624068,-0.4466830707580819,0.5129624957963902,-0.2767475792813309,1.2092678998398534,-1.025975929749257,0.204788647143837,-0.6099696639514259,left,MeidasTouch Network,False,0.02247191011235955,0.9634831460674157,0.0,0.0449438202247191,0.0,0.033707865168539325,0.05337078651685393,0.016853932584269662,0.07303370786516854,0.0,0.0,False,False
@MeidasTouch,videos,2026-03,383,-2.5797920536046255,-0.2741039743670996,-0.2212228221857336,0.2718235764475852,-0.5878006724636499,-0.7501903156340984,0.3873324993908623,-0.593921544401109,1.8471765663420423,-1.2197498734180294,0.8540216981016842,-0.3718389932150071,-1.5056823075481398,-0.2550252377978333,-0.2408285315613756,0.1913402529041282,-0.2278520188444959,-0.4401017078860181,0.1844829602945123,-0.3613036317222518,1.5345142664724842,-1.1523322354083283,0.6828288188915947,-0.568976833053268,left,MeidasTouch Network,False,0.007832898172323759,0.9608355091383812,0.0,0.04960835509138381,0.0,0.028720626631853787,0.04960835509138381,0.007832898172323759,0.06527415143603134,0.0,0.0026109660574412533,False,False
@MeidasTouch,videos,2026-04,392,-2.1073397459859025,-0.2194355300269397,-0.2163210061329131,0.2711924603524828,-0.6576098055695407,-0.5273705515214085,0.5224637940634576,-0.5098371617310864,1.9099472663438537,-1.21840736800376,0.6830740560793065,-0.7041845238914674,-1.2936385994259176,-0.2217524202140581,-0.254381616794316,0.2039766317038291,-0.3045068128077368,-0.3175655131037853,0.2588865992244957,-0.3114063108844392,1.608777867037699,-1.1981244782095246,0.4840548948324891,-0.861415186941854,left,MeidasTouch Network,False,0.02295918367346939,0.9719387755102041,0.0,0.04081632653061224,0.0,0.025510204081632654,0.05612244897959184,0.01020408163265306,0.06887755102040816,0.0,0.0,False,False
@MeidasTouch,videos,2026-05,412,-1.729468420804532,-0.0187223242704304,-0.1706142984337257,0.1454058665062757,-0.5225803189232776,-0.6854564249265129,0.6373606715129396,-0.1877252422195108,1.2155084617631182,-1.246340324699002,0.3694130592069464,-0.634142289563227,-1.0672792919319158,0.0011472568921742,-0.18410705952291,0.0734636012347473,-0.1716088943963968,-0.4843738312245141,0.3675724925523542,-0.083133265831175,0.9400132371793348,-1.1348254806892928,0.2164925294325484,-0.7028472779853109,left,MeidasTouch Network,False,0.0024271844660194173,0.9660194174757282,0.0,0.043689320388349516,0.0,0.03155339805825243,0.04854368932038835,0.012135922330097087,0.07766990291262135,0.0,0.0,False,False
@MeidasTouch,videos,2026-06,387,-1.6442867897680713,-0.0978731499983053,-0.1379122919029846,0.1466677892135489,-0.4523184702129509,-0.7926712451751429,0.7913565294122041,-0.1601233186265891,1.0994119804306424,-1.2740681978986046,0.6069128043000886,-0.4703206526748681,-0.9837089180303656,-0.0718628086948206,-0.2038644950507972,0.0767015843369015,-0.0754421508245941,-0.6239767361418836,0.5330025696499755,-0.0128108227096937,0.7378262431379311,-1.1428020885947228,0.4533931742217409,-0.5111898201742372,left,MeidasTouch Network,False,0.01808785529715762,0.9689922480620154,0.0,0.01808785529715762,0.0,0.031007751937984496,0.03875968992248062,0.01808785529715762,0.08527131782945736,0.0,0.002583979328165375,False,False
@MeidasTouch,videos,2026-07,401,-2.075612901492929,-0.3995262517936722,-0.1868090446909217,0.1372403858607614,-0.5320803634896693,-0.6843927352809028,0.5499343879161361,-0.0395752177580201,1.5848426170095584,-1.1879761771767927,0.5367246044868795,-0.500242662776495,-1.3154055041665993,-0.3765642318202696,-0.2247461914842617,0.065403428019423,-0.1424038405370104,-0.5362118613610315,0.2690182012587974,0.0956430735494451,1.2619258659770192,-1.1299251949086528,0.4091324139698798,-0.5734065817946885,left,MeidasTouch Network,False,0.0199501246882793,0.9600997506234414,0.0,0.04738154613466334,0.00997506234413965,0.02743142144638404,0.04738154613466334,0.014962593516209476,0.08977556109725686,0.0,0.0024937655860349127,False,False
@MeidasTouch,videos,2026-08,399,-1.7134066543839728,0.0944703594181315,0.0127540861699092,0.7910450685017483,-0.5343309193763732,-0.6525661902889631,0.666992266369981,-0.1984479566306425,1.2802935946519372,-1.0876683324935157,0.1882437567087692,-0.7149992865126416,-0.9981969303306568,0.0401283947322705,0.0159896253443645,0.654593108307351,-0.1956380510498261,-0.3659843693612718,0.4528991684594562,-0.0245801703206019,0.9456949907172872,-0.9589209303559286,0.1215906738619253,-0.807377430681495,left,MeidasTouch Network,False,0.040100250626566414,0.9598997493734336,0.0,0.02756892230576441,0.020050125313283207,0.03007518796992481,0.06015037593984962,0.015037593984962405,0.047619047619047616,0.0,0.002506265664160401,False,False
@MeidasTouch,videos,2026-09,168,-0.9170329076150951,1.0861984968051932,0.1597231988208009,3.283654908740256,-0.9606592397926782,-0.3939143658354008,0.7460645725172989,0.2451541199564592,1.1383875462113762,-0.424974419566909,-1.6106980082355686,-2.70187137988111,-0.7344212959541073,0.5913398056231978,0.1822837267331905,2.776377131083836,-0.7724486119762443,0.2891911285163628,0.746790659704572,0.4530863620076374,0.5913827494610574,-0.2237083571965825,-1.3076391141467636,-2.7188179376379287,left,MeidasTouch Network,False,0.17261904761904762,0.8988095238095238,0.0,0.03571428571428571,0.011904761904761904,0.023809523809523808,0.047619047619047616,0.017857142857142856,0.05357142857142857,0.0,0.0,True,False
@NBCNews,streams,2026-01,51,0.5825589102867432,-0.3513708084986776,3.32471546039328,0.326391227833707,-0.8169464581786224,-0.1740414462854855,1.3611334075079768,-0.2061877979574794,-0.5847793851021986,-0.7742527043995145,-1.3226270832635982,-0.4932282781051579,-0.0956875604521399,0.2516061073615827,2.468273817874688,-0.0188442807593963,-0.2852020674322205,0.0268203314839722,1.0574724555066353,-0.010002453147402,-0.7120443871769515,-0.4161159228697558,-1.2509263400262618,-0.569814540591903,neutral,NBC News,False,0.0784313725490196,0.058823529411764705,0.0,0.0,0.7254901960784313,0.0,0.0392156862745098,0.0,0.0196078431372549,0.0,0.0,False,False
@NBCNews,streams,2026-02,23,0.8838987791510975,1.0227027714771608,4.117602005578886,-0.3620073436379366,-0.757008151678561,-0.2391886382167663,2.247778343036155,0.0740819317275215,-1.0863420330747182,-0.6147010944167459,-0.5968345078869864,-1.05351380983981,-0.1009592742753706,1.2202754340464896,3.219695221922639,-0.1525810654439909,-0.2650071301492095,-0.789716523777951,1.4041719348756043,-0.0598688708252241,-0.7895520285536801,-0.7760595631510098,-1.332535973039796,-1.1121851427231726,neutral,NBC News,False,0.0,0.0,0.0,0.0,0.9565217391304348,0.0,0.043478260869565216,0.043478260869565216,0.0,0.0,0.043478260869565216,False,False
@NBCNews,streams,2026-03,63,0.9900992524815432,-0.0211704826662871,2.9441847368362626,0.4933273618120588,-0.7776292400591784,-0.815115647485359,1.1535917275912475,-0.4705377305876217,-0.6361218342133305,-1.202284293148658,-0.420382840539057,-0.5521302175279132,0.2173549708514066,0.6357378624770414,2.060083400704625,0.1153732538546141,-0.2082331633180071,-0.6757283617434371,0.8268272514061017,-0.3703915595439678,-0.6556396641743917,-0.7402214963330339,-0.4048367406848094,-0.675885254668774,neutral,NBC News,False,0.0,0.047619047619047616,0.0,0.0,0.6507936507936508,0.0,0.12698412698412698,0.015873015873015872,0.0,0.0,0.0,False,False
@NBCNews,streams,2026-04,51,1.224834241570869,-0.6396982176625848,2.565206259042496,0.5963107843170983,-0.8107433278763594,-0.638667004295666,0.5614849054631312,-0.4279085301324685,-0.3142474208018737,-1.1110494398159465,-0.5293312387689044,-0.3596612735582994,0.4067675805140528,0.0461603873758405,1.7485226392742947,0.1117594399774305,-0.2460470757640661,-0.2943406405170994,0.2958964936655547,-0.2814876714189848,-0.4475501130490035,-0.5766237816088756,-0.3898558935002108,-0.4732563035490226,neutral,NBC News,False,0.0,0.0196078431372549,0.0,0.0,0.5490196078431373,0.0,0.0196078431372549,0.0,0.0,0.0,0.0,False,False
@NBCNews,streams,2026-05,42,0.9921894619260536,-0.4990733324451779,2.563825686779229,0.5363674230429449,-0.8231439725170914,-0.548225426304898,0.8902191605888005,-0.1717700227598177,-0.4556822765440979,-1.2298109942398234,-0.6768189419505364,-0.428664364409544,0.0304568305453691,0.2855257536067782,1.8157397102523136,0.0627001687942931,-0.2741971808364236,-0.3168229322656463,0.7469012367019532,0.0049704230985024,-0.5949542459551117,-0.6911339391777177,-0.6073094065614599,-0.5471309252411936,neutral,NBC News,False,0.0,0.0,0.0,0.0,0.5476190476190477,0.0,0.07142857142857142,0.0,0.023809523809523808,0.0,0.0,False,False
@NBCNews,streams,2026-06,29,1.480458277204201,-0.3765228685975164,2.754181969670932,0.6758570368788022,-0.7878177088823441,-0.717007038648467,0.697817087030676,-0.5311957464240852,-0.1732540723395047,-1.2912424523011274,-0.5050035861071206,-0.6262164572784984,0.5382297978625964,0.3694896420320484,1.9682609406560416,0.1173060820719542,-0.2210684978357393,-0.4069732145756161,0.634710400650903,-0.294920144033561,-0.4033679304755279,-0.7239197335310638,-0.359448546539276,-0.7976226539281519,neutral,NBC News,False,0.0,0.034482758620689655,0.0,0.0,0.5862068965517241,0.0,0.06896551724137931,0.0,0.0,0.0,0.0,False,False
@NBCNews,streams,2026-07,37,1.1571546633721466,-0.1031782561371186,2.6018803591656368,0.4675747056075547,-0.8540133893078647,-1.2733827025605378,1.1905305757043267,-0.0738567280461648,-0.276083935908236,-1.178256216598145,-0.5789012806539687,-0.6331477719904325,0.0614665842151688,0.6104201401615087,1.2946623620050917,0.0760235440505286,-0.206927253904944,-1.2799315954637238,0.8981321405477445,0.0371784767408975,-0.4390275806862775,-0.5768500901454525,-0.6804660488412877,-0.7465912415295647,neutral,NBC News,False,0.0,0.0,0.0,0.0,0.5945945945945946,0.0,0.10810810810810811,0.0,0.02702702702702703,0.0,0.0,False,False
@NBCNews,streams,2026-08,39,0.8105291068973082,-0.7512680437818355,2.059392559815684,0.9522254272420194,-0.7264065108111907,-1.0222445992400249,0.6429023323678271,-0.3126727080831331,-0.1002243388667425,-1.0391776670891142,-0.8731620289062606,-0.3565473231128849,-0.0853255229284845,0.1518215899985295,1.3766223703606653,0.2083186305553998,-0.2094219850313087,-0.383876398439997,0.6685866218163071,-0.0731711697516782,-0.3363047875134488,-0.3427237282840598,-0.4441172370368302,-0.3585589425174607,neutral,NBC News,False,0.0,0.0,0.0,0.0,0.4358974358974359,0.0,0.05128205128205128,0.0,0.02564102564102564,0.0,0.0,False,False
@NBCNews,streams,2026-09,15,1.2963532506829925,-0.3987429450694581,2.1111540204925494,0.7652555323166534,-0.8877152765759245,-0.3891175751764457,0.5243974190371412,-0.6579259886516534,-0.071140574446395,-0.7244319485811536,-0.6629032716207937,-0.1816041853192669,0.2488020462456611,0.5315875312756527,1.4817880723095913,0.0422584239906434,-0.3627485014545991,0.106027320218839,0.6603243354455003,-0.3916007338632568,-0.5604966228185922,-0.0036669218725933,-0.4400244821124233,-0.2497342564412553,neutral,NBC News,False,0.0,0.0,0.0,0.0,0.4666666666666667,0.0,0.0,0.0,0.0,0.0,0.0,True,False
@NBCNews,videos,2026-01,720,0.9036458612538828,-0.1367759823579535,-0.085713254019571,-0.2807158503981445,-0.359460362056668,-0.6073012561772239,1.9354739618094072,0.0060050926812787,-0.6780709922626679,0.458631835458277,-0.462978779507618,-0.0025305114288705,0.8482507807624139,-0.0016265211620199,-0.3070383499229348,-0.1205858640553189,-0.1067475806200774,-0.5944780835316722,1.3833347292934866,-0.1163905747311721,-0.5477731612203552,0.2494756589382018,-0.6630952826083019,-0.1092657168728926,neutral,NBC News,False,0.043055555555555555,0.25277777777777777,0.0,0.030555555555555555,0.008333333333333333,0.0,0.1,0.025,0.030555555555555555,0.001388888888888889,0.011111111111111112,False,False
@NBCNews,videos,2026-02,625,1.24027940229219,-0.0988010400191038,-0.0840025738469949,-0.326366430315432,-0.3418166074074495,-0.2258518406778478,1.7481163916039095,-0.0860613958098527,-0.7082835034684002,0.4238269706352728,-0.1263178485822699,-0.1334257618503607,0.9367181072036544,-0.0225632021368734,-0.3031724792646764,-0.1406396417208427,-0.0858225490774851,-0.3786057492325791,1.1427942663034103,-0.2392033841766931,-0.5506818263271752,0.1802588204377558,-0.4365348564641225,-0.1603113734458503,neutral,NBC News,False,0.04,0.2112,0.0032,0.032,0.0208,0.0,0.1136,0.016,0.032,0.0,0.0096,False,False
@NBCNews,videos,2026-03,739,0.5320562999149673,0.0474124366867568,-0.1257399437309158,-0.2854716196035687,-0.253261832449578,-0.4956857395402184,1.7024730972211737,-0.1110978995282868,-0.7056298424169702,0.3848561824379481,-0.5898598312517649,0.3804387229794598,0.6728601010545071,0.1513508137961516,-0.3156317779417786,-0.132967725881197,-0.0211230829585674,-0.4659956984170305,1.1641011557034784,-0.2912655338633847,-0.5000851267466976,0.115985253776362,-0.7206497714224106,-0.0611775209120722,neutral,NBC News,False,0.04194857916102842,0.29905277401894453,0.0,0.036535859269282815,0.010825439783491205,0.0,0.12719891745602166,0.016238159675236806,0.037889039242219216,0.0,0.010825439783491205,False,False
@NBCNews,videos,2026-04,768,0.9025840704157438,0.0329636369541674,-0.039557921732937,-0.2908641736309309,-0.4039921317111001,-0.4248870911375382,1.6475563958577235,-0.1434720733605254,-0.4931737764791452,0.1330565397024659,-0.3132830065482216,0.1208395903224808,0.8092695090994139,0.1364988419231298,-0.2749932767149387,-0.1284372726968227,-0.1730504724640925,-0.4555285948670206,1.1261257697574134,-0.2919307886771774,-0.3809490192349003,-0.0456141813518368,-0.4995772339901352,-0.0731527366103029,neutral,NBC News,False,0.040364583333333336,0.25390625,0.0,0.033854166666666664,0.0234375,0.0,0.12890625,0.01171875,0.041666666666666664,0.0,0.01171875,False,False
@NBCNews,videos,2026-05,735,1.060130362050627,-0.1359758908349221,-0.1265828585502992,-0.2715136032979878,-0.2986891759935576,-0.3394877241435822,1.6846166237763889,-0.0582373469332348,-0.6447756173297916,0.4310099390396346,-0.2747112087977524,0.0465762194992656,0.9709104258368116,-0.0255332364728812,-0.2956685641985261,-0.1125419535042783,-0.1167661743235297,-0.3557982306051789,1.1976265702569475,-0.2488237654629766,-0.4596727967704723,0.2558945671988348,-0.462263506301255,-0.1002530636567442,neutral,NBC News,False,0.04217687074829932,0.22312925170068026,0.0,0.047619047619047616,0.014965986394557823,0.0,0.12108843537414966,0.004081632653061225,0.04217687074829932,0.0,0.02312925170068027,False,False
@NBCNews,videos,2026-06,720,1.0567844930764496,-0.1523301397596239,-0.1927178005495656,-0.3174011372979661,-0.3059990290644114,-0.2878898629581307,1.723918338349518,0.0621911836204443,-0.5727242266107758,0.1055828891891899,-0.1509927172880721,-0.0315372708838909,0.9339158470371188,-0.0342462246145624,-0.3905867223402004,-0.1275146732694379,-0.0850705481754682,-0.2983988897671151,1.2038046882860722,-0.2322181870785947,-0.3850027746849979,-0.0386656860109058,-0.3445493499127525,-0.2153585363459716,neutral,NBC News,False,0.043055555555555555,0.24722222222222223,0.001388888888888889,0.04583333333333333,0.008333333333333333,0.0,0.12638888888888888,0.005555555555555556,0.027777777777777776,0.0,0.020833333333333332,False,False
@NBCNews,videos,2026-07,789,0.8578763471386018,-0.2218618730718161,-0.1386424480376663,-0.3318079328184056,-0.3916066324501921,-0.3335990376568375,1.7057364229698502,0.1121413747330583,-0.5985498831924918,0.1881203412324616,-0.4452854679022551,0.0667135168739448,0.7318033257022021,-0.0640099654915056,-0.35780722743012,-0.1681419886581471,-0.1741550375084401,-0.3677843944823099,1.2257693776315,-0.14260136555727,-0.4508625854765397,0.0578322729214249,-0.612463654754369,-0.028903304121474,neutral,NBC News,False,0.04055766793409379,0.22306717363751585,0.0,0.029150823827629912,0.021546261089987327,0.0,0.12801013941698353,0.008871989860583017,0.024081115335868188,0.0,0.0076045627376425855,False,False
@NBCNews,videos,2026-08,737,0.8253915452203754,-0.1558191459176799,-0.1410105761410792,-0.2769445777688881,-0.2979269121220557,-0.1701184538518027,1.6381400038838536,0.1102896035989308,-0.6286722580122138,0.2673517695187837,-0.4412435554507228,0.0181306017269801,0.6228414080287632,-0.0244753150146901,-0.324929222700883,-0.106818143799436,-0.108700507433174,-0.2584738582894834,1.1127498389610633,-0.1717571784669075,-0.4615404224133435,0.1545900129305029,-0.6104334639492578,-0.0438749247277569,neutral,NBC News,False,0.028493894165535955,0.21845318860244234,0.0,0.035278154681139755,0.012211668928086838,0.0,0.14111261872455902,0.010854816824966078,0.028493894165535955,0.0,0.013568521031207599,False,False
@NBCNews,videos,2026-09,328,0.9600356617945032,0.0504700165001888,-0.2202071993708153,-0.3055818953143603,-0.269463011142542,-0.2914995209418558,1.5390639230098946,0.567211486902834,-0.6833147858719368,0.2849895460217331,-0.3985321233272179,0.1730606236671376,0.6706036490744905,0.1624991868466506,-0.4121476034737664,-0.1308276232464634,-0.1219961939095355,-0.3500688751110832,1.0383306368699794,-0.0679979347062956,-0.5563465328494426,0.1360128810131045,-0.5482928103262483,0.0956981592268453,neutral,NBC News,False,0.04878048780487805,0.20121951219512196,0.0,0.057926829268292686,0.006097560975609756,0.0,0.14939024390243902,0.0,0.04878048780487805,0.0,0.018292682926829267,True,False
@NewsNation,streams,2026-01,41,0.8812451908746048,0.4942250674774932,1.727206985297132,-0.075678988323477,-0.7759415030661015,0.0784781774068396,2.202479835885787,-0.3086492960578069,-0.9645768318450608,-0.8862695033736993,-0.8268612235944932,0.7199446599383137,0.9961855428940748,0.547224777956258,1.3065870890242168,0.0462595509639028,-0.4596164603633092,-0.1973282493510933,1.6177594387153869,-0.2494598227881198,-0.7971986517295035,-1.1881148470634038,-1.120150210405628,0.5940704435167578,neutral,NewsNation,False,0.024390243902439025,0.12195121951219512,0.0,0.0,0.5853658536585366,0.0,0.0975609756097561,0.0,0.07317073170731707,0.0,0.0,False,False
@NewsNation,streams,2026-02,34,1.0440799185309837,0.3893552197553557,1.6005283294861334,-0.0338622405851386,-0.7523730877181791,-0.0895908111707721,1.8889070603162357,-0.3137158997912591,-0.9774237250987412,-0.967760884061811,-0.9906700202962312,0.4802678389225595,0.7620385493557614,0.3874236135342925,1.152977257951054,0.1220326114506009,-0.3527246101734829,-0.6641305281564682,1.2370287092144143,-0.3477395801469516,-0.7072813613382894,-1.1881556441297034,-1.3545221530747444,0.4802256663482745,neutral,NewsNation,False,0.029411764705882353,0.14705882352941177,0.0,0.058823529411764705,0.5588235294117647,0.0,0.029411764705882353,0.058823529411764705,0.0,0.0,0.0,False,False
@NewsNation,streams,2026-03,39,0.3930412116163942,-0.4489415616469914,1.6933338840887755,0.0525336249537452,-0.7231441612582823,0.3275901453577073,2.0572891157728037,-0.2718620205166072,-0.957771918833988,-1.1500387072755798,-1.1264768445996,1.0065488960550737,0.379715323959203,-0.4029512307581691,1.006455712434058,0.1615499011788571,-0.2909391348256382,-0.1066051478306782,1.3036365944387545,-0.4521104065976014,-0.685231371467519,-1.3837948517346343,-1.387693952706304,0.6567690295403882,neutral,NewsNation,False,0.0,0.07692307692307693,0.0,0.0,0.5897435897435898,0.0,0.07692307692307693,0.0,0.0,0.0,0.0,False,False
@NewsNation,streams,2026-04,39,0.5275796521919827,0.1552956645571604,1.3027928413725829,-0.1031098435450284,0.095691475374348,0.5292927266972345,1.80423162411023,-0.2000652894835855,0.1696242023428021,-0.4373823895645081,-0.8075885338227948,0.6090454047405515,0.4557326376316779,0.1204868921969828,0.8024751107663501,0.0704317960376434,0.4168312566814686,0.1877901837220719,1.0942466621311242,-0.2925127115077503,0.4073288378482404,-0.6710308799808417,-1.0883886460601897,0.4804543445029517,neutral,NewsNation,False,0.0,0.20512820512820512,0.0,0.2564102564102564,0.38461538461538464,0.0,0.2564102564102564,0.0,0.28205128205128205,0.0,0.0,False,False
@NewsNation,streams,2026-05,32,0.8035383459588984,1.1370890070530009,0.9586615599112376,-0.2250230126333155,2.152789178926315,1.432522517202764,0.801932141853291,0.0381657026070354,0.5641058967134223,-0.6378333296858038,0.4454911489698518,1.0678494522555817,0.957394262598938,0.9834131439189134,0.8401783403076319,-0.1326686762886703,2.2529419509638458,1.4098991451710658,0.3186907460524129,0.0180131686197712,0.6000981577721016,-0.887913281453984,0.3642578571564827,0.8367779794198033,neutral,NewsNation,False,0.0,0.3125,0.0,0.59375,0.25,0.0,0.5625,0.03125,0.375,0.0,0.03125,False,False
@NewsNation,streams,2026-06,25,1.3361275255942695,0.4649587262945831,0.5334686957646055,0.0052697328942011,1.962670888558416,1.8744743180666184,0.4444466484888663,0.1279241444842613,0.7074438436904659,0.141711968163827,0.8146491022498971,0.3979610773739523,0.9355928717201388,0.4160142340144677,0.3318276306862532,0.1890105099222525,2.043398842779329,1.6358654999817952,-0.0183932672979667,0.1669021045235134,0.7188408916073243,-0.1333990618239932,0.3500475504054459,0.4824093316039403,neutral,NewsNation,False,0.0,0.08,0.0,0.4,0.08,0.0,0.64,0.0,0.28,0.0,0.2,False,False
@NewsNation,streams,2026-07,35,1.0147826499248649,0.576560861434529,1.1866921855160462,0.1060934955418063,2.1865663445345405,2.173733837397868,0.9377796811331248,-0.0067099425653084,0.4385817226636132,-0.7884241772614374,-0.4015678934314265,1.1189432515619824,0.792760570641852,0.5166217284143052,0.9491099886449662,0.2142573622881745,2.2160309404745493,1.873000823033273,0.5666987405654359,-0.1083603288183406,0.4818783900363589,-1.0627705371620595,-0.6529775482148612,1.0714752096204525,neutral,NewsNation,False,0.0,0.2571428571428571,0.0,0.4857142857142857,0.34285714285714286,0.0,0.6285714285714286,0.0,0.4,0.0,0.05714285714285714,False,False
@NewsNation,streams,2026-08,24,1.3754332094433652,0.647121877408017,1.098361188838081,-0.1534334461765563,1.877718472810214,1.4369741874667634,0.8552233495058379,0.0307200277852989,-0.1084574829704506,-0.9821348507567328,0.9515045038799148,0.9239731834026358,1.1369192455287382,0.4627612783122939,1.0361177796322814,-0.0279235975208001,1.805326978374488,1.6425450105465589,0.2512621584247026,-0.154590883021349,0.0546167086384486,-1.1869606010482046,0.7285554753179116,0.9237404700490744,neutral,NewsNation,False,0.08333333333333333,0.20833333333333334,0.0,0.5416666666666666,0.25,0.0,0.6666666666666666,0.0,0.4166666666666667,0.0,0.08333333333333333,False,False
@NewsNation,videos,2026-01,1080,0.5636929125167326,0.5153569145990897,0.1952625646801154,-0.3402431692437034,-0.3118455595180048,0.2331694791009844,1.895041376616712,0.2843264410780001,-1.025259535321026,0.6393756032675557,0.3311862211112753,1.290417529037293,0.6642387402306887,0.4684337256811731,0.0097276333146264,-0.2164769318087996,-0.1034898281230917,0.2434663718645311,1.2869672048785807,0.2437584038679807,-0.8128035475219921,0.2448278718224078,0.0468021498590425,1.0551520784999746,neutral,NewsNation,False,0.03425925925925926,0.31666666666666665,0.0,0.08333333333333333,0.007407407407407408,0.032407407407407406,0.07037037037037037,0.019444444444444445,0.04537037037037037,0.000925925925925926,0.02962962962962963,False,False
@NewsNation,videos,2026-02,1136,0.922490215271852,0.4738159944401294,0.2129943266114974,-0.3624320203170111,-0.2393916529432798,0.8655091976246725,1.7592681272740645,0.3033105126109039,-0.8516500498027952,0.4359594216919699,0.4196510797777088,1.073870330649396,0.6921088465556152,0.3087389238988853,0.0571761259367515,-0.1959211958861449,-0.0552420384550907,0.4731788122258306,0.9818150778547768,0.223276555674715,-0.5430991474234304,-0.0257455517144948,0.0927953842345069,0.9580181210522424,neutral,NewsNation,False,0.01936619718309859,0.23591549295774647,0.0008802816901408451,0.09419014084507042,0.0008802816901408451,0.020246478873239437,0.0625,0.01584507042253521,0.04401408450704225,0.0008802816901408451,0.020246478873239437,False,False
@NewsNation,videos,2026-03,1213,0.1663168462189005,0.46872659503163,0.1872901950451009,-0.2888801248506141,-0.2202417821561512,0.3412339023080364,1.8571771603047025,0.2803867511455625,-1.1169323836096727,0.4999119468202604,0.1021830689142697,1.8085215443148328,0.41690486089745,0.3649356598832157,0.0094036961149233,-0.1812981276699753,-0.0500369099850393,0.3862231178109074,1.1824396516445128,0.1312406691560562,-0.8022313700367582,-0.0272305580988235,-0.1603452042800928,1.096313637796967,neutral,NewsNation,False,0.0247320692497939,0.325638911788953,0.0008244023083264633,0.08573784006595218,0.00494641384995878,0.015663643858202802,0.060181368507831824,0.030502885408079144,0.04534212695795548,0.0008244023083264633,0.023907666941467436,False,False
@NewsNation,videos,2026-04,820,0.5541070736359623,0.590011420267145,0.1386423248630093,-0.3545562870573742,-0.2050811220738701,0.5213768786002222,1.7334688156416371,0.3804787720352163,-0.7461933473208835,0.3804155730100515,0.3846794789200656,1.1766945941677935,0.5958155318147376,0.4676975892278326,-0.0643310572085715,-0.237982722665834,-0.0416082996066987,0.4331112134330066,1.0845887740884663,0.2755129912687153,-0.562385698992859,-0.0501383578004779,0.1078563865659844,0.7622876486485701,neutral,NewsNation,False,0.025609756097560974,0.2707317073170732,0.0012195121951219512,0.11585365853658537,0.00975609756097561,0.02804878048780488,0.07073170731707316,0.026829268292682926,0.06341463414634146,0.0,0.03048780487804878,False,False
@NewsNation,videos,2026-05,555,0.4341438525065887,0.5234046275021402,0.1663588180820644,-0.2980175786709532,-0.0538529095571722,0.5691448669327404,1.450668042839469,0.2295659799944858,-0.8314779705369927,0.6483833587781358,0.0380413103564177,0.8583578888994495,0.4372526741690966,0.4002825247206252,0.0573124835161517,-0.2075896726971282,-0.000501159190957,0.5230792170178201,0.8848033507674583,0.0776232642643724,-0.6240358275789164,0.2195121714176455,-0.1992586981396467,0.5921664895349259,neutral,NewsNation,False,0.06126126126126126,0.2882882882882883,0.0018018018018018018,0.14774774774774774,0.016216216216216217,0.0,0.07567567567567568,0.018018018018018018,0.07387387387387387,0.0,0.03783783783783784,False,False
@NewsNation,videos,2026-06,567,0.7833990428701327,0.412287923244223,-0.0349040499345599,-0.361656501731508,0.0991831203680843,0.5517647632660608,1.5389848509080224,0.2413584246340159,-0.7947982355629836,0.378505520282767,0.4128312078188282,0.6825479094142246,0.6870088616128903,0.305817848306007,-0.100557644374718,-0.2243184535594708,0.1911426132072245,0.445486020618432,1.0260529976295734,0.1224198290123654,-0.6023318057776397,0.0095099953529631,0.1471563128036397,0.5785112026750935,neutral,NewsNation,False,0.029982363315696647,0.2804232804232804,0.0,0.13403880070546736,0.005291005291005291,0.0,0.06172839506172839,0.01763668430335097,0.08289241622574955,0.0,0.05291005291005291,False,False
@NewsNation,videos,2026-07,536,0.5792523002475126,0.5790625348510563,0.0768878687048384,-0.3664059483987303,0.4438174189690889,0.7703326318250144,1.7289968471013015,0.150482681370492,-0.7842400848788934,0.6240918449424148,0.2679909260829392,0.6583183424643135,0.4014605579699709,0.5076592277388826,-0.0466048413910259,-0.2322163537122049,0.532197662557247,0.5374588270083785,1.2339921476622338,0.044106240403036,-0.6056927577867417,0.2876228521931495,-0.0432893100763523,0.5754428390435398,neutral,NewsNation,False,0.014925373134328358,0.2966417910447761,0.0,0.18097014925373134,0.016791044776119403,0.0,0.05037313432835821,0.009328358208955223,0.055970149253731345,0.0,0.08395522388059702,False,False
@NewsNation,videos,2026-08,659,0.5265696566318996,0.6422630972284478,-0.262298332349105,-0.3676511770668267,0.1657187160520809,-0.0888737245744748,2.039370138845094,0.0592979962308411,-0.6807576912091963,0.6999155734803625,0.1162294726016423,0.4204851941414272,0.5032727781043331,0.4800973310474167,-0.3421259938203266,-0.2028843308635164,0.2788306627939336,-0.1716515730947609,1.3412207078903116,-0.1406527228155451,-0.4293057010498559,0.3796975053855403,-0.0595358514507765,0.3520491735719674,neutral,NewsNation,False,0.021244309559939303,0.22306525037936267,0.0,0.11836115326251896,0.010622154779969651,0.0,0.06828528072837632,0.019726858877086494,0.0622154779969651,0.0,0.06676783004552352,False,False
@NewsNation,videos,2026-09,316,0.4254579669695235,0.8506324721088611,-0.201454772243884,-0.4429700029374666,0.5563006065988984,0.3422054059886865,1.8621687279200472,0.6567454092221736,-0.5382652395743249,0.5761048811147955,-0.1720631857249533,0.848666303991171,0.4141756027958516,0.6376444892473306,-0.2787485137616531,-0.2760431644642093,0.6381621424184329,0.1387534925654247,1.2375079702676557,0.1286809077002416,-0.3577706720094536,0.2559976616737818,-0.2467562752895372,0.7009178322794485,neutral,NewsNation,False,0.022151898734177215,0.16772151898734178,0.0,0.17405063291139242,0.012658227848101266,0.0,0.04430379746835443,0.0189873417721519,0.05379746835443038,0.0,0.056962025316455694,True,False
@NewsmaxTV,streams,2026-01,30,-0.4587034311921253,0.0149341493278608,0.4742103287145244,-0.1605172304240584,0.4657153393022765,1.6545458659548162,-0.6614226478889845,1.8048891598654335,-1.1545822968106962,-0.5470875470655835,0.329921398093666,-0.0864819041401517,-1.147207925022403,0.5922205869290614,-0.0589184021744869,-0.0726799043993339,0.6066515411269996,1.4495391188562503,-0.7775264257362257,1.3732384964699331,-1.2062520697489256,-0.5123996721309686,0.0202012692813485,-0.1563653067911005,right,Newsmax,False,0.0,0.3333333333333333,0.0,0.2,0.13333333333333333,0.8666666666666667,0.1,0.0,0.06666666666666667,0.0,0.06666666666666667,False,False
@NewsmaxTV,streams,2026-02,41,0.6337989698865306,-0.5484369496395151,0.0490091965534234,-0.2194405871593577,-0.3267312002035398,-0.1093313031048596,-0.7118917858145499,0.0599590381964212,-0.4309848872455317,-0.4008608844299689,0.5051228444096109,-0.5138370566362214,0.1904427072961472,-0.5154460865447171,-0.0254285303411489,-0.195828186074384,-0.3140539907134908,-0.2029812426653964,-0.8378181113438303,-0.1204026180171042,-0.387573125330257,-0.5887577685282377,0.1521044743308957,-0.3556204021118946,right,Newsmax,False,0.0,0.4634146341463415,0.0,0.14634146341463414,0.04878048780487805,0.975609756097561,0.024390243902439025,0.024390243902439025,0.0975609756097561,0.0,0.024390243902439025,False,False
@NewsmaxTV,streams,2026-03,40,0.0493516972833899,-0.6462063926136836,-0.2724031402982459,-0.2956391533400132,-0.7612313943674456,-0.6721509662619397,-0.4333071642336205,0.1627661208068401,-0.222095542311248,-0.5094356269433896,0.4869956182028095,-0.4202224727516905,0.0792018799313673,-0.6203148845926495,-0.3818216944242,-0.2170577423534056,-0.7506975843392892,-0.7428302206357537,-0.5700818686517917,0.1476826472266567,-0.1318717391810813,-0.8177692612703862,0.2739860505268729,-0.6653445975591017,right,Newsmax,False,0.05,0.675,0.0,0.15,0.0,1.0,0.025,0.0,0.075,0.0,0.0,False,False
@NewsmaxTV,streams,2026-04,50,0.7415116679141551,-0.2461511426137189,-0.1625472844191739,-0.2481082645503634,-0.5432625370536973,-0.3054901445919115,-0.6166384694418727,0.609233373247176,-0.2493027180994374,-0.8671609367851155,0.3832896425057914,-0.0754693790423195,0.6657914642768015,-0.1427393659112522,-0.3448475932584686,-0.1525324658384412,-0.3975230880209766,-0.5890643873796642,-0.8228859806107229,0.5790056686847792,-0.263707305734476,-1.0686348180319163,0.0293244482952775,-0.3441872649933662,right,Newsmax,False,0.0,0.62,0.0,0.06,0.06,0.88,0.08,0.0,0.04,0.0,0.0,False,False
@NewsmaxTV,streams,2026-05,52,0.3354070944864158,0.3853065021166707,-0.1531409597153585,-0.2882542141982132,-0.5046753206325603,-0.1637562001023813,-0.825340353544183,-0.0802685157756979,-0.3005108871100613,-0.5480311823960918,0.2392828417286027,0.5546880471837172,0.2083516910236597,0.3751686867520964,-0.1602139358533712,-0.228827682221283,-0.5211117921068219,-0.1827480282506387,-0.9978501939456336,-0.0958058930609733,-0.2715581915297608,-0.717225188380952,-0.0410150467014751,0.6942221988617567,right,Newsmax,False,0.0,0.5769230769230769,0.0,0.019230769230769232,0.019230769230769232,0.7692307692307693,0.038461538461538464,0.0,0.019230769230769232,0.0,0.038461538461538464,False,False
@NewsmaxTV,streams,2026-06,52,0.3233842638491722,-0.0230970166655704,-0.1406957393681678,-0.3688907203026276,-0.3752274495143541,0.0023297830212065,-0.5758512976466061,0.1083901180026731,-0.6701740721641446,-0.56885504399576,0.6247429779773395,0.0353420376449718,0.0392691779821847,0.0535976571581885,-0.2213995582406486,-0.250518604715358,-0.267376955032688,0.0123834177925472,-0.838426007411475,-0.0588918363926836,-0.6313724192276441,-0.7211516179912565,0.3454554046657906,0.0811128242453538,right,Newsmax,False,0.0,0.5576923076923077,0.0,0.038461538461538464,0.019230769230769232,0.7692307692307693,0.0,0.0,0.038461538461538464,0.0,0.019230769230769232,False,False
@NewsmaxTV,streams,2026-07,52,0.8173915291364996,-0.1656775552964757,-0.1161666878737881,-0.2033204072269718,0.3661136246028594,0.0394424118835524,-0.4198720817389066,0.4626010756816585,-0.711475652824708,-0.3931481732216683,0.3082706367224333,-0.3918387455509218,0.5242671413660973,-0.2051596593247657,-0.2760052863143352,-0.1188371083016941,0.4248944708343197,-0.1791424618350528,-0.6425159728852997,0.2980689672786417,-0.6783976801580637,-0.6147826385436834,0.0027008011790406,-0.3528364819543251,right,Newsmax,False,0.0,0.5384615384615384,0.0,0.11538461538461539,0.038461538461538464,0.8076923076923077,0.0,0.0,0.019230769230769232,0.0,0.038461538461538464,False,False
@NewsmaxTV,streams,2026-08,45,-0.0424833575800288,-0.8359235029380688,-0.3461327367131618,-0.5968314879745811,-0.3823070167369874,-0.2024678841806608,-0.5205443148094585,0.5318680434611045,-0.8802242682109691,-0.7984203967871779,-0.3259419703229657,0.260871520767141,-0.2041241299884702,-0.7311180405269372,-0.4049564106116827,-0.4866773792280957,-0.369573516506842,-0.2985090823990478,-0.8115619598340956,0.4205001114037954,-0.7375212277794196,-1.0147256642392624,-0.5374718427938542,0.1718964317269177,right,Newsmax,False,0.022222222222222223,0.4888888888888889,0.0,0.06666666666666667,0.0,0.9111111111111111,0.0,0.0,0.06666666666666667,0.0,0.022222222222222223,False,False
@NewsmaxTV,streams,2026-09,21,0.0866485170099816,0.6841206223237702,-0.0956449894061235,-0.6419733512994455,-0.7570903838876398,1.0262313060158088,-0.5479806535046611,1.224796310531321,-0.7520163084123002,-0.4460942416039133,0.0242220200613216,0.2442124247764561,-0.0794216745489288,0.734607381953043,-0.218612712868732,-0.5140744668214916,-0.5819337390250343,0.5529184746811644,-0.8191613410705069,0.7539647839817226,-0.8749990399011116,-0.6124000262907922,-0.1605420408087217,0.3777799636996871,right,Newsmax,False,0.0,0.2857142857142857,0.047619047619047616,0.0,0.047619047619047616,0.8571428571428571,0.0,0.0,0.09523809523809523,0.0,0.0,True,False
@NewsmaxTV,videos,2026-01,492,0.5201879561399688,1.085762135651453,0.5457964520969917,-0.1462749847287683,-0.3869701378378488,0.7059318279059832,0.907349022290459,-0.2457254573970068,-0.486337677714478,1.1983605957984074,0.0159197319043683,1.0876442224504006,0.7160212497898214,1.0335982827001646,0.4754138009988976,-0.0422501610315759,-0.2289324008718391,0.5945514791610894,0.541153873972283,-0.1852709425772672,-0.3598473051355834,0.7909378854032924,-0.1614262317430032,1.0112433618177352,right,Newsmax,False,0.014227642276422764,0.5142276422764228,0.0,0.044715447154471545,0.03861788617886179,0.044715447154471545,0.04878048780487805,0.012195121951219513,0.056910569105691054,0.0,0.026422764227642278,False,False
@NewsmaxTV,videos,2026-02,424,0.8170527596704382,1.1227365829847542,0.4251233726383848,-0.2062094465428475,-0.2927460541158426,1.09319436274991,0.7792281009514254,-0.2995452454755127,-0.3122038315335064,1.4505128733945116,0.3281230196464667,0.9819640568187196,0.7253985050461824,1.0147887586126574,0.3456958364199664,-0.0962386495614612,-0.1189537518361434,0.8347668278765352,0.4125905294351047,-0.2851385706608405,-0.1942120477658326,1.0941897367806084,-0.022210953993222,0.9776108679410696,right,Newsmax,False,0.009433962264150943,0.4740566037735849,0.0023584905660377358,0.03537735849056604,0.02830188679245283,0.04716981132075472,0.05188679245283019,0.018867924528301886,0.0660377358490566,0.0,0.049528301886792456,False,False
@NewsmaxTV,videos,2026-03,502,0.4708505911567663,1.0689190083825295,0.54287133171332,-0.0175420667036626,-0.219937789699571,0.6918626971613151,0.8124309472356317,-0.2615765958256132,-0.4943180474579543,1.6364105706959735,0.3577832971308656,1.0242739783849804,0.748886200693395,0.94628218901709,0.4348072412227993,0.0593183614567292,-0.0909682733179563,0.6485977798912509,0.4489680159161798,-0.233679918661761,-0.3236104279035998,1.1110541893355217,0.0942774395919554,0.499491018052756,right,Newsmax,False,0.00398406374501992,0.5219123505976095,0.0,0.0398406374501992,0.035856573705179286,0.049800796812749,0.07569721115537849,0.02390438247011952,0.08565737051792828,0.00199203187250996,0.05976095617529881,False,False
@NewsmaxTV,videos,2026-04,488,0.6282451983954094,0.9409975954485936,0.4688690911965925,-0.1031080623475806,-0.2664738718725358,0.7880204843457668,0.8824618454470198,-0.2854756276429908,-0.3086365113861645,1.4494291409043027,0.2635738907885485,1.1321768701847574,0.7979060565554034,0.8305890685254821,0.383147801992691,-0.0173225152067344,-0.1144439413709821,0.7039567030095503,0.4950637544246884,-0.2679341964589573,-0.1895783050969396,1.0657970380097186,-0.0038320353739259,0.902218675663291,right,Newsmax,False,0.01639344262295082,0.45081967213114754,0.0020491803278688526,0.040983606557377046,0.02663934426229508,0.045081967213114756,0.07172131147540983,0.028688524590163935,0.04918032786885246,0.0,0.0471311475409836,False,False
@NewsmaxTV,videos,2026-05,456,0.6230920585309947,0.9958876254191468,0.456462173387586,-0.1560423085197224,-0.4360204155590282,0.782845859451363,1.0375683393902604,-0.1755655180468299,-0.4364559466321632,0.948437717680359,0.2418583382819269,0.9513517299544018,0.628161491310107,0.9379917433728988,0.3841812316542919,-0.0593494395875025,-0.316317396882984,0.6827749046854911,0.7072253675564537,-0.2026687710504305,-0.3232390389984675,0.598749606478593,-0.080162298804224,0.7919192011436309,right,Newsmax,False,0.015350877192982455,0.4934210526315789,0.0021929824561403508,0.02850877192982456,0.041666666666666664,0.043859649122807015,0.046052631578947366,0.02412280701754386,0.07236842105263158,0.0,0.021929824561403508,False,False
@NewsmaxTV,videos,2026-06,401,0.7707202639989271,1.095958822457504,0.479110961906519,-0.1297332323836276,-0.2914804431011519,0.7380402224792972,0.8338134489338309,-0.2509296884760249,-0.2828806446107031,1.3501699540102692,0.5719034012252854,0.7562426524051237,0.7694041600582853,1.0317545999226618,0.4295955149985647,-0.0049885289471119,-0.1726054169266628,0.6472812352668756,0.5092263218218707,-0.2684917212934027,-0.134098487743143,1.0025439958920677,0.2488508690425863,0.6125827086346929,right,Newsmax,False,0.004987531172069825,0.5236907730673317,0.0024937655860349127,0.034912718204488775,0.017456359102244388,0.06234413965087282,0.06982543640897755,0.032418952618453865,0.057356608478802994,0.0,0.029925187032418952,False,False
@NewsmaxTV,videos,2026-07,397,0.7828712312439366,1.1097195634895518,0.4950713550641699,-0.0786252893407019,-0.3510451427834649,0.8864091371980026,0.8763484595818986,-0.1686347993549357,-0.3021433658921143,1.529454426025147,0.4156587080504812,0.778006547095659,0.7749326936888481,1.0243680431364413,0.4138799711014756,0.0184410788038678,-0.2188411938393214,0.6711555747011664,0.576006061655549,-0.1343126558393923,-0.2047390390354908,1.1499714628852202,0.1150415894532038,0.6752021261035922,right,Newsmax,False,0.007556675062972292,0.4836272040302267,0.0,0.030226700251889168,0.022670025188916875,0.05793450881612091,0.07304785894206549,0.030226700251889168,0.08060453400503778,0.0,0.037783375314861464,False,False
@NewsmaxTV,videos,2026-08,392,0.7554953554172184,1.0004173921936046,0.5213172371197553,-0.1985248904400843,-0.1980955112632461,0.6822630175340983,0.9710994824690397,-0.1797919281154991,-0.4318525168444063,1.2794384178624048,0.4971667730660331,1.0255052384491,0.6785994579862593,0.890537014433131,0.4845742955319695,-0.0805694249738377,-0.0751187651959584,0.5511121316680402,0.645925996935265,-0.2230505482295246,-0.3293542673819171,0.9675807582891968,0.1786601358836471,1.0190135121877508,right,Newsmax,False,0.012755102040816327,0.45408163265306123,0.0,0.05102040816326531,0.03826530612244898,0.06377551020408163,0.03316326530612245,0.015306122448979591,0.05612244897959184,0.0,0.03571428571428571,False,False
@NewsmaxTV,videos,2026-09,192,0.8242653807280605,1.1375659780479614,0.2413607069531294,-0.150436717224571,-0.2469975847106766,0.8378806177430045,0.576011028616194,0.4848087739057419,-0.2880980186399016,1.4925080742480383,0.3397402796123229,1.0901713063625482,0.7815014393688623,0.9865859667018344,0.210230818671088,-0.0504893556397169,-0.174973569814174,0.7279438605510902,0.1963075624729937,-0.1110447812862052,-0.1795568763574536,1.1377258732863968,0.2068799570467544,1.039581209610101,right,Newsmax,False,0.026041666666666668,0.4322916666666667,0.0,0.041666666666666664,0.026041666666666668,0.10416666666666667,0.046875,0.020833333333333332,0.052083333333333336,0.0,0.041666666666666664,True,False
@RealAmericasVoice,streams,2026-01,45,1.5187877925229727,-2.4305981777454018,0.4758931212139574,-0.5352557397592415,-0.5549123596899004,0.0710038401141041,0.6560154392081112,-0.4663266341306447,2.5345852715997146,-0.6367916430639359,-0.9299781769070272,-0.3382582757047322,0.7822087536658385,-1.7614223698073004,-0.1192417433871542,-0.5015975052545819,-0.4658480156547909,0.0675363193661627,0.8702132126526747,-1.0761723496322335,2.544572435398459,-0.4806345846421291,-0.7637720438887767,-0.2884378601514434,right,Real America's Voice,False,0.022222222222222223,0.2222222222222222,0.0,0.0,0.2,0.0,0.2222222222222222,0.0,0.0,0.0,0.0,False,False
@RealAmericasVoice,streams,2026-02,24,1.4273486039714582,-1.6798022817477016,0.5642594852972623,-0.2801755789642824,-0.4262092168241196,0.3637333856716107,0.6351548541099368,0.5330748780076473,2.9489862789668138,-0.7836134441261893,-0.4301919897383127,-0.6466675193892505,0.7342904102525522,-1.2275733299955744,-0.1365356178535813,-0.1275963620831048,-0.0842261759058949,0.0372224370834064,0.3763166999091683,0.1722150263701884,2.9553071510496256,-0.7834223416430959,-0.5438933756522087,-0.6945806755328175,right,Real America's Voice,False,0.0,0.2916666666666667,0.0,0.0,0.2916666666666667,0.0,0.4166666666666667,0.0,0.08333333333333333,0.041666666666666664,0.0,False,False
@RealAmericasVoice,streams,2026-03,39,0.9411551080659322,-1.9663386022101503,0.7202943010537385,-0.6031266339163524,-0.9413274649050511,0.0803082865180714,0.1699216699208658,1.7536814394087632,2.6529135632038257,-0.8695606958343854,-0.5560021163645161,-0.2139434905991001,0.2332402572532617,-1.615648148171532,0.1990394725493062,-0.5432243118399649,-0.7294896535604395,-0.4284380110739866,0.0690889739664243,1.3046228107972055,2.5838752421768674,-0.940251933802746,-1.035111005122553,-0.3383311285315558,right,Real America's Voice,False,0.0,0.3076923076923077,0.0,0.0,0.23076923076923078,0.0,0.358974358974359,0.0,0.02564102564102564,0.0,0.0,False,False
@RealAmericasVoice,streams,2026-04,201,-0.5399402928968976,0.5575833628790755,0.2412514491634039,-0.3963227387873036,-0.7121637443209878,1.7455158659246532,1.2117914922733404,0.2552380343933993,3.922989201259741,-0.18089941526591,0.6635426670079314,0.9153788023035548,-0.5191476497301734,0.6488055647802505,0.0538287026702516,-0.3559356073065032,-0.4921872968708498,1.3397553086579383,0.9832221626804906,0.1268381778788931,3.909783894124784,-0.4897394557510851,0.323564762158426,0.5685472218906003,right,Real America's Voice,False,0.014925373134328358,0.6766169154228856,0.0,0.014925373134328358,0.04975124378109453,0.004975124378109453,0.44776119402985076,0.009950248756218905,0.09950248756218906,0.014925373134328358,0.03482587064676617,False,False
@RealAmericasVoice,streams,2026-05,266,-0.7997741437761148,-0.0550937691787441,0.139450432748676,-0.3719445572205872,-0.6232818762896559,1.9350031700384211,1.1568539471287833,0.6681487585850249,3.827955354738495,-0.2627559628790456,0.849345676058561,1.156379375755447,-0.8471173287091729,0.046998684816701,-0.0223927802237804,-0.2837379306738587,-0.4197752725865931,1.5055640308142346,0.8660296737203161,0.5163006350041955,3.865948095025271,-0.574508254402356,0.4516867956301681,0.7875153767494832,right,Real America's Voice,False,0.02631578947368421,0.793233082706767,0.0,0.018796992481203006,0.09022556390977443,0.0,0.39473684210526316,0.007518796992481203,0.09774436090225563,0.018796992481203006,0.015037593984962405,False,False
@RealAmericasVoice,streams,2026-06,279,-1.4832102362768511,0.4206995481674379,-0.0215916806664798,-0.4956114869202167,-0.8390141698877975,1.511766333456392,1.6030678247938728,0.513279504448925,3.4887993526482535,-0.2884823709597873,0.9549034238715656,0.969786513260093,-1.3793887579465698,0.4741196064141683,-0.181018622898402,-0.4110112712275758,-0.6198551922162696,1.142800044860031,1.309103949137859,0.3973813261283175,3.5150110197044926,-0.6726935808781347,0.513374943044833,0.5662708539503233,right,Real America's Voice,False,0.017921146953405017,0.8351254480286738,0.0,0.0035842293906810036,0.08243727598566308,0.0,0.1111111111111111,0.0035842293906810036,0.11469534050179211,0.014336917562724014,0.010752688172043012,False,False
@RealAmericasVoice,streams,2026-07,299,-1.8886025614053128,0.5890901363938975,0.1839637868491241,-0.41094782207212,-0.7516848152375615,1.530726410450863,1.64876893376728,1.063991691696296,3.501023634171998,-0.3980126763816843,0.5402855943286364,0.8099529184866242,-1.8659430568991664,0.6267163252276832,0.000267254386139,-0.3388242651430733,-0.5824105485675166,1.0164887973881245,1.419121672412975,0.9291678743514696,3.5041295795268685,-0.7685968277847451,0.2086367112617359,0.5054523160849995,right,Real America's Voice,False,0.013377926421404682,0.8662207357859532,0.0,0.0033444816053511705,0.10702341137123746,0.0033444816053511705,0.12374581939799331,0.0,0.12374581939799331,0.013377926421404682,0.0,False,False
@RealAmericasVoice,streams,2026-08,271,-1.6418603867571522,1.2071594127029217,0.0435378694383531,-0.4616239542777122,-0.9430218718195246,1.2359929688655236,1.960761556694475,0.5788774948165704,3.449893328988817,-0.5931255551713324,0.7134334667895411,0.851808241721365,-1.6660329142376291,1.1801379694381902,-0.033322437197915,-0.3851961019760526,-0.812067411363903,0.977329746944534,1.6891366399210657,0.5013325229704344,3.4995308548788255,-0.9263934570235524,0.4120570014964174,0.6995801473698945,right,Real America's Voice,False,0.01107011070110701,0.915129151291513,0.0,0.0,0.0959409594095941,0.0,0.04797047970479705,0.0036900369003690036,0.15867158671586715,0.01107011070110701,0.007380073800738007,False,False
@RealAmericasVoice,streams,2026-09,111,-1.1669350057273895,0.6049198155879774,-0.1191712972557391,-0.7436851474606081,-1.1522768077811227,1.1632721817613416,1.955303816892519,1.627149049843868,3.384167020317432,-0.5246414120510453,-0.1097443398883532,1.339728808417757,-1.3473456720809018,0.6653688530565349,-0.2935530789198943,-0.6168807200190224,-0.9992408393198532,0.8340694996910326,1.5547613002139211,1.0699936810946071,3.545512770857303,-0.7651111578278854,-0.3076844065799032,1.2045119279789929,right,Real America's Voice,False,0.0,0.8108108108108109,0.0,0.0,0.05405405405405406,0.0,0.018018018018018018,0.0,0.10810810810810811,0.018018018018018018,0.0,True,False
@RealAmericasVoice,videos,2026-01,554,-0.167647451760784,-0.6213722136200928,-0.0664693048626128,-0.5584038405938432,-0.4906251430327559,0.80064717483597,0.0366420362090152,0.4176424916663465,-0.5960625501946408,2.0119318293382564,0.6160363394082079,-0.0755120807729483,0.0145206625108522,-0.637024181923172,-0.2218270740594073,-0.4485724333214659,-0.3023696664133644,0.7930373449266872,-0.4280458533222555,0.3998429211452127,-0.4189180048363869,1.5821325665717414,0.3333219359287741,-0.2873281500315353,right,Real America's Voice,False,0.021660649819494584,0.555956678700361,0.0,0.10649819494584838,0.03790613718411552,0.0,0.030685920577617327,0.02888086642599278,0.148014440433213,0.0018050541516245488,0.10108303249097472,False,False
@RealAmericasVoice,videos,2026-02,593,-0.0729308398812034,-0.4410872505915743,-0.1239056859484077,-0.5158851641014304,-0.5146911892781335,0.8161337204870343,-0.2161846252588997,0.4119331214567112,-0.8382114937606905,1.9030145627406596,0.8391167703798854,-0.4733400629094224,-0.0557922778726525,-0.4924705401851708,-0.210260519881436,-0.386463598535495,-0.3278661775049595,0.6608578413934071,-0.6195932479133651,0.3702434690247019,-0.6975117140891919,1.5373712335578442,0.4983291335726711,-0.5370082943724847,right,Real America's Voice,False,0.02866779089376054,0.5311973018549747,0.0,0.15682967959527824,0.0387858347386172,0.0016863406408094434,0.03035413153456998,0.04047217537942664,0.16694772344013492,0.0,0.10792580101180438,False,False
@RealAmericasVoice,videos,2026-03,617,-0.1735317233602735,0.1779983749852412,-0.4515600465276486,-0.4871598721691602,-0.4734244882738954,0.2585995006663769,-0.2488558622815086,-0.095114870076937,0.5160751858754729,0.2087557692221506,-0.1979896223899116,0.2477835586018626,-0.0174421581177648,0.0777692961217025,-0.5385267410171171,-0.4363008290577886,-0.3818401884738351,0.2238568223164536,-0.5650761020939613,-0.1136543949349047,0.6209095125936236,-0.1969704936124359,-0.4083979600908668,-0.2286588161414946,right,Real America's Voice,False,0.03727714748784441,0.6871961102106969,0.0,0.14100486223662884,0.024311183144246355,0.0016207455429497568,0.01620745542949757,0.024311183144246355,0.12155591572123177,0.0,0.07779578606158834,False,False
@RealAmericasVoice,videos,2026-04,257,0.2691100683900867,0.5362340837689663,-0.5658235404856057,-0.4343748433649056,-0.6993658372294242,-0.9109403341049682,0.3356486724732296,-0.4284424458346341,2.637917722727627,-0.2536182636875583,-0.9648760360338764,-0.1291212134549043,0.2063527805562705,0.3640255594775174,-0.5951844253839959,-0.4636619757655721,-0.6453326773316257,-0.7565379970210273,0.0919493032523659,-0.3754624965370625,2.628958711493,-0.4534769034486711,-1.1736392684951265,-0.1720545334284286,right,Real America's Voice,False,0.038910505836575876,0.8287937743190662,0.0038910505836575876,0.0,0.007782101167315175,0.0,0.01556420233463035,0.0,0.054474708171206226,0.0,0.011673151750972763,False,False
@RealAmericasVoice,videos,2026-05,191,-0.3412343882272676,0.6461046010220279,-0.8516732217361289,-0.645052128244074,-0.8260643236446488,-0.5431128985433357,0.6690554784647624,-0.1534220381890687,2.7421451040858575,-0.2493626970411336,-0.8504488249557717,0.0237872589343669,-0.3684997458659445,0.5071259481837643,-0.8294978805722167,-0.666856087100144,-0.7404033963392621,-0.4636813830030297,0.4573125343177826,-0.0921328709074807,2.701551470325542,-0.4654998578521084,-1.0097157126463343,0.0173501559875485,right,Real America's Voice,False,0.02617801047120419,0.8795811518324608,0.0,0.010471204188481676,0.010471204188481676,0.0,0.06282722513089005,0.0,0.06806282722513089,0.0,0.020942408376963352,False,False
@RealAmericasVoice,videos,2026-06,66,-0.3646664129891757,-0.5288958409267337,-0.7575377412985232,-0.6404893596352625,-0.8432525036314357,0.1747496875109735,0.8262997796256056,-0.2387691539822293,2.717603676880228,-0.5462874207390528,-0.6189079774109598,-0.4376023823545526,-0.0869392957940166,-0.6802876464548318,-0.7266950878843811,-0.6261841592561135,-0.6902843658152714,0.1658533308915809,0.5299424071997109,-0.2959308631920732,2.7559391257810115,-0.806317292529995,-0.6975188883006465,-0.4606536399896496,right,Real America's Voice,False,0.015151515151515152,0.8939393939393939,0.0,0.015151515151515152,0.030303030303030304,0.0,0.030303030303030304,0.0,0.07575757575757576,0.0,0.06060606060606061,False,False
@RealAmericasVoice,videos,2026-07,26,-0.4229090386618173,-0.6885972062432713,-0.5158360782962252,-0.5021390000762572,-0.9533340985629818,1.020028500182417,-0.2035922831330928,0.3917357837641685,2.5204429893520004,-0.4634981005012876,-0.3049465108249398,0.0687382246903239,-0.4510191198828573,-0.6859036846644345,-0.5706766276906898,-0.4690080456326504,-0.7444976252238326,0.4245127800441225,-0.3102741740136119,0.409593831429584,2.4061411629810427,-0.7870097658171722,-0.5996295386475221,0.1049739988493754,right,Real America's Voice,False,0.0,0.6923076923076923,0.0,0.0,0.07692307692307693,0.0,0.038461538461538464,0.0,0.0,0.0,0.0,False,False
@RealAmericasVoice,videos,2026-08,18,-0.7292755044589903,0.5737632743449727,-0.0656877822462127,-0.740637360827117,-1.0800907179953405,-0.0741718529997937,0.0931367763038153,0.409555450188195,0.8252077646593492,0.0905344842876624,-0.7351116958486495,0.0590136291670079,-0.3751455133168836,0.3938472042582436,-0.1289134814178432,-0.7757760037766627,-0.7748080083035914,-0.2591370551541135,-0.1386180786648933,0.3517843634621829,0.6531857771235041,-0.1749728396416627,-0.837954989907066,0.1524551157308578,right,Real America's Voice,False,0.0,1.0,0.0,0.0,0.16666666666666666,0.0,0.0,0.0,0.05555555555555555,0.0,0.0,False,False
@RealAmericasVoice,videos,2026-09,17,-0.1579090956840061,-0.2833081364902225,-0.8321839519793949,-0.5768646939966284,-0.7590236674089188,0.2344060373653913,0.0430742806015647,2.2792968089641783,0.6779772669656231,0.143739890696873,-0.8094722312208681,-0.774309412456965,0.213279539724423,-0.3644811387423502,-0.8027269195516662,-0.5469671053744208,-0.5135406229409716,-0.2437491760809116,-0.1962394453702923,1.786399451928787,0.5589760534734185,-0.0156843271749814,-0.7693769846480554,-0.4649038719584101,right,Real America's Voice,False,0.0,0.8235294117647058,0.0,0.0,0.0,0.0,0.0,0.0,0.11764705882352941,0.0,0.11764705882352941,True,False
@Reuters,streams,2026-01,294,0.9040928760090235,0.1258958213714494,4.181126562425472,-0.1862704357509284,-0.8074683158054875,-0.3232400608715041,1.7663596956488052,-0.1207027015106302,-0.2080065795572848,-0.5393126187469335,-0.4245006998860038,-0.2466728146737161,0.5890149541000779,0.1151328577832542,3.472647396037839,-0.0189486755418485,-0.4251872007943425,-0.5107786143596655,0.9110102986519166,-0.2929425874272565,-0.0354645097973175,-0.8220442766533037,-0.8466314093071426,-0.6081882109212715,neutral,Reuters,False,0.04421768707482993,0.09523809523809523,0.0,0.0,0.9897959183673469,0.0,0.06462585034013606,0.006802721088435374,0.006802721088435374,0.0,0.003401360544217687,False,False
@Reuters,streams,2026-02,268,1.2083173587522626,0.0585139553971407,4.240173646800245,-0.160806694912943,-0.800831641096032,-0.3412639340524755,1.546574579728157,-0.2607455935881926,-0.5479911557594703,-0.5188771709484534,-0.1611726614086056,-0.5197720866957944,0.7687748115731845,0.0591786552890885,3.6881305327200145,0.0183846127186062,-0.4837644133216619,-0.578794698378878,0.819140502945036,-0.4700586951492013,-0.4071325126172339,-0.8162462158568533,-0.6549860032785508,-0.7347789046876845,neutral,Reuters,False,0.04477611940298507,0.09328358208955224,0.0,0.0,0.996268656716418,0.0,0.022388059701492536,0.0,0.041044776119402986,0.0,0.0,False,False
@Reuters,streams,2026-03,236,0.7600573780650423,0.3968013835220491,4.205205897371144,-0.2157473291960915,-0.8286472442202002,-0.224216152280488,1.6846626647674956,-0.2550602717710445,-0.2918473642363245,-0.8286201742228042,-0.4252599337289088,-0.172101117906245,0.5864955794919493,0.3841121616301491,3.4725919522919795,-0.0301027545241933,-0.4520330116463867,-0.3646097434863695,0.7786391629050795,-0.5146053940533621,-0.0719113498446778,-1.0745033988465955,-0.7714648730516526,-0.7252875825617469,neutral,Reuters,False,0.038135593220338986,0.11864406779661017,0.0,0.0,0.9915254237288136,0.0,0.046610169491525424,0.01694915254237288,0.012711864406779662,0.0,0.0,False,False
@Reuters,streams,2026-04,213,0.8741033682884001,0.226853598983426,4.2171692395401035,-0.1903360771641928,-0.8194282788040461,-0.2447584038731167,1.5941834976964324,0.0536519149449171,-0.3273184287229442,-0.7685053384485832,-0.4398360212590208,-0.4131110409116995,0.5406788938197745,0.2263132998051719,3.514792986620292,0.0080328570192639,-0.4340147044306733,-0.5765336720136309,0.7749900650771425,-0.1177325873214193,-0.0937662082178702,-0.9511812598716136,-0.8663554939302088,-0.8474908334734186,neutral,Reuters,False,0.023474178403755867,0.08450704225352113,0.004694835680751174,0.0,1.0,0.0,0.0892018779342723,0.004694835680751174,0.009389671361502348,0.0,0.0,False,False
@Reuters,streams,2026-05,189,0.9150216812003826,0.1516190868200099,4.220211374716099,-0.151508424250876,-0.7490114533265294,-0.5605490522436997,1.5444916896881502,-0.1682904992445665,-0.4372521822254138,-0.7242052809779046,-0.8053453706379454,-0.4621439172612686,0.4294877751221714,0.1949261292201267,3.506749120021726,0.0398007074492526,-0.4306978036579728,-0.7247931864970213,0.8223565861760452,-0.528550463503344,-0.2436975182347742,-0.8787344369433011,-1.206338983065557,-0.7437761937230587,neutral,Reuters,False,0.042328042328042326,0.10052910052910052,0.0,0.0,0.9947089947089947,0.0,0.047619047619047616,0.005291005291005291,0.021164021164021163,0.0,0.0,False,False
@Reuters,streams,2026-06,232,0.9043210258174604,0.7347502460529589,4.30048313146016,-0.2046691726725857,-0.8541014832614542,-0.2864579181221315,1.679525676413656,-0.1957838874695663,-0.4103585854130104,-0.7585715313654402,-0.4010760423984126,-0.1689297703846943,0.3672530802551831,0.7008831144434902,3.5864769641492993,0.0544878506349681,-0.5364564469420615,-0.4125427908749425,0.8382312585504132,-0.5920509806401743,-0.1235887280210019,-0.8568095094271895,-0.9595412689749888,-0.5582000361573836,neutral,Reuters,False,0.05172413793103448,0.08620689655172414,0.0,0.0,1.0,0.0,0.05603448275862069,0.008620689655172414,0.01293103448275862,0.0,0.0,False,False
@Reuters,streams,2026-07,233,0.7863289422708544,0.3047874257570928,4.220270286331956,-0.1596676074558516,-0.7288018003571299,-0.4340477445638837,1.7489279774848243,-0.2852524549850866,-0.6678244821326756,-0.7031798681381446,-0.4780702627202418,-0.4843631548664177,0.5225919281373195,0.2824878578536894,3.635610863290411,0.1036161033493741,-0.385524086874373,-0.4717705839414305,0.8033532409643456,-0.7538747703434231,-0.3625169815320583,-0.825405000186549,-0.8856159136210883,-0.79844785566364,neutral,Reuters,False,0.034334763948497854,0.0815450643776824,0.0,0.0,0.9957081545064378,0.0,0.04291845493562232,0.004291845493562232,0.008583690987124463,0.0,0.0,False,False
@Reuters,streams,2026-08,161,0.6190215054224173,0.3116103435546298,4.153749815372631,-0.0936226475410647,-0.7705974004233572,-0.7065178458132033,1.7294550369623318,-0.1301874822441726,-0.5821584649397784,-0.6200163109250454,-0.6641925267011418,-0.5784845601459455,0.4589192030935191,0.2016455355820495,3.741726081745231,0.1143905360161533,-0.4661974299706345,-0.6483794090343042,0.7090295467399863,-0.5202462378433442,-0.3107489605031972,-0.8217262694351827,-0.9563760705333264,-0.8233848900836093,neutral,Reuters,False,0.006211180124223602,0.09316770186335403,0.0,0.0,1.0,0.0,0.006211180124223602,0.006211180124223602,0.018633540372670808,0.0,0.0,False,False
@Reuters,streams,2026-09,75,1.382597903231022,-0.2146661532757293,4.066410681768296,-0.2651952247746004,-0.7958457390783629,-0.0156385355251356,1.3003876525446791,0.1959459772276814,-0.5164146524402202,-0.183502383902238,-0.2306740059070547,-0.8313556208123996,0.8682213670143225,-0.2955782854610861,3.571868334435268,-0.1108961844923831,-0.5913285047168503,-0.2611443563619913,0.6423154394860467,-0.4121313691349278,-0.3324037218809413,-0.5434181173984206,-0.6012399180469873,-1.0132774412055563,neutral,Reuters,False,0.05333333333333334,0.05333333333333334,0.0,0.0,1.0,0.0,0.06666666666666667,0.0,0.013333333333333334,0.0,0.0,True,False
@Reuters,videos,2026-01,934,0.3201689937238425,0.284298433953433,-0.1103235189467735,-0.3817735396031553,-0.7947990966638733,-0.8954988592449031,2.702030311821398,0.4636182359212309,-1.518233396772025,0.101235238453517,0.4822265621539162,1.1578421224729465,0.320459955493819,0.2187395120846544,-0.3192025249380042,-0.2400215451085211,-0.6144344930382633,-0.7046772825764738,1.872778223143923,0.2243273583037612,-1.277190315673587,-0.298888777482057,0.1149101315981545,0.6128155127539023,neutral,Reuters,False,0.013918629550321198,0.24518201284796573,0.0,0.02569593147751606,0.0,0.0,0.05353319057815846,0.010706638115631691,0.02569593147751606,0.0,0.010706638115631691,False,False
@Reuters,videos,2026-02,865,0.7350919136821528,0.4538818421959782,-0.5946651476847521,-0.4760906989648039,-0.6286496169836479,-0.8427981313810656,2.7796202847048352,-0.0046006033897941,-0.3770990011150206,0.3185467469344931,-0.0360742491523214,0.5650061800501965,0.6027715191723436,0.4064052646640519,-0.7665998947749467,-0.3022298513271902,-0.483305857163956,-0.7667787588031879,2.0042427738802213,-0.226396128437115,-0.1801282564834062,-0.0552867559084286,-0.4217964704551935,0.200873856227222,neutral,Reuters,False,0.006936416184971098,0.24161849710982658,0.0,0.03236994219653179,0.0011560693641618498,0.0,0.057803468208092484,0.0023121387283236996,0.025433526011560695,0.0,0.018497109826589597,False,False
@Reuters,videos,2026-03,989,0.0602328734979343,0.5464583544943842,-0.5601487852886712,-0.4169216911134976,-0.5510766126884798,-1.0241346009197998,2.72778005697017,0.0580398013105951,-0.679191975489859,0.4182107913297898,-0.5212180839856089,1.3584315244755332,0.3794274232011129,0.4602186887204024,-0.718306235064274,-0.2527911884319309,-0.4116499686338891,-0.7166345822333943,1.8913428801753436,-0.2413037115508355,-0.3751438697795857,-0.0599952750570853,-0.7628818120663142,0.3896174527058117,neutral,Reuters,False,0.012133468149646108,0.30940343781597573,0.0,0.044489383215369056,0.003033367037411527,0.0,0.04853387259858443,0.0020222446916076846,0.033367037411526794,0.0,0.011122345803842264,False,False
@Reuters,videos,2026-04,947,0.4240698781285388,0.5654727338783151,-0.5569485149147109,-0.5385609231389067,-0.4947261705966865,-0.786875655782865,2.8430266738706593,0.0997375912028106,-0.5495409480806589,0.1588252201110593,-0.2143094755589837,0.9121527377259055,0.5204327219179258,0.4588462400491258,-0.7654964213938724,-0.3683100678362692,-0.3521995082288084,-0.6533108107032011,2.0858324105952284,-0.109771825731349,-0.3059727961804352,-0.2283381007113608,-0.5156283625422527,0.2085049154148776,neutral,Reuters,False,0.009503695881731784,0.23336853220696938,0.0021119324181626186,0.05279831045406547,0.0010559662090813093,0.0,0.048574445617740235,0.009503695881731784,0.025343189017951427,0.0,0.013727560718057022,False,False
@Reuters,videos,2026-05,990,0.5066156696367651,0.5853078291075067,-0.5649722172549545,-0.5040094709283827,-0.4057124889744176,-1.0257032510783148,2.80512491279484,0.2078082844236575,-0.6078648206143575,0.2829135938781462,-0.2017902572464282,0.8528634385859448,0.5683094590275276,0.4870472113583616,-0.7265476375991103,-0.3411269254445501,-0.3166237083748562,-0.8440681685877561,2.059439499872554,-0.0477644765248464,-0.3454775546724425,-0.1030609754129482,-0.4798648114171837,0.2633079809029782,neutral,Reuters,False,0.00909090909090909,0.24545454545454545,0.00101010101010101,0.07272727272727272,0.0,0.0,0.05353535353535353,0.007070707070707071,0.022222222222222223,0.0,0.01818181818181818,False,False
@Reuters,videos,2026-06,959,0.797456765014424,0.6229719280225733,-0.5536976512520347,-0.5061768096506836,-0.4876510363600693,-0.9867620200215684,2.659024408215928,0.2228845771410202,-0.4045855243717469,0.2380542574647785,-0.0145350747959573,1.0161708265194844,0.7034534722029875,0.5134348425385721,-0.7664768177013669,-0.293045280959701,-0.3567904866279752,-0.7955580093779712,1.8505831948894904,-0.1725469280679053,-0.1179242966589471,-0.066123159929775,-0.3903898567680426,0.4504491698469434,neutral,Reuters,False,0.014598540145985401,0.22940563086548488,0.0,0.06569343065693431,0.0,0.0031282586027111575,0.053180396246089674,0.008342022940563087,0.03232533889468196,0.0,0.013555787278415016,False,False
@Reuters,videos,2026-07,944,0.5765533495913238,0.7575239100025489,-0.5453849311586545,-0.4992013717620165,-0.2370516858131757,-0.9514272247878626,2.71979616261935,0.3117407767622652,-0.4610027748993861,0.2553098642827466,-0.1638770354214594,0.8486834740648966,0.6001468691790753,0.6654503983181529,-0.7440364115308721,-0.2909012885266441,-0.0897898413618026,-0.7302441070020389,1.8606476481195993,-0.1081543848698377,-0.1778688639179237,-0.0495342138757024,-0.4713103933618454,0.3386064826173221,neutral,Reuters,False,0.029661016949152543,0.23516949152542374,0.0,0.09427966101694915,0.0,0.00211864406779661,0.0413135593220339,0.00847457627118644,0.03177966101694915,0.0,0.029661016949152543,False,False
@Reuters,videos,2026-08,699,0.3854271944539866,0.7253739361057612,-0.428886838786064,-0.539450641463938,0.2759686904368473,-1.026185522439476,2.9198750912965985,0.0732949032768795,-0.5041917455319175,0.1227765914833373,-0.2548133907395533,0.8593316236715918,0.3931388944359958,0.6028233337568035,-0.6000869960172198,-0.3727783426289674,0.4083769831342186,-0.7257900546014439,2.0413261126554523,-0.3113041080588075,-0.2444129767679426,-0.1710820159823565,-0.5387290730468944,0.3775294054435155,neutral,Reuters,False,0.030042918454935622,0.2217453505007153,0.0,0.18741058655221746,0.0,0.0,0.0357653791130186,0.005722460658082976,0.0357653791130186,0.0,0.04291845493562232,False,False
@Reuters,videos,2026-09,353,0.5763591781114531,0.6583626617362652,-0.488344051178218,-0.5290524804492789,0.593692192684516,-1.0463075259193193,2.6617495581739865,0.2218463917845008,-0.4976923249058598,0.0436407082196555,-0.2381624059667242,0.9960011165101672,0.5266981845065357,0.5565125879344919,-0.6260867341804781,-0.3929261305091165,0.7044973353210605,-0.7968594275686105,1.8640755902674504,-0.2822264516530229,-0.2424459359921034,-0.3041977132488171,-0.5218259117467996,0.4982416784936495,neutral,Reuters,False,0.036827195467422094,0.21246458923512748,0.0,0.20679886685552407,0.0,0.0,0.05099150141643059,0.0028328611898017,0.0453257790368272,0.0,0.06232294617563739,True,False
@SkyNews,streams,2026-01,252,0.9069371261744988,-0.2652339902137492,-0.0956415052441524,-0.2873993407121437,-0.5318823814489912,0.3126693356307453,1.5032527606242712,0.846377936910219,-0.5089010679138583,0.1797525241263749,-0.2464330791303644,0.8235191632564153,0.6502379452611908,-0.2484652257654966,-0.5954786524270369,-0.1713447802491938,-0.3594608791475458,0.2484221025799267,0.9134444699186112,0.7690285676747695,-0.4519371338365006,-0.1570936473957336,-0.3959115586644834,0.3452151300835803,left,Sky News,False,0.14285714285714285,0.23809523809523808,0.0,0.03571428571428571,0.003968253968253968,0.0,0.21428571428571427,0.003968253968253968,0.027777777777777776,0.0,0.05952380952380952,False,False
@SkyNews,streams,2026-02,223,0.764435745232877,0.1208783663224515,-0.1136801906716371,-0.2267701325744284,-0.6460276431574161,1.081567395818066,1.6236843190075885,-0.1447659074937647,-0.1030441662947092,0.2003283711727284,0.1775159449790387,0.2078655667582075,0.478068281449809,0.1767687123145923,-0.393499293915155,-0.0596788133304009,-0.5043126686140494,0.5830717261686101,1.0388797790099484,-0.1790948057970544,-0.1088763668007339,-0.1972532913462931,0.0316540751236703,0.0419865331972628,left,Sky News,False,0.03139013452914798,0.2914798206278027,0.0,0.03587443946188341,0.03139013452914798,0.0,0.28699551569506726,0.04484304932735426,0.05829596412556054,0.0,0.053811659192825115,False,False
@SkyNews,streams,2026-03,240,0.1824592363462052,0.2702715367278312,-0.1127010504298886,-0.1204489136281932,-0.3336294919635492,0.5938660021188328,1.7046086157062077,-0.0797297039580475,-0.0245749468476734,0.8322105664741635,-0.0607279472733443,1.3219178442084158,0.380593302384404,0.2165442082010993,-0.3613935029224248,-0.0132826978407985,-0.2094060353735301,0.5986052818290222,1.0454280063617007,-0.2390893441487374,0.1278407560325869,0.2243576222553714,-0.1840075197294335,0.3713364651998352,left,Sky News,False,0.03333333333333333,0.2833333333333333,0.0,0.04583333333333333,0.025,0.0,0.3625,0.025,0.0125,0.0,0.05,False,False
@SkyNews,streams,2026-04,257,0.6141553030511027,0.4236520580816473,-0.1931229609556789,-0.2289288493477848,-0.6200769077328261,0.4807981285058175,1.6939418962414838,-0.0847254955328919,0.1249728597326664,0.6501930432702581,0.1292602337424102,1.222509035240633,0.4777136970724849,0.2103842963206381,-0.585426298888757,-0.1538039649581351,-0.442297388959809,0.4478412257082387,0.893918867032729,-0.1244241632855012,0.1782244219418008,0.2298346728523062,-0.0091241878183831,0.5151360609053205,left,Sky News,False,0.011673151750972763,0.2490272373540856,0.0,0.05058365758754864,0.019455252918287938,0.0,0.29571984435797666,0.042801556420233464,0.019455252918287938,0.0,0.007782101167315175,False,False
@SkyNews,streams,2026-05,214,1.0549249945358803,0.0128511912857918,-0.1578648362832243,-0.2380041458343064,-0.2017762202354726,0.6087850795464496,1.4595242327471172,-0.1675974899095745,-0.063338489331911,0.3193292292273723,0.1163857410294918,0.8177021366420067,0.777027167393695,-0.0599383744413901,-0.3964861196097104,-0.1908275112085744,-0.1557749779370528,0.5152966356235423,0.9032682157313832,-0.2555334272830717,-0.0477301857413915,-0.0505518831382726,0.0942628458956474,0.3199218501789574,left,Sky News,False,0.0514018691588785,0.22429906542056074,0.0,0.056074766355140186,0.018691588785046728,0.0,0.32242990654205606,0.03271028037383177,0.037383177570093455,0.0,0.028037383177570093,False,False
@SkyNews,streams,2026-06,209,0.2739081962837471,0.3508399782313666,-0.2309522590330798,-0.2536695491260932,-0.3789167689152506,0.3566270892974369,2.0290325883720564,-0.0731350502151811,-0.3010773664725666,0.3960023810541178,-0.1031291215439388,0.6376998518700947,0.2029328174764755,0.1586383404480193,-0.566360599097776,-0.0484623727729265,-0.2649994754636718,0.2867862893266319,1.235357143623569,-0.2176721567199809,-0.1690272918547343,-0.0124475748166377,-0.3363969171401927,0.1308152245072953,left,Sky News,False,0.0430622009569378,0.2966507177033493,0.0,0.04784688995215311,0.019138755980861243,0.0,0.21052631578947367,0.04784688995215311,0.04784688995215311,0.0,0.014354066985645933,False,False
@SkyNews,streams,2026-07,211,0.4486347970638658,0.440165376588018,-0.2968288870871755,-0.2499472941848525,-0.3570389481960543,0.3789127006690203,2.023951903437996,0.0994983476830372,0.0440184212374223,0.4113856355944387,-0.0598969267299652,0.5068700896266102,0.3638297738412449,0.316922105361806,-0.6471415390270855,-0.0358738898364848,-0.2520912755378874,0.238346806534546,1.2320134684457642,-0.1990217023079983,0.2176766631768804,0.09553435497268,-0.2677842817515456,0.0066962718538246,left,Sky News,False,0.04265402843601896,0.2559241706161137,0.0,0.05687203791469194,0.018957345971563982,0.0,0.24644549763033174,0.037914691943127965,0.014218009478672985,0.0,0.037914691943127965,False,False
@SkyNews,streams,2026-08,163,-0.1035278415283569,0.6314865164596629,-0.2469935260072062,-0.30425667672249,-0.4526540738372235,-0.4097325929323082,2.3830682536953973,0.2360454458583014,-0.4631934041926535,0.4547796533630373,-0.6873118429677986,0.0695253493769631,-0.1679659781418734,0.4137801396864988,-0.4835566038873025,-0.1191714861672058,-0.2831175517321739,-0.1666174538514299,1.4191697122052505,-0.1220616111461241,-0.2075596102163857,0.1703348787573917,-0.8740070514155754,-0.1211440072792572,left,Sky News,False,0.012269938650306749,0.1901840490797546,0.0,0.03680981595092025,0.024539877300613498,0.0,0.12269938650306748,0.006134969325153374,0.049079754601226995,0.0,0.03680981595092025,False,False
@SkyNews,streams,2026-09,99,0.6749680509961958,0.6825918580253175,-0.3734306707294784,-0.2934093841511837,-0.7180155615810427,0.4380870762437859,2.0016205610948075,0.0624514801174848,0.3058313790871952,0.7751740572317998,-0.1880332852515231,0.3472733850559265,0.4314612618795144,0.4756121151658421,-0.5787442272128095,-0.1275806734285314,-0.7089356514064271,0.3225480763303578,1.2730661362677334,-0.2405553469683669,0.3788661756180809,0.4155897951928421,-0.3364803078957226,0.0273021472923251,left,Sky News,False,0.0,0.2222222222222222,0.0,0.030303030303030304,0.0,0.0,0.18181818181818182,0.04040404040404041,0.020202020202020204,0.0,0.020202020202020204,True,False
@SkyNews,videos,2026-01,554,0.6361508278827644,0.7048302780785713,-0.3189827423338222,-0.144706375171696,0.588503338716197,-0.7439243899560712,1.8454154578412787,-0.1275102906529281,-0.2146836659576651,1.7219191762343722,-0.2030569732410374,0.6601193273684155,0.6273153669503738,0.5418304539070318,-0.4897431160966875,-0.0282482562414669,0.630320581277887,-0.6164807617982807,1.0790714844233469,-0.178342403862599,-0.0937638089064073,1.2247189864364072,-0.4540629647774639,0.1162282763931056,left,Sky News,False,0.05054151624548736,0.3664259927797834,0.0,0.16967509025270758,0.010830324909747292,0.0,0.0740072202166065,0.019855595667870037,0.030685920577617327,0.0,0.09927797833935018,False,False
@SkyNews,videos,2026-02,449,0.7553701032445373,0.9664546653474428,-0.3476853966286235,-0.2785490379668702,0.5351249786048234,-0.0324163047311963,1.6726944842030178,-0.1573332494970386,-0.0580233670622372,1.3794395484623865,-0.0191045926040327,0.4997511630203247,0.6772266536520879,0.8034594896301565,-0.461411251307785,-0.1159047235116438,0.5749340958868097,-0.3217192033255895,1.0136600188628049,-0.1099345747693527,-0.0394132114787296,0.9028954160340238,-0.1961577267140173,0.2306412532339798,left,Sky News,False,0.0556792873051225,0.311804008908686,0.0,0.19376391982182628,0.013363028953229399,0.0,0.0467706013363029,0.024498886414253896,0.026726057906458798,0.0,0.0757238307349666,False,False
@SkyNews,videos,2026-03,492,-0.2399002834453739,0.9279373726564396,-0.239285411063339,-0.0119434531412266,0.9559307179856678,-0.7967556394163663,1.6010722927934713,0.0517545742286646,-0.2348157271348619,1.715793072854663,-0.4532903409236339,1.3682765718557293,0.1489123950484709,0.7409296243332331,-0.4028745114773471,0.1035534452689196,1.0081157077801786,-0.6195154530866074,0.8246346678519989,-0.0510505207582573,-0.0334353939735521,1.0975004990675818,-0.5831811866225928,0.388195269715944,left,Sky News,False,0.034552845528455285,0.40040650406504064,0.0,0.2073170731707317,0.016260162601626018,0.0,0.08333333333333333,0.022357723577235773,0.03861788617886179,0.0,0.15040650406504066,False,False
@SkyNews,videos,2026-04,422,0.4171587711748286,0.8394471366305133,-0.2406294788363578,-0.1453515627421999,0.9033453819084384,-0.8693906611747902,1.724294476692768,0.0535704957411531,0.0660927786635411,1.5494878230861482,0.0340298598858307,0.9530041409759948,0.4344893303109814,0.6574576530034681,-0.4422927943194906,-0.0083606513306731,0.9680939086457347,-0.7733171429819419,0.9755120114227472,-0.0028022128521869,0.191104709739125,1.0315783733069237,-0.1863642929013105,0.2700716609388097,left,Sky News,False,0.05687203791469194,0.33649289099526064,0.0,0.2109004739336493,0.0071090047393364926,0.0,0.10900473933649289,0.016587677725118485,0.023696682464454975,0.0,0.11374407582938388,False,False
@SkyNews,videos,2026-05,344,0.390489569883129,1.1368317281555875,-0.2098537828160301,-0.1765286967636577,1.4699203641363845,-0.3811223787364056,1.5709761549533687,0.1700098638337014,-0.0833312728019048,1.1340547750833427,0.0815617785149543,0.8860965690584808,0.3386499382373891,0.8971950038272087,-0.3195236432383449,-0.0265712697609713,1.3927227959025452,-0.3296785482655603,0.8643636166055921,0.0882296667786353,0.0078278024684523,0.6323914787131134,-0.0609873233268741,0.2617033295687109,left,Sky News,False,0.09883720930232558,0.3313953488372093,0.0,0.29651162790697677,0.0029069767441860465,0.0,0.05813953488372093,0.020348837209302327,0.040697674418604654,0.0,0.14244186046511628,False,False
@SkyNews,videos,2026-06,325,0.0117084482349197,1.0489647350154905,-0.1716272056424989,-0.1082460444527867,1.3365416838476036,-0.6307076963358923,1.537271882443012,-0.0477296150301866,-0.3163173890648752,1.0009241888267664,-0.2714351919725928,0.8827255116173314,-0.0096250839786044,0.7553066518584384,-0.332199664585793,0.0865803428610064,1.307015321752413,-0.6450637850089616,0.7116251896874615,-0.1346944351591098,-0.1826070311933446,0.4936161249102079,-0.444096566429813,0.2779952937184798,left,Sky News,False,0.08923076923076922,0.4,0.0,0.2953846153846154,0.021538461538461538,0.0,0.09846153846153846,0.021538461538461538,0.027692307692307693,0.0,0.1476923076923077,False,False
@SkyNews,videos,2026-07,363,0.3250734863686769,1.076220783808667,-0.3555547005314661,-0.2173059446782606,1.090875862124648,-0.447227621996799,1.7298224209805293,0.0105296915485069,-0.1608291634594418,0.6144482116680523,0.0465459581118297,0.9006691244084173,0.1703768913627834,0.8344112830743535,-0.5517717421211294,-0.0022465918100209,1.060563017665473,-0.521173544718593,0.9303425073346212,-0.2036170633152565,-0.0071278947900792,0.2428387577924368,-0.1435715436913772,0.3742633940064334,left,Sky News,False,0.0881542699724518,0.33608815426997246,0.0,0.256198347107438,0.0027548209366391185,0.0,0.09641873278236915,0.02203856749311295,0.024793388429752067,0.0,0.1487603305785124,False,False
@SkyNews,videos,2026-08,308,-0.0682343644763317,1.0724444480165445,-0.2716767097611016,-0.1615434395990834,1.101743989837593,-0.8853466616675087,1.999726007186443,0.1446519124599316,-0.3123425128239239,0.4596744181799496,-0.0798704388045384,0.5840582219279075,-0.1153006285507069,0.8561391841629692,-0.4403711582311698,0.0432804967423151,1.1913094452970243,-0.7417014860573277,1.0938489253295751,-0.1291087282663213,-0.0678491656043181,0.1651336853965079,-0.2911090094448726,0.3688014446735052,left,Sky News,False,0.07792207792207792,0.262987012987013,0.0,0.2077922077922078,0.016233766233766232,0.0,0.05519480519480519,0.003246753246753247,0.025974025974025976,0.0,0.1590909090909091,False,False
@SkyNews,videos,2026-09,155,0.3818873800517151,0.8445315236510763,-0.2917765315576433,-0.2411174513172654,0.9356720054291982,-0.4595096697633514,1.9793061643072425,0.1750560503601117,-0.1460790223749805,0.9258697821128636,-0.0311122962224741,0.5476137024043054,0.2615675818990559,0.6554853614469823,-0.3423725069699349,-0.0843914071451756,0.8839671175567655,-0.2970019455994073,1.2897233515570288,-0.1629948075101205,-0.0477994352757045,0.5392927911888824,-0.1800299149612184,0.1771104529235248,left,Sky News,False,0.08387096774193549,0.3096774193548387,0.0,0.17419354838709677,0.01935483870967742,0.0,0.07096774193548387,0.012903225806451613,0.025806451612903226,0.0,0.16129032258064516,True,False
@TheDamageReport,streams,2026-01,22,-1.5578778027392484,0.7164440272357744,-0.3962336513744249,-0.115166851255256,-0.5788283870217402,2.299230894498515,0.097938208014967,0.1674769736067287,-1.6676343461367735,-0.3043451791011888,0.3836771638049832,0.5785483484071515,-1.2143657380939137,0.96216612712496,-0.5111791800753784,-0.0316259792161443,-0.172339005542657,2.078815620731518,-0.0825152417800948,-0.1500609001654094,-1.6508278812113633,-0.3847082473967418,0.3379677994820893,0.5294249513463986,left,TYT Network,False,0.0,0.8636363636363636,0.0,0.2727272727272727,0.0,0.0,0.0,0.0,0.09090909090909091,0.0,0.0,False,False
@TheDamageReport,streams,2026-02,21,-2.2906708169225376,-0.1922970852074784,-0.1565101568541148,0.171879687193543,-0.6713106996268521,1.893110008172462,-0.0157148906489844,0.4524839933491565,-1.3364259732884185,1.0497315290442222,-0.1918497020924904,-0.305383717117355,-1.8296793309536168,-0.1031193291230845,-0.1371254259769007,0.1796320266914592,-0.3112624646412651,1.3018866740293336,-0.0797914347691239,0.4619240468471297,-1.4684238114245372,1.0741739663057004,-0.2129241459568134,-0.1479302300523665,left,TYT Network,False,0.09523809523809523,0.8571428571428571,0.0,0.3333333333333333,0.0,0.0,0.09523809523809523,0.0,0.14285714285714285,0.0,0.0,False,False
@TheDamageReport,streams,2026-03,22,-0.8760374257524599,-0.0166551763102519,-0.4692542440755101,0.2109191694803719,-0.6362175159022609,3.0064614145454476,-0.3409982296929484,0.2541619591826487,-1.0675609003818822,1.843431163576273,-0.3734181229876271,1.3202080611192393,-0.410175752712233,0.131918437086834,-0.4873846266762039,0.227020727989494,-0.2806405967903982,2.2514368211360987,-0.3806489004796157,0.3099069707291315,-1.124115285458675,1.6994858256443883,-0.4033017392875834,1.097634176009531,left,TYT Network,False,0.0,0.7272727272727273,0.045454545454545456,0.2727272727272727,0.0,0.0,0.0,0.0,0.13636363636363635,0.0,0.0,False,False
@TheDamageReport,streams,2026-04,23,-1.3656592910036778,1.2296656377532431,-0.2520903301068036,0.5011446736566497,-0.8148072680999586,2.3162217151360127,-0.0024059694143581,-0.0396128531599302,-0.7764874368689892,0.7538127580523453,0.2849091296338557,0.133525152365129,-0.9648055486534968,1.44054230053442,-0.2648462412875697,-0.0282636334001491,-0.4102567336542617,1.8265493148625167,-0.1117070766392649,-0.0669655604044136,-1.05572964629806,0.8350284226489543,0.1428826953145759,-0.054982921445749,left,TYT Network,False,0.0,0.8260869565217391,0.0,0.34782608695652173,0.0,0.0,0.08695652173913043,0.0,0.13043478260869565,0.0,0.043478260869565216,False,False
@TheDamageReport,streams,2026-05,28,-0.8249637682262655,1.1345207502546113,-0.6321441153335329,0.1063950165228875,-0.7189794472249067,2.5900575759610955,-0.9511460496347098,0.4359416889912519,-1.0011884705352616,1.3394435226902852,-0.0628773512502396,1.940855471082803,-0.5107379502055737,1.180833610651133,-0.5140116160927584,0.1989316702636414,-0.4533182876662771,2.0567317885149192,-1.1439991479024063,0.3784840260803797,-0.9180998413990784,1.3538615674069407,-0.1111401571704886,1.9218212242682609,left,TYT Network,False,0.0,0.7142857142857143,0.0,0.25,0.0,0.0,0.07142857142857142,0.0,0.07142857142857142,0.0,0.0,False,False
@TheDamageReport,streams,2026-06,41,-0.5931177114693422,-0.179037504838818,-0.1900741610327542,-0.0395811838386414,-0.4898545500293907,3.2482992218831637,-0.0153040872434478,0.045141491248786,-0.2854115559430706,0.2747532249704765,0.6261668828847292,-0.0091471556118386,-0.3766609031563688,-0.215394386192143,-0.0833079550037663,0.0393843882319034,-0.1922040150747268,2.331003683399062,-0.02433330634542,0.0462641949569025,-0.3391266124488197,0.0972823232746028,0.5160423174159529,-0.1656517274993305,left,TYT Network,False,0.04878048780487805,0.8780487804878049,0.0,0.2926829268292683,0.0,0.0,0.0975609756097561,0.04878048780487805,0.12195121951219512,0.0,0.0975609756097561,False,False
@TheDamageReport,streams,2026-07,45,-0.2160324913200212,1.1691773920097208,-0.3583682368957218,-0.3755280675448741,-0.9948493457618808,3.0249371924027972,-0.6233533856406487,0.0829371465377948,-0.5342959824919492,0.9686889020324368,0.3839509582412239,0.4307924572508126,0.2100144599882017,1.1892620118531498,-0.4155441810131963,-0.3084574096215772,-0.6156082538000485,2.5532024196849807,-0.8348856191481551,0.0736188243238112,-0.5701714055280779,0.8036126025628044,0.189646327678241,0.329466686691432,left,TYT Network,False,0.0,0.8888888888888888,0.0,0.3111111111111111,0.0,0.0,0.08888888888888889,0.0,0.044444444444444446,0.0,0.0,False,False
@TheDamageReport,streams,2026-08,42,-0.5482735602596014,-0.0837942825575309,-0.2323929384949439,-0.0923712828972386,-0.8935285294567892,3.404281337030303,-0.2390910324082629,-0.0115154018712667,-0.5981964439124675,0.0765043229875947,0.7199998334062923,0.8974687858606306,-0.3742502415574826,0.092652974437806,-0.2132483719381785,-0.0468531630153674,-0.5165242948661075,2.8165167436503205,-0.4309975044789783,-0.148988703332182,-0.6865448445577081,0.0149005650040945,0.4136790845429685,0.6829879105763517,left,TYT Network,False,0.0,0.5952380952380952,0.0,0.14285714285714285,0.0,0.0,0.09523809523809523,0.047619047619047616,0.14285714285714285,0.0,0.0,False,False
@TheDamageReport,streams,2026-09,15,-0.5229032470248233,-0.46944386363741,-0.5631746644152464,0.0456130535373423,-0.7705905749316688,3.608858893171016,-0.3938211437760764,0.5438741414085839,-1.2640107634218931,-0.3477106213294043,0.7430017886445581,0.3297531253235038,-0.0718464912793808,-0.6520392062930059,-0.5293637742207136,-0.0459828619934052,-0.4330754683706931,2.808162088092282,-0.5366198099262772,0.6861562824780562,-1.2366333785917798,-0.632455067796982,0.4929419696220485,0.0220605641783243,left,TYT Network,False,0.0,1.0,0.0,0.26666666666666666,0.0,0.0,0.13333333333333333,0.0,0.4,0.0,0.0,True,False
@TheDamageReport,videos,2026-01,344,-1.347795782061824,-1.2965888978384184,-0.2666838786879412,-0.4211174460871091,-0.8510096767592359,-0.1099356258624785,-0.5072041019594613,1.2082265655776911,-0.7086370245853171,-0.9191537812163776,-0.2000644291710246,-0.7501459765759084,-1.2842333737591127,-0.3987564900835819,-0.3073154331888595,-0.3399915407259981,-0.4323845197641306,0.0849645809171198,-0.2749194106215602,-0.3636779656350832,-1.3950722874073256,-0.7409426094637486,0.324917223730762,-0.6271717853769636,left,TYT Network,False,0.005813953488372093,0.6831395348837209,0.0029069767441860465,0.0,0.0,0.2936046511627907,0.1686046511627907,0.0029069767441860465,0.12209302325581395,0.0,0.0,False,False
@TheDamageReport,videos,2026-02,361,-1.2977166408257972,-1.2358913147640065,-0.2601416133734387,-0.4137643149353645,-0.8058910424089202,-0.2406836989921682,-0.5045419364161933,1.0003557760799138,-0.7511292272688824,-0.8983699324863521,-0.2277511255125516,-0.718989158406513,-1.201624251011834,-0.3709545391393858,-0.2943238426390667,-0.3039981664471595,-0.3981504502618682,-0.077717069008183,-0.2893995511465705,-0.429209981225992,-1.387398083623591,-0.6679176660351069,0.2080377063718743,-0.4645095718860218,left,TYT Network,False,0.002770083102493075,0.7063711911357341,0.002770083102493075,0.002770083102493075,0.002770083102493075,0.2659279778393352,0.14681440443213298,0.008310249307479225,0.09418282548476455,0.0,0.0,False,False
@TheDamageReport,videos,2026-03,369,-1.414810372864649,-1.2792212804048573,-0.3416955785858543,-0.4699653009077648,-0.7935431086866004,-0.1205840606639913,-0.5614937227673238,1.0406458873085824,-0.9004063990995484,-0.8391101452202239,-0.2319911803077292,-0.7099000169717468,-1.2964752602625995,-0.3627708571962793,-0.3872084801003139,-0.3605924240705718,-0.3623252372909447,-0.0308911705260848,-0.3016365415504691,-0.4573208002598231,-1.5097020666858496,-0.6584378221386749,0.290629362465946,-0.6416154039985617,left,TYT Network,False,0.005420054200542005,0.6802168021680217,0.005420054200542005,0.0,0.0027100271002710027,0.2872628726287263,0.14634146341463414,0.005420054200542005,0.0975609756097561,0.0,0.0027100271002710027,False,False
@TheDamageReport,videos,2026-04,370,-1.3788335840051993,-1.255870631439195,-0.3442796752068782,-0.4117159408347617,-0.8072802085797341,-0.1989057361818028,-0.5596006365310457,1.047737988152914,-0.7494188932055313,-0.8587837420793226,-0.3602184395642674,-0.6252773802863407,-1.2820084822707063,-0.3856254745495063,-0.3816573875808596,-0.319700577349521,-0.3839071977377034,-0.0362533510466416,-0.326961781434439,-0.4505713102673284,-1.4395176426925365,-0.6580662893116249,0.1635673747495781,-0.5339896299064589,left,TYT Network,False,0.002702702702702703,0.7054054054054054,0.0,0.002702702702702703,0.0,0.2756756756756757,0.15945945945945947,0.002702702702702703,0.1,0.0,0.005405405405405406,False,False
@TheDamageReport,videos,2026-05,360,-1.289833810635119,-1.280572917266988,-0.4392276136383816,-0.5802758814677607,-0.8943853608765536,-0.1569889194288246,-0.3494605602809367,1.1008215161534731,-0.6183038578373333,-0.8708764767660264,-0.3318419654391236,-0.7696362320323804,-1.2828313429670215,-0.4008280882163311,-0.4290776189802807,-0.4696220579232581,-0.5020747637811136,-0.0343839280945105,-0.1283923696758197,-0.4225049945999609,-1.2543713703826394,-0.6717022496747573,0.1247041073173728,-0.6389736884817179,left,TYT Network,False,0.0,0.6972222222222222,0.005555555555555556,0.0,0.002777777777777778,0.2638888888888889,0.16944444444444445,0.0,0.11388888888888889,0.0,0.0,False,False
@TheDamageReport,videos,2026-06,333,-1.0661924237333238,-1.3607461606837057,-0.3315030672047366,-0.4086327945873764,-0.7727104026856375,-0.1182341795577687,-0.59021848019445,1.1892283251965212,-0.542388981026365,-0.8526404864534335,-0.5044433880159607,-0.592177692796409,-1.0363714528632308,-0.4180692046761491,-0.3574805058763077,-0.2858186673110015,-0.3387363967001495,0.0047648854565674,-0.2964535663388797,-0.4467457989488065,-1.2120497288176684,-0.6219221487014398,0.0375286742412393,-0.4421189813895211,left,TYT Network,False,0.015015015015015015,0.6696696696696697,0.003003003003003003,0.012012012012012012,0.0,0.29429429429429427,0.17417417417417416,0.003003003003003003,0.1021021021021021,0.0,0.006006006006006006,False,False
@TheDamageReport,videos,2026-07,360,-1.3407678268430792,-1.4358318486422093,-0.2910042155406933,-0.4397265673944908,-0.8294382507944364,-0.1139468057789921,-0.5789418428518089,1.049417648748936,-0.9846437390935164,-0.83069328518662,-0.4743760565831702,-0.736909919844359,-1.3266089756637738,-0.5359263628303438,-0.2941731679401452,-0.3545173249151418,-0.4293196262625349,0.0714296687554027,-0.3156594226191312,-0.4756859633908341,-1.6367667781664774,-0.6072064625936495,0.0688531195393803,-0.580711347125561,left,TYT Network,False,0.008333333333333333,0.6666666666666666,0.0,0.0,0.005555555555555556,0.2972222222222222,0.15,0.005555555555555556,0.09444444444444444,0.0,0.005555555555555556,False,False
@TheDamageReport,videos,2026-08,373,-1.350854181820344,-1.4408867658804143,-0.3126022698073781,-0.4600997279630177,-0.7987901535254562,-0.0255441653029685,-0.6214674208572128,1.0383328290699352,-1.1030617483687688,-0.851281175073876,-0.2794845504959757,-0.6420939305936761,-1.2881892094281175,-0.5734626801089898,-0.3183640232925931,-0.3989270797189997,-0.3860080457154946,0.1250967502033417,-0.3638301230750521,-0.4559161164489319,-1.7186908884891658,-0.6447369357226101,0.2497388576244607,-0.5299514401651764,left,TYT Network,False,0.0,0.6836461126005362,0.002680965147453083,0.005361930294906166,0.0,0.27882037533512066,0.14745308310991956,0.00804289544235925,0.09115281501340483,0.0,0.005361930294906166,False,False
@TheDamageReport,videos,2026-09,145,-1.2818854364801269,-1.0364242983572711,-0.2853374001540618,-0.5074812432652739,-0.8436997449456739,0.0407347513920761,-0.3762293357497628,1.1063362493278812,-0.9784453105276968,-0.8921782356367666,-0.4999149118356547,-0.7635829626915518,-1.2164188528970996,-0.1411903973085713,-0.3111739494920167,-0.4263989897836542,-0.42071497508232,0.1761982889881951,-0.1628373167550394,-0.5208580654582776,-1.6251612997157516,-0.7242325641315298,0.0804769361595677,-0.677199754045518,left,TYT Network,False,0.0,0.6827586206896552,0.0,0.006896551724137931,0.0,0.2827586206896552,0.12413793103448276,0.0,0.12413793103448276,0.0,0.0,True,False
@TheYoungTurks,streams,2026-01,45,-0.6918676166010412,-1.4341624069569383,0.5168194404886058,0.1747256009098698,-0.1778584657391449,0.2265837492858962,-0.3618494346065462,-0.2451982047890315,0.1382456569851168,-0.417420026315875,0.4471982492385798,-0.464597366321727,-0.5807861254472847,-1.193852686531957,0.2478376168561122,0.2239902543733335,0.122844787786861,0.1380295179851605,-0.5310380217328776,-0.439388487152451,0.1844694024805953,-0.6685022252186534,0.420635923473583,-0.5592892041984855,left,TYT Network,False,0.022222222222222223,0.5555555555555556,0.0,0.06666666666666667,0.15555555555555556,0.0,0.08888888888888889,0.08888888888888889,0.08888888888888889,0.0,0.06666666666666667,False,False
@TheYoungTurks,streams,2026-02,41,0.5407311846224101,-1.52642898611317,0.3671982852348578,-0.2144284277650032,-0.4076716313693694,0.21637270029628,-0.0087865161645327,-0.2769932213770472,0.4465710797448027,-0.9484792834773516,0.7831448540751722,-0.7169639461037176,0.4529519802280687,-1.628879477226264,0.1396052019655007,-0.2128526353645255,-0.2611158644948114,-0.1560174026281906,-0.1302871878616511,-0.1564190211807971,0.29027564351226,-1.1713023619567713,0.5400927070048442,-0.7162535053317178,left,TYT Network,False,0.0975609756097561,0.7317073170731707,0.0,0.17073170731707318,0.1951219512195122,0.0,0.3902439024390244,0.0,0.14634146341463414,0.0,0.0,False,False
@TheYoungTurks,streams,2026-03,42,-0.7043713565473585,-0.8566238387642451,0.1436822264631248,-0.1218759090453327,0.3828069570602084,0.995445482155244,-0.5060774547286739,-0.1127114287283251,0.3460818304608437,-0.7437737763154844,0.6134664520544175,0.0482960712086098,-0.7080275882712658,-0.989963956858152,-0.0311220953151045,-0.0865029294171622,0.4220909142149769,0.7057580342837844,-0.8302534086085138,-0.0650080254888333,0.2903654647910186,-1.148968084676054,0.444383232452083,-0.6057622235356638,left,TYT Network,False,0.0,0.5952380952380952,0.0,0.16666666666666666,0.19047619047619047,0.0,0.09523809523809523,0.023809523809523808,0.11904761904761904,0.0,0.11904761904761904,False,False
@TheYoungTurks,streams,2026-04,50,-2.7707694857707197,0.6492980183147524,-0.3400527192505839,-0.2626076548043417,-0.5313991032964025,1.628546130170642,-0.0278540984979652,-0.2358695977005804,0.4325554388132345,-0.6397763833510487,0.7941947510232711,-0.8147681740215209,-2.4182226843211514,0.6893741680705672,-0.4341442438495241,-0.1835913341058317,-0.2454881311732796,1.1085715376819718,-0.3196582465611807,-0.2255196979271929,0.1682140856751733,-0.8620718607720086,0.7696492112092276,-1.3602428113081084,left,TYT Network,False,0.06,1.0,0.0,0.12,0.12,0.0,0.16,0.0,0.36,0.0,0.0,False,False
@TheYoungTurks,streams,2026-05,50,-2.1389290658259164,-0.1533851274867135,-0.4800738406614294,-0.1437203261333351,-0.2950594838553106,0.8061236613607067,-0.3341216160020432,-0.7454133586055793,-0.375199621601012,-0.4754531006765484,-0.1300493575589938,-0.2397020807829695,-1.662084278880657,-0.153101115911232,-0.5266292920200444,-0.0820361520879097,-0.1697423184539941,0.8051166638919743,-0.655421719248858,-0.6632049343993583,-0.4411666090435943,-0.7375230659218027,-0.1697596372480076,-0.705628712927681,left,TYT Network,False,0.04,0.82,0.0,0.12,0.12,0.0,0.14,0.0,0.16,0.0,0.08,False,False
@TheYoungTurks,streams,2026-06,51,-0.0712979465802206,-0.2123719781424474,-0.3047687733889142,-0.1868538068624811,-0.2767108155660073,-0.0186376717737438,-0.3667109068300098,-0.6267002392997845,0.2095614066621708,-0.6494571591364253,0.4518171467714433,-0.6764345439835636,0.1303437473262998,-0.1671644062538857,-0.2562575438198542,-0.2423933075223567,-0.1443874289772329,-0.2652207320432961,-0.6097417884182802,-0.6075398226529428,0.2313938083285692,-1.0156621936528003,0.4931926388037115,-1.1463265388689436,left,TYT Network,False,0.0,0.803921568627451,0.0,0.11764705882352941,0.09803921568627451,0.0,0.058823529411764705,0.0392156862745098,0.0784313725490196,0.0,0.0196078431372549,False,False
@TheYoungTurks,streams,2026-07,53,-0.5612892534798835,-0.235600127189896,-0.2236417763996464,-0.4787445627464464,0.1528053413546094,0.2579566034100218,0.0665650401523266,0.2843217708939318,0.8025564529306563,-0.696626682364148,-0.0410909424371082,-0.4147153153921493,-0.2021329155862047,-0.2668463630790154,-0.3064104123804234,-0.4033463645507038,0.3042512173356767,0.0174205209022608,-0.2702763609796329,0.355563610477878,0.767601264617946,-1.1470574229472046,-0.1903881226112524,-0.8462313269689554,left,TYT Network,False,0.018867924528301886,0.7547169811320755,0.0,0.1320754716981132,0.09433962264150944,0.0,0.2641509433962264,0.0,0.03773584905660377,0.0,0.03773584905660377,False,False
@TheYoungTurks,streams,2026-08,53,-0.8056015785569738,-0.6630030287215553,-0.3012378639193032,-0.3026555750745239,-0.4513515711603894,0.7247171055347624,-0.4858487739490366,-0.4626444850128356,0.6322623163315808,-0.659337758914391,0.30891741244554,-0.2486659473248489,-0.5391534218578159,-0.5326362487632454,-0.3016450085378966,-0.2521307351821142,-0.2869029172471777,0.3091931552841886,-0.6925905656437136,-0.3214952945964046,0.5414861692433499,-0.972349323888094,0.1984262401943129,-0.4858463133871023,left,TYT Network,False,0.07547169811320754,0.7735849056603774,0.0,0.18867924528301888,0.16981132075471697,0.0,0.18867924528301888,0.03773584905660377,0.03773584905660377,0.0,0.03773584905660377,False,False
@TheYoungTurks,streams,2026-09,18,-1.5558670181019472,-0.4118393127745291,-0.4919150299637891,-0.5442345017712407,-0.7333110084229751,-0.465045315675187,-0.5926242546371406,-0.4108794848061005,-0.8706663392137708,0.3680323014928037,0.464589817666329,0.7775218319858296,-1.364329092136884,-0.6436941113683926,-0.4728088615743561,-0.5859726863036925,-0.6472519991798243,-0.5003265312745406,-0.8743626913601374,-0.2661179337531406,-1.0121630127671415,-0.1549176698626068,0.488398034192881,0.1875450530868064,left,TYT Network,False,0.0,1.0,0.0,0.1111111111111111,0.1111111111111111,0.0,0.2222222222222222,0.0,0.1111111111111111,0.0,0.0,True,False
@TheYoungTurks,videos,2026-01,315,-0.0694919644045156,-1.790557235088316,-0.2156841879450081,-0.3427627477251675,-0.4580700877579876,-0.4779679713314054,-0.8290582942487921,1.4828588165946843,0.7962498650969578,-0.5252552858808568,-1.1530967953619944,-0.521579265791582,-0.1585440711075272,-0.8462232899125545,-0.2520806918494592,-0.2377214644358314,-0.1204220483500045,-0.3262020499686853,-0.53055075429185,-0.1986838933488253,0.0637052220254618,-0.4548006485004479,-0.5074057659303247,-0.4264942820769707,left,TYT Network,False,0.031746031746031744,0.5555555555555556,0.0031746031746031746,0.0380952380952381,0.006349206349206349,0.32063492063492066,0.09523809523809523,0.015873015873015872,0.09841269841269841,0.0,0.015873015873015872,False,False
@TheYoungTurks,videos,2026-02,309,-0.0948576375337078,-1.4991858329351686,-0.2670090850020244,-0.4406236195198429,-0.4100227116870095,-0.3988415893353753,-0.7866981478444635,1.261259264829126,0.5112552840470701,-0.6448185978715901,-1.0244494733404477,-0.5732467037085845,-0.2582563018158559,-0.5264565778242587,-0.3078604181616219,-0.3140866177826236,-0.0990649433887348,-0.2824522251842504,-0.4906085145516989,-0.4077490049425453,-0.2249020314749623,-0.5614652619660162,-0.4418966443205769,-0.402680171899953,left,TYT Network,False,0.016181229773462782,0.5663430420711975,0.0,0.045307443365695796,0.012944983818770227,0.313915857605178,0.10355987055016182,0.022653721682847898,0.061488673139158574,0.0,0.025889967637540454,False,False
@TheYoungTurks,videos,2026-03,335,-0.3272646321110734,-1.5815438223203249,-0.2993518111974693,-0.4937437915301313,-0.4056540784823074,-0.4165503544783538,-0.895031293967898,1.1751689166824228,0.3639277289967828,-0.6968248053380479,-1.2563687471605265,-0.1225968184568383,-0.2906005608411778,-0.6212035609239659,-0.3454513332165984,-0.374256781256004,-0.1153100214062806,-0.2871832540674586,-0.6344056795416543,-0.4969832648414117,-0.2955020100605574,-0.7296825835295351,-0.6013940940533025,-0.3936652036242898,left,TYT Network,False,0.011940298507462687,0.564179104477612,0.0,0.03880597014925373,0.011940298507462687,0.3194029850746269,0.09253731343283582,0.005970149253731343,0.07164179104477612,0.0,0.029850746268656716,False,False
@TheYoungTurks,videos,2026-04,337,-0.0741418385626574,-1.45552478237836,-0.2915513484175867,-0.4070309232616783,-0.4886176201418308,-0.4603608790406729,-0.8211998560577357,1.1597239047679762,0.6634298690729431,-0.6847143820555752,-1.2445600718161849,-0.2460863091978466,-0.0740294605324507,-0.4736956492308533,-0.3129490405611377,-0.271825552690997,-0.1590592964812644,-0.3338418043191738,-0.5776299300958568,-0.5123610003628603,-0.014255064096218,-0.6717026048450275,-0.5805867424248011,-0.3989019202394349,left,TYT Network,False,0.01483679525222552,0.5786350148367952,0.005934718100890208,0.04747774480712166,0.008902077151335312,0.3115727002967359,0.12462908011869436,0.0,0.05637982195845697,0.0,0.020771513353115726,False,False
@TheYoungTurks,videos,2026-05,317,-0.2343555570962944,-1.417902670711913,-0.2848468294255077,-0.3366318954118275,-0.4779623548703955,-0.4841380276904048,-0.7879498353179555,1.2388678016833352,0.7215272113984225,-0.6722160941994281,-1.092341391287155,-0.4754174382939525,-0.312206105466924,-0.4537250399419263,-0.2698759795952644,-0.2124161105813984,-0.1687433954026573,-0.3569814575613689,-0.5135700660623104,-0.4535307969647777,0.0195394246650384,-0.635559687171447,-0.4191869957715523,-0.5501349895768681,left,TYT Network,False,0.01892744479495268,0.5899053627760252,0.0,0.028391167192429023,0.012618296529968454,0.3028391167192429,0.10410094637223975,0.00946372239747634,0.06624605678233439,0.0,0.03785488958990536,False,False
@TheYoungTurks,videos,2026-06,309,-0.1679789302720595,-1.3977985735077014,-0.2892376987973785,-0.4565997898206662,-0.529862823137883,-0.4592649644071239,-0.8278225410483327,1.2009890073585765,0.6021067282128632,-0.6838397533415722,-1.2038016536396383,-0.2918425823407266,-0.25902921146371,-0.3978974320101574,-0.2783625837511483,-0.3093805712322499,-0.234522302951467,-0.2798290985424636,-0.5162324695052867,-0.5400092969355365,-0.1196605123911056,-0.6251838788543479,-0.5556763567604944,-0.3516931176112397,left,TYT Network,False,0.016181229773462782,0.5792880258899676,0.0,0.03559870550161812,0.012944983818770227,0.3106796116504854,0.0970873786407767,0.019417475728155338,0.06472491909385113,0.0,0.02912621359223301,False,False
@TheYoungTurks,videos,2026-07,323,-0.1570879410470851,-1.469259764294165,-0.2398478438552814,-0.4758934217977642,-0.2861341282128832,-0.5053303940081453,-0.7754589393784485,1.2306759908391132,0.4862811248143846,-0.6781606424481278,-1.2855748426715787,-0.4720848463591684,-0.3175417373314917,-0.4275304267817352,-0.2567040718518987,-0.3487814263382153,0.0148620580121926,-0.3916434731144436,-0.4458182812816258,-0.51781691130826,-0.2050998917983969,-0.635014399027643,-0.5960000559366941,-0.5222326058942585,left,TYT Network,False,0.015479876160990712,0.5479876160990712,0.0,0.05572755417956656,0.01238390092879257,0.33436532507739936,0.12693498452012383,0.01238390092879257,0.07430340557275542,0.0,0.043343653250773995,False,False
@TheYoungTurks,videos,2026-08,324,-0.0327120735389865,-1.5939341949453976,-0.1849387200028201,-0.3821006633643205,-0.3003268420914896,-0.6591897135583918,-0.9268709626721808,1.3356388050592682,0.6079144123150827,-0.6016327401679209,-1.140015692826255,-0.4355829218639048,-0.2218119339611082,-0.598815861265587,-0.1958770988189452,-0.2765474001177207,-0.0145705042341717,-0.499302143667349,-0.6046249850773797,-0.3969598130362771,-0.0819897308440911,-0.5185702666744357,-0.4488755878160425,-0.4517480626355981,left,TYT Network,False,0.033950617283950615,0.5185185185185185,0.0,0.04938271604938271,0.015432098765432098,0.31790123456790126,0.10185185185185185,0.0030864197530864196,0.046296296296296294,0.0,0.05555555555555555,False,False
@TheYoungTurks,videos,2026-09,137,-0.1908513707845332,-1.9003963239665689,-0.2418574014871121,-0.4220540944027816,-0.5062662108795811,-0.7272348217868378,-0.8104131022283341,1.1339048196779302,0.5273959179632417,-0.6353578802523813,-0.8702438149401936,-0.2595888342749157,-0.2928773284126382,-0.9492844597882916,-0.2756625364041148,-0.3067458712709605,-0.1935285069988603,-0.4364136449442335,-0.5807244564435968,-0.5767801306682481,-0.1680839821353144,-0.5709538246748492,-0.2378593485611234,-0.3348348140840024,left,TYT Network,False,0.0072992700729927005,0.5401459854014599,0.0,0.021897810218978103,0.021897810218978103,0.30656934306569344,0.11678832116788321,0.043795620437956206,0.0364963503649635,0.0,0.029197080291970802,True,False
@TimesNowWorld,streams,2026-01,363,-0.4985748345339079,-0.1862223654095135,1.0691391783014446,-0.2020239968054033,-1.0360634651557032,1.3954638293560468,0.4742506794798204,0.5973639882731328,0.6674877609142931,0.3953825149977159,1.236510619072524,1.2547172174349588,-0.5105183065151812,-0.1711504559161344,0.4715246601560703,-0.0879532538116255,-0.7058435795316679,1.1614914397847935,-0.2785854457765824,0.4060374320149978,0.779915017174788,-0.1463387729040631,0.7668132405565494,0.5239433090319586,neutral,Times Group,False,0.05234159779614325,0.5234159779614325,0.0,0.03305785123966942,0.9256198347107438,0.0,0.06336088154269973,0.030303030303030304,0.14049586776859505,0.0,0.011019283746556474,False,False
@TimesNowWorld,streams,2026-02,379,-0.5171907881460488,-0.1678567472596003,1.200855222032484,-0.2890360264323119,-1.0046914537357894,1.42452428059068,0.2450652849891662,0.4886781757748052,0.026133514923981,0.5137521154666719,1.3043289414501005,1.2260104953287183,-0.3395730152718865,-0.1704041362932118,0.6924954642528145,-0.1434483213529175,-0.6152558401230609,0.9438182008808148,-0.3252643661414571,0.4122722698556556,0.0572327311698358,0.11895940443793,0.93066680405218,0.8065064690798399,neutral,Times Group,False,0.021108179419525065,0.633245382585752,0.0,0.07651715039577836,0.9129287598944591,0.0,0.0395778364116095,0.03430079155672823,0.13720316622691292,0.0,0.010554089709762533,False,False
@TimesNowWorld,streams,2026-03,395,-2.6387044665518697,0.0443473982298711,1.5584709155777234,0.0001747019968062,-0.8200861669763928,0.8227828863632849,0.1054676747173427,0.3955182998018605,-0.1320681578245407,0.6990141663650885,0.6640559542501941,2.89270097429537,-1.8877926390438495,0.0511229742558706,1.1746766789486036,0.1160957675856193,-0.4510560437921315,0.7844027578906904,-0.6635157962121526,0.1989328339207251,0.0446595918002661,-0.0209774905896599,0.4007801673363758,1.5545028605835811,neutral,Times Group,False,0.02531645569620253,0.8253164556962025,0.0,0.1468354430379747,0.9265822784810127,0.0,0.04810126582278481,0.030379746835443037,0.08354430379746836,0.005063291139240506,0.002531645569620253,False,False
@TimesNowWorld,streams,2026-04,303,-1.6656821449571304,0.3564432487592447,1.7435791508859697,0.0241624019553449,-0.7492046574958605,1.088543277534067,-0.0273321790130858,0.4494558322952615,0.2967171337322081,1.305315500822071,0.902069475966252,2.964528680229239,-1.2609874949926203,0.2538446135528208,1.2787265479341152,0.1443297167233754,-0.4432888601462438,0.8377270645881074,-0.7159005841818348,0.3066841354963125,0.3806106791240528,0.5963713064404713,0.5749548101252256,1.8293505302829496,neutral,Times Group,False,0.013201320132013201,0.7194719471947195,0.0,0.1254125412541254,0.9207920792079208,0.0,0.0594059405940594,0.019801980198019802,0.06930693069306931,0.0,0.0165016501650165,False,False
@TimesNowWorld,streams,2026-05,208,-0.9299819384703232,0.2396403529897813,1.9573276713469,-0.0564405826556861,-0.7960636342681606,1.3045413904421503,-0.0745064224658175,0.3799313213744006,-0.2171681820774348,1.003333257268662,1.365433703028804,1.828358429423112,-0.5557093039330805,0.2239462850340526,1.432285645234912,0.0797657988546238,-0.4952050629945581,1.0086381323365976,-0.7264234137021853,0.1422490464147801,-0.0953037780926037,0.341487603928964,0.966204500660438,0.8927679138708038,neutral,Times Group,False,0.052884615384615384,0.6826923076923077,0.0,0.14903846153846154,0.9471153846153846,0.0,0.052884615384615384,0.019230769230769232,0.07692307692307693,0.0,0.004807692307692308,False,False
@TimesNowWorld,streams,2026-06,375,-0.7529489303069618,-0.0552867398657553,1.3986402664949802,-0.3672575942955696,-0.8936220421071409,1.05543146081872,0.1500569216500784,1.09693587516701,0.0257912735737318,0.3644249053078334,1.4459067349303487,1.231095980736746,-0.733735893938975,-0.1096570617178376,0.7539920197706983,-0.1665910769409836,-0.5615783913067017,0.8391789227323501,-0.6655127243277427,0.7989474850219855,0.2052872758660483,-0.0468255266229582,1.0125925502331368,0.4973788956058536,neutral,Times Group,False,0.02666666666666667,0.5226666666666666,0.0,0.09333333333333334,0.9413333333333334,0.0,0.029333333333333333,0.005333333333333333,0.16,0.0,0.0026666666666666666,False,False
@TimesNowWorld,streams,2026-07,342,-0.7359263528794266,-0.1529028593571654,1.0921079380188716,-0.4727700069572318,-0.9298198448716332,1.2230934287380515,0.3255800547329004,1.388879983244025,0.114387770434362,0.1230609307952345,1.5529834592901304,0.996803660666335,-0.9310988182512454,-0.1003831371114835,0.3242126551971721,-0.2358538124848538,-0.5300735845351552,1.0112731246190243,-0.5195982671897069,0.9727016228712856,0.3430560080977389,-0.1193947582098533,1.0295365028790946,0.5447884419375424,neutral,Times Group,False,0.03508771929824561,0.4590643274853801,0.0,0.043859649122807015,0.9181286549707602,0.0,0.03508771929824561,0.008771929824561403,0.09064327485380116,0.0,0.0029239766081871343,False,False
@TimesNowWorld,streams,2026-08,291,-1.439401326942396,0.2850920111301594,0.8811209185895946,-0.3846643644005391,-0.922852385390784,1.1896418070549717,0.2966304594452284,1.197841464377709,0.1172109265723036,0.3440649492930724,0.9376750239645432,1.2473240596353437,-1.2935035727030149,0.2032789506597359,0.4279934343756946,-0.1922217496889448,-0.6288503047916458,1.1236940094981145,-0.5673834431223381,0.7617378442891074,0.3056623806903538,-0.0480444470647375,0.650690262913879,0.751250129790003,neutral,Times Group,False,0.054982817869415807,0.570446735395189,0.0,0.07903780068728522,0.9621993127147767,0.003436426116838488,0.01718213058419244,0.013745704467353952,0.09621993127147767,0.0,0.003436426116838488,False,False
@TimesNowWorld,streams,2026-09,171,-0.0558758939200369,-0.0976742399316231,1.3902877091626311,-0.427802548246066,-0.9747206357295564,1.7169512428062466,0.2303418211135825,1.0127826145193333,0.3043346012753827,-0.0507018967925853,1.3001741703921583,0.9763932332162774,-0.3239670308771469,-0.0860168280554319,0.5348930824731777,-0.2252835451486412,-0.5721591977783993,1.2868993731657794,-0.4935708543203699,0.626310496544751,0.3893837264208628,-0.4458044492697632,0.7107525509311473,0.4542986025739207,neutral,Times Group,False,0.04093567251461988,0.42105263157894735,0.0,0.07017543859649122,0.9707602339181286,0.0,0.07017543859649122,0.023391812865497075,0.04093567251461988,0.005847953216374269,0.005847953216374269,True,False
@TimesNowWorld,videos,2026-01,826,-1.926204686392026,-0.7400907232925218,1.612921312395575,-0.6081495652663688,-0.9327929424263208,0.3287328942718643,0.0765597855782587,0.7459593935531277,0.517892810367319,0.9320804420753712,1.0592085650662375,1.212010448326695,-1.5037586458848975,-0.8039993657441646,1.2126679250959096,-0.540757095105837,-0.6929743831224319,0.1965865646773253,-0.5709257123459904,0.5377534053265282,0.5945127797680221,0.0840755857387141,0.5847171423992944,0.1614023446220358,neutral,Times Group,False,0.03389830508474576,0.8062953995157385,0.0012106537530266344,0.12590799031476999,0.0423728813559322,0.0,0.05205811138014528,0.012106537530266344,0.20581113801452786,0.0012106537530266344,0.02784503631961259,False,False
@TimesNowWorld,videos,2026-02,874,-1.8135969245064836,-0.6342798732947406,1.60873624723157,-0.6057506809208392,-0.917986790825551,0.2089767400781515,-0.09296653199935,0.8385038646364721,0.2361208217519825,1.396133145334702,0.93490121705521,1.0055588955449182,-1.2625025729047905,-0.7170346387623031,1.2334298302032665,-0.4859894161754641,-0.6878444608058143,0.039781233696323,-0.7263794709841099,0.6049114337064614,0.2980777426433706,0.5883604093894214,0.517402004157518,0.0267777365827288,neutral,Times Group,False,0.028604118993135013,0.7917620137299771,0.0,0.16704805491990846,0.10526315789473684,0.0,0.06407322654462243,0.014874141876430207,0.19336384439359267,0.0011441647597254005,0.017162471395881007,False,False
@TimesNowWorld,videos,2026-03,953,-3.020288403487199,-0.748508338527625,1.7614779444532147,-0.1371517545826277,-0.8687885346434592,-0.0181717723628806,0.0966411624391956,0.7602997627235712,0.2522323752740164,1.773329787928562,0.8171608706006903,2.730197630594573,-2.109802380039889,-0.7677013667745358,1.4854732481934283,-0.0319551486765393,-0.5861769233302168,0.1125215397281038,-0.7180835028748666,0.4785688111948918,0.4466896948387936,0.9396224258523046,0.5541995642115248,1.1093714358272078,neutral,Times Group,False,0.01993704092339979,0.9013641133263379,0.0,0.18677859391395593,0.13641133263378805,0.0,0.03882476390346275,0.011542497376705142,0.19727177334732424,0.001049317943336831,0.024134312696747113,False,False
@TimesNowWorld,videos,2026-04,905,-2.5693617774385547,-0.5786092956367183,1.4354548392530588,-0.1670020079195591,-0.8656092883674168,0.2149732036871792,0.0298806940824429,0.7871526694213893,0.1238407464306715,2.3257561725302316,1.0067844940963342,2.3559651985379455,-1.942535936278392,-0.6624058827762238,1.1469935570500498,-0.0685731444198635,-0.6548174830087236,0.145675499033774,-0.6393425881361906,0.5994001367533822,0.2724093211840148,1.5119832803101942,0.6868271334895507,1.004677673842462,neutral,Times Group,False,0.022099447513812154,0.8331491712707182,0.0011049723756906078,0.16243093922651933,0.09723756906077348,0.0,0.06298342541436464,0.02430939226519337,0.20441988950276244,0.0011049723756906078,0.013259668508287293,False,False
@TimesNowWorld,videos,2026-05,1109,-1.364521173884996,-0.5673386817970963,1.526195190066565,-0.356976452686665,-0.6986348616980536,0.4340950557994047,0.0103538399357094,0.7418394120915991,-0.036325990647819,1.7673924224710922,1.2949277314103274,1.101494359941614,-0.7995971274889043,-0.6232388547944833,1.1524804644829196,-0.2301345554613121,-0.4744216053121789,0.2256709117261045,-0.6121093887141212,0.4855333459529819,0.0959447900094353,0.9623080811470692,0.8911276863327263,0.0019491859622792,neutral,Times Group,False,0.025247971145175834,0.7448151487826871,0.0,0.1496844003606853,0.13074842200180342,0.0,0.06672678088367899,0.013525698827772768,0.17673579801623085,0.0009017132551848512,0.018034265103697024,False,False
@TimesNowWorld,videos,2026-06,1067,-1.2559980347241149,-0.5213174115427212,1.7623310444806382,-0.3015029966207564,-0.7742843047966079,0.2555528343231167,0.0238866141856059,0.7007986108338222,-0.0390109688224222,2.0821595080244366,1.3112190632606089,0.9670709052251294,-0.7094348977668432,-0.6202933200957254,1.3380848488597683,-0.1239919731346275,-0.4992806068309348,0.1473978175045275,-0.7521830725314563,0.3633366105764438,0.087864122623245,1.3806812648257485,0.9201170102663064,0.062689009474323,neutral,Times Group,False,0.01874414245548266,0.7441424554826617,0.0,0.10402999062792877,0.1780693533270853,0.0,0.08153701968134958,0.026241799437675725,0.18650421743205248,0.0,0.016869728209934397,False,False
@TimesNowWorld,videos,2026-07,1196,-1.2705941417355575,-0.6730799050250318,1.9083623439493052,-0.3730119872267494,-0.7574209017565259,0.3708446928098864,-0.0026112617690464,0.997107642639692,-0.3057490740812228,1.7606905351891766,1.235107498595873,0.917843253258202,-0.7501685372939689,-0.7127410746984207,1.4685432216963803,-0.1910037447727091,-0.4715413940986963,0.2637169738359578,-0.7452552473778887,0.590948839284254,-0.1448949957312717,1.0899257425497657,0.8167098931811717,0.0579426424855722,neutral,Times Group,False,0.026755852842809364,0.7006688963210702,0.0,0.09866220735785954,0.22157190635451504,0.0,0.057692307692307696,0.010033444816053512,0.17474916387959866,0.0,0.023411371237458192,False,False
@TimesNowWorld,videos,2026-08,1013,-2.0432679305445913,-0.4602180852503291,1.740454234550315,-0.5535953624830402,-0.7193867389797101,0.2677396102158835,-0.0027844908799437,1.2471855489694954,-0.3136719167706595,1.1592090911295667,0.7956712186084142,0.9168677896073346,-1.3389720733753625,-0.5754462245336489,1.380953746904808,-0.3696042549787354,-0.4659824551153909,0.2621314007031071,-0.8263400874044254,0.8644418173651502,-0.1546145964878624,0.4391267886163796,0.4688550261914271,0.0929367249178816,neutral,Times Group,False,0.029615004935834157,0.7453109575518263,0.0009871668311944718,0.0947680157946693,0.140177690029615,0.0,0.054294175715695954,0.008884501480750246,0.18460019743336623,0.0,0.04146100691016782,False,False
@TimesNowWorld,videos,2026-09,546,-1.348423849126608,-0.6173288816782351,1.845248955766988,-0.6550731648564705,-0.876789468746966,0.3837606760781479,0.1583673556374367,1.311932309960949,0.2255041736890681,0.8808640036959131,1.266148009081793,0.9538747065838058,-0.8392444197308436,-0.6912761674180257,1.3198924258634022,-0.4802035603488507,-0.5833447500983462,0.1215211789597143,-0.5750020975292484,0.93289202391047,0.2967372663933539,0.0686827260083867,0.7440252644307052,-0.0490376511927766,neutral,Times Group,False,0.04212454212454213,0.706959706959707,0.0,0.10622710622710622,0.14285714285714285,0.0,0.06593406593406594,0.016483516483516484,0.20512820512820512,0.0,0.027472527472527472,True,False
@USATODAY,streams,2026-01,81,0.8654543754401774,0.4573815797293598,0.4112963000313624,-0.3313136089590068,-0.8889216103974068,0.6858942405470079,2.107779323832154,-0.3653399433613699,-0.8828799883456012,-0.847658928563703,-0.5235444502512694,0.5513753444084689,0.788832370102625,0.5162390583779103,-0.1847338102030679,-0.1558016195791634,-0.4469116059794024,0.3585158538814841,1.410544007927881,-0.3574805227584165,-0.7258933638863768,-1.1043285321791252,-0.8290707355432213,0.3835534960249043,neutral,USA Today,False,0.06172839506172839,0.08641975308641975,0.0,0.0,0.2345679012345679,0.0,0.04938271604938271,0.012345679012345678,0.037037037037037035,0.0,0.0,False,False
@USATODAY,streams,2026-02,52,1.409031089436846,0.2447659000250809,-0.0050274241724639,-0.4984858092216304,-0.8442008399365044,0.8544088064436427,1.8540064427778025,-0.2824762585030562,-0.4898760498048834,-0.5499145007076456,-0.0176194694067163,-0.0973097099421963,0.7679261638193075,0.4342700646552532,-0.6034590561287095,-0.3045364323031704,-0.3712156659162265,0.2320219963193569,1.1511252001259276,-0.5171342151708326,-0.3109579410750977,-0.7684576879326811,-0.4791492607259982,-0.1868225390906165,neutral,USA Today,False,0.019230769230769232,0.09615384615384616,0.0,0.0,0.11538461538461539,0.0,0.07692307692307693,0.0,0.0,0.0,0.0,False,False
@USATODAY,streams,2026-03,54,0.1466179214578016,0.318089292831373,2.2949552104849005,-0.1785617701668503,-0.7029676234525893,1.2100722295463695,2.027171434354059,0.1999760185685089,-1.1735511320747969,-0.5373050779639555,-0.0408032436097905,0.9511538182012772,-0.0461817730512942,0.4425417759874974,1.5329785651017953,-0.0235747127205303,-0.1619211861871769,0.5983996628504086,1.2550555994768446,0.1588722667856048,-0.9205851891281884,-0.684685944155496,-0.4082827177066847,0.560503452837215,neutral,USA Today,False,0.037037037037037035,0.18518518518518517,0.0,0.0,0.8148148148148148,0.0,0.18518518518518517,0.018518518518518517,0.0,0.018518518518518517,0.0,False,False
@USATODAY,streams,2026-04,51,0.6576568036044588,0.2526343474953683,2.4148836483638605,-0.3101775171093994,-0.9321711869919744,1.0982752836346994,2.2901360381390776,0.2843695599667208,-1.0331884064155985,-0.5975200203455275,0.3336309513631569,0.4751974437829425,0.1762521779697058,0.2576856143782766,1.6200274238155703,-0.1337938002821138,-0.482894402982038,0.6585065663890256,1.5009902850476555,0.230474829916207,-0.9427741485224768,-0.7414763435549148,-0.1669648568365542,0.1787730207254615,neutral,USA Today,False,0.0196078431372549,0.058823529411764705,0.0,0.0,0.9019607843137255,0.0,0.17647058823529413,0.0196078431372549,0.0392156862745098,0.0,0.0,False,False
@USATODAY,streams,2026-05,29,1.1842351656809935,0.5251198445305859,2.337967458231917,-0.4295953252127265,-0.9321492351879146,1.2661443367376408,2.135084031600982,0.3998596871612411,-0.9493349459438862,-0.6249871469092231,0.1616042090676987,-0.1940678577208949,0.6976438234872627,0.7597958858924078,1.7429061120368936,-0.2653197059393749,-0.5386445234838614,0.936258544189954,1.5146455140977055,0.148487820275557,-0.847074673297718,-0.8499920450397389,-0.3636330629375826,-0.4303322174580152,neutral,USA Today,False,0.06896551724137931,0.0,0.0,0.0,0.896551724137931,0.0,0.10344827586206896,0.06896551724137931,0.0,0.0,0.0,False,False
@USATODAY,streams,2026-06,30,2.257644041028058,0.1190775729899507,1.9725704575812195,-0.5657924994246804,-0.917819620266998,1.2952582076861263,2.2044468542574736,0.7647965442891154,-0.6298734486384782,-0.3690540762501134,1.762403386511051,-0.1132460252538088,1.493968853621782,0.3346267736608156,1.096716837149896,-0.3363590207071369,-0.3487507653782963,0.9600984821133182,1.3767279168889248,0.57219907240435,-0.3473965563308315,-0.3249085874051045,1.068849302530655,-0.1726668372720576,neutral,USA Today,False,0.0,0.03333333333333333,0.0,0.0,0.8333333333333334,0.0,0.13333333333333333,0.03333333333333333,0.0,0.0,0.0,False,False
@USATODAY,streams,2026-07,40,1.036253947454411,0.4713718186205007,2.244903285781672,-0.4745834959610781,-0.8230201821076611,0.6027281091954302,2.775069145926797,0.385402114803935,-0.537673218537013,-0.3050845966969012,0.464639968062389,0.1104215355615808,0.3239426584396748,0.6415618441236012,1.339255661861353,-0.2527381841389121,-0.2847496304850415,0.1585479032601497,1.9241735238900264,0.0417692548465192,-0.3137539964098214,-0.2934154943726988,-0.1205928399085215,-0.000477483293547,neutral,USA Today,False,0.0,0.05,0.0,0.0,0.85,0.0,0.1,0.0,0.05,0.0,0.0,False,False
@USATODAY,streams,2026-08,44,-0.5747062296024821,0.791040356345692,1.795771200339613,-0.5721010339497564,-0.6330173841415453,0.4311302204596512,2.515105154524071,2.099394460635861,-0.336850792962315,0.1287873617751812,-1.3472087820068388,-0.0404434045266097,-0.3635630148529449,0.6119963927304991,1.4962836268352535,-0.2758607020113586,-0.3381631040863797,-0.0984286172087876,1.6452878759021652,1.9073362127955291,0.0446073475627563,-0.0711625367524272,-1.2445847659149474,0.0700362603803239,neutral,USA Today,False,0.022727272727272728,0.045454545454545456,0.0,0.0,0.6818181818181818,0.0,0.4090909090909091,0.0,0.0,0.0,0.0,False,False
@USATODAY,streams,2026-09,15,0.8068929996014298,0.9786884755514552,1.847682664851804,-0.5723570244581652,-0.808297703811642,1.215114211248331,2.6093973518972144,1.5047585390008575,-1.0728893349367623,-0.5777782082996873,-0.6344962239091073,-0.4691490798651137,0.3829841053919608,0.886717124971174,1.1151151627848974,-0.3968821899952092,-0.478160646533506,0.5319583289477291,1.8725847779571203,0.5389473625260005,-0.7936421862361056,-0.6876971184665235,-0.7691296479212003,-0.392298308079483,neutral,USA Today,False,0.06666666666666667,0.06666666666666667,0.0,0.0,0.8666666666666667,0.0,0.06666666666666667,0.0,0.0,0.0,0.0,True,False
@USATODAY,videos,2026-01,212,0.3943810298267219,0.83921985523837,-0.4299697270653822,-0.332505412469988,-0.3003707714422102,0.5450345252872733,2.1721619405208106,0.4729546355370176,-0.8857572539650733,1.1339500613149882,0.4275692258601329,0.7005340477632751,0.493556790953726,0.8298561106903795,-0.630554118179071,-0.2260933639837174,-0.0246887734384568,0.5969155777387064,1.5125825656411254,0.368773251448288,-0.7243818556985226,0.7774397072127008,0.1204960931196935,0.5177926181092636,neutral,USA Today,False,0.018867924528301886,0.33490566037735847,0.0,0.08018867924528301,0.014150943396226415,0.0,0.06132075471698113,0.06132075471698113,0.07547169811320754,0.0,0.02358490566037736,False,False
@USATODAY,videos,2026-02,197,0.6623703798581096,0.7634460941553798,-0.4017290354113481,-0.3492670281472254,-0.3965957645497089,0.876882830285789,1.9588278678528712,0.2752250174844421,-0.7569642543781944,1.333873014315507,0.7619712404888035,0.5379587736485169,0.5450348114128759,0.702941348713458,-0.6066546524105012,-0.2246668524977298,-0.122701224513547,0.5927005220975532,1.3040955649987371,0.1749276123388711,-0.5916311810527499,0.9455840365280976,0.4171152798127696,0.4280253415282226,neutral,USA Today,False,0.02030456852791878,0.29441624365482233,0.005076142131979695,0.08629441624365482,0.0,0.0,0.06091370558375635,0.08629441624365482,0.050761421319796954,0.0,0.025380710659898477,False,False
@USATODAY,videos,2026-03,293,-0.1635047993242263,0.7445456385711735,-0.4014113947696012,-0.2098913926218009,-0.30584440158705,0.5570168145520699,2.010179408873714,0.2405588894457206,-0.8761000779529371,1.631060149514854,0.2318102051086285,1.2424246540487822,-0.1143093985510805,0.7105791006677967,-0.6372749700284112,-0.1083325534667677,-0.0559406591397795,0.2850272617402419,1.477814252124346,0.1429651423964109,-0.7198452305864799,1.2023890541215196,0.0172829983795785,0.7381473109336645,neutral,USA Today,False,0.017064846416382253,0.3447098976109215,0.0,0.05460750853242321,0.0,0.0,0.08532423208191127,0.06143344709897611,0.08873720136518772,0.0034129692832764505,0.020477815699658702,False,False
@USATODAY,videos,2026-04,310,0.5168455423499113,0.4793534311370362,-0.3217075000887169,-0.3477983264311536,-0.4054740149765905,0.579787477269682,2.05081118484968,0.5370718828803518,-0.8110645469111274,1.112770357752174,0.6623112242221011,0.826698204239336,0.385537004768051,0.4368984497299907,-0.6686153481139676,-0.2030515579809736,-0.1236785132588857,0.4283643727717924,1.393174609406709,0.4135099098836939,-0.693118563818728,0.8708456549632302,0.3149760545039602,0.5290838831099114,neutral,USA Today,False,0.016129032258064516,0.24193548387096775,0.0,0.054838709677419356,0.0064516129032258064,0.0,0.09032258064516129,0.06451612903225806,0.025806451612903226,0.0032258064516129032,0.02258064516129032,False,False
@USATODAY,videos,2026-05,232,0.6453177866530131,0.7284961255749396,-0.4718031994139965,-0.363417245455453,-0.2171680450468963,0.3470096075126034,2.1857682418589186,0.480236596117512,-0.4606668145612234,1.1282675904928292,0.3453246974797948,0.532296098231833,0.5022078036910249,0.7300464781076863,-0.649008571140888,-0.2348971248875135,-0.0230123573549624,0.1959541269203755,1.620314212637411,0.2381117213204441,-0.2824605819008465,0.875519311966456,0.0750816581978935,0.3351114453021805,neutral,USA Today,False,0.03017241379310345,0.1853448275862069,0.01293103448275862,0.08620689655172414,0.01293103448275862,0.0,0.11637931034482758,0.034482758620689655,0.02586206896551724,0.0,0.03017241379310345,False,False
@USATODAY,videos,2026-06,219,1.0755381991934592,0.5334826102436006,-0.529980322395848,-0.355874529710341,-0.3746590905144101,0.3315677106942615,2.0687711613815645,0.6423369588018718,-0.7625886839554452,1.3966555425762963,0.9930082703192616,0.6517446536542515,0.9008789095228944,0.5403283215016829,-0.7956747806452287,-0.203021232998872,-0.0853331398374761,0.1511572753929327,1.518295704891416,0.4548654726202765,-0.562361710133698,1.1415818496686854,0.6071009492594364,0.4461463455504403,neutral,USA Today,False,0.0,0.2602739726027397,0.0045662100456621,0.0547945205479452,0.0045662100456621,0.0,0.0639269406392694,0.0228310502283105,0.0593607305936073,0.0,0.0045662100456621,False,False
@USATODAY,videos,2026-07,241,0.659362184313721,0.7560544858396714,-0.3699960187110063,-0.287766344110503,-0.2722290174621398,0.3111455343152668,2.181387116090206,0.6532411957932182,-0.6817882213382024,1.4526720861026792,0.7071597574932731,0.5761399058762495,0.4200860027915544,0.7789812310695092,-0.7463681895498767,-0.1613299423503669,-0.0023771313610356,0.1169525647819691,1.575615322389851,0.4333813662022189,-0.5193833741156298,1.2304146158741842,0.3028619491178014,0.3978250712184321,neutral,USA Today,False,0.008298755186721992,0.23236514522821577,0.0,0.07468879668049792,0.004149377593360996,0.0,0.05394190871369295,0.02074688796680498,0.07883817427385892,0.0,0.029045643153526972,False,False
@USATODAY,videos,2026-08,256,0.3730613513213043,1.0226436298457724,-0.3988480444286412,-0.3846863617697606,-0.3138286750888044,0.184955997294284,2.22422392589425,0.450241934045926,-0.6734636994764546,1.3123708803449023,0.6133982513654278,0.4474450183741551,0.3282860701800685,0.9429873059633432,-0.6329270382400701,-0.2243692304554281,-0.0345379260303023,0.0983745726949363,1.4355245268644254,0.2075818650150512,-0.4369326037414484,1.0835698000019611,0.3681128919150428,0.3680983913993596,neutral,USA Today,False,0.00390625,0.2421875,0.00390625,0.078125,0.00390625,0.0,0.08203125,0.06640625,0.109375,0.0,0.03515625,False,False
@USATODAY,videos,2026-09,175,0.962429567936786,0.988178752806145,-0.6212243692179955,-0.3824463260725625,-0.4915264520802171,0.6092171947233123,2.159154435259683,0.90306308865842,-0.8827391162766325,1.6970643392987832,1.054458624507388,0.3641616836439281,0.8199221629566117,0.856120171626051,-0.7900861394296596,-0.3062050357651108,-0.2913939599355751,0.3696353706809795,1.672029871912738,0.1345319415127611,-0.8284212044599558,1.393363290101935,0.8643771459690527,0.2649368052459226,neutral,USA Today,False,0.005714285714285714,0.2742857142857143,0.0,0.04,0.0,0.0,0.10285714285714286,0.06285714285714286,0.09714285714285714,0.0,0.011428571428571429,True,False
@aljazeeraenglish,videos,2026-01,695,-0.0718411103947914,0.4584191636153078,-0.2907116031826388,-0.4499863479194366,0.0745632712396486,-0.9859449939560652,2.9801224018104637,0.1740578730832833,-0.7355332272624707,0.4150952229494777,0.3197653464482419,1.203758493694247,0.2642531252567275,0.3902047754941785,-0.4808677179150977,-0.2807182817707377,0.2444269399169109,-0.7477166007039819,2.05537406114282,0.0340006319130096,-0.4555959028777377,-0.1228679668259185,0.0691408967513149,0.4084163495378787,left,Al Jazeera,False,0.01870503597122302,0.2906474820143885,0.0,0.11510791366906475,0.0014388489208633094,0.0,0.03884892086330935,0.011510791366906475,0.03597122302158273,0.0,0.06762589928057554,False,False
@aljazeeraenglish,videos,2026-02,646,0.0551259953041929,0.5720661207352424,-0.2713162492722516,-0.4071071452864636,0.0592498125405826,-0.8804335636410794,2.977139505631136,0.1118052191187156,-0.6027796322588799,0.6323555630734539,0.4379550898006382,1.1209571898920283,0.3272980509320859,0.5204106699175118,-0.4791083585565887,-0.2309776424820722,0.2246094459640441,-0.7438855143359641,2.1622797088568912,-0.0751386496016815,-0.3551623130101448,0.0916453173471164,0.1642148926718055,0.3935217060198391,left,Al Jazeera,False,0.01238390092879257,0.3126934984520124,0.0,0.1238390092879257,0.0,0.0046439628482972135,0.043343653250773995,0.01393188854489164,0.047987616099071206,0.0,0.07275541795665634,False,False
@aljazeeraenglish,videos,2026-03,1032,-1.1991310736265146,0.6086596008819564,-0.3193571589825942,-0.3617786193327967,0.0230643163689193,-1.0389804994509797,2.866102951015296,0.1784685740506579,-0.667578983385907,0.5615166326116731,-0.2931301820465725,2.1605570665237894,-0.3523338896497038,0.5551448020440246,-0.5106279631982572,-0.2186365279426338,0.243380806922904,-0.7093944021551907,1.925191073008484,-0.0377571048485453,-0.3631447576227009,-0.1396258859415449,-0.4421705952375878,0.6175221965547887,left,Al Jazeera,False,0.00872093023255814,0.5106589147286822,0.0,0.10271317829457365,0.003875968992248062,0.0009689922480620155,0.05232558139534884,0.01065891472868217,0.029069767441860465,0.0,0.06589147286821706,False,False
@aljazeeraenglish,videos,2026-04,887,-0.6236766842076604,0.8067420290013703,-0.376091790616288,-0.363890106078451,0.0750812915175796,-0.7929536882798229,2.92157085925761,0.1650835043970899,-0.4956981573632862,0.5217232683007759,-0.019980531059297,2.0642403219380365,-0.0731420742031967,0.672640997909825,-0.5855151069757932,-0.2143097715278523,0.2538439945993906,-0.6455275652258804,2.040600112957701,0.018003111471591,-0.2379070853164112,-0.1468605308460213,-0.2219393035621253,0.7481993955820807,left,Al Jazeera,False,0.009019165727170236,0.3641488162344983,0.0,0.11950394588500564,0.004509582863585118,0.0,0.038331454340473504,0.006764374295377677,0.03945885005636979,0.0,0.05186020293122886,False,False
@aljazeeraenglish,videos,2026-05,801,-0.4007448953137841,0.5273626679920409,-0.3850034684218548,-0.4590781364659801,0.0011673272263748,-0.741799350119676,2.8518478587447125,0.1021049501478021,-0.5998967566984705,0.3948732884275774,0.0301345123843388,1.575511250622201,-0.0097613726401436,0.4195263769913395,-0.5720463433472375,-0.2891349104573514,0.1345262504243247,-0.5975596875923075,1.9814877737553385,-0.0750238470301385,-0.3088421735827198,-0.1888205429385936,-0.1789575531600182,0.5394885672160192,left,Al Jazeera,False,0.018726591760299626,0.30586766541822724,0.0,0.12983770287141075,0.0012484394506866417,0.0,0.03620474406991261,0.01373283395755306,0.03870162297128589,0.0,0.031210986267166042,False,False
@aljazeeraenglish,videos,2026-06,777,0.2358954659391836,0.593628167910615,-0.3691504274066755,-0.4791024200807344,-0.0369295421056559,-0.880231812052045,2.606647399918801,0.2666305446833329,-0.4201659910783957,0.3055837932170653,0.3364814648186359,1.76171727362763,0.4986599368297409,0.4765810350732398,-0.5991530453862994,-0.2729744840095789,0.1333198558885592,-0.6839637262281174,1.7013749605266175,0.0018347394196441,-0.1106627737117309,-0.2127983883346169,0.05105041018812,0.8166710376214825,left,Al Jazeera,False,0.018018018018018018,0.29987129987129985,0.001287001287001287,0.11840411840411841,0.006435006435006435,0.003861003861003861,0.039897039897039896,0.009009009009009009,0.02702702702702703,0.001287001287001287,0.055341055341055344,False,False
@aljazeeraenglish,videos,2026-07,757,-0.3861864528497233,0.5020018239352523,-0.3548396164730399,-0.4674512355817207,0.0662869324025046,-0.7214789077466863,2.86156130907014,0.3203553333514623,-0.7250801060726956,0.0258021956357877,-0.0186602085519016,1.5483451646141138,-0.0282502877902614,0.4181894832150578,-0.6027810443634583,-0.2784391039496586,0.2587270998019931,-0.5412995474588914,1.954181438056242,-0.0064081835623121,-0.4351714830109549,-0.4773517644463058,-0.3032177609694846,0.6340483130690536,left,Al Jazeera,False,0.011889035667107,0.36856010568031705,0.0,0.11624834874504623,0.007926023778071334,0.001321003963011889,0.034346103038309116,0.011889035667107,0.031704095112285335,0.0,0.05416116248348745,False,False
@aljazeeraenglish,videos,2026-08,684,-0.3972319028492234,0.4584097496237526,-0.3040354440152097,-0.5658160201115828,0.0545752524349105,-0.7694625279953221,2.802446259063261,0.2418092384350547,-0.6672344689586294,0.1172266293964719,-0.1991521304824141,1.2948923227502125,0.0193595846046102,0.3322390270051323,-0.4694879041272423,-0.3826143982512059,0.2184184661022076,-0.4949186133082582,1.8497976560232463,-0.0046329428246445,-0.3742599542331181,-0.394159205838248,-0.4071435619037414,0.4851288372663593,left,Al Jazeera,False,0.017543859649122806,0.3216374269005848,0.0,0.1301169590643275,0.0043859649122807015,0.0,0.04678362573099415,0.0043859649122807015,0.029239766081871343,0.0,0.07309941520467836,False,False
@aljazeeraenglish,videos,2026-09,364,-0.347450249148338,0.6096347075800325,-0.4892162079411913,-0.5289809546229389,0.1169640197102689,-0.8550648665942678,3.005091725421223,0.3819906146867511,-0.6671820515776347,0.0453387278611859,0.0229350999996815,1.498585989688046,0.0299815033617744,0.5298256372693756,-0.6724146972851623,-0.3598667938190062,0.2909469824711695,-0.5828161805021752,2.0466045605727334,0.0548450863964843,-0.3645273307405254,-0.4043784801691611,-0.2041897618898839,0.7109424438647088,left,Al Jazeera,False,0.016483516483516484,0.3324175824175824,0.0027472527472527475,0.11538461538461539,0.013736263736263736,0.0,0.03296703296703297,0.005494505494505495,0.046703296703296704,0.0,0.06318681318681318,True,False
@bulwarkmedia,streams,2026-03,33,-0.6699069344641362,-0.230366203444136,0.5071035330795153,-0.2219937111949665,0.0427213595452564,0.8522282411092934,-0.640081667044333,-0.3718794452233301,-0.9775294163092504,-0.5550152592257487,-0.0794814808755335,0.6690790912416932,-0.2624923623044821,-0.3584285115693201,0.416909960434939,-0.188078270667276,0.2743204724564602,0.5199472313548503,-0.9294825814851974,-0.3202334217243399,-0.8168983926302671,-0.98322004750955,-0.2848398782036354,-0.0254055052152506,left,The Bulwark,False,0.0,0.5454545454545454,0.0,0.21212121212121213,0.21212121212121213,0.0,0.18181818181818182,0.030303030303030304,0.18181818181818182,0.0,0.0,False,False
@bulwarkmedia,streams,2026-04,34,-0.1223311425456137,-0.4077002923780645,0.7728489338949872,-0.3992931366039778,-0.4626460084854004,1.081769074875275,0.0391950780050664,0.0922757590822177,-1.1709318491460636,-0.2897549090182305,-0.4676493956514688,-0.0144161907844069,0.4637859828016548,-0.4691379153381726,0.7106597335608289,-0.3928508370702995,-0.2127468467256598,0.940212794945687,-0.2108902156658194,0.268679911274358,-1.211404181290707,-0.4308834050484491,-0.5370906936376859,-0.2473518842016036,left,The Bulwark,False,0.029411764705882353,0.7352941176470589,0.0,0.029411764705882353,0.35294117647058826,0.0,0.20588235294117646,0.029411764705882353,0.029411764705882353,0.0,0.0,False,False
@bulwarkmedia,streams,2026-05,27,-0.0746694383559312,0.0492101041128193,0.4327896974693651,-0.3811913622251907,-0.0878781235042581,1.1219033839225538,-0.0668967526220516,0.3381233687220051,-1.4166524964954386,-0.5544275799897822,0.09780663989973,0.1288037617839388,0.1254082259676867,0.0873984212455955,0.3653777020901781,-0.3780682316602962,0.1702978075121113,1.0568224363565593,-0.3745650383641891,0.1254154532457354,-1.2945878250625096,-0.6883021128215879,-0.0956909635041297,-0.1274144632595367,left,The Bulwark,False,0.0,0.48148148148148145,0.0,0.1111111111111111,0.2222222222222222,0.0,0.18518518518518517,0.0,0.07407407407407407,0.0,0.14814814814814814,False,False
@bulwarkmedia,streams,2026-06,38,0.3007742977165461,-0.6844947745141292,0.9329996416901848,-0.4919900604543,-0.5456519435664505,0.989547347126951,-0.1455192189194525,0.1775331478522176,-1.1667705726802842,-0.217324380937219,0.3498660361439573,0.1791417198593247,0.5463023659640317,-0.5939216867145195,0.8452197283818063,-0.4316490707290642,-0.1604460833652673,1.0617921882423027,-0.5468092723681511,0.1823704402074289,-1.1093714153750176,-0.4010257598122767,0.03368723560766,-0.0263044982932355,left,The Bulwark,False,0.0,0.6052631578947368,0.0,0.07894736842105263,0.39473684210526316,0.0,0.21052631578947367,0.0,0.05263157894736842,0.0,0.0,False,False
@bulwarkmedia,streams,2026-07,24,-0.5018935444349816,-0.7648436759695625,0.7962296981660936,-0.5123293344050566,-0.1572365925809442,1.0641690950913578,-0.3502250305141793,0.1683759908534129,-1.8551327186652216,-0.4607274281636502,-0.0967223944993107,0.976169350835782,-0.2138085623274937,-0.7502108308452481,0.6524413632745181,-0.4386599913249642,0.1720363544310985,0.8012336183774732,-0.740478273103086,-0.0095461478229966,-1.800909786416938,-0.6942606928164112,-0.3848535976603206,0.5429269760942097,left,The Bulwark,False,0.041666666666666664,0.5833333333333334,0.0,0.125,0.3333333333333333,0.0,0.25,0.0,0.041666666666666664,0.0,0.041666666666666664,False,False
@bulwarkmedia,streams,2026-08,27,-0.6899425525017335,0.5044610981781757,0.3215037491636152,-0.3954332988565908,-0.4930403180399336,1.0496594412791962,-0.2130904242385085,0.474628372028816,-1.7275933464854012,-0.3695677411008701,-0.4804822812276325,0.0835634887012994,-0.5509307934857893,0.4986510928087184,0.2398940900310318,-0.3815411622029896,-0.2006469135911613,1.148826219772482,-0.6533182420677079,0.4019146538838303,-1.669666184954058,-0.6093913851421321,-0.8711297587990634,-0.2073079994656414,left,The Bulwark,False,0.0,0.7037037037037037,0.0,0.14814814814814814,0.2222222222222222,0.0,0.25925925925925924,0.0,0.037037037037037035,0.0,0.037037037037037035,False,False
@bulwarkmedia,videos,2026-01,218,0.268340950298798,0.411308796250904,0.0492622026979986,-0.2841607538913667,0.0869924265295614,1.2904836766811798,-0.7582469903428507,0.075449511805181,-0.9775917296847876,-0.7114773540515618,-0.2506902321650846,0.4501516195373642,0.2685775015974526,0.4748560871703326,-0.1167122445435356,-0.2328898055788102,0.2344406176318428,0.9838425200913532,-0.9806763357965907,0.1132173634069766,-0.9445232112982472,-0.8308276720476747,-0.4012194991301425,0.3146630056381445,left,The Bulwark,False,0.027522935779816515,0.5504587155963303,0.0,0.10091743119266056,0.0871559633027523,0.0,0.3761467889908257,0.013761467889908258,0.03211009174311927,0.0,0.045871559633027525,False,False
@bulwarkmedia,videos,2026-02,194,0.5151307929628054,0.3633520628642323,-0.1109263984214517,-0.245741438532215,0.2697979866855003,1.115595457109284,-0.7977696394596449,-0.0492247410550339,-0.85886514674089,-0.4657031513180326,-0.060171101270373,0.6841976897947676,0.436956518643365,0.4538111976213188,-0.2464959181124054,-0.2039646700698042,0.3894627009807178,0.7693345357334279,-0.8860161229770894,-0.0322956560347836,-0.8876586697004339,-0.4361525059018718,-0.2293090410618085,0.7032346304741474,left,The Bulwark,False,0.020618556701030927,0.5103092783505154,0.0,0.14432989690721648,0.02577319587628866,0.0,0.3402061855670103,0.0,0.030927835051546393,0.0,0.08762886597938144,False,False
@bulwarkmedia,videos,2026-03,221,-0.2479606210271245,0.9004316466522675,-0.0641321951192166,0.027042470361809,0.3115052813551123,1.2735306171816303,-0.9787689154850288,-0.0294889381479246,-0.7215515443550148,-0.2445646978712655,-0.5194555007176945,0.9701091699794252,-0.1649802188966607,0.9564807226415212,-0.2059607747563971,0.0789640182397537,0.441678043268857,0.9154526435153876,-1.100965393781817,-0.0195572345459012,-0.6695049291859159,-0.3944275893584712,-0.6630068035224089,0.5732527325101955,left,The Bulwark,False,0.027149321266968326,0.5384615384615384,0.004524886877828055,0.14027149321266968,0.04072398190045249,0.0,0.3257918552036199,0.02262443438914027,0.06787330316742081,0.004524886877828055,0.07692307692307693,False,False
@bulwarkmedia,videos,2026-04,214,0.1880508964544393,0.6036178460023062,0.0518878052398578,-0.2081966787704818,0.094998200222688,1.349677382865902,-0.6497065584278824,0.0366266376196743,-0.7480401605666779,-0.5145077413023907,-0.1746898590860116,0.5576074298847402,0.1868671783848422,0.6388363609955499,-0.05530965503485,-0.1982532519309464,0.2078385832387348,0.9328572853090666,-0.728328367611341,0.0569629092111304,-0.7573372791196534,-0.5363217934930354,-0.2662352865061521,0.3579260050905255,left,The Bulwark,False,0.03271028037383177,0.4766355140186916,0.0,0.1261682242990654,0.08878504672897196,0.0,0.34579439252336447,0.004672897196261682,0.04672897196261682,0.0,0.07476635514018691,False,False
@bulwarkmedia,videos,2026-05,221,0.2172431434708278,1.1225253340843695,-0.0535976746640114,-0.0968164844120675,0.3093272263384593,1.1973840461630092,-0.8903788587554786,0.1107937954040447,-0.8377925596701484,-0.3831459012790436,0.0528075180416872,0.7383867910444376,0.1558618341204678,1.2220150837866408,-0.149108558260365,-0.0311999583693295,0.4615904887701814,0.8220140242400212,-1.036567623353552,0.0030375600923688,-0.7775568778644624,-0.3972931423112452,-0.1393359873743183,0.5725939407185795,left,The Bulwark,False,0.04072398190045249,0.497737556561086,0.013574660633484163,0.14027149321266968,0.04524886877828054,0.0,0.29411764705882354,0.0,0.06787330316742081,0.0,0.1085972850678733,False,False
@bulwarkmedia,videos,2026-06,205,0.3844067565534132,0.6720654008052676,0.0527716772460352,-0.2369301359183277,-0.0480068650798806,1.4637522012562678,-0.7657911495282782,0.2117278650762734,-0.619385135084602,-0.4033038836106249,0.1370370116861819,0.5024301231077044,0.3281424914883752,0.8042938480155069,-0.0681847183322705,-0.214981364486066,0.1518684659448598,1.1177281264595629,-0.8764695590454662,0.1807982207089913,-0.7011222287249618,-0.4333338060331892,-0.0172391877666581,0.3677887365117399,left,The Bulwark,False,0.02926829268292683,0.5170731707317073,0.0,0.12682926829268293,0.09268292682926829,0.0,0.36585365853658536,0.004878048780487805,0.04878048780487805,0.0,0.07317073170731707,False,False
@bulwarkmedia,videos,2026-07,185,-0.0515158944472324,0.9728834051056386,0.0520802523844085,-0.1291044857047485,-0.0447646067248718,1.5629929424524205,-0.8689970658907366,0.0976958275244447,-0.93345868540656,-0.3426405164115848,-0.2904451174932498,1.0064413567807875,-0.0304691737867643,1.0013201179958164,-0.0886352916358168,-0.1104689669294265,0.1418361489493162,1.1256062074966626,-0.9839672629556746,0.1322109993747231,-1.0221451806507522,-0.3616970185792224,-0.4337068452237533,0.8779446955139284,left,The Bulwark,False,0.032432432432432434,0.5351351351351351,0.0,0.07027027027027027,0.06486486486486487,0.0,0.23783783783783785,0.005405405405405406,0.05405405405405406,0.0,0.03783783783783784,False,False
@bulwarkmedia,videos,2026-08,192,-0.0265409018868077,1.0235239999761692,-0.0783722677084057,-0.2001033346648356,-0.0568024646442174,1.4269684092746475,-0.8768118295658859,0.0586352568029542,-0.7616770386312022,-0.3950382480519998,-0.3201490074014637,0.8991513170939421,0.1137856325552277,1.0237793464879956,-0.1053718045555656,-0.2176356521484322,0.1607126827110425,1.0959595991337416,-1.0201327912000329,0.1141434298732725,-0.8651662638270361,-0.451345843295083,-0.4484534794818147,0.7642054357592372,left,The Bulwark,False,0.03125,0.6458333333333334,0.0,0.08333333333333333,0.036458333333333336,0.0,0.3072916666666667,0.0,0.057291666666666664,0.0,0.057291666666666664,False,False
@bulwarkmedia,videos,2026-09,80,0.0195607886538919,0.9995740481749754,-0.078523366598791,-0.3427224436631858,-0.3319368032944758,1.1307936428840666,-0.4864635219936449,0.268451264792948,-0.6228559866404315,-0.3040255737912022,-0.001084327859068,0.4241886312340529,0.2013061738165467,0.8493944257256605,-0.0804264277747347,-0.3479840016568916,-0.0946985221348429,0.9167836078344186,-0.6845840493173274,0.3349223969042932,-0.8364984377019503,-0.373338117588455,-0.1950705488896184,0.3119187245875762,left,The Bulwark,False,0.0,0.575,0.0,0.075,0.0625,0.0,0.275,0.0,0.0625,0.0,0.075,True,False
@markets,videos,2026-01,794,0.9085860708469926,-0.8603984868183484,-0.2872574681194862,-0.323153617937088,-0.3925719096596072,0.1732331883511763,0.3174842121674215,0.6781819227235433,-0.6271021641634564,-0.2604282611444669,0.0585723678935785,1.3568439343560228,0.5686270089635589,-0.9140087294137764,-0.4877255797664155,-0.2197212958714099,-0.2842931896102482,0.218284332439422,-0.3140017704288764,0.4492024089096819,-0.4249074522782609,-0.5880034867708069,-0.3951852783106817,0.7056476239709438,neutral,Bloomberg,False,0.008816120906801008,0.17380352644836272,0.0012594458438287153,0.07934508816120907,0.0,0.3249370277078086,0.09193954659949623,0.006297229219143577,0.010075566750629723,0.0,0.021410579345088162,False,False
@markets,videos,2026-02,784,0.9334176136481824,-0.8028398100108237,-0.2661804079454261,-0.3853022452067125,-0.3370846855529205,0.0378028875974531,0.298020913747683,0.6915681359276873,-0.5103166122117581,-0.2982089922626154,0.2249040571423428,1.1774980104331372,0.5615090175612921,-0.8503330368356478,-0.4106150708442255,-0.2387421864649598,-0.3123160000764626,0.1951608257282358,-0.3067112668542648,0.3712711046396942,-0.3098484000919849,-0.5562318168088828,-0.1968927913102927,0.6370626678972877,neutral,Bloomberg,False,0.016581632653061226,0.1441326530612245,0.0,0.10586734693877552,0.0012755102040816326,0.3380102040816326,0.061224489795918366,0.00510204081632653,0.016581632653061226,0.0,0.01913265306122449,False,False
@markets,videos,2026-03,987,-0.0127494896570802,-0.7451596964925705,-0.2686056884467508,-0.4038531558349842,-0.23599984908744,-0.1371541087114319,0.1573466306273423,0.4210063789210298,-0.8170284066700246,-0.2343322300693225,-0.3518321410737132,1.6476890924123229,0.2653791796911542,-0.894829708562335,-0.3991524461427451,-0.2702399037708585,-0.1968359930287299,0.1144634725543709,-0.5414725810130406,0.1910489149609113,-0.493804002032255,-0.6919858920356218,-0.58397886976212,0.4044186288206213,neutral,Bloomberg,False,0.004052684903748734,0.2725430597771023,0.0010131712259371835,0.08814589665653495,0.005065856129685917,0.2988855116514691,0.08105369807497467,0.008105369807497468,0.013171225937183385,0.0010131712259371835,0.02634245187436677,False,False
@markets,videos,2026-04,836,0.6875355680472598,-1.1253627075258668,-0.1914804633374433,-0.3226170071901912,-0.4367816082734838,0.0119958979631655,0.2420001771355139,0.3498091890853072,-0.622229739772314,-0.2902167820512862,0.2078364820559101,1.292674256159636,0.7418019759053648,-1.2452179480800738,-0.3594626030696059,-0.1875810719733667,-0.3821848154085186,0.0950111974899999,-0.4177520010985771,0.0995758108873067,-0.3875239822195696,-0.7172600916525262,-0.0960150514601282,0.2172302348569512,neutral,Bloomberg,False,0.0023923444976076554,0.18779904306220097,0.0011961722488038277,0.07177033492822966,0.0035885167464114833,0.3397129186602871,0.07057416267942583,0.004784688995215311,0.011961722488038277,0.0,0.025119617224880382,False,False
@markets,videos,2026-05,896,0.8330086796281615,-1.0831496000643297,-0.2368322602697435,-0.3415861192602333,-0.50461911723413,-0.0302664226886756,0.2745931784241532,0.5792390704154224,-0.6689867495376504,-0.2209405855047933,0.0416284745010958,1.2561480860248078,0.6626794851084182,-1.1746299657866155,-0.3987638943201032,-0.1947532894431833,-0.4788822072591689,0.0577977925978327,-0.3158050019147059,0.3256230379372932,-0.4601638710781573,-0.5951417388128412,-0.3009862334330742,0.3713555404263153,neutral,Bloomberg,False,0.005580357142857143,0.18638392857142858,0.0,0.05803571428571429,0.005580357142857143,0.31026785714285715,0.08928571428571429,0.014508928571428572,0.027901785714285716,0.0,0.021205357142857144,False,False
@markets,videos,2026-06,933,0.8441458409091102,-1.0860906047168295,-0.2914205515159415,-0.4047360681828052,-0.5607101085936914,0.0548574028913466,0.2544472686726213,0.7034051974195602,-0.584971516929577,-0.3758977072570689,-0.0109749514912436,1.2402835511559405,0.662372235048974,-1.1744143120432673,-0.4105643583163274,-0.232550577582823,-0.5334790442520156,0.1514188861454548,-0.3189284313288231,0.4246348013289606,-0.383921297538224,-0.6489137198267464,-0.338797981459864,0.5439915529152299,neutral,Bloomberg,False,0.006430868167202572,0.15862808145766344,0.0,0.06538049303322616,0.0010718113612004287,0.33762057877813506,0.07502679528403002,0.004287245444801715,0.021436227224008574,0.0,0.013933547695605574,False,False
@markets,videos,2026-07,976,0.7481132431095521,-1.1457800731335952,-0.2834337734273395,-0.4261397247753845,-0.6023025659376353,-0.0152635210674114,0.3137998174639508,0.5235099899894842,-0.5404664940038919,-0.3380157705912763,-0.0846882350943003,1.302692249240778,0.5523301572634685,-1.1866062643053743,-0.4358598869538636,-0.2485633276061681,-0.5882391018541935,0.1573853510311932,-0.3034741757518114,0.1853453064655501,-0.3304244203857471,-0.6092451652851744,-0.4450651920199043,0.5329914631116195,neutral,Bloomberg,False,0.004098360655737705,0.18442622950819673,0.0,0.055327868852459015,0.0020491803278688526,0.3401639344262295,0.06352459016393443,0.0,0.0194672131147541,0.0,0.017418032786885244,False,False
@markets,videos,2026-08,1028,0.8205484745274477,-0.9282978868699402,-0.2637170622290553,-0.4971137919098643,-0.5561849071875251,-0.1558081526722778,0.3173513741964187,0.425021840433995,-0.6399177455570337,-0.263332537611452,0.0111158246303766,1.1510063365725556,0.5305615298312049,-1.0105364173905598,-0.385739275247669,-0.3805810188801189,-0.5610551971184051,0.0323047739260557,-0.2570069974219635,0.1227501484592486,-0.4344618909460418,-0.5468880373000389,-0.3634037754297601,0.4105485494271509,neutral,Bloomberg,False,0.007782101167315175,0.17607003891050585,0.0,0.06906614785992218,0.0048638132295719845,0.3025291828793774,0.08171206225680934,0.0019455252918287938,0.017509727626459144,0.0,0.023346303501945526,False,False
@markets,videos,2026-09,431,0.5696610564159632,-1.0812868355198184,-0.3946768215625552,-0.5040609641832327,-0.6513858578727163,-0.3445665745018467,0.343548873558131,0.7373928932401547,-0.7944071834078925,-0.3121572448488234,-0.3273993200659389,1.3464384551026858,0.3761028580476649,-1.1824131850001969,-0.5082874287051655,-0.3648187301002198,-0.6587123538150561,-0.12109876526247,-0.2684141134169431,0.3823651311789704,-0.5847112601649608,-0.6240693738855045,-0.7354077357397215,0.489278926280806,neutral,Bloomberg,False,0.004640371229698376,0.20185614849187936,0.0,0.05104408352668213,0.002320185614849188,0.19721577726218098,0.06264501160092807,0.0069605568445475635,0.02320185614849188,0.0,0.013921113689095127,True,False
@msnow,streams,2026-01,30,-0.1754289349078713,1.0439512939112656,3.860278251493139,-0.3061502487699719,-0.8964957192582574,-0.1452401794572391,2.1941865347898206,-0.0820814557892197,-1.029955390971807,-0.6493810718382559,0.1913142575204905,-0.5389806613961272,-0.249560365743761,1.132646792854289,3.1629812291276744,-0.2161817513280886,-0.4754633673900059,-0.3626580439654396,1.640278581816328,0.0348103361102212,-0.9223648244701376,-0.7547962448029842,-0.0716833076583418,-0.6277928637920975,left,MS NOW,False,0.0,0.2,0.0,0.0,0.9333333333333333,0.0,0.06666666666666667,0.03333333333333333,0.03333333333333333,0.0,0.0,False,False
@msnow,streams,2026-02,37,1.1006209003580252,0.7979826599635489,4.089849404146394,-0.3498955585154993,-0.9529594273504012,0.4747369922870154,1.497656052322578,-0.2482676080676014,-0.8778759544034572,-0.2245734145260335,0.5554287989379081,-0.6923401980875852,1.0030998559267466,0.9388236059926658,3.4870506150599145,-0.1903902671882259,-0.4814700703400505,0.0274139780624882,0.9191194649579116,-0.23519588394517,-0.7131153285883377,-0.4453199911064193,0.1124290962765708,-0.7075051355232693,left,MS NOW,False,0.0,0.16216216216216217,0.0,0.0,0.972972972972973,0.0,0.02702702702702703,0.05405405405405406,0.0,0.0,0.02702702702702703,False,False
@msnow,streams,2026-03,50,0.0716228237410532,0.9580806912004972,3.75253415853593,-0.2763636123352264,-0.7949763806316387,0.7083931785447293,1.7511678065706793,-0.3076803323456747,-1.1443582961013858,-0.5515453774257498,0.2449649651343704,-0.2840443752606866,-0.1926542365816408,1.0686456353953286,2.8912021702784703,-0.1285625637525867,-0.2888160431816762,0.069252089200557,1.0212174934205085,-0.3786455028246537,-0.8834757461166781,-0.6090433190728664,-0.107582138028121,-0.7525723880462531,left,MS NOW,False,0.04,0.16,0.0,0.0,0.9,0.0,0.16,0.0,0.06,0.0,0.02,False,False
@msnow,streams,2026-04,44,0.3165814353802105,0.9224042173598452,3.680219563797752,-0.4706682781437848,-1.0231453972924671,0.3255044932711853,1.6029813252188,-0.1381451239142437,-0.7295526843265439,-0.411672318624633,0.304945329279387,-0.3156477643832049,0.1375128562513811,0.9575157565504108,3.050864314706061,-0.3028524790073567,-0.5323911169468482,-0.0929561175906451,0.9228039553390612,-0.2049195443416294,-0.458397974560029,-0.4867192377856797,-0.0675849913155057,-0.644263491311809,left,MS NOW,False,0.022727272727272728,0.22727272727272727,0.0,0.022727272727272728,0.8863636363636364,0.0,0.06818181818181818,0.0,0.022727272727272728,0.0,0.0,False,False
@msnow,streams,2026-05,39,0.5024616113559601,0.9052547634607664,3.6182278740103873,-0.6197262419849584,-0.9690239085747508,0.9094134486329865,1.760156610628833,-0.061797450103196,-1.0788084881551103,-0.8328777605903925,0.2252855243431169,-0.6040880202909157,0.1114421599600905,1.0348393875661015,2.977304134222934,-0.4647700103380336,-0.507192948132206,0.2296462335058252,1.14941661747518,-0.1190956968047527,-0.8739669471064888,-0.9424690577296272,-0.2650512765061987,-0.951755517974085,left,MS NOW,False,0.05128205128205128,0.07692307692307693,0.0,0.0,0.8461538461538461,0.0,0.10256410256410256,0.0,0.0,0.0,0.0,False,False
@msnow,streams,2026-06,36,1.0034983129827664,0.5678217683345025,3.4064536476668703,-0.4413019094996824,-0.9019788684088064,1.4799853567993886,0.9160913061492676,-0.2392777522031471,-0.4492497015142899,-0.7386306162982624,0.8098649356033715,-0.4364322432633202,0.5284015856724609,0.6761845443489541,2.57923112663193,-0.3001863900217201,-0.3304242642724102,0.6210097583868507,0.2870401686806161,-0.1925934582294869,-0.3009805917752763,-0.7821849454655738,0.3213802880112716,-0.5899970908102465,left,MS NOW,False,0.0,0.1111111111111111,0.0,0.027777777777777776,0.8333333333333334,0.0,0.027777777777777776,0.0,0.0,0.0,0.0,False,False
@msnow,streams,2026-07,44,0.4099055799193493,0.5461560087190159,0.1480837326021632,-0.4046402690080933,-0.726267057477085,1.004672570071015,2.029300641770348,0.4421671891867368,-0.0909897457264085,-0.5755046545117494,0.4887686705664334,-0.3402532562411,0.1786927538296456,0.6869047096310937,-0.4899128757859943,-0.2336152322693397,-0.2444929409487702,0.2877017258254015,1.468149599906908,0.3170394302076784,0.0205401958495041,-0.607337761094578,0.0853726876169294,-0.4620125661019099,left,MS NOW,False,0.0,0.09090909090909091,0.0,0.022727272727272728,0.11363636363636363,0.0,0.20454545454545456,0.0,0.0,0.0,0.0,False,False
@msnow,streams,2026-08,18,1.138037998731693,0.2825017707359234,0.3961674747224347,-0.2068443997461176,-1.0570487359366487,-0.2167582471935764,1.6274620427232065,-0.1918203917412051,-0.6306960301105833,0.187025775139188,1.294742483072672,0.1666689501948437,0.7434324050455923,0.4935382622642943,-0.3350386182836651,-0.0376970665361506,-0.5114181596215212,-0.609498661028396,1.0323676187162192,-0.2766587998753604,-0.4853853218238946,0.0500960313831122,0.7738112710998963,0.0757732844882689,left,MS NOW,False,0.0,0.05555555555555555,0.0,0.0,0.1111111111111111,0.0,0.1111111111111111,0.0,0.0,0.0,0.05555555555555555,False,False
@msnow,videos,2026-01,1110,0.4000638034936489,0.97344565956473,0.4381404652285997,0.0534293943095508,-0.0484242515958373,-0.2245561070254354,1.4261271027087916,-0.2747063647597312,-0.7541388827113193,2.7097759951536244,0.298958584221084,0.5787049431103113,0.6434878607830725,0.9979745574824213,0.2715302347902885,0.135413880276599,0.2323640286614977,-0.308506857051845,0.9440915506620297,-0.2108497706732313,-0.6588420103587498,2.3742095093032525,0.0510258332320373,0.4009290030455704,left,MS NOW,False,0.015315315315315315,0.5369369369369369,0.0018018018018018018,0.07387387387387387,0.04954954954954955,0.0,0.07027027027027027,0.055855855855855854,0.1,0.0,0.04144144144144144,False,False
@msnow,videos,2026-02,1036,0.5497092753358079,0.798243991140581,0.357147983112305,0.0009145771411249,-0.0879339773556117,0.0090358232990366,1.2881238446954737,-0.2855796351829676,-0.5861786976111246,2.4182578031264996,0.2992741504634432,0.3817688648957618,0.6555962765405737,0.8203041863660685,0.2248396932543623,0.0988387188868194,0.2197466807241333,-0.2837341393771014,0.8737478005627008,-0.2351870301615048,-0.549849438116847,2.191225869119563,0.0056784169349059,0.3742795048679763,left,MS NOW,False,0.008687258687258687,0.5463320463320464,0.0009652509652509653,0.06177606177606178,0.04922779922779923,0.0,0.09073359073359073,0.05115830115830116,0.0945945945945946,0.0009652509652509653,0.037644787644787646,False,False
@msnow,videos,2026-03,1148,0.060023413427248,0.9213758347267228,0.355301280077412,0.0354681141819214,-0.0030238006323792,-0.4079793856479599,1.1392911791300542,-0.3045477554334134,-0.4805101911099062,2.8350705581235243,0.1292609010809372,1.026665028556948,0.393914396835723,0.90398207277175,0.1957499026808428,0.1032625990537384,0.2172887080760001,-0.471980241808203,0.7169015910338166,-0.3066724278039996,-0.3385781683464768,2.401225478464208,-0.0982151930661309,0.3487478344282465,left,MS NOW,False,0.013937282229965157,0.5339721254355401,0.0,0.06794425087108014,0.042682926829268296,0.0,0.11411149825783973,0.036585365853658534,0.07752613240418119,0.0,0.03484320557491289,False,False
@msnow,videos,2026-04,1173,0.2377114456965859,0.9786559905378808,0.3881614850524387,0.0654642221569503,-0.1163994594838173,-0.0863550845152474,1.1620876530865734,-0.2727803670546486,-0.2723996843736461,2.582441665610542,0.4182328371801325,0.6510882585776407,0.4800689161470818,0.9463921660013492,0.2578799252426846,0.0891832066461087,0.1255410713519247,-0.2685967784869686,0.778069942640474,-0.2332183872497274,-0.2574916081222566,2.2544028345998304,0.1834224186188712,0.1602766162408563,left,MS NOW,False,0.013640238704177323,0.5447570332480819,0.0008525149190110827,0.0741687979539642,0.04092071611253197,0.0,0.09803921568627451,0.057971014492753624,0.09207161125319693,0.0,0.03324808184143223,False,False
@msnow,videos,2026-05,1102,0.4887887494217874,0.7754824613151944,0.3495983668392153,0.0153840454421483,0.0404228872339225,-0.3652979387586717,1.284603964878293,0.0195353341184761,-0.3958178912435677,2.872833612479427,0.3608275434450304,0.4995349248985637,0.614380430349237,0.8200536149130442,0.3104004888200257,0.081565123412346,0.2529091118043906,-0.395589038999187,0.9132912028324128,-0.098355747487576,-0.3283173592550921,2.632980358807026,0.1199139593842633,0.2190527394128651,left,MS NOW,False,0.007259528130671506,0.543557168784029,0.0,0.10254083484573502,0.03901996370235935,0.0,0.09074410163339383,0.038112522686025406,0.10254083484573502,0.0,0.04627949183303085,False,False
@msnow,videos,2026-06,1137,0.5486930509698209,0.6443695875346958,0.3946938676807875,-0.0277558533903744,0.2056455974876131,-0.1051832403233413,1.173386062279704,-0.1227715312971452,-0.4399248234325237,2.7022468980813623,0.5383205594614764,0.4060739982771944,0.6182058056605693,0.680206040654812,0.3183941458281442,0.0489699882912263,0.4640302835571914,-0.2280116604564752,0.8373060342669608,-0.1584650615776592,-0.4108853777755855,2.488754515077231,0.2345239869582022,0.2031174569232706,left,MS NOW,False,0.012313104661389622,0.5206684256816183,0.006156552330694811,0.11873350923482849,0.06156552330694811,0.0,0.09410729991204925,0.0395778364116095,0.11961301671064203,0.0,0.052770448548812667,False,False
@msnow,videos,2026-07,1173,0.1533326341941203,0.7994439191785715,0.3749160286267695,0.028921709315165,0.1225296531746221,-0.1621696210991036,1.2509059285772324,-0.1024583661233849,-0.3697531533874503,2.637331095365682,0.405385570005418,0.3559792969706624,0.2967604620624074,0.8480643059447776,0.3003697327799908,0.0953659055575569,0.3690262010379679,-0.3207111443228761,0.9053120332023192,-0.1348489548859476,-0.3786346041443243,2.464657608894522,0.1646452471479638,0.2122040392128494,left,MS NOW,False,0.01619778346121057,0.5797101449275363,0.0017050298380221654,0.11508951406649616,0.05029838022165388,0.0,0.08439897698209718,0.045183290707587385,0.11679454390451834,0.0017050298380221654,0.057971014492753624,False,False
@msnow,videos,2026-08,1053,0.0156314999968753,0.6574822470023128,0.4585889721683878,0.0402934412375227,0.1074342645110774,-0.3167364613440881,1.1813594154240414,-0.1926952187919975,-0.4455972218782281,2.962122394302282,0.4740528420562827,0.5261742430546533,0.1379244519005938,0.7042801585864258,0.4081192819916287,0.0838051828418307,0.3344920468228076,-0.3735412880921023,0.8083142276035231,-0.2441938646613158,-0.4147125166619066,2.8003617114233994,0.2361054102950394,0.3202842211937909,left,MS NOW,False,0.011396011396011397,0.5698005698005698,0.0,0.10826210826210826,0.04368471035137702,0.0,0.09306742640075974,0.04748338081671415,0.1339031339031339,0.0,0.050332383665717,False,False
@msnow,videos,2026-09,466,0.1541068994717623,0.5704185891342203,0.3796637496636439,0.1050188083567277,0.0508285409678213,-0.4115949362942561,1.046760722501798,0.2183549080452639,-0.3573950743905795,2.995356200407331,0.4791457898049213,0.6501063719298085,0.2431839416733797,0.5451534381475304,0.3619652721474719,0.1226979958104415,0.2354672729418089,-0.4680293266180147,0.728276383051206,-0.1184047279040801,-0.3871773435134105,2.8265533222928783,0.2938096873731786,0.4870333713113866,left,MS NOW,False,0.015021459227467811,0.5665236051502146,0.0,0.08583690987124463,0.03648068669527897,0.0,0.10085836909871244,0.04291845493562232,0.11158798283261803,0.002145922746781116,0.0536480686695279,True,False
@nypost,streams,2026-01,17,1.0439009610851675,-2.076556126027755,1.7446338553188476,-0.4363994021222044,-0.8248930435249869,-0.013075342815235,0.0493051164850925,0.2552968196275414,-0.8035188678714308,-0.8501392605151511,-0.7805797528153141,-0.2886223844414272,0.5745834753543134,-2.0325894698624944,1.0880001315038617,-0.2614229421635806,-0.3576993447802917,-0.3428489475670239,-0.7593974274752474,-0.0814117018401671,-0.6778487702004301,-1.078539017456321,-1.1842406264702547,-0.4309209068611796,right,New York Post,False,0.058823529411764705,0.11764705882352941,0.0,0.0,0.6470588235294118,0.0,0.058823529411764705,0.0,0.0,0.0,0.0,False,False
@nypost,streams,2026-02,18,1.0439734970744412,-1.6817484012027786,0.9724026369831708,-0.3355543724706155,-0.6284629277859325,0.0603274713497435,0.3961215979368642,-0.4085966317608894,-1.4539623115739544,-0.9071942353386736,-0.1171747724537956,-0.384575896387797,0.6044528461916587,-1.835553517447472,0.4604683216667595,-0.3287066349748114,-0.2745472953892163,-0.2454199552476782,-0.1832012984079662,-0.4789257193834,-1.2655937298167044,-1.1142470519671006,-0.4413795521641775,-0.3823083635611754,right,New York Post,False,0.0,0.05555555555555555,0.0,0.05555555555555555,0.3888888888888889,0.0,0.05555555555555555,0.05555555555555555,0.05555555555555555,0.0,0.0,False,False
@nypost,streams,2026-04,16,1.189836561971724,-2.5419935772040145,2.632273105468364,0.1649945686722113,-0.8671355576976255,1.4189720973144295,-0.5412012493058069,0.3409510633953695,-1.1937915912300747,-0.7018207509278097,-0.0487589666033831,0.1797345565085845,0.6663188105189636,-2.553611551933491,1.829862941438278,0.2761349192376386,-0.5000416462598217,0.6536498696064701,-1.1662821842575772,0.3294130246790734,-1.1054690229638928,-0.7722063998086286,-0.4748085538610012,0.0351448379076964,right,New York Post,False,0.0625,0.0625,0.0,0.0,0.75,0.0,0.125,0.0,0.0,0.0,0.0,False,False
@nypost,streams,2026-07,17,1.6465917851327383,-2.3113048473385143,2.254357163570094,0.1324218759525283,-0.6467463182156851,-0.1969045304933068,-0.5116829415859367,0.634880514448125,-0.7823239494079544,-0.9952268597427296,-0.5052741007531604,0.8566264233113008,0.7529693510783106,-2.0317207882845607,1.1043045034740162,0.3135119012403533,-0.1060718366314247,-0.9385581248496768,-1.1465009237254344,0.3317972681351602,-0.73333752044806,-0.9580196706915988,-1.1388950877323434,0.8643115529604909,right,New York Post,False,0.0,0.11764705882352941,0.0,0.0,0.7647058823529411,0.0,0.058823529411764705,0.0,0.0,0.0,0.0,False,False
@nypost,videos,2026-01,598,-0.1892688900958312,-0.7091497278649219,-0.2940641814479484,-0.2731716642462071,-0.6835616655551731,0.0839832208693393,-0.0055172090088508,-0.0236641312865913,-0.7654008226856756,1.081233820902429,0.3228419961937529,0.3617632419668977,0.1704680418630895,-0.7533534026853946,-0.4899673081025262,-0.1634706735486966,-0.3885308614104935,0.2004458888503454,-0.6990509527786684,-0.0933075353475204,-0.5665922815958556,0.6222391046049262,0.0886645958536283,0.0393255627978754,right,New York Post,False,0.016722408026755852,0.5585284280936454,0.005016722408026756,0.030100334448160536,0.023411371237458192,0.0016722408026755853,0.09364548494983277,0.011705685618729096,0.10535117056856187,0.0016722408026755853,0.015050167224080268,False,False
@nypost,videos,2026-02,530,0.0501371473016644,-0.9635115094566326,-0.3228854498331281,-0.2998041021938691,-0.6239042874283365,0.2119087549740582,-0.0482612871625348,0.1401162965,-0.7160473133675215,0.7777035258064788,0.2757526924845363,0.2771399030254261,0.2980539637926047,-1.0712056365372051,-0.4794119914278693,-0.1671529702702967,-0.3410636730853849,0.120414446793567,-0.765882227856643,0.0247524920902371,-0.4950048731412517,0.3676573304582589,0.0595330412417967,0.020822171223549,right,New York Post,False,0.009433962264150943,0.4962264150943396,0.005660377358490566,0.03962264150943396,0.03018867924528302,0.0,0.08867924528301886,0.005660377358490566,0.10566037735849057,0.0018867924528301887,0.009433962264150943,False,False
@nypost,videos,2026-03,665,-0.1900182592331592,-0.7542657261921556,-0.2945575533294864,-0.2037800300509734,-0.3744524126540677,0.0091893383134539,-0.003910245930071,0.0736525077114852,-0.7384881020045923,0.6386226555780637,0.3290030758132873,0.6034579725180786,0.4047114399658653,-0.7861683128664058,-0.455880466882313,-0.08866905677798,-0.0459843968683811,0.1566861730902747,-0.8465660696796541,-0.1675587953261469,-0.4550102300029157,0.1771388133015562,0.1905891717988397,-0.1746524717806249,right,New York Post,False,0.019548872180451128,0.6135338345864662,0.0030075187969924814,0.06015037593984962,0.0481203007518797,0.0,0.05263157894736842,0.007518796992481203,0.10225563909774436,0.0030075187969924814,0.02406015037593985,False,False
@nypost,videos,2026-04,690,0.0194619297615182,-0.7985895768375175,-0.3113469470331216,-0.313482074549808,-0.5407348117187423,0.073290101034903,0.0041012688222483,0.3236061532839792,-0.676334853615574,0.6927637790515977,0.3334566216013031,0.4201267024257053,0.4028338846796411,-0.8843908474178866,-0.4861278365628537,-0.1942041497310951,-0.2759304624932954,0.104434785031797,-0.7063211400611409,0.1650852255028356,-0.4627189572388816,0.2635473522250259,0.149541175442818,-0.1377290500630675,right,New York Post,False,0.02463768115942029,0.5014492753623189,0.007246376811594203,0.050724637681159424,0.043478260869565216,0.0,0.07536231884057971,0.015942028985507246,0.07101449275362319,0.005797101449275362,0.02608695652173913,False,False
@nypost,videos,2026-05,678,-0.4383530785373896,-0.7219567718623807,-0.2470175826207726,-0.346880687860022,-0.5693252752770822,-0.021480297337232,-0.1102423230873125,0.2310597999737434,-0.9543492717360412,0.6923982365502274,0.2462814558569048,0.2243062371319245,-0.073274611659292,-0.8182332479196947,-0.3779150402127867,-0.2120013760435402,-0.31875223265911,0.1578424495304453,-0.8582116391028528,0.0405917971766637,-0.6771691060667125,0.3443965136828966,0.0768939150046467,-0.1007348427568581,right,New York Post,False,0.02654867256637168,0.532448377581121,0.007374631268436578,0.038348082595870206,0.058997050147492625,0.0,0.0943952802359882,0.016224188790560472,0.09292035398230089,0.004424778761061947,0.02064896755162242,False,False
@nypost,videos,2026-06,761,-0.0961663866853301,-0.7331530720307524,-0.2426037033971151,-0.2571358359081643,-0.6693958810821015,-0.1025905061856958,-0.0193158920550366,0.5045919876234871,-0.857695617931542,0.7867779507119627,0.4841975039203926,0.0790511292582293,0.1955337537734329,-0.8368572978837521,-0.4012020613678211,-0.0994100470296349,-0.3475808161238327,0.0664261151125691,-0.8232813481261884,0.1942348188983219,-0.5546417855743776,0.4710839220652162,0.270399428335295,-0.2618809137666155,right,New York Post,False,0.02102496714848883,0.5295663600525624,0.003942181340341655,0.030223390275952694,0.04993429697766097,0.0,0.08935611038107753,0.009198423127463863,0.09855453350854139,0.003942181340341655,0.018396846254927726,False,False
@nypost,videos,2026-07,953,-0.3853616918055905,-0.9144169290010092,-0.2811732411275376,-0.2737638618387463,-0.6404750914811242,0.0677271134454625,-0.0027356466849789,0.4328463828823624,-0.8241215785962196,0.648232246754962,0.3444742914114082,0.3095611555843433,-0.0227581066903206,-0.9948576267479916,-0.4834846031127678,-0.1233809203704204,-0.3293668260492944,0.221614371213649,-0.8471706115556334,0.1417922947736514,-0.5526081196519615,0.3115974098200691,0.1451123516777023,-0.0301672285445069,right,New York Post,False,0.01993704092339979,0.5561385099685204,0.005246589716684155,0.026232948583420776,0.040923399790136414,0.0,0.06190975865687303,0.02098635886673662,0.08604407135362015,0.001049317943336831,0.016789087093389297,False,False
@nypost,videos,2026-08,849,-0.3116013050164086,-0.6552151046161494,-0.3976243140636269,-0.4115437659813769,-0.7583120262135226,-0.0673629716466004,0.12051960294017,0.5665209468701251,-0.9079073252438026,0.5133788217016444,0.5801939200792625,0.0136473410462836,0.07090835531416,-0.7957455917730558,-0.5475580040104535,-0.233113766660703,-0.4628236207601104,0.219808778271208,-0.8655441214184794,0.2328212723053993,-0.5781596591959258,0.2336090810271397,0.4440065120447842,-0.1740835286312822,right,New York Post,False,0.015312131919905771,0.49469964664310956,0.001177856301531213,0.02120141342756184,0.015312131919905771,0.0,0.0706713780918728,0.008244994110718492,0.071849234393404,0.002355712603062426,0.011778563015312132,False,False
@nypost,videos,2026-09,312,-0.1972937169078195,-0.5783701625862139,-0.5299911538849427,-0.3199065665399551,-0.7937950114257872,0.0493405257208409,0.2316791328414802,0.7847235957241089,-0.7897794465170491,1.1107820453794512,0.4608107245774248,0.1397511278395935,0.1031459769763004,-0.6942751938597413,-0.6939292447694847,-0.1611928264574483,-0.497637303657804,0.2221526129054173,-0.6966097414582789,0.1961507323254481,-0.4922122044726518,0.781027742602154,0.3086267435517164,-0.1089979996794983,right,New York Post,False,0.016025641025641024,0.5128205128205128,0.0,0.009615384615384616,0.00641025641025641,0.0,0.09615384615384616,0.01282051282051282,0.11217948717948718,0.0,0.01282051282051282,True,False
@oann,streams,2026-02,15,0.9107865347165156,-2.892659597588319,-0.2093670969390926,-0.6961873217326501,-1.1361182421870206,1.192958566645196,-0.28807798594045,-0.152612211345566,-0.5306221572506452,-0.2901631909553553,0.3759328856894451,-0.8021917190235561,0.2223693598348817,-2.482688054584102,-1.163456811133046,-0.4652396986186644,-0.5788724727014614,0.7716831836148434,-1.0328152892096325,-0.2667170878492572,-0.2898889705085238,-0.3487212565313771,-0.2279623411048338,-0.8048232738149763,right,OAN,False,0.0,0.2,0.0,0.0,0.0,0.0,0.06666666666666667,0.0,0.0,0.0,0.0,False,False
@oann,streams,2026-03,27,1.584785324683346,-2.9931568293609954,0.0780987064221071,-0.3633877471568243,-0.865116200768852,1.5665110632765586,-0.1279109942333072,-0.6690174712433836,-0.0387085329652739,-0.0089203266202913,0.3228797767018173,-0.8057259399252893,0.2750705368399944,-2.5343333302433924,-1.631843357421559,-0.1632114980183172,-0.1791373585104235,0.8104767463115772,-1.012185767999631,-0.7185139451229824,0.1029506047556062,0.2770611239067758,-0.4109359212619185,-0.9686563740590992,right,OAN,False,0.0,0.1111111111111111,0.0,0.0,0.0,0.0,0.2222222222222222,0.0,0.0,0.0,0.0,False,False
@oann,streams,2026-04,25,1.067334402780593,-1.5282246219352322,3.8756223963050394,-0.3902309452000965,-0.9461113289108904,0.8267878494242958,-0.3966217882621574,-0.1762706115856128,-0.5466731881597183,-0.6375946273633721,-0.726379594246035,-0.7556836368245733,0.2537339869071312,-1.187090096944862,2.937948782291703,-0.1361247744584769,-0.3959483897263525,0.169079427324315,-1.0907702915839592,-0.3392792110730393,-0.4803763478378322,-0.5236762133555611,-1.210025441334221,-0.9370379641377696,right,OAN,False,0.0,0.08,0.0,0.0,0.92,0.0,0.12,0.0,0.0,0.0,0.0,False,False
@oann,streams,2026-05,50,1.228586806867951,-0.7652271803613064,4.054293463248302,-0.6916146978173059,-0.9604590328884388,0.44780494702935,0.9425212225868804,-0.0318752257860773,2.656806488161807,-0.890077854855568,-0.3278911954174832,-0.6603266767558391,0.6584583601575605,-0.4716618487212086,3.100415366265257,-0.4705769200555402,-0.4045494393356778,-0.0744267238420199,0.2705960386412164,-0.1156181245101898,2.8133245761533607,-0.8947165152033566,-0.866161602388092,-0.79753456321263,right,OAN,False,0.0,0.22,0.0,0.0,1.0,0.0,0.06,0.0,0.0,0.0,0.0,False,False
@oann,streams,2026-06,51,1.5612614707534331,0.3517497146278107,3.82193387270921,-0.7990799672303204,-0.916057461457014,-0.3561806124848382,1.6037350434414357,-0.2886579208401154,4.66744749837812,-0.6638313274719204,-0.2250867225311628,-0.5362659073183171,0.8365376774458206,0.5934793494833527,2.547280188190474,-0.5911723434589891,-0.3699918862927264,-0.9232374992928708,0.8561588010625325,-0.3193629965984729,4.861761008730133,-0.51978654037389,-0.7789406171718126,-0.6416731840666824,right,OAN,False,0.0392156862745098,0.21568627450980393,0.0,0.0,1.0,0.0,0.13725490196078433,0.0,0.0196078431372549,0.0,0.0,False,False
@oann,streams,2026-07,61,1.4975777319004944,0.0579884098574173,3.6801579946930896,-0.8214669250948214,-0.8040766673953809,-0.5659300630037928,1.6062682842684983,-0.0017158920790283,4.85078274502358,-0.2304244069019944,-0.4388733430535861,-0.6941688817215546,0.9393571356692642,0.2793673521922801,2.488263397283072,-0.6111366295250066,-0.2433829381079572,-1.264381511424253,0.9356383338365792,-0.0813225841906826,5.058467466650237,-0.0919744719241503,-0.8676631256579086,-0.7547378380723064,right,OAN,False,0.0,0.32786885245901637,0.0,0.0,1.0,0.0,0.08196721311475409,0.0,0.0,0.0,0.0,False,False
@oann,streams,2026-08,44,1.0823844998942418,-0.5561851831892812,4.0266707600065805,-0.7243173557951819,-0.9566157737088824,0.019806642732569,1.037251461065779,-0.2858081337021294,2.840546882731525,-0.8105246783610011,-0.6601616526509638,-0.3187736418122796,0.5833885302902705,-0.2556818261081247,3.0621690824060432,-0.5418595779638633,-0.4662130924372291,-0.4244253302825468,0.3485092614731935,-0.3799443218561346,3.0129703071047236,-0.7700739868805314,-1.0276345834751914,-0.3369713672501556,right,OAN,False,0.0,0.29545454545454547,0.022727272727272728,0.0,1.0,0.0,0.022727272727272728,0.0,0.022727272727272728,0.0,0.0,False,False
@oann,streams,2026-09,18,1.0155036771521404,-0.6422056620921894,4.101683032834183,-0.4037628014280724,-0.9311472201698842,-0.4449039866753126,0.316091628148425,0.6325849739043803,0.7060333238458455,-0.8680590193785208,-0.7987514323264703,-0.8374406831453842,0.3507919642332283,-0.5206746103666505,3.1096954131842858,-0.2404514275047257,-0.5507133907673413,-0.9510912138542056,-0.2476857727543695,-0.1328807188962731,0.883619446733763,-0.9627512789781788,-1.0397961048422066,-0.8406295634025995,right,OAN,False,0.0,0.05555555555555555,0.0,0.0,1.0,0.0,0.2777777777777778,0.0,0.0,0.0,0.0,True,False
@oann,videos,2026-01,162,0.0427774577076093,-0.959861925268237,-0.2646951985314645,-0.6631156657778094,-0.2072459435021224,0.179742307263247,0.1036610721316801,0.3730114596212665,-0.930212679605504,0.1184795107385398,0.1634100049491074,-0.0322592222838505,0.2556044957154532,-0.9714440997673782,-0.3739875843662793,-0.5239204634659179,0.0069042042234594,0.2938061698548752,-0.4485581486776479,0.2766646757687622,-0.67361652225425,-0.2007799821919301,-0.1028117270882741,-0.2235953231145694,right,OAN,False,0.043209876543209874,0.3888888888888889,0.0,0.14814814814814814,0.012345679012345678,0.0,0.08641975308641975,0.0,0.08641975308641975,0.006172839506172839,0.043209876543209874,False,False
@oann,videos,2026-02,146,0.2971847698503663,-0.7792829391740514,0.0884777064218363,-0.5499492306934356,-0.215473748053848,0.0381003965688663,-0.3337856859570437,0.2495100961530642,-0.2075044309130892,0.607820297059877,0.4991646691190616,0.2170261329961032,0.2489845895127103,-0.7640903504400894,-0.0829986207712265,-0.4110304006362773,-0.0413737029034686,0.0665884336969009,-0.8512050041769319,0.1114193471020219,0.0467098555647604,0.250672489060299,0.1092446811800326,0.1030277321138047,right,OAN,False,0.03424657534246575,0.410958904109589,0.0,0.1780821917808219,0.0410958904109589,0.0,0.07534246575342465,0.02054794520547945,0.07534246575342465,0.0,0.04794520547945205,False,False
@oann,videos,2026-03,149,-0.195452088759749,-0.0899719530373358,0.0448520258830422,-0.5844890137591929,-0.147872338909757,0.1275956595649962,-0.2692872553098852,-0.0862207240213807,0.1327224999234932,1.5548297114883896,0.747067771851281,0.4235108194683191,-0.0368689307308094,-0.0958712675878702,-0.1415327253610452,-0.4492599100085436,0.0236129754285703,0.2501230492985426,-0.8040068963321798,-0.1691220669220442,0.4263655338816677,1.1054445858243058,0.3744265878294631,-0.1312802232177356,right,OAN,False,0.03355704697986577,0.5570469798657718,0.0,0.21476510067114093,0.006711409395973154,0.0,0.08053691275167785,0.0,0.06040268456375839,0.0,0.14093959731543623,False,False
@oann,videos,2026-04,138,0.1324050255278585,-0.6955079318369858,-0.2345328100901439,-0.7592789400212259,-0.6228617896777909,0.6217899462207072,0.2529558075604624,0.5285827125190375,-0.3043459412533978,0.2227470693328224,0.6377128494850107,-0.0463656385905448,0.2250131132230179,-0.7365024555144642,-0.3480702144184012,-0.6297747963348179,-0.4139047148585749,0.487834160160506,-0.2234782482220249,0.4113131416983556,-0.0541938113040846,-0.137674892744523,0.3066831696561591,-0.3914965100810344,right,OAN,False,0.007246376811594203,0.4855072463768116,0.0,0.12318840579710146,0.007246376811594203,0.0,0.11594202898550725,0.028985507246376812,0.09420289855072464,0.0,0.036231884057971016,False,False
@oann,videos,2026-05,242,0.0752720810614748,-0.857514715362778,-0.2775071767689311,-0.7034497525048959,-0.7801809995460836,0.50442429545074,0.1662970724765372,0.3432255624012956,-0.489439136751559,0.4935796276450028,0.7334283255880301,-0.0267587050936538,0.0513952752560422,-0.8893188878251456,-0.4450621946120591,-0.5689230161718029,-0.602824219776613,0.5203605652661476,-0.3667383864511332,0.2337952535425168,-0.2910406859455776,0.1654023153632541,0.3213585640644356,-0.3429166436720463,right,OAN,False,0.024793388429752067,0.371900826446281,0.004132231404958678,0.09504132231404959,0.008264462809917356,0.0,0.05785123966942149,0.024793388429752067,0.10743801652892562,0.0,0.045454545454545456,False,False
@oann,videos,2026-06,249,0.4661215955195191,-0.5941166855710154,-0.3301794840000413,-0.6639051853771976,-0.576880222451338,0.1952488805015236,0.0837814711913247,0.2430767655727724,-0.3270149642360164,0.5360445228186346,0.5701708352720372,0.0531890078944908,0.4727259188172794,-0.5775795676520602,-0.4566345307583223,-0.5340205672878541,-0.3768525773260542,0.2283311529763831,-0.3875628577008703,0.1325646133842687,-0.1022110666286878,0.1594112555575385,0.1512361500378214,-0.2844599642697976,right,OAN,False,0.020080321285140562,0.3855421686746988,0.004016064257028112,0.0963855421686747,0.008032128514056224,0.0,0.060240963855421686,0.0321285140562249,0.10040160642570281,0.0,0.060240963855421686,False,False
@oann,videos,2026-07,289,0.8111508237360354,-0.5968289108115761,-0.2734256774760773,-0.7153253901717745,-0.5228387604111358,0.6895764209614847,0.0550581738700629,0.3073529483556246,-0.2328795739280776,0.59550043715039,0.7236322968094594,-0.0589459217100641,0.6543343163820574,-0.5474475475484194,-0.4925229541364422,-0.5709131138653124,-0.3127396553228934,0.5824408030716265,-0.3465739253073128,0.2117710957533967,-0.0618349230636872,0.2822533180866755,0.245664648356346,-0.2798282267572664,right,OAN,False,0.010380622837370242,0.34256055363321797,0.006920415224913495,0.07612456747404844,0.0034602076124567475,0.0,0.06920415224913495,0.04844290657439446,0.05190311418685121,0.0,0.031141868512110725,False,False
@oann,videos,2026-08,241,0.3313088009683012,-0.8840669709664614,-0.3005982845431748,-0.804718870559106,-0.6972665307947308,0.5035559596707256,0.1360068742518902,0.6022779774708453,-0.5630008762044717,-0.0205602874497279,0.2536045697969777,0.3457262379387389,0.3490438909269336,-0.8805941564941849,-0.4224282447190516,-0.6846216033701061,-0.5284282512660314,0.5167763442907063,-0.3271680205032714,0.4448989156137875,-0.4098720288130817,-0.2903381415883821,-0.0495968867249222,0.1619697182338837,right,OAN,False,0.012448132780082987,0.3651452282157676,0.0,0.08298755186721991,0.0,0.0,0.06224066390041494,0.008298755186721992,0.04979253112033195,0.0,0.012448132780082987,False,False
@oann,videos,2026-09,120,0.5973656788179451,-0.6975254382907237,-0.0155919967324254,-0.4917651145980962,-0.6889921396143217,0.3290617148683656,-0.1910755242467974,1.058456375650112,-0.9283664439908528,0.1483726328481104,0.3041108373624409,0.4953781569637923,0.5681781934949928,-0.8273711001502629,-0.1643631692540046,-0.3710357680766744,-0.5242699182236102,0.3334817434552212,-0.739341088411438,0.6605511157990663,-0.6915550312615364,-0.1567724978648814,0.0246908488429353,0.3016265053744717,right,OAN,False,0.025,0.4083333333333333,0.0,0.06666666666666667,0.0,0.0,0.041666666666666664,0.008333333333333333,0.058333333333333334,0.0,0.008333333333333333,True,False
@thehill,streams,2026-01,54,0.2592198480978103,-0.527868905183497,1.7553318889081606,-0.127602204954101,-1.0000820501500982,-0.103002848539477,0.027870592184235,0.1957017350339321,-1.155287545505917,-0.811162374792474,0.1193329711065688,0.5125074846681117,0.0227014260120108,-0.5201129511082054,1.1736444612217891,0.0240118211831863,-0.5589818266702674,-0.3282819778015123,-0.6291959910624644,0.069240605872331,-0.9035173831920806,-1.0205552830099132,-0.2886902312080766,0.2710104798056055,neutral,The Hill,False,0.07407407407407407,0.05555555555555555,0.0,0.0,0.2037037037037037,0.0,0.05555555555555555,0.0,0.018518518518518517,0.0,0.0,False,False
@thehill,streams,2026-02,47,0.2960328085888931,-0.2028120051780542,1.316165486699287,-0.2106655540941782,-0.933252781357213,0.0562798472302173,0.1967220327090234,0.0225942688151259,-1.4784475713049432,-0.3234420315955567,0.4214687578924444,0.1464845175727818,-0.2442901292314921,-0.1004470408131117,0.5536297383032063,-0.0222902017225049,-0.3736864420495044,-0.2850048731238273,-0.5503443029833971,-0.070244134988769,-1.0520566035394436,-0.4473044782087333,-0.1548244580934133,-0.0865814115981148,neutral,The Hill,False,0.06382978723404255,0.06382978723404255,0.0,0.0,0.0,0.0,0.06382978723404255,0.02127659574468085,0.0,0.0,0.02127659574468085,False,False
@thehill,streams,2026-03,73,0.4472393072175078,-2.051594355735559,-0.2974019115025414,-0.5154333045144732,-1.061941167842489,0.6389351090164881,-0.0025016465476242,0.0556910729913173,-1.5601096771242449,-0.9468396301040024,0.0366414366910016,0.1090039211883039,0.0217898537336392,-1.9354166434495448,-1.0022153619252554,-0.3756622695443157,-0.5755373910681477,0.0089659729013788,-0.6081853531517399,0.0554626123081312,-1.3006592827240266,-1.075632123497594,-0.4424084338052877,-0.1883192654414831,neutral,The Hill,False,0.0273972602739726,0.0958904109589041,0.0,0.0,0.0410958904109589,0.0,0.1232876712328767,0.0,0.0136986301369863,0.0,0.0,False,False
@thehill,streams,2026-04,65,0.7826959463278732,-0.5166750187731738,-0.3416498977812635,-0.6278908380405112,-1.058489442053844,0.4888682034028932,1.8387539409377849,0.5736278867960956,-1.3769777981398843,-0.8239628095503589,0.2390024178374485,0.3116151512716406,0.4067541375775926,-0.4685541705540961,-0.8939673276827325,-0.4439878343169511,-0.577961838677126,0.1398625632090688,1.1417694381627266,0.5096376319331708,-1.1319989295067534,-0.9984906297857682,-0.2626306327754095,0.0041471659603088,neutral,The Hill,False,0.0,0.015384615384615385,0.0,0.0,0.0,0.0,0.046153846153846156,0.0,0.015384615384615385,0.0,0.0,False,False
@thehill,streams,2026-05,53,0.8388678856096967,0.1642281381558926,0.0523781282774585,-0.4268713740360544,-0.9974614539120316,-0.1628107714781947,2.4566524624954713,0.2345903563640353,-0.8401602143298628,-0.8671873862994655,0.1319336604498501,0.4050270706062931,0.533052088768076,0.2861049780829778,-0.5415702856200411,-0.2471691167257784,-0.5836792812585888,-0.4029001385190764,1.691175881947488,0.0865116782468732,-0.4764654736634736,-1.042135066998611,-0.3203433841601065,0.0338873795850666,neutral,The Hill,False,0.018867924528301886,0.018867924528301886,0.0,0.0,0.09433962264150944,0.0,0.07547169811320754,0.0,0.0,0.0,0.018867924528301886,False,False
@thehill,streams,2026-06,56,0.8092869596493173,0.3097488767254453,-0.1750142972625013,-0.5671182880652793,-1.035156129747164,-0.2853709076666093,2.7688483034721543,-0.1845285463433404,-1.4858995187438435,-0.9892912269339394,0.2876616427711229,0.3372520101794869,0.2834333235644962,0.399727420523309,-0.7312146676657384,-0.3827718468251713,-0.6090557934401789,-0.6483720248739056,2.091246182846007,-0.2569448989625179,-1.0948797908583472,-1.1040858047027498,-0.2544408810156,0.067463088450847,neutral,The Hill,False,0.0,0.03571428571428571,0.0,0.0,0.05357142857142857,0.0,0.017857142857142856,0.0,0.0,0.0,0.03571428571428571,False,False
@thehill,streams,2026-07,66,0.6678147973389547,0.1256114328202517,-0.2261754002702652,-0.6098927741810496,-0.9785307175302492,0.3861792980017821,2.601251625609879,0.4482600923951001,-1.1656793934587195,-0.6538081440567528,-0.3596105644128212,0.2188937020321587,0.2494545421899278,0.2943805727428776,-0.9194627942380036,-0.4113718285279785,-0.5022655251286611,-0.1783926180734683,2.019955703998044,0.3004933702304986,-0.9325517590080664,-0.6730946822414072,-0.8640035632944594,0.0884640187428324,neutral,The Hill,False,0.0,0.07575757575757576,0.0,0.0,0.09090909090909091,0.0,0.030303030303030304,0.0,0.015151515151515152,0.0,0.0,False,False
@thehill,streams,2026-08,53,0.861176092437209,-0.560058972308514,-0.3711849878920934,-0.6727820896224582,-0.81604527370731,0.0784624773605481,2.2570218920713225,0.4539276428135606,-1.1154888728025905,-0.1748393651425199,-0.2083519716958537,0.3027819201118349,0.3513781935024166,-0.3581935695812344,-0.9329703284687774,-0.4506209276773274,-0.3757407135254796,-0.4444150258828854,1.5809012307133707,0.3396625185690214,-0.889566358080919,-0.2569195302209555,-0.6695664870299302,0.2552079491294819,neutral,The Hill,False,0.0,0.05660377358490566,0.0,0.0,0.05660377358490566,0.0,0.09433962264150944,0.0,0.03773584905660377,0.0,0.018867924528301886,False,False
@thehill,streams,2026-09,23,1.1571951291417049,0.4842168401998604,-0.5867041431864601,-0.6593207551420648,-1.028675839052272,-0.6004556873196117,2.8930497450387875,2.0940798635464573,-1.0753771058766144,-0.2065252468658817,-0.3949688524115342,-0.0484328243260771,0.570965852360333,0.4444033408562189,-1.1108965778554725,-0.4863987682021728,-0.6623052952589833,-0.8786949206855894,2.134517595480252,1.0946222181649967,-0.7650696324214177,-0.4499375103991568,-0.8324644500413885,-0.1478077405599098,neutral,The Hill,False,0.0,0.0,0.0,0.0,0.043478260869565216,0.0,0.043478260869565216,0.0,0.043478260869565216,0.0,0.0,True,False
@thehill,videos,2026-01,458,-0.0196939332411121,-0.5436564774766511,0.0283059263366331,-0.4347783758174471,-0.801702245256216,0.9209527365034388,0.2169969631981069,0.359479442286144,0.2664153179970325,0.51729475392453,0.7081211622610033,0.5599698749663548,0.07779726212135,-0.5856913782682038,-0.1135468168079625,-0.3503600926001803,-0.5407896515612315,0.6699100707414669,-0.2294004803871035,0.3925256126868366,0.3843504220980804,0.1359336322938718,0.4193358697416273,0.2758921824430242,neutral,The Hill,False,0.019650655021834062,0.5021834061135371,0.002183406113537118,0.09170305676855896,0.006550218340611353,0.0,0.09606986899563319,0.015283842794759825,0.10480349344978165,0.0,0.017467248908296942,False,False
@thehill,videos,2026-02,467,-0.1092178289807427,-0.4134024600881851,0.0772972659565208,-0.3797639568632719,-0.8141036794366049,1.168242562536343,0.2541210254843389,0.2618376465738882,0.2786017737052218,0.506960645260952,0.9516399877851042,0.3296377416296966,-0.1085660752980448,-0.4723372223784509,-0.0433938619690841,-0.2536834375138797,-0.5092036233755327,0.732700711800872,-0.1930537419280009,0.2524543775652295,0.4059761703092185,0.205587400140003,0.6185426028641754,0.2409669939408242,neutral,The Hill,False,0.01284796573875803,0.48822269807280516,0.0021413276231263384,0.0728051391862955,0.004282655246252677,0.0,0.09850107066381156,0.02569593147751606,0.11777301927194861,0.0,0.017130620985010708,False,False
@thehill,videos,2026-03,532,-0.3611633663214805,-0.1853130511311111,0.0496914610550138,-0.2805008453274392,-0.7027988197920828,1.0383870458234787,0.2222659902424381,0.3341325894102007,-0.3288308259410477,0.5641861175184509,0.8806431976181541,0.9580552770354775,-0.1430328508038983,-0.2664380906726206,-0.0499530707471772,-0.1857495918119347,-0.4341743940760744,0.6658615523239856,-0.165650406334472,0.3584391564176469,-0.1665393464652655,0.1569452610243806,0.6157089847837858,0.4133015890050977,neutral,The Hill,False,0.009398496240601503,0.5281954887218046,0.0018796992481203006,0.08270676691729323,0.013157894736842105,0.0,0.10150375939849623,0.009398496240601503,0.11842105263157894,0.0,0.020676691729323307,False,False
@thehill,videos,2026-04,522,0.1782227178316327,0.4912512268300682,-0.1527327277702331,-0.3743960196713976,-0.4573826439525476,1.035005089679389,1.3217546378809086,0.3217767176094153,-0.3165440327673138,0.7087724270392648,0.8055347443682823,0.8424510266244274,0.3573968576769129,0.4205542206916944,-0.2798859246750069,-0.2700202755132205,-0.1801223405617389,0.6911371193268717,0.8743120195303271,0.3273717027844232,-0.2442840992939409,0.3317308861781514,0.4924660863698763,0.3865255999846173,neutral,The Hill,False,0.013409961685823755,0.46551724137931033,0.0019157088122605363,0.12452107279693486,0.019157088122605363,0.0,0.09770114942528736,0.0210727969348659,0.09961685823754789,0.0019157088122605363,0.03065134099616858,False,False
@thehill,videos,2026-05,495,0.1391874817607598,0.3263013493406711,-0.099535991956194,-0.3271400818167344,-0.461225069178817,0.8461775713232381,1.6127395878808652,0.506226947639718,-0.4120470394839771,0.7849827337162312,0.8035880217836892,1.055507113640804,0.3166406776910868,0.2545606109313981,-0.1689644387675357,-0.2297558790654221,-0.2484370755268862,0.5574052831226946,1.1730076575539587,0.421838123270372,-0.3208683965298279,0.3860415465544117,0.5652817858561925,0.5302449357525836,neutral,The Hill,False,0.012121212121212121,0.4101010101010101,0.00202020202020202,0.10101010101010101,0.03434343434343434,0.0,0.10505050505050505,0.012121212121212121,0.08080808080808081,0.0,0.024242424242424242,False,False
@thehill,videos,2026-06,513,0.3028310670012634,0.3329215858311876,-0.0823061880632794,-0.3442640997168181,-0.2842729064229154,0.7665120315192022,1.5527992870802558,0.3345504070567079,-0.4643711733534971,0.4662434232512768,0.8829682230086187,1.1400334657134656,0.4851818574932355,0.2686084862793835,-0.1726650507679044,-0.2255132601142769,-0.0268573685543087,0.5249387849402675,1.1433395742311263,0.3033418072449216,-0.3875332569331722,0.0475803961840521,0.5536263811351605,0.6755952146065669,neutral,The Hill,False,0.015594541910331383,0.442495126705653,0.001949317738791423,0.1111111111111111,0.03508771929824561,0.0,0.09941520467836257,0.01364522417153996,0.07407407407407407,0.003898635477582846,0.031189083820662766,False,False
@thehill,videos,2026-07,472,0.3070983190649111,0.2737361486518234,-0.1001155187345194,-0.3720309030185761,-0.4060501890623357,0.901397514425601,1.7705689581899036,0.495494853694873,-0.3031653049279103,0.5987319184764236,0.8652691494372605,0.4657561899240941,0.3239072271160926,0.2473886845863053,-0.1899523563261648,-0.2464511925451469,-0.1883496617359132,0.5115516061040022,1.4109403191144534,0.4546439740212064,-0.2712502498743324,0.2644612741956032,0.5598407548300217,0.1649795719058312,neutral,The Hill,False,0.019067796610169493,0.4279661016949153,0.0,0.09957627118644068,0.029661016949152543,0.0,0.0847457627118644,0.01059322033898305,0.08898305084745763,0.00211864406779661,0.02754237288135593,False,False
@thehill,videos,2026-08,428,0.1020555708684543,0.1857102278745263,0.1569418437161451,-0.3984091385692218,-0.1453499572277774,0.7300698960574254,1.3635730376518438,0.2145435928188612,0.0874055206313368,0.8601995050078318,0.5774454778801822,0.7681868091594942,0.1967428019505446,0.1496576780862509,0.1122851601949523,-0.3064165335055745,0.0822898095680791,0.3984688915039567,0.9766305104263318,0.1957044359800875,0.1232840979798156,0.5529834065969462,0.3245403617856847,0.4945134985624898,neutral,The Hill,False,0.009345794392523364,0.48130841121495327,0.0,0.102803738317757,0.053738317757009345,0.0,0.09579439252336448,0.007009345794392523,0.10514018691588785,0.0,0.03271028037383177,False,False
@thehill,videos,2026-09,158,-0.0537660279662656,0.3849186924858024,0.0769583187074945,-0.3774070741643719,-0.3719702627387091,0.6047089688116005,1.232177143797938,0.735300387170102,0.3687286153957594,1.1434606757044574,0.4559134231030395,0.79182325078682,0.0349089644423006,0.321557078926272,0.0696925277070925,-0.2946235439453876,-0.1893369784275001,0.4279065647437072,0.9098728932656762,0.4678089032089453,0.3567090091394615,0.8033302420233659,0.2130776970945177,0.4915536974744135,neutral,The Hill,False,0.006329113924050633,0.5316455696202531,0.0,0.08227848101265822,0.0379746835443038,0.0,0.06962025316455696,0.012658227848101266,0.13924050632911392,0.006329113924050633,0.02531645569620253,True,False
@timesofindia,streams,2026-01,426,-1.025276956668414,0.005901458652003,1.0457142206457792,0.3834613465336356,-0.8446140268173155,0.969983029792192,-0.1404143909505423,0.4542942175985534,-0.5074031706557556,2.6958159146433713,0.7774519531140556,1.7573473545626457,-0.7440287064563004,0.0020887287036638,0.7307936320326138,0.4410781031897666,-0.5114825240274793,0.7125185671255657,-0.7162060978522438,0.447026893139985,-0.3992016283707135,2.1197018821569444,0.4913796477026312,1.2030185547706405,left,Times Group,False,0.028169014084507043,0.7769953051643192,0.0,0.107981220657277,0.5023474178403756,0.0,0.07276995305164319,0.011737089201877934,0.1572769953051643,0.0,0.009389671361502348,False,False
@timesofindia,streams,2026-02,283,-0.818575865340082,-0.2434254337083604,1.056366560734184,0.5113355876233758,-0.6879537638806332,1.1977972555477008,-0.2963268233006426,0.1519651858049464,-0.5109293523040932,2.6759186312386873,0.6947067329066013,1.496334677574806,-0.593906451902286,-0.2809162618265616,0.7661651258930731,0.6271983862720332,-0.3367138011250119,0.7121179562888094,-0.8010203069116322,0.1465786596858966,-0.4321761336483755,2.2813551528106975,0.4424834821278411,1.2972762301033685,left,Times Group,False,0.014134275618374558,0.7632508833922261,0.0035335689045936395,0.08480565371024736,0.4664310954063604,0.0,0.0636042402826855,0.0176678445229682,0.1625441696113074,0.0,0.024734982332155476,False,False
@timesofindia,streams,2026-03,214,-1.9350585839612735,-0.2825247345846151,1.3580287843044263,0.5502201236102886,-0.4029546649742671,0.5617454104016526,-0.1906908762621727,0.3926596927949965,-0.9825984112634846,3.020298361403756,0.6745362988318918,2.287785006747931,-1.372677263721804,-0.3453706455253141,1.0690297273234124,0.6341031433535309,-0.0454648532902939,0.263455479113338,-0.7779248456891584,0.3935603499911974,-0.837515476346981,2.3748997524688567,0.4564160399013021,1.25587086170949,left,Times Group,False,0.02336448598130841,0.7897196261682243,0.0,0.12149532710280374,0.42990654205607476,0.0,0.08411214953271028,0.009345794392523364,0.205607476635514,0.0,0.004672897196261682,False,False
@timesofindia,streams,2026-04,206,-1.8600420436439995,-0.023405373797411,1.292415719859062,0.3654765170581907,-0.682390177609321,0.4465963336693039,-0.3997255103022475,0.4927258844057136,-0.3181844198798093,3.3611317824015257,0.6885756822944854,1.9004640007278364,-1.433466881474736,-0.0814173225582544,0.9878070354379556,0.4266629159096523,-0.3519879628300743,0.1912435650447136,-0.9069288615850036,0.4768087018387612,-0.2034253209373829,2.796382575270881,0.417165784146561,1.0536800653652616,left,Times Group,False,0.043689320388349516,0.8155339805825242,0.0,0.1796116504854369,0.36893203883495146,0.0,0.11165048543689321,0.0048543689320388345,0.16990291262135923,0.0,0.019417475728155338,False,False
@timesofindia,streams,2026-05,164,-1.334193064368964,-0.100053414752241,1.0159867744266953,0.2294114785355697,-0.4736365347505223,0.5199943293472393,-0.3844797748740229,0.31766799329059,-0.3304344796080118,3.1481012524208207,1.0670569734801334,1.8656775174095233,-0.9779639690523464,-0.1381577031051761,0.763717784738066,0.2956130418031628,-0.2158535365068078,0.2292344964026326,-0.8229069844544517,0.2400978933732884,-0.225968384570819,2.5850909751673066,0.7775362774566233,1.134854614123461,left,Times Group,False,0.03048780487804878,0.75,0.0,0.2073170731707317,0.3231707317073171,0.0,0.08536585365853659,0.0,0.20121951219512196,0.0,0.006097560975609756,False,False
@timesofindia,streams,2026-06,279,-0.8578679400338266,0.042365257431773,1.1800051596165655,0.2670923643247474,-0.4775286384152781,0.7182905153060093,-0.4001504678404368,0.2923259944000978,0.0937441692999339,3.1336391871881597,1.197816610298556,1.4022863058839714,-0.7166363883079513,0.0149335562501891,0.8803554644816538,0.3980867061726707,-0.1523984058321355,0.5226500031176075,-0.9165140934141348,0.1683543773173078,0.2678479954789486,2.7171864205110356,0.8116340851664259,0.8703801761572534,left,Times Group,False,0.017921146953405017,0.7491039426523297,0.0035842293906810036,0.15412186379928317,0.44086021505376344,0.0,0.06451612903225806,0.017921146953405017,0.25089605734767023,0.0,0.010752688172043012,False,False
@timesofindia,streams,2026-07,310,-0.8936774417015974,-0.1620743023837233,1.126089051023223,0.3925990250181764,-0.7973723257196541,1.3063527707197906,-0.209655012175903,0.5307727680767431,0.1658016669209124,2.2842108840427295,1.066159720559469,0.7426793569413449,-0.8357916436104004,-0.1313870816002002,0.8123898596749413,0.5292005694149521,-0.4469371891767463,0.9373903964886704,-0.708892846646466,0.3331662819669694,0.3397953528793527,2.0477118102150937,0.7095198773197274,0.5060081040883673,left,Times Group,False,0.035483870967741936,0.6451612903225806,0.0,0.15161290322580645,0.4645161290322581,0.0,0.04838709677419355,0.0,0.20967741935483872,0.0,0.01935483870967742,False,False
@timesofindia,streams,2026-08,154,-1.4411358705466148,-0.3667501391844986,1.3513105356730226,0.3273463990170046,-0.5622326106806648,0.9865613526387612,-0.401552710475519,0.4719734877268534,0.7474209454625886,2.7416390034181015,0.6254340904998423,0.6138827118238674,-1.1915501968102438,-0.3622318442094772,1.105052314419472,0.4198886575960823,-0.228989780332665,0.5346282260249416,-0.8954080373427404,0.3675825389811927,0.8113107002393539,2.4015998192838466,0.4349845615154919,0.3336234097767264,left,Times Group,False,0.032467532467532464,0.6558441558441559,0.0,0.15584415584415584,0.44155844155844154,0.0,0.08441558441558442,0.025974025974025976,0.14935064935064934,0.0,0.01948051948051948,False,False
@timesofindia,streams,2026-09,58,-0.0901334427093716,-0.0360313731626536,1.0484919072729266,0.3082226508728261,-0.674294991939145,0.9270921971532706,0.2260869462228306,1.121586699235075,0.1025623202359281,1.7824456964451734,1.7681211311427645,0.7766271357198083,-0.1796297791547587,-0.0754117309243847,0.7930670012369895,0.4475793575815771,-0.3871723159134707,0.8785611009876475,-0.3923243707799509,0.554849306294543,0.2192840013012056,1.3731463148186558,1.3053521096382943,0.3612132753858381,left,Times Group,False,0.017241379310344827,0.5344827586206896,0.0,0.1206896551724138,0.5862068965517241,0.0,0.05172413793103448,0.0,0.1206896551724138,0.0,0.0,True,False
@timesofindia,videos,2026-01,966,-1.1223308519320798,-0.2495463008101906,0.1772936657118025,0.3510423332615017,-0.6043573959408512,0.969414497260705,-0.1676684046861537,0.5810630160922139,-0.6463031555586191,3.4781671908398826,1.035702030272687,1.799598901289789,-0.6976940634890152,-0.281539274202486,-0.1296964547560512,0.4078931807720527,-0.3461521463363957,0.8644434590217979,-0.8237340430600818,0.4976492239679513,-0.5307588616993699,2.701171685771136,0.6579606858103862,0.8271494693115712,left,Times Group,False,0.06832298136645963,0.8478260869565217,0.0010351966873706005,0.22153209109730848,0.0010351966873706005,0.002070393374741201,0.06935817805383022,0.013457556935817806,0.13457556935817805,0.0010351966873706005,0.014492753623188406,False,False
@timesofindia,videos,2026-02,921,-1.2423079292957429,-0.25782459353576,0.4115108478254198,0.3372838614055957,-0.5402501618252001,0.6510912326910129,-0.3818265607428266,0.3300715614457603,-0.374830637157438,3.616926285703138,1.2402688515986826,1.622013776875861,-0.64924395402655,-0.3106393462471098,0.1392490075745031,0.4291472158785772,-0.2615057262835421,0.4970519625268069,-0.9616187719934114,0.1858169794172591,-0.2896495679919567,2.8729432993511272,0.9180584091375154,0.6774972323713253,left,Times Group,False,0.04560260586319218,0.8610206297502715,0.0,0.23127035830618892,0.006514657980456026,0.009771986970684038,0.09011943539630836,0.014115092290988056,0.16286644951140064,0.0,0.021715526601520086,False,False
@timesofindia,videos,2026-03,1040,-1.9259793716310984,-0.4496596848250379,0.5128194804285976,0.2472096252085306,-0.6169288399633449,0.1666608705022039,-0.1266836727327585,0.5962358441828252,-0.2275441403710283,3.678559826359984,1.1476716193320475,1.785801161320868,-0.9045123914954576,-0.4180524593983976,0.2722210353752713,0.3429146306552741,-0.2371169477718598,0.3618208759737814,-1.0356008929616758,0.3044353389688292,0.0065245471098485,2.8876875463093783,0.9402788489641852,0.0861721208531256,left,Times Group,False,0.03653846153846154,0.9115384615384615,0.0009615384615384616,0.2586538461538462,0.009615384615384616,0.004807692307692308,0.057692307692307696,0.011538461538461539,0.1423076923076923,0.0,0.02403846153846154,False,False
@timesofindia,videos,2026-04,1050,-1.433144447219274,-0.3801828007242381,0.6716111335054209,0.3429766930559614,-0.6973277737655557,0.351697432259679,-0.298781616832135,0.5276370996481446,0.7233530256327163,4.290151535516763,1.35025994613938,1.4116577684534417,-0.6481030216945691,-0.432397792254045,0.4274896112456999,0.4229523449224662,-0.4043855403052351,0.3808875164860353,-1.049511123839112,0.3290306150936907,0.909585111237488,3.451176684188334,1.108644393381938,-0.1211862005036699,left,Times Group,False,0.04476190476190476,0.92,0.0,0.2733333333333333,0.03142857142857143,0.0,0.07904761904761905,0.017142857142857144,0.1742857142857143,0.0009523809523809524,0.017142857142857144,False,False
@timesofindia,videos,2026-05,1058,-1.2435058860183152,-0.2909930048819341,0.6015422934499688,0.3248694518824768,-0.6918720248818585,0.3637305364566107,-0.2897986518781411,0.3577679607062988,0.1751726088861807,4.359550594730202,1.4551931277161605,1.2145451743049451,-0.5688451869105062,-0.3232601669447189,0.3308871507863818,0.415479775719397,-0.4278621209880753,0.2938415623613836,-0.97035566352273,0.1372979151304863,0.3278311827734064,3.577121757518004,1.1555014488492437,-0.1063380830953646,left,Times Group,False,0.05954631379962193,0.889413988657845,0.000945179584120983,0.277882797731569,0.038752362948960305,0.0,0.08128544423440454,0.012287334593572778,0.1446124763705104,0.0,0.01890359168241966,False,False
@timesofindia,videos,2026-06,1190,-1.2297893551823975,-0.2109891799826259,0.6653323564286721,0.3341423560343568,-0.5199181417087648,0.6141810253737817,-0.435891157355863,0.348947933361622,0.0960678010763766,4.040251590728187,1.291101627163669,1.153178006154714,-0.6353199834200921,-0.2397204134458986,0.410532166633814,0.4515006166764089,-0.2128497827753158,0.5478917757825764,-1.1001819361389071,0.1600215055601367,0.2430348423984318,3.400100397565388,1.0058874547278445,0.1704808543793748,left,Times Group,False,0.04285714285714286,0.8983193277310925,0.0033613445378151263,0.2445378151260504,0.041176470588235294,0.0016806722689075631,0.08487394957983194,0.015126050420168067,0.19243697478991598,0.0,0.01764705882352941,False,False
@timesofindia,videos,2026-07,1279,-1.557487039608601,-0.2866315318344925,0.7296475481226109,0.2861022813712453,-0.5728268567193827,0.8867254599036267,-0.5121522812678209,0.479524908680023,0.561862271735025,3.948532001674581,1.2424507312821669,1.0727892750202672,-0.9203951219035008,-0.2858574462537412,0.4973769953186014,0.3810761849356845,-0.2842318984599608,0.7218878548394717,-1.1025491683138022,0.2444497044717233,0.6668590016833993,3.318807164900217,0.9653963666381156,0.111951453167967,left,Times Group,False,0.0617670054730258,0.90852228303362,0.0007818608287724785,0.27912431587177483,0.03674745895230649,0.0007818608287724785,0.07036747458952307,0.007818608287724784,0.14777169663799844,0.0,0.02580140734949179,False,False
@timesofindia,videos,2026-08,1312,-1.937165575636264,-0.3574699033171548,0.8145839645069406,0.260775069680935,-0.571599070919781,0.7378557412044475,-0.5951316479469636,0.4508529841163669,1.290256674515115,4.225830024849058,1.2453675605652756,1.1786416535288626,-1.2246200321725504,-0.3833971009702409,0.5905488255221115,0.3320186539803335,-0.2965565920158771,0.5864019678091368,-1.1753807774155771,0.2573932359743213,1.3777453655321643,3.527895634677648,0.9715700146296496,0.1529292302379133,left,Times Group,False,0.06173780487804878,0.9146341463414634,0.0,0.2942073170731707,0.04496951219512195,0.0,0.0663109756097561,0.011432926829268292,0.15015243902439024,0.0007621951219512195,0.022865853658536585,False,False
@timesofindia,videos,2026-09,556,-1.873337705074558,-0.5291430649212358,0.7836854823305879,0.2429999687543997,-0.636402362224113,0.7521834025504579,-0.4336823300241095,0.6480056082226162,1.4059492094411783,4.218864726060131,1.3259685277792272,1.1306852989836764,-1.2059024827512663,-0.5431800738064985,0.5085410292577379,0.3253875345932916,-0.3308189805117975,0.6562112528111832,-1.1072129188923687,0.2423412747016997,1.538721484173034,3.4880658130533235,1.001756739673293,-0.0070960064135413,left,Times Group,False,0.03237410071942446,0.9154676258992805,0.0,0.2841726618705036,0.030575539568345324,0.0,0.050359712230215826,0.007194244604316547,0.15467625899280577,0.0,0.007194244604316547,True,False
https://rumble.com/c/BannonsWarRoom,videos,2026-01,612,0.7612032396782255,1.1789358407016983,0.996415814358486,0.4469173679981433,0.0071162717484788,0.8633232930142121,-1.0856613033773213,0.3912128046734632,-0.3040891197370492,1.2438929675827088,2.7421750678454284,1.700376551520386,0.7309063323567986,1.1048275759247743,0.8305197127811802,0.4880166051792507,0.073402596564814,0.8321855079031687,-1.3931130645972445,0.3154954231521922,-0.1925366642148874,0.8201893623931483,2.4041221271808206,1.4049068940222655,right,War Room,False,0.021241830065359478,0.477124183006536,0.0016339869281045752,0.0392156862745098,0.03104575163398693,0.1650326797385621,0.09313725490196079,0.008169934640522876,0.049019607843137254,0.0,0.058823529411764705,False,False
https://rumble.com/c/BannonsWarRoom,videos,2026-02,565,0.8676618685568627,1.2954625705386866,0.9233240855686592,0.4763317921216801,-0.0649162705520256,0.9179423466982912,-0.9877443723571848,0.553459671290856,-0.4406593178864988,1.18869340410672,3.148789148490811,1.5650830961961273,0.7438114397869912,1.3195122921188471,0.772808554182778,0.540319273829966,0.0249447825372677,0.9278900495523792,-1.2421817829093966,0.4206059004734929,-0.3229857651824198,0.8305806772765764,2.768707260797931,1.2602144484690303,right,War Room,False,0.019469026548672566,0.4230088495575221,0.0017699115044247787,0.03893805309734513,0.02831858407079646,0.16106194690265488,0.0920353982300885,0.005309734513274336,0.07610619469026549,0.0017699115044247787,0.049557522123893805,False,False
https://rumble.com/c/BannonsWarRoom,videos,2026-03,579,0.7392718311131107,1.1033726472592276,0.7957623800007427,0.271881660777623,-0.0954616218186298,0.7019659205897871,-0.9381442103708152,0.412369274059737,-0.4670850622450213,1.1121234059552236,2.838356547716333,1.680065224325527,0.7137855656088945,1.0390628515534528,0.6178956423673085,0.3424948259028471,-0.0537286482327435,0.6822298091995548,-1.2357456222240135,0.3557925301390864,-0.3368201237382376,0.65522753131361,2.4271842183782915,1.0768402749028243,right,War Room,False,0.02072538860103627,0.4386873920552677,0.0,0.06044905008635579,0.017271157167530225,0.18998272884283246,0.1001727115716753,0.012089810017271158,0.06735751295336788,0.0,0.03281519861830743,False,False
https://rumble.com/c/BannonsWarRoom,videos,2026-04,542,1.0335620205732097,0.9345254632570268,0.7753675588696092,0.3500537136492295,-0.0776817045676605,0.8359872320420829,-0.5229574103991266,0.5313918041057373,-0.5026853864371641,1.2278146900917526,3.552588152481798,1.5806508612679029,0.9357697533242838,0.8850280684927001,0.6017467879672044,0.4231985745614278,-0.0094849489026465,0.7698965665736182,-0.8274924880094634,0.4289987410166487,-0.4495471235052307,0.8195851382066673,3.1304044326456375,1.095969605855357,right,War Room,False,0.016605166051660517,0.39114391143911437,0.0,0.02214022140221402,0.00922509225092251,0.2177121771217712,0.08118081180811808,0.005535055350553505,0.05350553505535055,0.0,0.03505535055350553,False,False
https://rumble.com/c/BannonsWarRoom,videos,2026-05,491,1.0954488424007216,1.1213811758157386,0.7296503868850749,0.2530079603560214,-0.0317748849138863,1.098657453355535,-0.7015364678278737,0.6033985439595707,-0.1525264546210442,1.534986158226575,3.4395843536236708,1.405837548959725,0.7689671287833036,1.1173940318593767,0.5538731508604119,0.3462299378001857,0.02048191922731,0.9823481125143242,-0.9932026255510892,0.4752012192020113,-0.0789566272113489,1.1962318908410483,2.93991808416673,0.981910073844446,right,War Room,False,0.02240325865580448,0.395112016293279,0.0,0.024439918533604887,0.006109979633401222,0.21792260692464357,0.10590631364562118,0.002036659877800407,0.06109979633401222,0.0,0.05702647657841141,False,False
https://rumble.com/c/BannonsWarRoom,videos,2026-06,517,0.9065909808336304,1.2438734046454596,0.7641989453528422,0.4119362413391901,0.021337373874398,0.8179595280546025,-0.591251245218759,0.5626544935037808,-0.3725450618606376,1.419342450872374,3.1863103054887225,1.5122726626438938,0.671265734269544,1.228184461171099,0.6357717484408445,0.4963595685615336,0.0058644736802239,0.8602145846186904,-0.8609148456005047,0.4703052716992617,-0.2428315190107999,1.073654319610156,2.763017652430631,1.2220327888856204,right,War Room,False,0.019342359767891684,0.41392649903288203,0.0,0.03288201160541586,0.007736943907156673,0.195357833655706,0.09284332688588008,0.009671179883945842,0.05222437137330754,0.0,0.05415860735009671,False,False
https://rumble.com/c/BannonsWarRoom,videos,2026-07,508,1.0913659042556425,1.19625617493013,0.7246321461673519,0.131867224418914,-0.0742256091932965,0.6640636904326709,-0.5589272745677958,0.622443184661435,-0.3411292942759704,0.9746071752701474,2.8391233518530803,1.2657636015272746,0.8524134461474168,1.2010272052724678,0.5300039818175579,0.2075360011580793,-0.0410783100822512,0.4808939614372732,-0.7712813113120531,0.4699024616303927,-0.2865993191082318,0.6104015036502369,2.433216607908659,0.9733506443726744,right,War Room,False,0.017716535433070866,0.4035433070866142,0.0,0.045275590551181105,0.005905511811023622,0.24015748031496062,0.08661417322834646,0.005905511811023622,0.04330708661417323,0.0,0.04921259842519685,False,False
https://rumble.com/c/BannonsWarRoom,videos,2026-08,493,1.2076709223487938,1.2156609217051777,0.7294609562974868,0.276988536468402,-0.1229539848744672,0.6967300908834605,-0.5905331780851311,0.4951730603505144,-0.5158308197630798,1.043841994915645,3.168283552857381,1.420133226783492,0.9593642519110168,1.153427798061768,0.623183866398605,0.3583089714859052,-0.1711453039894189,0.7480163830149963,-0.8822639630994734,0.3824146363438342,-0.3764961351485444,0.7312610283127906,2.7825800080367076,1.1692112013517582,right,War Room,False,0.018255578093306288,0.3671399594320487,0.0,0.030425963488843813,0.004056795131845842,0.2332657200811359,0.1075050709939148,0.008113590263691683,0.032454361054766734,0.0,0.038539553752535496,False,False
https://rumble.com/c/BannonsWarRoom,videos,2026-09,199,1.2005467986152774,1.754262888553454,0.8199868345044117,0.4246910350344354,-0.0279265579617765,0.941532670597738,-0.6632727322827581,0.7518430627745358,-0.1159322374847774,0.92338232999149,3.239970880300361,1.3472757543752385,0.8681333241373161,1.727758568103024,0.7245994718554138,0.5242554592581015,-0.066054170326644,0.8663234395812094,-0.9351363321172416,0.5255814353848942,-0.0069780006561543,0.6582014116397997,2.8664071889582843,1.1697553024683682,right,War Room,False,0.005025125628140704,0.3768844221105528,0.0,0.02512562814070352,0.020100502512562814,0.21105527638190955,0.10050251256281408,0.0,0.08040201005025126,0.0,0.06532663316582915,True,False
