creator,genre,predictor,coef_per_sd,se_hc3,p,n,r2,r2_adj,n_topic_dummies,group,organisation,clipper,subscribers
@60minutes,videos,F1,0.0673840851769909,0.14008939947132742,0.630510999055242,297,0.3309350075548839,0.21722040409583265,20,neutral,CBS News,False,4170000.0
@60minutes,videos,F2,-0.0763075159867781,0.12160392959086759,0.5303258770756281,297,0.3309350075548839,0.21722040409583265,20,neutral,CBS News,False,4170000.0
@60minutes,videos,F3,0.11382014993529371,0.12168477372206477,0.3495982313553556,297,0.3309350075548839,0.21722040409583265,20,neutral,CBS News,False,4170000.0
@60minutes,videos,F4,-0.23326274787560042,0.11107201960714903,0.03571972900140795,297,0.3309350075548839,0.21722040409583265,20,neutral,CBS News,False,4170000.0
@60minutes,videos,F5,-0.08585933614665575,0.10533766441854649,0.41502264676289424,297,0.3309350075548839,0.21722040409583265,20,neutral,CBS News,False,4170000.0
@60minutes,videos,F6,-0.1432488188026288,0.10647428281285072,0.17850119192019687,297,0.3309350075548839,0.21722040409583265,20,neutral,CBS News,False,4170000.0
@60minutes,videos,F7,0.35550289147348574,0.10413925360851863,0.000640809550843709,297,0.3309350075548839,0.21722040409583265,20,neutral,CBS News,False,4170000.0
@60minutes,videos,F8,-0.13357041948490622,0.12779546617018497,0.29593561194939055,297,0.3309350075548839,0.21722040409583265,20,neutral,CBS News,False,4170000.0
@60minutes,videos,F9,0.1386506974778801,0.14087002190243464,0.3249947760519988,297,0.3309350075548839,0.21722040409583265,20,neutral,CBS News,False,4170000.0
@60minutes,videos,F10,-0.14246173762472214,0.11220677831567685,0.20421440727542717,297,0.3309350075548839,0.21722040409583265,20,neutral,CBS News,False,4170000.0
@60minutes,videos,F11,-0.36457820631901533,0.18538804464621866,0.04923302935592462,297,0.3309350075548839,0.21722040409583265,20,neutral,CBS News,False,4170000.0
@60minutes,videos,F12,-0.21998457518205017,0.1134911806739723,0.05258166936029696,297,0.3309350075548839,0.21722040409583265,20,neutral,CBS News,False,4170000.0
@60minutes,videos,curiosity_gap,-0.06487997403619575,0.07776991718510164,0.4041370737676898,297,0.3309350075548839,0.21722040409583265,20,neutral,CBS News,False,4170000.0
@60minutes,videos,outrage,0.08708730884790827,0.08999673705118338,0.33320828218555765,297,0.3309350075548839,0.21722040409583265,20,neutral,CBS News,False,4170000.0
@60minutes,videos,n_tokens,0.7371948056898798,0.15441686801946075,1.8055196405560365e-06,297,0.3309350075548839,0.21722040409583265,20,neutral,CBS News,False,4170000.0
@ABCNews,streams,F1,0.10475212218393012,0.08431256952029054,0.21407945527801875,547,0.4404410760545351,0.397398081904884,16,neutral,ABC News,False,19800000.0
@ABCNews,streams,F2,-0.008726205481520005,0.07919960558983127,0.9122666940998185,547,0.4404410760545351,0.397398081904884,16,neutral,ABC News,False,19800000.0
@ABCNews,streams,F3,-0.03240427085564923,0.1123652255005246,0.7730532384900419,547,0.4404410760545351,0.397398081904884,16,neutral,ABC News,False,19800000.0
@ABCNews,streams,F4,0.01135325647401203,0.10514131079940989,0.9140108197638273,547,0.4404410760545351,0.397398081904884,16,neutral,ABC News,False,19800000.0
@ABCNews,streams,F5,0.07192812938022031,0.08058565051902467,0.3720888516026677,547,0.4404410760545351,0.397398081904884,16,neutral,ABC News,False,19800000.0
@ABCNews,streams,F6,0.028660249156263973,0.07949345772625004,0.7184463788209141,547,0.4404410760545351,0.397398081904884,16,neutral,ABC News,False,19800000.0
@ABCNews,streams,F7,-0.39602182727675206,0.14804574010259278,0.007473004440951457,547,0.4404410760545351,0.397398081904884,16,neutral,ABC News,False,19800000.0
@ABCNews,streams,F8,0.0842171291213088,0.06737731672225515,0.2113240368983783,547,0.4404410760545351,0.397398081904884,16,neutral,ABC News,False,19800000.0
@ABCNews,streams,F9,-0.05832754991888822,0.14974435826377414,0.6968958280941383,547,0.4404410760545351,0.397398081904884,16,neutral,ABC News,False,19800000.0
@ABCNews,streams,F10,0.24176949549465565,0.14155195939123424,0.08763798253549734,547,0.4404410760545351,0.397398081904884,16,neutral,ABC News,False,19800000.0
@ABCNews,streams,F11,-0.07323441569928646,0.2053097506639896,0.7213148460650786,547,0.4404410760545351,0.397398081904884,16,neutral,ABC News,False,19800000.0
@ABCNews,streams,F12,-0.08459640938513324,0.07023034700769086,0.22837462197294145,547,0.4404410760545351,0.397398081904884,16,neutral,ABC News,False,19800000.0
@ABCNews,streams,curiosity_gap,-0.0812009357846735,0.039576918459205856,0.040196438073675574,547,0.4404410760545351,0.397398081904884,16,neutral,ABC News,False,19800000.0
@ABCNews,streams,outrage,0.1417164841100655,0.07822754018172379,0.07004906799463097,547,0.4404410760545351,0.397398081904884,16,neutral,ABC News,False,19800000.0
@ABCNews,streams,n_tokens,-0.04233594880134772,0.1752933697736854,0.8091561221758108,547,0.4404410760545351,0.397398081904884,16,neutral,ABC News,False,19800000.0
@ABCNews,videos,F1,-0.1418697254723983,0.026118587459131756,5.580301191408998e-08,7521,0.25201196634510614,0.2326234634263572,166,neutral,ABC News,False,19800000.0
@ABCNews,videos,F2,-0.09040913206721951,0.021665252111720996,3.006128090791347e-05,7521,0.25201196634510614,0.2326234634263572,166,neutral,ABC News,False,19800000.0
@ABCNews,videos,F3,0.04906017242032122,0.02065126039644287,0.017518057554567243,7521,0.25201196634510614,0.2326234634263572,166,neutral,ABC News,False,19800000.0
@ABCNews,videos,F4,0.0032284787328203807,0.02249714546494278,0.8858904544845726,7521,0.25201196634510614,0.2326234634263572,166,neutral,ABC News,False,19800000.0
@ABCNews,videos,F5,-0.15377091043950955,0.01835606554371525,5.423987849979621e-17,7521,0.25201196634510614,0.2326234634263572,166,neutral,ABC News,False,19800000.0
@ABCNews,videos,F6,0.08214561672719695,0.022878499364631922,0.00033002404161165406,7521,0.25201196634510614,0.2326234634263572,166,neutral,ABC News,False,19800000.0
@ABCNews,videos,F7,-0.0902663399861444,0.02542709720160391,0.0003852228111866656,7521,0.25201196634510614,0.2326234634263572,166,neutral,ABC News,False,19800000.0
@ABCNews,videos,F8,0.09712875723908151,0.022142584232348866,1.1518171853829279e-05,7521,0.25201196634510614,0.2326234634263572,166,neutral,ABC News,False,19800000.0
@ABCNews,videos,F9,-0.14419740577596438,0.022344025872944855,1.0928842014619913e-10,7521,0.25201196634510614,0.2326234634263572,166,neutral,ABC News,False,19800000.0
@ABCNews,videos,F10,-0.060242359597793275,0.020995842639525537,0.0041144408795356045,7521,0.25201196634510614,0.2326234634263572,166,neutral,ABC News,False,19800000.0
@ABCNews,videos,F11,0.20726163703719494,0.030289791384633183,7.77558428472235e-12,7521,0.25201196634510614,0.2326234634263572,166,neutral,ABC News,False,19800000.0
@ABCNews,videos,F12,0.019782971791689627,0.021577174853467582,0.35922272867269545,7521,0.25201196634510614,0.2326234634263572,166,neutral,ABC News,False,19800000.0
@ABCNews,videos,curiosity_gap,-0.02926462914328659,0.018454493038420828,0.11279090660653537,7521,0.25201196634510614,0.2326234634263572,166,neutral,ABC News,False,19800000.0
@ABCNews,videos,outrage,0.11875261808571759,0.020006421711624377,2.9254975962263524e-09,7521,0.25201196634510614,0.2326234634263572,166,neutral,ABC News,False,19800000.0
@ABCNews,videos,humor,0.01091747419876083,0.014175897336683894,0.44121481618883096,7521,0.25201196634510614,0.2326234634263572,166,neutral,ABC News,False,19800000.0
@ABCNews,videos,n_tokens,0.11011220345065632,0.02970719269970089,0.0002100736285955417,7521,0.25201196634510614,0.2326234634263572,166,neutral,ABC News,False,19800000.0
@ANINewsIndia,streams,F1,-0.025760880808366624,0.021915651256735506,0.23981238449993236,7202,0.23386578904787614,0.22285780348411832,78,neutral,ANI,False,9760000.0
@ANINewsIndia,streams,F2,0.0179449855813723,0.015592821680289656,0.2497943003418196,7202,0.23386578904787614,0.22285780348411832,78,neutral,ANI,False,9760000.0
@ANINewsIndia,streams,F3,-0.18377863948117887,0.015659282844342457,8.325401112927532e-32,7202,0.23386578904787614,0.22285780348411832,78,neutral,ANI,False,9760000.0
@ANINewsIndia,streams,F4,0.05064149633115134,0.016159393429059865,0.0017251515615557956,7202,0.23386578904787614,0.22285780348411832,78,neutral,ANI,False,9760000.0
@ANINewsIndia,streams,F5,0.050963712307303774,0.015629588979052384,0.001111297467997111,7202,0.23386578904787614,0.22285780348411832,78,neutral,ANI,False,9760000.0
@ANINewsIndia,streams,F6,-0.03739275992455493,0.01558515890137832,0.016428499760768496,7202,0.23386578904787614,0.22285780348411832,78,neutral,ANI,False,9760000.0
@ANINewsIndia,streams,F7,-0.02859038712182168,0.015660422064877635,0.06790359994350717,7202,0.23386578904787614,0.22285780348411832,78,neutral,ANI,False,9760000.0
@ANINewsIndia,streams,F8,0.011595550126230366,0.0132613662213807,0.3819081955115353,7202,0.23386578904787614,0.22285780348411832,78,neutral,ANI,False,9760000.0
@ANINewsIndia,streams,F9,0.016318109339934515,0.014911362965531378,0.27380564144746944,7202,0.23386578904787614,0.22285780348411832,78,neutral,ANI,False,9760000.0
@ANINewsIndia,streams,F10,-0.05527180373962522,0.01435345966024598,0.00011774932165108791,7202,0.23386578904787614,0.22285780348411832,78,neutral,ANI,False,9760000.0
@ANINewsIndia,streams,F11,0.042930583469616826,0.022137321894211862,0.052466604886702566,7202,0.23386578904787614,0.22285780348411832,78,neutral,ANI,False,9760000.0
@ANINewsIndia,streams,F12,0.014652184369990044,0.015449430839201998,0.34292769868896666,7202,0.23386578904787614,0.22285780348411832,78,neutral,ANI,False,9760000.0
@ANINewsIndia,streams,curiosity_gap,-0.008822602848252769,0.013019807956889194,0.49800678823696565,7202,0.23386578904787614,0.22285780348411832,78,neutral,ANI,False,9760000.0
@ANINewsIndia,streams,outrage,0.12409247405047819,0.015014621521497334,1.3995804050765462e-16,7202,0.23386578904787614,0.22285780348411832,78,neutral,ANI,False,9760000.0
@ANINewsIndia,streams,humor,0.014152527933703044,0.0098922539613316,0.1525254829459406,7202,0.23386578904787614,0.22285780348411832,78,neutral,ANI,False,9760000.0
@ANINewsIndia,streams,n_tokens,0.06195419503122962,0.014662759294989405,2.3864882187270416e-05,7202,0.23386578904787614,0.22285780348411832,78,neutral,ANI,False,9760000.0
@ANINewsIndia,videos,F1,-0.08172934783842423,0.02404055977554972,0.0006747360904650523,11623,0.10318004961068894,0.09184965902025144,121,neutral,ANI,False,9760000.0
@ANINewsIndia,videos,F2,-0.0240185742259634,0.015542725927755598,0.1222674958582548,11623,0.10318004961068894,0.09184965902025144,121,neutral,ANI,False,9760000.0
@ANINewsIndia,videos,F3,0.007394704425021395,0.01472942271512958,0.6156420086446537,11623,0.10318004961068894,0.09184965902025144,121,neutral,ANI,False,9760000.0
@ANINewsIndia,videos,F4,0.029997163220254794,0.01631974865879583,0.06604917692022721,11623,0.10318004961068894,0.09184965902025144,121,neutral,ANI,False,9760000.0
@ANINewsIndia,videos,F5,0.0016687817134242548,0.015528435068689462,0.914419148472129,11623,0.10318004961068894,0.09184965902025144,121,neutral,ANI,False,9760000.0
@ANINewsIndia,videos,F6,0.05500911000901851,0.016565837070280046,0.0008981268504325477,11623,0.10318004961068894,0.09184965902025144,121,neutral,ANI,False,9760000.0
@ANINewsIndia,videos,F7,-0.04822803144968435,0.017164765895239503,0.004958600474553866,11623,0.10318004961068894,0.09184965902025144,121,neutral,ANI,False,9760000.0
@ANINewsIndia,videos,F8,0.00010087054012925846,0.015888654284012784,0.9949345926637775,11623,0.10318004961068894,0.09184965902025144,121,neutral,ANI,False,9760000.0
@ANINewsIndia,videos,F9,-0.03558567150866341,0.016081177808364967,0.02690611390584297,11623,0.10318004961068894,0.09184965902025144,121,neutral,ANI,False,9760000.0
@ANINewsIndia,videos,F10,-0.011013723555453957,0.017129756737176777,0.5202509960219874,11623,0.10318004961068894,0.09184965902025144,121,neutral,ANI,False,9760000.0
@ANINewsIndia,videos,F11,0.03638963930118903,0.02361075231038689,0.12326041133163985,11623,0.10318004961068894,0.09184965902025144,121,neutral,ANI,False,9760000.0
@ANINewsIndia,videos,F12,-0.05063461564515496,0.01695198372930641,0.0028178190099426405,11623,0.10318004961068894,0.09184965902025144,121,neutral,ANI,False,9760000.0
@ANINewsIndia,videos,curiosity_gap,0.012438420501146245,0.012960629574686706,0.33720217200492264,11623,0.10318004961068894,0.09184965902025144,121,neutral,ANI,False,9760000.0
@ANINewsIndia,videos,outrage,0.16736377289660798,0.01618319907969764,4.557856388713078e-25,11623,0.10318004961068894,0.09184965902025144,121,neutral,ANI,False,9760000.0
@ANINewsIndia,videos,humor,0.016484215793819573,0.01692890866468189,0.33018975033300757,11623,0.10318004961068894,0.09184965902025144,121,neutral,ANI,False,9760000.0
@ANINewsIndia,videos,n_tokens,0.13100611540715956,0.016498744720654965,2.0158121495300526e-15,11623,0.10318004961068894,0.09184965902025144,121,neutral,ANI,False,9760000.0
@ActualJusticeWarrior,videos,F1,-0.0813611728084005,0.047931267431170314,0.08961065905318251,368,0.13498359208910327,0.014096205890375524,22,right,Actual Justice Warrior,False,517000.0
@ActualJusticeWarrior,videos,F2,0.02879267732216989,0.04019394178154862,0.4737791440785347,368,0.13498359208910327,0.014096205890375524,22,right,Actual Justice Warrior,False,517000.0
@ActualJusticeWarrior,videos,F3,-0.01032645297015336,0.03541655012745403,0.7706143480661122,368,0.13498359208910327,0.014096205890375524,22,right,Actual Justice Warrior,False,517000.0
@ActualJusticeWarrior,videos,F4,0.02702838906285565,0.05512013641253225,0.6238832969978121,368,0.13498359208910327,0.014096205890375524,22,right,Actual Justice Warrior,False,517000.0
@ActualJusticeWarrior,videos,F5,-0.05115392231710453,0.07516855194646635,0.49617341548350413,368,0.13498359208910327,0.014096205890375524,22,right,Actual Justice Warrior,False,517000.0
@ActualJusticeWarrior,videos,F6,0.06398358008356192,0.04314146281145436,0.1380449094151802,368,0.13498359208910327,0.014096205890375524,22,right,Actual Justice Warrior,False,517000.0
@ActualJusticeWarrior,videos,F7,0.017187138854977635,0.042360487317823214,0.6849372093462515,368,0.13498359208910327,0.014096205890375524,22,right,Actual Justice Warrior,False,517000.0
@ActualJusticeWarrior,videos,F8,0.026221448570788362,0.04021795820288368,0.5144117618360374,368,0.13498359208910327,0.014096205890375524,22,right,Actual Justice Warrior,False,517000.0
@ActualJusticeWarrior,videos,F9,0.03479080976496399,0.04271542571027036,0.41537069768768364,368,0.13498359208910327,0.014096205890375524,22,right,Actual Justice Warrior,False,517000.0
@ActualJusticeWarrior,videos,F10,0.006530697940462321,0.0643310871244431,0.9191400759478024,368,0.13498359208910327,0.014096205890375524,22,right,Actual Justice Warrior,False,517000.0
@ActualJusticeWarrior,videos,F11,-0.005732154844765969,0.04522909159239046,0.899149339564551,368,0.13498359208910327,0.014096205890375524,22,right,Actual Justice Warrior,False,517000.0
@ActualJusticeWarrior,videos,F12,-0.008145144973180585,0.04140935861050138,0.8440637438799217,368,0.13498359208910327,0.014096205890375524,22,right,Actual Justice Warrior,False,517000.0
@ActualJusticeWarrior,videos,curiosity_gap,-0.00923091276682031,0.01999163693866628,0.6442687036439477,368,0.13498359208910327,0.014096205890375524,22,right,Actual Justice Warrior,False,517000.0
@ActualJusticeWarrior,videos,outrage,-0.02778914003694699,0.03990099546480182,0.48614562010592344,368,0.13498359208910327,0.014096205890375524,22,right,Actual Justice Warrior,False,517000.0
@ActualJusticeWarrior,videos,n_tokens,-0.0101996431913699,0.04931656192423033,0.8361505650958934,368,0.13498359208910327,0.014096205890375524,22,right,Actual Justice Warrior,False,517000.0
@AfterPartyEmily,videos,F1,-0.25435431745540726,0.06978077710707474,0.00026734137171587617,393,0.23218310399734565,0.1326103076857622,21,right,Emily Jashinsky,False,145000.0
@AfterPartyEmily,videos,F2,0.05847893266558454,0.059398858245961035,0.324863470680967,393,0.23218310399734565,0.1326103076857622,21,right,Emily Jashinsky,False,145000.0
@AfterPartyEmily,videos,F3,-0.030378492847212585,0.0674196936009814,0.6522866458534579,393,0.23218310399734565,0.1326103076857622,21,right,Emily Jashinsky,False,145000.0
@AfterPartyEmily,videos,F4,-0.08951280753762517,0.06518570609461806,0.16969115267997226,393,0.23218310399734565,0.1326103076857622,21,right,Emily Jashinsky,False,145000.0
@AfterPartyEmily,videos,F5,0.10785824637937491,0.06287165449919505,0.0862479923870368,393,0.23218310399734565,0.1326103076857622,21,right,Emily Jashinsky,False,145000.0
@AfterPartyEmily,videos,F6,0.03580314498033774,0.06976084601833221,0.6077925887892124,393,0.23218310399734565,0.1326103076857622,21,right,Emily Jashinsky,False,145000.0
@AfterPartyEmily,videos,F7,-0.0004791840591162888,0.06460821076966529,0.9940823302059575,393,0.23218310399734565,0.1326103076857622,21,right,Emily Jashinsky,False,145000.0
@AfterPartyEmily,videos,F8,-0.03261051933782588,0.058594240508487626,0.5778361508238326,393,0.23218310399734565,0.1326103076857622,21,right,Emily Jashinsky,False,145000.0
@AfterPartyEmily,videos,F9,0.026841568858049003,0.06663388861479716,0.687079478299383,393,0.23218310399734565,0.1326103076857622,21,right,Emily Jashinsky,False,145000.0
@AfterPartyEmily,videos,F10,0.00032733615129521,0.06609493282700704,0.996048480836873,393,0.23218310399734565,0.1326103076857622,21,right,Emily Jashinsky,False,145000.0
@AfterPartyEmily,videos,F11,0.07727424314999498,0.07795031326135361,0.3215259771980743,393,0.23218310399734565,0.1326103076857622,21,right,Emily Jashinsky,False,145000.0
@AfterPartyEmily,videos,F12,-0.11517313355926463,0.06680092332310436,0.08468530242069439,393,0.23218310399734565,0.1326103076857622,21,right,Emily Jashinsky,False,145000.0
@AfterPartyEmily,videos,curiosity_gap,0.0019198567754177276,0.0675568865314511,0.9773284708761292,393,0.23218310399734565,0.1326103076857622,21,right,Emily Jashinsky,False,145000.0
@AfterPartyEmily,videos,outrage,-0.016936699190973042,0.06119293073964925,0.781952555067138,393,0.23218310399734565,0.1326103076857622,21,right,Emily Jashinsky,False,145000.0
@AfterPartyEmily,videos,humor,-0.08685533237319486,0.47958336887300484,0.8562845277413391,393,0.23218310399734565,0.1326103076857622,21,right,Emily Jashinsky,False,145000.0
@AfterPartyEmily,videos,n_tokens,-0.08942007328892887,0.09667167057016526,0.3549724827208166,393,0.23218310399734565,0.1326103076857622,21,right,Emily Jashinsky,False,145000.0
@AndWeKnowOfficial-o9b,videos,F1,0.002999511782113662,0.046867865838775884,0.9489707642075542,184,0.7338303089897193,0.6774234870537659,9,right,And We Know,False,16100.0
@AndWeKnowOfficial-o9b,videos,F2,0.04997786946641042,0.03417465869447704,0.14362482907273344,184,0.7338303089897193,0.6774234870537659,9,right,And We Know,False,16100.0
@AndWeKnowOfficial-o9b,videos,F3,0.024338137330469023,0.03156152883319339,0.4406280849803641,184,0.7338303089897193,0.6774234870537659,9,right,And We Know,False,16100.0
@AndWeKnowOfficial-o9b,videos,F4,0.025568826350287358,0.046856316779356304,0.5852819397889063,184,0.7338303089897193,0.6774234870537659,9,right,And We Know,False,16100.0
@AndWeKnowOfficial-o9b,videos,F5,-0.015895347192788734,0.04211278187795306,0.7058413735844626,184,0.7338303089897193,0.6774234870537659,9,right,And We Know,False,16100.0
@AndWeKnowOfficial-o9b,videos,F6,-0.018831442769801032,0.04116304547876774,0.6473230590825724,184,0.7338303089897193,0.6774234870537659,9,right,And We Know,False,16100.0
@AndWeKnowOfficial-o9b,videos,F7,0.005270500835059422,0.04581815498651401,0.908420677854286,184,0.7338303089897193,0.6774234870537659,9,right,And We Know,False,16100.0
@AndWeKnowOfficial-o9b,videos,F8,-0.04609046349927573,0.039382548531832776,0.2418693633435346,184,0.7338303089897193,0.6774234870537659,9,right,And We Know,False,16100.0
@AndWeKnowOfficial-o9b,videos,F9,0.05644900238583972,0.036338807381805976,0.12032563842901772,184,0.7338303089897193,0.6774234870537659,9,right,And We Know,False,16100.0
@AndWeKnowOfficial-o9b,videos,F10,0.03253773097930002,0.042876059409127754,0.44792508323928104,184,0.7338303089897193,0.6774234870537659,9,right,And We Know,False,16100.0
@AndWeKnowOfficial-o9b,videos,F11,0.004297512172530604,0.05480406206820475,0.9374971924058118,184,0.7338303089897193,0.6774234870537659,9,right,And We Know,False,16100.0
@AndWeKnowOfficial-o9b,videos,F12,-0.016054728924308814,0.04310417293625254,0.709547820834473,184,0.7338303089897193,0.6774234870537659,9,right,And We Know,False,16100.0
@AndWeKnowOfficial-o9b,videos,curiosity_gap,-0.02465436018183384,0.028156992346549302,0.38124563875793305,184,0.7338303089897193,0.6774234870537659,9,right,And We Know,False,16100.0
@AndWeKnowOfficial-o9b,videos,outrage,0.03031194264561443,0.03151218443457138,0.3360939011680222,184,0.7338303089897193,0.6774234870537659,9,right,And We Know,False,16100.0
@AndWeKnowOfficial-o9b,videos,n_tokens,0.002061268679946132,0.02877158290867125,0.9428864015920185,184,0.7338303089897193,0.6774234870537659,9,right,And We Know,False,16100.0
@AndrewKlavan,videos,F1,-0.0428221858810367,0.09748128783806706,0.6604541620056841,183,0.44179272355302734,0.3227085045776732,8,right,Daily Wire,False,813000.0
@AndrewKlavan,videos,F2,-0.050934779844040545,0.09038170187954074,0.5730591294030281,183,0.44179272355302734,0.3227085045776732,8,right,Daily Wire,False,813000.0
@AndrewKlavan,videos,F3,-0.2164627293849516,0.09611765534745306,0.024318478990008437,183,0.44179272355302734,0.3227085045776732,8,right,Daily Wire,False,813000.0
@AndrewKlavan,videos,F4,0.18885080311519598,0.07475854136509574,0.011532236638438132,183,0.44179272355302734,0.3227085045776732,8,right,Daily Wire,False,813000.0
@AndrewKlavan,videos,F5,0.008505168919006212,0.09023317512544869,0.9249044739407979,183,0.44179272355302734,0.3227085045776732,8,right,Daily Wire,False,813000.0
@AndrewKlavan,videos,F6,-0.1441676003112383,0.10512825453779903,0.17026596956370388,183,0.44179272355302734,0.3227085045776732,8,right,Daily Wire,False,813000.0
@AndrewKlavan,videos,F7,-0.0590678177555817,0.09175119633809947,0.5197164606879339,183,0.44179272355302734,0.3227085045776732,8,right,Daily Wire,False,813000.0
@AndrewKlavan,videos,F8,-0.14844910191813065,0.1194992874428317,0.21414090441773592,183,0.44179272355302734,0.3227085045776732,8,right,Daily Wire,False,813000.0
@AndrewKlavan,videos,F9,0.05612913451474527,0.0921870252934469,0.5426162163085843,183,0.44179272355302734,0.3227085045776732,8,right,Daily Wire,False,813000.0
@AndrewKlavan,videos,F10,0.09403377956171322,0.0672072527791042,0.1617646527263632,183,0.44179272355302734,0.3227085045776732,8,right,Daily Wire,False,813000.0
@AndrewKlavan,videos,F11,0.07288373047332186,0.11557883950789329,0.5283037156556157,183,0.44179272355302734,0.3227085045776732,8,right,Daily Wire,False,813000.0
@AndrewKlavan,videos,F12,0.021172368657959684,0.09087886618148958,0.8157819739155169,183,0.44179272355302734,0.3227085045776732,8,right,Daily Wire,False,813000.0
@AndrewKlavan,videos,curiosity_gap,0.07558755915104376,0.08555762776834806,0.3769826259770145,183,0.44179272355302734,0.3227085045776732,8,right,Daily Wire,False,813000.0
@AndrewKlavan,videos,outrage,-0.09264022498688296,0.09211546324985885,0.3145614515134677,183,0.44179272355302734,0.3227085045776732,8,right,Daily Wire,False,813000.0
@AndrewKlavan,videos,humor,0.08061759980395944,0.10111122209935987,0.42526750359317245,183,0.44179272355302734,0.3227085045776732,8,right,Daily Wire,False,813000.0
@AndrewKlavan,videos,n_tokens,-0.32473497050271377,0.11213099922551015,0.003779137695922517,183,0.44179272355302734,0.3227085045776732,8,right,Daily Wire,False,813000.0
@AnthonyBrianLogan,videos,F1,0.004521985872689038,0.07138237416059127,0.9494887778654586,233,0.5663735993951111,0.4867279339778866,13,right,Anthony Brian Logan,False,1080000.0
@AnthonyBrianLogan,videos,F2,-0.06437813441099241,0.057278907304722494,0.2610378929828897,233,0.5663735993951111,0.4867279339778866,13,right,Anthony Brian Logan,False,1080000.0
@AnthonyBrianLogan,videos,F3,-0.182301454989219,0.07956516680956165,0.021950581276625226,233,0.5663735993951111,0.4867279339778866,13,right,Anthony Brian Logan,False,1080000.0
@AnthonyBrianLogan,videos,F4,-0.050125305611605886,0.054900580521518125,0.3612322376556608,233,0.5663735993951111,0.4867279339778866,13,right,Anthony Brian Logan,False,1080000.0
@AnthonyBrianLogan,videos,F5,-0.06732882825497655,0.04187819563950234,0.1078943420271144,233,0.5663735993951111,0.4867279339778866,13,right,Anthony Brian Logan,False,1080000.0
@AnthonyBrianLogan,videos,F6,0.0382767244866935,0.05694804330385,0.5014982998453328,233,0.5663735993951111,0.4867279339778866,13,right,Anthony Brian Logan,False,1080000.0
@AnthonyBrianLogan,videos,F7,0.05295625845400198,0.05184094382991367,0.30701090143111565,233,0.5663735993951111,0.4867279339778866,13,right,Anthony Brian Logan,False,1080000.0
@AnthonyBrianLogan,videos,F8,-0.11126063824297536,0.050216152884903206,0.02671654755582403,233,0.5663735993951111,0.4867279339778866,13,right,Anthony Brian Logan,False,1080000.0
@AnthonyBrianLogan,videos,F9,-0.10720245128322303,0.062246981567946294,0.0850312595459577,233,0.5663735993951111,0.4867279339778866,13,right,Anthony Brian Logan,False,1080000.0
@AnthonyBrianLogan,videos,F10,0.06154826010236096,0.06502992920192631,0.34391375379651734,233,0.5663735993951111,0.4867279339778866,13,right,Anthony Brian Logan,False,1080000.0
@AnthonyBrianLogan,videos,F11,0.037507752101063996,0.07396693135529593,0.6120929908503356,233,0.5663735993951111,0.4867279339778866,13,right,Anthony Brian Logan,False,1080000.0
@AnthonyBrianLogan,videos,F12,-0.03216710203364659,0.05566702665046782,0.5633664781510274,233,0.5663735993951111,0.4867279339778866,13,right,Anthony Brian Logan,False,1080000.0
@AnthonyBrianLogan,videos,curiosity_gap,0.13117201917109508,0.05563177563545366,0.01838055167624581,233,0.5663735993951111,0.4867279339778866,13,right,Anthony Brian Logan,False,1080000.0
@AnthonyBrianLogan,videos,outrage,0.15169403318957608,0.07034595281979004,0.03105242191712714,233,0.5663735993951111,0.4867279339778866,13,right,Anthony Brian Logan,False,1080000.0
@AnthonyBrianLogan,videos,n_tokens,0.14362537008496123,0.07082307959073662,0.0425657752860026,233,0.5663735993951111,0.4867279339778866,13,right,Anthony Brian Logan,False,1080000.0
@AsmonTV,videos,F1,-0.014983613881314833,0.018815435764689793,0.42583043458222736,825,0.24147940415336389,0.19766242493244135,21,right,Asmongold,True,4690000.0
@AsmonTV,videos,F2,0.015018597124073274,0.016286502933103054,0.3564503892550722,825,0.24147940415336389,0.19766242493244135,21,right,Asmongold,True,4690000.0
@AsmonTV,videos,F3,0.0042048495379878315,0.01835593743664932,0.8188121834212919,825,0.24147940415336389,0.19766242493244135,21,right,Asmongold,True,4690000.0
@AsmonTV,videos,F4,0.005855157595891114,0.0180205005669742,0.745244284479057,825,0.24147940415336389,0.19766242493244135,21,right,Asmongold,True,4690000.0
@AsmonTV,videos,F5,0.006482057352706766,0.017820325365157152,0.7160483066700576,825,0.24147940415336389,0.19766242493244135,21,right,Asmongold,True,4690000.0
@AsmonTV,videos,F6,-0.013726166261004202,0.019766241603533803,0.48741591244730575,825,0.24147940415336389,0.19766242493244135,21,right,Asmongold,True,4690000.0
@AsmonTV,videos,F7,0.04399379730878755,0.018143647451362193,0.015318959397829405,825,0.24147940415336389,0.19766242493244135,21,right,Asmongold,True,4690000.0
@AsmonTV,videos,F8,0.0035799042286970284,0.018581777900266667,0.8472278272652755,825,0.24147940415336389,0.19766242493244135,21,right,Asmongold,True,4690000.0
@AsmonTV,videos,F9,-0.005759664500792128,0.015964153173381596,0.7182584208582046,825,0.24147940415336389,0.19766242493244135,21,right,Asmongold,True,4690000.0
@AsmonTV,videos,F10,0.004719796234412696,0.015321348518914686,0.7580415637848724,825,0.24147940415336389,0.19766242493244135,21,right,Asmongold,True,4690000.0
@AsmonTV,videos,F11,0.019032451875869327,0.01978322566006134,0.3360244978293284,825,0.24147940415336389,0.19766242493244135,21,right,Asmongold,True,4690000.0
@AsmonTV,videos,F12,0.04669419333402547,0.01953275497105427,0.016822769080180915,825,0.24147940415336389,0.19766242493244135,21,right,Asmongold,True,4690000.0
@AsmonTV,videos,curiosity_gap,0.003428918338486797,0.014895163471598843,0.8179336644929927,825,0.24147940415336389,0.19766242493244135,21,right,Asmongold,True,4690000.0
@AsmonTV,videos,outrage,0.029674673052511313,0.016169889040946992,0.066478876179094,825,0.24147940415336389,0.19766242493244135,21,right,Asmongold,True,4690000.0
@AsmonTV,videos,humor,0.03572413489476181,0.0180823912839446,0.048196571669547224,825,0.24147940415336389,0.19766242493244135,21,right,Asmongold,True,4690000.0
@AsmonTV,videos,n_tokens,-0.0031115236506072397,0.017109032399047767,0.8556891552049579,825,0.24147940415336389,0.19766242493244135,21,right,Asmongold,True,4690000.0
@AssociatedPress,streams,F1,-0.01524487267898933,0.07417565795939664,0.8371628042795933,1098,0.34898924306830215,0.29361147343810823,62,neutral,Associated Press,False,4650000.0
@AssociatedPress,streams,F2,0.02308645411689763,0.05282223294531099,0.6620682610171784,1098,0.34898924306830215,0.29361147343810823,62,neutral,Associated Press,False,4650000.0
@AssociatedPress,streams,F3,-0.3622051135411113,0.07731240672479565,2.8002202998560894e-06,1098,0.34898924306830215,0.29361147343810823,62,neutral,Associated Press,False,4650000.0
@AssociatedPress,streams,F4,0.08929903718689769,0.06605232219918114,0.1763932473584292,1098,0.34898924306830215,0.29361147343810823,62,neutral,Associated Press,False,4650000.0
@AssociatedPress,streams,F5,0.09448882576978629,0.06546448926062554,0.14891908353016137,1098,0.34898924306830215,0.29361147343810823,62,neutral,Associated Press,False,4650000.0
@AssociatedPress,streams,F6,-0.002006719015847404,0.06522079006677997,0.9754544903580262,1098,0.34898924306830215,0.29361147343810823,62,neutral,Associated Press,False,4650000.0
@AssociatedPress,streams,F7,-0.12017263480014911,0.05667004968722564,0.03395826130848651,1098,0.34898924306830215,0.29361147343810823,62,neutral,Associated Press,False,4650000.0
@AssociatedPress,streams,F8,0.16330729445376996,0.07882190711303454,0.03827928273677226,1098,0.34898924306830215,0.29361147343810823,62,neutral,Associated Press,False,4650000.0
@AssociatedPress,streams,F9,0.047423328518070934,0.054984420107470226,0.38841977413494455,1098,0.34898924306830215,0.29361147343810823,62,neutral,Associated Press,False,4650000.0
@AssociatedPress,streams,F10,-0.04529977471578664,0.046812384126793144,0.333200294665419,1098,0.34898924306830215,0.29361147343810823,62,neutral,Associated Press,False,4650000.0
@AssociatedPress,streams,F11,0.09089125315858743,0.0875071662272231,0.29895725548658547,1098,0.34898924306830215,0.29361147343810823,62,neutral,Associated Press,False,4650000.0
@AssociatedPress,streams,F12,-0.008632383884311784,0.057264939544719076,0.8801771415788548,1098,0.34898924306830215,0.29361147343810823,62,neutral,Associated Press,False,4650000.0
@AssociatedPress,streams,curiosity_gap,-0.12119397772157539,0.04738879313239237,0.010544585812719267,1098,0.34898924306830215,0.29361147343810823,62,neutral,Associated Press,False,4650000.0
@AssociatedPress,streams,outrage,0.06577409438173568,0.050560727364919254,0.19329509550767954,1098,0.34898924306830215,0.29361147343810823,62,neutral,Associated Press,False,4650000.0
@AssociatedPress,streams,humor,-0.06195012378491303,0.2657584521331374,0.8156784120809781,1098,0.34898924306830215,0.29361147343810823,62,neutral,Associated Press,False,4650000.0
@AssociatedPress,streams,n_tokens,0.05393672508555444,0.0698006285823854,0.4396848565058974,1098,0.34898924306830215,0.29361147343810823,62,neutral,Associated Press,False,4650000.0
@AssociatedPress,videos,F1,-0.0641630892251048,0.03213483088012097,0.045859566758443285,5255,0.10635857715543118,0.07447426855403816,157,neutral,Associated Press,False,4650000.0
@AssociatedPress,videos,F2,-0.048389892806386045,0.019919543075981407,0.015129377272253415,5255,0.10635857715543118,0.07447426855403816,157,neutral,Associated Press,False,4650000.0
@AssociatedPress,videos,F3,0.014888743745456044,0.02207760313428206,0.5000683225737821,5255,0.10635857715543118,0.07447426855403816,157,neutral,Associated Press,False,4650000.0
@AssociatedPress,videos,F4,-0.039943541023063696,0.022158848786801712,0.07145105561391808,5255,0.10635857715543118,0.07447426855403816,157,neutral,Associated Press,False,4650000.0
@AssociatedPress,videos,F5,-0.018490241747519856,0.021906663071188097,0.3986434356884542,5255,0.10635857715543118,0.07447426855403816,157,neutral,Associated Press,False,4650000.0
@AssociatedPress,videos,F6,0.09397693685027816,0.023940097038943762,8.654847950392898e-05,5255,0.10635857715543118,0.07447426855403816,157,neutral,Associated Press,False,4650000.0
@AssociatedPress,videos,F7,0.016450282873957132,0.025965783028986736,0.5263830621847461,5255,0.10635857715543118,0.07447426855403816,157,neutral,Associated Press,False,4650000.0
@AssociatedPress,videos,F8,0.008487646705926201,0.022716656832607297,0.7086788834508921,5255,0.10635857715543118,0.07447426855403816,157,neutral,Associated Press,False,4650000.0
@AssociatedPress,videos,F9,0.03315854661816378,0.023329583325887956,0.15522694983725413,5255,0.10635857715543118,0.07447426855403816,157,neutral,Associated Press,False,4650000.0
@AssociatedPress,videos,F10,-0.05251348571459406,0.022611524360516794,0.020210261747447635,5255,0.10635857715543118,0.07447426855403816,157,neutral,Associated Press,False,4650000.0
@AssociatedPress,videos,F11,0.06399559922043396,0.031191504652603494,0.040198860666246505,5255,0.10635857715543118,0.07447426855403816,157,neutral,Associated Press,False,4650000.0
@AssociatedPress,videos,F12,-0.040676700432293156,0.02382604968204277,0.0877781130037836,5255,0.10635857715543118,0.07447426855403816,157,neutral,Associated Press,False,4650000.0
@AssociatedPress,videos,curiosity_gap,0.016286231350991304,0.02146816073678136,0.44807836514143795,5255,0.10635857715543118,0.07447426855403816,157,neutral,Associated Press,False,4650000.0
@AssociatedPress,videos,outrage,0.07331944909017445,0.020876451941185186,0.0004446398054251686,5255,0.10635857715543118,0.07447426855403816,157,neutral,Associated Press,False,4650000.0
@AssociatedPress,videos,humor,0.016720342525205066,0.013864635703495344,0.22782884091675604,5255,0.10635857715543118,0.07447426855403816,157,neutral,Associated Press,False,4650000.0
@AssociatedPress,videos,n_tokens,0.061806892264652843,0.022007183410421335,0.0049774865669700115,5255,0.10635857715543118,0.07447426855403816,157,neutral,Associated Press,False,4650000.0
@BBCNews,videos,F1,-0.06280566411150365,0.039305972669679834,0.11007287712375094,2202,0.34154052370217103,0.30987175841356107,78,neutral,BBC,False,20100000.0
@BBCNews,videos,F2,0.046011492396173,0.026162213774660135,0.07862843173449205,2202,0.34154052370217103,0.30987175841356107,78,neutral,BBC,False,20100000.0
@BBCNews,videos,F3,-0.21714247888211866,0.037691247990249026,8.357499548051784e-09,2202,0.34154052370217103,0.30987175841356107,78,neutral,BBC,False,20100000.0
@BBCNews,videos,F4,0.12086741640753537,0.029870512799943186,5.2015987068995336e-05,2202,0.34154052370217103,0.30987175841356107,78,neutral,BBC,False,20100000.0
@BBCNews,videos,F5,0.02789798048009113,0.03337458558679402,0.40320839123580676,2202,0.34154052370217103,0.30987175841356107,78,neutral,BBC,False,20100000.0
@BBCNews,videos,F6,-0.038332430384026006,0.030117049558231898,0.2030955067085095,2202,0.34154052370217103,0.30987175841356107,78,neutral,BBC,False,20100000.0
@BBCNews,videos,F7,0.034338901425631785,0.03253903482734884,0.29128170619288585,2202,0.34154052370217103,0.30987175841356107,78,neutral,BBC,False,20100000.0
@BBCNews,videos,F8,-0.021621289816691966,0.02735986116111549,0.4293783762143807,2202,0.34154052370217103,0.30987175841356107,78,neutral,BBC,False,20100000.0
@BBCNews,videos,F9,0.11498953913786256,0.02797992008554524,3.9614516527355946e-05,2202,0.34154052370217103,0.30987175841356107,78,neutral,BBC,False,20100000.0
@BBCNews,videos,F10,-0.04660579755421336,0.026763758927942652,0.08161749533368223,2202,0.34154052370217103,0.30987175841356107,78,neutral,BBC,False,20100000.0
@BBCNews,videos,F11,-0.011901347592846057,0.036612350759447465,0.7451328327876774,2202,0.34154052370217103,0.30987175841356107,78,neutral,BBC,False,20100000.0
@BBCNews,videos,F12,-0.03316301204036734,0.03178104790948869,0.2967242303898252,2202,0.34154052370217103,0.30987175841356107,78,neutral,BBC,False,20100000.0
@BBCNews,videos,curiosity_gap,-0.03247477399920087,0.024500588644492324,0.18501560048376908,2202,0.34154052370217103,0.30987175841356107,78,neutral,BBC,False,20100000.0
@BBCNews,videos,outrage,0.07640675427999634,0.02648771298677935,0.003918972921306006,2202,0.34154052370217103,0.30987175841356107,78,neutral,BBC,False,20100000.0
@BBCNews,videos,n_tokens,0.021306344186828703,0.029828760382515064,0.47504872564552125,2202,0.34154052370217103,0.30987175841356107,78,neutral,BBC,False,20100000.0
@BadEmpanadaLive,videos,F1,0.03170583813110886,0.03903296558846357,0.41662891399207713,273,0.22166816195663042,0.10293957649238761,12,left,BadEmpanada,False,100000.0
@BadEmpanadaLive,videos,F2,0.006449299909433548,0.03993391301289797,0.8717001446618196,273,0.22166816195663042,0.10293957649238761,12,left,BadEmpanada,False,100000.0
@BadEmpanadaLive,videos,F3,-0.05382656529814793,0.04094090099655782,0.18859791328613273,273,0.22166816195663042,0.10293957649238761,12,left,BadEmpanada,False,100000.0
@BadEmpanadaLive,videos,F4,-0.022529216902496707,0.029510158181562777,0.44520140124117713,273,0.22166816195663042,0.10293957649238761,12,left,BadEmpanada,False,100000.0
@BadEmpanadaLive,videos,F5,0.09137512443100176,0.03222117323174101,0.004570075156333425,273,0.22166816195663042,0.10293957649238761,12,left,BadEmpanada,False,100000.0
@BadEmpanadaLive,videos,F6,0.03501097852692539,0.0367290681131976,0.34047728798550725,273,0.22166816195663042,0.10293957649238761,12,left,BadEmpanada,False,100000.0
@BadEmpanadaLive,videos,F7,-0.0003726938856655204,0.03687257968009174,0.9919354263634812,273,0.22166816195663042,0.10293957649238761,12,left,BadEmpanada,False,100000.0
@BadEmpanadaLive,videos,F8,-0.04498499172981929,0.07330687159903318,0.5394445619659858,273,0.22166816195663042,0.10293957649238761,12,left,BadEmpanada,False,100000.0
@BadEmpanadaLive,videos,F9,-0.0004679378200046491,0.03845488656517191,0.9902911910160641,273,0.22166816195663042,0.10293957649238761,12,left,BadEmpanada,False,100000.0
@BadEmpanadaLive,videos,F10,-0.005775801435557781,0.033565417587217164,0.8633778124174404,273,0.22166816195663042,0.10293957649238761,12,left,BadEmpanada,False,100000.0
@BadEmpanadaLive,videos,F11,-0.07206909392948047,0.044743434116710175,0.10724100951014996,273,0.22166816195663042,0.10293957649238761,12,left,BadEmpanada,False,100000.0
@BadEmpanadaLive,videos,F12,-0.08536963211976106,0.03861749518567097,0.027060323240320757,273,0.22166816195663042,0.10293957649238761,12,left,BadEmpanada,False,100000.0
@BadEmpanadaLive,videos,curiosity_gap,-0.01954533672698422,0.024707784181133043,0.42890905104969934,273,0.22166816195663042,0.10293957649238761,12,left,BadEmpanada,False,100000.0
@BadEmpanadaLive,videos,outrage,-0.036855179142969985,0.03664684641880821,0.314567181359687,273,0.22166816195663042,0.10293957649238761,12,left,BadEmpanada,False,100000.0
@BadEmpanadaLive,videos,humor,0.01152223419975762,2.7235451187620674,0.9966244784098677,273,0.22166816195663042,0.10293957649238761,12,left,BadEmpanada,False,100000.0
@BadEmpanadaLive,videos,n_tokens,0.028371527029491972,0.04565608421338738,0.5343244230334284,273,0.22166816195663042,0.10293957649238761,12,left,BadEmpanada,False,100000.0
@BelleRanch,videos,F1,0.02021761892797025,0.015245795666819516,0.18480289853216147,770,0.3163890451542305,0.2616617636567462,33,left,Belle of the Ranch,False,877000.0
@BelleRanch,videos,F2,0.005421866308748302,0.012840211790263829,0.6728376112091667,770,0.3163890451542305,0.2616617636567462,33,left,Belle of the Ranch,False,877000.0
@BelleRanch,videos,F3,-0.034804613350477964,0.010960921811297628,0.0014966291827191538,770,0.3163890451542305,0.2616617636567462,33,left,Belle of the Ranch,False,877000.0
@BelleRanch,videos,F4,0.0075302596546335115,0.012018139336677981,0.5309381874406296,770,0.3163890451542305,0.2616617636567462,33,left,Belle of the Ranch,False,877000.0
@BelleRanch,videos,F5,0.0025473294704336236,0.012960422699739873,0.8441822141567477,770,0.3163890451542305,0.2616617636567462,33,left,Belle of the Ranch,False,877000.0
@BelleRanch,videos,F6,-0.004291166765547444,0.011499888727228158,0.7090378886771992,770,0.3163890451542305,0.2616617636567462,33,left,Belle of the Ranch,False,877000.0
@BelleRanch,videos,F7,-0.01942021116691056,0.014895816991503738,0.19232364927080292,770,0.3163890451542305,0.2616617636567462,33,left,Belle of the Ranch,False,877000.0
@BelleRanch,videos,F8,-0.02301799912005345,0.010132618232746452,0.023106245095234765,770,0.3163890451542305,0.2616617636567462,33,left,Belle of the Ranch,False,877000.0
@BelleRanch,videos,F9,0.009919908673205469,0.01320031430208204,0.45235761266827956,770,0.3163890451542305,0.2616617636567462,33,left,Belle of the Ranch,False,877000.0
@BelleRanch,videos,F10,-0.009757398299132108,0.013232049652116268,0.4608752354202088,770,0.3163890451542305,0.2616617636567462,33,left,Belle of the Ranch,False,877000.0
@BelleRanch,videos,F11,-0.018497660940814425,0.01643864574231566,0.26048118271378007,770,0.3163890451542305,0.2616617636567462,33,left,Belle of the Ranch,False,877000.0
@BelleRanch,videos,F12,-0.0007905328014515545,0.014424700320383189,0.9562945294227574,770,0.3163890451542305,0.2616617636567462,33,left,Belle of the Ranch,False,877000.0
@BelleRanch,videos,curiosity_gap,-0.013493192440992147,0.011304999410875422,0.23265022064510188,770,0.3163890451542305,0.2616617636567462,33,left,Belle of the Ranch,False,877000.0
@BelleRanch,videos,outrage,0.02114662734941447,0.010691859338659734,0.047948445268774495,770,0.3163890451542305,0.2616617636567462,33,left,Belle of the Ranch,False,877000.0
@BelleRanch,videos,humor,0.008479147061261405,0.0106475410866881,0.4258298474048522,770,0.3163890451542305,0.2616617636567462,33,left,Belle of the Ranch,False,877000.0
@BelleRanch,videos,n_tokens,-0.005931866136826294,0.01460759951988387,0.6846832106436995,770,0.3163890451542305,0.2616617636567462,33,left,Belle of the Ranch,False,877000.0
@BenShapiro,videos,F1,-0.10977157251547962,0.05682639599925584,0.05339649401048887,506,0.22314589320592693,0.13777731004174298,26,right,Daily Wire,False,6980000.0
@BenShapiro,videos,F2,-0.01819700412100167,0.05436460405405436,0.73783514944657,506,0.22314589320592693,0.13777731004174298,26,right,Daily Wire,False,6980000.0
@BenShapiro,videos,F3,0.12571520399465175,0.05063352404496939,0.013033770058551579,506,0.22314589320592693,0.13777731004174298,26,right,Daily Wire,False,6980000.0
@BenShapiro,videos,F4,-0.015383475647246028,0.059262117885422405,0.7951849653960558,506,0.22314589320592693,0.13777731004174298,26,right,Daily Wire,False,6980000.0
@BenShapiro,videos,F5,-0.06254623623669181,0.05779043844155881,0.2791219768992501,506,0.22314589320592693,0.13777731004174298,26,right,Daily Wire,False,6980000.0
@BenShapiro,videos,F6,-0.09910756985976438,0.06137266164375998,0.10634343920533552,506,0.22314589320592693,0.13777731004174298,26,right,Daily Wire,False,6980000.0
@BenShapiro,videos,F7,-0.01644726780543193,0.05661420658473373,0.7714223908014626,506,0.22314589320592693,0.13777731004174298,26,right,Daily Wire,False,6980000.0
@BenShapiro,videos,F8,-0.018365875456390707,0.04920565258045007,0.708964418195972,506,0.22314589320592693,0.13777731004174298,26,right,Daily Wire,False,6980000.0
@BenShapiro,videos,F9,0.22763271618329017,0.05837727286273153,9.645606287888961e-05,506,0.22314589320592693,0.13777731004174298,26,right,Daily Wire,False,6980000.0
@BenShapiro,videos,F10,-0.07602250266077706,0.045949421757446075,0.09802956703938796,506,0.22314589320592693,0.13777731004174298,26,right,Daily Wire,False,6980000.0
@BenShapiro,videos,F11,0.011091911674993127,0.06749078670372903,0.8694579449129267,506,0.22314589320592693,0.13777731004174298,26,right,Daily Wire,False,6980000.0
@BenShapiro,videos,F12,-0.05759593603672336,0.06435846775595899,0.37082772752894566,506,0.22314589320592693,0.13777731004174298,26,right,Daily Wire,False,6980000.0
@BenShapiro,videos,curiosity_gap,0.07194082527253398,0.04874054805340446,0.1399451240779548,506,0.22314589320592693,0.13777731004174298,26,right,Daily Wire,False,6980000.0
@BenShapiro,videos,outrage,0.01916251597702484,0.05499295475258697,0.7274992417148219,506,0.22314589320592693,0.13777731004174298,26,right,Daily Wire,False,6980000.0
@BenShapiro,videos,humor,-0.022275472668282448,0.03301843966748689,0.4999061965750581,506,0.22314589320592693,0.13777731004174298,26,right,Daily Wire,False,6980000.0
@BenShapiro,videos,n_tokens,-0.026048400853353193,0.06342785889828187,0.6813089542535744,506,0.22314589320592693,0.13777731004174298,26,right,Daily Wire,False,6980000.0
@BlackConservativePerspective,videos,F1,-0.02383205777952871,0.017044705956435088,0.16205037640217412,1192,0.15795424090063115,0.10216965166754854,50,right,Black Conservative Perspective,False,1000000.0
@BlackConservativePerspective,videos,F2,0.021234687359682494,0.013575424708547583,0.11777046834663765,1192,0.15795424090063115,0.10216965166754854,50,right,Black Conservative Perspective,False,1000000.0
@BlackConservativePerspective,videos,F3,-0.002737542530843906,0.012824873929137027,0.8309715336905584,1192,0.15795424090063115,0.10216965166754854,50,right,Black Conservative Perspective,False,1000000.0
@BlackConservativePerspective,videos,F4,0.035972371685701665,0.01602520274945016,0.024784996657654792,1192,0.15795424090063115,0.10216965166754854,50,right,Black Conservative Perspective,False,1000000.0
@BlackConservativePerspective,videos,F5,-0.0035429862729208506,0.014040022476740554,0.8007712814937145,1192,0.15795424090063115,0.10216965166754854,50,right,Black Conservative Perspective,False,1000000.0
@BlackConservativePerspective,videos,F6,-0.005685468455963558,0.014140813840178462,0.6876392014090515,1192,0.15795424090063115,0.10216965166754854,50,right,Black Conservative Perspective,False,1000000.0
@BlackConservativePerspective,videos,F7,-0.010107535671807583,0.012355858443394277,0.41333669350832003,1192,0.15795424090063115,0.10216965166754854,50,right,Black Conservative Perspective,False,1000000.0
@BlackConservativePerspective,videos,F8,0.0015158185384442913,0.012705333516242168,0.905033178437013,1192,0.15795424090063115,0.10216965166754854,50,right,Black Conservative Perspective,False,1000000.0
@BlackConservativePerspective,videos,F9,0.027619171870298553,0.013549135997415277,0.041505425209289896,1192,0.15795424090063115,0.10216965166754854,50,right,Black Conservative Perspective,False,1000000.0
@BlackConservativePerspective,videos,F10,-0.020725224701310246,0.011791579838996867,0.0788106264811259,1192,0.15795424090063115,0.10216965166754854,50,right,Black Conservative Perspective,False,1000000.0
@BlackConservativePerspective,videos,F11,0.0018763325581281631,0.017372349119041466,0.9139902652122329,1192,0.15795424090063115,0.10216965166754854,50,right,Black Conservative Perspective,False,1000000.0
@BlackConservativePerspective,videos,F12,-0.02519335049816762,0.014026079353803268,0.0724660385855778,1192,0.15795424090063115,0.10216965166754854,50,right,Black Conservative Perspective,False,1000000.0
@BlackConservativePerspective,videos,curiosity_gap,-0.007909280482056469,0.015467968817795361,0.609118010708533,1192,0.15795424090063115,0.10216965166754854,50,right,Black Conservative Perspective,False,1000000.0
@BlackConservativePerspective,videos,outrage,0.007127521600321714,0.014235004266595849,0.6165795544540881,1192,0.15795424090063115,0.10216965166754854,50,right,Black Conservative Perspective,False,1000000.0
@BlackConservativePerspective,videos,humor,0.017841663780312905,0.020415266465417834,0.3821523754855257,1192,0.15795424090063115,0.10216965166754854,50,right,Black Conservative Perspective,False,1000000.0
@BlackConservativePerspective,videos,n_tokens,-0.034855395473895795,0.014747006505782081,0.01810042537465415,1192,0.15795424090063115,0.10216965166754854,50,right,Black Conservative Perspective,False,1000000.0
@BlazeTV,videos,F1,-0.029663816286456313,0.05407817449667174,0.5833240344785233,829,0.20573503916741098,0.11724645963841118,60,right,Blaze Media,False,2230000.0
@BlazeTV,videos,F2,-0.04974925180757904,0.043104020557252654,0.24843157862648624,829,0.20573503916741098,0.11724645963841118,60,right,Blaze Media,False,2230000.0
@BlazeTV,videos,F3,0.027924200081733352,0.04121726876871598,0.49809645667363045,829,0.20573503916741098,0.11724645963841118,60,right,Blaze Media,False,2230000.0
@BlazeTV,videos,F4,0.13312424125336114,0.046456099252140365,0.004162298880110146,829,0.20573503916741098,0.11724645963841118,60,right,Blaze Media,False,2230000.0
@BlazeTV,videos,F5,0.008648595894427513,0.04558241861574724,0.8495165230347566,829,0.20573503916741098,0.11724645963841118,60,right,Blaze Media,False,2230000.0
@BlazeTV,videos,F6,0.04063164970384367,0.047184436146426714,0.3891697602115608,829,0.20573503916741098,0.11724645963841118,60,right,Blaze Media,False,2230000.0
@BlazeTV,videos,F7,0.07669471968534705,0.04374322410059576,0.07955160458319216,829,0.20573503916741098,0.11724645963841118,60,right,Blaze Media,False,2230000.0
@BlazeTV,videos,F8,-0.052993970734565674,0.048968370045372286,0.2791600335635326,829,0.20573503916741098,0.11724645963841118,60,right,Blaze Media,False,2230000.0
@BlazeTV,videos,F9,-0.05192389456010815,0.044735832808866,0.2457728936039627,829,0.20573503916741098,0.11724645963841118,60,right,Blaze Media,False,2230000.0
@BlazeTV,videos,F10,-0.02374499510645739,0.044068427962993775,0.5900103612779426,829,0.20573503916741098,0.11724645963841118,60,right,Blaze Media,False,2230000.0
@BlazeTV,videos,F11,0.10641309924782105,0.054658107138934243,0.05154841293331878,829,0.20573503916741098,0.11724645963841118,60,right,Blaze Media,False,2230000.0
@BlazeTV,videos,F12,0.15118450017083498,0.048054598263087056,0.0016546426215281597,829,0.20573503916741098,0.11724645963841118,60,right,Blaze Media,False,2230000.0
@BlazeTV,videos,curiosity_gap,0.10959943727917232,0.050290696712890354,0.029308028305093145,829,0.20573503916741098,0.11724645963841118,60,right,Blaze Media,False,2230000.0
@BlazeTV,videos,outrage,0.10503759313905922,0.04766513519308761,0.027548498530726172,829,0.20573503916741098,0.11724645963841118,60,right,Blaze Media,False,2230000.0
@BlazeTV,videos,n_tokens,-0.0346006407249656,0.04758470031549505,0.4671414620806772,829,0.20573503916741098,0.11724645963841118,60,right,Blaze Media,False,2230000.0
@BreakThroughNews,videos,F1,0.0792525530404116,0.10686629159873041,0.4583268244907718,234,0.27823044015684706,0.16332185351515116,9,left,BreakThrough News,False,1080000.0
@BreakThroughNews,videos,F2,0.060057839551893255,0.08513872112039617,0.4805541413321852,234,0.27823044015684706,0.16332185351515116,9,left,BreakThrough News,False,1080000.0
@BreakThroughNews,videos,F3,-0.07596910082131898,0.10191449320547648,0.45601786115151655,234,0.27823044015684706,0.16332185351515116,9,left,BreakThrough News,False,1080000.0
@BreakThroughNews,videos,F4,-0.059611776118424845,0.0858603323911168,0.4875017780787817,234,0.27823044015684706,0.16332185351515116,9,left,BreakThrough News,False,1080000.0
@BreakThroughNews,videos,F5,-0.11015787553942935,0.0796282759580944,0.16654179420262993,234,0.27823044015684706,0.16332185351515116,9,left,BreakThrough News,False,1080000.0
@BreakThroughNews,videos,F6,0.02976745408685949,0.10361921558593974,0.7738999609994148,234,0.27823044015684706,0.16332185351515116,9,left,BreakThrough News,False,1080000.0
@BreakThroughNews,videos,F7,-0.0016818105073985734,0.09414857387579725,0.9857478534189307,234,0.27823044015684706,0.16332185351515116,9,left,BreakThrough News,False,1080000.0
@BreakThroughNews,videos,F8,-0.161453970366672,0.0649539384431213,0.012930829045934044,234,0.27823044015684706,0.16332185351515116,9,left,BreakThrough News,False,1080000.0
@BreakThroughNews,videos,F9,0.07628993233418946,0.11415952925082848,0.5039582198419565,234,0.27823044015684706,0.16332185351515116,9,left,BreakThrough News,False,1080000.0
@BreakThroughNews,videos,F10,-0.06839955700137501,0.08918785963343477,0.44313172378508825,234,0.27823044015684706,0.16332185351515116,9,left,BreakThrough News,False,1080000.0
@BreakThroughNews,videos,F11,-0.10618764888240578,0.09676942073758692,0.27249869459130693,234,0.27823044015684706,0.16332185351515116,9,left,BreakThrough News,False,1080000.0
@BreakThroughNews,videos,F12,-0.10163824196144566,0.11016525799501452,0.3562167607361457,234,0.27823044015684706,0.16332185351515116,9,left,BreakThrough News,False,1080000.0
@BreakThroughNews,videos,curiosity_gap,-0.07076145016275001,0.11925191112401455,0.5529282668354295,234,0.27823044015684706,0.16332185351515116,9,left,BreakThrough News,False,1080000.0
@BreakThroughNews,videos,outrage,-0.10784603594086374,0.08415189191055776,0.19999563251093755,234,0.27823044015684706,0.16332185351515116,9,left,BreakThrough News,False,1080000.0
@BreakThroughNews,videos,n_tokens,0.051488289656380665,0.11335466438462669,0.6496683688521185,234,0.27823044015684706,0.16332185351515116,9,left,BreakThrough News,False,1080000.0
@CBSNews,streams,F1,0.041124174146814574,0.14157509994831402,0.771452079624654,346,0.33244087147914647,0.22455252747577625,25,neutral,CBS News,False,7080000.0
@CBSNews,streams,F2,0.12365427721981549,0.09485341609742748,0.19235790255300367,346,0.33244087147914647,0.22455252747577625,25,neutral,CBS News,False,7080000.0
@CBSNews,streams,F3,-0.1979439743897069,0.09801793531719635,0.04343871594653128,346,0.33244087147914647,0.22455252747577625,25,neutral,CBS News,False,7080000.0
@CBSNews,streams,F4,-0.036770166282808714,0.08999446430053963,0.6828460503672522,346,0.33244087147914647,0.22455252747577625,25,neutral,CBS News,False,7080000.0
@CBSNews,streams,F5,-0.0027583584052718324,0.08944323573570488,0.9753977731168476,346,0.33244087147914647,0.22455252747577625,25,neutral,CBS News,False,7080000.0
@CBSNews,streams,F6,-0.034610817934367516,0.10594160180809438,0.7438969663505901,346,0.33244087147914647,0.22455252747577625,25,neutral,CBS News,False,7080000.0
@CBSNews,streams,F7,-0.21506106078670567,0.10317879056974774,0.03712803520882224,346,0.33244087147914647,0.22455252747577625,25,neutral,CBS News,False,7080000.0
@CBSNews,streams,F8,0.04407835717937725,0.10372938320827257,0.6708832741360375,346,0.33244087147914647,0.22455252747577625,25,neutral,CBS News,False,7080000.0
@CBSNews,streams,F9,0.2520004193608882,0.09089525410856077,0.005564006768055953,346,0.33244087147914647,0.22455252747577625,25,neutral,CBS News,False,7080000.0
@CBSNews,streams,F10,-0.009248847062099178,0.09578050617467382,0.9230734902380306,346,0.33244087147914647,0.22455252747577625,25,neutral,CBS News,False,7080000.0
@CBSNews,streams,F11,-0.040089825200738616,0.16107830311348936,0.8034504505860511,346,0.33244087147914647,0.22455252747577625,25,neutral,CBS News,False,7080000.0
@CBSNews,streams,F12,-0.1798400027494758,0.09740717727694283,0.06485293164618396,346,0.33244087147914647,0.22455252747577625,25,neutral,CBS News,False,7080000.0
@CBSNews,streams,curiosity_gap,0.007629236894316493,0.07579438034548289,0.9198227265265702,346,0.33244087147914647,0.22455252747577625,25,neutral,CBS News,False,7080000.0
@CBSNews,streams,outrage,0.22840704071830126,0.0875066432057558,0.00904977646433815,346,0.33244087147914647,0.22455252747577625,25,neutral,CBS News,False,7080000.0
@CBSNews,streams,n_tokens,-0.04329578094496597,0.11961283550238802,0.7173774298615719,346,0.33244087147914647,0.22455252747577625,25,neutral,CBS News,False,7080000.0
@CBSNews,videos,F1,-0.001799333901277931,0.024913635073392452,0.942424555478191,7956,0.15666786682889278,0.1356986447595777,170,neutral,CBS News,False,7080000.0
@CBSNews,videos,F2,0.004238672485761482,0.01708986059990189,0.8041168833445989,7956,0.15666786682889278,0.1356986447595777,170,neutral,CBS News,False,7080000.0
@CBSNews,videos,F3,-0.046192558364225283,0.018483588023462852,0.012450492197544275,7956,0.15666786682889278,0.1356986447595777,170,neutral,CBS News,False,7080000.0
@CBSNews,videos,F4,0.006301050448077088,0.02022132738274358,0.7553413454578026,7956,0.15666786682889278,0.1356986447595777,170,neutral,CBS News,False,7080000.0
@CBSNews,videos,F5,-0.012927815215200724,0.01600725402682139,0.4193080488481389,7956,0.15666786682889278,0.1356986447595777,170,neutral,CBS News,False,7080000.0
@CBSNews,videos,F6,0.005414795678075242,0.019053329909372838,0.7762635779341933,7956,0.15666786682889278,0.1356986447595777,170,neutral,CBS News,False,7080000.0
@CBSNews,videos,F7,-0.001311468468813002,0.02128925926533245,0.9508795029144473,7956,0.15666786682889278,0.1356986447595777,170,neutral,CBS News,False,7080000.0
@CBSNews,videos,F8,0.019546413730442275,0.019208859157544018,0.30888099105808264,7956,0.15666786682889278,0.1356986447595777,170,neutral,CBS News,False,7080000.0
@CBSNews,videos,F9,0.06793508178906893,0.018811983011131014,0.0003047054919934901,7956,0.15666786682889278,0.1356986447595777,170,neutral,CBS News,False,7080000.0
@CBSNews,videos,F10,-0.06586581140971288,0.01852659425555737,0.0003776867537374024,7956,0.15666786682889278,0.1356986447595777,170,neutral,CBS News,False,7080000.0
@CBSNews,videos,F11,-0.01652147878482846,0.025544364690867023,0.5177770092801819,7956,0.15666786682889278,0.1356986447595777,170,neutral,CBS News,False,7080000.0
@CBSNews,videos,F12,0.0006229279706512839,0.020531277044338464,0.9757955452858972,7956,0.15666786682889278,0.1356986447595777,170,neutral,CBS News,False,7080000.0
@CBSNews,videos,curiosity_gap,0.022673536662728817,0.015773805456958837,0.15059953140299084,7956,0.15666786682889278,0.1356986447595777,170,neutral,CBS News,False,7080000.0
@CBSNews,videos,outrage,0.10446956310013324,0.01659517362761431,3.070483651202469e-10,7956,0.15666786682889278,0.1356986447595777,170,neutral,CBS News,False,7080000.0
@CBSNews,videos,n_tokens,0.015997573285270194,0.021277495253254567,0.45213876853004975,7956,0.15666786682889278,0.1356986447595777,170,neutral,CBS News,False,7080000.0
@CNN,videos,F1,-0.16995497770200604,0.03890150035474171,1.2490019545280556e-05,1638,0.42897058058142135,0.3858244680760754,91,left,CNN,False,19800000.0
@CNN,videos,F2,0.0038771212289556295,0.031141244035375326,0.9009184763176972,1638,0.42897058058142135,0.3858244680760754,91,left,CNN,False,19800000.0
@CNN,videos,F3,-0.03663427416536061,0.03204514266146152,0.25295210275214197,1638,0.42897058058142135,0.3858244680760754,91,left,CNN,False,19800000.0
@CNN,videos,F4,0.11332243098956454,0.03681606883232945,0.002083460827182695,1638,0.42897058058142135,0.3858244680760754,91,left,CNN,False,19800000.0
@CNN,videos,F5,-0.1338976856733248,0.034513051004432624,0.00010461775049635264,1638,0.42897058058142135,0.3858244680760754,91,left,CNN,False,19800000.0
@CNN,videos,F6,0.16181118466809177,0.03339919794364334,1.2676316485089694e-06,1638,0.42897058058142135,0.3858244680760754,91,left,CNN,False,19800000.0
@CNN,videos,F7,0.0719905406618859,0.03475505146884832,0.03832431362499811,1638,0.42897058058142135,0.3858244680760754,91,left,CNN,False,19800000.0
@CNN,videos,F8,0.04988435884074538,0.034371029327779905,0.1466827049867887,1638,0.42897058058142135,0.3858244680760754,91,left,CNN,False,19800000.0
@CNN,videos,F9,0.06419148887144815,0.0341572220360036,0.06020425486704872,1638,0.42897058058142135,0.3858244680760754,91,left,CNN,False,19800000.0
@CNN,videos,F10,0.09762888757934951,0.0333137187279726,0.0033831777985994745,1638,0.42897058058142135,0.3858244680760754,91,left,CNN,False,19800000.0
@CNN,videos,F11,-0.028001792045945453,0.042454923853648,0.5095328667812461,1638,0.42897058058142135,0.3858244680760754,91,left,CNN,False,19800000.0
@CNN,videos,F12,-0.004917545971274154,0.03141787169085694,0.8756226366548057,1638,0.42897058058142135,0.3858244680760754,91,left,CNN,False,19800000.0
@CNN,videos,curiosity_gap,0.047351280585211375,0.028174612720900084,0.09283355488810528,1638,0.42897058058142135,0.3858244680760754,91,left,CNN,False,19800000.0
@CNN,videos,outrage,0.06555536527832359,0.031527974109751916,0.03759197404446689,1638,0.42897058058142135,0.3858244680760754,91,left,CNN,False,19800000.0
@CNN,videos,humor,-0.02283886634363702,0.06511909206096766,0.7257949818374712,1638,0.42897058058142135,0.3858244680760754,91,left,CNN,False,19800000.0
@CNN,videos,n_tokens,-0.0761328016580271,0.03575016328630075,0.03320637550912059,1638,0.42897058058142135,0.3858244680760754,91,left,CNN,False,19800000.0
@CamHigby,videos,F1,-0.23631921439083098,0.0899997476624287,0.008645158464630605,170,0.34047973942881193,0.20386482831049446,6,right,Cam Higby,False,280000.0
@CamHigby,videos,F2,0.005103681136912619,0.09100903100185999,0.9552789984629703,170,0.34047973942881193,0.20386482831049446,6,right,Cam Higby,False,280000.0
@CamHigby,videos,F3,-0.00433788493128677,0.10942051826117931,0.9683768176045735,170,0.34047973942881193,0.20386482831049446,6,right,Cam Higby,False,280000.0
@CamHigby,videos,F4,0.022239634001828046,0.09273257512748623,0.8104655559809293,170,0.34047973942881193,0.20386482831049446,6,right,Cam Higby,False,280000.0
@CamHigby,videos,F5,-0.12856110990852682,0.09020347670296204,0.15408941743386453,170,0.34047973942881193,0.20386482831049446,6,right,Cam Higby,False,280000.0
@CamHigby,videos,F6,-0.0831822356413528,0.0960706466287421,0.38657547267132364,170,0.34047973942881193,0.20386482831049446,6,right,Cam Higby,False,280000.0
@CamHigby,videos,F7,-0.05364520744620496,0.10630602280300694,0.613818740394759,170,0.34047973942881193,0.20386482831049446,6,right,Cam Higby,False,280000.0
@CamHigby,videos,F8,0.08103844887975453,0.0971907107026961,0.404388857315624,170,0.34047973942881193,0.20386482831049446,6,right,Cam Higby,False,280000.0
@CamHigby,videos,F9,0.21681101512261358,0.08643939462266802,0.012133316023756457,170,0.34047973942881193,0.20386482831049446,6,right,Cam Higby,False,280000.0
@CamHigby,videos,F10,0.008967099217851715,0.08016730530253151,0.9109385229673478,170,0.34047973942881193,0.20386482831049446,6,right,Cam Higby,False,280000.0
@CamHigby,videos,F11,0.07182567298163539,0.1012881401280197,0.4782486217553219,170,0.34047973942881193,0.20386482831049446,6,right,Cam Higby,False,280000.0
@CamHigby,videos,F12,-0.010074384572870132,0.0957867958482986,0.9162368788728676,170,0.34047973942881193,0.20386482831049446,6,right,Cam Higby,False,280000.0
@CamHigby,videos,curiosity_gap,-0.2931043169506558,0.13145621705435745,0.02576919039484768,170,0.34047973942881193,0.20386482831049446,6,right,Cam Higby,False,280000.0
@CamHigby,videos,outrage,0.005403793124096723,0.08990829486080096,0.9520732916660093,170,0.34047973942881193,0.20386482831049446,6,right,Cam Higby,False,280000.0
@CamHigby,videos,n_tokens,0.0812487823689747,0.09968708111220151,0.41505042598459485,170,0.34047973942881193,0.20386482831049446,6,right,Cam Higby,False,280000.0
@CashJordan,videos,F1,0.0033868081258826566,0.03661935390847117,0.926311250902355,299,0.11821207217298013,-0.0029496278337859394,13,right,Cash Jordan,False,1750000.0
@CashJordan,videos,F2,0.013129007918048274,0.035458118399858574,0.7111827863653304,299,0.11821207217298013,-0.0029496278337859394,13,right,Cash Jordan,False,1750000.0
@CashJordan,videos,F3,-0.010569259771045544,0.040231744811588296,0.7927745283235489,299,0.11821207217298013,-0.0029496278337859394,13,right,Cash Jordan,False,1750000.0
@CashJordan,videos,F4,0.00466409347098562,0.044103227924246875,0.9157775220400824,299,0.11821207217298013,-0.0029496278337859394,13,right,Cash Jordan,False,1750000.0
@CashJordan,videos,F5,0.009890262717318132,0.04163992554863798,0.8122543814352954,299,0.11821207217298013,-0.0029496278337859394,13,right,Cash Jordan,False,1750000.0
@CashJordan,videos,F6,-0.02733390250432502,0.03709039017636354,0.4611504694506542,299,0.11821207217298013,-0.0029496278337859394,13,right,Cash Jordan,False,1750000.0
@CashJordan,videos,F7,0.00880768652625663,0.04254944336371715,0.8360107441022152,299,0.11821207217298013,-0.0029496278337859394,13,right,Cash Jordan,False,1750000.0
@CashJordan,videos,F8,0.016687357699781025,0.04139588763287153,0.6868626585681474,299,0.11821207217298013,-0.0029496278337859394,13,right,Cash Jordan,False,1750000.0
@CashJordan,videos,F9,0.03290951109331419,0.04090604402498839,0.4210998204629045,299,0.11821207217298013,-0.0029496278337859394,13,right,Cash Jordan,False,1750000.0
@CashJordan,videos,F10,-0.016656361827446953,0.03688590470196233,0.6515828133753252,299,0.11821207217298013,-0.0029496278337859394,13,right,Cash Jordan,False,1750000.0
@CashJordan,videos,F11,0.0028683603247665335,0.04237915617959613,0.9460377588330268,299,0.11821207217298013,-0.0029496278337859394,13,right,Cash Jordan,False,1750000.0
@CashJordan,videos,F12,-0.020706783883803384,0.03478084880687605,0.5516094336514817,299,0.11821207217298013,-0.0029496278337859394,13,right,Cash Jordan,False,1750000.0
@CashJordan,videos,curiosity_gap,0.030541679849286324,0.028931983314005733,0.2911339670719053,299,0.11821207217298013,-0.0029496278337859394,13,right,Cash Jordan,False,1750000.0
@CashJordan,videos,outrage,-0.04085303996608769,0.034267910928904945,0.23319614307707814,299,0.11821207217298013,-0.0029496278337859394,13,right,Cash Jordan,False,1750000.0
@CashJordan,videos,n_tokens,0.06741369338515468,0.042798277980896,0.11522190162311517,299,0.11821207217298013,-0.0029496278337859394,13,right,Cash Jordan,False,1750000.0
@ChadPrather1,streams,F1,0.008067020337248487,0.02772379341599737,0.771067969401708,190,0.6509771442007595,0.5902775171052393,5,right,Chad Prather,False,496000.0
@ChadPrather1,streams,F2,0.02911300173528536,0.017395713552371603,0.09421448957190927,190,0.6509771442007595,0.5902775171052393,5,right,Chad Prather,False,496000.0
@ChadPrather1,streams,F3,0.04556642362435376,0.03480740971603132,0.19050005536260872,190,0.6509771442007595,0.5902775171052393,5,right,Chad Prather,False,496000.0
@ChadPrather1,streams,F4,0.08925177997625866,0.031033940963035692,0.0040282513212325805,190,0.6509771442007595,0.5902775171052393,5,right,Chad Prather,False,496000.0
@ChadPrather1,streams,F5,-0.02475413829806994,0.021107413968025332,0.24088811969748036,190,0.6509771442007595,0.5902775171052393,5,right,Chad Prather,False,496000.0
@ChadPrather1,streams,F6,0.006328088819502309,0.016721468046068423,0.7051030273004135,190,0.6509771442007595,0.5902775171052393,5,right,Chad Prather,False,496000.0
@ChadPrather1,streams,F7,0.04405080952254825,0.026201351746004034,0.09271594442382837,190,0.6509771442007595,0.5902775171052393,5,right,Chad Prather,False,496000.0
@ChadPrather1,streams,F8,-0.004234716245118453,0.01298142182051067,0.7442627582483413,190,0.6509771442007595,0.5902775171052393,5,right,Chad Prather,False,496000.0
@ChadPrather1,streams,F9,-0.02944367999023853,0.024744406901521413,0.23408077041988273,190,0.6509771442007595,0.5902775171052393,5,right,Chad Prather,False,496000.0
@ChadPrather1,streams,F10,0.021428244884049152,0.020214966317168404,0.28913603425644585,190,0.6509771442007595,0.5902775171052393,5,right,Chad Prather,False,496000.0
@ChadPrather1,streams,F11,0.033767018931417536,0.02809557198034179,0.2294167427545778,190,0.6509771442007595,0.5902775171052393,5,right,Chad Prather,False,496000.0
@ChadPrather1,streams,F12,0.019618408433242474,0.02442995119802163,0.4219473467618159,190,0.6509771442007595,0.5902775171052393,5,right,Chad Prather,False,496000.0
@ChadPrather1,streams,curiosity_gap,0.01888826305354635,0.026493080391563395,0.47587619801886405,190,0.6509771442007595,0.5902775171052393,5,right,Chad Prather,False,496000.0
@ChadPrather1,streams,outrage,0.027054730297948304,0.01760689743044317,0.1243916863373761,190,0.6509771442007595,0.5902775171052393,5,right,Chad Prather,False,496000.0
@ChadPrather1,streams,n_tokens,-0.005214826368117487,0.029821787292490333,0.8611846707736376,190,0.6509771442007595,0.5902775171052393,5,right,Chad Prather,False,496000.0
@ChadPrather1,videos,F1,0.06208888156295356,0.08284065409456,0.4535572709225467,152,0.4944527950459785,0.37936887847107936,5,right,Chad Prather,False,496000.0
@ChadPrather1,videos,F2,-0.091652836802671,0.07394196029266586,0.21515149432631275,152,0.4944527950459785,0.37936887847107936,5,right,Chad Prather,False,496000.0
@ChadPrather1,videos,F3,-0.0815316026406836,0.06891159735995873,0.23675633923415074,152,0.4944527950459785,0.37936887847107936,5,right,Chad Prather,False,496000.0
@ChadPrather1,videos,F4,-0.05931935056581367,0.0701216578751227,0.39758116220686857,152,0.4944527950459785,0.37936887847107936,5,right,Chad Prather,False,496000.0
@ChadPrather1,videos,F5,0.11721790161577084,0.08480628045867511,0.16691514763315995,152,0.4944527950459785,0.37936887847107936,5,right,Chad Prather,False,496000.0
@ChadPrather1,videos,F6,0.15998507381977378,0.09583851080729287,0.09505412134742468,152,0.4944527950459785,0.37936887847107936,5,right,Chad Prather,False,496000.0
@ChadPrather1,videos,F7,-0.13121711012736284,0.07165825598187042,0.0670779601240108,152,0.4944527950459785,0.37936887847107936,5,right,Chad Prather,False,496000.0
@ChadPrather1,videos,F8,-0.004285675812367606,0.0918453243519706,0.9627827099051441,152,0.4944527950459785,0.37936887847107936,5,right,Chad Prather,False,496000.0
@ChadPrather1,videos,F9,-0.09010409626109028,0.05771098199738324,0.11845322851790338,152,0.4944527950459785,0.37936887847107936,5,right,Chad Prather,False,496000.0
@ChadPrather1,videos,F10,0.02531671209186115,0.05767737008895444,0.6607074335425033,152,0.4944527950459785,0.37936887847107936,5,right,Chad Prather,False,496000.0
@ChadPrather1,videos,F11,-0.03406273150299374,0.09957175524724922,0.7322814264256885,152,0.4944527950459785,0.37936887847107936,5,right,Chad Prather,False,496000.0
@ChadPrather1,videos,F12,-0.06582311040166859,0.0726507860916993,0.3649249374348209,152,0.4944527950459785,0.37936887847107936,5,right,Chad Prather,False,496000.0
@ChadPrather1,videos,curiosity_gap,-0.0005327359658042763,0.031568352196434064,0.9865358310446966,152,0.4944527950459785,0.37936887847107936,5,right,Chad Prather,False,496000.0
@ChadPrather1,videos,outrage,0.20141013271242347,0.09035140629366953,0.025801500202484236,152,0.4944527950459785,0.37936887847107936,5,right,Chad Prather,False,496000.0
@ChadPrather1,videos,n_tokens,0.14727295826224224,0.12405309375321964,0.2351578791915554,152,0.4944527950459785,0.37936887847107936,5,right,Chad Prather,False,496000.0
@ClubRandomPodcast,videos,F1,-0.04803723984056754,0.12876522859373957,0.7091033049039129,185,0.3187428494270983,0.19128183415862,5,neutral,Bill Maher,False,890000.0
@ClubRandomPodcast,videos,F2,-0.2381186762015879,0.12141418608927736,0.04985456894344787,185,0.3187428494270983,0.19128183415862,5,neutral,Bill Maher,False,890000.0
@ClubRandomPodcast,videos,F3,0.09497907076889231,0.11853860955747696,0.4229868823177336,185,0.3187428494270983,0.19128183415862,5,neutral,Bill Maher,False,890000.0
@ClubRandomPodcast,videos,F4,0.05868963489611545,0.12674626529873112,0.6433297906619357,185,0.3187428494270983,0.19128183415862,5,neutral,Bill Maher,False,890000.0
@ClubRandomPodcast,videos,F5,-0.0991182246421296,0.1455661603161583,0.4959250910246722,185,0.3187428494270983,0.19128183415862,5,neutral,Bill Maher,False,890000.0
@ClubRandomPodcast,videos,F6,0.1301621886514268,0.17546235347537603,0.4581939644925783,185,0.3187428494270983,0.19128183415862,5,neutral,Bill Maher,False,890000.0
@ClubRandomPodcast,videos,F7,-0.0734450400016764,0.14380146300883287,0.6095337082622745,185,0.3187428494270983,0.19128183415862,5,neutral,Bill Maher,False,890000.0
@ClubRandomPodcast,videos,F8,0.12211593760957662,0.1304856110081237,0.3493465620628119,185,0.3187428494270983,0.19128183415862,5,neutral,Bill Maher,False,890000.0
@ClubRandomPodcast,videos,F9,0.11870431569886483,0.13651804794403788,0.3845662070868423,185,0.3187428494270983,0.19128183415862,5,neutral,Bill Maher,False,890000.0
@ClubRandomPodcast,videos,F10,-0.14325432929848828,0.14283306169805376,0.31588529013933386,185,0.3187428494270983,0.19128183415862,5,neutral,Bill Maher,False,890000.0
@ClubRandomPodcast,videos,F11,-0.3551216814223581,0.17658560670685786,0.04432065593011047,185,0.3187428494270983,0.19128183415862,5,neutral,Bill Maher,False,890000.0
@ClubRandomPodcast,videos,F12,0.08141297748103793,0.14396246174602395,0.5717233076443646,185,0.3187428494270983,0.19128183415862,5,neutral,Bill Maher,False,890000.0
@ClubRandomPodcast,videos,curiosity_gap,0.022680559055166583,0.11873426337869236,0.8485103194131538,185,0.3187428494270983,0.19128183415862,5,neutral,Bill Maher,False,890000.0
@ClubRandomPodcast,videos,outrage,0.06989016628424477,0.11642005701217295,0.5482879690293856,185,0.3187428494270983,0.19128183415862,5,neutral,Bill Maher,False,890000.0
@ClubRandomPodcast,videos,humor,-0.03112150569730643,0.12663467618578633,0.8058694431311375,185,0.3187428494270983,0.19128183415862,5,neutral,Bill Maher,False,890000.0
@ClubRandomPodcast,videos,n_tokens,-0.042768726455842565,0.1333326931488433,0.7483869778128998,185,0.3187428494270983,0.19128183415862,5,neutral,Bill Maher,False,890000.0
@DailyDenims,videos,F1,-0.09526224410308179,0.11941511471317957,0.4250212380770394,215,0.3786451801187749,0.2851078954054721,8,left,Denims,True,11400.0
@DailyDenims,videos,F2,0.0631929347731898,0.07607021770416873,0.40613269044993394,215,0.3786451801187749,0.2851078954054721,8,left,Denims,True,11400.0
@DailyDenims,videos,F3,-0.07354973150596947,0.08387840241260512,0.38056193635251423,215,0.3786451801187749,0.2851078954054721,8,left,Denims,True,11400.0
@DailyDenims,videos,F4,-0.14989721771152853,0.07961299586851568,0.05972429431162039,215,0.3786451801187749,0.2851078954054721,8,left,Denims,True,11400.0
@DailyDenims,videos,F5,-0.02466125489883708,0.09011632966173698,0.7843457483744274,215,0.3786451801187749,0.2851078954054721,8,left,Denims,True,11400.0
@DailyDenims,videos,F6,-0.06343401009902949,0.09121104195732475,0.4867644681938198,215,0.3786451801187749,0.2851078954054721,8,left,Denims,True,11400.0
@DailyDenims,videos,F7,-0.0384043509404253,0.08782333435003668,0.6619003443129399,215,0.3786451801187749,0.2851078954054721,8,left,Denims,True,11400.0
@DailyDenims,videos,F8,-0.11579742262906415,0.071990003007891,0.1077211480552799,215,0.3786451801187749,0.2851078954054721,8,left,Denims,True,11400.0
@DailyDenims,videos,F9,0.09070119846779257,0.11173830052847666,0.416947255319044,215,0.3786451801187749,0.2851078954054721,8,left,Denims,True,11400.0
@DailyDenims,videos,F10,0.007075640550583073,0.08789597997193199,0.9358394680876012,215,0.3786451801187749,0.2851078954054721,8,left,Denims,True,11400.0
@DailyDenims,videos,F11,-0.0953677842931161,0.12958337037684367,0.46175688663338876,215,0.3786451801187749,0.2851078954054721,8,left,Denims,True,11400.0
@DailyDenims,videos,F12,-0.11699990955759246,0.09609162964724066,0.22338099466223105,215,0.3786451801187749,0.2851078954054721,8,left,Denims,True,11400.0
@DailyDenims,videos,curiosity_gap,0.005045777972668031,0.07216620211032905,0.9442582484772133,215,0.3786451801187749,0.2851078954054721,8,left,Denims,True,11400.0
@DailyDenims,videos,outrage,0.08364024310630819,0.07205026374321073,0.24569898507939802,215,0.3786451801187749,0.2851078954054721,8,left,Denims,True,11400.0
@DailyDenims,videos,n_tokens,0.05800006388931056,0.09552719299210255,0.543746309061868,215,0.3786451801187749,0.2851078954054721,8,left,Denims,True,11400.0
@DannyHaiphongYT,streams,F1,-0.04877573149524883,inf,1.0,219,0.5307569079181063,0.4500269135814363,9,left,Danny Haiphong,False,683000.0
@DannyHaiphongYT,streams,F2,-0.017081671117718467,inf,1.0,219,0.5307569079181063,0.4500269135814363,9,left,Danny Haiphong,False,683000.0
@DannyHaiphongYT,streams,F3,0.09741212522591053,inf,1.0,219,0.5307569079181063,0.4500269135814363,9,left,Danny Haiphong,False,683000.0
@DannyHaiphongYT,streams,F4,0.04045103106823916,inf,1.0,219,0.5307569079181063,0.4500269135814363,9,left,Danny Haiphong,False,683000.0
@DannyHaiphongYT,streams,F5,-0.04630200178890803,inf,1.0,219,0.5307569079181063,0.4500269135814363,9,left,Danny Haiphong,False,683000.0
@DannyHaiphongYT,streams,F6,0.10240976216712272,inf,1.0,219,0.5307569079181063,0.4500269135814363,9,left,Danny Haiphong,False,683000.0
@DannyHaiphongYT,streams,F7,0.06185433259044584,inf,1.0,219,0.5307569079181063,0.4500269135814363,9,left,Danny Haiphong,False,683000.0
@DannyHaiphongYT,streams,F8,-0.029307932292628402,inf,1.0,219,0.5307569079181063,0.4500269135814363,9,left,Danny Haiphong,False,683000.0
@DannyHaiphongYT,streams,F9,-0.06443140466169717,inf,1.0,219,0.5307569079181063,0.4500269135814363,9,left,Danny Haiphong,False,683000.0
@DannyHaiphongYT,streams,F10,0.04889261365775366,inf,1.0,219,0.5307569079181063,0.4500269135814363,9,left,Danny Haiphong,False,683000.0
@DannyHaiphongYT,streams,F11,0.014807765944615636,inf,1.0,219,0.5307569079181063,0.4500269135814363,9,left,Danny Haiphong,False,683000.0
@DannyHaiphongYT,streams,F12,0.015723759847435292,inf,1.0,219,0.5307569079181063,0.4500269135814363,9,left,Danny Haiphong,False,683000.0
@DannyHaiphongYT,streams,curiosity_gap,0.029797042350050984,inf,1.0,219,0.5307569079181063,0.4500269135814363,9,left,Danny Haiphong,False,683000.0
@DannyHaiphongYT,streams,outrage,0.03787567482720394,inf,1.0,219,0.5307569079181063,0.4500269135814363,9,left,Danny Haiphong,False,683000.0
@DannyHaiphongYT,streams,n_tokens,0.038460357231683076,inf,1.0,219,0.5307569079181063,0.4500269135814363,9,left,Danny Haiphong,False,683000.0
@DemocracyDocket,videos,F1,-0.0822784075215297,0.137113760065878,0.5484568947422008,122,0.4026240275485842,0.20568689377339222,7,left,Democracy Docket,False,793000.0
@DemocracyDocket,videos,F2,0.07762791240074479,0.125288195360002,0.5355246013517474,122,0.4026240275485842,0.20568689377339222,7,left,Democracy Docket,False,793000.0
@DemocracyDocket,videos,F3,0.18960722750066605,0.1005089613335723,0.05923153056447976,122,0.4026240275485842,0.20568689377339222,7,left,Democracy Docket,False,793000.0
@DemocracyDocket,videos,F4,-0.12321507211357774,0.10901549779829474,0.25836971521066865,122,0.4026240275485842,0.20568689377339222,7,left,Democracy Docket,False,793000.0
@DemocracyDocket,videos,F5,-0.2118234761886158,0.08052243266056745,0.008523066220125807,122,0.4026240275485842,0.20568689377339222,7,left,Democracy Docket,False,793000.0
@DemocracyDocket,videos,F6,0.1834619731491789,0.10627052878358181,0.08428134241886026,122,0.4026240275485842,0.20568689377339222,7,left,Democracy Docket,False,793000.0
@DemocracyDocket,videos,F7,-0.17987981216161048,0.10533852615320734,0.08770398752645057,122,0.4026240275485842,0.20568689377339222,7,left,Democracy Docket,False,793000.0
@DemocracyDocket,videos,F8,-0.10956243110951525,0.10971679758730207,0.3179918701643054,122,0.4026240275485842,0.20568689377339222,7,left,Democracy Docket,False,793000.0
@DemocracyDocket,videos,F9,0.07625214506005151,0.11027972339257473,0.48928717653244647,122,0.4026240275485842,0.20568689377339222,7,left,Democracy Docket,False,793000.0
@DemocracyDocket,videos,F10,0.05087731820979979,0.09073150317104867,0.5749707733403633,122,0.4026240275485842,0.20568689377339222,7,left,Democracy Docket,False,793000.0
@DemocracyDocket,videos,F11,0.0844730427963859,0.1347599508606633,0.5307635601288062,122,0.4026240275485842,0.20568689377339222,7,left,Democracy Docket,False,793000.0
@DemocracyDocket,videos,F12,-0.11538919065380848,0.15735870652598735,0.46338302703767786,122,0.4026240275485842,0.20568689377339222,7,left,Democracy Docket,False,793000.0
@DemocracyDocket,videos,curiosity_gap,-0.07772096383618998,0.06966987237081473,0.26461026996702963,122,0.4026240275485842,0.20568689377339222,7,left,Democracy Docket,False,793000.0
@DemocracyDocket,videos,outrage,0.1304377956508871,0.1111828124878155,0.24072239118733751,122,0.4026240275485842,0.20568689377339222,7,left,Democracy Docket,False,793000.0
@DemocracyDocket,videos,n_tokens,0.03687072715335715,0.10348525699087678,0.7216236511578757,122,0.4026240275485842,0.20568689377339222,7,left,Democracy Docket,False,793000.0
@DemocracyNow,videos,F1,-0.008579844118114022,0.07072767562078999,0.9034469578191173,767,0.4282945673262072,0.3849348856346555,31,left,Democracy Now!,False,3390000.0
@DemocracyNow,videos,F2,-0.03782296823633069,0.05298991203685462,0.4753652265154199,767,0.4282945673262072,0.3849348856346555,31,left,Democracy Now!,False,3390000.0
@DemocracyNow,videos,F3,0.03623740373916198,0.0531649939798616,0.49549020368715735,767,0.4282945673262072,0.3849348856346555,31,left,Democracy Now!,False,3390000.0
@DemocracyNow,videos,F4,-0.025350580269805398,0.045908893937936165,0.5808159746014685,767,0.4282945673262072,0.3849348856346555,31,left,Democracy Now!,False,3390000.0
@DemocracyNow,videos,F5,-0.0061026794662761286,0.0509414635213905,0.9046432593066565,767,0.4282945673262072,0.3849348856346555,31,left,Democracy Now!,False,3390000.0
@DemocracyNow,videos,F6,0.11840788209546965,0.062257153185058645,0.057182123787052126,767,0.4282945673262072,0.3849348856346555,31,left,Democracy Now!,False,3390000.0
@DemocracyNow,videos,F7,-0.0608765696630901,0.05290449806906916,0.24986062603815062,767,0.4282945673262072,0.3849348856346555,31,left,Democracy Now!,False,3390000.0
@DemocracyNow,videos,F8,0.008296482754399204,0.04913390902976478,0.8659110711317741,767,0.4282945673262072,0.3849348856346555,31,left,Democracy Now!,False,3390000.0
@DemocracyNow,videos,F9,0.03325416875885244,0.050952825119284346,0.5139843803837028,767,0.4282945673262072,0.3849348856346555,31,left,Democracy Now!,False,3390000.0
@DemocracyNow,videos,F10,0.0818444784851792,0.057565291352175606,0.15509366595444302,767,0.4282945673262072,0.3849348856346555,31,left,Democracy Now!,False,3390000.0
@DemocracyNow,videos,F11,-0.044481543121082545,0.06823976472197352,0.5145031191967504,767,0.4282945673262072,0.3849348856346555,31,left,Democracy Now!,False,3390000.0
@DemocracyNow,videos,F12,0.07063436849199034,0.05321079869470561,0.18436177191207703,767,0.4282945673262072,0.3849348856346555,31,left,Democracy Now!,False,3390000.0
@DemocracyNow,videos,curiosity_gap,0.009131917280118529,0.03359223026138601,0.7857403455426305,767,0.4282945673262072,0.3849348856346555,31,left,Democracy Now!,False,3390000.0
@DemocracyNow,videos,outrage,0.09534303198709801,0.05020033021142952,0.05753146995866423,767,0.4282945673262072,0.3849348856346555,31,left,Democracy Now!,False,3390000.0
@DemocracyNow,videos,n_tokens,-0.06859100794767964,0.11320254814160562,0.5445718670789488,767,0.4282945673262072,0.3849348856346555,31,left,Democracy Now!,False,3390000.0
@DestinyDGGClips,videos,F1,0.04319817969604811,0.07777691607789974,0.5786133508788371,191,0.2885768362314529,0.16561480792577798,7,right,Destiny,True,11800.0
@DestinyDGGClips,videos,F2,-0.034873901647111405,0.059167087072035725,0.5555836758305384,191,0.2885768362314529,0.16561480792577798,7,right,Destiny,True,11800.0
@DestinyDGGClips,videos,F3,0.015034009317895905,0.061174378452981876,0.8058706289003909,191,0.2885768362314529,0.16561480792577798,7,right,Destiny,True,11800.0
@DestinyDGGClips,videos,F4,-0.003004082901742672,0.05882703155993065,0.959272634649244,191,0.2885768362314529,0.16561480792577798,7,right,Destiny,True,11800.0
@DestinyDGGClips,videos,F5,-0.16261043219177462,0.08000380072088069,0.042099641688648305,191,0.2885768362314529,0.16561480792577798,7,right,Destiny,True,11800.0
@DestinyDGGClips,videos,F6,0.08351408988531894,0.07096081128592296,0.23923367213401325,191,0.2885768362314529,0.16561480792577798,7,right,Destiny,True,11800.0
@DestinyDGGClips,videos,F7,-0.10529087974806206,0.07694382558861201,0.17118304653805028,191,0.2885768362314529,0.16561480792577798,7,right,Destiny,True,11800.0
@DestinyDGGClips,videos,F8,0.09087154621477242,0.06708088219679867,0.17552705593147333,191,0.2885768362314529,0.16561480792577798,7,right,Destiny,True,11800.0
@DestinyDGGClips,videos,F9,0.044951134305625806,0.06062005995848459,0.45837673557508984,191,0.2885768362314529,0.16561480792577798,7,right,Destiny,True,11800.0
@DestinyDGGClips,videos,F10,-0.13137296400747184,0.04514911493482164,0.003617095891829784,191,0.2885768362314529,0.16561480792577798,7,right,Destiny,True,11800.0
@DestinyDGGClips,videos,F11,0.03191418954232417,0.08808404995659147,0.7171165061428569,191,0.2885768362314529,0.16561480792577798,7,right,Destiny,True,11800.0
@DestinyDGGClips,videos,F12,0.1029901893175087,0.07249767018230893,0.15543308228427105,191,0.2885768362314529,0.16561480792577798,7,right,Destiny,True,11800.0
@DestinyDGGClips,videos,curiosity_gap,0.025799548024705077,0.05634456529615878,0.6470323002120077,191,0.2885768362314529,0.16561480792577798,7,right,Destiny,True,11800.0
@DestinyDGGClips,videos,outrage,0.06897085598318603,0.0615881700388035,0.2627683890261975,191,0.2885768362314529,0.16561480792577798,7,right,Destiny,True,11800.0
@DestinyDGGClips,videos,n_tokens,0.02368245930907925,0.05684073979637524,0.6769374550292866,191,0.2885768362314529,0.16561480792577798,7,right,Destiny,True,11800.0
@DrSteveTurleyTV,videos,F1,0.09293872214880122,0.04882982278859848,0.056998952681941606,417,0.2749148118158211,0.18255978784656257,24,right,Steve Turley,False,1670000.0
@DrSteveTurleyTV,videos,F2,0.017618443616449625,0.03645804010054479,0.6289163729569834,417,0.2749148118158211,0.18255978784656257,24,right,Steve Turley,False,1670000.0
@DrSteveTurleyTV,videos,F3,0.07190288140301285,0.03396587350824303,0.03426702668260501,417,0.2749148118158211,0.18255978784656257,24,right,Steve Turley,False,1670000.0
@DrSteveTurleyTV,videos,F4,0.07502535089249501,0.04277832948139304,0.07946191156239193,417,0.2749148118158211,0.18255978784656257,24,right,Steve Turley,False,1670000.0
@DrSteveTurleyTV,videos,F5,-0.09453031760964346,0.05035165068477529,0.06046294167693553,417,0.2749148118158211,0.18255978784656257,24,right,Steve Turley,False,1670000.0
@DrSteveTurleyTV,videos,F6,0.034713062762416036,0.044528478769739956,0.4356440653226511,417,0.2749148118158211,0.18255978784656257,24,right,Steve Turley,False,1670000.0
@DrSteveTurleyTV,videos,F7,-0.040752056364416145,0.05827246257638512,0.4843418008691752,417,0.2749148118158211,0.18255978784656257,24,right,Steve Turley,False,1670000.0
@DrSteveTurleyTV,videos,F8,0.014268698670145519,0.050415508598877896,0.7771599635725833,417,0.2749148118158211,0.18255978784656257,24,right,Steve Turley,False,1670000.0
@DrSteveTurleyTV,videos,F9,0.04316236852187083,0.03914276546836428,0.2701614505894693,417,0.2749148118158211,0.18255978784656257,24,right,Steve Turley,False,1670000.0
@DrSteveTurleyTV,videos,F10,-0.005252907851199029,0.028260623496629746,0.8525437739014153,417,0.2749148118158211,0.18255978784656257,24,right,Steve Turley,False,1670000.0
@DrSteveTurleyTV,videos,F11,-0.02786597315727518,0.06226815761284245,0.6545028124416039,417,0.2749148118158211,0.18255978784656257,24,right,Steve Turley,False,1670000.0
@DrSteveTurleyTV,videos,F12,-0.005492139757917958,0.05005036257751151,0.9126217094385034,417,0.2749148118158211,0.18255978784656257,24,right,Steve Turley,False,1670000.0
@DrSteveTurleyTV,videos,curiosity_gap,0.032189139237352116,0.03491806741946535,0.35660803605478997,417,0.2749148118158211,0.18255978784656257,24,right,Steve Turley,False,1670000.0
@DrSteveTurleyTV,videos,outrage,-0.01322635120560342,0.03606571514016679,0.7138210162595158,417,0.2749148118158211,0.18255978784656257,24,right,Steve Turley,False,1670000.0
@DrSteveTurleyTV,videos,n_tokens,0.07673798003115495,0.04602920397806864,0.09548288637837817,417,0.2749148118158211,0.18255978784656257,24,right,Steve Turley,False,1670000.0
@DropSiteNews,videos,F1,0.0068600078327558656,0.11344753689146089,0.9517824650360995,198,0.2629429618044361,0.13053750584116108,7,left,Drop Site,False,219000.0
@DropSiteNews,videos,F2,-0.05207272585347511,0.10301651722902676,0.6132221735557887,198,0.2629429618044361,0.13053750584116108,7,left,Drop Site,False,219000.0
@DropSiteNews,videos,F3,-0.09533704677900803,0.10756695877661823,0.3754536292577,198,0.2629429618044361,0.13053750584116108,7,left,Drop Site,False,219000.0
@DropSiteNews,videos,F4,-0.0626634249271468,0.11287357370936424,0.5787820040064613,198,0.2629429618044361,0.13053750584116108,7,left,Drop Site,False,219000.0
@DropSiteNews,videos,F5,0.14744255868746667,0.09470966769345394,0.11952161827320103,198,0.2629429618044361,0.13053750584116108,7,left,Drop Site,False,219000.0
@DropSiteNews,videos,F6,-0.14303614254818808,0.1017377620414654,0.1597449972718621,198,0.2629429618044361,0.13053750584116108,7,left,Drop Site,False,219000.0
@DropSiteNews,videos,F7,-0.06414832620629357,0.09883887979535785,0.5163259954270223,198,0.2629429618044361,0.13053750584116108,7,left,Drop Site,False,219000.0
@DropSiteNews,videos,F8,-0.19218215299893027,0.09826941199258342,0.050504506311775874,198,0.2629429618044361,0.13053750584116108,7,left,Drop Site,False,219000.0
@DropSiteNews,videos,F9,0.04505940745658332,0.11561696200339519,0.6967361537469373,198,0.2629429618044361,0.13053750584116108,7,left,Drop Site,False,219000.0
@DropSiteNews,videos,F10,-0.12035966388333336,0.09799006812224201,0.21934025621287112,198,0.2629429618044361,0.13053750584116108,7,left,Drop Site,False,219000.0
@DropSiteNews,videos,F11,-0.13872215818859251,0.11503194407404022,0.22783883074613642,198,0.2629429618044361,0.13053750584116108,7,left,Drop Site,False,219000.0
@DropSiteNews,videos,F12,-0.14245885836130368,0.13404316754934595,0.28788017224765516,198,0.2629429618044361,0.13053750584116108,7,left,Drop Site,False,219000.0
@DropSiteNews,videos,curiosity_gap,-0.011647004997361987,0.10420081499060531,0.9110021231297757,198,0.2629429618044361,0.13053750584116108,7,left,Drop Site,False,219000.0
@DropSiteNews,videos,outrage,0.016428924781649812,0.10025507658209791,0.8698324997872762,198,0.2629429618044361,0.13053750584116108,7,left,Drop Site,False,219000.0
@DropSiteNews,videos,n_tokens,0.2986150583189328,0.12349678599138345,0.015606135926040791,198,0.2629429618044361,0.13053750584116108,7,left,Drop Site,False,219000.0
@DueDissidence,streams,F1,-0.07314532364425053,0.1169916891514876,0.5318279126128336,105,0.4416085068374602,0.2649023381151375,2,left,Due Dissidence,False,134000.0
@DueDissidence,streams,F2,-0.06301307055773706,0.05551153954405,0.25631891640773796,105,0.4416085068374602,0.2649023381151375,2,left,Due Dissidence,False,134000.0
@DueDissidence,streams,F3,-0.03218635191327071,0.06237367017926383,0.6058371864080638,105,0.4416085068374602,0.2649023381151375,2,left,Due Dissidence,False,134000.0
@DueDissidence,streams,F4,-0.006671053484272382,0.041915825903471905,0.8735478804222268,105,0.4416085068374602,0.2649023381151375,2,left,Due Dissidence,False,134000.0
@DueDissidence,streams,F5,0.008356860733750526,0.049089283616791136,0.8648229798913964,105,0.4416085068374602,0.2649023381151375,2,left,Due Dissidence,False,134000.0
@DueDissidence,streams,F6,0.07999158607947221,0.08649198530063867,0.35504710503236103,105,0.4416085068374602,0.2649023381151375,2,left,Due Dissidence,False,134000.0
@DueDissidence,streams,F7,0.02934901616411656,0.0412770626902218,0.4770688540579172,105,0.4416085068374602,0.2649023381151375,2,left,Due Dissidence,False,134000.0
@DueDissidence,streams,F8,-0.03525865645312842,0.04903782760220347,0.47213515995319344,105,0.4416085068374602,0.2649023381151375,2,left,Due Dissidence,False,134000.0
@DueDissidence,streams,F9,0.06349084497364357,0.03546090124088731,0.07338216761483071,105,0.4416085068374602,0.2649023381151375,2,left,Due Dissidence,False,134000.0
@DueDissidence,streams,F10,-0.0965181186229287,0.07056127827836454,0.17135515474305063,105,0.4416085068374602,0.2649023381151375,2,left,Due Dissidence,False,134000.0
@DueDissidence,streams,F11,0.01961355557179445,0.13532680337348227,0.8847623944876372,105,0.4416085068374602,0.2649023381151375,2,left,Due Dissidence,False,134000.0
@DueDissidence,streams,F12,0.02625211000447414,0.045954909837787085,0.5678247656083175,105,0.4416085068374602,0.2649023381151375,2,left,Due Dissidence,False,134000.0
@DueDissidence,streams,curiosity_gap,-0.07396883786997022,0.040991171684666074,0.0711519329985437,105,0.4416085068374602,0.2649023381151375,2,left,Due Dissidence,False,134000.0
@DueDissidence,streams,outrage,0.09410273876528641,0.049295926353488936,0.05627042600364289,105,0.4416085068374602,0.2649023381151375,2,left,Due Dissidence,False,134000.0
@DueDissidence,streams,n_tokens,0.09710265408389285,0.06437066686813389,0.13142858081520262,105,0.4416085068374602,0.2649023381151375,2,left,Due Dissidence,False,134000.0
@DueDissidence,videos,F1,-0.044138541528987614,0.033878358304235655,0.19262474298541676,596,0.23309807605470956,0.15810582149917385,29,left,Due Dissidence,False,134000.0
@DueDissidence,videos,F2,0.08103444355173789,0.030338131084593226,0.007561602719132218,596,0.23309807605470956,0.15810582149917385,29,left,Due Dissidence,False,134000.0
@DueDissidence,videos,F3,-0.027799154237056617,0.038137695159760655,0.46605339930310974,596,0.23309807605470956,0.15810582149917385,29,left,Due Dissidence,False,134000.0
@DueDissidence,videos,F4,0.0053191233498586996,0.030817450685226826,0.862965051929962,596,0.23309807605470956,0.15810582149917385,29,left,Due Dissidence,False,134000.0
@DueDissidence,videos,F5,-0.03174932538102969,0.02760412157520982,0.25007545794855035,596,0.23309807605470956,0.15810582149917385,29,left,Due Dissidence,False,134000.0
@DueDissidence,videos,F6,0.06172709755549227,0.03245205004474511,0.05715786833973582,596,0.23309807605470956,0.15810582149917385,29,left,Due Dissidence,False,134000.0
@DueDissidence,videos,F7,-0.02663166448301546,0.033467237850916556,0.4261754485845708,596,0.23309807605470956,0.15810582149917385,29,left,Due Dissidence,False,134000.0
@DueDissidence,videos,F8,0.007694002355027235,0.030914454515541503,0.8034532831364878,596,0.23309807605470956,0.15810582149917385,29,left,Due Dissidence,False,134000.0
@DueDissidence,videos,F9,0.006388515757031074,0.03235390394795839,0.8434696632578369,596,0.23309807605470956,0.15810582149917385,29,left,Due Dissidence,False,134000.0
@DueDissidence,videos,F10,-0.018019475870823476,0.027187789332823606,0.5074725752338731,596,0.23309807605470956,0.15810582149917385,29,left,Due Dissidence,False,134000.0
@DueDissidence,videos,F11,0.04031617897443862,0.03823610334119155,0.2916994439228806,596,0.23309807605470956,0.15810582149917385,29,left,Due Dissidence,False,134000.0
@DueDissidence,videos,F12,-0.07031921239846366,0.03133484511743914,0.02482455877018848,596,0.23309807605470956,0.15810582149917385,29,left,Due Dissidence,False,134000.0
@DueDissidence,videos,curiosity_gap,0.04721819951827477,0.02704981932884422,0.08088025792523837,596,0.23309807605470956,0.15810582149917385,29,left,Due Dissidence,False,134000.0
@DueDissidence,videos,outrage,0.028247572794905418,0.03312103682832703,0.39373752666053174,596,0.23309807605470956,0.15810582149917385,29,left,Due Dissidence,False,134000.0
@DueDissidence,videos,humor,-0.03285315072912026,0.04412945468228803,0.4565908739075515,596,0.23309807605470956,0.15810582149917385,29,left,Due Dissidence,False,134000.0
@DueDissidence,videos,n_tokens,-0.08193037406617526,0.03162221122385062,0.009572189901850978,596,0.23309807605470956,0.15810582149917385,29,left,Due Dissidence,False,134000.0
@DylanBurnsLIVE,videos,F1,-0.058332480288084895,0.0612649819297299,0.34102896169007824,175,0.49613023753356866,0.3953562850402824,6,left,Dylan Burns,False,45200.0
@DylanBurnsLIVE,videos,F2,0.026070169539238464,0.05446820566441731,0.6322011895166351,175,0.49613023753356866,0.3953562850402824,6,left,Dylan Burns,False,45200.0
@DylanBurnsLIVE,videos,F3,0.04080123020244181,0.05658419057951007,0.4708657094160227,175,0.49613023753356866,0.3953562850402824,6,left,Dylan Burns,False,45200.0
@DylanBurnsLIVE,videos,F4,0.005461041156227586,0.07786570687402225,0.9440869268289899,175,0.49613023753356866,0.3953562850402824,6,left,Dylan Burns,False,45200.0
@DylanBurnsLIVE,videos,F5,0.05721895145742388,0.06290703804610707,0.3630443201871868,175,0.49613023753356866,0.3953562850402824,6,left,Dylan Burns,False,45200.0
@DylanBurnsLIVE,videos,F6,0.009624108076661572,0.05899406203031435,0.8704106512419574,175,0.49613023753356866,0.3953562850402824,6,left,Dylan Burns,False,45200.0
@DylanBurnsLIVE,videos,F7,-0.09766672777255914,0.052871515463646185,0.06471140675184738,175,0.49613023753356866,0.3953562850402824,6,left,Dylan Burns,False,45200.0
@DylanBurnsLIVE,videos,F8,-0.1129634197118995,0.0544109194763562,0.037883157072463786,175,0.49613023753356866,0.3953562850402824,6,left,Dylan Burns,False,45200.0
@DylanBurnsLIVE,videos,F9,-0.007464301286645547,0.059073666903474195,0.8994502768074162,175,0.49613023753356866,0.3953562850402824,6,left,Dylan Burns,False,45200.0
@DylanBurnsLIVE,videos,F10,-0.04880263895428197,0.030336027577775093,0.10767422975866034,175,0.49613023753356866,0.3953562850402824,6,left,Dylan Burns,False,45200.0
@DylanBurnsLIVE,videos,F11,-0.055942484793642056,0.0712045686227777,0.4320674981115018,175,0.49613023753356866,0.3953562850402824,6,left,Dylan Burns,False,45200.0
@DylanBurnsLIVE,videos,F12,-0.14847832867307686,0.06719375277855151,0.027125686768001044,175,0.49613023753356866,0.3953562850402824,6,left,Dylan Burns,False,45200.0
@DylanBurnsLIVE,videos,curiosity_gap,-0.04739755441053045,0.06125027658900096,0.43902888736050305,175,0.49613023753356866,0.3953562850402824,6,left,Dylan Burns,False,45200.0
@DylanBurnsLIVE,videos,outrage,-0.02917660904234709,0.053603529519825326,0.5862323781254102,175,0.49613023753356866,0.3953562850402824,6,left,Dylan Burns,False,45200.0
@DylanBurnsLIVE,videos,n_tokens,0.009985179002791278,0.06110523120321923,0.8701959755157764,175,0.49613023753356866,0.3953562850402824,6,left,Dylan Burns,False,45200.0
@FarronBalanced,streams,F1,-0.044837071358526825,0.05105977295990062,0.3798736744238419,178,0.3629976543909127,0.2170179501888302,11,left,Farron Balanced,False,1160000.0
@FarronBalanced,streams,F2,-0.07877506403713633,0.051706272977991935,0.1276309669381451,178,0.3629976543909127,0.2170179501888302,11,left,Farron Balanced,False,1160000.0
@FarronBalanced,streams,F3,-0.004752252202481738,0.05310496203444442,0.9286941593704833,178,0.3629976543909127,0.2170179501888302,11,left,Farron Balanced,False,1160000.0
@FarronBalanced,streams,F4,0.0639409496680795,0.05298818720886566,0.22754694177141366,178,0.3629976543909127,0.2170179501888302,11,left,Farron Balanced,False,1160000.0
@FarronBalanced,streams,F5,-0.05281272002601767,0.09459059257894786,0.5766193915210015,178,0.3629976543909127,0.2170179501888302,11,left,Farron Balanced,False,1160000.0
@FarronBalanced,streams,F6,0.003845314473696293,0.06156625662236227,0.9501979885244504,178,0.3629976543909127,0.2170179501888302,11,left,Farron Balanced,False,1160000.0
@FarronBalanced,streams,F7,0.04062192828401512,0.05065137922398687,0.42255841551478734,178,0.3629976543909127,0.2170179501888302,11,left,Farron Balanced,False,1160000.0
@FarronBalanced,streams,F8,0.05060380907722316,0.04638749238323631,0.2753197935582705,178,0.3629976543909127,0.2170179501888302,11,left,Farron Balanced,False,1160000.0
@FarronBalanced,streams,F9,0.03990848611888648,0.07272518417460207,0.5831719191271225,178,0.3629976543909127,0.2170179501888302,11,left,Farron Balanced,False,1160000.0
@FarronBalanced,streams,F10,0.028534124806137207,0.04477729829156931,0.5239650467960998,178,0.3629976543909127,0.2170179501888302,11,left,Farron Balanced,False,1160000.0
@FarronBalanced,streams,F11,0.008695041434642614,0.06266048049855089,0.8896363585463658,178,0.3629976543909127,0.2170179501888302,11,left,Farron Balanced,False,1160000.0
@FarronBalanced,streams,F12,0.00914773369568092,0.052576333508230606,0.8618736586010456,178,0.3629976543909127,0.2170179501888302,11,left,Farron Balanced,False,1160000.0
@FarronBalanced,streams,outrage,0.03308249657640927,0.051120210430846504,0.5175342045014351,178,0.3629976543909127,0.2170179501888302,11,left,Farron Balanced,False,1160000.0
@FarronBalanced,streams,n_tokens,0.047684391463215126,0.06329855948199162,0.4512546000787776,178,0.3629976543909127,0.2170179501888302,11,left,Farron Balanced,False,1160000.0
@FarronBalanced,videos,F1,-0.030456155460522383,0.020613315947381,0.13954190325811563,1704,0.23011485798378517,0.18564323176794173,69,left,Farron Balanced,False,1160000.0
@FarronBalanced,videos,F2,0.01005400476574278,0.020005262811396904,0.6152680377352132,1704,0.23011485798378517,0.18564323176794173,69,left,Farron Balanced,False,1160000.0
@FarronBalanced,videos,F3,-0.005167636679105803,0.019654341973085094,0.792607648929454,1704,0.23011485798378517,0.18564323176794173,69,left,Farron Balanced,False,1160000.0
@FarronBalanced,videos,F4,0.041392088253742895,0.019393050339446945,0.03281190050510987,1704,0.23011485798378517,0.18564323176794173,69,left,Farron Balanced,False,1160000.0
@FarronBalanced,videos,F5,0.022806024477507486,0.018630272189674817,0.22090016622348274,1704,0.23011485798378517,0.18564323176794173,69,left,Farron Balanced,False,1160000.0
@FarronBalanced,videos,F6,0.007753721453781615,0.021403950172974348,0.7171603135385283,1704,0.23011485798378517,0.18564323176794173,69,left,Farron Balanced,False,1160000.0
@FarronBalanced,videos,F7,-0.0020764025465460495,0.019686910030616605,0.9160019005625838,1704,0.23011485798378517,0.18564323176794173,69,left,Farron Balanced,False,1160000.0
@FarronBalanced,videos,F8,-0.06005263711216107,0.019781765132880758,0.0023993244180851086,1704,0.23011485798378517,0.18564323176794173,69,left,Farron Balanced,False,1160000.0
@FarronBalanced,videos,F9,0.035350738967085404,0.02103147532807989,0.09279220484462387,1704,0.23011485798378517,0.18564323176794173,69,left,Farron Balanced,False,1160000.0
@FarronBalanced,videos,F10,-0.010265072521214065,0.017954106417020423,0.5674984436657685,1704,0.23011485798378517,0.18564323176794173,69,left,Farron Balanced,False,1160000.0
@FarronBalanced,videos,F11,-0.044977734790999535,0.02154659011282784,0.036846196848514486,1704,0.23011485798378517,0.18564323176794173,69,left,Farron Balanced,False,1160000.0
@FarronBalanced,videos,F12,-0.02994098449237633,0.02115689691330772,0.15701341156224205,1704,0.23011485798378517,0.18564323176794173,69,left,Farron Balanced,False,1160000.0
@FarronBalanced,videos,curiosity_gap,0.028236512951660506,0.01925731876934352,0.14257355488121073,1704,0.23011485798378517,0.18564323176794173,69,left,Farron Balanced,False,1160000.0
@FarronBalanced,videos,outrage,0.05094811414547497,0.02035676027499261,0.012322858342694792,1704,0.23011485798378517,0.18564323176794173,69,left,Farron Balanced,False,1160000.0
@FarronBalanced,videos,humor,0.012049874055631737,0.20488994670445101,0.9531022915785757,1704,0.23011485798378517,0.18564323176794173,69,left,Farron Balanced,False,1160000.0
@FarronBalanced,videos,n_tokens,-0.034075632837905545,0.023823175314624235,0.1526147363296112,1704,0.23011485798378517,0.18564323176794173,69,left,Farron Balanced,False,1160000.0
@Firstpost,streams,F1,0.07184171355980157,0.01855083419328134,0.00010763871494021806,8485,0.29183344282606694,0.27969247439591804,119,neutral,Network18,False,9720000.0
@Firstpost,streams,F2,0.03369466828980612,0.012108178753430383,0.005389162560691477,8485,0.29183344282606694,0.27969247439591804,119,neutral,Network18,False,9720000.0
@Firstpost,streams,F3,0.009061849859695166,0.01384361908456422,0.5127338463304185,8485,0.29183344282606694,0.27969247439591804,119,neutral,Network18,False,9720000.0
@Firstpost,streams,F4,0.048653533351318286,0.01340129128995193,0.00028286081962652107,8485,0.29183344282606694,0.27969247439591804,119,neutral,Network18,False,9720000.0
@Firstpost,streams,F5,0.01512433438047758,0.012362840033229204,0.22118977231678005,8485,0.29183344282606694,0.27969247439591804,119,neutral,Network18,False,9720000.0
@Firstpost,streams,F6,-0.035355404309636775,0.013411275236177047,0.008382923564171047,8485,0.29183344282606694,0.27969247439591804,119,neutral,Network18,False,9720000.0
@Firstpost,streams,F7,0.015841370519760353,0.011775550241686477,0.1785359731799404,8485,0.29183344282606694,0.27969247439591804,119,neutral,Network18,False,9720000.0
@Firstpost,streams,F8,0.034857145755160066,0.01331462745890923,0.00884574917931744,8485,0.29183344282606694,0.27969247439591804,119,neutral,Network18,False,9720000.0
@Firstpost,streams,F9,0.023949215362130582,0.013131994458491711,0.06819286528302926,8485,0.29183344282606694,0.27969247439591804,119,neutral,Network18,False,9720000.0
@Firstpost,streams,F10,-0.03696236359868507,0.013018684858354657,0.004522991901465043,8485,0.29183344282606694,0.27969247439591804,119,neutral,Network18,False,9720000.0
@Firstpost,streams,F11,-0.019995144418440566,0.016942056477445795,0.23791764287737216,8485,0.29183344282606694,0.27969247439591804,119,neutral,Network18,False,9720000.0
@Firstpost,streams,F12,0.005882974091464745,0.015007598618829785,0.695058438657576,8485,0.29183344282606694,0.27969247439591804,119,neutral,Network18,False,9720000.0
@Firstpost,streams,curiosity_gap,0.010662022943499772,0.010146661232307582,0.29335447067732445,8485,0.29183344282606694,0.27969247439591804,119,neutral,Network18,False,9720000.0
@Firstpost,streams,outrage,0.15101468475705726,0.01422317693093389,2.4707067504763085e-26,8485,0.29183344282606694,0.27969247439591804,119,neutral,Network18,False,9720000.0
@Firstpost,streams,humor,-0.0013250446757526485,0.010230416573757048,0.8969461138217598,8485,0.29183344282606694,0.27969247439591804,119,neutral,Network18,False,9720000.0
@Firstpost,streams,n_tokens,0.06156260075157073,0.013586468118548332,5.865782891383761e-06,8485,0.29183344282606694,0.27969247439591804,119,neutral,Network18,False,9720000.0
@Firstpost,videos,F1,0.09814111131086498,0.024699808134606673,7.086724394514899e-05,9637,0.18412752409382704,0.1707892439793396,131,neutral,Network18,False,9720000.0
@Firstpost,videos,F2,0.06957722329109865,0.016915799093652192,3.9029617495613204e-05,9637,0.18412752409382704,0.1707892439793396,131,neutral,Network18,False,9720000.0
@Firstpost,videos,F3,-0.02820109463262408,0.016924035049584982,0.09564691291233868,9637,0.18412752409382704,0.1707892439793396,131,neutral,Network18,False,9720000.0
@Firstpost,videos,F4,0.13597277795397483,0.01727998686679852,3.5805618709527905e-15,9637,0.18412752409382704,0.1707892439793396,131,neutral,Network18,False,9720000.0
@Firstpost,videos,F5,0.12896752728589883,0.017089102283175714,4.461849605539374e-14,9637,0.18412752409382704,0.1707892439793396,131,neutral,Network18,False,9720000.0
@Firstpost,videos,F6,-0.09572226132822191,0.017220136975660272,2.7172938400535462e-08,9637,0.18412752409382704,0.1707892439793396,131,neutral,Network18,False,9720000.0
@Firstpost,videos,F7,0.06789068286417109,0.016527373642905595,3.994941564517048e-05,9637,0.18412752409382704,0.1707892439793396,131,neutral,Network18,False,9720000.0
@Firstpost,videos,F8,0.0154918028883195,0.018905129005324983,0.4125298709694668,9637,0.18412752409382704,0.1707892439793396,131,neutral,Network18,False,9720000.0
@Firstpost,videos,F9,-0.007366170862626285,0.018263124247149466,0.686701247623958,9637,0.18412752409382704,0.1707892439793396,131,neutral,Network18,False,9720000.0
@Firstpost,videos,F10,-0.07465146194425021,0.017589299441672,2.1943262945862234e-05,9637,0.18412752409382704,0.1707892439793396,131,neutral,Network18,False,9720000.0
@Firstpost,videos,F11,-0.12251144067976143,0.02482873169484832,8.045482492035886e-07,9637,0.18412752409382704,0.1707892439793396,131,neutral,Network18,False,9720000.0
@Firstpost,videos,F12,0.04596059750222359,0.018078889740232286,0.011014938009124122,9637,0.18412752409382704,0.1707892439793396,131,neutral,Network18,False,9720000.0
@Firstpost,videos,curiosity_gap,0.018283910924046274,0.014967821505307588,0.2218786412126993,9637,0.18412752409382704,0.1707892439793396,131,neutral,Network18,False,9720000.0
@Firstpost,videos,outrage,0.1603356578983407,0.017519196355628482,5.588988923705131e-20,9637,0.18412752409382704,0.1707892439793396,131,neutral,Network18,False,9720000.0
@Firstpost,videos,humor,-0.0017014786993577932,0.012791125119783883,0.8941773632726803,9637,0.18412752409382704,0.1707892439793396,131,neutral,Network18,False,9720000.0
@Firstpost,videos,n_tokens,0.09074898432905615,0.018227029402455155,6.397517430452559e-07,9637,0.18412752409382704,0.1707892439793396,131,neutral,Network18,False,9720000.0
@Forbes,videos,F1,-0.016258835037063102,0.06272819317965038,0.7954847763691165,1196,0.23393072262311654,0.18408842561018213,49,neutral,Forbes,False,2180000.0
@Forbes,videos,F2,0.07410250220030017,0.04809946972649357,0.12341184330717425,1196,0.23393072262311654,0.18408842561018213,49,neutral,Forbes,False,2180000.0
@Forbes,videos,F3,0.023667134496259998,0.05421664006810903,0.6624529790282803,1196,0.23393072262311654,0.18408842561018213,49,neutral,Forbes,False,2180000.0
@Forbes,videos,F4,0.030143534423559742,0.047586063332616384,0.5264378659870518,1196,0.23393072262311654,0.18408842561018213,49,neutral,Forbes,False,2180000.0
@Forbes,videos,F5,-0.18438364273499153,0.04544772208228627,4.96966243138642e-05,1196,0.23393072262311654,0.18408842561018213,49,neutral,Forbes,False,2180000.0
@Forbes,videos,F6,0.13301176665221476,0.04648203627964649,0.004215436508470344,1196,0.23393072262311654,0.18408842561018213,49,neutral,Forbes,False,2180000.0
@Forbes,videos,F7,0.014355920255490762,0.057790382854514606,0.8038143691226649,1196,0.23393072262311654,0.18408842561018213,49,neutral,Forbes,False,2180000.0
@Forbes,videos,F8,0.1445312393369692,0.05812598488001851,0.012900046980061095,1196,0.23393072262311654,0.18408842561018213,49,neutral,Forbes,False,2180000.0
@Forbes,videos,F9,0.03499631015254406,0.05379658608292649,0.5153497257418818,1196,0.23393072262311654,0.18408842561018213,49,neutral,Forbes,False,2180000.0
@Forbes,videos,F10,0.04908560856432523,0.04433019332141695,0.26817608560243544,1196,0.23393072262311654,0.18408842561018213,49,neutral,Forbes,False,2180000.0
@Forbes,videos,F11,-0.04546547307226258,0.06681920562421408,0.49623525291589543,1196,0.23393072262311654,0.18408842561018213,49,neutral,Forbes,False,2180000.0
@Forbes,videos,F12,-0.04592363321364923,0.06056092892647952,0.4482686320956857,1196,0.23393072262311654,0.18408842561018213,49,neutral,Forbes,False,2180000.0
@Forbes,videos,curiosity_gap,0.012586311633074249,0.03170525560303663,0.6913831565692039,1196,0.23393072262311654,0.18408842561018213,49,neutral,Forbes,False,2180000.0
@Forbes,videos,outrage,0.04770416328411428,0.04515869009685905,0.2908004420297131,1196,0.23393072262311654,0.18408842561018213,49,neutral,Forbes,False,2180000.0
@Forbes,videos,humor,-0.04586007190359466,0.23139351923647705,0.8428957676370041,1196,0.23393072262311654,0.18408842561018213,49,neutral,Forbes,False,2180000.0
@Forbes,videos,n_tokens,0.0016186425386028967,0.0513239895196014,0.9748406964689583,1196,0.23393072262311654,0.18408842561018213,49,neutral,Forbes,False,2180000.0
@Forthepeoplepodcast305,videos,F1,0.06949682493250664,0.10058119655241525,0.4895954186578373,111,0.4551226029172347,0.27787332916741947,4,left,Niko House,False,54600.0
@Forthepeoplepodcast305,videos,F2,0.07258079937737816,0.08745393409650941,0.40657735438936027,111,0.4551226029172347,0.27787332916741947,4,left,Niko House,False,54600.0
@Forthepeoplepodcast305,videos,F3,0.1102072798628812,0.07216048986683855,0.12669826593870828,111,0.4551226029172347,0.27787332916741947,4,left,Niko House,False,54600.0
@Forthepeoplepodcast305,videos,F4,-0.004358495089148484,0.09510034693420995,0.9634453602671905,111,0.4551226029172347,0.27787332916741947,4,left,Niko House,False,54600.0
@Forthepeoplepodcast305,videos,F5,0.029719051405926733,0.09869745790542543,0.7633286081959224,111,0.4551226029172347,0.27787332916741947,4,left,Niko House,False,54600.0
@Forthepeoplepodcast305,videos,F6,0.01885229902091784,0.10909359276896076,0.8628019634950876,111,0.4551226029172347,0.27787332916741947,4,left,Niko House,False,54600.0
@Forthepeoplepodcast305,videos,F7,0.09867927585993175,0.08831385936491541,0.26383606567014206,111,0.4551226029172347,0.27787332916741947,4,left,Niko House,False,54600.0
@Forthepeoplepodcast305,videos,F8,-0.04010439371262298,0.08898489529760005,0.6522146816310064,111,0.4551226029172347,0.27787332916741947,4,left,Niko House,False,54600.0
@Forthepeoplepodcast305,videos,F9,-0.020338523719919788,0.0880065344346314,0.8172352295015533,111,0.4551226029172347,0.27787332916741947,4,left,Niko House,False,54600.0
@Forthepeoplepodcast305,videos,F10,0.017354597927626725,0.13006509871622726,0.8938532491747032,111,0.4551226029172347,0.27787332916741947,4,left,Niko House,False,54600.0
@Forthepeoplepodcast305,videos,F11,-0.17829356465691626,0.12787445399207692,0.1632312481341065,111,0.4551226029172347,0.27787332916741947,4,left,Niko House,False,54600.0
@Forthepeoplepodcast305,videos,F12,-0.1630012456403694,0.10564666926127389,0.1228573386601712,111,0.4551226029172347,0.27787332916741947,4,left,Niko House,False,54600.0
@Forthepeoplepodcast305,videos,curiosity_gap,0.048173572887529395,0.09324044759373962,0.6053937987995206,111,0.4551226029172347,0.27787332916741947,4,left,Niko House,False,54600.0
@Forthepeoplepodcast305,videos,outrage,0.10504006997700845,0.0950768404484385,0.2692500137693883,111,0.4551226029172347,0.27787332916741947,4,left,Niko House,False,54600.0
@Forthepeoplepodcast305,videos,n_tokens,0.03662186321247102,0.10938068797825996,0.7377676229216729,111,0.4551226029172347,0.27787332916741947,4,left,Niko House,False,54600.0
@FoxNews,streams,F1,-0.0741652848861481,0.06937528755311795,0.28504951880021,597,0.26422273594580414,0.18185960937257328,37,right,Fox News,False,15500000.0
@FoxNews,streams,F2,0.01891706708619613,0.052257797547070044,0.7173556858693606,597,0.26422273594580414,0.18185960937257328,37,right,Fox News,False,15500000.0
@FoxNews,streams,F3,-0.02002889277191508,0.05151223413154273,0.697410656332698,597,0.26422273594580414,0.18185960937257328,37,right,Fox News,False,15500000.0
@FoxNews,streams,F4,0.0036034948257439026,0.05463909934250096,0.9474169594191526,597,0.26422273594580414,0.18185960937257328,37,right,Fox News,False,15500000.0
@FoxNews,streams,F5,-0.03208105186572696,0.07457751415812659,0.6670715675950665,597,0.26422273594580414,0.18185960937257328,37,right,Fox News,False,15500000.0
@FoxNews,streams,F6,-0.05063439064811642,0.0614646322556066,0.41005481088021767,597,0.26422273594580414,0.18185960937257328,37,right,Fox News,False,15500000.0
@FoxNews,streams,F7,-0.05946448305516028,0.06071194427248842,0.32735630553466044,597,0.26422273594580414,0.18185960937257328,37,right,Fox News,False,15500000.0
@FoxNews,streams,F8,-0.026689406583729425,0.04195297169941205,0.5246627571359759,597,0.26422273594580414,0.18185960937257328,37,right,Fox News,False,15500000.0
@FoxNews,streams,F9,0.10855647109663574,0.06258403562124903,0.08281676925192247,597,0.26422273594580414,0.18185960937257328,37,right,Fox News,False,15500000.0
@FoxNews,streams,F10,-0.004271171134218654,0.0472197591854427,0.9279272033776772,597,0.26422273594580414,0.18185960937257328,37,right,Fox News,False,15500000.0
@FoxNews,streams,F11,0.051719976101241294,0.07119210922169453,0.467541700910717,597,0.26422273594580414,0.18185960937257328,37,right,Fox News,False,15500000.0
@FoxNews,streams,F12,0.03590246972455444,0.05272724155025426,0.495928876013204,597,0.26422273594580414,0.18185960937257328,37,right,Fox News,False,15500000.0
@FoxNews,streams,curiosity_gap,-0.01785494150174584,0.03161954887633715,0.5722911251082645,597,0.26422273594580414,0.18185960937257328,37,right,Fox News,False,15500000.0
@FoxNews,streams,outrage,0.06581621883457706,0.05602176539095938,0.24006153387355833,597,0.26422273594580414,0.18185960937257328,37,right,Fox News,False,15500000.0
@FoxNews,streams,n_tokens,-0.21422312383549139,0.0639254400853509,0.0008047949248965693,597,0.26422273594580414,0.18185960937257328,37,right,Fox News,False,15500000.0
@FoxNews,videos,F1,-0.10369230983618005,0.01589467420872493,6.858740208741431e-11,7674,0.2796805492161666,0.25941161116650757,186,right,Fox News,False,15500000.0
@FoxNews,videos,F2,0.047332613059682734,0.013801748501911938,0.0006047724867151811,7674,0.2796805492161666,0.25941161116650757,186,right,Fox News,False,15500000.0
@FoxNews,videos,F3,0.1489028205980621,0.013074928814752482,4.7755414113482135e-30,7674,0.2796805492161666,0.25941161116650757,186,right,Fox News,False,15500000.0
@FoxNews,videos,F4,0.13042715504791488,0.015229317126310635,1.0881407854493506e-17,7674,0.2796805492161666,0.25941161116650757,186,right,Fox News,False,15500000.0
@FoxNews,videos,F5,-0.022997857468876934,0.013567785520809394,0.09006897522406475,7674,0.2796805492161666,0.25941161116650757,186,right,Fox News,False,15500000.0
@FoxNews,videos,F6,0.007381902682119457,0.015528378413811314,0.634515130526359,7674,0.2796805492161666,0.25941161116650757,186,right,Fox News,False,15500000.0
@FoxNews,videos,F7,-0.016553615922448597,0.01695105473534343,0.3287901298321172,7674,0.2796805492161666,0.25941161116650757,186,right,Fox News,False,15500000.0
@FoxNews,videos,F8,0.04481892483425157,0.01477786878510969,0.0024226329226152525,7674,0.2796805492161666,0.25941161116650757,186,right,Fox News,False,15500000.0
@FoxNews,videos,F9,-0.06803463702982618,0.015296573901415287,8.679290939036712e-06,7674,0.2796805492161666,0.25941161116650757,186,right,Fox News,False,15500000.0
@FoxNews,videos,F10,-0.03144898022577381,0.015158394366504024,0.03801520737141029,7674,0.2796805492161666,0.25941161116650757,186,right,Fox News,False,15500000.0
@FoxNews,videos,F11,0.060216168128406015,0.017776429100257073,0.0007055420618626604,7674,0.2796805492161666,0.25941161116650757,186,right,Fox News,False,15500000.0
@FoxNews,videos,F12,0.019389366918173244,0.015552159031210573,0.21249595615592276,7674,0.2796805492161666,0.25941161116650757,186,right,Fox News,False,15500000.0
@FoxNews,videos,curiosity_gap,-0.001685720503019069,0.012431985836142896,0.8921411160124763,7674,0.2796805492161666,0.25941161116650757,186,right,Fox News,False,15500000.0
@FoxNews,videos,outrage,0.08198517316714866,0.014137777954682542,6.670593929314642e-09,7674,0.2796805492161666,0.25941161116650757,186,right,Fox News,False,15500000.0
@FoxNews,videos,humor,0.033655645775694715,0.012910467652545254,0.009137952218595851,7674,0.2796805492161666,0.25941161116650757,186,right,Fox News,False,15500000.0
@FoxNews,videos,n_tokens,-0.1270280846341318,0.01709589926890978,1.0833132161723927e-13,7674,0.2796805492161666,0.25941161116650757,186,right,Fox News,False,15500000.0
@FoxNewsChannelClips,videos,F1,-0.04986336418248327,0.02473737640893327,0.043830363544097424,5421,0.2699839386807038,0.24302906976265815,169,right,Fox News,True,846000.0
@FoxNewsChannelClips,videos,F2,-0.005875119167215767,0.019398011608200788,0.7619872299524473,5421,0.2699839386807038,0.24302906976265815,169,right,Fox News,True,846000.0
@FoxNewsChannelClips,videos,F3,-0.014726080645628633,0.01970033317902401,0.45475930365260053,5421,0.2699839386807038,0.24302906976265815,169,right,Fox News,True,846000.0
@FoxNewsChannelClips,videos,F4,0.10887808455679862,0.021100505991342257,2.4698274893778747e-07,5421,0.2699839386807038,0.24302906976265815,169,right,Fox News,True,846000.0
@FoxNewsChannelClips,videos,F5,-0.01788409618175795,0.019811998168120036,0.3666903499825387,5421,0.2699839386807038,0.24302906976265815,169,right,Fox News,True,846000.0
@FoxNewsChannelClips,videos,F6,-0.006627781928125957,0.022598995518152625,0.7693098805242269,5421,0.2699839386807038,0.24302906976265815,169,right,Fox News,True,846000.0
@FoxNewsChannelClips,videos,F7,-0.09101062681339542,0.02585869716589828,0.00043230165568954493,5421,0.2699839386807038,0.24302906976265815,169,right,Fox News,True,846000.0
@FoxNewsChannelClips,videos,F8,0.05428264069122261,0.02141078486798478,0.011235289355811445,5421,0.2699839386807038,0.24302906976265815,169,right,Fox News,True,846000.0
@FoxNewsChannelClips,videos,F9,0.00012918604725826316,0.022683796275491937,0.9954560077097192,5421,0.2699839386807038,0.24302906976265815,169,right,Fox News,True,846000.0
@FoxNewsChannelClips,videos,F10,-0.014994553206925415,0.022510443203818488,0.5053373325635521,5421,0.2699839386807038,0.24302906976265815,169,right,Fox News,True,846000.0
@FoxNewsChannelClips,videos,F11,-0.0255046809076808,0.027431143105284186,0.35248967287291844,5421,0.2699839386807038,0.24302906976265815,169,right,Fox News,True,846000.0
@FoxNewsChannelClips,videos,F12,-0.05650506249517466,0.0235975899706684,0.01664182548820573,5421,0.2699839386807038,0.24302906976265815,169,right,Fox News,True,846000.0
@FoxNewsChannelClips,videos,curiosity_gap,0.027215880578548624,0.019240304344514462,0.1572079789353222,5421,0.2699839386807038,0.24302906976265815,169,right,Fox News,True,846000.0
@FoxNewsChannelClips,videos,outrage,0.1750673021007419,0.020836983403027583,4.3984173593916717e-17,5421,0.2699839386807038,0.24302906976265815,169,right,Fox News,True,846000.0
@FoxNewsChannelClips,videos,humor,-0.0037521326476997897,0.021873031631656614,0.8637980020233211,5421,0.2699839386807038,0.24302906976265815,169,right,Fox News,True,846000.0
@FoxNewsChannelClips,videos,n_tokens,-0.08352638110742346,0.02364167926112891,0.0004108508921310072,5421,0.2699839386807038,0.24302906976265815,169,right,Fox News,True,846000.0
@GlennKirschner2,videos,F1,0.009426130610168726,0.07150442966833964,0.8951220574448527,244,0.29111099702886123,0.15970718184396726,15,left,Glenn Kirschner,False,1260000.0
@GlennKirschner2,videos,F2,0.01847342339534641,0.0811417867011675,0.8199040151278038,244,0.29111099702886123,0.15970718184396726,15,left,Glenn Kirschner,False,1260000.0
@GlennKirschner2,videos,F3,-0.007463723194790051,0.07511788985775178,0.92085233884614,244,0.29111099702886123,0.15970718184396726,15,left,Glenn Kirschner,False,1260000.0
@GlennKirschner2,videos,F4,-0.05755193112171014,0.057260370071257595,0.31485262551466586,244,0.29111099702886123,0.15970718184396726,15,left,Glenn Kirschner,False,1260000.0
@GlennKirschner2,videos,F5,-0.037115460180359494,0.06762813171308303,0.5831311256123459,244,0.29111099702886123,0.15970718184396726,15,left,Glenn Kirschner,False,1260000.0
@GlennKirschner2,videos,F6,0.04914505362424815,0.06880769457128284,0.4750801715328816,244,0.29111099702886123,0.15970718184396726,15,left,Glenn Kirschner,False,1260000.0
@GlennKirschner2,videos,F7,-0.0829416072601322,0.0772708032657243,0.28309675128598233,244,0.29111099702886123,0.15970718184396726,15,left,Glenn Kirschner,False,1260000.0
@GlennKirschner2,videos,F8,-0.03403931503778568,0.07372203766630743,0.6442784707151354,244,0.29111099702886123,0.15970718184396726,15,left,Glenn Kirschner,False,1260000.0
@GlennKirschner2,videos,F9,0.06845885720239375,0.08059907305958477,0.3956725249099745,244,0.29111099702886123,0.15970718184396726,15,left,Glenn Kirschner,False,1260000.0
@GlennKirschner2,videos,F10,0.014956467218412706,0.06947740590668366,0.8295560767025832,244,0.29111099702886123,0.15970718184396726,15,left,Glenn Kirschner,False,1260000.0
@GlennKirschner2,videos,F11,-0.04691964023353257,0.1036735615003929,0.6508577347538035,244,0.29111099702886123,0.15970718184396726,15,left,Glenn Kirschner,False,1260000.0
@GlennKirschner2,videos,F12,-0.12293267967724184,0.08289339254422975,0.13806871036299076,244,0.29111099702886123,0.15970718184396726,15,left,Glenn Kirschner,False,1260000.0
@GlennKirschner2,videos,curiosity_gap,0.04615180441936151,0.08315799927404392,0.5789019412768526,244,0.29111099702886123,0.15970718184396726,15,left,Glenn Kirschner,False,1260000.0
@GlennKirschner2,videos,outrage,0.16516256642001526,0.06881218880648307,0.0163864083973641,244,0.29111099702886123,0.15970718184396726,15,left,Glenn Kirschner,False,1260000.0
@GlennKirschner2,videos,n_tokens,-0.07917750778442034,0.13073331158517298,0.5447528948697717,244,0.29111099702886123,0.15970718184396726,15,left,Glenn Kirschner,False,1260000.0
@GrahamAllen,videos,F1,-0.0010234575237256793,0.08062140011058506,0.989871435831552,247,0.5919026178784283,0.5330606697585738,9,right,Graham Allen,False,192000.0
@GrahamAllen,videos,F2,0.08476334982291767,0.06624946716219186,0.20073614434990905,247,0.5919026178784283,0.5330606697585738,9,right,Graham Allen,False,192000.0
@GrahamAllen,videos,F3,0.06974451740114479,0.07589917255557418,0.3581425886557379,247,0.5919026178784283,0.5330606697585738,9,right,Graham Allen,False,192000.0
@GrahamAllen,videos,F4,-0.09467682967972013,0.06138577412769769,0.12299457504819251,247,0.5919026178784283,0.5330606697585738,9,right,Graham Allen,False,192000.0
@GrahamAllen,videos,F5,-0.04943666729267995,0.07239734807370587,0.494700425276804,247,0.5919026178784283,0.5330606697585738,9,right,Graham Allen,False,192000.0
@GrahamAllen,videos,F6,-0.015941336014933083,0.07968399089607853,0.8414360432572234,247,0.5919026178784283,0.5330606697585738,9,right,Graham Allen,False,192000.0
@GrahamAllen,videos,F7,-0.2168036990569141,0.0880803654756522,0.013838420164643666,247,0.5919026178784283,0.5330606697585738,9,right,Graham Allen,False,192000.0
@GrahamAllen,videos,F8,-0.16092918941736534,0.06951187523446443,0.02060569139862285,247,0.5919026178784283,0.5330606697585738,9,right,Graham Allen,False,192000.0
@GrahamAllen,videos,F9,0.09461129263761772,0.07230956025433957,0.19073080917874785,247,0.5919026178784283,0.5330606697585738,9,right,Graham Allen,False,192000.0
@GrahamAllen,videos,F10,0.029921340704303828,0.07802843589141688,0.7013734343020055,247,0.5919026178784283,0.5330606697585738,9,right,Graham Allen,False,192000.0
@GrahamAllen,videos,F11,0.017990824542992057,0.07991699033548702,0.8218867822633352,247,0.5919026178784283,0.5330606697585738,9,right,Graham Allen,False,192000.0
@GrahamAllen,videos,F12,-0.2312337130486937,0.08207295286488646,0.004841166154126198,247,0.5919026178784283,0.5330606697585738,9,right,Graham Allen,False,192000.0
@GrahamAllen,videos,curiosity_gap,0.025940217365076762,0.0546745810640429,0.6351808396505945,247,0.5919026178784283,0.5330606697585738,9,right,Graham Allen,False,192000.0
@GrahamAllen,videos,outrage,-0.06317524436391862,0.06925705703389826,0.3616713707688449,247,0.5919026178784283,0.5330606697585738,9,right,Graham Allen,False,192000.0
@GrahamAllen,videos,n_tokens,-0.00039688899133222266,0.0732309998877239,0.9956757377509035,247,0.5919026178784283,0.5330606697585738,9,right,Graham Allen,False,192000.0
@HangOutwithSeanHannity,videos,F1,0.06443166425166602,0.17462737138117548,0.712152634154681,154,0.33179192140177693,0.19499341712182572,4,right,Sean Hannity,False,178000.0
@HangOutwithSeanHannity,videos,F2,-0.01624203833109128,0.13808120180763062,0.906363435466027,154,0.33179192140177693,0.19499341712182572,4,right,Sean Hannity,False,178000.0
@HangOutwithSeanHannity,videos,F3,0.3120118817703921,0.12865590078673603,0.015301399655517557,154,0.33179192140177693,0.19499341712182572,4,right,Sean Hannity,False,178000.0
@HangOutwithSeanHannity,videos,F4,-0.1093982852657927,0.14768688167748373,0.4588482081360834,154,0.33179192140177693,0.19499341712182572,4,right,Sean Hannity,False,178000.0
@HangOutwithSeanHannity,videos,F5,0.008650677499584258,0.1397850010857179,0.9506539416808925,154,0.33179192140177693,0.19499341712182572,4,right,Sean Hannity,False,178000.0
@HangOutwithSeanHannity,videos,F6,0.05369766772865375,0.1439638133727808,0.7091527590016637,154,0.33179192140177693,0.19499341712182572,4,right,Sean Hannity,False,178000.0
@HangOutwithSeanHannity,videos,F7,-0.22519163380591656,0.19499880169735545,0.24815759674121696,154,0.33179192140177693,0.19499341712182572,4,right,Sean Hannity,False,178000.0
@HangOutwithSeanHannity,videos,F8,-0.05754694597500798,0.12691099428076982,0.6502295294437395,154,0.33179192140177693,0.19499341712182572,4,right,Sean Hannity,False,178000.0
@HangOutwithSeanHannity,videos,F9,-0.33318823681966,0.12331597909870716,0.006894316155666303,154,0.33179192140177693,0.19499341712182572,4,right,Sean Hannity,False,178000.0
@HangOutwithSeanHannity,videos,F10,0.10524643754587668,0.15402137139890484,0.4944023864802728,154,0.33179192140177693,0.19499341712182572,4,right,Sean Hannity,False,178000.0
@HangOutwithSeanHannity,videos,F11,-0.05489568009066326,0.15088369011158922,0.71598660653691,154,0.33179192140177693,0.19499341712182572,4,right,Sean Hannity,False,178000.0
@HangOutwithSeanHannity,videos,F12,-0.027073326789613272,0.15038048269621093,0.857127301497709,154,0.33179192140177693,0.19499341712182572,4,right,Sean Hannity,False,178000.0
@HangOutwithSeanHannity,videos,curiosity_gap,0.14663772567950506,0.17851145334782578,0.411391612560982,154,0.33179192140177693,0.19499341712182572,4,right,Sean Hannity,False,178000.0
@HangOutwithSeanHannity,videos,outrage,0.05691466167130377,0.14149994693347925,0.6875192484651477,154,0.33179192140177693,0.19499341712182572,4,right,Sean Hannity,False,178000.0
@HangOutwithSeanHannity,videos,n_tokens,-0.10698550329653364,0.1510345436673756,0.4787271766821046,154,0.33179192140177693,0.19499341712182572,4,right,Sean Hannity,False,178000.0
@HasanAbi,videos,F1,0.02716366577020282,0.02552731674206882,0.2872825487102898,591,0.293451891910232,0.22945770097419016,25,left,HasanAbi,False,1950000.0
@HasanAbi,videos,F2,-0.0024643783519426865,0.029454782764678115,0.9333215990677056,591,0.293451891910232,0.22945770097419016,25,left,HasanAbi,False,1950000.0
@HasanAbi,videos,F3,-0.0022231834698277914,0.02735611170458364,0.9352286190670348,591,0.293451891910232,0.22945770097419016,25,left,HasanAbi,False,1950000.0
@HasanAbi,videos,F4,0.01776095085123308,0.02572160390978064,0.4898753287640274,591,0.293451891910232,0.22945770097419016,25,left,HasanAbi,False,1950000.0
@HasanAbi,videos,F5,-0.04545479489946387,0.023430072532896758,0.05237733409234114,591,0.293451891910232,0.22945770097419016,25,left,HasanAbi,False,1950000.0
@HasanAbi,videos,F6,0.043084482105678085,0.03194488253275893,0.17742913056302867,591,0.293451891910232,0.22945770097419016,25,left,HasanAbi,False,1950000.0
@HasanAbi,videos,F7,0.031168084419396724,0.02510680038360371,0.2144506303582222,591,0.293451891910232,0.22945770097419016,25,left,HasanAbi,False,1950000.0
@HasanAbi,videos,F8,-0.007018635841573653,0.02825686537713332,0.8038350506320765,591,0.293451891910232,0.22945770097419016,25,left,HasanAbi,False,1950000.0
@HasanAbi,videos,F9,0.042577890407895634,0.02610914356471591,0.10293981095357509,591,0.293451891910232,0.22945770097419016,25,left,HasanAbi,False,1950000.0
@HasanAbi,videos,F10,-0.019252319781602134,0.021947164214316563,0.3803714012227368,591,0.293451891910232,0.22945770097419016,25,left,HasanAbi,False,1950000.0
@HasanAbi,videos,F11,-0.01159678915488846,0.033999891332493225,0.7330410053075256,591,0.293451891910232,0.22945770097419016,25,left,HasanAbi,False,1950000.0
@HasanAbi,videos,F12,-0.042624818023195454,0.03284698277658664,0.19439789030917642,591,0.293451891910232,0.22945770097419016,25,left,HasanAbi,False,1950000.0
@HasanAbi,videos,curiosity_gap,0.0027244924024568407,0.021814198135343923,0.900606381876342,591,0.293451891910232,0.22945770097419016,25,left,HasanAbi,False,1950000.0
@HasanAbi,videos,outrage,0.0391195591742719,0.0264169698434553,0.13864665643465723,591,0.293451891910232,0.22945770097419016,25,left,HasanAbi,False,1950000.0
@HasanAbi,videos,humor,0.017652007317710883,0.023967410002421946,0.4614262175319369,591,0.293451891910232,0.22945770097419016,25,left,HasanAbi,False,1950000.0
@HasanAbi,videos,n_tokens,-0.04901532924707508,0.034511502565820334,0.15553181099238012,591,0.293451891910232,0.22945770097419016,25,left,HasanAbi,False,1950000.0
@HasanAbiVODs3,videos,F1,0.1645641042956804,0.11184052218983923,0.14117823699837345,163,0.6982818970271067,0.6533451582864631,1,left,HasanAbi,True,10900.0
@HasanAbiVODs3,videos,F2,0.05950266964345596,0.08719256398183621,0.49496819191262786,163,0.6982818970271067,0.6533451582864631,1,left,HasanAbi,True,10900.0
@HasanAbiVODs3,videos,F3,0.1367581362516786,0.07675462663667758,0.07478877589928977,163,0.6982818970271067,0.6533451582864631,1,left,HasanAbi,True,10900.0
@HasanAbiVODs3,videos,F4,0.03510816344943035,0.10750697096977563,0.7439958675211176,163,0.6982818970271067,0.6533451582864631,1,left,HasanAbi,True,10900.0
@HasanAbiVODs3,videos,F5,-0.0585653360449051,0.16058865010881865,0.7153416096602463,163,0.6982818970271067,0.6533451582864631,1,left,HasanAbi,True,10900.0
@HasanAbiVODs3,videos,F6,0.15287850434275735,0.11874563577057408,0.1979391422043194,163,0.6982818970271067,0.6533451582864631,1,left,HasanAbi,True,10900.0
@HasanAbiVODs3,videos,F7,0.11999658592154065,0.07456858969003494,0.10757023792470492,163,0.6982818970271067,0.6533451582864631,1,left,HasanAbi,True,10900.0
@HasanAbiVODs3,videos,F8,0.06723433556446223,0.20199729313292372,0.739249245511288,163,0.6982818970271067,0.6533451582864631,1,left,HasanAbi,True,10900.0
@HasanAbiVODs3,videos,F9,-0.20681000794242038,0.06552643700458552,0.00159877131497335,163,0.6982818970271067,0.6533451582864631,1,left,HasanAbi,True,10900.0
@HasanAbiVODs3,videos,F10,-0.04009269821797462,0.0813441594840096,0.6220992135703971,163,0.6982818970271067,0.6533451582864631,1,left,HasanAbi,True,10900.0
@HasanAbiVODs3,videos,F11,-0.36983073404688904,0.23097299977452654,0.10933572830417149,163,0.6982818970271067,0.6533451582864631,1,left,HasanAbi,True,10900.0
@HasanAbiVODs3,videos,F12,-0.2043496926522737,0.09813499445989524,0.03731210528381279,163,0.6982818970271067,0.6533451582864631,1,left,HasanAbi,True,10900.0
@HasanAbiVODs3,videos,curiosity_gap,-0.08139237949357009,0.07447627773318019,0.2744538897462784,163,0.6982818970271067,0.6533451582864631,1,left,HasanAbi,True,10900.0
@HasanAbiVODs3,videos,outrage,0.030256523319781528,0.056292333550639034,0.5909297185987601,163,0.6982818970271067,0.6533451582864631,1,left,HasanAbi,True,10900.0
@HasanAbiVODs3,videos,n_tokens,0.16390346404977058,0.1862147694032645,0.3787590478887337,163,0.6982818970271067,0.6533451582864631,1,left,HasanAbi,True,10900.0
@HasanReactionsfanTwo,videos,F1,-0.016068924493407605,0.04244276286552186,0.7049832689933518,319,0.23805353339870972,0.11569716649923245,21,left,HasanAbi,True,254000.0
@HasanReactionsfanTwo,videos,F2,0.01958553655025752,0.0373791844986316,0.6003000526112791,319,0.23805353339870972,0.11569716649923245,21,left,HasanAbi,True,254000.0
@HasanReactionsfanTwo,videos,F3,0.05853580516394147,0.03255814644021847,0.07219522365835691,319,0.23805353339870972,0.11569716649923245,21,left,HasanAbi,True,254000.0
@HasanReactionsfanTwo,videos,F4,0.010409549148807845,0.03294800773655559,0.7520490733429033,319,0.23805353339870972,0.11569716649923245,21,left,HasanAbi,True,254000.0
@HasanReactionsfanTwo,videos,F5,-0.07870722218141293,0.03863606614553741,0.041635634851243865,319,0.23805353339870972,0.11569716649923245,21,left,HasanAbi,True,254000.0
@HasanReactionsfanTwo,videos,F6,0.02053153207716052,0.04091064637182462,0.6157640250050486,319,0.23805353339870972,0.11569716649923245,21,left,HasanAbi,True,254000.0
@HasanReactionsfanTwo,videos,F7,-0.042635382704375,0.027797635536039648,0.1250844464386331,319,0.23805353339870972,0.11569716649923245,21,left,HasanAbi,True,254000.0
@HasanReactionsfanTwo,videos,F8,0.07083323441871428,0.04697985028367546,0.13162198322753968,319,0.23805353339870972,0.11569716649923245,21,left,HasanAbi,True,254000.0
@HasanReactionsfanTwo,videos,F9,-0.0415005441254222,0.036441917300621365,0.2547809872007044,319,0.23805353339870972,0.11569716649923245,21,left,HasanAbi,True,254000.0
@HasanReactionsfanTwo,videos,F10,0.020402345406693057,0.023186993136222668,0.37891091111767483,319,0.23805353339870972,0.11569716649923245,21,left,HasanAbi,True,254000.0
@HasanReactionsfanTwo,videos,F11,0.0010308410098800458,0.04732533810414277,0.9826218443519672,319,0.23805353339870972,0.11569716649923245,21,left,HasanAbi,True,254000.0
@HasanReactionsfanTwo,videos,F12,-0.0715173770801752,0.04052786262795309,0.07762308679104793,319,0.23805353339870972,0.11569716649923245,21,left,HasanAbi,True,254000.0
@HasanReactionsfanTwo,videos,curiosity_gap,0.056463737775396594,0.022194219960551997,0.010956787213391184,319,0.23805353339870972,0.11569716649923245,21,left,HasanAbi,True,254000.0
@HasanReactionsfanTwo,videos,outrage,-0.02808844920990941,0.03763725749938019,0.4554899994111451,319,0.23805353339870972,0.11569716649923245,21,left,HasanAbi,True,254000.0
@HasanReactionsfanTwo,videos,n_tokens,-0.043691552866512495,0.04633958373515311,0.3457545820424299,319,0.23805353339870972,0.11569716649923245,21,left,HasanAbi,True,254000.0
@HasanabiClips,videos,F1,-0.03963439828864382,0.053931372324596424,0.46239776966435076,474,0.16832813215367437,0.09981511786885122,15,left,HasanAbi,True,112000.0
@HasanabiClips,videos,F2,0.020885120152664208,0.045921960471780605,0.6492560674769267,474,0.16832813215367437,0.09981511786885122,15,left,HasanAbi,True,112000.0
@HasanabiClips,videos,F3,-0.03060225204700273,0.047077476199665375,0.5156662549365447,474,0.16832813215367437,0.09981511786885122,15,left,HasanAbi,True,112000.0
@HasanabiClips,videos,F4,0.081977349536794,0.045788276456755365,0.07339657951069362,474,0.16832813215367437,0.09981511786885122,15,left,HasanAbi,True,112000.0
@HasanabiClips,videos,F5,-0.01632415844929004,0.04705919084929401,0.7286772206385908,474,0.16832813215367437,0.09981511786885122,15,left,HasanAbi,True,112000.0
@HasanabiClips,videos,F6,0.03866530924721859,0.0506243828187472,0.4450052078406721,474,0.16832813215367437,0.09981511786885122,15,left,HasanAbi,True,112000.0
@HasanabiClips,videos,F7,-0.02328645329780038,0.04967921578909919,0.6392581151717718,474,0.16832813215367437,0.09981511786885122,15,left,HasanAbi,True,112000.0
@HasanabiClips,videos,F8,0.07575919522180692,0.0605379784336307,0.21077671692136202,474,0.16832813215367437,0.09981511786885122,15,left,HasanAbi,True,112000.0
@HasanabiClips,videos,F9,0.007619050103426839,0.048392619388001296,0.8748962003211641,474,0.16832813215367437,0.09981511786885122,15,left,HasanAbi,True,112000.0
@HasanabiClips,videos,F10,0.010648209463639952,0.051448036333424485,0.8360331452905633,474,0.16832813215367437,0.09981511786885122,15,left,HasanAbi,True,112000.0
@HasanabiClips,videos,F11,0.1319735076723354,0.06275517739275976,0.03546664758950303,474,0.16832813215367437,0.09981511786885122,15,left,HasanAbi,True,112000.0
@HasanabiClips,videos,F12,-0.06164634818969776,0.050522376622244215,0.22239698680673003,474,0.16832813215367437,0.09981511786885122,15,left,HasanAbi,True,112000.0
@HasanabiClips,videos,curiosity_gap,-0.06466968494755826,0.06115652580201429,0.2903083753426554,474,0.16832813215367437,0.09981511786885122,15,left,HasanAbi,True,112000.0
@HasanabiClips,videos,outrage,-0.08446620528492613,0.046946184151719514,0.07198492491330778,474,0.16832813215367437,0.09981511786885122,15,left,HasanAbi,True,112000.0
@HasanabiClips,videos,humor,-0.020984639124162707,0.02675374910928408,0.43282740094151817,474,0.16832813215367437,0.09981511786885122,15,left,HasanAbi,True,112000.0
@HasanabiClips,videos,n_tokens,-0.1265738386553279,0.05629172823725379,0.024542189233510276,474,0.16832813215367437,0.09981511786885122,15,left,HasanAbi,True,112000.0
@JackCocchiarellaShow,videos,F1,0.012024625174001463,0.01919577838437761,0.5310393007227634,1446,0.0998102495019546,0.06149048378811295,36,left,Jack Cocchiarella,False,1610000.0
@JackCocchiarellaShow,videos,F2,-0.016616250087437695,0.018672590313330416,0.3735336193674199,1446,0.0998102495019546,0.06149048378811295,36,left,Jack Cocchiarella,False,1610000.0
@JackCocchiarellaShow,videos,F3,-0.03132487758350305,0.018391621127248087,0.08852791578783875,1446,0.0998102495019546,0.06149048378811295,36,left,Jack Cocchiarella,False,1610000.0
@JackCocchiarellaShow,videos,F4,-0.03821868096358283,0.019424723640174616,0.04912241082990275,1446,0.0998102495019546,0.06149048378811295,36,left,Jack Cocchiarella,False,1610000.0
@JackCocchiarellaShow,videos,F5,0.026604880129436653,0.017473644371007672,0.12786584126906075,1446,0.0998102495019546,0.06149048378811295,36,left,Jack Cocchiarella,False,1610000.0
@JackCocchiarellaShow,videos,F6,-0.016525160257601645,0.01895886665174097,0.3834090121973034,1446,0.0998102495019546,0.06149048378811295,36,left,Jack Cocchiarella,False,1610000.0
@JackCocchiarellaShow,videos,F7,0.014152912060153122,0.017493878541074596,0.4185031674245434,1446,0.0998102495019546,0.06149048378811295,36,left,Jack Cocchiarella,False,1610000.0
@JackCocchiarellaShow,videos,F8,-0.018851234469389702,0.019616922669373725,0.33656827001877054,1446,0.0998102495019546,0.06149048378811295,36,left,Jack Cocchiarella,False,1610000.0
@JackCocchiarellaShow,videos,F9,0.006881436506882124,0.01764562525715552,0.6965515217754177,1446,0.0998102495019546,0.06149048378811295,36,left,Jack Cocchiarella,False,1610000.0
@JackCocchiarellaShow,videos,F10,-0.011478751367659301,0.016269915898671397,0.4804866784804719,1446,0.0998102495019546,0.06149048378811295,36,left,Jack Cocchiarella,False,1610000.0
@JackCocchiarellaShow,videos,F11,-0.048282929695913246,0.02059584833399899,0.019062626660451044,1446,0.0998102495019546,0.06149048378811295,36,left,Jack Cocchiarella,False,1610000.0
@JackCocchiarellaShow,videos,F12,-0.022890971645127822,0.017626373637252137,0.19405469124119357,1446,0.0998102495019546,0.06149048378811295,36,left,Jack Cocchiarella,False,1610000.0
@JackCocchiarellaShow,videos,curiosity_gap,0.008379197948372843,0.014440880753706378,0.5617517881690336,1446,0.0998102495019546,0.06149048378811295,36,left,Jack Cocchiarella,False,1610000.0
@JackCocchiarellaShow,videos,outrage,-0.030032002332399513,0.017488798641962653,0.0859401572121242,1446,0.0998102495019546,0.06149048378811295,36,left,Jack Cocchiarella,False,1610000.0
@JackCocchiarellaShow,videos,n_tokens,0.04488243062239561,0.029172191854913394,0.12391792103198472,1446,0.0998102495019546,0.06149048378811295,36,left,Jack Cocchiarella,False,1610000.0
@JamarlThomas,streams,F1,-0.018875774155791114,0.0430004804858688,0.6606857472107434,217,0.5224441940816447,0.4393910104436698,11,left,Jamarl Thomas,False,77900.0
@JamarlThomas,streams,F2,0.03981296218784147,0.04540034466530436,0.38052420633129747,217,0.5224441940816447,0.4393910104436698,11,left,Jamarl Thomas,False,77900.0
@JamarlThomas,streams,F3,-0.0033012743829099467,0.04466536803119491,0.9410809827518881,217,0.5224441940816447,0.4393910104436698,11,left,Jamarl Thomas,False,77900.0
@JamarlThomas,streams,F4,-0.1845955609641927,0.052672021868023604,0.0004572548880796808,217,0.5224441940816447,0.4393910104436698,11,left,Jamarl Thomas,False,77900.0
@JamarlThomas,streams,F5,0.025231230073501087,0.030896474314632254,0.4141354233054395,217,0.5224441940816447,0.4393910104436698,11,left,Jamarl Thomas,False,77900.0
@JamarlThomas,streams,F6,0.2215332866919486,0.04859831722884455,5.153107798150413e-06,217,0.5224441940816447,0.4393910104436698,11,left,Jamarl Thomas,False,77900.0
@JamarlThomas,streams,F7,0.03104969122277086,0.04702212533187848,0.5090479329921849,217,0.5224441940816447,0.4393910104436698,11,left,Jamarl Thomas,False,77900.0
@JamarlThomas,streams,F8,0.03752890793774988,0.04811206253830444,0.43537253447612767,217,0.5224441940816447,0.4393910104436698,11,left,Jamarl Thomas,False,77900.0
@JamarlThomas,streams,F9,-0.0551713605955052,0.04907194307762095,0.2608877229271729,217,0.5224441940816447,0.4393910104436698,11,left,Jamarl Thomas,False,77900.0
@JamarlThomas,streams,F10,0.04575854675092238,0.04402852651985166,0.2986684118929618,217,0.5224441940816447,0.4393910104436698,11,left,Jamarl Thomas,False,77900.0
@JamarlThomas,streams,F11,0.019252471334972904,0.04741571782673995,0.6847164136862719,217,0.5224441940816447,0.4393910104436698,11,left,Jamarl Thomas,False,77900.0
@JamarlThomas,streams,F12,0.02502218400448694,0.045389828708494506,0.5814465902110055,217,0.5224441940816447,0.4393910104436698,11,left,Jamarl Thomas,False,77900.0
@JamarlThomas,streams,curiosity_gap,0.050935617528249044,0.06954268556037731,0.4639020442526067,217,0.5224441940816447,0.4393910104436698,11,left,Jamarl Thomas,False,77900.0
@JamarlThomas,streams,outrage,0.0737386337278344,0.05241041197388061,0.15944332127088134,217,0.5224441940816447,0.4393910104436698,11,left,Jamarl Thomas,False,77900.0
@JamarlThomas,streams,n_tokens,0.034988882812866495,0.06620177089669058,0.5971392779668159,217,0.5224441940816447,0.4393910104436698,11,left,Jamarl Thomas,False,77900.0
@JamarlThomas,videos,F1,-0.0058803756575914745,0.07775605487844668,0.9397166890420905,245,0.35278939856009317,0.2550972323050129,11,left,Jamarl Thomas,False,77900.0
@JamarlThomas,videos,F2,-0.003779599715126647,0.05971251878743711,0.9495303191634432,245,0.35278939856009317,0.2550972323050129,11,left,Jamarl Thomas,False,77900.0
@JamarlThomas,videos,F3,-0.10245625068700104,0.05008760700771479,0.0408015573683007,245,0.35278939856009317,0.2550972323050129,11,left,Jamarl Thomas,False,77900.0
@JamarlThomas,videos,F4,0.022389830458262927,0.05901651008105574,0.7044038524709728,245,0.35278939856009317,0.2550972323050129,11,left,Jamarl Thomas,False,77900.0
@JamarlThomas,videos,F5,-0.020547164683482166,0.0627587019306905,0.7433657801233904,245,0.35278939856009317,0.2550972323050129,11,left,Jamarl Thomas,False,77900.0
@JamarlThomas,videos,F6,0.12193773776022843,0.06287474244808984,0.05245562636438657,245,0.35278939856009317,0.2550972323050129,11,left,Jamarl Thomas,False,77900.0
@JamarlThomas,videos,F7,0.045880551285457705,0.06892148429436516,0.5056073334628441,245,0.35278939856009317,0.2550972323050129,11,left,Jamarl Thomas,False,77900.0
@JamarlThomas,videos,F8,-0.032320401962326106,0.04576514241808515,0.4800493906550324,245,0.35278939856009317,0.2550972323050129,11,left,Jamarl Thomas,False,77900.0
@JamarlThomas,videos,F9,0.03557665044814637,0.05658779149368188,0.5295465665798937,245,0.35278939856009317,0.2550972323050129,11,left,Jamarl Thomas,False,77900.0
@JamarlThomas,videos,F10,0.09349633859270046,0.06263208037740431,0.13549302142357414,245,0.35278939856009317,0.2550972323050129,11,left,Jamarl Thomas,False,77900.0
@JamarlThomas,videos,F11,-0.1396290880374193,0.06893679944583721,0.04281961871553512,245,0.35278939856009317,0.2550972323050129,11,left,Jamarl Thomas,False,77900.0
@JamarlThomas,videos,F12,-0.031005494229028263,0.06618554697735565,0.6394533696526892,245,0.35278939856009317,0.2550972323050129,11,left,Jamarl Thomas,False,77900.0
@JamarlThomas,videos,curiosity_gap,0.009429948048485313,0.09827792515240384,0.923558819698167,245,0.35278939856009317,0.2550972323050129,11,left,Jamarl Thomas,False,77900.0
@JamarlThomas,videos,outrage,0.055558184811667466,0.061730281481535906,0.3681122205681625,245,0.35278939856009317,0.2550972323050129,11,left,Jamarl Thomas,False,77900.0
@JamarlThomas,videos,n_tokens,0.022846921458014757,0.07204968844448446,0.7511680908155444,245,0.35278939856009317,0.2550972323050129,11,left,Jamarl Thomas,False,77900.0
@JesseKellyDC,videos,F1,0.04877696314922228,0.052044983807292805,0.3486516943956329,478,0.22537460596135883,0.14070624893853056,24,right,Jesse Kelly,False,122000.0
@JesseKellyDC,videos,F2,-0.10741572817196819,0.052778351408374884,0.04182841410833416,478,0.22537460596135883,0.14070624893853056,24,right,Jesse Kelly,False,122000.0
@JesseKellyDC,videos,F3,-0.04812487429411441,0.057449980121619774,0.40220873823172987,478,0.22537460596135883,0.14070624893853056,24,right,Jesse Kelly,False,122000.0
@JesseKellyDC,videos,F4,0.0231587569964688,0.06861666133852284,0.7357330503037419,478,0.22537460596135883,0.14070624893853056,24,right,Jesse Kelly,False,122000.0
@JesseKellyDC,videos,F5,-0.09681678618858078,0.04328007459974019,0.025287458590880624,478,0.22537460596135883,0.14070624893853056,24,right,Jesse Kelly,False,122000.0
@JesseKellyDC,videos,F6,0.11514385983905262,0.061364460528246734,0.06060130007275743,478,0.22537460596135883,0.14070624893853056,24,right,Jesse Kelly,False,122000.0
@JesseKellyDC,videos,F7,0.09519499285310043,0.06181998342579064,0.12359103919456443,478,0.22537460596135883,0.14070624893853056,24,right,Jesse Kelly,False,122000.0
@JesseKellyDC,videos,F8,0.0029332002858302175,0.043542282503058895,0.9462915994077103,478,0.22537460596135883,0.14070624893853056,24,right,Jesse Kelly,False,122000.0
@JesseKellyDC,videos,F9,0.05527768054210547,0.054602513412660314,0.31136350486850073,478,0.22537460596135883,0.14070624893853056,24,right,Jesse Kelly,False,122000.0
@JesseKellyDC,videos,F10,0.007846672109859683,0.044846478830660605,0.8611052440079456,478,0.22537460596135883,0.14070624893853056,24,right,Jesse Kelly,False,122000.0
@JesseKellyDC,videos,F11,-0.08633529816241442,0.061540524405417026,0.16064619335197872,478,0.22537460596135883,0.14070624893853056,24,right,Jesse Kelly,False,122000.0
@JesseKellyDC,videos,F12,-0.006019652369271877,0.06039286928882643,0.9206024391970726,478,0.22537460596135883,0.14070624893853056,24,right,Jesse Kelly,False,122000.0
@JesseKellyDC,videos,curiosity_gap,0.019882714977788145,0.058841737013816384,0.7354373687541982,478,0.22537460596135883,0.14070624893853056,24,right,Jesse Kelly,False,122000.0
@JesseKellyDC,videos,outrage,0.056070600881928945,0.05920328666676945,0.3435949844982388,478,0.22537460596135883,0.14070624893853056,24,right,Jesse Kelly,False,122000.0
@JesseKellyDC,videos,n_tokens,-0.07388824907520057,0.06490306208559099,0.25493675392628545,478,0.22537460596135883,0.14070624893853056,24,right,Jesse Kelly,False,122000.0
@JillianMichaels,videos,F1,-0.23501478808619242,0.07625261510601708,0.0020557653775463316,437,0.28055965657339854,0.18100263777023962,29,right,Jillian Michaels,False,764000.0
@JillianMichaels,videos,F2,0.008861963575340914,0.08049032099830221,0.9123302727694703,437,0.28055965657339854,0.18100263777023962,29,right,Jillian Michaels,False,764000.0
@JillianMichaels,videos,F3,-0.093438522535784,0.0810006737690469,0.2486837183225219,437,0.28055965657339854,0.18100263777023962,29,right,Jillian Michaels,False,764000.0
@JillianMichaels,videos,F4,0.08883146444094459,0.09499467546313335,0.34972622449510826,437,0.28055965657339854,0.18100263777023962,29,right,Jillian Michaels,False,764000.0
@JillianMichaels,videos,F5,-0.09369885720898868,0.08450692486844238,0.26752883269107763,437,0.28055965657339854,0.18100263777023962,29,right,Jillian Michaels,False,764000.0
@JillianMichaels,videos,F6,0.06422808768317818,0.0791015587863454,0.41680888219694756,437,0.28055965657339854,0.18100263777023962,29,right,Jillian Michaels,False,764000.0
@JillianMichaels,videos,F7,0.027311287695976433,0.08541664186546302,0.7491639202169755,437,0.28055965657339854,0.18100263777023962,29,right,Jillian Michaels,False,764000.0
@JillianMichaels,videos,F8,-0.027247381148104655,0.08131992551872105,0.7375767935124588,437,0.28055965657339854,0.18100263777023962,29,right,Jillian Michaels,False,764000.0
@JillianMichaels,videos,F9,0.2632780245556723,0.08848447387995995,0.0029259249158654164,437,0.28055965657339854,0.18100263777023962,29,right,Jillian Michaels,False,764000.0
@JillianMichaels,videos,F10,-0.0724547362369613,0.08852476236318924,0.4130896779681581,437,0.28055965657339854,0.18100263777023962,29,right,Jillian Michaels,False,764000.0
@JillianMichaels,videos,F11,-0.05865903853347987,0.08752550604679085,0.5027343500830627,437,0.28055965657339854,0.18100263777023962,29,right,Jillian Michaels,False,764000.0
@JillianMichaels,videos,F12,-0.10279740736709375,0.09279861582180299,0.26797100627283155,437,0.28055965657339854,0.18100263777023962,29,right,Jillian Michaels,False,764000.0
@JillianMichaels,videos,curiosity_gap,-0.05585345620285631,0.09331013164032109,0.5494538712395728,437,0.28055965657339854,0.18100263777023962,29,right,Jillian Michaels,False,764000.0
@JillianMichaels,videos,outrage,0.1551791228881302,0.08064081358941878,0.05431387548965733,437,0.28055965657339854,0.18100263777023962,29,right,Jillian Michaels,False,764000.0
@JillianMichaels,videos,humor,-0.05398688096853102,0.3420607915328535,0.874592080122657,437,0.28055965657339854,0.18100263777023962,29,right,Jillian Michaels,False,764000.0
@JillianMichaels,videos,n_tokens,0.13890287929281586,0.09587651841169788,0.14740224479060296,437,0.28055965657339854,0.18100263777023962,29,right,Jillian Michaels,False,764000.0
@JustPearlyThings,videos,F1,-0.017455189275844635,0.05016716195744904,0.7278848408806542,631,0.1667570486507478,0.10723969498294406,19,right,Pearl,False,2060000.0
@JustPearlyThings,videos,F2,-0.012989452076695412,0.04755634526871554,0.7847470232822202,631,0.1667570486507478,0.10723969498294406,19,right,Pearl,False,2060000.0
@JustPearlyThings,videos,F3,0.0664646942470421,0.05012169133958517,0.18481768159245038,631,0.1667570486507478,0.10723969498294406,19,right,Pearl,False,2060000.0
@JustPearlyThings,videos,F4,0.04114501531897202,0.04536113199137504,0.3643780192228121,631,0.1667570486507478,0.10723969498294406,19,right,Pearl,False,2060000.0
@JustPearlyThings,videos,F5,-0.029225934228369554,0.04314910366950681,0.4982002488886875,631,0.1667570486507478,0.10723969498294406,19,right,Pearl,False,2060000.0
@JustPearlyThings,videos,F6,0.08956722567735598,0.04460231593037847,0.044629533889722336,631,0.1667570486507478,0.10723969498294406,19,right,Pearl,False,2060000.0
@JustPearlyThings,videos,F7,-0.05564603550357866,0.046511012288059886,0.2315383175655391,631,0.1667570486507478,0.10723969498294406,19,right,Pearl,False,2060000.0
@JustPearlyThings,videos,F8,0.05503889320503441,0.045720215964503944,0.22865930300334292,631,0.1667570486507478,0.10723969498294406,19,right,Pearl,False,2060000.0
@JustPearlyThings,videos,F9,0.025390765150853117,0.05423838817036595,0.6396896690143723,631,0.1667570486507478,0.10723969498294406,19,right,Pearl,False,2060000.0
@JustPearlyThings,videos,F10,-0.13640878631090825,0.048782933679328275,0.005170100517718056,631,0.1667570486507478,0.10723969498294406,19,right,Pearl,False,2060000.0
@JustPearlyThings,videos,F11,-0.025901088154325014,0.05925180018395812,0.6620128034873717,631,0.1667570486507478,0.10723969498294406,19,right,Pearl,False,2060000.0
@JustPearlyThings,videos,F12,-0.022796931169947923,0.05488621106066795,0.6778864582890309,631,0.1667570486507478,0.10723969498294406,19,right,Pearl,False,2060000.0
@JustPearlyThings,videos,curiosity_gap,-0.011119545996872787,0.0369499213718786,0.7634636186984677,631,0.1667570486507478,0.10723969498294406,19,right,Pearl,False,2060000.0
@JustPearlyThings,videos,outrage,-0.004951920349026834,0.04277730389433129,0.9078423886314144,631,0.1667570486507478,0.10723969498294406,19,right,Pearl,False,2060000.0
@JustPearlyThings,videos,n_tokens,0.05793215282163522,0.05218849418363974,0.26697488170284145,631,0.1667570486507478,0.10723969498294406,19,right,Pearl,False,2060000.0
@KimIversen,videos,F1,-0.08365274075982637,0.03993639780368161,0.03620219474055065,505,0.24071269963837072,0.15709075025933672,26,neutral,Kim Iversen,False,806000.0
@KimIversen,videos,F2,-0.01575008471609657,0.04047685410729901,0.6971922906954902,505,0.24071269963837072,0.15709075025933672,26,neutral,Kim Iversen,False,806000.0
@KimIversen,videos,F3,0.08429388693653529,0.03899044873587796,0.03062502327747855,505,0.24071269963837072,0.15709075025933672,26,neutral,Kim Iversen,False,806000.0
@KimIversen,videos,F4,0.022547677152725265,0.03889045657641889,0.5620670056912065,505,0.24071269963837072,0.15709075025933672,26,neutral,Kim Iversen,False,806000.0
@KimIversen,videos,F5,-0.03319113859353512,0.04430204348034751,0.45373602142534863,505,0.24071269963837072,0.15709075025933672,26,neutral,Kim Iversen,False,806000.0
@KimIversen,videos,F6,0.059812996081273995,0.04459431021692243,0.17983291101036936,505,0.24071269963837072,0.15709075025933672,26,neutral,Kim Iversen,False,806000.0
@KimIversen,videos,F7,-0.07125229731164062,0.04650716678597611,0.12550483136681315,505,0.24071269963837072,0.15709075025933672,26,neutral,Kim Iversen,False,806000.0
@KimIversen,videos,F8,0.07516059528162658,0.041236384153843945,0.06835237606408165,505,0.24071269963837072,0.15709075025933672,26,neutral,Kim Iversen,False,806000.0
@KimIversen,videos,F9,0.017261382301015732,0.042201746702325994,0.6825245689406279,505,0.24071269963837072,0.15709075025933672,26,neutral,Kim Iversen,False,806000.0
@KimIversen,videos,F10,0.04403117109276168,0.034731889543162066,0.20488911357728345,505,0.24071269963837072,0.15709075025933672,26,neutral,Kim Iversen,False,806000.0
@KimIversen,videos,F11,-0.0011837933191820166,0.044724234676930985,0.9788834813526351,505,0.24071269963837072,0.15709075025933672,26,neutral,Kim Iversen,False,806000.0
@KimIversen,videos,F12,-0.008849480142690241,0.04611627481143114,0.847824495057542,505,0.24071269963837072,0.15709075025933672,26,neutral,Kim Iversen,False,806000.0
@KimIversen,videos,curiosity_gap,-0.0064356779620065585,0.037437516309299014,0.8635125995333541,505,0.24071269963837072,0.15709075025933672,26,neutral,Kim Iversen,False,806000.0
@KimIversen,videos,outrage,0.025603510452020778,0.044383403748102006,0.5640264204238543,505,0.24071269963837072,0.15709075025933672,26,neutral,Kim Iversen,False,806000.0
@KimIversen,videos,humor,0.055110380798091135,0.29324874577591914,0.8509311401600288,505,0.24071269963837072,0.15709075025933672,26,neutral,Kim Iversen,False,806000.0
@KimIversen,videos,n_tokens,0.020347833703301677,0.04514450237951954,0.6521865184765792,505,0.24071269963837072,0.15709075025933672,26,neutral,Kim Iversen,False,806000.0
@LIVESNEAKO,videos,F1,0.04340478231525291,0.03629818428654122,0.2317809224121289,472,0.1807521114992674,0.10054602451318173,19,neutral,SNEAKO,False,1010000.0
@LIVESNEAKO,videos,F2,-0.028224773503242873,0.0388426405269091,0.46744403806590673,472,0.1807521114992674,0.10054602451318173,19,neutral,SNEAKO,False,1010000.0
@LIVESNEAKO,videos,F3,0.008732816591791731,0.04140410649505505,0.8329522898138135,472,0.1807521114992674,0.10054602451318173,19,neutral,SNEAKO,False,1010000.0
@LIVESNEAKO,videos,F4,0.020091142286369934,0.03382711319025646,0.5525548803119994,472,0.1807521114992674,0.10054602451318173,19,neutral,SNEAKO,False,1010000.0
@LIVESNEAKO,videos,F5,-0.0412260758499681,0.027882335946205143,0.13925440864529448,472,0.1807521114992674,0.10054602451318173,19,neutral,SNEAKO,False,1010000.0
@LIVESNEAKO,videos,F6,0.010677243547104615,0.040054327183209254,0.7898009957430523,472,0.1807521114992674,0.10054602451318173,19,neutral,SNEAKO,False,1010000.0
@LIVESNEAKO,videos,F7,-0.039793850699658635,0.03260920478395932,0.2223414304861584,472,0.1807521114992674,0.10054602451318173,19,neutral,SNEAKO,False,1010000.0
@LIVESNEAKO,videos,F8,0.0015229664643470336,0.044560197765639326,0.9727354240409438,472,0.1807521114992674,0.10054602451318173,19,neutral,SNEAKO,False,1010000.0
@LIVESNEAKO,videos,F9,0.044470537173705194,0.03536975656652656,0.20864356830712316,472,0.1807521114992674,0.10054602451318173,19,neutral,SNEAKO,False,1010000.0
@LIVESNEAKO,videos,F10,0.004847272778593759,0.037674424339257634,0.8976249791293316,472,0.1807521114992674,0.10054602451318173,19,neutral,SNEAKO,False,1010000.0
@LIVESNEAKO,videos,F11,-0.09474210379265413,0.044105509336769565,0.03170750646013742,472,0.1807521114992674,0.10054602451318173,19,neutral,SNEAKO,False,1010000.0
@LIVESNEAKO,videos,F12,-0.027340768995431662,0.03791008599808689,0.47078622882077426,472,0.1807521114992674,0.10054602451318173,19,neutral,SNEAKO,False,1010000.0
@LIVESNEAKO,videos,curiosity_gap,0.010962277947223723,0.03180074509085585,0.7303066517743616,472,0.1807521114992674,0.10054602451318173,19,neutral,SNEAKO,False,1010000.0
@LIVESNEAKO,videos,outrage,-0.039980267400340996,0.035879463699735464,0.2651531246767598,472,0.1807521114992674,0.10054602451318173,19,neutral,SNEAKO,False,1010000.0
@LIVESNEAKO,videos,n_tokens,0.12738606527724672,0.043502950235764906,0.0034091235392325215,472,0.1807521114992674,0.10054602451318173,19,neutral,SNEAKO,False,1010000.0
@LegalAFMTN,videos,F1,-0.06443051405949046,0.024281629493593988,0.00796694486433758,2327,0.2665446354501465,0.24412176431415178,45,left,MeidasTouch Network,False,1230000.0
@LegalAFMTN,videos,F2,0.01802636812833024,0.021837361873866472,0.40909750465470884,2327,0.2665446354501465,0.24412176431415178,45,left,MeidasTouch Network,False,1230000.0
@LegalAFMTN,videos,F3,0.08721090616370306,0.023740043127592744,0.00023917738396012642,2327,0.2665446354501465,0.24412176431415178,45,left,MeidasTouch Network,False,1230000.0
@LegalAFMTN,videos,F4,0.004512511413436823,0.025070197725969228,0.857156456759232,2327,0.2665446354501465,0.24412176431415178,45,left,MeidasTouch Network,False,1230000.0
@LegalAFMTN,videos,F5,-0.055118335788282485,0.0221423195969066,0.01280036978261251,2327,0.2665446354501465,0.24412176431415178,45,left,MeidasTouch Network,False,1230000.0
@LegalAFMTN,videos,F6,0.1306020439535577,0.022492528677319094,6.380622219368312e-09,2327,0.2665446354501465,0.24412176431415178,45,left,MeidasTouch Network,False,1230000.0
@LegalAFMTN,videos,F7,0.0015441500439589695,0.024062637253196136,0.9488331899237149,2327,0.2665446354501465,0.24412176431415178,45,left,MeidasTouch Network,False,1230000.0
@LegalAFMTN,videos,F8,-0.03175726549379532,0.022488585962442704,0.15790568357559753,2327,0.2665446354501465,0.24412176431415178,45,left,MeidasTouch Network,False,1230000.0
@LegalAFMTN,videos,F9,-0.020644000543886265,0.02547162068446618,0.41766973663668006,2327,0.2665446354501465,0.24412176431415178,45,left,MeidasTouch Network,False,1230000.0
@LegalAFMTN,videos,F10,0.012208405761370236,0.021566811705946685,0.5713436537762506,2327,0.2665446354501465,0.24412176431415178,45,left,MeidasTouch Network,False,1230000.0
@LegalAFMTN,videos,F11,0.020904686293244323,0.027917811455491347,0.4539814504502697,2327,0.2665446354501465,0.24412176431415178,45,left,MeidasTouch Network,False,1230000.0
@LegalAFMTN,videos,F12,-0.03176807042861862,0.022706398921993404,0.16178897036548523,2327,0.2665446354501465,0.24412176431415178,45,left,MeidasTouch Network,False,1230000.0
@LegalAFMTN,videos,curiosity_gap,0.014065741248807176,0.01707196229831033,0.40999133733837523,2327,0.2665446354501465,0.24412176431415178,45,left,MeidasTouch Network,False,1230000.0
@LegalAFMTN,videos,outrage,0.04055432403518232,0.0250772930797113,0.10584091905378894,2327,0.2665446354501465,0.24412176431415178,45,left,MeidasTouch Network,False,1230000.0
@LegalAFMTN,videos,humor,-0.0023826183350609265,0.02073446607852582,0.9085156621582319,2327,0.2665446354501465,0.24412176431415178,45,left,MeidasTouch Network,False,1230000.0
@LegalAFMTN,videos,n_tokens,0.2290791399487677,0.026501720398589616,5.430961194922083e-18,2327,0.2665446354501465,0.24412176431415178,45,left,MeidasTouch Network,False,1230000.0
@LiberalHivemind,videos,F1,0.023797207856883607,0.02090408101808206,0.2549534536146316,800,0.19933493285336212,0.13079974368184288,40,right,Liberal Hivemind,False,1750000.0
@LiberalHivemind,videos,F2,0.009287610668033214,0.02051983074181676,0.6508250313089696,800,0.19933493285336212,0.13079974368184288,40,right,Liberal Hivemind,False,1750000.0
@LiberalHivemind,videos,F3,-0.004439555010787813,0.021998938176710114,0.8400670654081428,800,0.19933493285336212,0.13079974368184288,40,right,Liberal Hivemind,False,1750000.0
@LiberalHivemind,videos,F4,0.018655666232039986,0.0235980281642133,0.429200571667289,800,0.19933493285336212,0.13079974368184288,40,right,Liberal Hivemind,False,1750000.0
@LiberalHivemind,videos,F5,0.000150780807483486,0.022173185266136656,0.9945743135357213,800,0.19933493285336212,0.13079974368184288,40,right,Liberal Hivemind,False,1750000.0
@LiberalHivemind,videos,F6,0.02998100011116439,0.025447974309353683,0.2387451261579484,800,0.19933493285336212,0.13079974368184288,40,right,Liberal Hivemind,False,1750000.0
@LiberalHivemind,videos,F7,-0.0050173602828604,0.02550429360816618,0.8440418822634465,800,0.19933493285336212,0.13079974368184288,40,right,Liberal Hivemind,False,1750000.0
@LiberalHivemind,videos,F8,0.01783626463998121,0.019998853289936114,0.37246563565468205,800,0.19933493285336212,0.13079974368184288,40,right,Liberal Hivemind,False,1750000.0
@LiberalHivemind,videos,F9,-0.009450859969852843,0.020166565677888517,0.6393269584028219,800,0.19933493285336212,0.13079974368184288,40,right,Liberal Hivemind,False,1750000.0
@LiberalHivemind,videos,F10,-0.03081854692529068,0.021791739060916582,0.15729416952442085,800,0.19933493285336212,0.13079974368184288,40,right,Liberal Hivemind,False,1750000.0
@LiberalHivemind,videos,F11,0.02587105861917255,0.025248347797883205,0.3055220247679711,800,0.19933493285336212,0.13079974368184288,40,right,Liberal Hivemind,False,1750000.0
@LiberalHivemind,videos,F12,-0.010915767503134832,0.02493993608185607,0.661616633554278,800,0.19933493285336212,0.13079974368184288,40,right,Liberal Hivemind,False,1750000.0
@LiberalHivemind,videos,curiosity_gap,0.03549197528704706,0.01926837862928728,0.06547802060220749,800,0.19933493285336212,0.13079974368184288,40,right,Liberal Hivemind,False,1750000.0
@LiberalHivemind,videos,outrage,-0.016249835686382608,0.020481773452631503,0.42755628145265223,800,0.19933493285336212,0.13079974368184288,40,right,Liberal Hivemind,False,1750000.0
@LiberalHivemind,videos,n_tokens,-0.004641062390788042,0.02428164764017446,0.8484201603843263,800,0.19933493285336212,0.13079974368184288,40,right,Liberal Hivemind,False,1750000.0
@LukeBeasley,streams,F1,0.0536061769352163,0.03797840943848357,0.15809993546531298,155,0.47610112455173537,0.3493513966207036,8,left,Luke Beasley,False,1580000.0
@LukeBeasley,streams,F2,-0.08882859992577652,0.041247193593055766,0.03127413508982759,155,0.47610112455173537,0.3493513966207036,8,left,Luke Beasley,False,1580000.0
@LukeBeasley,streams,F3,0.03876860171617036,0.032747591517615096,0.23646802675904133,155,0.47610112455173537,0.3493513966207036,8,left,Luke Beasley,False,1580000.0
@LukeBeasley,streams,F4,-0.00038739707900481424,0.03557934329691844,0.9913125984847936,155,0.47610112455173537,0.3493513966207036,8,left,Luke Beasley,False,1580000.0
@LukeBeasley,streams,F5,0.0312530923428862,0.043780925313226624,0.47531882477363663,155,0.47610112455173537,0.3493513966207036,8,left,Luke Beasley,False,1580000.0
@LukeBeasley,streams,F6,0.01099200127091976,0.03428466301419768,0.7485060587896608,155,0.47610112455173537,0.3493513966207036,8,left,Luke Beasley,False,1580000.0
@LukeBeasley,streams,F7,-0.09546517411038938,0.03928207044255813,0.015088493509107964,155,0.47610112455173537,0.3493513966207036,8,left,Luke Beasley,False,1580000.0
@LukeBeasley,streams,F8,-0.11091416558425317,0.03394621235298263,0.0010855927996216656,155,0.47610112455173537,0.3493513966207036,8,left,Luke Beasley,False,1580000.0
@LukeBeasley,streams,F9,-0.04159846862542749,0.040245204488065345,0.30131128499111326,155,0.47610112455173537,0.3493513966207036,8,left,Luke Beasley,False,1580000.0
@LukeBeasley,streams,F10,0.025421530325452885,0.03898216991934831,0.5143158586226184,155,0.47610112455173537,0.3493513966207036,8,left,Luke Beasley,False,1580000.0
@LukeBeasley,streams,F11,0.026076909659407455,0.0389877160429804,0.5035915641962294,155,0.47610112455173537,0.3493513966207036,8,left,Luke Beasley,False,1580000.0
@LukeBeasley,streams,F12,-0.07083187445647843,0.03548441988657023,0.04591867221747546,155,0.47610112455173537,0.3493513966207036,8,left,Luke Beasley,False,1580000.0
@LukeBeasley,streams,curiosity_gap,0.013180349322049922,0.041564335775951616,0.7511622766973549,155,0.47610112455173537,0.3493513966207036,8,left,Luke Beasley,False,1580000.0
@LukeBeasley,streams,outrage,0.024439218256664952,0.02857790179607891,0.3924521224717523,155,0.47610112455173537,0.3493513966207036,8,left,Luke Beasley,False,1580000.0
@LukeBeasley,streams,n_tokens,0.003626061901999711,0.041307771302500636,0.9300502692137994,155,0.47610112455173537,0.3493513966207036,8,left,Luke Beasley,False,1580000.0
@LukeBeasley,videos,F1,0.005741036265669908,0.031763236957689595,0.8565679826407296,1022,0.19300451013043785,0.13813556991964127,41,left,Luke Beasley,False,1580000.0
@LukeBeasley,videos,F2,0.01447453518791264,0.029371735797509846,0.6221504513794333,1022,0.19300451013043785,0.13813556991964127,41,left,Luke Beasley,False,1580000.0
@LukeBeasley,videos,F3,-0.026364437242745564,0.03039901561242867,0.38578899096190833,1022,0.19300451013043785,0.13813556991964127,41,left,Luke Beasley,False,1580000.0
@LukeBeasley,videos,F4,0.0010381108137505757,0.03309102813715925,0.9749733751133968,1022,0.19300451013043785,0.13813556991964127,41,left,Luke Beasley,False,1580000.0
@LukeBeasley,videos,F5,0.0013725304122158,0.028764576024334347,0.9619425851690174,1022,0.19300451013043785,0.13813556991964127,41,left,Luke Beasley,False,1580000.0
@LukeBeasley,videos,F6,-0.015904997474725124,0.031876213811766384,0.6178066391179214,1022,0.19300451013043785,0.13813556991964127,41,left,Luke Beasley,False,1580000.0
@LukeBeasley,videos,F7,0.019534959006160008,0.0297242714414203,0.511048695899786,1022,0.19300451013043785,0.13813556991964127,41,left,Luke Beasley,False,1580000.0
@LukeBeasley,videos,F8,0.015046254216767835,0.035175731237675374,0.6688365547673472,1022,0.19300451013043785,0.13813556991964127,41,left,Luke Beasley,False,1580000.0
@LukeBeasley,videos,F9,0.012247395331741767,0.03147090705439924,0.6971536275376755,1022,0.19300451013043785,0.13813556991964127,41,left,Luke Beasley,False,1580000.0
@LukeBeasley,videos,F10,0.004415661944073362,0.03248729136911168,0.8918847848336463,1022,0.19300451013043785,0.13813556991964127,41,left,Luke Beasley,False,1580000.0
@LukeBeasley,videos,F11,0.004657297306029151,0.033660052715326697,0.8899537385904497,1022,0.19300451013043785,0.13813556991964127,41,left,Luke Beasley,False,1580000.0
@LukeBeasley,videos,F12,-0.004454500123727924,0.02927833127780098,0.8790739621475294,1022,0.19300451013043785,0.13813556991964127,41,left,Luke Beasley,False,1580000.0
@LukeBeasley,videos,curiosity_gap,0.010509531777978531,0.028848274777420982,0.7156312750805216,1022,0.19300451013043785,0.13813556991964127,41,left,Luke Beasley,False,1580000.0
@LukeBeasley,videos,outrage,0.05492063558739074,0.03170909760383575,0.0832708754690088,1022,0.19300451013043785,0.13813556991964127,41,left,Luke Beasley,False,1580000.0
@LukeBeasley,videos,humor,0.01401646791763754,0.010882239324186083,0.19774136757088157,1022,0.19300451013043785,0.13813556991964127,41,left,Luke Beasley,False,1580000.0
@LukeBeasley,videos,n_tokens,0.17484980288403312,0.035725355458104846,9.866754156596535e-07,1022,0.19300451013043785,0.13813556991964127,41,left,Luke Beasley,False,1580000.0
@MLChristiansen,videos,F1,-0.06704726851303089,0.15661493701635762,0.6685763924296235,116,0.5687481871328144,0.4299545002330305,6,right,Matt Christiansen,False,251000.0
@MLChristiansen,videos,F2,0.23962879544524163,0.09786528628401259,0.014342947477037123,116,0.5687481871328144,0.4299545002330305,6,right,Matt Christiansen,False,251000.0
@MLChristiansen,videos,F3,-0.1191651540028752,0.09392057810302543,0.20451725005925347,116,0.5687481871328144,0.4299545002330305,6,right,Matt Christiansen,False,251000.0
@MLChristiansen,videos,F4,0.017097211766104126,0.12317598133212243,0.8896057204433092,116,0.5687481871328144,0.4299545002330305,6,right,Matt Christiansen,False,251000.0
@MLChristiansen,videos,F5,0.0021091561467435627,0.09269939605850447,0.9818475846613702,116,0.5687481871328144,0.4299545002330305,6,right,Matt Christiansen,False,251000.0
@MLChristiansen,videos,F6,-0.2677682694714647,0.09468311434350574,0.004683297348179247,116,0.5687481871328144,0.4299545002330305,6,right,Matt Christiansen,False,251000.0
@MLChristiansen,videos,F7,0.07768112763723467,0.09753096128201505,0.42575507590069905,116,0.5687481871328144,0.4299545002330305,6,right,Matt Christiansen,False,251000.0
@MLChristiansen,videos,F8,-0.054116151622265546,0.10715339140164316,0.6135346559464332,116,0.5687481871328144,0.4299545002330305,6,right,Matt Christiansen,False,251000.0
@MLChristiansen,videos,F9,0.0019157474740424396,0.14265519964305132,0.9892853580307812,116,0.5687481871328144,0.4299545002330305,6,right,Matt Christiansen,False,251000.0
@MLChristiansen,videos,F10,0.061182167611625315,0.09959334390096841,0.5390039911222868,116,0.5687481871328144,0.4299545002330305,6,right,Matt Christiansen,False,251000.0
@MLChristiansen,videos,F11,-0.07730033838821648,0.14929752266531493,0.6046254819050771,116,0.5687481871328144,0.4299545002330305,6,right,Matt Christiansen,False,251000.0
@MLChristiansen,videos,F12,0.0944941678869935,0.13792509294044034,0.4932731038432471,116,0.5687481871328144,0.4299545002330305,6,right,Matt Christiansen,False,251000.0
@MLChristiansen,videos,outrage,0.30699255518130636,0.10715933543814421,0.004172420652971107,116,0.5687481871328144,0.4299545002330305,6,right,Matt Christiansen,False,251000.0
@MLChristiansen,videos,n_tokens,0.04370417070419566,0.16575014135970723,0.7920303509497019,116,0.5687481871328144,0.4299545002330305,6,right,Matt Christiansen,False,251000.0
@MattWalsh,videos,F1,-0.09696469894848558,0.06029119937682304,0.10777543451541823,244,0.26781989389134797,0.148709254620084,11,right,Daily Wire,False,3460000.0
@MattWalsh,videos,F2,0.10235504253398947,0.05381254198304545,0.05716243913757448,244,0.26781989389134797,0.148709254620084,11,right,Daily Wire,False,3460000.0
@MattWalsh,videos,F3,0.04102624144263206,0.05150279348998136,0.42569334744174603,244,0.26781989389134797,0.148709254620084,11,right,Daily Wire,False,3460000.0
@MattWalsh,videos,F4,0.006869667168849569,0.06371338132398041,0.914137352216914,244,0.26781989389134797,0.148709254620084,11,right,Daily Wire,False,3460000.0
@MattWalsh,videos,F5,0.032599232584684446,0.06866714847637473,0.6349703257513761,244,0.26781989389134797,0.148709254620084,11,right,Daily Wire,False,3460000.0
@MattWalsh,videos,F6,0.0045072010485099345,0.05894117540572326,0.9390455940930776,244,0.26781989389134797,0.148709254620084,11,right,Daily Wire,False,3460000.0
@MattWalsh,videos,F7,-0.08813237531554408,0.05996700266824068,0.14164812186205689,244,0.26781989389134797,0.148709254620084,11,right,Daily Wire,False,3460000.0
@MattWalsh,videos,F8,-0.06970520596106611,0.062117973125563206,0.2618019360825766,244,0.26781989389134797,0.148709254620084,11,right,Daily Wire,False,3460000.0
@MattWalsh,videos,F9,0.005237962929885237,0.05949489259841516,0.929844448841281,244,0.26781989389134797,0.148709254620084,11,right,Daily Wire,False,3460000.0
@MattWalsh,videos,F10,0.0011249330642087996,0.05656232310851436,0.9841324134811041,244,0.26781989389134797,0.148709254620084,11,right,Daily Wire,False,3460000.0
@MattWalsh,videos,F11,0.055080439940289105,0.058369011966157694,0.34534396276226276,244,0.26781989389134797,0.148709254620084,11,right,Daily Wire,False,3460000.0
@MattWalsh,videos,F12,-0.026145755341048557,0.05935545858460683,0.6595789669659569,244,0.26781989389134797,0.148709254620084,11,right,Daily Wire,False,3460000.0
@MattWalsh,videos,curiosity_gap,-0.07070758014449302,0.062280824000538956,0.25624856178516064,244,0.26781989389134797,0.148709254620084,11,right,Daily Wire,False,3460000.0
@MattWalsh,videos,outrage,0.015076586440099904,0.061188378424809176,0.8053755157668243,244,0.26781989389134797,0.148709254620084,11,right,Daily Wire,False,3460000.0
@MattWalsh,videos,n_tokens,-0.020536064179892177,0.060138050542721574,0.7327407232261129,244,0.26781989389134797,0.148709254620084,11,right,Daily Wire,False,3460000.0
@MegynKelly,videos,F1,-0.2029586583419906,0.03528044726049753,8.781704863637057e-09,1587,0.3655802073358271,0.3169112076270344,89,right,Megyn Kelly,False,4150000.0
@MegynKelly,videos,F2,-0.025226904018301965,0.025430653912064,0.32120336951137385,1587,0.3655802073358271,0.3169112076270344,89,right,Megyn Kelly,False,4150000.0
@MegynKelly,videos,F3,-0.002999737626580762,0.026956415417521667,0.9113934991917451,1587,0.3655802073358271,0.3169112076270344,89,right,Megyn Kelly,False,4150000.0
@MegynKelly,videos,F4,0.047160116233188415,0.027515361762202782,0.08653682808360597,1587,0.3655802073358271,0.3169112076270344,89,right,Megyn Kelly,False,4150000.0
@MegynKelly,videos,F5,-0.09891816340918377,0.027207219455030206,0.00027719219854536293,1587,0.3655802073358271,0.3169112076270344,89,right,Megyn Kelly,False,4150000.0
@MegynKelly,videos,F6,0.07990936232836879,0.02805816259059819,0.004399632743324545,1587,0.3655802073358271,0.3169112076270344,89,right,Megyn Kelly,False,4150000.0
@MegynKelly,videos,F7,-0.01653388326074512,0.02513456604633954,0.5106573035736349,1587,0.3655802073358271,0.3169112076270344,89,right,Megyn Kelly,False,4150000.0
@MegynKelly,videos,F8,-0.1089751436420833,0.03035665539884013,0.000330897394469729,1587,0.3655802073358271,0.3169112076270344,89,right,Megyn Kelly,False,4150000.0
@MegynKelly,videos,F9,-0.020305719965317742,0.02727800972609945,0.4566351946674776,1587,0.3655802073358271,0.3169112076270344,89,right,Megyn Kelly,False,4150000.0
@MegynKelly,videos,F10,-0.001502910575411312,0.02696049344385404,0.9555450133842225,1587,0.3655802073358271,0.3169112076270344,89,right,Megyn Kelly,False,4150000.0
@MegynKelly,videos,F11,0.14033965892971142,0.035483851106901186,7.652537981448782e-05,1587,0.3655802073358271,0.3169112076270344,89,right,Megyn Kelly,False,4150000.0
@MegynKelly,videos,F12,-0.029586556865047922,0.02824909393295001,0.29494033218102556,1587,0.3655802073358271,0.3169112076270344,89,right,Megyn Kelly,False,4150000.0
@MegynKelly,videos,curiosity_gap,0.054365405427799024,0.027309352489020344,0.04651115005505288,1587,0.3655802073358271,0.3169112076270344,89,right,Megyn Kelly,False,4150000.0
@MegynKelly,videos,outrage,0.0396505470097319,0.02617571137350585,0.12982713076572927,1587,0.3655802073358271,0.3169112076270344,89,right,Megyn Kelly,False,4150000.0
@MegynKelly,videos,humor,0.008198722308690787,0.020113221910537448,0.6835464435185156,1587,0.3655802073358271,0.3169112076270344,89,right,Megyn Kelly,False,4150000.0
@MegynKelly,videos,n_tokens,-0.08530231143380268,0.03705021655694607,0.021315829545232343,1587,0.3655802073358271,0.3169112076270344,89,right,Megyn Kelly,False,4150000.0
@MeidasTouch,streams,F1,-0.033109836162603434,0.049403975753077076,0.5027394432275942,586,0.3351337843159852,0.2783919551481472,23,left,MeidasTouch Network,False,6470000.0
@MeidasTouch,streams,F2,-0.0067822665492918155,0.053673203274822376,0.8994451853832864,586,0.3351337843159852,0.2783919551481472,23,left,MeidasTouch Network,False,6470000.0
@MeidasTouch,streams,F3,0.1643336466765836,0.050914872905396334,0.001248265188698663,586,0.3351337843159852,0.2783919551481472,23,left,MeidasTouch Network,False,6470000.0
@MeidasTouch,streams,F4,0.10253713873334169,0.04081080712930348,0.011987922313927809,586,0.3351337843159852,0.2783919551481472,23,left,MeidasTouch Network,False,6470000.0
@MeidasTouch,streams,F5,0.04383215505765675,0.047055794513503356,0.3515984735762526,586,0.3351337843159852,0.2783919551481472,23,left,MeidasTouch Network,False,6470000.0
@MeidasTouch,streams,F6,-0.0003833239846283698,0.05001189989960053,0.9938845495741602,586,0.3351337843159852,0.2783919551481472,23,left,MeidasTouch Network,False,6470000.0
@MeidasTouch,streams,F7,0.09946178215830892,0.051965221719716376,0.05561930060328413,586,0.3351337843159852,0.2783919551481472,23,left,MeidasTouch Network,False,6470000.0
@MeidasTouch,streams,F8,-0.020049217081686888,0.041007731283837015,0.624903219896938,586,0.3351337843159852,0.2783919551481472,23,left,MeidasTouch Network,False,6470000.0
@MeidasTouch,streams,F9,-0.07637219205753934,0.05603504096033786,0.1729025834385497,586,0.3351337843159852,0.2783919551481472,23,left,MeidasTouch Network,False,6470000.0
@MeidasTouch,streams,F10,-0.0523892808843647,0.04038904204934637,0.1945912071155248,586,0.3351337843159852,0.2783919551481472,23,left,MeidasTouch Network,False,6470000.0
@MeidasTouch,streams,F11,0.15006508385282316,0.05084948096233085,0.003165802633360061,586,0.3351337843159852,0.2783919551481472,23,left,MeidasTouch Network,False,6470000.0
@MeidasTouch,streams,F12,0.07517788544957156,0.04984797702101391,0.1315178916986711,586,0.3351337843159852,0.2783919551481472,23,left,MeidasTouch Network,False,6470000.0
@MeidasTouch,streams,curiosity_gap,0.03417045463488258,0.047361057903014946,0.47060906543499637,586,0.3351337843159852,0.2783919551481472,23,left,MeidasTouch Network,False,6470000.0
@MeidasTouch,streams,outrage,0.1124521245437834,0.05764500615832591,0.051084461867382275,586,0.3351337843159852,0.2783919551481472,23,left,MeidasTouch Network,False,6470000.0
@MeidasTouch,streams,n_tokens,-0.026727062726334627,0.05381817541042227,0.6194586134431262,586,0.3351337843159852,0.2783919551481472,23,left,MeidasTouch Network,False,6470000.0
@MeidasTouch,videos,F1,-0.06911804102342992,0.015749077033181662,1.1402802108367985e-05,3195,0.19014103509946034,0.16880156365927912,59,left,MeidasTouch Network,False,6470000.0
@MeidasTouch,videos,F2,0.049986138267656785,0.015357985507372244,0.001134991190152503,3195,0.19014103509946034,0.16880156365927912,59,left,MeidasTouch Network,False,6470000.0
@MeidasTouch,videos,F3,0.013804235936103582,0.015573425954759117,0.37540370822398594,3195,0.19014103509946034,0.16880156365927912,59,left,MeidasTouch Network,False,6470000.0
@MeidasTouch,videos,F4,0.06256404825007188,0.01870985358607425,0.0008260682175973822,3195,0.19014103509946034,0.16880156365927912,59,left,MeidasTouch Network,False,6470000.0
@MeidasTouch,videos,F5,0.07320940032874584,0.018303829043542368,6.342904816646786e-05,3195,0.19014103509946034,0.16880156365927912,59,left,MeidasTouch Network,False,6470000.0
@MeidasTouch,videos,F6,-0.007377577174977383,0.016509237469675773,0.6549648046300145,3195,0.19014103509946034,0.16880156365927912,59,left,MeidasTouch Network,False,6470000.0
@MeidasTouch,videos,F7,0.014311429009309762,0.017163843858308905,0.4043866026373619,3195,0.19014103509946034,0.16880156365927912,59,left,MeidasTouch Network,False,6470000.0
@MeidasTouch,videos,F8,0.08413845947831834,0.013561684362269049,5.500013611217959e-10,3195,0.19014103509946034,0.16880156365927912,59,left,MeidasTouch Network,False,6470000.0
@MeidasTouch,videos,F9,-0.029273174402191418,0.023009193878847898,0.2032885142959885,3195,0.19014103509946034,0.16880156365927912,59,left,MeidasTouch Network,False,6470000.0
@MeidasTouch,videos,F10,-0.06559624178974718,0.017091284001685816,0.00012404362056307164,3195,0.19014103509946034,0.16880156365927912,59,left,MeidasTouch Network,False,6470000.0
@MeidasTouch,videos,F11,0.06413301205572097,0.019862577196648707,0.0012429498196642444,3195,0.19014103509946034,0.16880156365927912,59,left,MeidasTouch Network,False,6470000.0
@MeidasTouch,videos,F12,-0.018194882502551663,0.0170621922845041,0.2862492003874252,3195,0.19014103509946034,0.16880156365927912,59,left,MeidasTouch Network,False,6470000.0
@MeidasTouch,videos,curiosity_gap,0.006415406647002464,0.01285006543925703,0.6176026453254269,3195,0.19014103509946034,0.16880156365927912,59,left,MeidasTouch Network,False,6470000.0
@MeidasTouch,videos,outrage,0.025305451346268118,0.015556016744822553,0.10379428725912863,3195,0.19014103509946034,0.16880156365927912,59,left,MeidasTouch Network,False,6470000.0
@MeidasTouch,videos,n_tokens,-0.009117536771096807,0.01693374536580795,0.5902842852749683,3195,0.19014103509946034,0.16880156365927912,59,left,MeidasTouch Network,False,6470000.0
@MichaelKnowles,videos,F1,-0.10719482616886147,0.050144182563729336,0.03253849673914216,445,0.2057097694420047,0.10034473885778084,28,right,Daily Wire,False,2610000.0
@MichaelKnowles,videos,F2,0.0592635904858784,0.04837324103732992,0.22052560729119208,445,0.2057097694420047,0.10034473885778084,28,right,Daily Wire,False,2610000.0
@MichaelKnowles,videos,F3,0.00777261463150547,0.04815236257849147,0.8717649009621148,445,0.2057097694420047,0.10034473885778084,28,right,Daily Wire,False,2610000.0
@MichaelKnowles,videos,F4,0.08732538372558918,0.044469963436836527,0.049565632300307194,445,0.2057097694420047,0.10034473885778084,28,right,Daily Wire,False,2610000.0
@MichaelKnowles,videos,F5,-0.09058940485632472,0.05472526464023021,0.097853751610749,445,0.2057097694420047,0.10034473885778084,28,right,Daily Wire,False,2610000.0
@MichaelKnowles,videos,F6,0.08847540849210717,0.049718611137686976,0.07515406925536014,445,0.2057097694420047,0.10034473885778084,28,right,Daily Wire,False,2610000.0
@MichaelKnowles,videos,F7,0.028293492353186803,0.05546588368524129,0.6099770466983356,445,0.2057097694420047,0.10034473885778084,28,right,Daily Wire,False,2610000.0
@MichaelKnowles,videos,F8,0.06980908715118872,0.05574064252502647,0.21042737112045906,445,0.2057097694420047,0.10034473885778084,28,right,Daily Wire,False,2610000.0
@MichaelKnowles,videos,F9,-0.019671330769945483,0.05327351482162173,0.7119401953042077,445,0.2057097694420047,0.10034473885778084,28,right,Daily Wire,False,2610000.0
@MichaelKnowles,videos,F10,0.09490364049767802,0.0460863992110508,0.039469832460005294,445,0.2057097694420047,0.10034473885778084,28,right,Daily Wire,False,2610000.0
@MichaelKnowles,videos,F11,0.0375587299488751,0.057905942358675785,0.516586507888835,445,0.2057097694420047,0.10034473885778084,28,right,Daily Wire,False,2610000.0
@MichaelKnowles,videos,F12,-0.09007596775251009,0.050284216983771036,0.07323926599679757,445,0.2057097694420047,0.10034473885778084,28,right,Daily Wire,False,2610000.0
@MichaelKnowles,videos,curiosity_gap,0.014217397538954013,0.049712164537395236,0.7748824588923295,445,0.2057097694420047,0.10034473885778084,28,right,Daily Wire,False,2610000.0
@MichaelKnowles,videos,outrage,-0.02355122572314694,0.04919887095832967,0.632156025549407,445,0.2057097694420047,0.10034473885778084,28,right,Daily Wire,False,2610000.0
@MichaelKnowles,videos,humor,0.025319611359123084,0.15486555312334624,0.8701293819212522,445,0.2057097694420047,0.10034473885778084,28,right,Daily Wire,False,2610000.0
@MichaelKnowles,videos,n_tokens,0.08647070479175034,0.053036053808577656,0.10301410675849011,445,0.2057097694420047,0.10034473885778084,28,right,Daily Wire,False,2610000.0
@MikeFromPA,videos,F1,-0.0208425181023566,0.10030256664037154,0.8353878981552518,125,0.47181797510727563,0.3032492437585339,6,left,Mike from PA,False,31900.0
@MikeFromPA,videos,F2,-0.14229758850731122,0.07675932162460954,0.06376561926660929,125,0.47181797510727563,0.3032492437585339,6,left,Mike from PA,False,31900.0
@MikeFromPA,videos,F3,0.011770392105756367,0.08920559448900608,0.8950263767377951,125,0.47181797510727563,0.3032492437585339,6,left,Mike from PA,False,31900.0
@MikeFromPA,videos,F4,-0.006165567282673198,0.0652349065318186,0.9247014057973705,125,0.47181797510727563,0.3032492437585339,6,left,Mike from PA,False,31900.0
@MikeFromPA,videos,F5,0.06835707086253107,0.07702969024222993,0.3748571294680918,125,0.47181797510727563,0.3032492437585339,6,left,Mike from PA,False,31900.0
@MikeFromPA,videos,F6,-0.010397733521308933,0.09626086011915706,0.913982831746067,125,0.47181797510727563,0.3032492437585339,6,left,Mike from PA,False,31900.0
@MikeFromPA,videos,F7,-0.09801399020768509,0.07510933644378143,0.19190959460667179,125,0.47181797510727563,0.3032492437585339,6,left,Mike from PA,False,31900.0
@MikeFromPA,videos,F8,-0.08091959780022673,0.09584128920079067,0.39849713848206036,125,0.47181797510727563,0.3032492437585339,6,left,Mike from PA,False,31900.0
@MikeFromPA,videos,F9,0.028096075728215153,0.08364202864718749,0.7369398008052306,125,0.47181797510727563,0.3032492437585339,6,left,Mike from PA,False,31900.0
@MikeFromPA,videos,F10,0.03468331758195764,0.0963414870521203,0.7188441665207116,125,0.47181797510727563,0.3032492437585339,6,left,Mike from PA,False,31900.0
@MikeFromPA,videos,F11,-0.11250134118415356,0.11933397540976863,0.345812068005255,125,0.47181797510727563,0.3032492437585339,6,left,Mike from PA,False,31900.0
@MikeFromPA,videos,F12,-0.09905871791710152,0.08853652426985004,0.26320593080930776,125,0.47181797510727563,0.3032492437585339,6,left,Mike from PA,False,31900.0
@MikeFromPA,videos,curiosity_gap,-0.06088663781434733,0.08113702246416289,0.45300332212661865,125,0.47181797510727563,0.3032492437585339,6,left,Mike from PA,False,31900.0
@MikeFromPA,videos,outrage,0.15194966346723116,0.0851196610124346,0.074240227155648,125,0.47181797510727563,0.3032492437585339,6,left,Mike from PA,False,31900.0
@MikeFromPA,videos,humor,-0.023329316005940903,22.897356810579566,0.9991870634681237,125,0.47181797510727563,0.3032492437585339,6,left,Mike from PA,False,31900.0
@MikeFromPA,videos,n_tokens,-0.07247214912309152,0.10687377840007385,0.4977021212659649,125,0.47181797510727563,0.3032492437585339,6,left,Mike from PA,False,31900.0
@MrTariqNasheed,videos,F1,-0.008262999331570237,0.02078536423044197,0.6909698052994939,354,0.21483464970382504,0.13924419672500077,10,right,Tariq Nasheed,False,281000.0
@MrTariqNasheed,videos,F2,0.009834934554263375,0.020091935002357453,0.6244901369840548,354,0.21483464970382504,0.13924419672500077,10,right,Tariq Nasheed,False,281000.0
@MrTariqNasheed,videos,F3,-0.03573835770412942,0.021203681373759803,0.09189621104927115,354,0.21483464970382504,0.13924419672500077,10,right,Tariq Nasheed,False,281000.0
@MrTariqNasheed,videos,F4,-0.0007656227685976236,0.022230483922638353,0.9725261111442585,354,0.21483464970382504,0.13924419672500077,10,right,Tariq Nasheed,False,281000.0
@MrTariqNasheed,videos,F5,-0.02971486606682966,0.019308133790895247,0.12380874491287389,354,0.21483464970382504,0.13924419672500077,10,right,Tariq Nasheed,False,281000.0
@MrTariqNasheed,videos,F6,-0.003947980020442693,0.022300906242475837,0.8594830433215864,354,0.21483464970382504,0.13924419672500077,10,right,Tariq Nasheed,False,281000.0
@MrTariqNasheed,videos,F7,-0.01119952577776559,0.019856314548978616,0.5727347888749124,354,0.21483464970382504,0.13924419672500077,10,right,Tariq Nasheed,False,281000.0
@MrTariqNasheed,videos,F8,0.03694131029291367,0.02033640734691649,0.06929200216319065,354,0.21483464970382504,0.13924419672500077,10,right,Tariq Nasheed,False,281000.0
@MrTariqNasheed,videos,F9,0.007069929248239237,0.019043113274468098,0.7104445519875144,354,0.21483464970382504,0.13924419672500077,10,right,Tariq Nasheed,False,281000.0
@MrTariqNasheed,videos,F10,-0.006905261048820388,0.02355711827180039,0.7694239882081035,354,0.21483464970382504,0.13924419672500077,10,right,Tariq Nasheed,False,281000.0
@MrTariqNasheed,videos,F11,0.02488765359468556,0.02350473859528276,0.2896746652630662,354,0.21483464970382504,0.13924419672500077,10,right,Tariq Nasheed,False,281000.0
@MrTariqNasheed,videos,F12,-0.002075115729760102,0.021361453873493138,0.9226128326577124,354,0.21483464970382504,0.13924419672500077,10,right,Tariq Nasheed,False,281000.0
@MrTariqNasheed,videos,curiosity_gap,0.04005357288031686,0.014765710310956958,0.006675617459274284,354,0.21483464970382504,0.13924419672500077,10,right,Tariq Nasheed,False,281000.0
@MrTariqNasheed,videos,outrage,0.025074339436906123,0.018173013018521044,0.16766151838446064,354,0.21483464970382504,0.13924419672500077,10,right,Tariq Nasheed,False,281000.0
@MrTariqNasheed,videos,n_tokens,0.01954275968656835,0.02098032687869021,0.3516052070366451,354,0.21483464970382504,0.13924419672500077,10,right,Tariq Nasheed,False,281000.0
@MyronGainesX,streams,F1,-0.04851264179997716,0.056836243314350984,0.39335372573513927,240,0.40385708222937144,0.311699722960482,10,right,Myron Gaines,False,569000.0
@MyronGainesX,streams,F2,-0.00895684628483831,0.03838144562517674,0.8154787934812155,240,0.40385708222937144,0.311699722960482,10,right,Myron Gaines,False,569000.0
@MyronGainesX,streams,F3,0.007629393056967831,0.03846498404942247,0.8427740112526481,240,0.40385708222937144,0.311699722960482,10,right,Myron Gaines,False,569000.0
@MyronGainesX,streams,F4,0.05141323422881494,0.038278040379671086,0.17922269517631606,240,0.40385708222937144,0.311699722960482,10,right,Myron Gaines,False,569000.0
@MyronGainesX,streams,F5,0.052040419686282646,0.05371507470564132,0.33263332436976467,240,0.40385708222937144,0.311699722960482,10,right,Myron Gaines,False,569000.0
@MyronGainesX,streams,F6,0.07325057635420062,0.04166797102682481,0.07875451972598803,240,0.40385708222937144,0.311699722960482,10,right,Myron Gaines,False,569000.0
@MyronGainesX,streams,F7,0.009443258845647631,0.03486200825305872,0.7864869008484681,240,0.40385708222937144,0.311699722960482,10,right,Myron Gaines,False,569000.0
@MyronGainesX,streams,F8,0.08189644830132703,0.03900996606784397,0.03578408073063311,240,0.40385708222937144,0.311699722960482,10,right,Myron Gaines,False,569000.0
@MyronGainesX,streams,F9,-0.014727240933542038,0.03934693160827565,0.7081870983022635,240,0.40385708222937144,0.311699722960482,10,right,Myron Gaines,False,569000.0
@MyronGainesX,streams,F10,-0.0014542735939905571,0.038447735921859474,0.969827460723625,240,0.40385708222937144,0.311699722960482,10,right,Myron Gaines,False,569000.0
@MyronGainesX,streams,F11,0.017529559994758442,0.04702309198624904,0.7093075710248783,240,0.40385708222937144,0.311699722960482,10,right,Myron Gaines,False,569000.0
@MyronGainesX,streams,F12,-0.017226400955767163,0.03640575383386682,0.6360862083672558,240,0.40385708222937144,0.311699722960482,10,right,Myron Gaines,False,569000.0
@MyronGainesX,streams,curiosity_gap,-0.008969629574232224,0.03778901203293789,0.8123769092353673,240,0.40385708222937144,0.311699722960482,10,right,Myron Gaines,False,569000.0
@MyronGainesX,streams,outrage,-0.03890417409353083,0.039906593116644386,0.3296193578598866,240,0.40385708222937144,0.311699722960482,10,right,Myron Gaines,False,569000.0
@MyronGainesX,streams,n_tokens,0.027529769804698456,0.05278452515202097,0.6019836746020023,240,0.40385708222937144,0.311699722960482,10,right,Myron Gaines,False,569000.0
@MyronGainesX,videos,F1,0.005153218420605343,0.045816566755964586,0.9104467897629338,365,0.15962165814461515,0.08138823893285263,8,right,Myron Gaines,False,569000.0
@MyronGainesX,videos,F2,0.07100473446630415,0.040747517175162874,0.0814116136537455,365,0.15962165814461515,0.08138823893285263,8,right,Myron Gaines,False,569000.0
@MyronGainesX,videos,F3,0.01594510024069906,0.052629497758303445,0.7619135742075748,365,0.15962165814461515,0.08138823893285263,8,right,Myron Gaines,False,569000.0
@MyronGainesX,videos,F4,0.008837823658677468,0.046890561104143795,0.8505022192980689,365,0.15962165814461515,0.08138823893285263,8,right,Myron Gaines,False,569000.0
@MyronGainesX,videos,F5,-0.028793408212525684,0.04030485580555881,0.47498571218630437,365,0.15962165814461515,0.08138823893285263,8,right,Myron Gaines,False,569000.0
@MyronGainesX,videos,F6,0.03637604200244918,0.047934056676976346,0.44792627756187453,365,0.15962165814461515,0.08138823893285263,8,right,Myron Gaines,False,569000.0
@MyronGainesX,videos,F7,-0.015352244687141692,0.05579188771966896,0.7831857588380017,365,0.15962165814461515,0.08138823893285263,8,right,Myron Gaines,False,569000.0
@MyronGainesX,videos,F8,0.009463782382466562,0.03922821350906794,0.8093618373102721,365,0.15962165814461515,0.08138823893285263,8,right,Myron Gaines,False,569000.0
@MyronGainesX,videos,F9,0.01942053522523257,0.041620034394467494,0.640775303750325,365,0.15962165814461515,0.08138823893285263,8,right,Myron Gaines,False,569000.0
@MyronGainesX,videos,F10,-0.05073185608641764,0.030111899392678488,0.09203147220355873,365,0.15962165814461515,0.08138823893285263,8,right,Myron Gaines,False,569000.0
@MyronGainesX,videos,F11,0.000884447225557583,0.050569449038732665,0.9860459066903603,365,0.15962165814461515,0.08138823893285263,8,right,Myron Gaines,False,569000.0
@MyronGainesX,videos,F12,-0.030095234910467006,0.04394131659882903,0.49340950811716955,365,0.15962165814461515,0.08138823893285263,8,right,Myron Gaines,False,569000.0
@MyronGainesX,videos,curiosity_gap,0.015660655304342103,0.04325126930125384,0.7172881762899476,365,0.15962165814461515,0.08138823893285263,8,right,Myron Gaines,False,569000.0
@MyronGainesX,videos,outrage,0.03249888211153379,0.042704461840827886,0.44664606475446045,365,0.15962165814461515,0.08138823893285263,8,right,Myron Gaines,False,569000.0
@MyronGainesX,videos,n_tokens,0.0022126285990335948,0.05236193407138854,0.9662942750591266,365,0.15962165814461515,0.08138823893285263,8,right,Myron Gaines,False,569000.0
@NBCNews,streams,F1,-0.13027529294458728,0.09752626143207634,0.18161561537348425,350,0.5622135695991687,0.510296589070865,14,neutral,NBC News,False,12100000.0
@NBCNews,streams,F2,-0.20695061322057484,0.1232764553455533,0.09320035964358768,350,0.5622135695991687,0.510296589070865,14,neutral,NBC News,False,12100000.0
@NBCNews,streams,F3,-0.5247555362123641,0.19568337901725577,0.007325871663606511,350,0.5622135695991687,0.510296589070865,14,neutral,NBC News,False,12100000.0
@NBCNews,streams,F4,0.016704118673978474,0.2322026972113952,0.9426515193592899,350,0.5622135695991687,0.510296589070865,14,neutral,NBC News,False,12100000.0
@NBCNews,streams,F5,0.07688262703586989,0.08910312913468948,0.388219993323634,350,0.5622135695991687,0.510296589070865,14,neutral,NBC News,False,12100000.0
@NBCNews,streams,F6,-0.14163920603361907,0.11023174650497887,0.1988195110174351,350,0.5622135695991687,0.510296589070865,14,neutral,NBC News,False,12100000.0
@NBCNews,streams,F7,0.023554549326018248,0.14277874447817995,0.8689657215246553,350,0.5622135695991687,0.510296589070865,14,neutral,NBC News,False,12100000.0
@NBCNews,streams,F8,0.0747623672902874,0.0793531870195282,0.34611738304868167,350,0.5622135695991687,0.510296589070865,14,neutral,NBC News,False,12100000.0
@NBCNews,streams,F9,0.19851151050461635,0.11787378810901357,0.09216191168866915,350,0.5622135695991687,0.510296589070865,14,neutral,NBC News,False,12100000.0
@NBCNews,streams,F10,-0.18763610130897723,0.07878932775488838,0.017242696435419588,350,0.5622135695991687,0.510296589070865,14,neutral,NBC News,False,12100000.0
@NBCNews,streams,F11,-0.21284165664566324,0.15924432226832577,0.181362067256298,350,0.5622135695991687,0.510296589070865,14,neutral,NBC News,False,12100000.0
@NBCNews,streams,F12,-0.201764889577826,0.13865261032769277,0.14561866956005803,350,0.5622135695991687,0.510296589070865,14,neutral,NBC News,False,12100000.0
@NBCNews,streams,curiosity_gap,-0.13264942049536654,0.14256714309512486,0.35214604660646265,350,0.5622135695991687,0.510296589070865,14,neutral,NBC News,False,12100000.0
@NBCNews,streams,outrage,0.06983635311053385,0.08105688580418316,0.38892301737881163,350,0.5622135695991687,0.510296589070865,14,neutral,NBC News,False,12100000.0
@NBCNews,streams,n_tokens,0.31146177541413755,0.17432642523480768,0.07399271337775216,350,0.5622135695991687,0.510296589070865,14,neutral,NBC News,False,12100000.0
@NBCNews,videos,F1,-0.05352615465066839,0.03230982718526585,0.09758975987005153,6161,0.2446326590447151,0.22189584945074337,156,neutral,NBC News,False,12100000.0
@NBCNews,videos,F2,0.0029306860707102034,0.026311987180175543,0.9113133031316495,6161,0.2446326590447151,0.22189584945074337,156,neutral,NBC News,False,12100000.0
@NBCNews,videos,F3,0.01372113718216171,0.028577550533010938,0.631130035012476,6161,0.2446326590447151,0.22189584945074337,156,neutral,NBC News,False,12100000.0
@NBCNews,videos,F4,0.0042195486013358804,0.027504508967094547,0.8780726118660134,6161,0.2446326590447151,0.22189584945074337,156,neutral,NBC News,False,12100000.0
@NBCNews,videos,F5,-0.10804133786535146,0.022587901214638915,1.7256855674596993e-06,6161,0.2446326590447151,0.22189584945074337,156,neutral,NBC News,False,12100000.0
@NBCNews,videos,F6,0.013905751246509506,0.030032784579562256,0.64335071566455,6161,0.2446326590447151,0.22189584945074337,156,neutral,NBC News,False,12100000.0
@NBCNews,videos,F7,-0.017325789388223045,0.03681290191228574,0.6378946321482795,6161,0.2446326590447151,0.22189584945074337,156,neutral,NBC News,False,12100000.0
@NBCNews,videos,F8,-0.02347034398705512,0.022610647983971,0.29925993753621927,6161,0.2446326590447151,0.22189584945074337,156,neutral,NBC News,False,12100000.0
@NBCNews,videos,F9,0.01663724066051067,0.029925016604343605,0.5782352657702315,6161,0.2446326590447151,0.22189584945074337,156,neutral,NBC News,False,12100000.0
@NBCNews,videos,F10,-0.04639514653666832,0.024745309761674633,0.06080556311425117,6161,0.2446326590447151,0.22189584945074337,156,neutral,NBC News,False,12100000.0
@NBCNews,videos,F11,-0.12514469893537639,0.04132908476450956,0.0024617354854511793,6161,0.2446326590447151,0.22189584945074337,156,neutral,NBC News,False,12100000.0
@NBCNews,videos,F12,-0.05101901316621332,0.028102632969296337,0.06945430157823608,6161,0.2446326590447151,0.22189584945074337,156,neutral,NBC News,False,12100000.0
@NBCNews,videos,curiosity_gap,-0.06933513276985252,0.03850464150424607,0.0717508951245934,6161,0.2446326590447151,0.22189584945074337,156,neutral,NBC News,False,12100000.0
@NBCNews,videos,outrage,0.07426457076007227,0.02313635706696573,0.0013279756576313991,6161,0.2446326590447151,0.22189584945074337,156,neutral,NBC News,False,12100000.0
@NBCNews,videos,humor,-0.03973264854703476,0.042869879245700244,0.3540201557288908,6161,0.2446326590447151,0.22189584945074337,156,neutral,NBC News,False,12100000.0
@NBCNews,videos,n_tokens,0.10820882937838007,0.03799621699614595,0.0044010923352788625,6161,0.2446326590447151,0.22189584945074337,156,neutral,NBC News,False,12100000.0
@NYTPodcasts,videos,F1,-0.0517241467976407,0.07011040803141584,0.460664706676157,447,0.42743073421072664,0.3502140138880002,30,left,New York Times,False,523000.0
@NYTPodcasts,videos,F2,0.019378429385865148,0.059785122949323345,0.7458361014600985,447,0.42743073421072664,0.3502140138880002,30,left,New York Times,False,523000.0
@NYTPodcasts,videos,F3,0.1721986417832844,0.06158500440387693,0.00517212860959939,447,0.42743073421072664,0.3502140138880002,30,left,New York Times,False,523000.0
@NYTPodcasts,videos,F4,-0.023457807064345026,0.04936250104257429,0.6346336481619259,447,0.42743073421072664,0.3502140138880002,30,left,New York Times,False,523000.0
@NYTPodcasts,videos,F5,-0.013288365137811925,0.05741099600312373,0.8169572405851294,447,0.42743073421072664,0.3502140138880002,30,left,New York Times,False,523000.0
@NYTPodcasts,videos,F6,0.012597332213806739,0.051721499185291765,0.8075709537763736,447,0.42743073421072664,0.3502140138880002,30,left,New York Times,False,523000.0
@NYTPodcasts,videos,F7,0.05116072868826711,0.0647202624871586,0.42924158429298354,447,0.42743073421072664,0.3502140138880002,30,left,New York Times,False,523000.0
@NYTPodcasts,videos,F8,0.004515589296120462,0.059185824260608096,0.9391843118099088,447,0.42743073421072664,0.3502140138880002,30,left,New York Times,False,523000.0
@NYTPodcasts,videos,F9,-0.13751385360725638,0.06487622147926163,0.03403691145590036,447,0.42743073421072664,0.3502140138880002,30,left,New York Times,False,523000.0
@NYTPodcasts,videos,F10,0.015416991306847733,0.06197935377550549,0.8035588245383247,447,0.42743073421072664,0.3502140138880002,30,left,New York Times,False,523000.0
@NYTPodcasts,videos,F11,-0.1628214119608586,0.08652347094404843,0.059860751528397586,447,0.42743073421072664,0.3502140138880002,30,left,New York Times,False,523000.0
@NYTPodcasts,videos,F12,0.029396712610440856,0.0718449445638443,0.6824157600358887,447,0.42743073421072664,0.3502140138880002,30,left,New York Times,False,523000.0
@NYTPodcasts,videos,curiosity_gap,-0.01932292860825685,0.035917347657350246,0.5905886666306861,447,0.42743073421072664,0.3502140138880002,30,left,New York Times,False,523000.0
@NYTPodcasts,videos,outrage,0.14598178118429153,0.054670723169078284,0.0075806011903707445,447,0.42743073421072664,0.3502140138880002,30,left,New York Times,False,523000.0
@NYTPodcasts,videos,n_tokens,-0.08329461876257531,0.07840147441472417,0.28804896900634536,447,0.42743073421072664,0.3502140138880002,30,left,New York Times,False,523000.0
@NewsNation,streams,F1,-0.13173652042690676,0.09713761817690028,0.1750405107877624,282,0.4126095622506508,0.3122636958018037,18,neutral,NewsNation,False,2760000.0
@NewsNation,streams,F2,-0.008245807063819333,0.0907627082822652,0.9276116485694361,282,0.4126095622506508,0.3122636958018037,18,neutral,NewsNation,False,2760000.0
@NewsNation,streams,F3,0.11142464707112715,0.09938274350163459,0.26221680641469436,282,0.4126095622506508,0.3122636958018037,18,neutral,NewsNation,False,2760000.0
@NewsNation,streams,F4,-0.15377758301264083,0.08586433713783173,0.07330347141665786,282,0.4126095622506508,0.3122636958018037,18,neutral,NewsNation,False,2760000.0
@NewsNation,streams,F5,-0.0615059899218493,0.09060075234545274,0.4972212346121907,282,0.4126095622506508,0.3122636958018037,18,neutral,NewsNation,False,2760000.0
@NewsNation,streams,F6,0.029085887028797802,0.08475153666836151,0.7314554636583351,282,0.4126095622506508,0.3122636958018037,18,neutral,NewsNation,False,2760000.0
@NewsNation,streams,F7,0.004026334937408227,0.09413919182771666,0.96588486420906,282,0.4126095622506508,0.3122636958018037,18,neutral,NewsNation,False,2760000.0
@NewsNation,streams,F8,0.09054357103138208,0.06735589237827501,0.17886557741407338,282,0.4126095622506508,0.3122636958018037,18,neutral,NewsNation,False,2760000.0
@NewsNation,streams,F9,-0.004290696871321886,0.09741200270677819,0.9648670182693606,282,0.4126095622506508,0.3122636958018037,18,neutral,NewsNation,False,2760000.0
@NewsNation,streams,F10,0.04840625015887012,0.06104912363460529,0.427832269368442,282,0.4126095622506508,0.3122636958018037,18,neutral,NewsNation,False,2760000.0
@NewsNation,streams,F11,-0.004932572763792165,0.122579689465389,0.9679020087948722,282,0.4126095622506508,0.3122636958018037,18,neutral,NewsNation,False,2760000.0
@NewsNation,streams,F12,-0.1037705539770114,0.09104094760065153,0.25436010463091696,282,0.4126095622506508,0.3122636958018037,18,neutral,NewsNation,False,2760000.0
@NewsNation,streams,curiosity_gap,-0.007072342912930074,0.09322910098505596,0.9395306229040519,282,0.4126095622506508,0.3122636958018037,18,neutral,NewsNation,False,2760000.0
@NewsNation,streams,outrage,0.07737109951031984,0.0571045462796904,0.17544858401753116,282,0.4126095622506508,0.3122636958018037,18,neutral,NewsNation,False,2760000.0
@NewsNation,streams,n_tokens,-0.007210881952013137,0.12580936329988124,0.9542935227291522,282,0.4126095622506508,0.3122636958018037,18,neutral,NewsNation,False,2760000.0
@NewsNation,videos,F1,-0.02516208048605669,0.025514962213538158,0.3240498865461342,6881,0.32552368414587507,0.30553770531631563,174,neutral,NewsNation,False,2760000.0
@NewsNation,videos,F2,-0.019523802603977933,0.017307618979201737,0.25930019398344595,6881,0.32552368414587507,0.30553770531631563,174,neutral,NewsNation,False,2760000.0
@NewsNation,videos,F3,0.032049560930892805,0.01842375970488518,0.08193320350766585,6881,0.32552368414587507,0.30553770531631563,174,neutral,NewsNation,False,2760000.0
@NewsNation,videos,F4,0.0030605388880481435,0.018386049139749002,0.8677950813796491,6881,0.32552368414587507,0.30553770531631563,174,neutral,NewsNation,False,2760000.0
@NewsNation,videos,F5,-0.030724160416912786,0.015758954006611058,0.05122000103536911,6881,0.32552368414587507,0.30553770531631563,174,neutral,NewsNation,False,2760000.0
@NewsNation,videos,F6,0.18063185281772579,0.02104526878273294,9.241848420689082e-18,6881,0.32552368414587507,0.30553770531631563,174,neutral,NewsNation,False,2760000.0
@NewsNation,videos,F7,-0.02728932153773278,0.019811559968580847,0.16837490602703187,6881,0.32552368414587507,0.30553770531631563,174,neutral,NewsNation,False,2760000.0
@NewsNation,videos,F8,-0.011058846593088114,0.0185509541812424,0.5510859976603957,6881,0.32552368414587507,0.30553770531631563,174,neutral,NewsNation,False,2760000.0
@NewsNation,videos,F9,-0.06433837346986293,0.019487957108308578,0.0009618898452128049,6881,0.32552368414587507,0.30553770531631563,174,neutral,NewsNation,False,2760000.0
@NewsNation,videos,F10,0.015607092200141226,0.01779340319578428,0.38041711653241217,6881,0.32552368414587507,0.30553770531631563,174,neutral,NewsNation,False,2760000.0
@NewsNation,videos,F11,-0.050876175660919884,0.02555681048918675,0.04651287574427689,6881,0.32552368414587507,0.30553770531631563,174,neutral,NewsNation,False,2760000.0
@NewsNation,videos,F12,-0.03404015079868895,0.01988068875380454,0.08685578186023199,6881,0.32552368414587507,0.30553770531631563,174,neutral,NewsNation,False,2760000.0
@NewsNation,videos,curiosity_gap,-0.0015860121415520873,0.014665368216202193,0.913879271936056,6881,0.32552368414587507,0.30553770531631563,174,neutral,NewsNation,False,2760000.0
@NewsNation,videos,outrage,0.07743209752352405,0.01772559951599149,1.2517340163076691e-05,6881,0.32552368414587507,0.30553770531631563,174,neutral,NewsNation,False,2760000.0
@NewsNation,videos,humor,0.027559234931226983,0.007976148403776362,0.0005498727488527222,6881,0.32552368414587507,0.30553770531631563,174,neutral,NewsNation,False,2760000.0
@NewsNation,videos,n_tokens,0.045499225810308686,0.021122340087385137,0.03123384124449267,6881,0.32552368414587507,0.30553770531631563,174,neutral,NewsNation,False,2760000.0
@NewsmaxTV,streams,F1,-0.01705431319305087,0.042298736985121606,0.6868104481175892,383,0.5513714418229234,0.4899520558820142,22,right,Newsmax,False,2590000.0
@NewsmaxTV,streams,F2,-0.03407643515383468,0.03333110119143867,0.30660982764140055,383,0.5513714418229234,0.4899520558820142,22,right,Newsmax,False,2590000.0
@NewsmaxTV,streams,F3,0.3584460996016898,0.09820029538151426,0.0002620841832716631,383,0.5513714418229234,0.4899520558820142,22,right,Newsmax,False,2590000.0
@NewsmaxTV,streams,F4,-0.007114448086638192,0.029539497894506987,0.8096750485592175,383,0.5513714418229234,0.4899520558820142,22,right,Newsmax,False,2590000.0
@NewsmaxTV,streams,F5,-0.04853939647978328,0.025841091005088235,0.06032915743604309,383,0.5513714418229234,0.4899520558820142,22,right,Newsmax,False,2590000.0
@NewsmaxTV,streams,F6,0.08097044631554776,0.039795812079059405,0.0418863624696453,383,0.5513714418229234,0.4899520558820142,22,right,Newsmax,False,2590000.0
@NewsmaxTV,streams,F7,0.038194452929790124,0.03576153538239284,0.2855062189962291,383,0.5513714418229234,0.4899520558820142,22,right,Newsmax,False,2590000.0
@NewsmaxTV,streams,F8,0.10718443336897238,0.04108009643521172,0.009076550974417941,383,0.5513714418229234,0.4899520558820142,22,right,Newsmax,False,2590000.0
@NewsmaxTV,streams,F9,0.011423232568726904,0.036954493328758956,0.7572331360793655,383,0.5513714418229234,0.4899520558820142,22,right,Newsmax,False,2590000.0
@NewsmaxTV,streams,F10,0.061343518866891614,0.037406228033451915,0.10102014856732841,383,0.5513714418229234,0.4899520558820142,22,right,Newsmax,False,2590000.0
@NewsmaxTV,streams,F11,0.12776428305121035,0.04096190697556806,0.0018140439778870437,383,0.5513714418229234,0.4899520558820142,22,right,Newsmax,False,2590000.0
@NewsmaxTV,streams,F12,0.11526045951644735,0.03741487523924569,0.002065803578930922,383,0.5513714418229234,0.4899520558820142,22,right,Newsmax,False,2590000.0
@NewsmaxTV,streams,curiosity_gap,0.03016987717863806,0.00911514650238952,0.0009334197368072656,383,0.5513714418229234,0.4899520558820142,22,right,Newsmax,False,2590000.0
@NewsmaxTV,streams,outrage,-0.010867299421632753,0.036201187906107095,0.7640308665882047,383,0.5513714418229234,0.4899520558820142,22,right,Newsmax,False,2590000.0
@NewsmaxTV,streams,humor,0.016953485189248385,2.1554266030223097,0.9937243121196123,383,0.5513714418229234,0.4899520558820142,22,right,Newsmax,False,2590000.0
@NewsmaxTV,streams,n_tokens,-0.09395174527676242,0.058394177766726986,0.10763314362027422,383,0.5513714418229234,0.4899520558820142,22,right,Newsmax,False,2590000.0
@NewsmaxTV,videos,F1,-0.028113467941977804,0.028368412679243143,0.3216791947983214,3744,0.23592425280250295,0.19777404719208092,154,right,Newsmax,False,2590000.0
@NewsmaxTV,videos,F2,0.08924640083208212,0.019289299087195913,3.7148223648631137e-06,3744,0.23592425280250295,0.19777404719208092,154,right,Newsmax,False,2590000.0
@NewsmaxTV,videos,F3,-0.09133974644323355,0.020129654925394324,5.69057670955283e-06,3744,0.23592425280250295,0.19777404719208092,154,right,Newsmax,False,2590000.0
@NewsmaxTV,videos,F4,0.07263632903189657,0.018900201316762642,0.00012146464512854568,3744,0.23592425280250295,0.19777404719208092,154,right,Newsmax,False,2590000.0
@NewsmaxTV,videos,F5,0.05793533498968824,0.01739624453880372,0.0008674132405193197,3744,0.23592425280250295,0.19777404719208092,154,right,Newsmax,False,2590000.0
@NewsmaxTV,videos,F6,0.02357393568276052,0.023252497814249606,0.31066683679977114,3744,0.23592425280250295,0.19777404719208092,154,right,Newsmax,False,2590000.0
@NewsmaxTV,videos,F7,0.12252056938683423,0.022482352900146146,5.047390246612536e-08,3744,0.23592425280250295,0.19777404719208092,154,right,Newsmax,False,2590000.0
@NewsmaxTV,videos,F8,-0.05975883244165764,0.020956795368388095,0.004351002202845351,3744,0.23592425280250295,0.19777404719208092,154,right,Newsmax,False,2590000.0
@NewsmaxTV,videos,F9,0.11907503371920275,0.02178230252803306,4.587616967543436e-08,3744,0.23592425280250295,0.19777404719208092,154,right,Newsmax,False,2590000.0
@NewsmaxTV,videos,F10,0.11392928440565754,0.02100082696607907,5.795765921936743e-08,3744,0.23592425280250295,0.19777404719208092,154,right,Newsmax,False,2590000.0
@NewsmaxTV,videos,F11,-0.1137816922787519,0.030260108351595563,0.00016983066712894713,3744,0.23592425280250295,0.19777404719208092,154,right,Newsmax,False,2590000.0
@NewsmaxTV,videos,F12,-0.013726794617555216,0.02285793307834091,0.5481554034211702,3744,0.23592425280250295,0.19777404719208092,154,right,Newsmax,False,2590000.0
@NewsmaxTV,videos,curiosity_gap,0.05104133309121953,0.02144272424466173,0.017295885010046825,3744,0.23592425280250295,0.19777404719208092,154,right,Newsmax,False,2590000.0
@NewsmaxTV,videos,outrage,0.10658191116705493,0.019391594820717218,3.878551307238786e-08,3744,0.23592425280250295,0.19777404719208092,154,right,Newsmax,False,2590000.0
@NewsmaxTV,videos,humor,-0.024915783966324462,0.017181017880901053,0.14700483469665768,3744,0.23592425280250295,0.19777404719208092,154,right,Newsmax,False,2590000.0
@NewsmaxTV,videos,n_tokens,0.08521515830484384,0.02111875215408591,5.4591360141660187e-05,3744,0.23592425280250295,0.19777404719208092,154,right,Newsmax,False,2590000.0
@NovaraMedia,videos,F1,-0.010112973538013353,0.04968129081745073,0.8386997139067855,565,0.24097451070991982,0.1687565515347471,26,left,Novara Media,False,1320000.0
@NovaraMedia,videos,F2,0.07370462125028598,0.04517665842512483,0.10278997936533697,565,0.24097451070991982,0.1687565515347471,26,left,Novara Media,False,1320000.0
@NovaraMedia,videos,F3,0.009170582451509673,0.04201550992282575,0.8272213972825453,565,0.24097451070991982,0.1687565515347471,26,left,Novara Media,False,1320000.0
@NovaraMedia,videos,F4,-0.006214393750383601,0.05099676761368312,0.9030110184565773,565,0.24097451070991982,0.1687565515347471,26,left,Novara Media,False,1320000.0
@NovaraMedia,videos,F5,0.033447617394447654,0.05253039805623124,0.524301509730358,565,0.24097451070991982,0.1687565515347471,26,left,Novara Media,False,1320000.0
@NovaraMedia,videos,F6,0.05403913515134362,0.05315485863868841,0.30932669088569864,565,0.24097451070991982,0.1687565515347471,26,left,Novara Media,False,1320000.0
@NovaraMedia,videos,F7,-0.028618921928906638,0.048973027269328034,0.5589637970100106,565,0.24097451070991982,0.1687565515347471,26,left,Novara Media,False,1320000.0
@NovaraMedia,videos,F8,-0.011757717920634764,0.04137955638328199,0.7763006723485014,565,0.24097451070991982,0.1687565515347471,26,left,Novara Media,False,1320000.0
@NovaraMedia,videos,F9,0.05220671665779131,0.04640821685325342,0.26061211176873555,565,0.24097451070991982,0.1687565515347471,26,left,Novara Media,False,1320000.0
@NovaraMedia,videos,F10,-0.07106378815084069,0.04290016196720385,0.09762216225090231,565,0.24097451070991982,0.1687565515347471,26,left,Novara Media,False,1320000.0
@NovaraMedia,videos,F11,-0.04354966624821584,0.05542818795829577,0.4320460228679739,565,0.24097451070991982,0.1687565515347471,26,left,Novara Media,False,1320000.0
@NovaraMedia,videos,F12,-0.052399305049060874,0.05341382268307754,0.3265895564273895,565,0.24097451070991982,0.1687565515347471,26,left,Novara Media,False,1320000.0
@NovaraMedia,videos,curiosity_gap,-0.03505304026276776,0.048356041099579805,0.46851660267703177,565,0.24097451070991982,0.1687565515347471,26,left,Novara Media,False,1320000.0
@NovaraMedia,videos,outrage,-0.05967780101285186,0.05187599512686828,0.24998188837548896,565,0.24097451070991982,0.1687565515347471,26,left,Novara Media,False,1320000.0
@NovaraMedia,videos,n_tokens,0.15061825355298428,0.06656273585723126,0.023647933035188133,565,0.24097451070991982,0.1687565515347471,26,left,Novara Media,False,1320000.0
@OfficialSaharTV,videos,F1,-0.0268953598038143,0.052546858392147365,0.6087659793476184,825,0.17823765142713432,0.12853001901667793,23,right,Sahar TV,False,785000.0
@OfficialSaharTV,videos,F2,0.02605863467614572,0.04262814493931344,0.5410002196802155,825,0.17823765142713432,0.12853001901667793,23,right,Sahar TV,False,785000.0
@OfficialSaharTV,videos,F3,0.05805677820029782,0.04409220918349491,0.18793489632608185,825,0.17823765142713432,0.12853001901667793,23,right,Sahar TV,False,785000.0
@OfficialSaharTV,videos,F4,-0.08647695218885253,0.060832057154340154,0.15515147855735503,825,0.17823765142713432,0.12853001901667793,23,right,Sahar TV,False,785000.0
@OfficialSaharTV,videos,F5,-0.020784120438524678,0.04237230936052251,0.623771736771358,825,0.17823765142713432,0.12853001901667793,23,right,Sahar TV,False,785000.0
@OfficialSaharTV,videos,F6,-0.10969938234800852,0.04519411453389991,0.015211942198079512,825,0.17823765142713432,0.12853001901667793,23,right,Sahar TV,False,785000.0
@OfficialSaharTV,videos,F7,-0.02147955321815026,0.056157129792694306,0.7020977779464641,825,0.17823765142713432,0.12853001901667793,23,right,Sahar TV,False,785000.0
@OfficialSaharTV,videos,F8,-0.04147893322805035,0.045817330325694815,0.3653006494304817,825,0.17823765142713432,0.12853001901667793,23,right,Sahar TV,False,785000.0
@OfficialSaharTV,videos,F9,0.052918610157616834,0.048468910295777226,0.27491871609658036,825,0.17823765142713432,0.12853001901667793,23,right,Sahar TV,False,785000.0
@OfficialSaharTV,videos,F10,-0.077199619046118,0.04986505068042698,0.12158116209239393,825,0.17823765142713432,0.12853001901667793,23,right,Sahar TV,False,785000.0
@OfficialSaharTV,videos,F11,-0.002553158003126471,0.0578344460818517,0.964788045840501,825,0.17823765142713432,0.12853001901667793,23,right,Sahar TV,False,785000.0
@OfficialSaharTV,videos,F12,0.11907233613698587,0.05788748723314696,0.039689923454785066,825,0.17823765142713432,0.12853001901667793,23,right,Sahar TV,False,785000.0
@OfficialSaharTV,videos,curiosity_gap,-0.07539934760926728,0.04109917174688133,0.06656928246285657,825,0.17823765142713432,0.12853001901667793,23,right,Sahar TV,False,785000.0
@OfficialSaharTV,videos,outrage,0.01998332553351566,0.04362119573524278,0.6468730928218573,825,0.17823765142713432,0.12853001901667793,23,right,Sahar TV,False,785000.0
@OfficialSaharTV,videos,humor,0.008681928750036372,3.676524779867141,0.9981158374050916,825,0.17823765142713432,0.12853001901667793,23,right,Sahar TV,False,785000.0
@OfficialSaharTV,videos,n_tokens,-0.015472344736669474,0.04932201999267294,0.7537484839613766,825,0.17823765142713432,0.12853001901667793,23,right,Sahar TV,False,785000.0
@OwenJonesTalks,videos,F1,-0.06200262032507928,0.07080094767059802,0.38117601493812125,226,0.11746212022982361,-0.013117464021886294,6,left,Owen Jones,False,881000.0
@OwenJonesTalks,videos,F2,0.05595280620368559,0.06728949175542741,0.4056778533294959,226,0.11746212022982361,-0.013117464021886294,6,left,Owen Jones,False,881000.0
@OwenJonesTalks,videos,F3,-0.0400322248265117,0.06503161884056423,0.5381711363321191,226,0.11746212022982361,-0.013117464021886294,6,left,Owen Jones,False,881000.0
@OwenJonesTalks,videos,F4,0.027884253732054387,0.06860087216507221,0.6843966826972809,226,0.11746212022982361,-0.013117464021886294,6,left,Owen Jones,False,881000.0
@OwenJonesTalks,videos,F5,0.021310863497855492,0.0643436203229762,0.7404904099037772,226,0.11746212022982361,-0.013117464021886294,6,left,Owen Jones,False,881000.0
@OwenJonesTalks,videos,F6,0.009231719862569099,0.07745604742058596,0.9051275541158406,226,0.11746212022982361,-0.013117464021886294,6,left,Owen Jones,False,881000.0
@OwenJonesTalks,videos,F7,-0.06592054380896428,0.0659323521054616,0.31739718815965123,226,0.11746212022982361,-0.013117464021886294,6,left,Owen Jones,False,881000.0
@OwenJonesTalks,videos,F8,0.0778286697519397,0.05764137058167999,0.176944654935822,226,0.11746212022982361,-0.013117464021886294,6,left,Owen Jones,False,881000.0
@OwenJonesTalks,videos,F9,0.08393135782320571,0.06702679445212992,0.21049479042830854,226,0.11746212022982361,-0.013117464021886294,6,left,Owen Jones,False,881000.0
@OwenJonesTalks,videos,F10,-0.10610428589511145,0.07304360669227082,0.14633049959169217,226,0.11746212022982361,-0.013117464021886294,6,left,Owen Jones,False,881000.0
@OwenJonesTalks,videos,F11,-0.043769357163869704,0.08708223969985687,0.6152308041573775,226,0.11746212022982361,-0.013117464021886294,6,left,Owen Jones,False,881000.0
@OwenJonesTalks,videos,F12,0.06062509344188527,0.08312192068268477,0.4657867072658278,226,0.11746212022982361,-0.013117464021886294,6,left,Owen Jones,False,881000.0
@OwenJonesTalks,videos,curiosity_gap,-0.028671517840138022,0.055481634254641435,0.6053132802962684,226,0.11746212022982361,-0.013117464021886294,6,left,Owen Jones,False,881000.0
@OwenJonesTalks,videos,outrage,0.019647260850660708,0.07204515139659666,0.7850779865522081,226,0.11746212022982361,-0.013117464021886294,6,left,Owen Jones,False,881000.0
@OwenJonesTalks,videos,n_tokens,0.024251608118392498,0.07668038568201341,0.7517985445246278,226,0.11746212022982361,-0.013117464021886294,6,left,Owen Jones,False,881000.0
@OwenReport,streams,F1,-0.07958213531818659,0.07421047891275165,0.28354756059469644,167,0.4259793266663031,0.2941671720489357,8,left,Owen Shroyer,False,72100.0
@OwenReport,streams,F2,0.005444224256177355,0.048120578554844654,0.9099218367528271,167,0.4259793266663031,0.2941671720489357,8,left,Owen Shroyer,False,72100.0
@OwenReport,streams,F3,0.08263213899600287,0.05287304391156506,0.11809009499482105,167,0.4259793266663031,0.2941671720489357,8,left,Owen Shroyer,False,72100.0
@OwenReport,streams,F4,-0.005522484528247218,0.05281015101789128,0.9167151118233569,167,0.4259793266663031,0.2941671720489357,8,left,Owen Shroyer,False,72100.0
@OwenReport,streams,F5,-0.14256729660655504,0.05782266411581696,0.013678573171438425,167,0.4259793266663031,0.2941671720489357,8,left,Owen Shroyer,False,72100.0
@OwenReport,streams,F6,0.00019307843978821904,0.041861128777325896,0.9963198851915515,167,0.4259793266663031,0.2941671720489357,8,left,Owen Shroyer,False,72100.0
@OwenReport,streams,F7,0.01040422225355464,0.05217670437443221,0.8419470511575563,167,0.4259793266663031,0.2941671720489357,8,left,Owen Shroyer,False,72100.0
@OwenReport,streams,F8,0.058163977599424044,0.054511900726547526,0.2859736623200586,167,0.4259793266663031,0.2941671720489357,8,left,Owen Shroyer,False,72100.0
@OwenReport,streams,F9,-0.018909048520328042,0.0409080113302008,0.6439139651668814,167,0.4259793266663031,0.2941671720489357,8,left,Owen Shroyer,False,72100.0
@OwenReport,streams,F10,-0.006250161189981895,0.0441136605515169,0.88733030641151,167,0.4259793266663031,0.2941671720489357,8,left,Owen Shroyer,False,72100.0
@OwenReport,streams,F11,0.015787923874468257,0.07795411241783182,0.8395036362291948,167,0.4259793266663031,0.2941671720489357,8,left,Owen Shroyer,False,72100.0
@OwenReport,streams,F12,-0.009559252265669338,0.052692834530802216,0.856042118667415,167,0.4259793266663031,0.2941671720489357,8,left,Owen Shroyer,False,72100.0
@OwenReport,streams,curiosity_gap,0.06776459876500524,0.02990327090447442,0.023443630702304256,167,0.4259793266663031,0.2941671720489357,8,left,Owen Shroyer,False,72100.0
@OwenReport,streams,outrage,0.12519000360474197,0.05637962741281373,0.026385999146002287,167,0.4259793266663031,0.2941671720489357,8,left,Owen Shroyer,False,72100.0
@OwenReport,streams,n_tokens,-0.046466179925860884,0.05690511703081965,0.41418255840513907,167,0.4259793266663031,0.2941671720489357,8,left,Owen Shroyer,False,72100.0
@OwenReport,videos,F1,0.0201134206914117,0.048628727559387686,0.6791583524118785,368,0.36721398202936506,0.28980896454060234,17,left,Owen Shroyer,False,72100.0
@OwenReport,videos,F2,0.045381657877596515,0.0426022568578417,0.2867670204468069,368,0.36721398202936506,0.28980896454060234,17,left,Owen Shroyer,False,72100.0
@OwenReport,videos,F3,0.020054860004311503,0.0444786107400947,0.6520704644732593,368,0.36721398202936506,0.28980896454060234,17,left,Owen Shroyer,False,72100.0
@OwenReport,videos,F4,0.05593819106023601,0.03969813105884244,0.1588089181202781,368,0.36721398202936506,0.28980896454060234,17,left,Owen Shroyer,False,72100.0
@OwenReport,videos,F5,-0.02430698786450322,0.042134993073600455,0.5640180679667788,368,0.36721398202936506,0.28980896454060234,17,left,Owen Shroyer,False,72100.0
@OwenReport,videos,F6,0.16093839749213368,0.05038496982948358,0.0014023121223673185,368,0.36721398202936506,0.28980896454060234,17,left,Owen Shroyer,False,72100.0
@OwenReport,videos,F7,-0.13611113223400984,0.037445954574940224,0.0002781221299631884,368,0.36721398202936506,0.28980896454060234,17,left,Owen Shroyer,False,72100.0
@OwenReport,videos,F8,-0.06795020807340454,0.04341842889857061,0.11758092821301228,368,0.36721398202936506,0.28980896454060234,17,left,Owen Shroyer,False,72100.0
@OwenReport,videos,F9,0.03804865380814846,0.042369069255472694,0.3691700774508523,368,0.36721398202936506,0.28980896454060234,17,left,Owen Shroyer,False,72100.0
@OwenReport,videos,F10,0.0539581716918614,0.048575231437758486,0.26664731509042716,368,0.36721398202936506,0.28980896454060234,17,left,Owen Shroyer,False,72100.0
@OwenReport,videos,F11,0.04846944561234867,0.04799475968751083,0.31254781698931144,368,0.36721398202936506,0.28980896454060234,17,left,Owen Shroyer,False,72100.0
@OwenReport,videos,F12,-0.09548521321793632,0.04729325812217359,0.04348694464116448,368,0.36721398202936506,0.28980896454060234,17,left,Owen Shroyer,False,72100.0
@OwenReport,videos,curiosity_gap,0.040526005752218486,0.043604171331656,0.3526783952839878,368,0.36721398202936506,0.28980896454060234,17,left,Owen Shroyer,False,72100.0
@OwenReport,videos,outrage,-0.030432429110174297,0.052522397207516495,0.562307074591169,368,0.36721398202936506,0.28980896454060234,17,left,Owen Shroyer,False,72100.0
@OwenReport,videos,n_tokens,-0.19740296984219594,0.05104719985738266,0.00011015192612566018,368,0.36721398202936506,0.28980896454060234,17,left,Owen Shroyer,False,72100.0
@PBDPodcast,streams,F1,-0.04046863429741698,0.06694900747445542,0.5455315289371865,111,0.39315653313715937,0.20532403148913725,3,right,Valuetainment,False,2970000.0
@PBDPodcast,streams,F2,0.08173154990319054,0.05478379242229182,0.13572722927871,111,0.39315653313715937,0.20532403148913725,3,right,Valuetainment,False,2970000.0
@PBDPodcast,streams,F3,-0.02635506321279124,0.08557585832516743,0.7581027937848868,111,0.39315653313715937,0.20532403148913725,3,right,Valuetainment,False,2970000.0
@PBDPodcast,streams,F4,-0.022779812722345694,0.0623536980987633,0.7148634566995369,111,0.39315653313715937,0.20532403148913725,3,right,Valuetainment,False,2970000.0
@PBDPodcast,streams,F5,-0.023758021163170717,0.07989252358952105,0.7661804003248855,111,0.39315653313715937,0.20532403148913725,3,right,Valuetainment,False,2970000.0
@PBDPodcast,streams,F6,0.1376088157800549,0.07504384385012787,0.06669671920084808,111,0.39315653313715937,0.20532403148913725,3,right,Valuetainment,False,2970000.0
@PBDPodcast,streams,F7,-0.003986413550350454,0.05585427579387277,0.9431019474636554,111,0.39315653313715937,0.20532403148913725,3,right,Valuetainment,False,2970000.0
@PBDPodcast,streams,F8,-0.032415362572829676,0.052536541977506394,0.5372307562145624,111,0.39315653313715937,0.20532403148913725,3,right,Valuetainment,False,2970000.0
@PBDPodcast,streams,F9,-0.02135631140412253,0.059393170436944566,0.7191648289516923,111,0.39315653313715937,0.20532403148913725,3,right,Valuetainment,False,2970000.0
@PBDPodcast,streams,F10,0.029620475196039442,0.04015031480795408,0.4606727333057048,111,0.39315653313715937,0.20532403148913725,3,right,Valuetainment,False,2970000.0
@PBDPodcast,streams,F11,-0.03613717517945722,0.0644289684036972,0.5748766427488976,111,0.39315653313715937,0.20532403148913725,3,right,Valuetainment,False,2970000.0
@PBDPodcast,streams,F12,0.029156253992507875,0.047354441067089366,0.5380908000119946,111,0.39315653313715937,0.20532403148913725,3,right,Valuetainment,False,2970000.0
@PBDPodcast,streams,curiosity_gap,-0.06378971852711496,0.07637862724450015,0.4036177203059136,111,0.39315653313715937,0.20532403148913725,3,right,Valuetainment,False,2970000.0
@PBDPodcast,streams,outrage,-0.049048869638979864,0.0724084634858217,0.4981576605003618,111,0.39315653313715937,0.20532403148913725,3,right,Valuetainment,False,2970000.0
@PBDPodcast,streams,n_tokens,-0.06211742210142446,0.08171616173223102,0.4471584790429707,111,0.39315653313715937,0.20532403148913725,3,right,Valuetainment,False,2970000.0
@POLITICO,videos,F1,0.07356859431323065,0.0998291066851833,0.4611555941024912,286,0.40089355785581804,0.3197396971669646,11,neutral,Politico,False,225000.0
@POLITICO,videos,F2,-0.03583209006640603,0.07610579266144511,0.637769649151408,286,0.40089355785581804,0.3197396971669646,11,neutral,Politico,False,225000.0
@POLITICO,videos,F3,-0.05927066951768581,0.07911605058976243,0.4537600965915338,286,0.40089355785581804,0.3197396971669646,11,neutral,Politico,False,225000.0
@POLITICO,videos,F4,0.07210164858605717,0.10757846261062509,0.5027151188760555,286,0.40089355785581804,0.3197396971669646,11,neutral,Politico,False,225000.0
@POLITICO,videos,F5,-0.04367833973624108,0.08972385680650681,0.626394017790633,286,0.40089355785581804,0.3197396971669646,11,neutral,Politico,False,225000.0
@POLITICO,videos,F6,0.19231071689585422,0.08203381162528366,0.01906354642782894,286,0.40089355785581804,0.3197396971669646,11,neutral,Politico,False,225000.0
@POLITICO,videos,F7,0.036104584246920146,0.10519759860938016,0.7314425099468959,286,0.40089355785581804,0.3197396971669646,11,neutral,Politico,False,225000.0
@POLITICO,videos,F8,-0.010298814503014286,0.06371820395009392,0.8715967221504582,286,0.40089355785581804,0.3197396971669646,11,neutral,Politico,False,225000.0
@POLITICO,videos,F9,0.0015012378022647987,0.07412932514576806,0.9838426615769997,286,0.40089355785581804,0.3197396971669646,11,neutral,Politico,False,225000.0
@POLITICO,videos,F10,0.10130180113034892,0.08820043359808832,0.250745358662004,286,0.40089355785581804,0.3197396971669646,11,neutral,Politico,False,225000.0
@POLITICO,videos,F11,-0.08995243243957035,0.11866321744576838,0.44842215821505216,286,0.40089355785581804,0.3197396971669646,11,neutral,Politico,False,225000.0
@POLITICO,videos,F12,0.017252025302980867,0.10898528838628631,0.874222908584676,286,0.40089355785581804,0.3197396971669646,11,neutral,Politico,False,225000.0
@POLITICO,videos,curiosity_gap,0.01735256670905727,0.05890262927838624,0.7683013802121358,286,0.40089355785581804,0.3197396971669646,11,neutral,Politico,False,225000.0
@POLITICO,videos,outrage,0.1396561960211792,0.07561466346718565,0.06475497503810315,286,0.40089355785581804,0.3197396971669646,11,neutral,Politico,False,225000.0
@POLITICO,videos,n_tokens,0.06303293675891808,0.10686329205950475,0.5552935774238105,286,0.40089355785581804,0.3197396971669646,11,neutral,Politico,False,225000.0
@PTLRadioShow,streams,F1,0.004396099758330996,0.04114350552274451,0.9149095962185594,189,0.3890280370346594,0.28210794351572477,5,left,Pushing the Limits,False,212000.0
@PTLRadioShow,streams,F2,-0.04665696261965642,0.05562714731277407,0.4016127134795191,189,0.3890280370346594,0.28210794351572477,5,left,Pushing the Limits,False,212000.0
@PTLRadioShow,streams,F3,0.0009437646090547369,0.06780056831721668,0.988894032707795,189,0.3890280370346594,0.28210794351572477,5,left,Pushing the Limits,False,212000.0
@PTLRadioShow,streams,F4,-0.051543791341906064,0.03042052491744198,0.09019395688211473,189,0.3890280370346594,0.28210794351572477,5,left,Pushing the Limits,False,212000.0
@PTLRadioShow,streams,F5,-0.015077674950767644,0.02399989815674565,0.5298473053018011,189,0.3890280370346594,0.28210794351572477,5,left,Pushing the Limits,False,212000.0
@PTLRadioShow,streams,F6,0.07968263158308098,0.03612278608632688,0.02739220863444095,189,0.3890280370346594,0.28210794351572477,5,left,Pushing the Limits,False,212000.0
@PTLRadioShow,streams,F7,-0.05688219954619277,0.0275192648271544,0.03873456776483444,189,0.3890280370346594,0.28210794351572477,5,left,Pushing the Limits,False,212000.0
@PTLRadioShow,streams,F8,0.007211091809613102,0.03768155633105524,0.8482362965543457,189,0.3890280370346594,0.28210794351572477,5,left,Pushing the Limits,False,212000.0
@PTLRadioShow,streams,F9,0.06432659950185549,0.04374705093502206,0.14144766133706357,189,0.3890280370346594,0.28210794351572477,5,left,Pushing the Limits,False,212000.0
@PTLRadioShow,streams,F10,0.0068312045018470435,0.020802783736504366,0.7426248580558821,189,0.3890280370346594,0.28210794351572477,5,left,Pushing the Limits,False,212000.0
@PTLRadioShow,streams,F11,-0.005467629624974268,0.04649964408465902,0.9063970194358624,189,0.3890280370346594,0.28210794351572477,5,left,Pushing the Limits,False,212000.0
@PTLRadioShow,streams,F12,-0.028928011876034332,0.028158369968450336,0.3042638693143396,189,0.3890280370346594,0.28210794351572477,5,left,Pushing the Limits,False,212000.0
@PTLRadioShow,streams,curiosity_gap,0.02440633453269489,4.655332188503922,0.9958169798598555,189,0.3890280370346594,0.28210794351572477,5,left,Pushing the Limits,False,212000.0
@PTLRadioShow,streams,outrage,0.036567078198817604,0.04088889162821454,0.3711595369282594,189,0.3890280370346594,0.28210794351572477,5,left,Pushing the Limits,False,212000.0
@PTLRadioShow,streams,n_tokens,0.04895917042688103,0.03794039378267097,0.1969037057213916,189,0.3890280370346594,0.28210794351572477,5,left,Pushing the Limits,False,212000.0
@PTLRadioShow,videos,F1,0.0311976783686109,0.0360842578154244,0.38727010315877874,1580,0.2311176193723511,0.18354722326088924,68,left,Pushing the Limits,False,212000.0
@PTLRadioShow,videos,F2,0.10960075906623952,0.032710482598914424,0.0008062764478759018,1580,0.2311176193723511,0.18354722326088924,68,left,Pushing the Limits,False,212000.0
@PTLRadioShow,videos,F3,0.03286357845797365,0.03173889181472765,0.30046552780865576,1580,0.2311176193723511,0.18354722326088924,68,left,Pushing the Limits,False,212000.0
@PTLRadioShow,videos,F4,0.002414604716423352,0.031818398649474194,0.9395089520709471,1580,0.2311176193723511,0.18354722326088924,68,left,Pushing the Limits,False,212000.0
@PTLRadioShow,videos,F5,-0.04376766647772298,0.03148607703322093,0.1645094024816639,1580,0.2311176193723511,0.18354722326088924,68,left,Pushing the Limits,False,212000.0
@PTLRadioShow,videos,F6,0.03435911018312486,0.03630764375779155,0.343978924900874,1580,0.2311176193723511,0.18354722326088924,68,left,Pushing the Limits,False,212000.0
@PTLRadioShow,videos,F7,-0.03000070851299698,0.033849805820474824,0.3754618474582939,1580,0.2311176193723511,0.18354722326088924,68,left,Pushing the Limits,False,212000.0
@PTLRadioShow,videos,F8,0.07524643260633278,0.030990247280702245,0.015179490332917668,1580,0.2311176193723511,0.18354722326088924,68,left,Pushing the Limits,False,212000.0
@PTLRadioShow,videos,F9,-0.01603789512151578,0.03246346835085992,0.6212856919944711,1580,0.2311176193723511,0.18354722326088924,68,left,Pushing the Limits,False,212000.0
@PTLRadioShow,videos,F10,-0.00571772116891997,0.032562871300450026,0.8606158999534561,1580,0.2311176193723511,0.18354722326088924,68,left,Pushing the Limits,False,212000.0
@PTLRadioShow,videos,F11,-0.03157169145372202,0.039651247340601214,0.42589574323735824,1580,0.2311176193723511,0.18354722326088924,68,left,Pushing the Limits,False,212000.0
@PTLRadioShow,videos,F12,-0.07939423519286866,0.03520832812573228,0.024134299929070777,1580,0.2311176193723511,0.18354722326088924,68,left,Pushing the Limits,False,212000.0
@PTLRadioShow,videos,curiosity_gap,0.030519974715555582,0.030581893439627188,0.3182913291446362,1580,0.2311176193723511,0.18354722326088924,68,left,Pushing the Limits,False,212000.0
@PTLRadioShow,videos,outrage,0.057258967458225424,0.034593698554447556,0.09788699739939875,1580,0.2311176193723511,0.18354722326088924,68,left,Pushing the Limits,False,212000.0
@PTLRadioShow,videos,humor,-0.028883498549076028,0.0303437167806199,0.34115915717494505,1580,0.2311176193723511,0.18354722326088924,68,left,Pushing the Limits,False,212000.0
@PTLRadioShow,videos,n_tokens,0.01006622009014671,0.03844054240700882,0.7934257758520706,1580,0.2311176193723511,0.18354722326088924,68,left,Pushing the Limits,False,212000.0
@PhillipScottPodcast,streams,F1,0.0007148825776364109,0.09033592251926519,0.9936859246893451,147,0.31329018873985326,0.14308006458135536,6,right,Phillip Scott,False,202000.0
@PhillipScottPodcast,streams,F2,-0.01749923700582734,0.05693103313174282,0.7585571434310987,147,0.31329018873985326,0.14308006458135536,6,right,Phillip Scott,False,202000.0
@PhillipScottPodcast,streams,F3,-0.022341982731319543,0.06926925434376642,0.7470449800669744,147,0.31329018873985326,0.14308006458135536,6,right,Phillip Scott,False,202000.0
@PhillipScottPodcast,streams,F4,-0.05342402744342245,0.07226198612062931,0.45971862312154144,147,0.31329018873985326,0.14308006458135536,6,right,Phillip Scott,False,202000.0
@PhillipScottPodcast,streams,F5,0.06647173725523181,0.05880102777761428,0.25828582912221,147,0.31329018873985326,0.14308006458135536,6,right,Phillip Scott,False,202000.0
@PhillipScottPodcast,streams,F6,0.05094959061976084,0.05955733405887863,0.39229028045289804,147,0.31329018873985326,0.14308006458135536,6,right,Phillip Scott,False,202000.0
@PhillipScottPodcast,streams,F7,-0.026155412947713674,0.078566471750125,0.7392036730811751,147,0.31329018873985326,0.14308006458135536,6,right,Phillip Scott,False,202000.0
@PhillipScottPodcast,streams,F8,-0.07045175006814061,0.06800209004325494,0.30019127027265446,147,0.31329018873985326,0.14308006458135536,6,right,Phillip Scott,False,202000.0
@PhillipScottPodcast,streams,F9,0.05450553201649788,0.06914193936643048,0.43051328707576264,147,0.31329018873985326,0.14308006458135536,6,right,Phillip Scott,False,202000.0
@PhillipScottPodcast,streams,F10,0.02960910762700908,0.0544011711710522,0.586253383719727,147,0.31329018873985326,0.14308006458135536,6,right,Phillip Scott,False,202000.0
@PhillipScottPodcast,streams,F11,0.07222061171295435,0.10498719776936759,0.4915162462623571,147,0.31329018873985326,0.14308006458135536,6,right,Phillip Scott,False,202000.0
@PhillipScottPodcast,streams,F12,0.12004465355098687,0.08168930562834473,0.1416898598229971,147,0.31329018873985326,0.14308006458135536,6,right,Phillip Scott,False,202000.0
@PhillipScottPodcast,streams,curiosity_gap,0.12683231582524168,0.05004642944142039,0.01126744753679281,147,0.31329018873985326,0.14308006458135536,6,right,Phillip Scott,False,202000.0
@PhillipScottPodcast,streams,outrage,0.029408287219044732,0.0632854778536267,0.6421516766316716,147,0.31329018873985326,0.14308006458135536,6,right,Phillip Scott,False,202000.0
@PhillipScottPodcast,streams,n_tokens,-0.013901791608061542,0.06016981927662981,0.817281705625779,147,0.31329018873985326,0.14308006458135536,6,right,Phillip Scott,False,202000.0
@PiersMorganUncensored,videos,F1,0.017824779098365884,0.07426522449351058,0.8103185107799551,173,0.336964259866146,0.19688628659843033,7,neutral,Piers Morgan,False,4460000.0
@PiersMorganUncensored,videos,F2,-0.005278215047352708,0.05624417496609962,0.9252325607150671,173,0.336964259866146,0.19688628659843033,7,neutral,Piers Morgan,False,4460000.0
@PiersMorganUncensored,videos,F3,0.0425506538404119,0.048810601336985324,0.3833446412983097,173,0.336964259866146,0.19688628659843033,7,neutral,Piers Morgan,False,4460000.0
@PiersMorganUncensored,videos,F4,-0.0504186476792893,0.050666304559971044,0.31968179478530867,173,0.336964259866146,0.19688628659843033,7,neutral,Piers Morgan,False,4460000.0
@PiersMorganUncensored,videos,F5,0.018825881952576673,0.05438956021761118,0.729244694200273,173,0.336964259866146,0.19688628659843033,7,neutral,Piers Morgan,False,4460000.0
@PiersMorganUncensored,videos,F6,0.029176610594443875,0.05421150855819173,0.5904392768942421,173,0.336964259866146,0.19688628659843033,7,neutral,Piers Morgan,False,4460000.0
@PiersMorganUncensored,videos,F7,-0.02613966358899522,0.05627345311291716,0.6422813543821371,173,0.336964259866146,0.19688628659843033,7,neutral,Piers Morgan,False,4460000.0
@PiersMorganUncensored,videos,F8,0.044921459390651286,0.04566699762616849,0.3252755995652641,173,0.336964259866146,0.19688628659843033,7,neutral,Piers Morgan,False,4460000.0
@PiersMorganUncensored,videos,F9,0.004431405957895318,0.04822546911483333,0.9267859704705997,173,0.336964259866146,0.19688628659843033,7,neutral,Piers Morgan,False,4460000.0
@PiersMorganUncensored,videos,F10,-0.07243994509186658,0.05400473089593673,0.1798026409717005,173,0.336964259866146,0.19688628659843033,7,neutral,Piers Morgan,False,4460000.0
@PiersMorganUncensored,videos,F11,0.005156653244462905,0.07790848539213233,0.94722767614467,173,0.336964259866146,0.19688628659843033,7,neutral,Piers Morgan,False,4460000.0
@PiersMorganUncensored,videos,F12,0.031815550721781216,0.0553684596143397,0.5655516648049878,173,0.336964259866146,0.19688628659843033,7,neutral,Piers Morgan,False,4460000.0
@PiersMorganUncensored,videos,curiosity_gap,-0.004660266951186001,0.12249370274425392,0.9696518420255839,173,0.336964259866146,0.19688628659843033,7,neutral,Piers Morgan,False,4460000.0
@PiersMorganUncensored,videos,outrage,0.07165888450497915,0.05030955686132488,0.15434249354458557,173,0.336964259866146,0.19688628659843033,7,neutral,Piers Morgan,False,4460000.0
@PiersMorganUncensored,videos,n_tokens,-0.025055146090595753,0.051285972268109915,0.6251688196567634,173,0.336964259866146,0.19688628659843033,7,neutral,Piers Morgan,False,4460000.0
@Politicon,videos,F1,0.056061162257006636,0.10152519581933712,0.5808184253337637,480,0.3950322156812036,0.3213593239140434,28,left,Politicon,False,485000.0
@Politicon,videos,F2,0.18695526807166635,0.10361577479488628,0.071182285315623,480,0.3950322156812036,0.3213593239140434,28,left,Politicon,False,485000.0
@Politicon,videos,F3,-0.22824765593693297,0.086478493288806,0.008306334678864697,480,0.3950322156812036,0.3213593239140434,28,left,Politicon,False,485000.0
@Politicon,videos,F4,-0.2855926007878745,0.08271307757283987,0.0005547781363644101,480,0.3950322156812036,0.3213593239140434,28,left,Politicon,False,485000.0
@Politicon,videos,F5,0.00459700422480791,0.09356744459180519,0.9608153919039676,480,0.3950322156812036,0.3213593239140434,28,left,Politicon,False,485000.0
@Politicon,videos,F6,0.1507758204064771,0.09705258919366491,0.12029235836833889,480,0.3950322156812036,0.3213593239140434,28,left,Politicon,False,485000.0
@Politicon,videos,F7,-0.11260647697978744,0.09617128335273711,0.24164097613727897,480,0.3950322156812036,0.3213593239140434,28,left,Politicon,False,485000.0
@Politicon,videos,F8,-0.3278263277747122,0.0731818441814071,7.47785555719212e-06,480,0.3950322156812036,0.3213593239140434,28,left,Politicon,False,485000.0
@Politicon,videos,F9,0.08840566977457716,0.08856662759759107,0.31819080493656504,480,0.3950322156812036,0.3213593239140434,28,left,Politicon,False,485000.0
@Politicon,videos,F10,-0.025485425834008785,0.08428572111036106,0.7623704525737722,480,0.3950322156812036,0.3213593239140434,28,left,Politicon,False,485000.0
@Politicon,videos,F11,-0.3131641289716861,0.1201598026983746,0.009154486348736146,480,0.3950322156812036,0.3213593239140434,28,left,Politicon,False,485000.0
@Politicon,videos,F12,-0.44024010156306825,0.10635709296696964,3.48421596595122e-05,480,0.3950322156812036,0.3213593239140434,28,left,Politicon,False,485000.0
@Politicon,videos,curiosity_gap,-0.18787552351274273,0.10486064897666261,0.07318608041642008,480,0.3950322156812036,0.3213593239140434,28,left,Politicon,False,485000.0
@Politicon,videos,outrage,0.24541156254246177,0.09875561564590768,0.012953721958946965,480,0.3950322156812036,0.3213593239140434,28,left,Politicon,False,485000.0
@Politicon,videos,humor,-0.08476580651381188,0.08709879273492717,0.330446714326602,480,0.3950322156812036,0.3213593239140434,28,left,Politicon,False,485000.0
@Politicon,videos,n_tokens,0.31002829113989583,0.16209589838148408,0.05579637440017683,480,0.3950322156812036,0.3213593239140434,28,left,Politicon,False,485000.0
@PoliticsGirl,videos,F1,-0.22449677381262317,0.14835578709454547,0.13022065399183427,110,0.4000064973012617,0.22143700245044673,2,left,PoliticsGirl,False,505000.0
@PoliticsGirl,videos,F2,0.14625310162769217,0.14241680206627017,0.3044500703066203,110,0.4000064973012617,0.22143700245044673,2,left,PoliticsGirl,False,505000.0
@PoliticsGirl,videos,F3,-0.2862855959683277,0.1714316683739494,0.09492546925270764,110,0.4000064973012617,0.22143700245044673,2,left,PoliticsGirl,False,505000.0
@PoliticsGirl,videos,F4,-0.15890618647085536,0.11056688637569742,0.15066256710384937,110,0.4000064973012617,0.22143700245044673,2,left,PoliticsGirl,False,505000.0
@PoliticsGirl,videos,F5,0.0018753707169203992,0.12035395340416423,0.9875677636790599,110,0.4000064973012617,0.22143700245044673,2,left,PoliticsGirl,False,505000.0
@PoliticsGirl,videos,F6,0.12819727341307496,0.12510204669452848,0.305485121424905,110,0.4000064973012617,0.22143700245044673,2,left,PoliticsGirl,False,505000.0
@PoliticsGirl,videos,F7,-0.28048335757157405,0.18750610971683215,0.13468949091989782,110,0.4000064973012617,0.22143700245044673,2,left,PoliticsGirl,False,505000.0
@PoliticsGirl,videos,F8,-0.024307712580543983,0.11328886019264275,0.8301072531424595,110,0.4000064973012617,0.22143700245044673,2,left,PoliticsGirl,False,505000.0
@PoliticsGirl,videos,F9,0.33936555261420576,0.13986849069951915,0.01525286377668763,110,0.4000064973012617,0.22143700245044673,2,left,PoliticsGirl,False,505000.0
@PoliticsGirl,videos,F10,-0.2418440881267676,0.10095327164753695,0.016592994235288434,110,0.4000064973012617,0.22143700245044673,2,left,PoliticsGirl,False,505000.0
@PoliticsGirl,videos,F11,-0.0019497698196428992,0.20069047177235996,0.9922484273920626,110,0.4000064973012617,0.22143700245044673,2,left,PoliticsGirl,False,505000.0
@PoliticsGirl,videos,F12,-0.30775454602803404,0.1473331383523099,0.03672262140465804,110,0.4000064973012617,0.22143700245044673,2,left,PoliticsGirl,False,505000.0
@PoliticsGirl,videos,curiosity_gap,0.1701242767126318,0.14485932368529406,0.2402307356483233,110,0.4000064973012617,0.22143700245044673,2,left,PoliticsGirl,False,505000.0
@PoliticsGirl,videos,outrage,0.012050619573205745,0.136180285879209,0.9294870798226668,110,0.4000064973012617,0.22143700245044673,2,left,PoliticsGirl,False,505000.0
@PoliticsGirl,videos,n_tokens,0.058987410848549304,0.22698043645352153,0.7949572395707358,110,0.4000064973012617,0.22143700245044673,2,left,PoliticsGirl,False,505000.0
@PoliticsJOE,videos,F1,-0.05271683599949445,0.10764799982986506,0.6243356138227787,325,0.15798553321997977,0.0592665957354257,11,left,PoliticsJOE,False,772000.0
@PoliticsJOE,videos,F2,-0.038286727841160356,0.0772982936542565,0.6203803086865112,325,0.15798553321997977,0.0592665957354257,11,left,PoliticsJOE,False,772000.0
@PoliticsJOE,videos,F3,0.10800094923780182,0.0826251788941024,0.19117226637017248,325,0.15798553321997977,0.0592665957354257,11,left,PoliticsJOE,False,772000.0
@PoliticsJOE,videos,F4,0.008978554253316506,0.08896801948525604,0.9196148433168383,325,0.15798553321997977,0.0592665957354257,11,left,PoliticsJOE,False,772000.0
@PoliticsJOE,videos,F5,-0.019659816694655247,0.0804584135448169,0.8069616552061638,325,0.15798553321997977,0.0592665957354257,11,left,PoliticsJOE,False,772000.0
@PoliticsJOE,videos,F6,0.10293993384188083,0.06963427140470267,0.13932907133119463,325,0.15798553321997977,0.0592665957354257,11,left,PoliticsJOE,False,772000.0
@PoliticsJOE,videos,F7,-0.07635890492019295,0.07960564624338884,0.33745060384914527,325,0.15798553321997977,0.0592665957354257,11,left,PoliticsJOE,False,772000.0
@PoliticsJOE,videos,F8,0.017966845057187084,0.09504906177777953,0.850071605370925,325,0.15798553321997977,0.0592665957354257,11,left,PoliticsJOE,False,772000.0
@PoliticsJOE,videos,F9,0.007407424453920633,0.09365422150802563,0.9369583870311804,325,0.15798553321997977,0.0592665957354257,11,left,PoliticsJOE,False,772000.0
@PoliticsJOE,videos,F10,-0.0068339448455070895,0.0727227588420414,0.925130942987094,325,0.15798553321997977,0.0592665957354257,11,left,PoliticsJOE,False,772000.0
@PoliticsJOE,videos,F11,0.19362939910356144,0.10968726489322583,0.07751570202098192,325,0.15798553321997977,0.0592665957354257,11,left,PoliticsJOE,False,772000.0
@PoliticsJOE,videos,F12,-0.11273841633252657,0.08997756686679452,0.21021976205619608,325,0.15798553321997977,0.0592665957354257,11,left,PoliticsJOE,False,772000.0
@PoliticsJOE,videos,curiosity_gap,0.08149905527112383,0.05404801774105044,0.13157988908135343,325,0.15798553321997977,0.0592665957354257,11,left,PoliticsJOE,False,772000.0
@PoliticsJOE,videos,outrage,0.10511468089025297,0.0762453374818135,0.16800655069484804,325,0.15798553321997977,0.0592665957354257,11,left,PoliticsJOE,False,772000.0
@PoliticsJOE,videos,n_tokens,-0.17301162523556107,0.08719782035994857,0.04724158736380343,325,0.15798553321997977,0.0592665957354257,11,left,PoliticsJOE,False,772000.0
@PragerU,videos,F1,0.21120902529314534,0.13659261393617364,0.12203943742637284,371,0.2771191185176909,0.18703365912323888,18,right,PragerU,False,3470000.0
@PragerU,videos,F2,0.19787398466433984,0.10478821089031247,0.058982606664287854,371,0.2771191185176909,0.18703365912323888,18,right,PragerU,False,3470000.0
@PragerU,videos,F3,-0.003203828345018145,0.13070352000336707,0.9804440675693437,371,0.2771191185176909,0.18703365912323888,18,right,PragerU,False,3470000.0
@PragerU,videos,F4,0.13983790702994892,0.11382473761227403,0.21924543105221894,371,0.2771191185176909,0.18703365912323888,18,right,PragerU,False,3470000.0
@PragerU,videos,F5,0.043549914517555965,0.11947013605663787,0.7154656140290847,371,0.2771191185176909,0.18703365912323888,18,right,PragerU,False,3470000.0
@PragerU,videos,F6,-0.04216583437540111,0.10801288193286168,0.6962571796822548,371,0.2771191185176909,0.18703365912323888,18,right,PragerU,False,3470000.0
@PragerU,videos,F7,0.4594113287126962,0.12060794864359406,0.00013945674977580393,371,0.2771191185176909,0.18703365912323888,18,right,PragerU,False,3470000.0
@PragerU,videos,F8,0.3895322211472598,0.1384756289186389,0.004908134583431156,371,0.2771191185176909,0.18703365912323888,18,right,PragerU,False,3470000.0
@PragerU,videos,F9,0.021059628819765364,0.1203518323769021,0.8610923116405231,371,0.2771191185176909,0.18703365912323888,18,right,PragerU,False,3470000.0
@PragerU,videos,F10,-0.19525163881409147,0.10706054097925831,0.0681899082428481,371,0.2771191185176909,0.18703365912323888,18,right,PragerU,False,3470000.0
@PragerU,videos,F11,-0.09412599931065524,0.16835909073661431,0.5761079388523138,371,0.2771191185176909,0.18703365912323888,18,right,PragerU,False,3470000.0
@PragerU,videos,F12,0.13328102322111618,0.10928043489964612,0.22260750621158998,371,0.2771191185176909,0.18703365912323888,18,right,PragerU,False,3470000.0
@PragerU,videos,curiosity_gap,-0.06971628887635681,0.1465864321305317,0.6343604362881463,371,0.2771191185176909,0.18703365912323888,18,right,PragerU,False,3470000.0
@PragerU,videos,outrage,-0.03314433933066202,0.10768799102609125,0.7582488262546895,371,0.2771191185176909,0.18703365912323888,18,right,PragerU,False,3470000.0
@PragerU,videos,n_tokens,0.05214300680230061,0.12872731608063315,0.6854292958081086,371,0.2771191185176909,0.18703365912323888,18,right,PragerU,False,3470000.0
@RSBN,streams,F1,0.06454706954515155,0.09587880804110727,0.5008104016475574,315,0.604998099929982,0.5522361132780302,14,right,RSBN,False,2080000.0
@RSBN,streams,F2,0.11558389763108623,0.07502679249006135,0.12342188974224014,315,0.604998099929982,0.5522361132780302,14,right,RSBN,False,2080000.0
@RSBN,streams,F3,0.17241794391328347,0.12009721640453185,0.15110107010371407,315,0.604998099929982,0.5522361132780302,14,right,RSBN,False,2080000.0
@RSBN,streams,F4,-0.0902041158693776,0.08734430994894674,0.30172476794209313,315,0.604998099929982,0.5522361132780302,14,right,RSBN,False,2080000.0
@RSBN,streams,F5,0.2209726097535238,0.11616358567929297,0.057137996498622806,315,0.604998099929982,0.5522361132780302,14,right,RSBN,False,2080000.0
@RSBN,streams,F6,0.19573439676963494,0.0814534714517358,0.016260256721472677,315,0.604998099929982,0.5522361132780302,14,right,RSBN,False,2080000.0
@RSBN,streams,F7,0.01992959810711406,0.06817454988378795,0.7700328438311839,315,0.604998099929982,0.5522361132780302,14,right,RSBN,False,2080000.0
@RSBN,streams,F8,0.1625482179429555,0.09507401015457444,0.08732100706828735,315,0.604998099929982,0.5522361132780302,14,right,RSBN,False,2080000.0
@RSBN,streams,F9,-0.08522569999181867,0.08387941306117522,0.30960545031752296,315,0.604998099929982,0.5522361132780302,14,right,RSBN,False,2080000.0
@RSBN,streams,F10,0.08730903208666735,0.07508801908612177,0.24492858203321743,315,0.604998099929982,0.5522361132780302,14,right,RSBN,False,2080000.0
@RSBN,streams,F11,0.004711387803931322,0.1217132887712012,0.9691224757194882,315,0.604998099929982,0.5522361132780302,14,right,RSBN,False,2080000.0
@RSBN,streams,F12,0.04896844348450147,0.0977705174704987,0.6164761191016407,315,0.604998099929982,0.5522361132780302,14,right,RSBN,False,2080000.0
@RSBN,streams,curiosity_gap,0.1341807014027349,0.06472405570832075,0.038161160531708704,315,0.604998099929982,0.5522361132780302,14,right,RSBN,False,2080000.0
@RSBN,streams,outrage,0.02692298298746118,0.08938942346413338,0.7632714698511651,315,0.604998099929982,0.5522361132780302,14,right,RSBN,False,2080000.0
@RSBN,streams,n_tokens,-0.02019223373089951,0.09510859462474695,0.8318674253492291,315,0.604998099929982,0.5522361132780302,14,right,RSBN,False,2080000.0
@RSBN,videos,F1,-0.24299123779011533,0.07685437411013772,0.0015684571755069769,1553,0.37588623384247366,0.3374660977589049,67,right,RSBN,False,2080000.0
@RSBN,videos,F2,-0.22456013351925633,0.057792399248432595,0.00010206301612100061,1553,0.37588623384247366,0.3374660977589049,67,right,RSBN,False,2080000.0
@RSBN,videos,F3,-0.14228974251341833,0.07835690246496567,0.06938288728085869,1553,0.37588623384247366,0.3374660977589049,67,right,RSBN,False,2080000.0
@RSBN,videos,F4,-0.147611827518094,0.058668270972407795,0.011868107518032984,1553,0.37588623384247366,0.3374660977589049,67,right,RSBN,False,2080000.0
@RSBN,videos,F5,0.15221938003710797,0.05095889949827465,0.002816366536375642,1553,0.37588623384247366,0.3374660977589049,67,right,RSBN,False,2080000.0
@RSBN,videos,F6,0.06005796396421767,0.051539655042695295,0.24390696958088565,1553,0.37588623384247366,0.3374660977589049,67,right,RSBN,False,2080000.0
@RSBN,videos,F7,0.15198154698937927,0.054959576874601034,0.005686466453846875,1553,0.37588623384247366,0.3374660977589049,67,right,RSBN,False,2080000.0
@RSBN,videos,F8,0.1463307812525307,0.0518478236391704,0.004767863415194313,1553,0.37588623384247366,0.3374660977589049,67,right,RSBN,False,2080000.0
@RSBN,videos,F9,0.0588847428522475,0.05254435080905877,0.26242944871450724,1553,0.37588623384247366,0.3374660977589049,67,right,RSBN,False,2080000.0
@RSBN,videos,F10,0.21113055380118984,0.04905354391133416,1.6767834351631903e-05,1553,0.37588623384247366,0.3374660977589049,67,right,RSBN,False,2080000.0
@RSBN,videos,F11,0.1725651357683215,0.08453393603036921,0.04121395268176398,1553,0.37588623384247366,0.3374660977589049,67,right,RSBN,False,2080000.0
@RSBN,videos,F12,0.09568102036222018,0.05510900670269433,0.08252603031552344,1553,0.37588623384247366,0.3374660977589049,67,right,RSBN,False,2080000.0
@RSBN,videos,curiosity_gap,0.05085091795461451,0.04034515490510407,0.20752613198954384,1553,0.37588623384247366,0.3374660977589049,67,right,RSBN,False,2080000.0
@RSBN,videos,outrage,0.037544024263424444,0.049036580091782855,0.44389469912928503,1553,0.37588623384247366,0.3374660977589049,67,right,RSBN,False,2080000.0
@RSBN,videos,n_tokens,0.025615127772244894,0.056784729236390205,0.6519233614173958,1553,0.37588623384247366,0.3374660977589049,67,right,RSBN,False,2080000.0
@RealAmericasVoice,streams,F1,0.009670601701005921,0.033556382532875115,0.7732015809254762,1535,0.31894630695442583,0.26992567076735796,80,right,Real America's Voice,False,323000.0
@RealAmericasVoice,streams,F2,0.015920261468831784,0.023508448528407066,0.4982698893124785,1535,0.31894630695442583,0.26992567076735796,80,right,Real America's Voice,False,323000.0
@RealAmericasVoice,streams,F3,-0.06658316628204043,0.02683715491477938,0.013101184024151469,1535,0.31894630695442583,0.26992567076735796,80,right,Real America's Voice,False,323000.0
@RealAmericasVoice,streams,F4,0.019433788293595267,0.023374007411863577,0.4057322718999018,1535,0.31894630695442583,0.26992567076735796,80,right,Real America's Voice,False,323000.0
@RealAmericasVoice,streams,F5,0.06488552049221664,0.02275500812210361,0.004351580306127845,1535,0.31894630695442583,0.26992567076735796,80,right,Real America's Voice,False,323000.0
@RealAmericasVoice,streams,F6,-0.08722247382012559,0.027441531466563245,0.0014804729363054059,1535,0.31894630695442583,0.26992567076735796,80,right,Real America's Voice,False,323000.0
@RealAmericasVoice,streams,F7,-0.08622907930416442,0.023587691734440065,0.0002565000368538098,1535,0.31894630695442583,0.26992567076735796,80,right,Real America's Voice,False,323000.0
@RealAmericasVoice,streams,F8,0.04269760583176821,0.025120862147074752,0.08918979334297507,1535,0.31894630695442583,0.26992567076735796,80,right,Real America's Voice,False,323000.0
@RealAmericasVoice,streams,F9,-0.09409706789612989,0.027677238470504618,0.00067435225097751,1535,0.31894630695442583,0.26992567076735796,80,right,Real America's Voice,False,323000.0
@RealAmericasVoice,streams,F10,-0.009106321008294532,0.023118333991363177,0.693654574983727,1535,0.31894630695442583,0.26992567076735796,80,right,Real America's Voice,False,323000.0
@RealAmericasVoice,streams,F11,-0.06673069779949849,0.03421866845910167,0.051161163085068614,1535,0.31894630695442583,0.26992567076735796,80,right,Real America's Voice,False,323000.0
@RealAmericasVoice,streams,F12,-0.004455141227253878,0.024316932317956768,0.8546320848882392,1535,0.31894630695442583,0.26992567076735796,80,right,Real America's Voice,False,323000.0
@RealAmericasVoice,streams,curiosity_gap,0.004634043897020379,0.020038031760744188,0.8171109328873157,1535,0.31894630695442583,0.26992567076735796,80,right,Real America's Voice,False,323000.0
@RealAmericasVoice,streams,outrage,0.04958623066790081,0.02604836586511855,0.05695948981501254,1535,0.31894630695442583,0.26992567076735796,80,right,Real America's Voice,False,323000.0
@RealAmericasVoice,streams,n_tokens,0.1698310457829006,0.03408472018187238,6.273061214194729e-07,1535,0.31894630695442583,0.26992567076735796,80,right,Real America's Voice,False,323000.0
@RealAmericasVoice,videos,F1,-0.011986126977246273,0.03403184387470871,0.7246858185921593,2339,0.3358415850590365,0.2922505131577152,120,right,Real America's Voice,False,323000.0
@RealAmericasVoice,videos,F2,0.05250727427388948,0.0284324464370218,0.0647851469329497,2339,0.3358415850590365,0.2922505131577152,120,right,Real America's Voice,False,323000.0
@RealAmericasVoice,videos,F3,0.051851265577814665,0.029779807797899224,0.0816563872470977,2339,0.3358415850590365,0.2922505131577152,120,right,Real America's Voice,False,323000.0
@RealAmericasVoice,videos,F4,-0.016884273479959373,0.03142682845524609,0.5910903251586476,2339,0.3358415850590365,0.2922505131577152,120,right,Real America's Voice,False,323000.0
@RealAmericasVoice,videos,F5,-0.09243963799755053,0.022639477834626005,4.44356266070668e-05,2339,0.3358415850590365,0.2922505131577152,120,right,Real America's Voice,False,323000.0
@RealAmericasVoice,videos,F6,0.09024913806551604,0.03186767515104667,0.004625838417604184,2339,0.3358415850590365,0.2922505131577152,120,right,Real America's Voice,False,323000.0
@RealAmericasVoice,videos,F7,-0.07281763692891649,0.03281126427339024,0.026467154337400316,2339,0.3358415850590365,0.2922505131577152,120,right,Real America's Voice,False,323000.0
@RealAmericasVoice,videos,F8,0.05218725284990855,0.031672209297482545,0.0994080668018764,2339,0.3358415850590365,0.2922505131577152,120,right,Real America's Voice,False,323000.0
@RealAmericasVoice,videos,F9,0.010849461019591791,0.0357182270843883,0.7613173052760124,2339,0.3358415850590365,0.2922505131577152,120,right,Real America's Voice,False,323000.0
@RealAmericasVoice,videos,F10,0.00243959603726843,0.03082058391431322,0.9369095249696172,2339,0.3358415850590365,0.2922505131577152,120,right,Real America's Voice,False,323000.0
@RealAmericasVoice,videos,F11,-0.007792818321389672,0.040152984955911165,0.8461146650657286,2339,0.3358415850590365,0.2922505131577152,120,right,Real America's Voice,False,323000.0
@RealAmericasVoice,videos,F12,-0.10457625969470002,0.033155694920112576,0.0016099586717902065,2339,0.3358415850590365,0.2922505131577152,120,right,Real America's Voice,False,323000.0
@RealAmericasVoice,videos,curiosity_gap,0.013365032418753899,0.02540622107783937,0.598851011042214,2339,0.3358415850590365,0.2922505131577152,120,right,Real America's Voice,False,323000.0
@RealAmericasVoice,videos,outrage,0.13536031737481788,0.029844498876438544,5.746177041823572e-06,2339,0.3358415850590365,0.2922505131577152,120,right,Real America's Voice,False,323000.0
@RealAmericasVoice,videos,humor,0.029723394416728825,0.9373624121827023,0.9747036328586332,2339,0.3358415850590365,0.2922505131577152,120,right,Real America's Voice,False,323000.0
@RealAmericasVoice,videos,n_tokens,-0.03824917197980544,0.04633746574352181,0.409117249706463,2339,0.3358415850590365,0.2922505131577152,120,right,Real America's Voice,False,323000.0
@RealDanBongino,videos,F1,-0.014322120798738652,0.08200219665718561,0.8613504688781691,266,0.4033202533679069,0.3213728203540571,8,right,Dan Bongino,False,1010000.0
@RealDanBongino,videos,F2,-0.040158384909156186,0.09309500892139798,0.6661994307010733,266,0.4033202533679069,0.3213728203540571,8,right,Dan Bongino,False,1010000.0
@RealDanBongino,videos,F3,-0.1569361924038452,0.06460710005226226,0.01513694769005094,266,0.4033202533679069,0.3213728203540571,8,right,Dan Bongino,False,1010000.0
@RealDanBongino,videos,F4,0.04010910612552135,0.06967535440670375,0.5648470391806225,266,0.4033202533679069,0.3213728203540571,8,right,Dan Bongino,False,1010000.0
@RealDanBongino,videos,F5,-0.045241772822229825,0.057330379189260115,0.4300293965459241,266,0.4033202533679069,0.3213728203540571,8,right,Dan Bongino,False,1010000.0
@RealDanBongino,videos,F6,-0.03380324889424294,0.08743298353082998,0.6990383216751936,266,0.4033202533679069,0.3213728203540571,8,right,Dan Bongino,False,1010000.0
@RealDanBongino,videos,F7,0.0021487150377327846,0.0639941024143317,0.973214649421788,266,0.4033202533679069,0.3213728203540571,8,right,Dan Bongino,False,1010000.0
@RealDanBongino,videos,F8,-0.025775611090433193,0.10647263514266947,0.8087129675304183,266,0.4033202533679069,0.3213728203540571,8,right,Dan Bongino,False,1010000.0
@RealDanBongino,videos,F9,0.07233492063019273,0.06440232797570458,0.26136425995724377,266,0.4033202533679069,0.3213728203540571,8,right,Dan Bongino,False,1010000.0
@RealDanBongino,videos,F10,0.031210270759220532,0.08998789674812054,0.7287209702582669,266,0.4033202533679069,0.3213728203540571,8,right,Dan Bongino,False,1010000.0
@RealDanBongino,videos,F11,-0.1647302662338756,0.09132842349063447,0.07127630791744985,266,0.4033202533679069,0.3213728203540571,8,right,Dan Bongino,False,1010000.0
@RealDanBongino,videos,F12,-0.09266396673577768,0.08655041982159041,0.2843332782075091,266,0.4033202533679069,0.3213728203540571,8,right,Dan Bongino,False,1010000.0
@RealDanBongino,videos,curiosity_gap,-0.009604473851733061,0.03845855015320711,0.8027917298867819,266,0.4033202533679069,0.3213728203540571,8,right,Dan Bongino,False,1010000.0
@RealDanBongino,videos,outrage,-0.09077066948064248,0.07084297557167056,0.20009046943488662,266,0.4033202533679069,0.3213728203540571,8,right,Dan Bongino,False,1010000.0
@RealDanBongino,videos,humor,-0.04333233925470009,1.962181333539317,0.9823811419328895,266,0.4033202533679069,0.3213728203540571,8,right,Dan Bongino,False,1010000.0
@RealDanBongino,videos,n_tokens,0.24083639666951212,0.10569345039013242,0.02268899598009735,266,0.4033202533679069,0.3213728203540571,8,right,Dan Bongino,False,1010000.0
@RebelHQ,videos,F1,-0.08314575653225043,0.042666890759489186,0.05132905915698458,1190,0.20340745697014795,0.14129779359701344,62,left,TYT Network,False,1530000.0
@RebelHQ,videos,F2,0.07473547008865634,0.03729572261451428,0.04508487735647819,1190,0.20340745697014795,0.14129779359701344,62,left,TYT Network,False,1530000.0
@RebelHQ,videos,F3,0.014456275667055485,0.03648732580884566,0.6919575482876567,1190,0.20340745697014795,0.14129779359701344,62,left,TYT Network,False,1530000.0
@RebelHQ,videos,F4,0.0008884436018688213,0.03985181766204037,0.9822136916315178,1190,0.20340745697014795,0.14129779359701344,62,left,TYT Network,False,1530000.0
@RebelHQ,videos,F5,0.024833575034205812,0.046380897324308626,0.5923547682272412,1190,0.20340745697014795,0.14129779359701344,62,left,TYT Network,False,1530000.0
@RebelHQ,videos,F6,0.09312169626595651,0.04066170673933947,0.022012211479268746,1190,0.20340745697014795,0.14129779359701344,62,left,TYT Network,False,1530000.0
@RebelHQ,videos,F7,0.004171005520657092,0.04176001022596753,0.9204392961639113,1190,0.20340745697014795,0.14129779359701344,62,left,TYT Network,False,1530000.0
@RebelHQ,videos,F8,0.0005447576014501743,0.03770096552852037,0.9884714211157695,1190,0.20340745697014795,0.14129779359701344,62,left,TYT Network,False,1530000.0
@RebelHQ,videos,F9,0.02594987014396842,0.037596207740512276,0.49005224155874894,1190,0.20340745697014795,0.14129779359701344,62,left,TYT Network,False,1530000.0
@RebelHQ,videos,F10,0.057889499132989075,0.03883908048267111,0.13609383340935657,1190,0.20340745697014795,0.14129779359701344,62,left,TYT Network,False,1530000.0
@RebelHQ,videos,F11,0.011623624414190167,0.043625721934647546,0.7899005910280892,1190,0.20340745697014795,0.14129779359701344,62,left,TYT Network,False,1530000.0
@RebelHQ,videos,F12,0.024411910864841527,0.04291444597147923,0.5694574923839545,1190,0.20340745697014795,0.14129779359701344,62,left,TYT Network,False,1530000.0
@RebelHQ,videos,curiosity_gap,0.046337759347967133,0.03853878039890065,0.22922135299959412,1190,0.20340745697014795,0.14129779359701344,62,left,TYT Network,False,1530000.0
@RebelHQ,videos,outrage,0.07372816309738248,0.035901671036791885,0.04001309618175777,1190,0.20340745697014795,0.14129779359701344,62,left,TYT Network,False,1530000.0
@RebelHQ,videos,humor,0.07746123885126203,0.04702786778286015,0.0995303361078074,1190,0.20340745697014795,0.14129779359701344,62,left,TYT Network,False,1530000.0
@RebelHQ,videos,n_tokens,0.005929451929316681,0.041311896394654386,0.8858724717548239,1190,0.20340745697014795,0.14129779359701344,62,left,TYT Network,False,1530000.0
@RebelNewsOnline,streams,F1,-0.003895165831811487,0.049520476705666235,0.9373049072567704,187,0.5306828174187379,0.44399365630500165,6,right,Rebel News,False,1970000.0
@RebelNewsOnline,streams,F2,0.04122170240643136,0.037333767889957264,0.26953245936466097,187,0.5306828174187379,0.44399365630500165,6,right,Rebel News,False,1970000.0
@RebelNewsOnline,streams,F3,0.06632405844837028,0.05948000962340691,0.2648227016923207,187,0.5306828174187379,0.44399365630500165,6,right,Rebel News,False,1970000.0
@RebelNewsOnline,streams,F4,-0.0008610876966451131,0.048441921260664045,0.9858178127364359,187,0.5306828174187379,0.44399365630500165,6,right,Rebel News,False,1970000.0
@RebelNewsOnline,streams,F5,0.004342809493203592,0.03318187307639261,0.8958710481598064,187,0.5306828174187379,0.44399365630500165,6,right,Rebel News,False,1970000.0
@RebelNewsOnline,streams,F6,-0.0022707402878490157,0.04063568029577558,0.9554370414674629,187,0.5306828174187379,0.44399365630500165,6,right,Rebel News,False,1970000.0
@RebelNewsOnline,streams,F7,-0.036184572738581444,0.04235965223326228,0.3929816571065372,187,0.5306828174187379,0.44399365630500165,6,right,Rebel News,False,1970000.0
@RebelNewsOnline,streams,F8,0.08986040410094154,0.04839584168133874,0.06334253914162793,187,0.5306828174187379,0.44399365630500165,6,right,Rebel News,False,1970000.0
@RebelNewsOnline,streams,F9,3.0082205608739088e-06,0.04203086489930355,0.9999428940435865,187,0.5306828174187379,0.44399365630500165,6,right,Rebel News,False,1970000.0
@RebelNewsOnline,streams,F10,0.016084090838186016,0.03451627789068981,0.6412257586919825,187,0.5306828174187379,0.44399365630500165,6,right,Rebel News,False,1970000.0
@RebelNewsOnline,streams,F11,0.03044751777487248,0.054611997628994276,0.5771692358696434,187,0.5306828174187379,0.44399365630500165,6,right,Rebel News,False,1970000.0
@RebelNewsOnline,streams,F12,0.030178064305599772,0.0377449415182231,0.423985443144666,187,0.5306828174187379,0.44399365630500165,6,right,Rebel News,False,1970000.0
@RebelNewsOnline,streams,curiosity_gap,0.04907337324617794,0.03148312080233501,0.11906264199612102,187,0.5306828174187379,0.44399365630500165,6,right,Rebel News,False,1970000.0
@RebelNewsOnline,streams,outrage,0.09213119873350062,0.03459878751782605,0.007748315991089465,187,0.5306828174187379,0.44399365630500165,6,right,Rebel News,False,1970000.0
@RebelNewsOnline,streams,n_tokens,-0.1386473069972165,0.0471737075063222,0.0032918794136097256,187,0.5306828174187379,0.44399365630500165,6,right,Rebel News,False,1970000.0
@RebelNewsOnline,videos,F1,-0.1193775620717031,0.04259289343262905,0.005066771199141152,1066,0.2607430355671977,0.21504619429617688,38,right,Rebel News,False,1970000.0
@RebelNewsOnline,videos,F2,0.08074467534789961,0.038022804217264825,0.03370481987491853,1066,0.2607430355671977,0.21504619429617688,38,right,Rebel News,False,1970000.0
@RebelNewsOnline,videos,F3,-0.044951401196261606,0.0383985021489179,0.24173745220623455,1066,0.2607430355671977,0.21504619429617688,38,right,Rebel News,False,1970000.0
@RebelNewsOnline,videos,F4,0.049651620379192685,0.05232089808369677,0.34262947656702747,1066,0.2607430355671977,0.21504619429617688,38,right,Rebel News,False,1970000.0
@RebelNewsOnline,videos,F5,0.00918739767153745,0.03310107790786806,0.7813533307755828,1066,0.2607430355671977,0.21504619429617688,38,right,Rebel News,False,1970000.0
@RebelNewsOnline,videos,F6,0.0013032493636786907,0.03670921192306655,0.971679475028925,1066,0.2607430355671977,0.21504619429617688,38,right,Rebel News,False,1970000.0
@RebelNewsOnline,videos,F7,-0.16088452898975317,0.04574406711257031,0.0004363587165222261,1066,0.2607430355671977,0.21504619429617688,38,right,Rebel News,False,1970000.0
@RebelNewsOnline,videos,F8,0.049663197891651384,0.042808846759761925,0.2460018676739817,1066,0.2607430355671977,0.21504619429617688,38,right,Rebel News,False,1970000.0
@RebelNewsOnline,videos,F9,0.02205275187927927,0.039595809142001254,0.5775639040901648,1066,0.2607430355671977,0.21504619429617688,38,right,Rebel News,False,1970000.0
@RebelNewsOnline,videos,F10,-0.05972354098731583,0.03964694033582435,0.1319684676356865,1066,0.2607430355671977,0.21504619429617688,38,right,Rebel News,False,1970000.0
@RebelNewsOnline,videos,F11,-0.0522913302714334,0.04925878304386108,0.2884338530205707,1066,0.2607430355671977,0.21504619429617688,38,right,Rebel News,False,1970000.0
@RebelNewsOnline,videos,F12,-0.16978679579588338,0.045288337779695674,0.00017752830936596894,1066,0.2607430355671977,0.21504619429617688,38,right,Rebel News,False,1970000.0
@RebelNewsOnline,videos,curiosity_gap,0.031052043141450436,0.0355887863962425,0.38292299663754625,1066,0.2607430355671977,0.21504619429617688,38,right,Rebel News,False,1970000.0
@RebelNewsOnline,videos,outrage,0.10962503734761207,0.036472736782214646,0.0026499578406998757,1066,0.2607430355671977,0.21504619429617688,38,right,Rebel News,False,1970000.0
@RebelNewsOnline,videos,humor,0.0143184573879801,0.008856074597012951,0.10592253273725517,1066,0.2607430355671977,0.21504619429617688,38,right,Rebel News,False,1970000.0
@RebelNewsOnline,videos,n_tokens,0.006172240362087439,0.05688271509873517,0.9135925855272243,1066,0.2607430355671977,0.21504619429617688,38,right,Rebel News,False,1970000.0
@RedactedNews,streams,F1,-0.027386591804293037,0.05629726240556497,0.6266382192732347,136,0.6055844804633845,0.4880183159861241,8,right,Redacted,False,2880000.0
@RedactedNews,streams,F2,0.04857408343238956,0.04587247561951094,0.2896481143652002,136,0.6055844804633845,0.4880183159861241,8,right,Redacted,False,2880000.0
@RedactedNews,streams,F3,0.015222230808528137,0.03976804026944485,0.7018862415633439,136,0.6055844804633845,0.4880183159861241,8,right,Redacted,False,2880000.0
@RedactedNews,streams,F4,0.038547220582690944,0.042986871861589886,0.36986793787957084,136,0.6055844804633845,0.4880183159861241,8,right,Redacted,False,2880000.0
@RedactedNews,streams,F5,-0.05138096522036395,0.053293724151296816,0.33499122337507536,136,0.6055844804633845,0.4880183159861241,8,right,Redacted,False,2880000.0
@RedactedNews,streams,F6,0.10068995695406718,0.04925025271144177,0.04090855539605368,136,0.6055844804633845,0.4880183159861241,8,right,Redacted,False,2880000.0
@RedactedNews,streams,F7,0.05102032117563912,0.04443619183088818,0.25089821663002276,136,0.6055844804633845,0.4880183159861241,8,right,Redacted,False,2880000.0
@RedactedNews,streams,F8,-0.005843944861916361,0.08817990753969798,0.9471604982484385,136,0.6055844804633845,0.4880183159861241,8,right,Redacted,False,2880000.0
@RedactedNews,streams,F9,0.03781437448749825,0.036072417255368396,0.294504757560369,136,0.6055844804633845,0.4880183159861241,8,right,Redacted,False,2880000.0
@RedactedNews,streams,F10,-0.03259514730435942,0.03549357944597199,0.35844128201878944,136,0.6055844804633845,0.4880183159861241,8,right,Redacted,False,2880000.0
@RedactedNews,streams,F11,0.06624288804820244,0.05326795088269927,0.21365466682479706,136,0.6055844804633845,0.4880183159861241,8,right,Redacted,False,2880000.0
@RedactedNews,streams,F12,0.05642492945115546,0.04683189438743877,0.22826515884859022,136,0.6055844804633845,0.4880183159861241,8,right,Redacted,False,2880000.0
@RedactedNews,streams,curiosity_gap,-0.02488370688942637,0.023103514264087906,0.28145663616343,136,0.6055844804633845,0.4880183159861241,8,right,Redacted,False,2880000.0
@RedactedNews,streams,outrage,0.0634456060277292,0.049925201205426775,0.20379510219440067,136,0.6055844804633845,0.4880183159861241,8,right,Redacted,False,2880000.0
@RedactedNews,streams,n_tokens,-0.05743538422787797,0.04385837382091147,0.19034308988394544,136,0.6055844804633845,0.4880183159861241,8,right,Redacted,False,2880000.0
@RedactedNews,videos,F1,0.01771191461942284,0.04768028718454447,0.710285648278131,424,0.25745384552818595,0.16016838678722634,26,right,Redacted,False,2880000.0
@RedactedNews,videos,F2,0.06238771427303785,0.042702959605324164,0.14402385851478744,424,0.25745384552818595,0.16016838678722634,26,right,Redacted,False,2880000.0
@RedactedNews,videos,F3,0.029404061464813558,0.040847060647237886,0.4716127602063571,424,0.25745384552818595,0.16016838678722634,26,right,Redacted,False,2880000.0
@RedactedNews,videos,F4,0.07829813040472122,0.04325992603222801,0.07030416051384968,424,0.25745384552818595,0.16016838678722634,26,right,Redacted,False,2880000.0
@RedactedNews,videos,F5,-0.11701286222115226,0.0429727114359777,0.006470040193200388,424,0.25745384552818595,0.16016838678722634,26,right,Redacted,False,2880000.0
@RedactedNews,videos,F6,0.018378473988013608,0.04288775587349667,0.6682689633712682,424,0.25745384552818595,0.16016838678722634,26,right,Redacted,False,2880000.0
@RedactedNews,videos,F7,0.03772476171165179,0.046125678152461005,0.4134320000833698,424,0.25745384552818595,0.16016838678722634,26,right,Redacted,False,2880000.0
@RedactedNews,videos,F8,0.03242553176437536,0.04393606907285279,0.4605045906702794,424,0.25745384552818595,0.16016838678722634,26,right,Redacted,False,2880000.0
@RedactedNews,videos,F9,0.024751142924452477,0.04571496348762927,0.5882159031997132,424,0.25745384552818595,0.16016838678722634,26,right,Redacted,False,2880000.0
@RedactedNews,videos,F10,-0.00881661411293111,0.045468830525301464,0.8462506038694799,424,0.25745384552818595,0.16016838678722634,26,right,Redacted,False,2880000.0
@RedactedNews,videos,F11,0.061134001353581297,0.04887308200168102,0.21098094554367197,424,0.25745384552818595,0.16016838678722634,26,right,Redacted,False,2880000.0
@RedactedNews,videos,F12,0.05892769527439368,0.049405509906779305,0.23297305936902313,424,0.25745384552818595,0.16016838678722634,26,right,Redacted,False,2880000.0
@RedactedNews,videos,curiosity_gap,0.02599017010510446,0.04281099363741498,0.5437905045071507,424,0.25745384552818595,0.16016838678722634,26,right,Redacted,False,2880000.0
@RedactedNews,videos,outrage,0.01589495931087964,0.04826342897288621,0.7419005671325565,424,0.25745384552818595,0.16016838678722634,26,right,Redacted,False,2880000.0
@RedactedNews,videos,n_tokens,0.0327597067206363,0.05531872105424357,0.5537171522229118,424,0.25745384552818595,0.16016838678722634,26,right,Redacted,False,2880000.0
@Reuters,streams,F1,0.003124345017478991,0.04042582388668253,0.9383961304478168,1901,0.17749146433648322,0.1269462470610715,86,neutral,Reuters,False,4310000.0
@Reuters,streams,F2,0.08006561331509504,0.03328814500109902,0.016162332222170322,1901,0.17749146433648322,0.1269462470610715,86,neutral,Reuters,False,4310000.0
@Reuters,streams,F3,-0.047714983308615816,0.039710193789343574,0.22952620962747117,1901,0.17749146433648322,0.1269462470610715,86,neutral,Reuters,False,4310000.0
@Reuters,streams,F4,0.09467367055682764,0.04013575597771625,0.018332349974323897,1901,0.17749146433648322,0.1269462470610715,86,neutral,Reuters,False,4310000.0
@Reuters,streams,F5,0.0688544181153676,0.03752866949471129,0.066547907785695,1901,0.17749146433648322,0.1269462470610715,86,neutral,Reuters,False,4310000.0
@Reuters,streams,F6,0.019786562631831442,0.0352695730772479,0.5747911175070034,1901,0.17749146433648322,0.1269462470610715,86,neutral,Reuters,False,4310000.0
@Reuters,streams,F7,-0.04943399296823893,0.031954405807556936,0.12185926744235907,1901,0.17749146433648322,0.1269462470610715,86,neutral,Reuters,False,4310000.0
@Reuters,streams,F8,0.014485132989433394,0.030913675464579335,0.6393790584215036,1901,0.17749146433648322,0.1269462470610715,86,neutral,Reuters,False,4310000.0
@Reuters,streams,F9,-0.02891368125688093,0.03495084456248337,0.40808572861193326,1901,0.17749146433648322,0.1269462470610715,86,neutral,Reuters,False,4310000.0
@Reuters,streams,F10,-0.07759603628229378,0.030268707251124835,0.010360095524824017,1901,0.17749146433648322,0.1269462470610715,86,neutral,Reuters,False,4310000.0
@Reuters,streams,F11,0.0230660144908979,0.047002171620494027,0.6236078112666901,1901,0.17749146433648322,0.1269462470610715,86,neutral,Reuters,False,4310000.0
@Reuters,streams,F12,0.03078282874946249,0.03359573927792956,0.35952435102135527,1901,0.17749146433648322,0.1269462470610715,86,neutral,Reuters,False,4310000.0
@Reuters,streams,curiosity_gap,-0.018016879418961768,0.027415238679636706,0.5110620681154744,1901,0.17749146433648322,0.1269462470610715,86,neutral,Reuters,False,4310000.0
@Reuters,streams,outrage,0.05174856789071891,0.030132106269915093,0.08590799875329408,1901,0.17749146433648322,0.1269462470610715,86,neutral,Reuters,False,4310000.0
@Reuters,streams,humor,0.0021281523823501736,0.09200050047208726,0.9815450078996893,1901,0.17749146433648322,0.1269462470610715,86,neutral,Reuters,False,4310000.0
@Reuters,streams,n_tokens,-0.11054297730062843,0.0442899613867652,0.012564071211802055,1901,0.17749146433648322,0.1269462470610715,86,neutral,Reuters,False,4310000.0
@Reuters,videos,F1,-0.022401169027755317,0.021794266233504313,0.3040218498678142,7680,0.19754622232322117,0.17817517220859092,157,neutral,Reuters,False,4310000.0
@Reuters,videos,F2,0.0061392582169159035,0.015644477994306245,0.6947454476888721,7680,0.19754622232322117,0.17817517220859092,157,neutral,Reuters,False,4310000.0
@Reuters,videos,F3,-0.11546099890145527,0.018403416106931206,3.521384875047158e-10,7680,0.19754622232322117,0.17817517220859092,157,neutral,Reuters,False,4310000.0
@Reuters,videos,F4,0.10627912114411339,0.018100623641193175,4.316811469422312e-09,7680,0.19754622232322117,0.17817517220859092,157,neutral,Reuters,False,4310000.0
@Reuters,videos,F5,0.08005599063635835,0.016025909416221423,5.871085261961264e-07,7680,0.19754622232322117,0.17817517220859092,157,neutral,Reuters,False,4310000.0
@Reuters,videos,F6,0.1195500476616664,0.016776400676887994,1.0326438850228483e-12,7680,0.19754622232322117,0.17817517220859092,157,neutral,Reuters,False,4310000.0
@Reuters,videos,F7,0.026921194439737495,0.01930915898991902,0.16325151177629416,7680,0.19754622232322117,0.17817517220859092,157,neutral,Reuters,False,4310000.0
@Reuters,videos,F8,-0.001252408871537998,0.01605969377929081,0.937840299335742,7680,0.19754622232322117,0.17817517220859092,157,neutral,Reuters,False,4310000.0
@Reuters,videos,F9,-0.015088038144894025,0.01775724493015419,0.3955010705172497,7680,0.19754622232322117,0.17817517220859092,157,neutral,Reuters,False,4310000.0
@Reuters,videos,F10,-0.03781322932717297,0.01629066994737092,0.020278283405659327,7680,0.19754622232322117,0.17817517220859092,157,neutral,Reuters,False,4310000.0
@Reuters,videos,F11,-0.030142807260963862,0.021763872755221375,0.16605466622222753,7680,0.19754622232322117,0.17817517220859092,157,neutral,Reuters,False,4310000.0
@Reuters,videos,F12,0.01945452404497124,0.018792142950317454,0.30055321581932526,7680,0.19754622232322117,0.17817517220859092,157,neutral,Reuters,False,4310000.0
@Reuters,videos,curiosity_gap,0.049192854074010126,0.01476613965971828,0.0008639065441635324,7680,0.19754622232322117,0.17817517220859092,157,neutral,Reuters,False,4310000.0
@Reuters,videos,outrage,0.11637107466524774,0.0168692945796274,5.2592961848178485e-12,7680,0.19754622232322117,0.17817517220859092,157,neutral,Reuters,False,4310000.0
@Reuters,videos,humor,0.01642117079865718,0.008134088970701291,0.04350709089443958,7680,0.19754622232322117,0.17817517220859092,157,neutral,Reuters,False,4310000.0
@Reuters,videos,n_tokens,0.0929356953883594,0.01837889036404677,4.266756189979773e-07,7680,0.19754622232322117,0.17817517220859092,157,neutral,Reuters,False,4310000.0
@RileyGaines,videos,F1,-0.13126436892049576,0.11696965254440704,0.26177368823645675,143,0.3495937918540678,0.17537784324355032,7,right,Riley Gaines,False,70300.0
@RileyGaines,videos,F2,0.123426852876351,0.12679334270557538,0.3303301949127715,143,0.3495937918540678,0.17537784324355032,7,right,Riley Gaines,False,70300.0
@RileyGaines,videos,F3,0.04714533644703514,0.11713937731386857,0.6873365842651917,143,0.3495937918540678,0.17537784324355032,7,right,Riley Gaines,False,70300.0
@RileyGaines,videos,F4,0.050709382231772016,0.11004372741839837,0.644934064616703,143,0.3495937918540678,0.17537784324355032,7,right,Riley Gaines,False,70300.0
@RileyGaines,videos,F5,-0.09736906544691037,0.08511527948092384,0.25263734959039563,143,0.3495937918540678,0.17537784324355032,7,right,Riley Gaines,False,70300.0
@RileyGaines,videos,F6,0.07669087235883587,0.10234110150945988,0.45363704707758823,143,0.3495937918540678,0.17537784324355032,7,right,Riley Gaines,False,70300.0
@RileyGaines,videos,F7,-0.15075612759238033,0.0944084201160416,0.11029904841398037,143,0.3495937918540678,0.17537784324355032,7,right,Riley Gaines,False,70300.0
@RileyGaines,videos,F8,0.05388971043225288,0.11690992719395281,0.6448339901848168,143,0.3495937918540678,0.17537784324355032,7,right,Riley Gaines,False,70300.0
@RileyGaines,videos,F9,-0.13800652439345268,0.10976977865183382,0.20866816807940003,143,0.3495937918540678,0.17537784324355032,7,right,Riley Gaines,False,70300.0
@RileyGaines,videos,F10,-0.0007364334674618833,0.10671261244060123,0.9944937696084042,143,0.3495937918540678,0.17537784324355032,7,right,Riley Gaines,False,70300.0
@RileyGaines,videos,F11,-0.04691466648734427,0.12093751999009221,0.6980716649559753,143,0.3495937918540678,0.17537784324355032,7,right,Riley Gaines,False,70300.0
@RileyGaines,videos,F12,-0.13282949392886884,0.10769393992454655,0.21742729761565127,143,0.3495937918540678,0.17537784324355032,7,right,Riley Gaines,False,70300.0
@RileyGaines,videos,curiosity_gap,0.03828665538086881,0.06506181857237257,0.5562196802081489,143,0.3495937918540678,0.17537784324355032,7,right,Riley Gaines,False,70300.0
@RileyGaines,videos,outrage,0.0058950001287064735,0.10698505139462611,0.9560578742813165,143,0.3495937918540678,0.17537784324355032,7,right,Riley Gaines,False,70300.0
@RileyGaines,videos,n_tokens,-0.13470088708096686,0.118916624861208,0.2573260353140556,143,0.3495937918540678,0.17537784324355032,7,right,Riley Gaines,False,70300.0
@RobertGouveiaEsq,streams,F1,0.03763751346968405,0.07153863642418384,0.5988086591186746,183,0.3825019900841603,0.24064433915754846,11,right,Robert Gouveia,False,610000.0
@RobertGouveiaEsq,streams,F2,0.017217653280112932,0.0586270805745504,0.7690017572519233,183,0.3825019900841603,0.24064433915754846,11,right,Robert Gouveia,False,610000.0
@RobertGouveiaEsq,streams,F3,-0.06259616866094087,0.05674486484937668,0.2699767909015126,183,0.3825019900841603,0.24064433915754846,11,right,Robert Gouveia,False,610000.0
@RobertGouveiaEsq,streams,F4,0.015294632304932443,0.0616464161697846,0.8040550720288718,183,0.3825019900841603,0.24064433915754846,11,right,Robert Gouveia,False,610000.0
@RobertGouveiaEsq,streams,F5,-0.07188694722685551,0.047855071635075644,0.13305054373781836,183,0.3825019900841603,0.24064433915754846,11,right,Robert Gouveia,False,610000.0
@RobertGouveiaEsq,streams,F6,0.042059309078993246,0.05800027872638556,0.4683557090465891,183,0.3825019900841603,0.24064433915754846,11,right,Robert Gouveia,False,610000.0
@RobertGouveiaEsq,streams,F7,-0.029383457533173063,0.053724401098455776,0.5844271971537575,183,0.3825019900841603,0.24064433915754846,11,right,Robert Gouveia,False,610000.0
@RobertGouveiaEsq,streams,F8,-0.018738778656117283,0.04995164504974052,0.7075575628406998,183,0.3825019900841603,0.24064433915754846,11,right,Robert Gouveia,False,610000.0
@RobertGouveiaEsq,streams,F9,0.04266256094226348,0.047433809720540586,0.36843298848849704,183,0.3825019900841603,0.24064433915754846,11,right,Robert Gouveia,False,610000.0
@RobertGouveiaEsq,streams,F10,0.06047438619096601,0.0588125878393444,0.3038295035204903,183,0.3825019900841603,0.24064433915754846,11,right,Robert Gouveia,False,610000.0
@RobertGouveiaEsq,streams,F11,0.017558350746201712,0.09945186305928401,0.8598608892119354,183,0.3825019900841603,0.24064433915754846,11,right,Robert Gouveia,False,610000.0
@RobertGouveiaEsq,streams,F12,0.06631163300062526,0.04533676783547551,0.14356432441985767,183,0.3825019900841603,0.24064433915754846,11,right,Robert Gouveia,False,610000.0
@RobertGouveiaEsq,streams,curiosity_gap,-0.005668116577234789,0.9858048063128015,0.9954124003470154,183,0.3825019900841603,0.24064433915754846,11,right,Robert Gouveia,False,610000.0
@RobertGouveiaEsq,streams,outrage,0.01757630139166172,0.05617647833106968,0.7543744722799939,183,0.3825019900841603,0.24064433915754846,11,right,Robert Gouveia,False,610000.0
@RobertGouveiaEsq,streams,n_tokens,0.023057418264820995,0.049620647842892954,0.642165026264292,183,0.3825019900841603,0.24064433915754846,11,right,Robert Gouveia,False,610000.0
@RobertGouveiaEsq,videos,F1,-0.021022007279239016,inf,1.0,654,0.2597166400658101,0.19700160458965776,28,right,Robert Gouveia,False,610000.0
@RobertGouveiaEsq,videos,F2,0.17653944469102872,inf,1.0,654,0.2597166400658101,0.19700160458965776,28,right,Robert Gouveia,False,610000.0
@RobertGouveiaEsq,videos,F3,0.01090411150563902,inf,1.0,654,0.2597166400658101,0.19700160458965776,28,right,Robert Gouveia,False,610000.0
@RobertGouveiaEsq,videos,F4,0.0955469006037547,inf,1.0,654,0.2597166400658101,0.19700160458965776,28,right,Robert Gouveia,False,610000.0
@RobertGouveiaEsq,videos,F5,-0.10151382447275911,inf,1.0,654,0.2597166400658101,0.19700160458965776,28,right,Robert Gouveia,False,610000.0
@RobertGouveiaEsq,videos,F6,0.06982423398826768,inf,1.0,654,0.2597166400658101,0.19700160458965776,28,right,Robert Gouveia,False,610000.0
@RobertGouveiaEsq,videos,F7,-0.030682254688478044,inf,1.0,654,0.2597166400658101,0.19700160458965776,28,right,Robert Gouveia,False,610000.0
@RobertGouveiaEsq,videos,F8,-0.0037767915494616583,inf,1.0,654,0.2597166400658101,0.19700160458965776,28,right,Robert Gouveia,False,610000.0
@RobertGouveiaEsq,videos,F9,-0.06741574941827005,inf,1.0,654,0.2597166400658101,0.19700160458965776,28,right,Robert Gouveia,False,610000.0
@RobertGouveiaEsq,videos,F10,-0.00037400717422864105,inf,1.0,654,0.2597166400658101,0.19700160458965776,28,right,Robert Gouveia,False,610000.0
@RobertGouveiaEsq,videos,F11,0.05602620645937506,inf,1.0,654,0.2597166400658101,0.19700160458965776,28,right,Robert Gouveia,False,610000.0
@RobertGouveiaEsq,videos,F12,-0.058753864697451086,inf,1.0,654,0.2597166400658101,0.19700160458965776,28,right,Robert Gouveia,False,610000.0
@RobertGouveiaEsq,videos,curiosity_gap,0.008296591789758528,inf,1.0,654,0.2597166400658101,0.19700160458965776,28,right,Robert Gouveia,False,610000.0
@RobertGouveiaEsq,videos,outrage,0.037701807212457056,inf,1.0,654,0.2597166400658101,0.19700160458965776,28,right,Robert Gouveia,False,610000.0
@RobertGouveiaEsq,videos,n_tokens,-0.05610498111566348,inf,1.0,654,0.2597166400658101,0.19700160458965776,28,right,Robert Gouveia,False,610000.0
@RubinReport,streams,F1,0.019887974370662587,0.06672479347784753,0.765657571127574,112,0.40250143690610574,0.17097074370722176,8,right,Rubin Report,False,3230000.0
@RubinReport,streams,F2,-0.06598710709881139,0.06541611370850163,0.3131047948054668,112,0.40250143690610574,0.17097074370722176,8,right,Rubin Report,False,3230000.0
@RubinReport,streams,F3,0.01706958093331068,0.09474874116779942,0.8570298787110765,112,0.40250143690610574,0.17097074370722176,8,right,Rubin Report,False,3230000.0
@RubinReport,streams,F4,0.039564183972959466,0.052300515306050246,0.4493627179505647,112,0.40250143690610574,0.17097074370722176,8,right,Rubin Report,False,3230000.0
@RubinReport,streams,F5,0.09592182388507808,0.07585948326648488,0.20606240763390715,112,0.40250143690610574,0.17097074370722176,8,right,Rubin Report,False,3230000.0
@RubinReport,streams,F6,0.04274785287624916,0.07201576703800082,0.5527862435958102,112,0.40250143690610574,0.17097074370722176,8,right,Rubin Report,False,3230000.0
@RubinReport,streams,F7,-0.03451144456737126,0.06055859454149961,0.5687555881635539,112,0.40250143690610574,0.17097074370722176,8,right,Rubin Report,False,3230000.0
@RubinReport,streams,F8,-0.01214928433539414,0.062384961030644275,0.8455910114631298,112,0.40250143690610574,0.17097074370722176,8,right,Rubin Report,False,3230000.0
@RubinReport,streams,F9,-0.07750317832894005,0.09095867793447601,0.3941751339931291,112,0.40250143690610574,0.17097074370722176,8,right,Rubin Report,False,3230000.0
@RubinReport,streams,F10,0.060991545145224424,0.06823190992084516,0.3713829195726429,112,0.40250143690610574,0.17097074370722176,8,right,Rubin Report,False,3230000.0
@RubinReport,streams,F11,0.05752596212727279,0.07079957658218554,0.4164942050209467,112,0.40250143690610574,0.17097074370722176,8,right,Rubin Report,False,3230000.0
@RubinReport,streams,F12,0.001977211107026977,0.056322466638281075,0.9719958599074552,112,0.40250143690610574,0.17097074370722176,8,right,Rubin Report,False,3230000.0
@RubinReport,streams,curiosity_gap,0.008629449854242688,0.07022743934472904,0.9022032271097935,112,0.40250143690610574,0.17097074370722176,8,right,Rubin Report,False,3230000.0
@RubinReport,streams,outrage,0.10758896619265068,0.06670368839175056,0.10675780754150381,112,0.40250143690610574,0.17097074370722176,8,right,Rubin Report,False,3230000.0
@RubinReport,streams,humor,0.0248963510231891,0.061622831370410025,0.6862040419842473,112,0.40250143690610574,0.17097074370722176,8,right,Rubin Report,False,3230000.0
@RubinReport,streams,n_tokens,0.07677603981998415,0.10119970713062308,0.4480567392687257,112,0.40250143690610574,0.17097074370722176,8,right,Rubin Report,False,3230000.0
@RubinReport,videos,F1,0.15595209424765036,0.05691568279074018,0.006142892670634464,1011,0.36008553297002044,0.29824797860990293,65,right,Rubin Report,False,3230000.0
@RubinReport,videos,F2,0.10158883583547013,0.04559429366519942,0.025873569299297586,1011,0.36008553297002044,0.29824797860990293,65,right,Rubin Report,False,3230000.0
@RubinReport,videos,F3,-0.1252107281180511,0.04785669667491736,0.00888707277758015,1011,0.36008553297002044,0.29824797860990293,65,right,Rubin Report,False,3230000.0
@RubinReport,videos,F4,0.03663378846782858,0.048234982082116726,0.4475619493574746,1011,0.36008553297002044,0.29824797860990293,65,right,Rubin Report,False,3230000.0
@RubinReport,videos,F5,0.04650167535035932,0.04835455237569412,0.33620965041381734,1011,0.36008553297002044,0.29824797860990293,65,right,Rubin Report,False,3230000.0
@RubinReport,videos,F6,-0.22624853467600134,0.047547460995533294,1.9516002512380207e-06,1011,0.36008553297002044,0.29824797860990293,65,right,Rubin Report,False,3230000.0
@RubinReport,videos,F7,-0.11687358289771985,0.053666653238877024,0.029423226242731016,1011,0.36008553297002044,0.29824797860990293,65,right,Rubin Report,False,3230000.0
@RubinReport,videos,F8,-0.24046546993146992,0.043841697903437095,4.138026113491937e-08,1011,0.36008553297002044,0.29824797860990293,65,right,Rubin Report,False,3230000.0
@RubinReport,videos,F9,-0.026032696659016294,0.049468999468225375,0.5987196342221142,1011,0.36008553297002044,0.29824797860990293,65,right,Rubin Report,False,3230000.0
@RubinReport,videos,F10,-0.1116861825579607,0.046361706460273065,0.01599551171326835,1011,0.36008553297002044,0.29824797860990293,65,right,Rubin Report,False,3230000.0
@RubinReport,videos,F11,-0.2479924771131082,0.0561929855052329,1.0184047699605954e-05,1011,0.36008553297002044,0.29824797860990293,65,right,Rubin Report,False,3230000.0
@RubinReport,videos,F12,-0.2299669676497811,0.05200436443812267,9.775952960976078e-06,1011,0.36008553297002044,0.29824797860990293,65,right,Rubin Report,False,3230000.0
@RubinReport,videos,curiosity_gap,0.11089369674209776,0.04146481636535539,0.007486206633414501,1011,0.36008553297002044,0.29824797860990293,65,right,Rubin Report,False,3230000.0
@RubinReport,videos,outrage,0.05736557788612967,0.05003286817634556,0.25156440424795734,1011,0.36008553297002044,0.29824797860990293,65,right,Rubin Report,False,3230000.0
@RubinReport,videos,humor,0.059067937331884535,0.0392208025019653,0.13205795321374583,1011,0.36008553297002044,0.29824797860990293,65,right,Rubin Report,False,3230000.0
@RubinReport,videos,n_tokens,0.064368171521318,0.05054805664843022,0.20287419953944985,1011,0.36008553297002044,0.29824797860990293,65,right,Rubin Report,False,3230000.0
@SabbySabs,videos,F1,-0.07238234307743172,0.034722354548284595,0.03710530324062376,587,0.27920827173820906,0.19392375427211928,39,left,Sabby Sabs,False,424000.0
@SabbySabs,videos,F2,-0.0074901371307673215,0.038062837915122036,0.8439969911710992,587,0.27920827173820906,0.19392375427211928,39,left,Sabby Sabs,False,424000.0
@SabbySabs,videos,F3,0.06151576721048385,0.04098316055242416,0.13335528879723446,587,0.27920827173820906,0.19392375427211928,39,left,Sabby Sabs,False,424000.0
@SabbySabs,videos,F4,0.06719728144895748,0.03329825479901817,0.0435868725262896,587,0.27920827173820906,0.19392375427211928,39,left,Sabby Sabs,False,424000.0
@SabbySabs,videos,F5,0.04364743451617481,0.03450933674477355,0.20594276747302964,587,0.27920827173820906,0.19392375427211928,39,left,Sabby Sabs,False,424000.0
@SabbySabs,videos,F6,0.05777140410312906,0.04364263387623283,0.1855901402985204,587,0.27920827173820906,0.19392375427211928,39,left,Sabby Sabs,False,424000.0
@SabbySabs,videos,F7,0.01234232653037376,0.035670970400551026,0.7293391168722609,587,0.27920827173820906,0.19392375427211928,39,left,Sabby Sabs,False,424000.0
@SabbySabs,videos,F8,-0.00014874461218017387,0.044022440899181225,0.9973040839781608,587,0.27920827173820906,0.19392375427211928,39,left,Sabby Sabs,False,424000.0
@SabbySabs,videos,F9,0.07673060155896838,0.04060846531855486,0.05882187502726074,587,0.27920827173820906,0.19392375427211928,39,left,Sabby Sabs,False,424000.0
@SabbySabs,videos,F10,0.054682834529157565,0.03734036704857895,0.1430729801911873,587,0.27920827173820906,0.19392375427211928,39,left,Sabby Sabs,False,424000.0
@SabbySabs,videos,F11,-0.02938928749425962,0.044605146054941654,0.5099750058376384,587,0.27920827173820906,0.19392375427211928,39,left,Sabby Sabs,False,424000.0
@SabbySabs,videos,F12,-0.07968670767761954,0.04337176281570368,0.06616640962713252,587,0.27920827173820906,0.19392375427211928,39,left,Sabby Sabs,False,424000.0
@SabbySabs,videos,curiosity_gap,0.006829566420760519,0.028950043231934255,0.8135035343811151,587,0.27920827173820906,0.19392375427211928,39,left,Sabby Sabs,False,424000.0
@SabbySabs,videos,outrage,0.10929363025579747,0.03926181851492351,0.005374058186843777,587,0.27920827173820906,0.19392375427211928,39,left,Sabby Sabs,False,424000.0
@SabbySabs,videos,n_tokens,0.021398823380641085,0.04605282813681478,0.6421762599201586,587,0.27920827173820906,0.19392375427211928,39,left,Sabby Sabs,False,424000.0
@SaltyCracker,videos,F1,0.03186577264596255,0.04025524777042465,0.4285980255133077,361,0.24572168882540868,0.15143689992858478,16,right,Salty Cracker,False,906000.0
@SaltyCracker,videos,F2,0.029474044839952196,0.029288738199134984,0.3142583491973828,361,0.24572168882540868,0.15143689992858478,16,right,Salty Cracker,False,906000.0
@SaltyCracker,videos,F3,-0.05049254115597586,0.029958152069085982,0.09190452688138895,361,0.24572168882540868,0.15143689992858478,16,right,Salty Cracker,False,906000.0
@SaltyCracker,videos,F4,0.12307048588032132,0.033123212965052516,0.00020277349601107946,361,0.24572168882540868,0.15143689992858478,16,right,Salty Cracker,False,906000.0
@SaltyCracker,videos,F5,-0.04369827828189265,0.025360165759847328,0.0848691833284836,361,0.24572168882540868,0.15143689992858478,16,right,Salty Cracker,False,906000.0
@SaltyCracker,videos,F6,-0.038497079829544034,0.03277069329142003,0.2400983164694227,361,0.24572168882540868,0.15143689992858478,16,right,Salty Cracker,False,906000.0
@SaltyCracker,videos,F7,0.007540643612205078,0.0332041551757513,0.8203464530676755,361,0.24572168882540868,0.15143689992858478,16,right,Salty Cracker,False,906000.0
@SaltyCracker,videos,F8,-0.06639731322957029,0.03162751439658425,0.03578580572196779,361,0.24572168882540868,0.15143689992858478,16,right,Salty Cracker,False,906000.0
@SaltyCracker,videos,F9,-0.057073682531078584,0.03621187782305834,0.11500185616235126,361,0.24572168882540868,0.15143689992858478,16,right,Salty Cracker,False,906000.0
@SaltyCracker,videos,F10,-0.014784967122216483,0.02654600949090157,0.5775572896062902,361,0.24572168882540868,0.15143689992858478,16,right,Salty Cracker,False,906000.0
@SaltyCracker,videos,F11,-0.0005521232263853704,0.03850694390344235,0.9885601021711118,361,0.24572168882540868,0.15143689992858478,16,right,Salty Cracker,False,906000.0
@SaltyCracker,videos,F12,0.0020671259579705392,0.034071482845979,0.951621811620458,361,0.24572168882540868,0.15143689992858478,16,right,Salty Cracker,False,906000.0
@SaltyCracker,videos,curiosity_gap,-0.012421901692328818,0.046172644555117416,0.7879053446803376,361,0.24572168882540868,0.15143689992858478,16,right,Salty Cracker,False,906000.0
@SaltyCracker,videos,outrage,0.027698690093565403,0.031554053128054614,0.3800429369092978,361,0.24572168882540868,0.15143689992858478,16,right,Salty Cracker,False,906000.0
@SaltyCracker,videos,humor,0.00824742753388541,0.526391122925301,0.9874993601019809,361,0.24572168882540868,0.15143689992858478,16,right,Salty Cracker,False,906000.0
@SaltyCracker,videos,n_tokens,0.013438456464127946,0.030407939130794214,0.6585332944201279,361,0.24572168882540868,0.15143689992858478,16,right,Salty Cracker,False,906000.0
@SecretScholars,videos,F1,-0.06338836887602162,0.1128689996788097,0.5743817054631375,106,0.2941774534488928,0.03751470924849021,4,right,@SecretScholars,False,658000.0
@SecretScholars,videos,F2,-0.039355251767097865,0.08789400478388724,0.6543277924154471,106,0.2941774534488928,0.03751470924849021,4,right,@SecretScholars,False,658000.0
@SecretScholars,videos,F3,0.06215091333506573,0.10993595099673713,0.5718442413153165,106,0.2941774534488928,0.03751470924849021,4,right,@SecretScholars,False,658000.0
@SecretScholars,videos,F4,-0.12356974225591844,0.07647226924952526,0.10612101890272492,106,0.2941774534488928,0.03751470924849021,4,right,@SecretScholars,False,658000.0
@SecretScholars,videos,F5,0.03809056503908925,0.0745853434294516,0.6095627355760764,106,0.2941774534488928,0.03751470924849021,4,right,@SecretScholars,False,658000.0
@SecretScholars,videos,F6,-0.03446670303763866,0.08351660680425349,0.6798316942453748,106,0.2941774534488928,0.03751470924849021,4,right,@SecretScholars,False,658000.0
@SecretScholars,videos,F7,0.10023734823011671,0.0774824320766983,0.1957765316634844,106,0.2941774534488928,0.03751470924849021,4,right,@SecretScholars,False,658000.0
@SecretScholars,videos,F8,0.1083293295073316,0.07882983542289046,0.16937420821985827,106,0.2941774534488928,0.03751470924849021,4,right,@SecretScholars,False,658000.0
@SecretScholars,videos,F9,0.1054683568914681,0.10377614118987392,0.3094834998870484,106,0.2941774534488928,0.03751470924849021,4,right,@SecretScholars,False,658000.0
@SecretScholars,videos,F10,-0.12320890757673733,0.0887867901127994,0.1652302038448713,106,0.2941774534488928,0.03751470924849021,4,right,@SecretScholars,False,658000.0
@SecretScholars,videos,F11,-0.03668472216453933,0.11640281296720612,0.7526453165392455,106,0.2941774534488928,0.03751470924849021,4,right,@SecretScholars,False,658000.0
@SecretScholars,videos,F12,-0.11584611730097727,0.07875395016999144,0.14129435649843947,106,0.2941774534488928,0.03751470924849021,4,right,@SecretScholars,False,658000.0
@SecretScholars,videos,curiosity_gap,0.03656203581234385,0.0670536005274429,0.585570715194366,106,0.2941774534488928,0.03751470924849021,4,right,@SecretScholars,False,658000.0
@SecretScholars,videos,outrage,0.04809161116145988,0.1114583134531372,0.6661221437607602,106,0.2941774534488928,0.03751470924849021,4,right,@SecretScholars,False,658000.0
@SecretScholars,videos,humor,0.010803982495573516,0.7782915371867525,0.9889243894256246,106,0.2941774534488928,0.03751470924849021,4,right,@SecretScholars,False,658000.0
@SecretScholars,videos,n_tokens,0.1274857038544993,0.10638715207613657,0.23079300558968685,106,0.2941774534488928,0.03751470924849021,4,right,@SecretScholars,False,658000.0
@SecularTalk,videos,F1,-0.025366408526571932,0.01824677315339274,0.16447240453778278,1374,0.2224006935107984,0.16197500171925128,75,left,Kyle Kulinski,False,2290000.0
@SecularTalk,videos,F2,0.033691737956581716,0.017872213598755553,0.059410083858310085,1374,0.2224006935107984,0.16197500171925128,75,left,Kyle Kulinski,False,2290000.0
@SecularTalk,videos,F3,0.014277396925958155,0.01737730085976159,0.4112978225714907,1374,0.2224006935107984,0.16197500171925128,75,left,Kyle Kulinski,False,2290000.0
@SecularTalk,videos,F4,0.031085098756536533,0.019984888513996837,0.11984365081479853,1374,0.2224006935107984,0.16197500171925128,75,left,Kyle Kulinski,False,2290000.0
@SecularTalk,videos,F5,0.012664544886046639,0.019683134070747274,0.519950859191854,1374,0.2224006935107984,0.16197500171925128,75,left,Kyle Kulinski,False,2290000.0
@SecularTalk,videos,F6,0.021549598857867613,0.02074601010411552,0.2989281769096842,1374,0.2224006935107984,0.16197500171925128,75,left,Kyle Kulinski,False,2290000.0
@SecularTalk,videos,F7,0.03219606080441617,0.019742945964572992,0.1029403907459332,1374,0.2224006935107984,0.16197500171925128,75,left,Kyle Kulinski,False,2290000.0
@SecularTalk,videos,F8,-0.007497885490941075,0.01736854978364262,0.6659643828794923,1374,0.2224006935107984,0.16197500171925128,75,left,Kyle Kulinski,False,2290000.0
@SecularTalk,videos,F9,0.02761343303916508,0.0194673982060895,0.15606089462276257,1374,0.2224006935107984,0.16197500171925128,75,left,Kyle Kulinski,False,2290000.0
@SecularTalk,videos,F10,-0.03844053221249488,0.019870301620569766,0.05304281981520209,1374,0.2224006935107984,0.16197500171925128,75,left,Kyle Kulinski,False,2290000.0
@SecularTalk,videos,F11,-0.015265653352738051,0.02081462754488543,0.4633084790551888,1374,0.2224006935107984,0.16197500171925128,75,left,Kyle Kulinski,False,2290000.0
@SecularTalk,videos,F12,-0.019120441564015378,0.01973035567754007,0.3325015210808012,1374,0.2224006935107984,0.16197500171925128,75,left,Kyle Kulinski,False,2290000.0
@SecularTalk,videos,curiosity_gap,0.017013202624174197,0.027197366520548032,0.5316127967432285,1374,0.2224006935107984,0.16197500171925128,75,left,Kyle Kulinski,False,2290000.0
@SecularTalk,videos,outrage,0.0037813932363289088,0.017186005513379742,0.8258497643781655,1374,0.2224006935107984,0.16197500171925128,75,left,Kyle Kulinski,False,2290000.0
@SecularTalk,videos,humor,-0.009613461319954095,0.016427605555112107,0.5584121583430366,1374,0.2224006935107984,0.16197500171925128,75,left,Kyle Kulinski,False,2290000.0
@SecularTalk,videos,n_tokens,0.05525666780370249,0.026303926925813993,0.03566728091324331,1374,0.2224006935107984,0.16197500171925128,75,left,Kyle Kulinski,False,2290000.0
@Semafor,videos,F1,0.1858000130371122,0.37449753467265817,0.6198016561036532,149,0.42825742002914724,0.3120495785716568,3,neutral,Semafor,False,33300.0
@Semafor,videos,F2,-0.03562199490363216,0.3483341172374412,0.9185472324307856,149,0.42825742002914724,0.3120495785716568,3,neutral,Semafor,False,33300.0
@Semafor,videos,F3,0.42325275694791853,0.2810634827609225,0.1320935241462884,149,0.42825742002914724,0.3120495785716568,3,neutral,Semafor,False,33300.0
@Semafor,videos,F4,-0.09930764972273687,0.24620555696955762,0.6866888568711746,149,0.42825742002914724,0.3120495785716568,3,neutral,Semafor,False,33300.0
@Semafor,videos,F5,-0.3413326162246232,0.283662272504083,0.2288577893217757,149,0.42825742002914724,0.3120495785716568,3,neutral,Semafor,False,33300.0
@Semafor,videos,F6,0.012591237253721604,0.2360069583244969,0.9574521445590868,149,0.42825742002914724,0.3120495785716568,3,neutral,Semafor,False,33300.0
@Semafor,videos,F7,0.04172103388828513,0.3101674993937291,0.8929982753509434,149,0.42825742002914724,0.3120495785716568,3,neutral,Semafor,False,33300.0
@Semafor,videos,F8,-0.4175294062541632,0.20665994731143342,0.04334509881021945,149,0.42825742002914724,0.3120495785716568,3,neutral,Semafor,False,33300.0
@Semafor,videos,F9,-0.3828627404167487,0.31625115035787743,0.22603771375467574,149,0.42825742002914724,0.3120495785716568,3,neutral,Semafor,False,33300.0
@Semafor,videos,F10,0.43951400189040507,0.25790873889355825,0.08835391881364092,149,0.42825742002914724,0.3120495785716568,3,neutral,Semafor,False,33300.0
@Semafor,videos,F11,0.4708383518699372,0.40485192932839703,0.24483395398600305,149,0.42825742002914724,0.3120495785716568,3,neutral,Semafor,False,33300.0
@Semafor,videos,F12,0.3266506584577584,0.33656674009825305,0.33177861865041114,149,0.42825742002914724,0.3120495785716568,3,neutral,Semafor,False,33300.0
@Semafor,videos,outrage,0.38345781642475174,0.2365965228672585,0.10507670489448888,149,0.42825742002914724,0.3120495785716568,3,neutral,Semafor,False,33300.0
@Semafor,videos,n_tokens,-0.19702260638867286,0.3766123809222696,0.6008738651914487,149,0.42825742002914724,0.3120495785716568,3,neutral,Semafor,False,33300.0
@SkyNews,streams,F1,-0.07894628444796144,0.04372199988992289,0.07097425941997247,1822,0.23211035646583011,0.18796339089679237,76,left,Sky News,False,9360000.0
@SkyNews,streams,F2,-0.026315137071904977,0.0333334429529916,0.42984815653531583,1822,0.23211035646583011,0.18796339089679237,76,left,Sky News,False,9360000.0
@SkyNews,streams,F3,0.015077586297495366,0.033169180498194256,0.6494214001526029,1822,0.23211035646583011,0.18796339089679237,76,left,Sky News,False,9360000.0
@SkyNews,streams,F4,0.025583766007561917,0.03349500349095982,0.44498141281780546,1822,0.23211035646583011,0.18796339089679237,76,left,Sky News,False,9360000.0
@SkyNews,streams,F5,0.10625625305176419,0.0339831473715377,0.0017675993973146908,1822,0.23211035646583011,0.18796339089679237,76,left,Sky News,False,9360000.0
@SkyNews,streams,F6,0.09554174784087344,0.03132864848540307,0.002291000360533714,1822,0.23211035646583011,0.18796339089679237,76,left,Sky News,False,9360000.0
@SkyNews,streams,F7,0.11482418818724384,0.04045857568881585,0.004538751492348172,1822,0.23211035646583011,0.18796339089679237,76,left,Sky News,False,9360000.0
@SkyNews,streams,F8,0.10082574703913172,0.03318325977551078,0.0023779686525957377,1822,0.23211035646583011,0.18796339089679237,76,left,Sky News,False,9360000.0
@SkyNews,streams,F9,-0.002449168036325375,0.034383784271801124,0.9432144489786718,1822,0.23211035646583011,0.18796339089679237,76,left,Sky News,False,9360000.0
@SkyNews,streams,F10,0.039326214781308225,0.031266046800815274,0.2084666281822234,1822,0.23211035646583011,0.18796339089679237,76,left,Sky News,False,9360000.0
@SkyNews,streams,F11,-0.01322700018484295,0.04357834652118992,0.761491851764992,1822,0.23211035646583011,0.18796339089679237,76,left,Sky News,False,9360000.0
@SkyNews,streams,F12,0.05226984307389007,0.03429172125032871,0.12744126985129134,1822,0.23211035646583011,0.18796339089679237,76,left,Sky News,False,9360000.0
@SkyNews,streams,curiosity_gap,0.023965473720675222,0.037388257195851135,0.5215296190068244,1822,0.23211035646583011,0.18796339089679237,76,left,Sky News,False,9360000.0
@SkyNews,streams,outrage,0.005514597622009454,0.029095833612035805,0.8496757132919974,1822,0.23211035646583011,0.18796339089679237,76,left,Sky News,False,9360000.0
@SkyNews,streams,n_tokens,0.010613006109212814,0.04777999743239366,0.8242186266555632,1822,0.23211035646583011,0.18796339089679237,76,left,Sky News,False,9360000.0
@SkyNews,videos,F1,-0.17489863370661007,0.034041866370715775,2.7804592728397576e-07,3412,0.2511545722922359,0.22337739315561467,99,left,Sky News,False,9360000.0
@SkyNews,videos,F2,-0.05664554743263002,0.02418126813189962,0.019153066592113282,3412,0.2511545722922359,0.22337739315561467,99,left,Sky News,False,9360000.0
@SkyNews,videos,F3,-0.0012043207002017386,0.025450323102367143,0.9622578308995269,3412,0.2511545722922359,0.22337739315561467,99,left,Sky News,False,9360000.0
@SkyNews,videos,F4,0.002174445934846482,0.028480462407991746,0.9391416915300396,3412,0.2511545722922359,0.22337739315561467,99,left,Sky News,False,9360000.0
@SkyNews,videos,F5,-0.04563414845376852,0.02783639651304572,0.10113626223469661,3412,0.2511545722922359,0.22337739315561467,99,left,Sky News,False,9360000.0
@SkyNews,videos,F6,0.17009195396981233,0.027381926251082486,5.237005802745374e-10,3412,0.2511545722922359,0.22337739315561467,99,left,Sky News,False,9360000.0
@SkyNews,videos,F7,0.09708936783359508,0.03052787203765623,0.0014709643931378913,3412,0.2511545722922359,0.22337739315561467,99,left,Sky News,False,9360000.0
@SkyNews,videos,F8,0.06999091135092124,0.02586861684181723,0.006817491415618362,3412,0.2511545722922359,0.22337739315561467,99,left,Sky News,False,9360000.0
@SkyNews,videos,F9,0.07639869558861044,0.027305677633254557,0.005143521738882104,3412,0.2511545722922359,0.22337739315561467,99,left,Sky News,False,9360000.0
@SkyNews,videos,F10,0.008872834162420969,0.026816384613632973,0.7407399514275878,3412,0.2511545722922359,0.22337739315561467,99,left,Sky News,False,9360000.0
@SkyNews,videos,F11,0.08171013655101585,0.033428189869514596,0.014511412464788756,3412,0.2511545722922359,0.22337739315561467,99,left,Sky News,False,9360000.0
@SkyNews,videos,F12,0.03187098162564114,0.028576763422860016,0.2647321184391871,3412,0.2511545722922359,0.22337739315561467,99,left,Sky News,False,9360000.0
@SkyNews,videos,curiosity_gap,-0.027626265214206587,0.023891281175111172,0.2475451740804968,3412,0.2511545722922359,0.22337739315561467,99,left,Sky News,False,9360000.0
@SkyNews,videos,outrage,-0.01185568065187545,0.023546998029499933,0.6146197312717718,3412,0.2511545722922359,0.22337739315561467,99,left,Sky News,False,9360000.0
@SkyNews,videos,n_tokens,0.039139735639441245,0.029475351028955977,0.18421767980356352,3412,0.2511545722922359,0.22337739315561467,99,left,Sky News,False,9360000.0
@StatusCoup,streams,F1,-0.10556840586951893,0.11211984134610099,0.3464140828860143,152,0.5759252222075268,0.4835863593011013,5,left,Status Coup,False,737000.0
@StatusCoup,streams,F2,0.01865832669531306,0.0977034982025893,0.8485499820336796,152,0.5759252222075268,0.4835863593011013,5,left,Status Coup,False,737000.0
@StatusCoup,streams,F3,0.08761631712257215,0.0873388873014721,0.3157757212669928,152,0.5759252222075268,0.4835863593011013,5,left,Status Coup,False,737000.0
@StatusCoup,streams,F4,-0.0822780278329347,0.08540874086993779,0.33537474438102,152,0.5759252222075268,0.4835863593011013,5,left,Status Coup,False,737000.0
@StatusCoup,streams,F5,0.16368839713761435,0.10908498156991216,0.1334697900262489,152,0.5759252222075268,0.4835863593011013,5,left,Status Coup,False,737000.0
@StatusCoup,streams,F6,0.14502344110473647,0.12924838831000238,0.2618402372164875,152,0.5759252222075268,0.4835863593011013,5,left,Status Coup,False,737000.0
@StatusCoup,streams,F7,0.03204607567981005,0.09513705201446383,0.7362366374595145,152,0.5759252222075268,0.4835863593011013,5,left,Status Coup,False,737000.0
@StatusCoup,streams,F8,0.12495455876023978,0.06747060454401325,0.06402795305029893,152,0.5759252222075268,0.4835863593011013,5,left,Status Coup,False,737000.0
@StatusCoup,streams,F9,-0.00030741829129288245,0.12048344987612557,0.9979641681705207,152,0.5759252222075268,0.4835863593011013,5,left,Status Coup,False,737000.0
@StatusCoup,streams,F10,0.03422953020961805,0.07740752791347154,0.6583452211058909,152,0.5759252222075268,0.4835863593011013,5,left,Status Coup,False,737000.0
@StatusCoup,streams,F11,0.12842537494791986,0.12300617676224405,0.29645933818440484,152,0.5759252222075268,0.4835863593011013,5,left,Status Coup,False,737000.0
@StatusCoup,streams,F12,-0.11705501181669159,0.09127963787215852,0.19971003037120683,152,0.5759252222075268,0.4835863593011013,5,left,Status Coup,False,737000.0
@StatusCoup,streams,outrage,0.03704810985821727,0.10536566637257112,0.7251272914190758,152,0.5759252222075268,0.4835863593011013,5,left,Status Coup,False,737000.0
@StatusCoup,streams,n_tokens,-0.22541821012948532,0.11145451415314381,0.04312337608301747,152,0.5759252222075268,0.4835863593011013,5,left,Status Coup,False,737000.0
@StatusCoup,videos,F1,-0.02215306239360118,0.054115561664009576,0.6822712040263132,470,0.33669683086059066,0.2680254439379224,21,left,Status Coup,False,737000.0
@StatusCoup,videos,F2,-0.010655578445196559,0.051599801030298,0.8363970417367795,470,0.33669683086059066,0.2680254439379224,21,left,Status Coup,False,737000.0
@StatusCoup,videos,F3,0.015988577505078178,0.048260146310892794,0.7404180316514346,470,0.33669683086059066,0.2680254439379224,21,left,Status Coup,False,737000.0
@StatusCoup,videos,F4,0.009875815833577342,0.05476759010037402,0.8568995781109919,470,0.33669683086059066,0.2680254439379224,21,left,Status Coup,False,737000.0
@StatusCoup,videos,F5,0.03782878584081162,0.04631523424749862,0.4140612127534321,470,0.33669683086059066,0.2680254439379224,21,left,Status Coup,False,737000.0
@StatusCoup,videos,F6,-0.004551965209110831,0.051110485209647435,0.9290332095412388,470,0.33669683086059066,0.2680254439379224,21,left,Status Coup,False,737000.0
@StatusCoup,videos,F7,0.10665590167094353,0.052891480688882525,0.04374726226305714,470,0.33669683086059066,0.2680254439379224,21,left,Status Coup,False,737000.0
@StatusCoup,videos,F8,-0.05958384193705035,0.04926348606901816,0.22647349579353593,470,0.33669683086059066,0.2680254439379224,21,left,Status Coup,False,737000.0
@StatusCoup,videos,F9,0.10115225305662265,0.05716063888167462,0.07679150515626079,470,0.33669683086059066,0.2680254439379224,21,left,Status Coup,False,737000.0
@StatusCoup,videos,F10,0.03165391951084173,0.06131282682244699,0.605666456479101,470,0.33669683086059066,0.2680254439379224,21,left,Status Coup,False,737000.0
@StatusCoup,videos,F11,0.03264939786570269,0.057433168040717235,0.5697115585673703,470,0.33669683086059066,0.2680254439379224,21,left,Status Coup,False,737000.0
@StatusCoup,videos,F12,0.06015899067965619,0.054183531405877415,0.26687759815138035,470,0.33669683086059066,0.2680254439379224,21,left,Status Coup,False,737000.0
@StatusCoup,videos,curiosity_gap,0.09037329842017713,0.049262599025469145,0.06657661520759565,470,0.33669683086059066,0.2680254439379224,21,left,Status Coup,False,737000.0
@StatusCoup,videos,outrage,0.04423205149366035,0.0408242510224304,0.2785976838072294,470,0.33669683086059066,0.2680254439379224,21,left,Status Coup,False,737000.0
@StatusCoup,videos,n_tokens,0.0381989310680837,0.062439504226988754,0.5406865966838593,470,0.33669683086059066,0.2680254439379224,21,left,Status Coup,False,737000.0
@StevenCrowder,videos,F1,-0.03289125584811506,0.06820699588817113,0.6296446897603163,165,0.3087829676723297,0.15403288580792596,7,right,Louder with Crowder,False,5910000.0
@StevenCrowder,videos,F2,-0.07978248483591555,0.06703649124001182,0.23399327519420265,165,0.3087829676723297,0.15403288580792596,7,right,Louder with Crowder,False,5910000.0
@StevenCrowder,videos,F3,-0.019504359605696908,0.0905085902957117,0.8293795930448646,165,0.3087829676723297,0.15403288580792596,7,right,Louder with Crowder,False,5910000.0
@StevenCrowder,videos,F4,-0.011472679052365709,0.06359457230146538,0.8568358607686335,165,0.3087829676723297,0.15403288580792596,7,right,Louder with Crowder,False,5910000.0
@StevenCrowder,videos,F5,-0.05769946034138662,0.09248432619069279,0.5327039890178495,165,0.3087829676723297,0.15403288580792596,7,right,Louder with Crowder,False,5910000.0
@StevenCrowder,videos,F6,-0.02383628534857496,0.06232428058242749,0.7021232750908104,165,0.3087829676723297,0.15403288580792596,7,right,Louder with Crowder,False,5910000.0
@StevenCrowder,videos,F7,-0.05583388815329887,0.059680579923917954,0.3495073311067236,165,0.3087829676723297,0.15403288580792596,7,right,Louder with Crowder,False,5910000.0
@StevenCrowder,videos,F8,-0.05575117574615525,0.05374300856298872,0.299565266167492,165,0.3087829676723297,0.15403288580792596,7,right,Louder with Crowder,False,5910000.0
@StevenCrowder,videos,F9,0.012848729054599606,0.07446919557986775,0.8630149803067781,165,0.3087829676723297,0.15403288580792596,7,right,Louder with Crowder,False,5910000.0
@StevenCrowder,videos,F10,-0.008998811941194673,0.13606704443532977,0.9472702407954208,165,0.3087829676723297,0.15403288580792596,7,right,Louder with Crowder,False,5910000.0
@StevenCrowder,videos,F11,-0.06452907945785002,0.06551032009441421,0.3246134675898016,165,0.3087829676723297,0.15403288580792596,7,right,Louder with Crowder,False,5910000.0
@StevenCrowder,videos,F12,-0.01926452910854437,0.07516493440623195,0.7977216993372738,165,0.3087829676723297,0.15403288580792596,7,right,Louder with Crowder,False,5910000.0
@StevenCrowder,videos,curiosity_gap,0.05863808347355148,0.06124078305456322,0.3383146687929406,165,0.3087829676723297,0.15403288580792596,7,right,Louder with Crowder,False,5910000.0
@StevenCrowder,videos,outrage,0.10429624813731508,0.07117731124084532,0.14283857321263915,165,0.3087829676723297,0.15403288580792596,7,right,Louder with Crowder,False,5910000.0
@StevenCrowder,videos,n_tokens,-0.0879983110705459,0.08809542738451072,0.3178442985113872,165,0.3087829676723297,0.15403288580792596,7,right,Louder with Crowder,False,5910000.0
@Styxhexenhammer666,videos,F1,-0.011683737939089514,0.04185804990687138,0.7801468858046798,380,0.3882928795550318,0.29958610680168296,25,right,Styxhexenhammer,False,484000.0
@Styxhexenhammer666,videos,F2,0.06725506284620264,0.04047349317310112,0.09657165623463403,380,0.3882928795550318,0.29958610680168296,25,right,Styxhexenhammer,False,484000.0
@Styxhexenhammer666,videos,F3,0.011300631317269105,0.043466038847017816,0.7948733350824533,380,0.3882928795550318,0.29958610680168296,25,right,Styxhexenhammer,False,484000.0
@Styxhexenhammer666,videos,F4,0.020783118391417027,0.036761805872794207,0.571838844262706,380,0.3882928795550318,0.29958610680168296,25,right,Styxhexenhammer,False,484000.0
@Styxhexenhammer666,videos,F5,-0.032029364234508834,0.04154653460173543,0.44074993187260925,380,0.3882928795550318,0.29958610680168296,25,right,Styxhexenhammer,False,484000.0
@Styxhexenhammer666,videos,F6,0.06420170261351721,0.03583534041246812,0.073201059042711,380,0.3882928795550318,0.29958610680168296,25,right,Styxhexenhammer,False,484000.0
@Styxhexenhammer666,videos,F7,-0.06435648276688928,0.037200920989492084,0.08363560899051972,380,0.3882928795550318,0.29958610680168296,25,right,Styxhexenhammer,False,484000.0
@Styxhexenhammer666,videos,F8,-0.010823273795176853,0.023286311527604006,0.6420809559131323,380,0.3882928795550318,0.29958610680168296,25,right,Styxhexenhammer,False,484000.0
@Styxhexenhammer666,videos,F9,-0.04724250367750327,0.041463987231456674,0.25455207528361,380,0.3882928795550318,0.29958610680168296,25,right,Styxhexenhammer,False,484000.0
@Styxhexenhammer666,videos,F10,-0.0220356748922928,0.033235869809707295,0.5073249039654639,380,0.3882928795550318,0.29958610680168296,25,right,Styxhexenhammer,False,484000.0
@Styxhexenhammer666,videos,F11,-0.016208910782724795,0.053789861138866996,0.7631570276600423,380,0.3882928795550318,0.29958610680168296,25,right,Styxhexenhammer,False,484000.0
@Styxhexenhammer666,videos,F12,-0.060354248975652725,0.04567174105579229,0.18634168348845614,380,0.3882928795550318,0.29958610680168296,25,right,Styxhexenhammer,False,484000.0
@Styxhexenhammer666,videos,curiosity_gap,0.007646863090388312,0.043013714506449766,0.8588978559303446,380,0.3882928795550318,0.29958610680168296,25,right,Styxhexenhammer,False,484000.0
@Styxhexenhammer666,videos,outrage,0.06784708393415875,0.03568013066860115,0.05723172815206542,380,0.3882928795550318,0.29958610680168296,25,right,Styxhexenhammer,False,484000.0
@Styxhexenhammer666,videos,humor,-0.04129028107053137,0.017703427880139185,0.01968320349773205,380,0.3882928795550318,0.29958610680168296,25,right,Styxhexenhammer,False,484000.0
@Styxhexenhammer666,videos,n_tokens,-0.059068856022878535,0.04992065927989605,0.2367082098348201,380,0.3882928795550318,0.29958610680168296,25,right,Styxhexenhammer,False,484000.0
@TechCrunch,videos,F1,-0.14650823134254837,0.18173935683702952,0.42015938196756897,139,0.5937140308396804,0.4993976451417491,3,neutral,TechCrunch,False,675000.0
@TechCrunch,videos,F2,0.176957621207344,0.11639572353233552,0.12843299825541712,139,0.5937140308396804,0.4993976451417491,3,neutral,TechCrunch,False,675000.0
@TechCrunch,videos,F3,-0.025637282026780006,0.13393583083760052,0.8482007324417813,139,0.5937140308396804,0.4993976451417491,3,neutral,TechCrunch,False,675000.0
@TechCrunch,videos,F4,0.1460688134488633,0.24395812831236813,0.5493426599314856,139,0.5937140308396804,0.4993976451417491,3,neutral,TechCrunch,False,675000.0
@TechCrunch,videos,F5,0.23785769269993146,0.11490753773202232,0.038453086406838234,139,0.5937140308396804,0.4993976451417491,3,neutral,TechCrunch,False,675000.0
@TechCrunch,videos,F6,-0.18184787264631663,0.13357197046081787,0.17338024113446804,139,0.5937140308396804,0.4993976451417491,3,neutral,TechCrunch,False,675000.0
@TechCrunch,videos,F7,-0.20469161446087963,0.15398401128115194,0.18374758306446815,139,0.5937140308396804,0.4993976451417491,3,neutral,TechCrunch,False,675000.0
@TechCrunch,videos,F8,0.1901872458587112,0.13079770316776884,0.14593065221323812,139,0.5937140308396804,0.4993976451417491,3,neutral,TechCrunch,False,675000.0
@TechCrunch,videos,F9,0.08910448782055846,0.12187563829606758,0.46471201729270684,139,0.5937140308396804,0.4993976451417491,3,neutral,TechCrunch,False,675000.0
@TechCrunch,videos,F10,-0.04715495756711108,0.1397333830561087,0.7357673013672645,139,0.5937140308396804,0.4993976451417491,3,neutral,TechCrunch,False,675000.0
@TechCrunch,videos,F11,0.2223339582361168,0.1986160054688691,0.2629626570191035,139,0.5937140308396804,0.4993976451417491,3,neutral,TechCrunch,False,675000.0
@TechCrunch,videos,F12,-0.12468987156662081,0.13162384787717704,0.34347586637823435,139,0.5937140308396804,0.4993976451417491,3,neutral,TechCrunch,False,675000.0
@TechCrunch,videos,curiosity_gap,-0.0007464848835430637,0.07249933785798861,0.9917847768387291,139,0.5937140308396804,0.4993976451417491,3,neutral,TechCrunch,False,675000.0
@TechCrunch,videos,outrage,-0.12774415940729603,0.10859880549550958,0.2394772797976793,139,0.5937140308396804,0.4993976451417491,3,neutral,TechCrunch,False,675000.0
@TechCrunch,videos,n_tokens,0.002739131263729877,0.12416354598132856,0.982399558023054,139,0.5937140308396804,0.4993976451417491,3,neutral,TechCrunch,False,675000.0
@TheAdamCarollaShow1,videos,F1,-0.20639528182897782,0.05633232823025612,0.0002484164698884214,372,0.31444510989611596,0.2198132999124509,21,right,Adam Carolla,False,685000.0
@TheAdamCarollaShow1,videos,F2,-0.0014679320580951588,0.048830460403083684,0.9760177575849327,372,0.31444510989611596,0.2198132999124509,21,right,Adam Carolla,False,685000.0
@TheAdamCarollaShow1,videos,F3,-0.049230617194791076,0.04651119506072559,0.2898420775439423,372,0.31444510989611596,0.2198132999124509,21,right,Adam Carolla,False,685000.0
@TheAdamCarollaShow1,videos,F4,0.027246998397534555,0.05072188924132478,0.5911403717154875,372,0.31444510989611596,0.2198132999124509,21,right,Adam Carolla,False,685000.0
@TheAdamCarollaShow1,videos,F5,-0.08568109980016878,0.04550524329193432,0.05971607424437867,372,0.31444510989611596,0.2198132999124509,21,right,Adam Carolla,False,685000.0
@TheAdamCarollaShow1,videos,F6,-0.013186190640066486,0.04697329278220636,0.7789276514540575,372,0.31444510989611596,0.2198132999124509,21,right,Adam Carolla,False,685000.0
@TheAdamCarollaShow1,videos,F7,-0.0033965736025107773,0.05444908561734316,0.9502596418538614,372,0.31444510989611596,0.2198132999124509,21,right,Adam Carolla,False,685000.0
@TheAdamCarollaShow1,videos,F8,-0.0028723430717362275,0.041942999287613296,0.9454018991129366,372,0.31444510989611596,0.2198132999124509,21,right,Adam Carolla,False,685000.0
@TheAdamCarollaShow1,videos,F9,0.10851109989378323,0.04720271698645601,0.021514500688919132,372,0.31444510989611596,0.2198132999124509,21,right,Adam Carolla,False,685000.0
@TheAdamCarollaShow1,videos,F10,-0.007151480047017489,0.037402325922770985,0.8483656500470482,372,0.31444510989611596,0.2198132999124509,21,right,Adam Carolla,False,685000.0
@TheAdamCarollaShow1,videos,F11,0.004958714023352295,0.05983966941977929,0.9339575578806698,372,0.31444510989611596,0.2198132999124509,21,right,Adam Carolla,False,685000.0
@TheAdamCarollaShow1,videos,F12,-0.12204721177169028,0.04964158708986427,0.01394924016680337,372,0.31444510989611596,0.2198132999124509,21,right,Adam Carolla,False,685000.0
@TheAdamCarollaShow1,videos,curiosity_gap,0.03023177608583605,0.04402453614482125,0.49226997708774956,372,0.31444510989611596,0.2198132999124509,21,right,Adam Carolla,False,685000.0
@TheAdamCarollaShow1,videos,outrage,0.08738453331088647,0.05154162178998447,0.0899963744239276,372,0.31444510989611596,0.2198132999124509,21,right,Adam Carolla,False,685000.0
@TheAdamCarollaShow1,videos,humor,0.08220779429685948,2.3504554900189376,0.9720994676409141,372,0.31444510989611596,0.2198132999124509,21,right,Adam Carolla,False,685000.0
@TheAdamCarollaShow1,videos,n_tokens,0.07316225332577814,0.05316983568163603,0.16881837584347636,372,0.31444510989611596,0.2198132999124509,21,right,Adam Carolla,False,685000.0
@TheAmalaEkpunobi,videos,F1,-0.02536107570053081,0.0722992955839231,0.725754141576919,197,0.2532897335449956,0.0909614147504294,11,right,Amala Ekpunobi,False,2500000.0
@TheAmalaEkpunobi,videos,F2,-0.019297383100491616,0.06575591098805698,0.7691629746648392,197,0.2532897335449956,0.0909614147504294,11,right,Amala Ekpunobi,False,2500000.0
@TheAmalaEkpunobi,videos,F3,-0.019540994157068114,0.06442503447652705,0.7616508234078129,197,0.2532897335449956,0.0909614147504294,11,right,Amala Ekpunobi,False,2500000.0
@TheAmalaEkpunobi,videos,F4,0.07141268490031932,0.06401380440906354,0.26460085331644434,197,0.2532897335449956,0.0909614147504294,11,right,Amala Ekpunobi,False,2500000.0
@TheAmalaEkpunobi,videos,F5,-0.07340091349648936,0.05499738274803538,0.18199892368587656,197,0.2532897335449956,0.0909614147504294,11,right,Amala Ekpunobi,False,2500000.0
@TheAmalaEkpunobi,videos,F6,-0.04308638831940034,0.05641631206725549,0.445032825730745,197,0.2532897335449956,0.0909614147504294,11,right,Amala Ekpunobi,False,2500000.0
@TheAmalaEkpunobi,videos,F7,0.018651615195285243,0.07063369452400513,0.7917327930206932,197,0.2532897335449956,0.0909614147504294,11,right,Amala Ekpunobi,False,2500000.0
@TheAmalaEkpunobi,videos,F8,-0.11541047151704241,0.06073731222997099,0.05741242749138424,197,0.2532897335449956,0.0909614147504294,11,right,Amala Ekpunobi,False,2500000.0
@TheAmalaEkpunobi,videos,F9,-0.05613769445383443,0.06586284491696426,0.3940240866397229,197,0.2532897335449956,0.0909614147504294,11,right,Amala Ekpunobi,False,2500000.0
@TheAmalaEkpunobi,videos,F10,-0.002587803436492786,0.07351092762609834,0.9719178890302667,197,0.2532897335449956,0.0909614147504294,11,right,Amala Ekpunobi,False,2500000.0
@TheAmalaEkpunobi,videos,F11,-0.13164678713135913,0.07163074435964606,0.06608405142399609,197,0.2532897335449956,0.0909614147504294,11,right,Amala Ekpunobi,False,2500000.0
@TheAmalaEkpunobi,videos,F12,-0.09473651974812164,0.06306245306786884,0.13302866877748523,197,0.2532897335449956,0.0909614147504294,11,right,Amala Ekpunobi,False,2500000.0
@TheAmalaEkpunobi,videos,curiosity_gap,-0.036491431551493425,0.06154217718920069,0.5532146408795976,197,0.2532897335449956,0.0909614147504294,11,right,Amala Ekpunobi,False,2500000.0
@TheAmalaEkpunobi,videos,outrage,-0.08743055588605964,0.06062233447934512,0.14924119173796865,197,0.2532897335449956,0.0909614147504294,11,right,Amala Ekpunobi,False,2500000.0
@TheAmalaEkpunobi,videos,humor,0.026232504495972118,0.031041184913801135,0.3980622182042226,197,0.2532897335449956,0.0909614147504294,11,right,Amala Ekpunobi,False,2500000.0
@TheAmalaEkpunobi,videos,n_tokens,0.16541562769155377,0.0738125510601171,0.025024582515761676,197,0.2532897335449956,0.0909614147504294,11,right,Amala Ekpunobi,False,2500000.0
@TheAtlantic,videos,F1,-0.14721108640007555,0.19232791375222982,0.44402317521172985,157,0.26507403009002095,0.09725628892947458,6,left,The Atlantic,False,969000.0
@TheAtlantic,videos,F2,0.1459163459836179,0.19833826143657277,0.4619167053750233,157,0.26507403009002095,0.09725628892947458,6,left,The Atlantic,False,969000.0
@TheAtlantic,videos,F3,-0.06783684212646335,0.19567274868059273,0.7288278450527358,157,0.26507403009002095,0.09725628892947458,6,left,The Atlantic,False,969000.0
@TheAtlantic,videos,F4,-0.08388822557281589,0.1801467482453413,0.6414545534402762,157,0.26507403009002095,0.09725628892947458,6,left,The Atlantic,False,969000.0
@TheAtlantic,videos,F5,0.30925139537018664,0.19153788575415442,0.10640376597957814,157,0.26507403009002095,0.09725628892947458,6,left,The Atlantic,False,969000.0
@TheAtlantic,videos,F6,0.19737744266008428,0.16813265499531835,0.240419550781786,157,0.26507403009002095,0.09725628892947458,6,left,The Atlantic,False,969000.0
@TheAtlantic,videos,F7,0.024871951567673023,0.1590674799625259,0.8757484698958303,157,0.26507403009002095,0.09725628892947458,6,left,The Atlantic,False,969000.0
@TheAtlantic,videos,F8,0.13912714914139745,0.11161410901342105,0.2125803558422068,157,0.26507403009002095,0.09725628892947458,6,left,The Atlantic,False,969000.0
@TheAtlantic,videos,F9,0.19040624627265185,0.21905435393767034,0.3847272576470814,157,0.26507403009002095,0.09725628892947458,6,left,The Atlantic,False,969000.0
@TheAtlantic,videos,F10,0.057223533388464254,0.20142791929766993,0.7763418827696207,157,0.26507403009002095,0.09725628892947458,6,left,The Atlantic,False,969000.0
@TheAtlantic,videos,F11,0.06343908709463575,0.21143929608466489,0.7641508269632303,157,0.26507403009002095,0.09725628892947458,6,left,The Atlantic,False,969000.0
@TheAtlantic,videos,F12,-0.21989879625677855,0.19595850125354444,0.26179006810801264,157,0.26507403009002095,0.09725628892947458,6,left,The Atlantic,False,969000.0
@TheAtlantic,videos,curiosity_gap,0.10928085754867561,0.11388925268007594,0.3372887062878306,157,0.26507403009002095,0.09725628892947458,6,left,The Atlantic,False,969000.0
@TheAtlantic,videos,outrage,0.39572693893056693,0.16025160472461777,0.013533600135523958,157,0.26507403009002095,0.09725628892947458,6,left,The Atlantic,False,969000.0
@TheAtlantic,videos,n_tokens,-0.05561831624337865,0.18525577359016693,0.7640059419543751,157,0.26507403009002095,0.09725628892947458,6,left,The Atlantic,False,969000.0
@TheBrianKilmeadeShow,videos,F1,-0.16601355041584875,0.09184114836691752,0.0706662503713415,352,0.39248165672138813,0.3165418638115617,16,right,Fox News,False,17100.0
@TheBrianKilmeadeShow,videos,F2,-0.061476632739651094,0.08374494401279324,0.4628916552443705,352,0.39248165672138813,0.3165418638115617,16,right,Fox News,False,17100.0
@TheBrianKilmeadeShow,videos,F3,0.06891734881036345,0.07750778528882098,0.3739134469157277,352,0.39248165672138813,0.3165418638115617,16,right,Fox News,False,17100.0
@TheBrianKilmeadeShow,videos,F4,-0.017366049481787008,0.08362966280922754,0.835498992805271,352,0.39248165672138813,0.3165418638115617,16,right,Fox News,False,17100.0
@TheBrianKilmeadeShow,videos,F5,-0.002264117628837825,0.0807883771582673,0.9776419812505531,352,0.39248165672138813,0.3165418638115617,16,right,Fox News,False,17100.0
@TheBrianKilmeadeShow,videos,F6,0.07816221868328209,0.08550519542471927,0.3606525075312047,352,0.39248165672138813,0.3165418638115617,16,right,Fox News,False,17100.0
@TheBrianKilmeadeShow,videos,F7,0.0025878279408511062,0.08722848317082797,0.9763324428037663,352,0.39248165672138813,0.3165418638115617,16,right,Fox News,False,17100.0
@TheBrianKilmeadeShow,videos,F8,-0.03138254440226315,0.0687015385314627,0.6478181372434708,352,0.39248165672138813,0.3165418638115617,16,right,Fox News,False,17100.0
@TheBrianKilmeadeShow,videos,F9,0.12352993318104194,0.08065624922519726,0.12563090231804322,352,0.39248165672138813,0.3165418638115617,16,right,Fox News,False,17100.0
@TheBrianKilmeadeShow,videos,F10,-0.04122832219061698,0.08428616169117581,0.6247376367403826,352,0.39248165672138813,0.3165418638115617,16,right,Fox News,False,17100.0
@TheBrianKilmeadeShow,videos,F11,-0.029271092605223523,0.09710702039073217,0.7630856515044637,352,0.39248165672138813,0.3165418638115617,16,right,Fox News,False,17100.0
@TheBrianKilmeadeShow,videos,F12,-0.05821073297147676,0.09652466064803573,0.5464648390572362,352,0.39248165672138813,0.3165418638115617,16,right,Fox News,False,17100.0
@TheBrianKilmeadeShow,videos,curiosity_gap,0.09336206171427114,0.0824618185945,0.2575565242053707,352,0.39248165672138813,0.3165418638115617,16,right,Fox News,False,17100.0
@TheBrianKilmeadeShow,videos,outrage,0.09466269704428777,0.07872795145680463,0.22920756502552264,352,0.39248165672138813,0.3165418638115617,16,right,Fox News,False,17100.0
@TheBrianKilmeadeShow,videos,n_tokens,0.0693912999155677,0.12117321557464052,0.5668735494538265,352,0.39248165672138813,0.3165418638115617,16,right,Fox News,False,17100.0
@TheDailyBeast,videos,F1,0.0845572117468179,0.046755790506956385,0.07053082996168127,293,0.49200502221583864,0.4182959470079407,14,left,Daily Beast,False,727000.0
@TheDailyBeast,videos,F2,0.09149948589766835,0.049078653153689186,0.062273430555398204,293,0.49200502221583864,0.4182959470079407,14,left,Daily Beast,False,727000.0
@TheDailyBeast,videos,F3,0.08674021622901362,0.04657744074402281,0.0625636939264405,293,0.49200502221583864,0.4182959470079407,14,left,Daily Beast,False,727000.0
@TheDailyBeast,videos,F4,0.07704403998122888,0.0489717776822722,0.11566476680297588,293,0.49200502221583864,0.4182959470079407,14,left,Daily Beast,False,727000.0
@TheDailyBeast,videos,F5,-0.0389584286059283,0.049198332946942584,0.42843950722175006,293,0.49200502221583864,0.4182959470079407,14,left,Daily Beast,False,727000.0
@TheDailyBeast,videos,F6,-0.08704030713171895,0.04719150013842222,0.0651239283615991,293,0.49200502221583864,0.4182959470079407,14,left,Daily Beast,False,727000.0
@TheDailyBeast,videos,F7,0.02849494751796461,0.045019871990020395,0.5267718137389228,293,0.49200502221583864,0.4182959470079407,14,left,Daily Beast,False,727000.0
@TheDailyBeast,videos,F8,-0.09163122860982731,0.03821249958645614,0.016487627720488136,293,0.49200502221583864,0.4182959470079407,14,left,Daily Beast,False,727000.0
@TheDailyBeast,videos,F9,-0.029067246813837877,0.05727641616124727,0.6118105811607868,293,0.49200502221583864,0.4182959470079407,14,left,Daily Beast,False,727000.0
@TheDailyBeast,videos,F10,-0.09065925313560183,0.06125892317192085,0.13889046917447984,293,0.49200502221583864,0.4182959470079407,14,left,Daily Beast,False,727000.0
@TheDailyBeast,videos,F11,-0.16889840784814847,0.05319771842146905,0.0014987871239967928,293,0.49200502221583864,0.4182959470079407,14,left,Daily Beast,False,727000.0
@TheDailyBeast,videos,F12,-0.10290718584350123,0.054850149263103526,0.060634489603080925,293,0.49200502221583864,0.4182959470079407,14,left,Daily Beast,False,727000.0
@TheDailyBeast,videos,curiosity_gap,-0.006920914611953877,6.974534287350622,0.999208249643381,293,0.49200502221583864,0.4182959470079407,14,left,Daily Beast,False,727000.0
@TheDailyBeast,videos,outrage,0.08580909076960105,0.0586567164963158,0.14349390324288522,293,0.49200502221583864,0.4182959470079407,14,left,Daily Beast,False,727000.0
@TheDailyBeast,videos,n_tokens,-0.3113461096152865,0.056141751517642856,2.9275665987916353e-08,293,0.49200502221583864,0.4182959470079407,14,left,Daily Beast,False,727000.0
@TheDamageReport,videos,F1,-0.03998261587231369,0.02525285160977476,0.11335512448723634,2096,0.24232827999245088,0.20235062642421342,81,left,TYT Network,False,1370000.0
@TheDamageReport,videos,F2,0.013614135723669485,0.023620222671451422,0.5643608837604215,2096,0.24232827999245088,0.20235062642421342,81,left,TYT Network,False,1370000.0
@TheDamageReport,videos,F3,-0.04050983870949815,0.025528554664032397,0.11254793709277927,2096,0.24232827999245088,0.20235062642421342,81,left,TYT Network,False,1370000.0
@TheDamageReport,videos,F4,0.06328750570445998,0.027483939236029452,0.02129523895298668,2096,0.24232827999245088,0.20235062642421342,81,left,TYT Network,False,1370000.0
@TheDamageReport,videos,F5,-0.05188428430424526,0.022304292684360582,0.020007791247487677,2096,0.24232827999245088,0.20235062642421342,81,left,TYT Network,False,1370000.0
@TheDamageReport,videos,F6,0.02404674362558734,0.025144626746742643,0.3389018675346841,2096,0.24232827999245088,0.20235062642421342,81,left,TYT Network,False,1370000.0
@TheDamageReport,videos,F7,0.0074561483062732525,0.02390520745480027,0.7551128949605418,2096,0.24232827999245088,0.20235062642421342,81,left,TYT Network,False,1370000.0
@TheDamageReport,videos,F8,-0.020344561311917544,0.02414326592218625,0.39941869717903544,2096,0.24232827999245088,0.20235062642421342,81,left,TYT Network,False,1370000.0
@TheDamageReport,videos,F9,-0.031041562281803686,0.026581627562015896,0.24289446640525125,2096,0.24232827999245088,0.20235062642421342,81,left,TYT Network,False,1370000.0
@TheDamageReport,videos,F10,-0.024477104479555423,0.024683382429653542,0.3213716841681302,2096,0.24232827999245088,0.20235062642421342,81,left,TYT Network,False,1370000.0
@TheDamageReport,videos,F11,0.05936918051705284,0.0244017960559684,0.014974960667030498,2096,0.24232827999245088,0.20235062642421342,81,left,TYT Network,False,1370000.0
@TheDamageReport,videos,F12,0.01897739744649224,0.026212993712940055,0.46908470609941244,2096,0.24232827999245088,0.20235062642421342,81,left,TYT Network,False,1370000.0
@TheDamageReport,videos,curiosity_gap,-0.03362859676968647,0.02847008008006613,0.23752693375936762,2096,0.24232827999245088,0.20235062642421342,81,left,TYT Network,False,1370000.0
@TheDamageReport,videos,outrage,0.012300454800167171,0.02380247535932577,0.605315269397062,2096,0.24232827999245088,0.20235062642421342,81,left,TYT Network,False,1370000.0
@TheDamageReport,videos,humor,0.044623117167143345,0.019866927659653758,0.02469756805870391,2096,0.24232827999245088,0.20235062642421342,81,left,TYT Network,False,1370000.0
@TheDamageReport,videos,n_tokens,0.05841133361568724,0.024953740552707767,0.01924326152370894,2096,0.24232827999245088,0.20235062642421342,81,left,TYT Network,False,1370000.0
@TheDonLemonShow,streams,F1,-0.01016480811796111,0.03328556345848219,0.7600753168088338,348,0.5500661114989172,0.4914428035508933,16,left,Don Lemon,False,1450000.0
@TheDonLemonShow,streams,F2,0.004005875280652438,0.03497241306626179,0.908806677775102,348,0.5500661114989172,0.4914428035508933,16,left,Don Lemon,False,1450000.0
@TheDonLemonShow,streams,F3,0.036727087206607,0.02776449334868586,0.18589931653071656,348,0.5500661114989172,0.4914428035508933,16,left,Don Lemon,False,1450000.0
@TheDonLemonShow,streams,F4,-0.03361962298713886,0.023030008975417373,0.14434008414694505,348,0.5500661114989172,0.4914428035508933,16,left,Don Lemon,False,1450000.0
@TheDonLemonShow,streams,F5,-0.030689573816471416,0.028569407498062922,0.2827280916951984,348,0.5500661114989172,0.4914428035508933,16,left,Don Lemon,False,1450000.0
@TheDonLemonShow,streams,F6,0.009885703057196549,0.031480608294423236,0.7535019296982135,348,0.5500661114989172,0.4914428035508933,16,left,Don Lemon,False,1450000.0
@TheDonLemonShow,streams,F7,0.007853352133547487,0.02846548355973511,0.7826322883586153,348,0.5500661114989172,0.4914428035508933,16,left,Don Lemon,False,1450000.0
@TheDonLemonShow,streams,F8,-0.031741611279838156,0.029178403736497865,0.27666307584877803,348,0.5500661114989172,0.4914428035508933,16,left,Don Lemon,False,1450000.0
@TheDonLemonShow,streams,F9,-0.00015166842705643946,0.028618700082350266,0.995771529472099,348,0.5500661114989172,0.4914428035508933,16,left,Don Lemon,False,1450000.0
@TheDonLemonShow,streams,F10,0.01496534808575084,0.023595634315553785,0.5259227416162876,348,0.5500661114989172,0.4914428035508933,16,left,Don Lemon,False,1450000.0
@TheDonLemonShow,streams,F11,-0.03883083843665325,0.030963053396224856,0.20980480152163283,348,0.5500661114989172,0.4914428035508933,16,left,Don Lemon,False,1450000.0
@TheDonLemonShow,streams,F12,-0.0167084807421215,0.028222264183641977,0.5538292259485817,348,0.5500661114989172,0.4914428035508933,16,left,Don Lemon,False,1450000.0
@TheDonLemonShow,streams,curiosity_gap,0.005663629146811303,0.022555435101302333,0.8017381877787079,348,0.5500661114989172,0.4914428035508933,16,left,Don Lemon,False,1450000.0
@TheDonLemonShow,streams,outrage,0.03889613147144161,0.033251057760476654,0.24209303549554917,348,0.5500661114989172,0.4914428035508933,16,left,Don Lemon,False,1450000.0
@TheDonLemonShow,streams,humor,0.05505777853708532,3.430765424164558,0.9871958993311609,348,0.5500661114989172,0.4914428035508933,16,left,Don Lemon,False,1450000.0
@TheDonLemonShow,streams,n_tokens,-0.0336106613777145,0.03523229381273626,0.34009724707064126,348,0.5500661114989172,0.4914428035508933,16,left,Don Lemon,False,1450000.0
@TheDonLemonShow,videos,F1,0.07927903118838484,0.07222370561186003,0.27234113721960485,348,0.23582157737348985,0.133431658001964,17,left,Don Lemon,False,1450000.0
@TheDonLemonShow,videos,F2,0.013405980048360244,0.07278358838992288,0.853864717725719,348,0.23582157737348985,0.133431658001964,17,left,Don Lemon,False,1450000.0
@TheDonLemonShow,videos,F3,0.10033024011154598,0.06676579346971202,0.13291146805252355,348,0.23582157737348985,0.133431658001964,17,left,Don Lemon,False,1450000.0
@TheDonLemonShow,videos,F4,0.01821919184556184,0.0685651505934651,0.7904541848563976,348,0.23582157737348985,0.133431658001964,17,left,Don Lemon,False,1450000.0
@TheDonLemonShow,videos,F5,-0.01668244204628308,0.05840961014624726,0.7751758823090602,348,0.23582157737348985,0.133431658001964,17,left,Don Lemon,False,1450000.0
@TheDonLemonShow,videos,F6,0.08628198212765256,0.06813595213554664,0.20539820734453185,348,0.23582157737348985,0.133431658001964,17,left,Don Lemon,False,1450000.0
@TheDonLemonShow,videos,F7,-0.11766827670432176,0.07038557018095778,0.09457026751880014,348,0.23582157737348985,0.133431658001964,17,left,Don Lemon,False,1450000.0
@TheDonLemonShow,videos,F8,0.06978063038469112,0.07027401970674381,0.3207201567957222,348,0.23582157737348985,0.133431658001964,17,left,Don Lemon,False,1450000.0
@TheDonLemonShow,videos,F9,0.007231780749090748,0.06358326419154965,0.9094461435477229,348,0.23582157737348985,0.133431658001964,17,left,Don Lemon,False,1450000.0
@TheDonLemonShow,videos,F10,0.04831791849660688,0.069711478928762,0.4882387641971292,348,0.23582157737348985,0.133431658001964,17,left,Don Lemon,False,1450000.0
@TheDonLemonShow,videos,F11,-0.07586775561298684,0.08003235693529268,0.34314802067745753,348,0.23582157737348985,0.133431658001964,17,left,Don Lemon,False,1450000.0
@TheDonLemonShow,videos,F12,-0.06943920292078576,0.0695100227174787,0.31780381937260593,348,0.23582157737348985,0.133431658001964,17,left,Don Lemon,False,1450000.0
@TheDonLemonShow,videos,curiosity_gap,-0.05579316279236088,0.049446590271932295,0.25917125858196277,348,0.23582157737348985,0.133431658001964,17,left,Don Lemon,False,1450000.0
@TheDonLemonShow,videos,outrage,0.04486536160601923,0.0666647923701026,0.500947707566506,348,0.23582157737348985,0.133431658001964,17,left,Don Lemon,False,1450000.0
@TheDonLemonShow,videos,humor,-0.009983173803488454,0.06488358160506488,0.8777178642484191,348,0.23582157737348985,0.133431658001964,17,left,Don Lemon,False,1450000.0
@TheDonLemonShow,videos,n_tokens,-0.12183415140543152,0.0780255867584932,0.11841429156305007,348,0.23582157737348985,0.133431658001964,17,left,Don Lemon,False,1450000.0
@TheEconomist,videos,F1,0.0031119462812488896,0.15588894261818195,0.9840732193882555,130,0.40093749348606267,0.23486075900695136,5,left,The Economist,False,4150000.0
@TheEconomist,videos,F2,-0.09506363127503326,0.1492031398026661,0.5240321593860668,130,0.40093749348606267,0.23486075900695136,5,left,The Economist,False,4150000.0
@TheEconomist,videos,F3,-0.002192607053864676,0.17629583847063898,0.9900768944331813,130,0.40093749348606267,0.23486075900695136,5,left,The Economist,False,4150000.0
@TheEconomist,videos,F4,0.034439204447309746,0.18709024272349953,0.8539522367210595,130,0.40093749348606267,0.23486075900695136,5,left,The Economist,False,4150000.0
@TheEconomist,videos,F5,-0.22621913238883673,0.14243928073804354,0.1122457763755216,130,0.40093749348606267,0.23486075900695136,5,left,The Economist,False,4150000.0
@TheEconomist,videos,F6,0.37009426215203484,0.12900224779500125,0.004119048965124408,130,0.40093749348606267,0.23486075900695136,5,left,The Economist,False,4150000.0
@TheEconomist,videos,F7,0.0029959263149956783,0.1592623213906238,0.9849916643239722,130,0.40093749348606267,0.23486075900695136,5,left,The Economist,False,4150000.0
@TheEconomist,videos,F8,0.11833419281787838,0.1251359515525494,0.3443296597625144,130,0.40093749348606267,0.23486075900695136,5,left,The Economist,False,4150000.0
@TheEconomist,videos,F9,0.06401061420938794,0.11621726312015868,0.5817817231521158,130,0.40093749348606267,0.23486075900695136,5,left,The Economist,False,4150000.0
@TheEconomist,videos,F10,-0.009580673563919173,0.10703691942236672,0.9286780996525643,130,0.40093749348606267,0.23486075900695136,5,left,The Economist,False,4150000.0
@TheEconomist,videos,F11,-0.1168421528845871,0.15526654716345475,0.4517346484265886,130,0.40093749348606267,0.23486075900695136,5,left,The Economist,False,4150000.0
@TheEconomist,videos,F12,0.04632558045837554,0.2000112744171094,0.816837175847821,130,0.40093749348606267,0.23486075900695136,5,left,The Economist,False,4150000.0
@TheEconomist,videos,curiosity_gap,0.10069021917766655,0.10823246202413694,0.3522083184188083,130,0.40093749348606267,0.23486075900695136,5,left,The Economist,False,4150000.0
@TheEconomist,videos,outrage,0.21561482820551858,0.12111249520841241,0.07502923659433622,130,0.40093749348606267,0.23486075900695136,5,left,The Economist,False,4150000.0
@TheEconomist,videos,n_tokens,0.09626551743813022,0.14123920492034295,0.495505907787369,130,0.40093749348606267,0.23486075900695136,5,left,The Economist,False,4150000.0
@TheHumanistReport,videos,F1,-0.054918811134725076,0.11537255092782131,0.6340652581107877,146,0.2957619455399648,0.11204767046343389,7,left,Humanist Report,False,790000.0
@TheHumanistReport,videos,F2,-0.05430516087808618,0.06947122463099975,0.43439509364386697,146,0.2957619455399648,0.11204767046343389,7,left,Humanist Report,False,790000.0
@TheHumanistReport,videos,F3,-0.03701857005274442,0.06518723025405586,0.570115976783163,146,0.2957619455399648,0.11204767046343389,7,left,Humanist Report,False,790000.0
@TheHumanistReport,videos,F4,-0.02197412575245003,0.06610357488935041,0.739572419682594,146,0.2957619455399648,0.11204767046343389,7,left,Humanist Report,False,790000.0
@TheHumanistReport,videos,F5,0.03967839150143154,0.07336633752364832,0.5886278147927615,146,0.2957619455399648,0.11204767046343389,7,left,Humanist Report,False,790000.0
@TheHumanistReport,videos,F6,-0.05307825303939806,0.07309063453230225,0.4677175620477392,146,0.2957619455399648,0.11204767046343389,7,left,Humanist Report,False,790000.0
@TheHumanistReport,videos,F7,0.06442785261498188,0.056216753776387934,0.25176973964788263,146,0.2957619455399648,0.11204767046343389,7,left,Humanist Report,False,790000.0
@TheHumanistReport,videos,F8,-0.01312668948933815,0.06251995573975401,0.8336988977319484,146,0.2957619455399648,0.11204767046343389,7,left,Humanist Report,False,790000.0
@TheHumanistReport,videos,F9,-0.02387896063244277,0.06885678931216453,0.7287478391522242,146,0.2957619455399648,0.11204767046343389,7,left,Humanist Report,False,790000.0
@TheHumanistReport,videos,F10,0.10041523472224712,0.07147892693912222,0.1600739423253208,146,0.2957619455399648,0.11204767046343389,7,left,Humanist Report,False,790000.0
@TheHumanistReport,videos,F11,-0.007823645710677785,0.10201801743830587,0.9388710648940446,146,0.2957619455399648,0.11204767046343389,7,left,Humanist Report,False,790000.0
@TheHumanistReport,videos,F12,-0.0012973575929489112,0.0725199167791312,0.9857268674957794,146,0.2957619455399648,0.11204767046343389,7,left,Humanist Report,False,790000.0
@TheHumanistReport,videos,curiosity_gap,0.07738732950533012,0.062033053810772724,0.21220775268077974,146,0.2957619455399648,0.11204767046343389,7,left,Humanist Report,False,790000.0
@TheHumanistReport,videos,outrage,0.051617870290179696,0.07106726834258831,0.46764010358084407,146,0.2957619455399648,0.11204767046343389,7,left,Humanist Report,False,790000.0
@TheHumanistReport,videos,n_tokens,-0.009339657889730069,0.08264297954081518,0.9100209505413696,146,0.2957619455399648,0.11204767046343389,7,left,Humanist Report,False,790000.0
@TheJoyReidShow,streams,F1,-0.1409334010698325,0.09286609425571776,0.1291157655009651,127,0.5550476601581116,0.43369702201941474,4,left,Joy Reid,False,503000.0
@TheJoyReidShow,streams,F2,-0.014320338393953747,0.06608776430928259,0.8284525273593549,127,0.5550476601581116,0.43369702201941474,4,left,Joy Reid,False,503000.0
@TheJoyReidShow,streams,F3,-0.008246391675211712,0.09390204606333076,0.9300204694922308,127,0.5550476601581116,0.43369702201941474,4,left,Joy Reid,False,503000.0
@TheJoyReidShow,streams,F4,0.034869651771136545,0.06937148142253033,0.6152095922310621,127,0.5550476601581116,0.43369702201941474,4,left,Joy Reid,False,503000.0
@TheJoyReidShow,streams,F5,-0.006711741889409373,0.0736416071830234,0.9273808551931271,127,0.5550476601581116,0.43369702201941474,4,left,Joy Reid,False,503000.0
@TheJoyReidShow,streams,F6,-0.002968705981911901,0.09297621316281347,0.9745280844710557,127,0.5550476601581116,0.43369702201941474,4,left,Joy Reid,False,503000.0
@TheJoyReidShow,streams,F7,-0.1325949799895385,0.08457248024219745,0.11692161677906796,127,0.5550476601581116,0.43369702201941474,4,left,Joy Reid,False,503000.0
@TheJoyReidShow,streams,F8,0.009659893709653145,0.07871200408823001,0.9023252385406193,127,0.5550476601581116,0.43369702201941474,4,left,Joy Reid,False,503000.0
@TheJoyReidShow,streams,F9,0.13091593902797638,0.08211573506880122,0.11087206763539252,127,0.5550476601581116,0.43369702201941474,4,left,Joy Reid,False,503000.0
@TheJoyReidShow,streams,F10,0.018277667231200445,0.0751778185122274,0.8079079456111303,127,0.5550476601581116,0.43369702201941474,4,left,Joy Reid,False,503000.0
@TheJoyReidShow,streams,F11,-0.06475698564568777,0.12017829831301458,0.5899966210576915,127,0.5550476601581116,0.43369702201941474,4,left,Joy Reid,False,503000.0
@TheJoyReidShow,streams,F12,0.09261693128819404,0.07773117294913573,0.23345615173373868,127,0.5550476601581116,0.43369702201941474,4,left,Joy Reid,False,503000.0
@TheJoyReidShow,streams,curiosity_gap,0.12403101586363507,0.04962296589430016,0.012437992784164876,127,0.5550476601581116,0.43369702201941474,4,left,Joy Reid,False,503000.0
@TheJoyReidShow,streams,outrage,0.156126580224003,0.0678445311011017,0.021378042883753976,127,0.5550476601581116,0.43369702201941474,4,left,Joy Reid,False,503000.0
@TheJoyReidShow,streams,n_tokens,-0.20488735072050124,0.12446914499241395,0.09974533706694437,127,0.5550476601581116,0.43369702201941474,4,left,Joy Reid,False,503000.0
@TheJoyReidShow,videos,F1,0.2267116639321849,0.10563795782306072,0.03186345894913426,233,0.34829737908498715,0.23638884822079298,11,left,Joy Reid,False,503000.0
@TheJoyReidShow,videos,F2,0.12193379542991367,0.09141386014702022,0.1822479358341237,233,0.34829737908498715,0.23638884822079298,11,left,Joy Reid,False,503000.0
@TheJoyReidShow,videos,F3,-0.18322945339196323,0.10641898064972288,0.08511043317763566,233,0.34829737908498715,0.23638884822079298,11,left,Joy Reid,False,503000.0
@TheJoyReidShow,videos,F4,0.0368359198276752,0.10606163778382285,0.7283609007496824,233,0.34829737908498715,0.23638884822079298,11,left,Joy Reid,False,503000.0
@TheJoyReidShow,videos,F5,-0.08775858266163816,0.08249985141810803,0.2874454511296479,233,0.34829737908498715,0.23638884822079298,11,left,Joy Reid,False,503000.0
@TheJoyReidShow,videos,F6,-0.026552859334648737,0.11052534200155459,0.8101424443501966,233,0.34829737908498715,0.23638884822079298,11,left,Joy Reid,False,503000.0
@TheJoyReidShow,videos,F7,-0.08484875196935115,0.09550237895385248,0.3743006352050532,233,0.34829737908498715,0.23638884822079298,11,left,Joy Reid,False,503000.0
@TheJoyReidShow,videos,F8,-0.15556881224867908,0.11238377275110101,0.16627762897660103,233,0.34829737908498715,0.23638884822079298,11,left,Joy Reid,False,503000.0
@TheJoyReidShow,videos,F9,-0.03989414883237975,0.10787799475266384,0.7115255309023321,233,0.34829737908498715,0.23638884822079298,11,left,Joy Reid,False,503000.0
@TheJoyReidShow,videos,F10,0.16409479314657305,0.08132785719036187,0.04362305853036321,233,0.34829737908498715,0.23638884822079298,11,left,Joy Reid,False,503000.0
@TheJoyReidShow,videos,F11,-0.35631278079990025,0.13928279601886048,0.010521657684199015,233,0.34829737908498715,0.23638884822079298,11,left,Joy Reid,False,503000.0
@TheJoyReidShow,videos,F12,-0.19596701272152134,0.09685014262158338,0.043031462418072555,233,0.34829737908498715,0.23638884822079298,11,left,Joy Reid,False,503000.0
@TheJoyReidShow,videos,curiosity_gap,-0.08820323243370176,0.0822142993087757,0.2833404892332688,233,0.34829737908498715,0.23638884822079298,11,left,Joy Reid,False,503000.0
@TheJoyReidShow,videos,outrage,0.09778440011741912,0.09388148923229017,0.29760981192360336,233,0.34829737908498715,0.23638884822079298,11,left,Joy Reid,False,503000.0
@TheJoyReidShow,videos,n_tokens,0.09081976157765637,0.11285449627440733,0.4209634194580687,233,0.34829737908498715,0.23638884822079298,11,left,Joy Reid,False,503000.0
@TheLincolnProject,videos,F1,-0.12738171177510682,0.09458317961851193,0.17805458196502333,119,0.338236014345183,0.1512157575296913,3,left,Lincoln Project,False,1620000.0
@TheLincolnProject,videos,F2,-0.07704493551253697,0.09677510893903288,0.42596027394372893,119,0.338236014345183,0.1512157575296913,3,left,Lincoln Project,False,1620000.0
@TheLincolnProject,videos,F3,-0.27084338276981024,0.1129869269320492,0.016524446933807505,119,0.338236014345183,0.1512157575296913,3,left,Lincoln Project,False,1620000.0
@TheLincolnProject,videos,F4,0.09483845654482458,0.10319703280777959,0.3580936289727291,119,0.338236014345183,0.1512157575296913,3,left,Lincoln Project,False,1620000.0
@TheLincolnProject,videos,F5,0.0005704919552317333,0.11035753082101428,0.9958753635353073,119,0.338236014345183,0.1512157575296913,3,left,Lincoln Project,False,1620000.0
@TheLincolnProject,videos,F6,-0.04223004745956205,0.09017818306247623,0.6395732056841344,119,0.338236014345183,0.1512157575296913,3,left,Lincoln Project,False,1620000.0
@TheLincolnProject,videos,F7,-0.07374737773778706,0.07669505107718658,0.3362674984005509,119,0.338236014345183,0.1512157575296913,3,left,Lincoln Project,False,1620000.0
@TheLincolnProject,videos,F8,-0.09830252359181685,0.07299492101987604,0.17807570941270534,119,0.338236014345183,0.1512157575296913,3,left,Lincoln Project,False,1620000.0
@TheLincolnProject,videos,F9,0.06296921270873035,0.10969427080197683,0.5659387997367945,119,0.338236014345183,0.1512157575296913,3,left,Lincoln Project,False,1620000.0
@TheLincolnProject,videos,F10,-0.05207946249031792,0.10546924702210744,0.6214558154621588,119,0.338236014345183,0.1512157575296913,3,left,Lincoln Project,False,1620000.0
@TheLincolnProject,videos,F11,-0.10896420680728292,0.11861085823529591,0.35826833975328565,119,0.338236014345183,0.1512157575296913,3,left,Lincoln Project,False,1620000.0
@TheLincolnProject,videos,F12,-0.015135996548123365,0.10997359351707842,0.8905304666471376,119,0.338236014345183,0.1512157575296913,3,left,Lincoln Project,False,1620000.0
@TheLincolnProject,videos,curiosity_gap,0.033937214889373624,0.13269062201293352,0.7981346409032001,119,0.338236014345183,0.1512157575296913,3,left,Lincoln Project,False,1620000.0
@TheLincolnProject,videos,outrage,0.09402189336087496,0.08510546737068367,0.26925963887336035,119,0.338236014345183,0.1512157575296913,3,left,Lincoln Project,False,1620000.0
@TheLincolnProject,videos,n_tokens,-0.10153352493203494,0.11573818544452406,0.3803405331403783,119,0.338236014345183,0.1512157575296913,3,left,Lincoln Project,False,1620000.0
@TheMajorityReport,streams,F1,-0.008760945943631276,inf,1.0,183,0.2360346250647929,0.08525198527494937,7,left,Majority Report,False,2090000.0
@TheMajorityReport,streams,F2,-0.007124262982737384,inf,1.0,183,0.2360346250647929,0.08525198527494937,7,left,Majority Report,False,2090000.0
@TheMajorityReport,streams,F3,-0.01645182720228139,inf,1.0,183,0.2360346250647929,0.08525198527494937,7,left,Majority Report,False,2090000.0
@TheMajorityReport,streams,F4,0.009237369955122254,inf,1.0,183,0.2360346250647929,0.08525198527494937,7,left,Majority Report,False,2090000.0
@TheMajorityReport,streams,F5,-0.00542783495209348,inf,1.0,183,0.2360346250647929,0.08525198527494937,7,left,Majority Report,False,2090000.0
@TheMajorityReport,streams,F6,-0.03335241120944388,inf,1.0,183,0.2360346250647929,0.08525198527494937,7,left,Majority Report,False,2090000.0
@TheMajorityReport,streams,F7,0.019461972634869096,inf,1.0,183,0.2360346250647929,0.08525198527494937,7,left,Majority Report,False,2090000.0
@TheMajorityReport,streams,F8,-0.015981294531848267,inf,1.0,183,0.2360346250647929,0.08525198527494937,7,left,Majority Report,False,2090000.0
@TheMajorityReport,streams,F9,0.12016430359879793,inf,1.0,183,0.2360346250647929,0.08525198527494937,7,left,Majority Report,False,2090000.0
@TheMajorityReport,streams,F10,-0.041746450703004756,inf,1.0,183,0.2360346250647929,0.08525198527494937,7,left,Majority Report,False,2090000.0
@TheMajorityReport,streams,F11,-0.07577630695008486,inf,1.0,183,0.2360346250647929,0.08525198527494937,7,left,Majority Report,False,2090000.0
@TheMajorityReport,streams,F12,-6.832427969258315e-05,inf,1.0,183,0.2360346250647929,0.08525198527494937,7,left,Majority Report,False,2090000.0
@TheMajorityReport,streams,curiosity_gap,0.0004643967425145834,inf,1.0,183,0.2360346250647929,0.08525198527494937,7,left,Majority Report,False,2090000.0
@TheMajorityReport,streams,outrage,0.044675898369607225,inf,1.0,183,0.2360346250647929,0.08525198527494937,7,left,Majority Report,False,2090000.0
@TheMajorityReport,streams,n_tokens,0.02276652153884484,inf,1.0,183,0.2360346250647929,0.08525198527494937,7,left,Majority Report,False,2090000.0
@TheMajorityReport,videos,F1,-0.012508095815311315,0.027339780116695456,0.6473078539746475,1520,0.34183335991017305,0.2889366100309765,89,left,Majority Report,False,2090000.0
@TheMajorityReport,videos,F2,0.10749434682166772,0.026969520964048078,6.726123040896942e-05,1520,0.34183335991017305,0.2889366100309765,89,left,Majority Report,False,2090000.0
@TheMajorityReport,videos,F3,-0.15670946775304073,0.02760784897552768,1.3766743191941308e-08,1520,0.34183335991017305,0.2889366100309765,89,left,Majority Report,False,2090000.0
@TheMajorityReport,videos,F4,0.03107342630261893,0.024839307333240277,0.21094251444424927,1520,0.34183335991017305,0.2889366100309765,89,left,Majority Report,False,2090000.0
@TheMajorityReport,videos,F5,-0.08198322121865097,0.026220666215142727,0.0017680167744836624,1520,0.34183335991017305,0.2889366100309765,89,left,Majority Report,False,2090000.0
@TheMajorityReport,videos,F6,-0.09723372868533586,0.02802058793849786,0.0005203001266548381,1520,0.34183335991017305,0.2889366100309765,89,left,Majority Report,False,2090000.0
@TheMajorityReport,videos,F7,-0.08749296419853542,0.024435455421496836,0.00034283980646943144,1520,0.34183335991017305,0.2889366100309765,89,left,Majority Report,False,2090000.0
@TheMajorityReport,videos,F8,5.740614509860964e-05,0.02460101530044562,0.9981381485787413,1520,0.34183335991017305,0.2889366100309765,89,left,Majority Report,False,2090000.0
@TheMajorityReport,videos,F9,0.059226110802841125,0.02863716259184158,0.038625385225440324,1520,0.34183335991017305,0.2889366100309765,89,left,Majority Report,False,2090000.0
@TheMajorityReport,videos,F10,-0.04625740322977977,0.021959013331773483,0.0351580125423521,1520,0.34183335991017305,0.2889366100309765,89,left,Majority Report,False,2090000.0
@TheMajorityReport,videos,F11,-0.07236194235148166,0.029356474662883197,0.01370362786633428,1520,0.34183335991017305,0.2889366100309765,89,left,Majority Report,False,2090000.0
@TheMajorityReport,videos,F12,-0.1493371643333038,0.027062379508999812,3.423785408989164e-08,1520,0.34183335991017305,0.2889366100309765,89,left,Majority Report,False,2090000.0
@TheMajorityReport,videos,curiosity_gap,0.013447521265146992,0.02130080167506183,0.5278344074611467,1520,0.34183335991017305,0.2889366100309765,89,left,Majority Report,False,2090000.0
@TheMajorityReport,videos,outrage,0.080279402395596,0.028183462611830138,0.004393168658279441,1520,0.34183335991017305,0.2889366100309765,89,left,Majority Report,False,2090000.0
@TheMajorityReport,videos,humor,-0.015320616223338121,0.10266032179819017,0.8813674107804965,1520,0.34183335991017305,0.2889366100309765,89,left,Majority Report,False,2090000.0
@TheMajorityReport,videos,n_tokens,0.03348947555543676,0.032246818003109703,0.29902066817701034,1520,0.34183335991017305,0.2889366100309765,89,left,Majority Report,False,2090000.0
@TheMichaelCohenShow,videos,F1,0.009103213107007735,0.04481800433357976,0.839045075302244,435,0.5931562033944713,0.5484137909800525,22,left,MeidasTouch Network,False,472000.0
@TheMichaelCohenShow,videos,F2,0.06561197160794358,0.03630329582373078,0.07071111597980527,435,0.5931562033944713,0.5484137909800525,22,left,MeidasTouch Network,False,472000.0
@TheMichaelCohenShow,videos,F3,-0.031021395734829968,0.035419394067535935,0.381122031220126,435,0.5931562033944713,0.5484137909800525,22,left,MeidasTouch Network,False,472000.0
@TheMichaelCohenShow,videos,F4,-0.009843757399758901,0.04781223076039164,0.8368817839293923,435,0.5931562033944713,0.5484137909800525,22,left,MeidasTouch Network,False,472000.0
@TheMichaelCohenShow,videos,F5,0.017563185092973214,0.0632603865091166,0.7812939249019863,435,0.5931562033944713,0.5484137909800525,22,left,MeidasTouch Network,False,472000.0
@TheMichaelCohenShow,videos,F6,-0.009343153587614311,0.03759250712225178,0.8037184388983492,435,0.5931562033944713,0.5484137909800525,22,left,MeidasTouch Network,False,472000.0
@TheMichaelCohenShow,videos,F7,-0.052574099814619885,0.04813071591510562,0.2746928722996852,435,0.5931562033944713,0.5484137909800525,22,left,MeidasTouch Network,False,472000.0
@TheMichaelCohenShow,videos,F8,-0.06434394067945204,0.07976997582443562,0.4198862943272563,435,0.5931562033944713,0.5484137909800525,22,left,MeidasTouch Network,False,472000.0
@TheMichaelCohenShow,videos,F9,0.06396307200924367,0.048564025729256374,0.18780929116100653,435,0.5931562033944713,0.5484137909800525,22,left,MeidasTouch Network,False,472000.0
@TheMichaelCohenShow,videos,F10,-0.07019254914887663,0.02491703928761641,0.004846695785034999,435,0.5931562033944713,0.5484137909800525,22,left,MeidasTouch Network,False,472000.0
@TheMichaelCohenShow,videos,F11,-0.022477456921658368,0.04315484201886452,0.6024671125270149,435,0.5931562033944713,0.5484137909800525,22,left,MeidasTouch Network,False,472000.0
@TheMichaelCohenShow,videos,F12,-0.09894125034919132,0.0418441866755009,0.01805364581382207,435,0.5931562033944713,0.5484137909800525,22,left,MeidasTouch Network,False,472000.0
@TheMichaelCohenShow,videos,curiosity_gap,-0.025594825537099353,0.027608345824802153,0.35389101148457436,435,0.5931562033944713,0.5484137909800525,22,left,MeidasTouch Network,False,472000.0
@TheMichaelCohenShow,videos,outrage,0.0159735921142099,0.04063738052627599,0.6942631110157566,435,0.5931562033944713,0.5484137909800525,22,left,MeidasTouch Network,False,472000.0
@TheMichaelCohenShow,videos,n_tokens,0.022801699976406548,0.05648850607745934,0.6864686215478497,435,0.5931562033944713,0.5484137909800525,22,left,MeidasTouch Network,False,472000.0
@TheOfficerTatum,streams,F1,0.02940599262473098,0.08397970375503064,0.726221666277278,135,0.443953134434958,0.29707283032343745,5,right,Officer Tatum,False,3840000.0
@TheOfficerTatum,streams,F2,-0.04945934669038565,0.05865012483692897,0.3990635770119966,135,0.443953134434958,0.29707283032343745,5,right,Officer Tatum,False,3840000.0
@TheOfficerTatum,streams,F3,0.05238663727536172,0.09890720904361043,0.5963515777778492,135,0.443953134434958,0.29707283032343745,5,right,Officer Tatum,False,3840000.0
@TheOfficerTatum,streams,F4,0.010865867839476628,0.06408004660274999,0.865350596113298,135,0.443953134434958,0.29707283032343745,5,right,Officer Tatum,False,3840000.0
@TheOfficerTatum,streams,F5,0.020253996454926426,0.06648817930965767,0.7606513781438642,135,0.443953134434958,0.29707283032343745,5,right,Officer Tatum,False,3840000.0
@TheOfficerTatum,streams,F6,0.05210593180406731,0.09086488916776177,0.56634405876832,135,0.443953134434958,0.29707283032343745,5,right,Officer Tatum,False,3840000.0
@TheOfficerTatum,streams,F7,0.01488367859800048,0.07248096792631303,0.8373017879677604,135,0.443953134434958,0.29707283032343745,5,right,Officer Tatum,False,3840000.0
@TheOfficerTatum,streams,F8,-0.0414706350238041,0.0791370172219628,0.6002535970636562,135,0.443953134434958,0.29707283032343745,5,right,Officer Tatum,False,3840000.0
@TheOfficerTatum,streams,F9,-0.10232407976438695,0.07220903548583268,0.1564672324449789,135,0.443953134434958,0.29707283032343745,5,right,Officer Tatum,False,3840000.0
@TheOfficerTatum,streams,F10,-0.05373723031862185,0.05125212616763892,0.2944139085415375,135,0.443953134434958,0.29707283032343745,5,right,Officer Tatum,False,3840000.0
@TheOfficerTatum,streams,F11,0.058043864434466186,0.10103099933303845,0.565619086180629,135,0.443953134434958,0.29707283032343745,5,right,Officer Tatum,False,3840000.0
@TheOfficerTatum,streams,F12,-0.028090710840790067,0.07676978669919521,0.7144334181809822,135,0.443953134434958,0.29707283032343745,5,right,Officer Tatum,False,3840000.0
@TheOfficerTatum,streams,curiosity_gap,0.02129291113645504,0.07069341719120965,0.7632614086903275,135,0.443953134434958,0.29707283032343745,5,right,Officer Tatum,False,3840000.0
@TheOfficerTatum,streams,outrage,0.013095416053881759,0.06974265097362285,0.8510587695228282,135,0.443953134434958,0.29707283032343745,5,right,Officer Tatum,False,3840000.0
@TheOfficerTatum,streams,n_tokens,-0.04438571852335749,0.1005203423821841,0.658807950420983,135,0.443953134434958,0.29707283032343745,5,right,Officer Tatum,False,3840000.0
@TheOfficerTatum,videos,F1,0.0820048100380599,0.03623763032397884,0.023637300941626204,564,0.28977619866208404,0.21132938825789616,32,right,Officer Tatum,False,3840000.0
@TheOfficerTatum,videos,F2,0.06955241579939023,0.02943937049336467,0.01814897601374902,564,0.28977619866208404,0.21132938825789616,32,right,Officer Tatum,False,3840000.0
@TheOfficerTatum,videos,F3,-0.029870915247808605,0.02877856945602175,0.2992901129587803,564,0.28977619866208404,0.21132938825789616,32,right,Officer Tatum,False,3840000.0
@TheOfficerTatum,videos,F4,-0.014608620217917923,0.03248754925537342,0.6529496503652307,564,0.28977619866208404,0.21132938825789616,32,right,Officer Tatum,False,3840000.0
@TheOfficerTatum,videos,F5,-0.04662711492624576,0.030606721343589265,0.12765183573229524,564,0.28977619866208404,0.21132938825789616,32,right,Officer Tatum,False,3840000.0
@TheOfficerTatum,videos,F6,-0.00580704147021302,0.03570672473458518,0.8708085117201511,564,0.28977619866208404,0.21132938825789616,32,right,Officer Tatum,False,3840000.0
@TheOfficerTatum,videos,F7,0.03152239493534151,0.029566979922575683,0.2863625772312879,564,0.28977619866208404,0.21132938825789616,32,right,Officer Tatum,False,3840000.0
@TheOfficerTatum,videos,F8,0.06530788684764033,0.028948319718002918,0.024069597986775226,564,0.28977619866208404,0.21132938825789616,32,right,Officer Tatum,False,3840000.0
@TheOfficerTatum,videos,F9,-0.008098007269582624,0.03000742355934462,0.7872627322104084,564,0.28977619866208404,0.21132938825789616,32,right,Officer Tatum,False,3840000.0
@TheOfficerTatum,videos,F10,-0.04035305380489315,0.032625278150377704,0.21613732928730944,564,0.28977619866208404,0.21132938825789616,32,right,Officer Tatum,False,3840000.0
@TheOfficerTatum,videos,F11,-0.043894353741237985,0.04239843374850451,0.30053703029753487,564,0.28977619866208404,0.21132938825789616,32,right,Officer Tatum,False,3840000.0
@TheOfficerTatum,videos,F12,-0.0046686861730287355,0.033078761722735536,0.8877605446985625,564,0.28977619866208404,0.21132938825789616,32,right,Officer Tatum,False,3840000.0
@TheOfficerTatum,videos,curiosity_gap,0.03839383136039795,0.028282500311477273,0.17461860789718409,564,0.28977619866208404,0.21132938825789616,32,right,Officer Tatum,False,3840000.0
@TheOfficerTatum,videos,outrage,-0.07347664717759694,0.03152055235153624,0.019749613344466344,564,0.28977619866208404,0.21132938825789616,32,right,Officer Tatum,False,3840000.0
@TheOfficerTatum,videos,humor,0.045469904752968054,0.0526098161382316,0.38743103697259396,564,0.28977619866208404,0.21132938825789616,32,right,Officer Tatum,False,3840000.0
@TheOfficerTatum,videos,n_tokens,0.009753935882357817,0.03608749306665448,0.7869404113200603,564,0.28977619866208404,0.21132938825789616,32,right,Officer Tatum,False,3840000.0
@ThePodcastoftheLotusEaters,streams,F1,-0.040104848874211646,0.03892147055211096,0.30282027658139066,179,0.5626539591986095,0.4740027347118412,7,right,Lotus Eaters,False,600000.0
@ThePodcastoftheLotusEaters,streams,F2,0.026233311764077172,0.047804632666861864,0.5831695677692903,179,0.5626539591986095,0.4740027347118412,7,right,Lotus Eaters,False,600000.0
@ThePodcastoftheLotusEaters,streams,F3,0.08821830277243753,0.07399974205519771,0.233205029086046,179,0.5626539591986095,0.4740027347118412,7,right,Lotus Eaters,False,600000.0
@ThePodcastoftheLotusEaters,streams,F4,-0.043644303223805414,0.038868183937970986,0.26148849721531753,179,0.5626539591986095,0.4740027347118412,7,right,Lotus Eaters,False,600000.0
@ThePodcastoftheLotusEaters,streams,F5,-0.06546210239593703,0.03482282802083251,0.06012692217384455,179,0.5626539591986095,0.4740027347118412,7,right,Lotus Eaters,False,600000.0
@ThePodcastoftheLotusEaters,streams,F6,0.09808852289728315,0.0500382458988957,0.049964122383138174,179,0.5626539591986095,0.4740027347118412,7,right,Lotus Eaters,False,600000.0
@ThePodcastoftheLotusEaters,streams,F7,-0.013554476964797557,0.046769912399630756,0.7719601469523979,179,0.5626539591986095,0.4740027347118412,7,right,Lotus Eaters,False,600000.0
@ThePodcastoftheLotusEaters,streams,F8,-0.021414150983290886,0.03806585409909379,0.5737376835699333,179,0.5626539591986095,0.4740027347118412,7,right,Lotus Eaters,False,600000.0
@ThePodcastoftheLotusEaters,streams,F9,0.03313040858396174,0.03766206214369071,0.37903490614416,179,0.5626539591986095,0.4740027347118412,7,right,Lotus Eaters,False,600000.0
@ThePodcastoftheLotusEaters,streams,F10,-0.024707532142801414,0.034229375351546076,0.4704036348369165,179,0.5626539591986095,0.4740027347118412,7,right,Lotus Eaters,False,600000.0
@ThePodcastoftheLotusEaters,streams,F11,0.004060092007086485,0.0492956564428814,0.9343588021243273,179,0.5626539591986095,0.4740027347118412,7,right,Lotus Eaters,False,600000.0
@ThePodcastoftheLotusEaters,streams,F12,-0.01671316794335509,0.03992536487441149,0.6755009795290771,179,0.5626539591986095,0.4740027347118412,7,right,Lotus Eaters,False,600000.0
@ThePodcastoftheLotusEaters,streams,curiosity_gap,0.0334955299730188,0.045822505288523725,0.4647887690727438,179,0.5626539591986095,0.4740027347118412,7,right,Lotus Eaters,False,600000.0
@ThePodcastoftheLotusEaters,streams,outrage,-0.04227397721472648,0.04259070121457464,0.3209226996476072,179,0.5626539591986095,0.4740027347118412,7,right,Lotus Eaters,False,600000.0
@ThePodcastoftheLotusEaters,streams,n_tokens,-0.00758707243432305,0.06496543418214817,0.9070294035419211,179,0.5626539591986095,0.4740027347118412,7,right,Lotus Eaters,False,600000.0
@ThePodcastoftheLotusEaters,videos,F1,0.04012193445457855,0.030829216608067048,0.19311278536317722,588,0.16290614931405423,0.07287907480632039,33,right,Lotus Eaters,False,600000.0
@ThePodcastoftheLotusEaters,videos,F2,0.02373567799085649,0.04362279536078207,0.5863645363443892,588,0.16290614931405423,0.07287907480632039,33,right,Lotus Eaters,False,600000.0
@ThePodcastoftheLotusEaters,videos,F3,-0.0014625849209201347,0.03282092037478192,0.9644559690922491,588,0.16290614931405423,0.07287907480632039,33,right,Lotus Eaters,False,600000.0
@ThePodcastoftheLotusEaters,videos,F4,-0.00042974476353091484,0.03282559792259542,0.989554587301847,588,0.16290614931405423,0.07287907480632039,33,right,Lotus Eaters,False,600000.0
@ThePodcastoftheLotusEaters,videos,F5,-0.06420928085314576,0.031119538532287678,0.03908310584479199,588,0.16290614931405423,0.07287907480632039,33,right,Lotus Eaters,False,600000.0
@ThePodcastoftheLotusEaters,videos,F6,-0.007172069938526954,0.035401158283416514,0.8394522105431059,588,0.16290614931405423,0.07287907480632039,33,right,Lotus Eaters,False,600000.0
@ThePodcastoftheLotusEaters,videos,F7,-0.00262956599457681,0.032033249426643894,0.9345762237634705,588,0.16290614931405423,0.07287907480632039,33,right,Lotus Eaters,False,600000.0
@ThePodcastoftheLotusEaters,videos,F8,-0.09580000357089569,0.04735118312060297,0.0430545125702224,588,0.16290614931405423,0.07287907480632039,33,right,Lotus Eaters,False,600000.0
@ThePodcastoftheLotusEaters,videos,F9,-0.02186049330075568,0.03380390225406088,0.5178355119055535,588,0.16290614931405423,0.07287907480632039,33,right,Lotus Eaters,False,600000.0
@ThePodcastoftheLotusEaters,videos,F10,0.015611902191012134,0.03359065917588164,0.6420967807148403,588,0.16290614931405423,0.07287907480632039,33,right,Lotus Eaters,False,600000.0
@ThePodcastoftheLotusEaters,videos,F11,-0.057292751251824175,0.03825415606764532,0.13421459767969107,588,0.16290614931405423,0.07287907480632039,33,right,Lotus Eaters,False,600000.0
@ThePodcastoftheLotusEaters,videos,F12,0.007630991854629482,0.03826749428778526,0.8419405911839489,588,0.16290614931405423,0.07287907480632039,33,right,Lotus Eaters,False,600000.0
@ThePodcastoftheLotusEaters,videos,curiosity_gap,0.0102572273506768,0.025052016455413512,0.6822188481470528,588,0.16290614931405423,0.07287907480632039,33,right,Lotus Eaters,False,600000.0
@ThePodcastoftheLotusEaters,videos,outrage,0.005728643861266203,0.03286131859959353,0.8616077930778601,588,0.16290614931405423,0.07287907480632039,33,right,Lotus Eaters,False,600000.0
@ThePodcastoftheLotusEaters,videos,humor,0.022339587071587258,0.3849446200219602,0.953722144094862,588,0.16290614931405423,0.07287907480632039,33,right,Lotus Eaters,False,600000.0
@ThePodcastoftheLotusEaters,videos,n_tokens,0.009723238390037886,0.03369741899275496,0.7729292118481172,588,0.16290614931405423,0.07287907480632039,33,right,Lotus Eaters,False,600000.0
@TheQuartering,videos,F1,-0.012728888070649147,0.028830990809673603,0.6588509202225472,637,0.3775571987456203,0.316280446290526,33,right,TheQuartering,False,2190000.0
@TheQuartering,videos,F2,-0.016871268162198055,0.028798169977442886,0.5579795806720899,637,0.3775571987456203,0.316280446290526,33,right,TheQuartering,False,2190000.0
@TheQuartering,videos,F3,0.04127193496518233,0.030352872491693203,0.173913048397759,637,0.3775571987456203,0.316280446290526,33,right,TheQuartering,False,2190000.0
@TheQuartering,videos,F4,-0.008886306965309398,0.02630822442097288,0.7355314199005374,637,0.3775571987456203,0.316280446290526,33,right,TheQuartering,False,2190000.0
@TheQuartering,videos,F5,0.0006165566914682619,0.027229954366035383,0.9819353706468231,637,0.3775571987456203,0.316280446290526,33,right,TheQuartering,False,2190000.0
@TheQuartering,videos,F6,0.004190164393379409,0.03238124805681802,0.8970403927694512,637,0.3775571987456203,0.316280446290526,33,right,TheQuartering,False,2190000.0
@TheQuartering,videos,F7,-0.005429319144509448,0.03158803897895717,0.8635326914729959,637,0.3775571987456203,0.316280446290526,33,right,TheQuartering,False,2190000.0
@TheQuartering,videos,F8,-0.00935577008346511,0.030849061416133552,0.7616797783762863,637,0.3775571987456203,0.316280446290526,33,right,TheQuartering,False,2190000.0
@TheQuartering,videos,F9,0.02566134713776967,0.032355600979142585,0.4277174021740915,637,0.3775571987456203,0.316280446290526,33,right,TheQuartering,False,2190000.0
@TheQuartering,videos,F10,0.03457228126487438,0.029405274568229972,0.2397079821319641,637,0.3775571987456203,0.316280446290526,33,right,TheQuartering,False,2190000.0
@TheQuartering,videos,F11,0.03047417051005502,0.03354875537822841,0.36369083724877616,637,0.3775571987456203,0.316280446290526,33,right,TheQuartering,False,2190000.0
@TheQuartering,videos,F12,0.007931066546078044,0.026574877023090908,0.7653656335322873,637,0.3775571987456203,0.316280446290526,33,right,TheQuartering,False,2190000.0
@TheQuartering,videos,curiosity_gap,-0.01970273171212833,0.01823457827797387,0.27991299959259874,637,0.3775571987456203,0.316280446290526,33,right,TheQuartering,False,2190000.0
@TheQuartering,videos,outrage,-0.0071004873933812815,0.027513420702184634,0.7963501095582465,637,0.3775571987456203,0.316280446290526,33,right,TheQuartering,False,2190000.0
@TheQuartering,videos,humor,-0.026444087453995957,1.1320474908141276,0.9813634935251873,637,0.3775571987456203,0.316280446290526,33,right,TheQuartering,False,2190000.0
@TheQuartering,videos,n_tokens,-0.005503336434882461,0.049248872147385055,0.911025256313358,637,0.3775571987456203,0.316280446290526,33,right,TheQuartering,False,2190000.0
@TheRealTabithaSpeaks,videos,F1,-0.12207966657959621,0.04820156116354543,0.011319064130457948,425,0.20274454685143628,0.10335195720161539,24,left,Tabitha Speaks,False,458000.0
@TheRealTabithaSpeaks,videos,F2,0.009704610630675847,0.03953968916980722,0.8061159695516699,425,0.20274454685143628,0.10335195720161539,24,left,Tabitha Speaks,False,458000.0
@TheRealTabithaSpeaks,videos,F3,0.050029919274586915,0.047386626017866036,0.2910680890411863,425,0.20274454685143628,0.10335195720161539,24,left,Tabitha Speaks,False,458000.0
@TheRealTabithaSpeaks,videos,F4,0.052772712214494255,0.04175104249359343,0.2062352323470117,425,0.20274454685143628,0.10335195720161539,24,left,Tabitha Speaks,False,458000.0
@TheRealTabithaSpeaks,videos,F5,-0.02018828969766251,0.03718191378254666,0.5871573843155028,425,0.20274454685143628,0.10335195720161539,24,left,Tabitha Speaks,False,458000.0
@TheRealTabithaSpeaks,videos,F6,0.031825866356693266,0.041681668748281664,0.44513791255376733,425,0.20274454685143628,0.10335195720161539,24,left,Tabitha Speaks,False,458000.0
@TheRealTabithaSpeaks,videos,F7,-0.05554311193022754,0.04806333296120029,0.24783523509945982,425,0.20274454685143628,0.10335195720161539,24,left,Tabitha Speaks,False,458000.0
@TheRealTabithaSpeaks,videos,F8,0.03980609452708994,0.045184287006493726,0.37833294125644745,425,0.20274454685143628,0.10335195720161539,24,left,Tabitha Speaks,False,458000.0
@TheRealTabithaSpeaks,videos,F9,-0.004627739894724092,0.03942479707810439,0.9065577822408603,425,0.20274454685143628,0.10335195720161539,24,left,Tabitha Speaks,False,458000.0
@TheRealTabithaSpeaks,videos,F10,-0.0071271058480745775,0.032448023763734145,0.8261462099069719,425,0.20274454685143628,0.10335195720161539,24,left,Tabitha Speaks,False,458000.0
@TheRealTabithaSpeaks,videos,F11,0.03176568986177619,0.05188767878483357,0.5404047670191219,425,0.20274454685143628,0.10335195720161539,24,left,Tabitha Speaks,False,458000.0
@TheRealTabithaSpeaks,videos,F12,-0.06422147998409178,0.0477857911027453,0.17896613931737415,425,0.20274454685143628,0.10335195720161539,24,left,Tabitha Speaks,False,458000.0
@TheRealTabithaSpeaks,videos,curiosity_gap,-0.028912185151188124,0.039077760949026506,0.4593831939483559,425,0.20274454685143628,0.10335195720161539,24,left,Tabitha Speaks,False,458000.0
@TheRealTabithaSpeaks,videos,outrage,-0.026453899939984205,0.04207195715629869,0.5294947338180411,425,0.20274454685143628,0.10335195720161539,24,left,Tabitha Speaks,False,458000.0
@TheRealTabithaSpeaks,videos,n_tokens,0.07900547977365334,0.05024317220504516,0.115843441952187,425,0.20274454685143628,0.10335195720161539,24,left,Tabitha Speaks,False,458000.0
@TheSerfTimes,videos,F1,-0.059795458885892605,0.055386839508110915,0.2803217333436768,233,0.30013910997888893,0.16305295626341354,14,left,Serf Times,False,115000.0
@TheSerfTimes,videos,F2,-0.029731593376194493,0.06653916067338991,0.6549988916550089,233,0.30013910997888893,0.16305295626341354,14,left,Serf Times,False,115000.0
@TheSerfTimes,videos,F3,0.06075073891207483,0.05998733082705274,0.3111909811717154,233,0.30013910997888893,0.16305295626341354,14,left,Serf Times,False,115000.0
@TheSerfTimes,videos,F4,0.051682445201556515,0.06377943140995199,0.4177500101743471,233,0.30013910997888893,0.16305295626341354,14,left,Serf Times,False,115000.0
@TheSerfTimes,videos,F5,-0.031358522258109756,0.07623014646620746,0.6808038748067015,233,0.30013910997888893,0.16305295626341354,14,left,Serf Times,False,115000.0
@TheSerfTimes,videos,F6,0.060650478166111244,0.0758852752997606,0.4241517913273941,233,0.30013910997888893,0.16305295626341354,14,left,Serf Times,False,115000.0
@TheSerfTimes,videos,F7,-0.05970802584463342,0.06646976567964788,0.3690397825998597,233,0.30013910997888893,0.16305295626341354,14,left,Serf Times,False,115000.0
@TheSerfTimes,videos,F8,-0.10822939509419635,0.052520704662875575,0.039331707822942256,233,0.30013910997888893,0.16305295626341354,14,left,Serf Times,False,115000.0
@TheSerfTimes,videos,F9,-0.03084767880648942,0.06853276283012746,0.652626950609206,233,0.30013910997888893,0.16305295626341354,14,left,Serf Times,False,115000.0
@TheSerfTimes,videos,F10,0.03535514468089257,0.04589551142770202,0.44109828107182125,233,0.30013910997888893,0.16305295626341354,14,left,Serf Times,False,115000.0
@TheSerfTimes,videos,F11,-0.0019215278287363358,0.0822943657907969,0.9813715304525907,233,0.30013910997888893,0.16305295626341354,14,left,Serf Times,False,115000.0
@TheSerfTimes,videos,F12,-0.05129532167926931,0.06858424032078524,0.4545102016420435,233,0.30013910997888893,0.16305295626341354,14,left,Serf Times,False,115000.0
@TheSerfTimes,videos,curiosity_gap,-0.07054636349300758,0.07142508412016844,0.323300912046117,233,0.30013910997888893,0.16305295626341354,14,left,Serf Times,False,115000.0
@TheSerfTimes,videos,outrage,-0.07034944585062156,0.06965391743933841,0.3125022424493764,233,0.30013910997888893,0.16305295626341354,14,left,Serf Times,False,115000.0
@TheSerfTimes,videos,humor,-0.05103113716601175,0.03733121658142784,0.17163064477768475,233,0.30013910997888893,0.16305295626341354,14,left,Serf Times,False,115000.0
@TheSerfTimes,videos,n_tokens,-0.09006243910937933,0.07217676554176705,0.21210293301873728,233,0.30013910997888893,0.16305295626341354,14,left,Serf Times,False,115000.0
@TheVaushPit,videos,F1,0.048456117177892666,0.023174760254791052,0.036536986705077226,384,0.22058059000308483,0.1220069587387691,20,left,Vaush,True,222000.0
@TheVaushPit,videos,F2,-0.025069790427084238,0.02533477236859012,0.32239862760225824,384,0.22058059000308483,0.1220069587387691,20,left,Vaush,True,222000.0
@TheVaushPit,videos,F3,-0.007179698378970964,0.02273403198217014,0.7521445992030662,384,0.22058059000308483,0.1220069587387691,20,left,Vaush,True,222000.0
@TheVaushPit,videos,F4,0.0577916344777962,0.024298115327778078,0.017386017492541758,384,0.22058059000308483,0.1220069587387691,20,left,Vaush,True,222000.0
@TheVaushPit,videos,F5,-0.025619330064282325,0.021389335211012443,0.23100973668440528,384,0.22058059000308483,0.1220069587387691,20,left,Vaush,True,222000.0
@TheVaushPit,videos,F6,-0.02470176230724322,0.026056461980999115,0.34312483649861414,384,0.22058059000308483,0.1220069587387691,20,left,Vaush,True,222000.0
@TheVaushPit,videos,F7,-0.01780927867167123,0.021126846838598445,0.39924573600676083,384,0.22058059000308483,0.1220069587387691,20,left,Vaush,True,222000.0
@TheVaushPit,videos,F8,0.0034068695580440345,0.027532601482161356,0.90152155802441,384,0.22058059000308483,0.1220069587387691,20,left,Vaush,True,222000.0
@TheVaushPit,videos,F9,0.006367429418493997,0.02426538265391685,0.7930069409770631,384,0.22058059000308483,0.1220069587387691,20,left,Vaush,True,222000.0
@TheVaushPit,videos,F10,0.009037760325779631,0.02148008482836127,0.6739371484778071,384,0.22058059000308483,0.1220069587387691,20,left,Vaush,True,222000.0
@TheVaushPit,videos,F11,-0.0712342121012759,0.027673593522147436,0.010050526212882922,384,0.22058059000308483,0.1220069587387691,20,left,Vaush,True,222000.0
@TheVaushPit,videos,F12,-0.02343962157400814,0.02179197883601845,0.28210271476629667,384,0.22058059000308483,0.1220069587387691,20,left,Vaush,True,222000.0
@TheVaushPit,videos,curiosity_gap,-0.013025808106537917,0.017091658200532357,0.4459914053795456,384,0.22058059000308483,0.1220069587387691,20,left,Vaush,True,222000.0
@TheVaushPit,videos,outrage,0.01262467361095157,0.024232042219755008,0.6023731070240365,384,0.22058059000308483,0.1220069587387691,20,left,Vaush,True,222000.0
@TheVaushPit,videos,n_tokens,0.0416787125624653,0.026820582845604807,0.12018862497506648,384,0.22058059000308483,0.1220069587387691,20,left,Vaush,True,222000.0
@TheYoungTurks,streams,F1,-0.01329077352323313,0.05678985631284059,0.8149583606302215,224,0.3857232112331771,0.2595474384053973,15,left,TYT Network,False,6720000.0
@TheYoungTurks,streams,F2,0.030750426958116056,0.05741970636228891,0.5922779814762658,224,0.3857232112331771,0.2595474384053973,15,left,TYT Network,False,6720000.0
@TheYoungTurks,streams,F3,0.2109285959061848,0.07863639296148715,0.007311174485932571,224,0.3857232112331771,0.2595474384053973,15,left,TYT Network,False,6720000.0
@TheYoungTurks,streams,F4,0.05545097579309738,0.04486305351341105,0.21645656148899406,224,0.3857232112331771,0.2595474384053973,15,left,TYT Network,False,6720000.0
@TheYoungTurks,streams,F5,-0.026464955238997667,0.03519437110175987,0.4520717657492831,224,0.3857232112331771,0.2595474384053973,15,left,TYT Network,False,6720000.0
@TheYoungTurks,streams,F6,0.06594771479486877,0.05334728131235741,0.21638558465521585,224,0.3857232112331771,0.2595474384053973,15,left,TYT Network,False,6720000.0
@TheYoungTurks,streams,F7,0.0033540870984243437,0.05110929798243227,0.9476757708418847,224,0.3857232112331771,0.2595474384053973,15,left,TYT Network,False,6720000.0
@TheYoungTurks,streams,F8,-0.05852980039189454,0.03995963301208471,0.14299646041974837,224,0.3857232112331771,0.2595474384053973,15,left,TYT Network,False,6720000.0
@TheYoungTurks,streams,F9,-0.05672946171734444,0.04930078497661672,0.249863619783529,224,0.3857232112331771,0.2595474384053973,15,left,TYT Network,False,6720000.0
@TheYoungTurks,streams,F10,0.06795887994008498,0.051865960819649434,0.19010146462059707,224,0.3857232112331771,0.2595474384053973,15,left,TYT Network,False,6720000.0
@TheYoungTurks,streams,F11,0.014984191923960388,0.055084169491288686,0.785603903371152,224,0.3857232112331771,0.2595474384053973,15,left,TYT Network,False,6720000.0
@TheYoungTurks,streams,F12,0.0291425640154922,0.0399356796885336,0.4655506396868402,224,0.3857232112331771,0.2595474384053973,15,left,TYT Network,False,6720000.0
@TheYoungTurks,streams,curiosity_gap,-0.011121691085784535,0.047739221658306685,0.8157865782089117,224,0.3857232112331771,0.2595474384053973,15,left,TYT Network,False,6720000.0
@TheYoungTurks,streams,outrage,0.020064058920448186,0.05401908540252156,0.7103207304667494,224,0.3857232112331771,0.2595474384053973,15,left,TYT Network,False,6720000.0
@TheYoungTurks,streams,n_tokens,-0.08740387964286922,0.06274457089890113,0.1636164537871091,224,0.3857232112331771,0.2595474384053973,15,left,TYT Network,False,6720000.0
@TheYoungTurks,videos,F1,-0.025559961974708,0.02559411832569385,0.31795677758489094,1836,0.21975000287896485,0.17334945455132822,79,left,TYT Network,False,6720000.0
@TheYoungTurks,videos,F2,0.029456894830571664,0.027182522539287143,0.2785109682304797,1836,0.21975000287896485,0.17334945455132822,79,left,TYT Network,False,6720000.0
@TheYoungTurks,videos,F3,0.023569870740963048,0.02351394776323142,0.3161609235896484,1836,0.21975000287896485,0.17334945455132822,79,left,TYT Network,False,6720000.0
@TheYoungTurks,videos,F4,0.01776714992812284,0.027840876898018608,0.5233644843347147,1836,0.21975000287896485,0.17334945455132822,79,left,TYT Network,False,6720000.0
@TheYoungTurks,videos,F5,-0.039400506347011366,0.02819303872873182,0.1622554355306305,1836,0.21975000287896485,0.17334945455132822,79,left,TYT Network,False,6720000.0
@TheYoungTurks,videos,F6,0.05004377765472596,0.027631996999126315,0.07012835395362955,1836,0.21975000287896485,0.17334945455132822,79,left,TYT Network,False,6720000.0
@TheYoungTurks,videos,F7,-0.051406054368085985,0.026426039362883253,0.051741249126539435,1836,0.21975000287896485,0.17334945455132822,79,left,TYT Network,False,6720000.0
@TheYoungTurks,videos,F8,-0.022980752728290976,0.024798509005935384,0.35408285299438513,1836,0.21975000287896485,0.17334945455132822,79,left,TYT Network,False,6720000.0
@TheYoungTurks,videos,F9,0.06100794255228495,0.025670886700262553,0.017475767825097063,1836,0.21975000287896485,0.17334945455132822,79,left,TYT Network,False,6720000.0
@TheYoungTurks,videos,F10,-0.06271540903608827,0.023253695787821414,0.006996554006518825,1836,0.21975000287896485,0.17334945455132822,79,left,TYT Network,False,6720000.0
@TheYoungTurks,videos,F11,0.0004697943998767662,0.0290455786532716,0.9870952698254447,1836,0.21975000287896485,0.17334945455132822,79,left,TYT Network,False,6720000.0
@TheYoungTurks,videos,F12,0.007439508909350662,0.028075191001610895,0.7910208958326986,1836,0.21975000287896485,0.17334945455132822,79,left,TYT Network,False,6720000.0
@TheYoungTurks,videos,curiosity_gap,0.04771892522363301,0.027812149925308567,0.08620630151130458,1836,0.21975000287896485,0.17334945455132822,79,left,TYT Network,False,6720000.0
@TheYoungTurks,videos,outrage,0.04882942445880839,0.026211995840750187,0.06248118255461466,1836,0.21975000287896485,0.17334945455132822,79,left,TYT Network,False,6720000.0
@TheYoungTurks,videos,humor,0.00692413098486927,0.045060599123581936,0.8778757374442286,1836,0.21975000287896485,0.17334945455132822,79,left,TYT Network,False,6720000.0
@TheYoungTurks,videos,n_tokens,0.024895659814853033,0.027341343083812492,0.36253252803493474,1836,0.21975000287896485,0.17334945455132822,79,left,TYT Network,False,6720000.0
@The_Crucible,videos,F1,0.14510638866677483,0.06176166174618196,0.018800799063691555,218,0.31264495472849674,0.17593345401151272,12,right,The Crucible,False,383000.0
@The_Crucible,videos,F2,-0.03929413940847193,0.05531683548325236,0.4774890786551128,218,0.31264495472849674,0.17593345401151272,12,right,The Crucible,False,383000.0
@The_Crucible,videos,F3,0.07119661933488647,0.0652516557838633,0.27522525724380875,218,0.31264495472849674,0.17593345401151272,12,right,The Crucible,False,383000.0
@The_Crucible,videos,F4,-0.01207542480367596,0.0647783956939552,0.8521222334327906,218,0.31264495472849674,0.17593345401151272,12,right,The Crucible,False,383000.0
@The_Crucible,videos,F5,-0.040064029180711,0.05705591047232098,0.4825613433104814,218,0.31264495472849674,0.17593345401151272,12,right,The Crucible,False,383000.0
@The_Crucible,videos,F6,0.027392237381710483,0.06557077466829572,0.6761293953054821,218,0.31264495472849674,0.17593345401151272,12,right,The Crucible,False,383000.0
@The_Crucible,videos,F7,-0.14156474322549573,0.05674351173129843,0.01260216946703962,218,0.31264495472849674,0.17593345401151272,12,right,The Crucible,False,383000.0
@The_Crucible,videos,F8,0.028359738885511993,0.06052613671072793,0.6393887542597105,218,0.31264495472849674,0.17593345401151272,12,right,The Crucible,False,383000.0
@The_Crucible,videos,F9,-0.010595908807195409,0.05174945460822107,0.8377643134042158,218,0.31264495472849674,0.17593345401151272,12,right,The Crucible,False,383000.0
@The_Crucible,videos,F10,-0.029543372386748895,0.06139530766323716,0.63037493569308,218,0.31264495472849674,0.17593345401151272,12,right,The Crucible,False,383000.0
@The_Crucible,videos,F11,0.004137281993783576,0.0652247323177859,0.9494231560401484,218,0.31264495472849674,0.17593345401151272,12,right,The Crucible,False,383000.0
@The_Crucible,videos,F12,-0.13717664994758721,0.06158447711516305,0.025916881756842838,218,0.31264495472849674,0.17593345401151272,12,right,The Crucible,False,383000.0
@The_Crucible,videos,curiosity_gap,-0.0015005981505588628,0.0706402162547205,0.9830519480678628,218,0.31264495472849674,0.17593345401151272,12,right,The Crucible,False,383000.0
@The_Crucible,videos,outrage,0.12417781088326085,0.07102845439512165,0.08041510478733466,218,0.31264495472849674,0.17593345401151272,12,right,The Crucible,False,383000.0
@The_Crucible,videos,humor,-0.04571837218394184,2.0771317777875873,0.9824397091261693,218,0.31264495472849674,0.17593345401151272,12,right,The Crucible,False,383000.0
@The_Crucible,videos,n_tokens,0.09669527472171868,0.06937448072642587,0.16337311651512232,218,0.31264495472849674,0.17593345401151272,12,right,The Crucible,False,383000.0
@Tim_Black,videos,F1,-0.14959147396581418,0.06469162707275325,0.020756879747012538,311,0.1590927990202602,0.04161311653044364,14,right,Tim Black,False,218000.0
@Tim_Black,videos,F2,-0.04402850553140707,0.05163978625512309,0.39387661025085996,311,0.1590927990202602,0.04161311653044364,14,right,Tim Black,False,218000.0
@Tim_Black,videos,F3,0.06639658066308521,0.05489756978761553,0.22648500914541148,311,0.1590927990202602,0.04161311653044364,14,right,Tim Black,False,218000.0
@Tim_Black,videos,F4,0.011697133958981865,0.0573915624208391,0.838499804468282,311,0.1590927990202602,0.04161311653044364,14,right,Tim Black,False,218000.0
@Tim_Black,videos,F5,-0.032239275425802696,0.059926293272072176,0.5905893796526718,311,0.1590927990202602,0.04161311653044364,14,right,Tim Black,False,218000.0
@Tim_Black,videos,F6,0.06321963894817742,0.05745453891224565,0.2711831641056449,311,0.1590927990202602,0.04161311653044364,14,right,Tim Black,False,218000.0
@Tim_Black,videos,F7,-0.02170441341289725,0.06852605179195113,0.7514467442441336,311,0.1590927990202602,0.04161311653044364,14,right,Tim Black,False,218000.0
@Tim_Black,videos,F8,0.07321580111029927,0.06390142964283894,0.25189382833915175,311,0.1590927990202602,0.04161311653044364,14,right,Tim Black,False,218000.0
@Tim_Black,videos,F9,-0.008218457750989339,0.05572978344307247,0.8827612473077191,311,0.1590927990202602,0.04161311653044364,14,right,Tim Black,False,218000.0
@Tim_Black,videos,F10,-0.017617386065705398,0.05080615236562256,0.7287739270748931,311,0.1590927990202602,0.04161311653044364,14,right,Tim Black,False,218000.0
@Tim_Black,videos,F11,0.18549941862500807,0.06280779668295339,0.0031424786234462857,311,0.1590927990202602,0.04161311653044364,14,right,Tim Black,False,218000.0
@Tim_Black,videos,F12,0.035776338337895175,0.06443862468061166,0.5787577212365396,311,0.1590927990202602,0.04161311653044364,14,right,Tim Black,False,218000.0
@Tim_Black,videos,curiosity_gap,-0.056900711367043014,0.0630288615158249,0.36664674612667736,311,0.1590927990202602,0.04161311653044364,14,right,Tim Black,False,218000.0
@Tim_Black,videos,outrage,-0.03988494388099978,0.05278303589602985,0.4498654002764637,311,0.1590927990202602,0.04161311653044364,14,right,Tim Black,False,218000.0
@Tim_Black,videos,humor,-0.04884075813338752,0.09069765656583142,0.5902313718732038,311,0.1590927990202602,0.04161311653044364,14,right,Tim Black,False,218000.0
@Tim_Black,videos,n_tokens,-0.09990080091391473,0.060444732204363576,0.09837916097853562,311,0.1590927990202602,0.04161311653044364,14,right,Tim Black,False,218000.0
@Timcast,videos,F1,-0.1672908883692945,0.09273286045493664,0.07122994084326914,174,0.5075718042838022,0.40006987423308304,8,right,Timcast,False,1460000.0
@Timcast,videos,F2,0.09900083887194316,0.07811141030526303,0.2050011479128837,174,0.5075718042838022,0.40006987423308304,8,right,Timcast,False,1460000.0
@Timcast,videos,F3,-0.03325046266322257,0.07554064496276587,0.6598165077632883,174,0.5075718042838022,0.40006987423308304,8,right,Timcast,False,1460000.0
@Timcast,videos,F4,0.013154371694789141,0.06754734128306487,0.8455941493739279,174,0.5075718042838022,0.40006987423308304,8,right,Timcast,False,1460000.0
@Timcast,videos,F5,0.04666994222185894,0.06871665332094394,0.49703335460612996,174,0.5075718042838022,0.40006987423308304,8,right,Timcast,False,1460000.0
@Timcast,videos,F6,-0.11966407018571124,0.0856871349979519,0.16255700553301444,174,0.5075718042838022,0.40006987423308304,8,right,Timcast,False,1460000.0
@Timcast,videos,F7,-0.039130937708083235,0.08243361336979457,0.6350033998069682,174,0.5075718042838022,0.40006987423308304,8,right,Timcast,False,1460000.0
@Timcast,videos,F8,0.04841518405290901,0.054836448623615495,0.3772894802107607,174,0.5075718042838022,0.40006987423308304,8,right,Timcast,False,1460000.0
@Timcast,videos,F9,0.038030715217772515,0.09030352523173973,0.6736505207530092,174,0.5075718042838022,0.40006987423308304,8,right,Timcast,False,1460000.0
@Timcast,videos,F10,-0.12801252108423194,0.09551735644628255,0.18017978726317918,174,0.5075718042838022,0.40006987423308304,8,right,Timcast,False,1460000.0
@Timcast,videos,F11,0.07828677312975163,0.1015527327607644,0.44076754125533546,174,0.5075718042838022,0.40006987423308304,8,right,Timcast,False,1460000.0
@Timcast,videos,F12,-0.042687885827057404,0.08395101299136906,0.6111127967042149,174,0.5075718042838022,0.40006987423308304,8,right,Timcast,False,1460000.0
@Timcast,videos,curiosity_gap,-0.08007575105759993,0.05175213496191785,0.1217924464067972,174,0.5075718042838022,0.40006987423308304,8,right,Timcast,False,1460000.0
@Timcast,videos,outrage,-0.045305660667782854,0.08323416933823462,0.586224281948651,174,0.5075718042838022,0.40006987423308304,8,right,Timcast,False,1460000.0
@Timcast,videos,n_tokens,-0.005128278004481235,0.12387345537807867,0.966977547264175,174,0.5075718042838022,0.40006987423308304,8,right,Timcast,False,1460000.0
@TimcastIRL,streams,F1,-0.0008829377950837353,0.02961156082349828,0.9762127344947107,149,0.5028507353576575,0.3711274259225069,8,right,Timcast,False,2780000.0
@TimcastIRL,streams,F2,0.00641313156431586,0.024235327718461857,0.7913028744635555,149,0.5028507353576575,0.3711274259225069,8,right,Timcast,False,2780000.0
@TimcastIRL,streams,F3,0.07487692900759635,0.028410551120143974,0.00840053964991688,149,0.5028507353576575,0.3711274259225069,8,right,Timcast,False,2780000.0
@TimcastIRL,streams,F4,-0.02035710121098422,0.02453819399063182,0.40676001032194387,149,0.5028507353576575,0.3711274259225069,8,right,Timcast,False,2780000.0
@TimcastIRL,streams,F5,0.03843929794732004,0.02471158327705391,0.11982289211575424,149,0.5028507353576575,0.3711274259225069,8,right,Timcast,False,2780000.0
@TimcastIRL,streams,F6,0.012575125206372828,0.026064413557430475,0.6294768026169733,149,0.5028507353576575,0.3711274259225069,8,right,Timcast,False,2780000.0
@TimcastIRL,streams,F7,0.013155717845049653,0.023357527843716554,0.5732766027973473,149,0.5028507353576575,0.3711274259225069,8,right,Timcast,False,2780000.0
@TimcastIRL,streams,F8,-0.002281262050211841,0.021185072146093133,0.9142475323334431,149,0.5028507353576575,0.3711274259225069,8,right,Timcast,False,2780000.0
@TimcastIRL,streams,F9,0.024165682413006095,0.02405772927095494,0.3151438118296811,149,0.5028507353576575,0.3711274259225069,8,right,Timcast,False,2780000.0
@TimcastIRL,streams,F10,0.010751368947039819,0.023622193374404014,0.649009623384269,149,0.5028507353576575,0.3711274259225069,8,right,Timcast,False,2780000.0
@TimcastIRL,streams,F11,-0.009210790596619112,0.028809579294291565,0.7491860732253068,149,0.5028507353576575,0.3711274259225069,8,right,Timcast,False,2780000.0
@TimcastIRL,streams,F12,-0.0030720587924955023,0.025095287602296807,0.9025697549214048,149,0.5028507353576575,0.3711274259225069,8,right,Timcast,False,2780000.0
@TimcastIRL,streams,curiosity_gap,-0.005963827615209832,2.730784782132538,0.9982574817957043,149,0.5028507353576575,0.3711274259225069,8,right,Timcast,False,2780000.0
@TimcastIRL,streams,outrage,0.015575681756802018,0.022503847776084874,0.4888530816868112,149,0.5028507353576575,0.3711274259225069,8,right,Timcast,False,2780000.0
@TimcastIRL,streams,n_tokens,0.011443774775243387,0.03317085812992017,0.7300982526229738,149,0.5028507353576575,0.3711274259225069,8,right,Timcast,False,2780000.0
@TimcastIRL,videos,F1,-0.05371835834941449,0.03525237130075259,0.12755304473110926,824,0.157214441292159,0.0945006333987557,33,right,Timcast,False,2780000.0
@TimcastIRL,videos,F2,-0.015183043797446477,0.033395183504023,0.6493627031718481,824,0.157214441292159,0.0945006333987557,33,right,Timcast,False,2780000.0
@TimcastIRL,videos,F3,0.06736373668207851,0.03094205807921656,0.029473632537657977,824,0.157214441292159,0.0945006333987557,33,right,Timcast,False,2780000.0
@TimcastIRL,videos,F4,-0.04289362289875157,0.03239933321860949,0.18553476503147115,824,0.157214441292159,0.0945006333987557,33,right,Timcast,False,2780000.0
@TimcastIRL,videos,F5,-0.041275015089783235,0.029569237432049103,0.1627515719468534,824,0.157214441292159,0.0945006333987557,33,right,Timcast,False,2780000.0
@TimcastIRL,videos,F6,-0.04748161669056869,0.03801242168303702,0.21162560705203792,824,0.157214441292159,0.0945006333987557,33,right,Timcast,False,2780000.0
@TimcastIRL,videos,F7,-0.015830225569894774,0.03169461837141407,0.6174546598129291,824,0.157214441292159,0.0945006333987557,33,right,Timcast,False,2780000.0
@TimcastIRL,videos,F8,-0.0032078083077658193,0.026150875176857668,0.9023720411714307,824,0.157214441292159,0.0945006333987557,33,right,Timcast,False,2780000.0
@TimcastIRL,videos,F9,0.06920604249231538,0.044476134293725364,0.11970179681966739,824,0.157214441292159,0.0945006333987557,33,right,Timcast,False,2780000.0
@TimcastIRL,videos,F10,0.008364419052868527,0.028201942874988662,0.7667794159982353,824,0.157214441292159,0.0945006333987557,33,right,Timcast,False,2780000.0
@TimcastIRL,videos,F11,0.04602667036547292,0.03847966919844135,0.23164599793420082,824,0.157214441292159,0.0945006333987557,33,right,Timcast,False,2780000.0
@TimcastIRL,videos,F12,0.042349600777524976,0.03420275766172784,0.21564466189405873,824,0.157214441292159,0.0945006333987557,33,right,Timcast,False,2780000.0
@TimcastIRL,videos,curiosity_gap,-0.031055614810155063,0.025837670968456135,0.22938250794708503,824,0.157214441292159,0.0945006333987557,33,right,Timcast,False,2780000.0
@TimcastIRL,videos,outrage,0.0061231300839409974,0.030529952968534373,0.8410415437057547,824,0.157214441292159,0.0945006333987557,33,right,Timcast,False,2780000.0
@TimcastIRL,videos,humor,0.04554631695145481,0.02393277357548225,0.057028285323443985,824,0.157214441292159,0.0945006333987557,33,right,Timcast,False,2780000.0
@TimcastIRL,videos,n_tokens,-0.04835574727331493,0.05744018232411191,0.3998745541064411,824,0.157214441292159,0.0945006333987557,33,right,Timcast,False,2780000.0
@TimcastNews,videos,F1,-0.0006038659728937468,0.03145321896608768,0.9846824663796581,519,0.18303574279949086,0.11467053299191687,16,right,Timcast,False,2120000.0
@TimcastNews,videos,F2,0.034777604925579964,0.02648241880469815,0.18910421031364522,519,0.18303574279949086,0.11467053299191687,16,right,Timcast,False,2120000.0
@TimcastNews,videos,F3,-0.007506558784983963,0.027696976229236503,0.7863721986419567,519,0.18303574279949086,0.11467053299191687,16,right,Timcast,False,2120000.0
@TimcastNews,videos,F4,0.013047360367808292,0.025187436734930294,0.6044508417180829,519,0.18303574279949086,0.11467053299191687,16,right,Timcast,False,2120000.0
@TimcastNews,videos,F5,0.011298414378311028,0.03192344868883848,0.7233972553293213,519,0.18303574279949086,0.11467053299191687,16,right,Timcast,False,2120000.0
@TimcastNews,videos,F6,-0.0036452971302443626,0.02811007895424746,0.8968201106869614,519,0.18303574279949086,0.11467053299191687,16,right,Timcast,False,2120000.0
@TimcastNews,videos,F7,-0.06872987306765467,0.025187698513357438,0.006358298799227001,519,0.18303574279949086,0.11467053299191687,16,right,Timcast,False,2120000.0
@TimcastNews,videos,F8,0.027902724623009273,0.024177182460138946,0.2484619143013317,519,0.18303574279949086,0.11467053299191687,16,right,Timcast,False,2120000.0
@TimcastNews,videos,F9,0.0620624536703589,0.024257799264220573,0.010513885235505869,519,0.18303574279949086,0.11467053299191687,16,right,Timcast,False,2120000.0
@TimcastNews,videos,F10,-0.015360006206201204,0.022379893697809853,0.49250464741657785,519,0.18303574279949086,0.11467053299191687,16,right,Timcast,False,2120000.0
@TimcastNews,videos,F11,0.058647640110262134,0.030978433056825683,0.058334407297837315,519,0.18303574279949086,0.11467053299191687,16,right,Timcast,False,2120000.0
@TimcastNews,videos,F12,-0.00874805732150885,0.026827591168442137,0.7443605460068656,519,0.18303574279949086,0.11467053299191687,16,right,Timcast,False,2120000.0
@TimcastNews,videos,curiosity_gap,-0.016676211691381282,0.02005749569206342,0.4057361617472336,519,0.18303574279949086,0.11467053299191687,16,right,Timcast,False,2120000.0
@TimcastNews,videos,outrage,0.003510227216425868,0.022265116290596663,0.8747279429766776,519,0.18303574279949086,0.11467053299191687,16,right,Timcast,False,2120000.0
@TimcastNews,videos,humor,0.014762022533439667,0.016054015649268373,0.3578225401707369,519,0.18303574279949086,0.11467053299191687,16,right,Timcast,False,2120000.0
@TimcastNews,videos,n_tokens,-0.06404734082735164,0.03813619302832485,0.09306687052491834,519,0.18303574279949086,0.11467053299191687,16,right,Timcast,False,2120000.0
@TimesNowWorld,streams,F1,0.0056940854197032875,0.02971978454687822,0.8480614811021179,2827,0.2940775622211419,0.26683689483166007,82,neutral,Times Group,False,1290000.0
@TimesNowWorld,streams,F2,0.07360354664921291,0.021313278469965367,0.0005535414276635749,2827,0.2940775622211419,0.26683689483166007,82,neutral,Times Group,False,1290000.0
@TimesNowWorld,streams,F3,0.0030631515890996858,0.021103666026295948,0.8845941454951997,2827,0.2940775622211419,0.26683689483166007,82,neutral,Times Group,False,1290000.0
@TimesNowWorld,streams,F4,0.06851201736870637,0.021673206787776525,0.0015715353102314072,2827,0.2940775622211419,0.26683689483166007,82,neutral,Times Group,False,1290000.0
@TimesNowWorld,streams,F5,0.024351737384978447,0.022994400889702372,0.2895865725962037,2827,0.2940775622211419,0.26683689483166007,82,neutral,Times Group,False,1290000.0
@TimesNowWorld,streams,F6,0.013315086948009341,0.02380857115420194,0.5759870000676567,2827,0.2940775622211419,0.26683689483166007,82,neutral,Times Group,False,1290000.0
@TimesNowWorld,streams,F7,-0.015653300009778506,0.02145494747552628,0.4656412674477779,2827,0.2940775622211419,0.26683689483166007,82,neutral,Times Group,False,1290000.0
@TimesNowWorld,streams,F8,0.025069398988844173,0.025062905215920778,0.3171851353760361,2827,0.2940775622211419,0.26683689483166007,82,neutral,Times Group,False,1290000.0
@TimesNowWorld,streams,F9,0.00027498802510259046,0.021697820914844686,0.989888255271124,2827,0.2940775622211419,0.26683689483166007,82,neutral,Times Group,False,1290000.0
@TimesNowWorld,streams,F10,-0.02139760310657872,0.02198925047027005,0.33050668954271956,2827,0.2940775622211419,0.26683689483166007,82,neutral,Times Group,False,1290000.0
@TimesNowWorld,streams,F11,0.0006776178466862959,0.029077220733517328,0.9814077180926293,2827,0.2940775622211419,0.26683689483166007,82,neutral,Times Group,False,1290000.0
@TimesNowWorld,streams,F12,-0.015064791636444665,0.02500120023110898,0.546799615834619,2827,0.2940775622211419,0.26683689483166007,82,neutral,Times Group,False,1290000.0
@TimesNowWorld,streams,curiosity_gap,-0.010310610568603128,0.020890296254145492,0.6216170929586358,2827,0.2940775622211419,0.26683689483166007,82,neutral,Times Group,False,1290000.0
@TimesNowWorld,streams,outrage,0.11114992204335775,0.02567483698091304,1.4969385841007109e-05,2827,0.2940775622211419,0.26683689483166007,82,neutral,Times Group,False,1290000.0
@TimesNowWorld,streams,n_tokens,0.0032116037580132706,0.02306836032626785,0.8892753923846443,2827,0.2940775622211419,0.26683689483166007,82,neutral,Times Group,False,1290000.0
@TimesNowWorld,videos,F1,-0.004082969917939855,0.0225631466028301,0.8564009590722937,8484,0.2321851194641068,0.2224694244256915,82,neutral,Times Group,False,1290000.0
@TimesNowWorld,videos,F2,0.030143025691466672,0.017501980363365543,0.08502175783480881,8484,0.2321851194641068,0.2224694244256915,82,neutral,Times Group,False,1290000.0
@TimesNowWorld,videos,F3,0.05083981752164881,0.018068643794149422,0.004897428226391344,8484,0.2321851194641068,0.2224694244256915,82,neutral,Times Group,False,1290000.0
@TimesNowWorld,videos,F4,-0.0036820768103393905,0.017867130261134245,0.8367276077211648,8484,0.2321851194641068,0.2224694244256915,82,neutral,Times Group,False,1290000.0
@TimesNowWorld,videos,F5,0.046528653231888206,0.02012111115488662,0.020754020159291318,8484,0.2321851194641068,0.2224694244256915,82,neutral,Times Group,False,1290000.0
@TimesNowWorld,videos,F6,0.09394679629520336,0.01815362369321847,2.2779040172455148e-07,8484,0.2321851194641068,0.2224694244256915,82,neutral,Times Group,False,1290000.0
@TimesNowWorld,videos,F7,-0.005174216658627367,0.017887835083853994,0.7723832120027055,8484,0.2321851194641068,0.2224694244256915,82,neutral,Times Group,False,1290000.0
@TimesNowWorld,videos,F8,-0.02827258699922694,0.018471072257599433,0.12585805596477742,8484,0.2321851194641068,0.2224694244256915,82,neutral,Times Group,False,1290000.0
@TimesNowWorld,videos,F9,0.03962780709065403,0.017808718449973702,0.026068392124328637,8484,0.2321851194641068,0.2224694244256915,82,neutral,Times Group,False,1290000.0
@TimesNowWorld,videos,F10,-0.05362855074658778,0.020491321670787554,0.00886713199546173,8484,0.2321851194641068,0.2224694244256915,82,neutral,Times Group,False,1290000.0
@TimesNowWorld,videos,F11,0.0014552215655669054,0.023305683542267103,0.9502119399164539,8484,0.2321851194641068,0.2224694244256915,82,neutral,Times Group,False,1290000.0
@TimesNowWorld,videos,F12,-0.007462865889137964,0.019348751204404917,0.6997168511843742,8484,0.2321851194641068,0.2224694244256915,82,neutral,Times Group,False,1290000.0
@TimesNowWorld,videos,curiosity_gap,0.004684316768897308,0.01554165754942071,0.7631064927266844,8484,0.2321851194641068,0.2224694244256915,82,neutral,Times Group,False,1290000.0
@TimesNowWorld,videos,outrage,0.09281607188527671,0.018452847834031894,4.907228730774058e-07,8484,0.2321851194641068,0.2224694244256915,82,neutral,Times Group,False,1290000.0
@TimesNowWorld,videos,humor,-0.01551514764779454,0.011395337329999766,0.17334476278497823,8484,0.2321851194641068,0.2224694244256915,82,neutral,Times Group,False,1290000.0
@TimesNowWorld,videos,n_tokens,-0.023745202826378514,0.01952648830140019,0.22396554939059155,8484,0.2321851194641068,0.2224694244256915,82,neutral,Times Group,False,1290000.0
@TomiLahrenIsFearless,videos,F1,0.2616909351055319,0.1651479849844789,0.11306077181675783,113,0.4119711451395034,0.23419497971656256,3,right,Tomi Lahren,False,105000.0
@TomiLahrenIsFearless,videos,F2,0.23627500648644972,0.131141486249626,0.07159575025274002,113,0.4119711451395034,0.23419497971656256,3,right,Tomi Lahren,False,105000.0
@TomiLahrenIsFearless,videos,F3,-0.012264461265745208,0.12233954960377946,0.9201463615893789,113,0.4119711451395034,0.23419497971656256,3,right,Tomi Lahren,False,105000.0
@TomiLahrenIsFearless,videos,F4,0.05070755174894015,0.1520751718187158,0.7388041264997693,113,0.4119711451395034,0.23419497971656256,3,right,Tomi Lahren,False,105000.0
@TomiLahrenIsFearless,videos,F5,0.14944212508311056,0.11710463440063527,0.20190537914505136,113,0.4119711451395034,0.23419497971656256,3,right,Tomi Lahren,False,105000.0
@TomiLahrenIsFearless,videos,F6,-0.02785588424218466,0.11895305850900949,0.8148487847450089,113,0.4119711451395034,0.23419497971656256,3,right,Tomi Lahren,False,105000.0
@TomiLahrenIsFearless,videos,F7,-0.03547504354100045,0.13781124529478192,0.7968563979878684,113,0.4119711451395034,0.23419497971656256,3,right,Tomi Lahren,False,105000.0
@TomiLahrenIsFearless,videos,F8,-0.04479478271759768,0.18471015197721946,0.8083819734010558,113,0.4119711451395034,0.23419497971656256,3,right,Tomi Lahren,False,105000.0
@TomiLahrenIsFearless,videos,F9,-0.05737976272865841,0.13318693605835727,0.6665983446695187,113,0.4119711451395034,0.23419497971656256,3,right,Tomi Lahren,False,105000.0
@TomiLahrenIsFearless,videos,F10,-0.023911645163655404,0.1278052874311946,0.85158667035022,113,0.4119711451395034,0.23419497971656256,3,right,Tomi Lahren,False,105000.0
@TomiLahrenIsFearless,videos,F11,-0.05217427443399392,0.16798536760686678,0.7561136921656436,113,0.4119711451395034,0.23419497971656256,3,right,Tomi Lahren,False,105000.0
@TomiLahrenIsFearless,videos,F12,-0.2825318084759458,0.15509952695073423,0.0685132434920385,113,0.4119711451395034,0.23419497971656256,3,right,Tomi Lahren,False,105000.0
@TomiLahrenIsFearless,videos,curiosity_gap,0.30888290899833615,0.17938855088185612,0.08509393424707906,113,0.4119711451395034,0.23419497971656256,3,right,Tomi Lahren,False,105000.0
@TomiLahrenIsFearless,videos,outrage,0.08552644724043704,0.1254857632839673,0.49551534807220676,113,0.4119711451395034,0.23419497971656256,3,right,Tomi Lahren,False,105000.0
@TomiLahrenIsFearless,videos,n_tokens,0.03239997045426102,0.17163104190670822,0.8502677029170829,113,0.4119711451395034,0.23419497971656256,3,right,Tomi Lahren,False,105000.0
@TuckerCarlson,videos,F1,0.06865194836974509,0.08106687526742314,0.39707553686673225,113,0.3439451222952513,0.13555121996550767,4,neutral,Tucker Carlson Network,False,5750000.0
@TuckerCarlson,videos,F2,0.02103366398781137,0.06785982834904311,0.7565932618871851,113,0.3439451222952513,0.13555121996550767,4,neutral,Tucker Carlson Network,False,5750000.0
@TuckerCarlson,videos,F3,0.10864057657245907,0.057319832667509625,0.05804736071592919,113,0.3439451222952513,0.13555121996550767,4,neutral,Tucker Carlson Network,False,5750000.0
@TuckerCarlson,videos,F4,0.11238323460669228,0.07770462190929386,0.14809653971308426,113,0.3439451222952513,0.13555121996550767,4,neutral,Tucker Carlson Network,False,5750000.0
@TuckerCarlson,videos,F5,-0.07699898205963018,0.06220918252192255,0.2158113585200353,113,0.3439451222952513,0.13555121996550767,4,neutral,Tucker Carlson Network,False,5750000.0
@TuckerCarlson,videos,F6,0.04448301086735901,0.06145687731287196,0.46918330338842285,113,0.3439451222952513,0.13555121996550767,4,neutral,Tucker Carlson Network,False,5750000.0
@TuckerCarlson,videos,F7,0.0057532083296143455,0.07230657434490889,0.936581739741972,113,0.3439451222952513,0.13555121996550767,4,neutral,Tucker Carlson Network,False,5750000.0
@TuckerCarlson,videos,F8,0.05259693829304807,0.05773124361821551,0.3622609181223133,113,0.3439451222952513,0.13555121996550767,4,neutral,Tucker Carlson Network,False,5750000.0
@TuckerCarlson,videos,F9,0.042584673213240415,0.054686736425025625,0.436155254156671,113,0.3439451222952513,0.13555121996550767,4,neutral,Tucker Carlson Network,False,5750000.0
@TuckerCarlson,videos,F10,-0.011346795696707268,0.05392305261762157,0.8333354416996384,113,0.3439451222952513,0.13555121996550767,4,neutral,Tucker Carlson Network,False,5750000.0
@TuckerCarlson,videos,F11,-0.01182104582325505,0.06742975018927444,0.8608367966419993,113,0.3439451222952513,0.13555121996550767,4,neutral,Tucker Carlson Network,False,5750000.0
@TuckerCarlson,videos,F12,0.06417686974000508,0.07703122144138086,0.4047725269291067,113,0.3439451222952513,0.13555121996550767,4,neutral,Tucker Carlson Network,False,5750000.0
@TuckerCarlson,videos,curiosity_gap,0.04871932936261991,0.10781955209592536,0.6513699320230577,113,0.3439451222952513,0.13555121996550767,4,neutral,Tucker Carlson Network,False,5750000.0
@TuckerCarlson,videos,outrage,0.00624224548324398,0.06037151567407708,0.9176477369060907,113,0.3439451222952513,0.13555121996550767,4,neutral,Tucker Carlson Network,False,5750000.0
@TuckerCarlson,videos,n_tokens,-0.06692281034837588,0.08758911622330111,0.44483509224928963,113,0.3439451222952513,0.13555121996550767,4,neutral,Tucker Carlson Network,False,5750000.0
@USATODAY,streams,F1,-0.005958870820452211,0.12826184469829638,0.9629446992656516,396,0.2969502251681797,0.1973853726630953,26,neutral,USA Today,False,7560000.0
@USATODAY,streams,F2,-0.007016994284163337,0.07669149023553674,0.9270981768078833,396,0.2969502251681797,0.1973853726630953,26,neutral,USA Today,False,7560000.0
@USATODAY,streams,F3,-0.09763663412796486,0.10718273343801614,0.3623289796852247,396,0.2969502251681797,0.1973853726630953,26,neutral,USA Today,False,7560000.0
@USATODAY,streams,F4,-0.01232996500958905,0.11530969724401614,0.9148452073836866,396,0.2969502251681797,0.1973853726630953,26,neutral,USA Today,False,7560000.0
@USATODAY,streams,F5,0.0920909519210823,0.09125894629048774,0.312918537394696,396,0.2969502251681797,0.1973853726630953,26,neutral,USA Today,False,7560000.0
@USATODAY,streams,F6,0.028070366206244063,0.08615399136060095,0.744563420043304,396,0.2969502251681797,0.1973853726630953,26,neutral,USA Today,False,7560000.0
@USATODAY,streams,F7,-0.06473980301123972,0.08768609432838621,0.46032413235475833,396,0.2969502251681797,0.1973853726630953,26,neutral,USA Today,False,7560000.0
@USATODAY,streams,F8,0.12388694829131225,0.1087817868542895,0.25476261563979175,396,0.2969502251681797,0.1973853726630953,26,neutral,USA Today,False,7560000.0
@USATODAY,streams,F9,0.011249721817783609,0.07797316375181688,0.8852818644660477,396,0.2969502251681797,0.1973853726630953,26,neutral,USA Today,False,7560000.0
@USATODAY,streams,F10,0.08755818528818826,0.08332479010071615,0.29334772213825366,396,0.2969502251681797,0.1973853726630953,26,neutral,USA Today,False,7560000.0
@USATODAY,streams,F11,0.25559565960000985,0.14030939035354179,0.06850696353334453,396,0.2969502251681797,0.1973853726630953,26,neutral,USA Today,False,7560000.0
@USATODAY,streams,F12,0.19300781677794013,0.0896004098779111,0.031232703448385697,396,0.2969502251681797,0.1973853726630953,26,neutral,USA Today,False,7560000.0
@USATODAY,streams,curiosity_gap,-0.056970443392453385,0.05349225179474462,0.2868658185686196,396,0.2969502251681797,0.1973853726630953,26,neutral,USA Today,False,7560000.0
@USATODAY,streams,outrage,0.1581937347993625,0.08019514149688967,0.04854001745931128,396,0.2969502251681797,0.1973853726630953,26,neutral,USA Today,False,7560000.0
@USATODAY,streams,n_tokens,-0.07591455766065788,0.13399716167292386,0.5710277347792894,396,0.2969502251681797,0.1973853726630953,26,neutral,USA Today,False,7560000.0
@USATODAY,videos,F1,-0.1266221651561326,0.06678502334417606,0.057964478006088165,2135,0.21891254990294917,0.16197052865404404,121,neutral,USA Today,False,7560000.0
@USATODAY,videos,F2,-0.07475560054512383,0.03789118204053904,0.048506693495646104,2135,0.21891254990294917,0.16197052865404404,121,neutral,USA Today,False,7560000.0
@USATODAY,videos,F3,0.03032832529349895,0.04070502929613733,0.45622600135656344,2135,0.21891254990294917,0.16197052865404404,121,neutral,USA Today,False,7560000.0
@USATODAY,videos,F4,-0.027308905388281762,0.043031264705506035,0.5256701535399748,2135,0.21891254990294917,0.16197052865404404,121,neutral,USA Today,False,7560000.0
@USATODAY,videos,F5,-0.06300912652121068,0.04231741078595425,0.13649669145898594,2135,0.21891254990294917,0.16197052865404404,121,neutral,USA Today,False,7560000.0
@USATODAY,videos,F6,0.2530148513517301,0.0451553244030939,2.1041571647132672e-08,2135,0.21891254990294917,0.16197052865404404,121,neutral,USA Today,False,7560000.0
@USATODAY,videos,F7,0.05755173680497058,0.047408066524083275,0.22476106289826403,2135,0.21891254990294917,0.16197052865404404,121,neutral,USA Today,False,7560000.0
@USATODAY,videos,F8,0.010691323238751577,0.04149298727364197,0.7966648523745897,2135,0.21891254990294917,0.16197052865404404,121,neutral,USA Today,False,7560000.0
@USATODAY,videos,F9,-0.02745116082084035,0.04606853001517668,0.5512576405993579,2135,0.21891254990294917,0.16197052865404404,121,neutral,USA Today,False,7560000.0
@USATODAY,videos,F10,0.021355953196808455,0.044826714750914445,0.633781389825302,2135,0.21891254990294917,0.16197052865404404,121,neutral,USA Today,False,7560000.0
@USATODAY,videos,F11,0.11006651828981018,0.06372204945321178,0.0841154266429458,2135,0.21891254990294917,0.16197052865404404,121,neutral,USA Today,False,7560000.0
@USATODAY,videos,F12,0.03577666763511814,0.04541609656918232,0.4308411806840663,2135,0.21891254990294917,0.16197052865404404,121,neutral,USA Today,False,7560000.0
@USATODAY,videos,curiosity_gap,-0.0003613444572829888,0.04123626532622947,0.9930083999695071,2135,0.21891254990294917,0.16197052865404404,121,neutral,USA Today,False,7560000.0
@USATODAY,videos,outrage,0.045305895208593475,0.037910300132902246,0.23205522160734815,2135,0.21891254990294917,0.16197052865404404,121,neutral,USA Today,False,7560000.0
@USATODAY,videos,humor,0.0034441800547766813,0.04747232033883053,0.9421631563526148,2135,0.21891254990294917,0.16197052865404404,121,neutral,USA Today,False,7560000.0
@USATODAY,videos,n_tokens,0.2764094065717022,0.05128076116854736,7.041103191617216e-08,2135,0.21891254990294917,0.16197052865404404,121,neutral,USA Today,False,7560000.0
@Vaush,videos,F1,0.022365927543377406,0.022941050466444925,0.32959478456639313,431,0.24918414621325502,0.1570474748608346,24,left,Vaush,False,603000.0
@Vaush,videos,F2,0.002314416683205589,0.019439658737348136,0.9052306361999405,431,0.24918414621325502,0.1570474748608346,24,left,Vaush,False,603000.0
@Vaush,videos,F3,-0.006218906423651915,0.018445141879078236,0.7359986434885948,431,0.24918414621325502,0.1570474748608346,24,left,Vaush,False,603000.0
@Vaush,videos,F4,0.020044934845308005,0.02234802332770982,0.3697485750748368,431,0.24918414621325502,0.1570474748608346,24,left,Vaush,False,603000.0
@Vaush,videos,F5,0.014927036561211277,0.01886318082837237,0.42875034303184556,431,0.24918414621325502,0.1570474748608346,24,left,Vaush,False,603000.0
@Vaush,videos,F6,-0.00533466414285054,0.02186369989482411,0.8072336053017297,431,0.24918414621325502,0.1570474748608346,24,left,Vaush,False,603000.0
@Vaush,videos,F7,-0.010524063119936544,0.019456339859886783,0.5885719446050796,431,0.24918414621325502,0.1570474748608346,24,left,Vaush,False,603000.0
@Vaush,videos,F8,-0.01154131820145321,0.019068025647340604,0.5449991124849413,431,0.24918414621325502,0.1570474748608346,24,left,Vaush,False,603000.0
@Vaush,videos,F9,-0.006726113047506449,0.023071000749925068,0.7706385720415524,431,0.24918414621325502,0.1570474748608346,24,left,Vaush,False,603000.0
@Vaush,videos,F10,-0.024019672463805652,0.015340956564566414,0.11741372471784779,431,0.24918414621325502,0.1570474748608346,24,left,Vaush,False,603000.0
@Vaush,videos,F11,-0.06622739471123112,0.021992379553125118,0.0026006384285979034,431,0.24918414621325502,0.1570474748608346,24,left,Vaush,False,603000.0
@Vaush,videos,F12,-0.0672980660192471,0.019733980958747212,0.00064900251620579,431,0.24918414621325502,0.1570474748608346,24,left,Vaush,False,603000.0
@Vaush,videos,curiosity_gap,-0.027537271008078956,0.01878470506943519,0.1426643367138437,431,0.24918414621325502,0.1570474748608346,24,left,Vaush,False,603000.0
@Vaush,videos,outrage,-0.0032821167443501387,0.02273269428313846,0.8852014391166307,431,0.24918414621325502,0.1570474748608346,24,left,Vaush,False,603000.0
@Vaush,videos,n_tokens,0.06289281251068946,0.022144484869922335,0.004509772709499942,431,0.24918414621325502,0.1570474748608346,24,left,Vaush,False,603000.0
@VivaFrei,videos,F1,-0.0938668750966608,0.09013871115708923,0.2977083614609991,310,0.37028934034347505,0.26573360817408975,20,right,Viva Frei,False,653000.0
@VivaFrei,videos,F2,0.10807372575880242,0.051577451055903105,0.0361383171997157,310,0.37028934034347505,0.26573360817408975,20,right,Viva Frei,False,653000.0
@VivaFrei,videos,F3,-0.0030110773549668624,0.05303432244435916,0.9547236223455537,310,0.37028934034347505,0.26573360817408975,20,right,Viva Frei,False,653000.0
@VivaFrei,videos,F4,-0.0022936682110100692,0.06760171264993871,0.9729336533901137,310,0.37028934034347505,0.26573360817408975,20,right,Viva Frei,False,653000.0
@VivaFrei,videos,F5,-0.012842246622619569,0.057190852617916614,0.8223288124484989,310,0.37028934034347505,0.26573360817408975,20,right,Viva Frei,False,653000.0
@VivaFrei,videos,F6,0.09758223348985315,0.05860215037615466,0.09587989689796325,310,0.37028934034347505,0.26573360817408975,20,right,Viva Frei,False,653000.0
@VivaFrei,videos,F7,-0.14124587457869942,0.06826779217084243,0.03854634432730658,310,0.37028934034347505,0.26573360817408975,20,right,Viva Frei,False,653000.0
@VivaFrei,videos,F8,0.03999668713973814,0.05465823134016686,0.4643152933749576,310,0.37028934034347505,0.26573360817408975,20,right,Viva Frei,False,653000.0
@VivaFrei,videos,F9,-0.05519929479190111,0.05419445753924523,0.3084207705276073,310,0.37028934034347505,0.26573360817408975,20,right,Viva Frei,False,653000.0
@VivaFrei,videos,F10,-0.03576635145109544,0.05006727418072399,0.4750009760185192,310,0.37028934034347505,0.26573360817408975,20,right,Viva Frei,False,653000.0
@VivaFrei,videos,F11,0.1551728616556063,0.08046221882551136,0.05379068995997558,310,0.37028934034347505,0.26573360817408975,20,right,Viva Frei,False,653000.0
@VivaFrei,videos,F12,-0.09475840535221525,0.05358804335791262,0.07701491632110333,310,0.37028934034347505,0.26573360817408975,20,right,Viva Frei,False,653000.0
@VivaFrei,videos,curiosity_gap,0.038279610574371445,0.05895127242718248,0.516116539133263,310,0.37028934034347505,0.26573360817408975,20,right,Viva Frei,False,653000.0
@VivaFrei,videos,outrage,0.15942411342023122,0.05261087629305134,0.002443513011658993,310,0.37028934034347505,0.26573360817408975,20,right,Viva Frei,False,653000.0
@VivaFrei,videos,humor,0.09287851317347628,0.8520490681003039,0.9131976825541707,310,0.37028934034347505,0.26573360817408975,20,right,Viva Frei,False,653000.0
@VivaFrei,videos,n_tokens,-0.11373752674480114,0.053514256067088824,0.033555856937879824,310,0.37028934034347505,0.26573360817408975,20,right,Viva Frei,False,653000.0
@Vox,videos,F1,-0.23658088665809424,0.16161373756614736,0.1432305122385677,127,0.28903902423599304,0.0764836809663414,6,left,Vox,False,12700000.0
@Vox,videos,F2,0.010745019170217418,0.14801578370450852,0.9421294091298804,127,0.28903902423599304,0.0764836809663414,6,left,Vox,False,12700000.0
@Vox,videos,F3,-0.4467255640286866,0.18507475161884585,0.015788968221496003,127,0.28903902423599304,0.0764836809663414,6,left,Vox,False,12700000.0
@Vox,videos,F4,-0.1660897889692584,0.22049060583937646,0.45128542006685646,127,0.28903902423599304,0.0764836809663414,6,left,Vox,False,12700000.0
@Vox,videos,F5,0.14886878332172104,0.15864258979588017,0.34804349372140797,127,0.28903902423599304,0.0764836809663414,6,left,Vox,False,12700000.0
@Vox,videos,F6,-0.2779945589118112,0.16053516267241405,0.0833316316968554,127,0.28903902423599304,0.0764836809663414,6,left,Vox,False,12700000.0
@Vox,videos,F7,-0.09954784372950859,0.2242852707789049,0.6571548198132341,127,0.28903902423599304,0.0764836809663414,6,left,Vox,False,12700000.0
@Vox,videos,F8,0.3422049557547988,0.22693590743191394,0.13157075975256685,127,0.28903902423599304,0.0764836809663414,6,left,Vox,False,12700000.0
@Vox,videos,F9,-0.15574397671258533,0.16307142580009962,0.3395443142352682,127,0.28903902423599304,0.0764836809663414,6,left,Vox,False,12700000.0
@Vox,videos,F10,-0.0962897371794117,0.21014029945746826,0.646796959225884,127,0.28903902423599304,0.0764836809663414,6,left,Vox,False,12700000.0
@Vox,videos,F11,0.08576036898124417,0.17956184383956206,0.6329284593044038,127,0.28903902423599304,0.0764836809663414,6,left,Vox,False,12700000.0
@Vox,videos,F12,-0.25053459807976886,0.1963665394832458,0.20200792095850661,127,0.28903902423599304,0.0764836809663414,6,left,Vox,False,12700000.0
@Vox,videos,curiosity_gap,0.17005141313286787,0.14590044519642015,0.24380433756898057,127,0.28903902423599304,0.0764836809663414,6,left,Vox,False,12700000.0
@Vox,videos,outrage,0.09786339659515958,0.1433345520371264,0.49475719591359646,127,0.28903902423599304,0.0764836809663414,6,left,Vox,False,12700000.0
@Vox,videos,n_tokens,0.26925736265809047,0.16446043266073743,0.1015852041495554,127,0.28903902423599304,0.0764836809663414,6,left,Vox,False,12700000.0
@X22Report-y5y,videos,F1,0.00391498960856046,0.041120606983616415,0.9241500241312861,379,0.3808753885610662,0.3096486633512774,16,right,X22 Report,False,887000.0
@X22Report-y5y,videos,F2,-0.017316317685417235,0.029047284324997324,0.5510801035382876,379,0.3808753885610662,0.3096486633512774,16,right,X22 Report,False,887000.0
@X22Report-y5y,videos,F3,0.0008373522217549056,0.03360853530558849,0.9801228679443512,379,0.3808753885610662,0.3096486633512774,16,right,X22 Report,False,887000.0
@X22Report-y5y,videos,F4,-0.031668016294585266,0.027001293721826913,0.24086266333326067,379,0.3808753885610662,0.3096486633512774,16,right,X22 Report,False,887000.0
@X22Report-y5y,videos,F5,0.008742959494248026,0.031886207468946055,0.7839366781523698,379,0.3808753885610662,0.3096486633512774,16,right,X22 Report,False,887000.0
@X22Report-y5y,videos,F6,-0.028233151026172104,0.0331461057088952,0.39433686025071435,379,0.3808753885610662,0.3096486633512774,16,right,X22 Report,False,887000.0
@X22Report-y5y,videos,F7,0.03302032161290917,0.033569655997632966,0.3252945256982229,379,0.3808753885610662,0.3096486633512774,16,right,X22 Report,False,887000.0
@X22Report-y5y,videos,F8,-0.041735081497425774,0.028879658413162933,0.14841922731871413,379,0.3808753885610662,0.3096486633512774,16,right,X22 Report,False,887000.0
@X22Report-y5y,videos,F9,0.04846516418490471,0.03211115006708088,0.1312236828146641,379,0.3808753885610662,0.3096486633512774,16,right,X22 Report,False,887000.0
@X22Report-y5y,videos,F10,-0.040860199446187295,0.03164026152317815,0.19656538618411135,379,0.3808753885610662,0.3096486633512774,16,right,X22 Report,False,887000.0
@X22Report-y5y,videos,F11,-0.01074407592898885,0.03697508316066987,0.7713755314921842,379,0.3808753885610662,0.3096486633512774,16,right,X22 Report,False,887000.0
@X22Report-y5y,videos,F12,-0.03407411407308625,0.03965769974001336,0.3902271447909863,379,0.3808753885610662,0.3096486633512774,16,right,X22 Report,False,887000.0
@X22Report-y5y,videos,curiosity_gap,0.026114008815633666,0.024756695044219817,0.29150485185391195,379,0.3808753885610662,0.3096486633512774,16,right,X22 Report,False,887000.0
@X22Report-y5y,videos,outrage,-0.013303690786026778,0.027836939137972114,0.6327107042694682,379,0.3808753885610662,0.3096486633512774,16,right,X22 Report,False,887000.0
@X22Report-y5y,videos,n_tokens,0.014142407200659846,0.032065469208019295,0.6591783349277842,379,0.3808753885610662,0.3096486633512774,16,right,X22 Report,False,887000.0
@Xanderhal,videos,F1,0.02710501753270224,0.056712020873854595,0.6326919782385885,289,0.31804082898872443,0.20484112853746017,17,left,Xanderhal,False,114000.0
@Xanderhal,videos,F2,0.06846377268431603,0.054906535736756704,0.21242873503492254,289,0.31804082898872443,0.20484112853746017,17,left,Xanderhal,False,114000.0
@Xanderhal,videos,F3,-0.07714451706168912,0.05100203585501945,0.13038708689902256,289,0.31804082898872443,0.20484112853746017,17,left,Xanderhal,False,114000.0
@Xanderhal,videos,F4,0.046719353644120415,0.05407243693278871,0.38758008688122325,289,0.31804082898872443,0.20484112853746017,17,left,Xanderhal,False,114000.0
@Xanderhal,videos,F5,-0.042290645369474134,0.04573241452873535,0.35510057166073217,289,0.31804082898872443,0.20484112853746017,17,left,Xanderhal,False,114000.0
@Xanderhal,videos,F6,-0.03376207091929678,0.059948096099898804,0.5733066169495684,289,0.31804082898872443,0.20484112853746017,17,left,Xanderhal,False,114000.0
@Xanderhal,videos,F7,-0.07347937816128594,0.047415616279625886,0.1212165888816377,289,0.31804082898872443,0.20484112853746017,17,left,Xanderhal,False,114000.0
@Xanderhal,videos,F8,-0.02035289166007087,0.04485552417864577,0.6500136283075899,289,0.31804082898872443,0.20484112853746017,17,left,Xanderhal,False,114000.0
@Xanderhal,videos,F9,-0.06187535016125861,0.05820001429430545,0.2877138941629197,289,0.31804082898872443,0.20484112853746017,17,left,Xanderhal,False,114000.0
@Xanderhal,videos,F10,-0.04095311104199742,0.053759556623953694,0.4461895868686644,289,0.31804082898872443,0.20484112853746017,17,left,Xanderhal,False,114000.0
@Xanderhal,videos,F11,-0.018813223702384918,0.0552759686674373,0.733592316914752,289,0.31804082898872443,0.20484112853746017,17,left,Xanderhal,False,114000.0
@Xanderhal,videos,F12,-0.09020094538587414,0.06103055563018713,0.13941749647434318,289,0.31804082898872443,0.20484112853746017,17,left,Xanderhal,False,114000.0
@Xanderhal,videos,curiosity_gap,0.0270794076779505,0.060431544908417345,0.654080641079238,289,0.31804082898872443,0.20484112853746017,17,left,Xanderhal,False,114000.0
@Xanderhal,videos,outrage,-0.022852465343391054,0.05015237862980869,0.6486340240427488,289,0.31804082898872443,0.20484112853746017,17,left,Xanderhal,False,114000.0
@Xanderhal,videos,humor,-0.03135890559094823,0.06949495182115041,0.6518165467297212,289,0.31804082898872443,0.20484112853746017,17,left,Xanderhal,False,114000.0
@Xanderhal,videos,n_tokens,-0.008522978385688829,0.059150189968741135,0.8854290338674309,289,0.31804082898872443,0.20484112853746017,17,left,Xanderhal,False,114000.0
@ZeihanonGeopolitics,videos,F1,-0.0058741756403079826,0.038528933139241245,0.878823021490262,202,0.417030235970146,0.29834178101796016,11,neutral,Peter Zeihan,False,969000.0
@ZeihanonGeopolitics,videos,F2,-0.04065026922017345,0.04807521459585551,0.3978006766642632,202,0.417030235970146,0.29834178101796016,11,neutral,Peter Zeihan,False,969000.0
@ZeihanonGeopolitics,videos,F3,0.0737637759757187,0.039999768053608935,0.06516782588205164,202,0.417030235970146,0.29834178101796016,11,neutral,Peter Zeihan,False,969000.0
@ZeihanonGeopolitics,videos,F4,0.005324326548369507,0.05334204399811743,0.9204913417311199,202,0.417030235970146,0.29834178101796016,11,neutral,Peter Zeihan,False,969000.0
@ZeihanonGeopolitics,videos,F5,0.03524787719680289,0.04410228786531073,0.42415698506434774,202,0.417030235970146,0.29834178101796016,11,neutral,Peter Zeihan,False,969000.0
@ZeihanonGeopolitics,videos,F6,-0.0007232948983738052,0.03545050469664017,0.9837219300510003,202,0.417030235970146,0.29834178101796016,11,neutral,Peter Zeihan,False,969000.0
@ZeihanonGeopolitics,videos,F7,-0.0418185692702836,0.05172233489970885,0.4187909964089672,202,0.417030235970146,0.29834178101796016,11,neutral,Peter Zeihan,False,969000.0
@ZeihanonGeopolitics,videos,F8,0.05701965059816094,0.052007891293942086,0.2729189156969105,202,0.417030235970146,0.29834178101796016,11,neutral,Peter Zeihan,False,969000.0
@ZeihanonGeopolitics,videos,F9,0.017125510562257217,0.046865136574848136,0.7147970803572501,202,0.417030235970146,0.29834178101796016,11,neutral,Peter Zeihan,False,969000.0
@ZeihanonGeopolitics,videos,F10,-0.01065886947370745,0.044677878848325345,0.8114378511302778,202,0.417030235970146,0.29834178101796016,11,neutral,Peter Zeihan,False,969000.0
@ZeihanonGeopolitics,videos,F11,0.024880698324378336,0.0506101716213045,0.6229918335802836,202,0.417030235970146,0.29834178101796016,11,neutral,Peter Zeihan,False,969000.0
@ZeihanonGeopolitics,videos,F12,0.06840386556882849,0.060650020733211456,0.25938508600579824,202,0.417030235970146,0.29834178101796016,11,neutral,Peter Zeihan,False,969000.0
@ZeihanonGeopolitics,videos,curiosity_gap,-0.018111130266766584,0.057862255026285024,0.754277452561871,202,0.417030235970146,0.29834178101796016,11,neutral,Peter Zeihan,False,969000.0
@ZeihanonGeopolitics,videos,outrage,0.14880186634361225,0.04454760440347294,0.0008369129408688168,202,0.417030235970146,0.29834178101796016,11,neutral,Peter Zeihan,False,969000.0
@ZeihanonGeopolitics,videos,n_tokens,-0.09116223825071984,0.049090048665164844,0.06330530612716585,202,0.417030235970146,0.29834178101796016,11,neutral,Peter Zeihan,False,969000.0
@ZubyMusic,videos,F1,-0.06268386213686727,0.20263285298070025,0.757057593593319,130,0.3926016495611402,0.20046543666721517,8,right,Zuby,False,282000.0
@ZubyMusic,videos,F2,0.13056850355980404,0.13788112628665983,0.34365697325259814,130,0.3926016495611402,0.20046543666721517,8,right,Zuby,False,282000.0
@ZubyMusic,videos,F3,0.036729445236871466,0.18760757358923602,0.8447838898472344,130,0.3926016495611402,0.20046543666721517,8,right,Zuby,False,282000.0
@ZubyMusic,videos,F4,-0.16234617214471514,0.19698869447039064,0.40986027541209247,130,0.3926016495611402,0.20046543666721517,8,right,Zuby,False,282000.0
@ZubyMusic,videos,F5,-0.06826602073526955,0.16063642414209128,0.6708569126190919,130,0.3926016495611402,0.20046543666721517,8,right,Zuby,False,282000.0
@ZubyMusic,videos,F6,0.11569943035755292,0.13267448297511986,0.38317843904439763,130,0.3926016495611402,0.20046543666721517,8,right,Zuby,False,282000.0
@ZubyMusic,videos,F7,-0.17016544463974748,0.20587359358343688,0.4084904434122659,130,0.3926016495611402,0.20046543666721517,8,right,Zuby,False,282000.0
@ZubyMusic,videos,F8,-0.03972393227448534,0.1112963201324552,0.7211513623998461,130,0.3926016495611402,0.20046543666721517,8,right,Zuby,False,282000.0
@ZubyMusic,videos,F9,0.1052118124721299,0.17537980113930524,0.5485672969280796,130,0.3926016495611402,0.20046543666721517,8,right,Zuby,False,282000.0
@ZubyMusic,videos,F10,-0.23805853110793412,0.21352260979843787,0.2648889142939319,130,0.3926016495611402,0.20046543666721517,8,right,Zuby,False,282000.0
@ZubyMusic,videos,F11,0.29701848243619605,0.20865072404075435,0.154585463327177,130,0.3926016495611402,0.20046543666721517,8,right,Zuby,False,282000.0
@ZubyMusic,videos,F12,-0.16640882905828186,0.21347510824752744,0.435671495104344,130,0.3926016495611402,0.20046543666721517,8,right,Zuby,False,282000.0
@ZubyMusic,videos,curiosity_gap,0.235222362639956,0.1810134046072971,0.19378102693001664,130,0.3926016495611402,0.20046543666721517,8,right,Zuby,False,282000.0
@ZubyMusic,videos,outrage,0.0073227956452595055,0.14156863917735343,0.9587469286957461,130,0.3926016495611402,0.20046543666721517,8,right,Zuby,False,282000.0
@ZubyMusic,videos,n_tokens,-0.018367601490084262,0.16931694548426507,0.9136144796399738,130,0.3926016495611402,0.20046543666721517,8,right,Zuby,False,282000.0
@aaronparnas1,videos,F1,0.006587522849104299,0.020793714840225665,0.7513926641451869,769,0.3243362210955054,0.27323559916155205,31,left,Aaron Parnas,False,826000.0
@aaronparnas1,videos,F2,0.015961787498999624,0.021218705168027888,0.45190026161177743,769,0.3243362210955054,0.27323559916155205,31,left,Aaron Parnas,False,826000.0
@aaronparnas1,videos,F3,-0.01992369608189365,0.024869117603610196,0.4230494098172558,769,0.3243362210955054,0.27323559916155205,31,left,Aaron Parnas,False,826000.0
@aaronparnas1,videos,F4,-0.01364410287110962,0.01848510465333933,0.4604455604151969,769,0.3243362210955054,0.27323559916155205,31,left,Aaron Parnas,False,826000.0
@aaronparnas1,videos,F5,0.010968929415201056,0.01705576885815828,0.5201453497831564,769,0.3243362210955054,0.27323559916155205,31,left,Aaron Parnas,False,826000.0
@aaronparnas1,videos,F6,-0.008748112832627886,0.016990042319903375,0.6066253670478042,769,0.3243362210955054,0.27323559916155205,31,left,Aaron Parnas,False,826000.0
@aaronparnas1,videos,F7,0.020345031131015517,0.018199632441858012,0.26361763734782917,769,0.3243362210955054,0.27323559916155205,31,left,Aaron Parnas,False,826000.0
@aaronparnas1,videos,F8,0.01252828624493249,0.017659878866523454,0.4780633539420086,769,0.3243362210955054,0.27323559916155205,31,left,Aaron Parnas,False,826000.0
@aaronparnas1,videos,F9,0.006238650606513074,0.018948397256614548,0.7419710884523907,769,0.3243362210955054,0.27323559916155205,31,left,Aaron Parnas,False,826000.0
@aaronparnas1,videos,F10,-0.011637741667444829,0.015533583384942594,0.45373740646384997,769,0.3243362210955054,0.27323559916155205,31,left,Aaron Parnas,False,826000.0
@aaronparnas1,videos,F11,-0.010496410472196765,0.02324327677796634,0.6515650228951005,769,0.3243362210955054,0.27323559916155205,31,left,Aaron Parnas,False,826000.0
@aaronparnas1,videos,F12,-0.015094105453275164,0.01729814814592431,0.3828892924974361,769,0.3243362210955054,0.27323559916155205,31,left,Aaron Parnas,False,826000.0
@aaronparnas1,videos,curiosity_gap,0.008224392381435797,0.010612236555039149,0.43834472374314537,769,0.3243362210955054,0.27323559916155205,31,left,Aaron Parnas,False,826000.0
@aaronparnas1,videos,outrage,0.046433948827475646,0.02295164820724075,0.04306073073330485,769,0.3243362210955054,0.27323559916155205,31,left,Aaron Parnas,False,826000.0
@aaronparnas1,videos,n_tokens,0.04458858199360194,0.021007071314142443,0.0337914876690279,769,0.3243362210955054,0.27323559916155205,31,left,Aaron Parnas,False,826000.0
@adammockler,videos,F1,-0.018150393140405563,0.025364308305310737,0.474245822257087,1052,0.11687391188253682,0.06623187262429198,34,left,Adam Mockler,False,2220000.0
@adammockler,videos,F2,-0.01656709954240443,0.024561257471486284,0.49997973585775457,1052,0.11687391188253682,0.06623187262429198,34,left,Adam Mockler,False,2220000.0
@adammockler,videos,F3,0.009087576080931012,0.021096038957841096,0.6666343954937357,1052,0.11687391188253682,0.06623187262429198,34,left,Adam Mockler,False,2220000.0
@adammockler,videos,F4,0.06785383227071365,0.030491662468675435,0.026059486667543787,1052,0.11687391188253682,0.06623187262429198,34,left,Adam Mockler,False,2220000.0
@adammockler,videos,F5,0.024586183188568436,0.020924173061301374,0.23998936520871827,1052,0.11687391188253682,0.06623187262429198,34,left,Adam Mockler,False,2220000.0
@adammockler,videos,F6,0.06087865247284195,0.029302601724077882,0.03774757794377429,1052,0.11687391188253682,0.06623187262429198,34,left,Adam Mockler,False,2220000.0
@adammockler,videos,F7,-0.005022977922290353,0.02220626919621764,0.8210486784048063,1052,0.11687391188253682,0.06623187262429198,34,left,Adam Mockler,False,2220000.0
@adammockler,videos,F8,-0.0013897942363000348,0.021764131822973015,0.9490840156393888,1052,0.11687391188253682,0.06623187262429198,34,left,Adam Mockler,False,2220000.0
@adammockler,videos,F9,-0.03622416923718025,0.024703683194516077,0.1425538048924831,1052,0.11687391188253682,0.06623187262429198,34,left,Adam Mockler,False,2220000.0
@adammockler,videos,F10,0.022310398178682952,0.029941758832909636,0.4561952460785871,1052,0.11687391188253682,0.06623187262429198,34,left,Adam Mockler,False,2220000.0
@adammockler,videos,F11,0.025751257998501795,0.025694266727890897,0.3162382900429407,1052,0.11687391188253682,0.06623187262429198,34,left,Adam Mockler,False,2220000.0
@adammockler,videos,F12,0.03680178304010934,0.024160040192748956,0.12769615235568033,1052,0.11687391188253682,0.06623187262429198,34,left,Adam Mockler,False,2220000.0
@adammockler,videos,curiosity_gap,-0.013216929426498214,0.02122065246177213,0.5333940598422088,1052,0.11687391188253682,0.06623187262429198,34,left,Adam Mockler,False,2220000.0
@adammockler,videos,outrage,-0.006531520799990448,0.02368901781203209,0.782763625654894,1052,0.11687391188253682,0.06623187262429198,34,left,Adam Mockler,False,2220000.0
@adammockler,videos,n_tokens,0.010171007939280274,0.029575863407025123,0.7309248353755196,1052,0.11687391188253682,0.06623187262429198,34,left,Adam Mockler,False,2220000.0
@aljazeeraenglish,videos,F1,-0.0002250650783274799,0.024310978994759203,0.9926134860253178,6643,0.3514738248020035,0.3382223297487952,109,left,Al Jazeera,False,18200000.0
@aljazeeraenglish,videos,F2,-0.010390440083435364,0.017133207624745822,0.5442157300496459,6643,0.3514738248020035,0.3382223297487952,109,left,Al Jazeera,False,18200000.0
@aljazeeraenglish,videos,F3,0.053236075632075414,0.01849828505476132,0.004003415509150958,6643,0.3514738248020035,0.3382223297487952,109,left,Al Jazeera,False,18200000.0
@aljazeeraenglish,videos,F4,0.11331601610095961,0.018886667061490073,1.9757416973024947e-09,6643,0.3514738248020035,0.3382223297487952,109,left,Al Jazeera,False,18200000.0
@aljazeeraenglish,videos,F5,0.0032805430794230483,0.019725841414199072,0.8679154544437773,6643,0.3514738248020035,0.3382223297487952,109,left,Al Jazeera,False,18200000.0
@aljazeeraenglish,videos,F6,0.12799757696192762,0.017862458373034858,7.737240354239422e-13,6643,0.3514738248020035,0.3382223297487952,109,left,Al Jazeera,False,18200000.0
@aljazeeraenglish,videos,F7,-0.08952988934423035,0.019378318622355225,3.8354373535580414e-06,6643,0.3514738248020035,0.3382223297487952,109,left,Al Jazeera,False,18200000.0
@aljazeeraenglish,videos,F8,-0.0034109849172143797,0.017508437385772443,0.8455342604648868,6643,0.3514738248020035,0.3382223297487952,109,left,Al Jazeera,False,18200000.0
@aljazeeraenglish,videos,F9,0.011444288378809092,0.019788618666767212,0.5630435083871974,6643,0.3514738248020035,0.3382223297487952,109,left,Al Jazeera,False,18200000.0
@aljazeeraenglish,videos,F10,0.043870473426535536,0.016676245112435685,0.008520507614053893,6643,0.3514738248020035,0.3382223297487952,109,left,Al Jazeera,False,18200000.0
@aljazeeraenglish,videos,F11,0.03532282627648475,0.023344926103034545,0.1302584090998694,6643,0.3514738248020035,0.3382223297487952,109,left,Al Jazeera,False,18200000.0
@aljazeeraenglish,videos,F12,0.10302795341163687,0.01920518782770048,8.113341875724658e-08,6643,0.3514738248020035,0.3382223297487952,109,left,Al Jazeera,False,18200000.0
@aljazeeraenglish,videos,curiosity_gap,0.011761395117330868,0.014960044679632283,0.43175784426041997,6643,0.3514738248020035,0.3382223297487952,109,left,Al Jazeera,False,18200000.0
@aljazeeraenglish,videos,outrage,0.07237791570049075,0.017549132006655848,3.718611389446926e-05,6643,0.3514738248020035,0.3382223297487952,109,left,Al Jazeera,False,18200000.0
@aljazeeraenglish,videos,humor,-0.015597026503138087,0.0019488745098590675,1.2133093863393494e-15,6643,0.3514738248020035,0.3382223297487952,109,left,Al Jazeera,False,18200000.0
@aljazeeraenglish,videos,n_tokens,-0.07290480448338271,0.01908108321585694,0.00013302509650707422,6643,0.3514738248020035,0.3382223297487952,109,left,Al Jazeera,False,18200000.0
@axios,videos,F1,-0.5221395884120861,0.23181434684602978,0.024296746017384588,137,0.7129612822302465,0.6282165179363193,8,neutral,Axios,False,114000.0
@axios,videos,F2,-0.029212870868900787,0.21181205843092238,0.8903045699666761,137,0.7129612822302465,0.6282165179363193,8,neutral,Axios,False,114000.0
@axios,videos,F3,-0.4044911428697243,0.22402265474921262,0.07098374719152986,137,0.7129612822302465,0.6282165179363193,8,neutral,Axios,False,114000.0
@axios,videos,F4,0.3083230494891038,0.22400445996947443,0.16869325469004404,137,0.7129612822302465,0.6282165179363193,8,neutral,Axios,False,114000.0
@axios,videos,F5,-0.09395368575916435,0.19126788970947292,0.6232742824727711,137,0.7129612822302465,0.6282165179363193,8,neutral,Axios,False,114000.0
@axios,videos,F6,-0.03650346884243838,0.21154513696001004,0.8630001196182705,137,0.7129612822302465,0.6282165179363193,8,neutral,Axios,False,114000.0
@axios,videos,F7,-0.003702761498102447,0.23111546302847086,0.9872174288591896,137,0.7129612822302465,0.6282165179363193,8,neutral,Axios,False,114000.0
@axios,videos,F8,0.19411157507932952,0.15376506443892782,0.2068082626757194,137,0.7129612822302465,0.6282165179363193,8,neutral,Axios,False,114000.0
@axios,videos,F9,0.40015424813421313,0.1536380773393951,0.009200164802837047,137,0.7129612822302465,0.6282165179363193,8,neutral,Axios,False,114000.0
@axios,videos,F10,0.0683414256831496,0.22038412295191245,0.7564838455309197,137,0.7129612822302465,0.6282165179363193,8,neutral,Axios,False,114000.0
@axios,videos,F11,-0.008395161189155148,0.2235224569195508,0.9700397217621173,137,0.7129612822302465,0.6282165179363193,8,neutral,Axios,False,114000.0
@axios,videos,F12,-0.07713749120523827,0.28387593544642353,0.7858299484592223,137,0.7129612822302465,0.6282165179363193,8,neutral,Axios,False,114000.0
@axios,videos,curiosity_gap,-0.11064454604505725,0.17062679514256024,0.5166878740450975,137,0.7129612822302465,0.6282165179363193,8,neutral,Axios,False,114000.0
@axios,videos,outrage,0.12937228065430673,0.20088974735562448,0.5195777472653541,137,0.7129612822302465,0.6282165179363193,8,neutral,Axios,False,114000.0
@axios,videos,n_tokens,0.16277271928234893,0.24459067103617144,0.5057369450576552,137,0.7129612822302465,0.6282165179363193,8,neutral,Axios,False,114000.0
@bbrettcooper,videos,F1,-0.030088902979151455,0.06930972886210693,0.6641995899877833,139,0.2677615610419595,0.0813735947617309,4,right,Brett Cooper,False,1700000.0
@bbrettcooper,videos,F2,-0.0390129916220997,0.055459517610390446,0.4817754239609884,139,0.2677615610419595,0.0813735947617309,4,right,Brett Cooper,False,1700000.0
@bbrettcooper,videos,F3,-0.023192602959286934,0.06125919588257798,0.7049864813188994,139,0.2677615610419595,0.0813735947617309,4,right,Brett Cooper,False,1700000.0
@bbrettcooper,videos,F4,0.03316060737128801,0.06125827529538549,0.5882839124696322,139,0.2677615610419595,0.0813735947617309,4,right,Brett Cooper,False,1700000.0
@bbrettcooper,videos,F5,-0.05167555592762749,0.04374948750031338,0.2375354344584838,139,0.2677615610419595,0.0813735947617309,4,right,Brett Cooper,False,1700000.0
@bbrettcooper,videos,F6,0.033892920264390336,0.061818945044572485,0.5835126619191264,139,0.2677615610419595,0.0813735947617309,4,right,Brett Cooper,False,1700000.0
@bbrettcooper,videos,F7,0.05799437152614695,0.05307094377638054,0.27449449622676747,139,0.2677615610419595,0.0813735947617309,4,right,Brett Cooper,False,1700000.0
@bbrettcooper,videos,F8,-0.03774156165268072,0.048436287750707505,0.43586183427161596,139,0.2677615610419595,0.0813735947617309,4,right,Brett Cooper,False,1700000.0
@bbrettcooper,videos,F9,0.041322636268229906,0.05893832253989966,0.4832302519881203,139,0.2677615610419595,0.0813735947617309,4,right,Brett Cooper,False,1700000.0
@bbrettcooper,videos,F10,0.07714648684147357,0.05694998544272556,0.1755336341129231,139,0.2677615610419595,0.0813735947617309,4,right,Brett Cooper,False,1700000.0
@bbrettcooper,videos,F11,0.032533952132774435,0.08681006424078015,0.7078302905443208,139,0.2677615610419595,0.0813735947617309,4,right,Brett Cooper,False,1700000.0
@bbrettcooper,videos,F12,-0.030392342891810697,0.05805152087172939,0.6005979277157527,139,0.2677615610419595,0.0813735947617309,4,right,Brett Cooper,False,1700000.0
@bbrettcooper,videos,curiosity_gap,0.020567059368364005,0.04376569269472189,0.6384009911326259,139,0.2677615610419595,0.0813735947617309,4,right,Brett Cooper,False,1700000.0
@bbrettcooper,videos,outrage,-0.07276596158099241,0.05185546171439309,0.16054353873262417,139,0.2677615610419595,0.0813735947617309,4,right,Brett Cooper,False,1700000.0
@bbrettcooper,videos,humor,0.04612853055661059,1.6964942037040127,0.9783077904993233,139,0.2677615610419595,0.0813735947617309,4,right,Brett Cooper,False,1700000.0
@bbrettcooper,videos,n_tokens,-0.021207023344079867,0.06065744757129847,0.7266243135034728,139,0.2677615610419595,0.0813735947617309,4,right,Brett Cooper,False,1700000.0
@bennyjohnson,streams,F1,-0.009643862865316155,0.05402046990527891,0.8583127466642717,162,0.42766793531039426,0.2965995235494159,7,right,Benny Johnson,False,6100000.0
@bennyjohnson,streams,F2,0.007052455621580078,0.04144289147102095,0.8648741901639386,162,0.42766793531039426,0.2965995235494159,7,right,Benny Johnson,False,6100000.0
@bennyjohnson,streams,F3,-0.045536286136704573,0.03765716854433332,0.22657339143444832,162,0.42766793531039426,0.2965995235494159,7,right,Benny Johnson,False,6100000.0
@bennyjohnson,streams,F4,0.02711518601207419,0.04328859830126047,0.5310646065141024,162,0.42766793531039426,0.2965995235494159,7,right,Benny Johnson,False,6100000.0
@bennyjohnson,streams,F5,-0.05801702383275795,0.051689298213241974,0.26168454822332865,162,0.42766793531039426,0.2965995235494159,7,right,Benny Johnson,False,6100000.0
@bennyjohnson,streams,F6,-0.036561825527767544,0.04011350970831917,0.36205349905202866,162,0.42766793531039426,0.2965995235494159,7,right,Benny Johnson,False,6100000.0
@bennyjohnson,streams,F7,0.012618421892007764,0.04116471209471741,0.7591973932826849,162,0.42766793531039426,0.2965995235494159,7,right,Benny Johnson,False,6100000.0
@bennyjohnson,streams,F8,-0.054214942895975116,0.038447496951144036,0.15850917864826752,162,0.42766793531039426,0.2965995235494159,7,right,Benny Johnson,False,6100000.0
@bennyjohnson,streams,F9,-0.014975568926182181,0.04136631364405835,0.7173346269505236,162,0.42766793531039426,0.2965995235494159,7,right,Benny Johnson,False,6100000.0
@bennyjohnson,streams,F10,-0.011347462150481658,0.02932706634442095,0.6988095362092362,162,0.42766793531039426,0.2965995235494159,7,right,Benny Johnson,False,6100000.0
@bennyjohnson,streams,F11,0.045509236172445955,0.060856220484721925,0.45457134026801094,162,0.42766793531039426,0.2965995235494159,7,right,Benny Johnson,False,6100000.0
@bennyjohnson,streams,F12,-0.013940158194846064,0.03877579893931894,0.719216092004753,162,0.42766793531039426,0.2965995235494159,7,right,Benny Johnson,False,6100000.0
@bennyjohnson,streams,curiosity_gap,-0.01577432713209398,0.04624456779710725,0.73302333536985,162,0.42766793531039426,0.2965995235494159,7,right,Benny Johnson,False,6100000.0
@bennyjohnson,streams,outrage,0.028957204731630354,0.048639374822796996,0.5516129349579503,162,0.42766793531039426,0.2965995235494159,7,right,Benny Johnson,False,6100000.0
@bennyjohnson,streams,n_tokens,-0.00679005466419047,0.050676228398755935,0.8934113117795847,162,0.42766793531039426,0.2965995235494159,7,right,Benny Johnson,False,6100000.0
@bennyjohnson,videos,F1,0.05080419450552248,0.024966787030515785,0.0418638401006115,1453,0.23297896409604257,0.16700482862188026,91,right,Benny Johnson,False,6100000.0
@bennyjohnson,videos,F2,0.029480441919112393,0.0183902857708137,0.10892488429556248,1453,0.23297896409604257,0.16700482862188026,91,right,Benny Johnson,False,6100000.0
@bennyjohnson,videos,F3,0.037149376540458134,0.018389830737355332,0.043372567724168934,1453,0.23297896409604257,0.16700482862188026,91,right,Benny Johnson,False,6100000.0
@bennyjohnson,videos,F4,0.010817319282800664,0.021068136513370597,0.6076404087344953,1453,0.23297896409604257,0.16700482862188026,91,right,Benny Johnson,False,6100000.0
@bennyjohnson,videos,F5,-0.004777729457779156,0.021857343823538985,0.826971843029877,1453,0.23297896409604257,0.16700482862188026,91,right,Benny Johnson,False,6100000.0
@bennyjohnson,videos,F6,0.0032922274569761045,0.020885348478004762,0.8747457222127025,1453,0.23297896409604257,0.16700482862188026,91,right,Benny Johnson,False,6100000.0
@bennyjohnson,videos,F7,0.0017481161514287247,0.020516594283356043,0.9320984258626926,1453,0.23297896409604257,0.16700482862188026,91,right,Benny Johnson,False,6100000.0
@bennyjohnson,videos,F8,-0.05688542410778624,0.019640752587097066,0.0037759660853632134,1453,0.23297896409604257,0.16700482862188026,91,right,Benny Johnson,False,6100000.0
@bennyjohnson,videos,F9,-0.00491786091464555,0.01962368181094559,0.8021168309674411,1453,0.23297896409604257,0.16700482862188026,91,right,Benny Johnson,False,6100000.0
@bennyjohnson,videos,F10,-0.04835714781007562,0.02066727779132925,0.019294440777690634,1453,0.23297896409604257,0.16700482862188026,91,right,Benny Johnson,False,6100000.0
@bennyjohnson,videos,F11,-0.04756043244866884,0.027666795915948738,0.08560640693622557,1453,0.23297896409604257,0.16700482862188026,91,right,Benny Johnson,False,6100000.0
@bennyjohnson,videos,F12,-0.0037254392081365745,0.0204584930310371,0.8555062576948596,1453,0.23297896409604257,0.16700482862188026,91,right,Benny Johnson,False,6100000.0
@bennyjohnson,videos,curiosity_gap,0.017295369402466752,0.019375504377500307,0.3720494609361259,1453,0.23297896409604257,0.16700482862188026,91,right,Benny Johnson,False,6100000.0
@bennyjohnson,videos,outrage,0.020628827774913316,0.021531646090233267,0.3380273774720459,1453,0.23297896409604257,0.16700482862188026,91,right,Benny Johnson,False,6100000.0
@bennyjohnson,videos,humor,0.01280369767252243,0.012058612627438181,0.2883316567392765,1453,0.23297896409604257,0.16700482862188026,91,right,Benny Johnson,False,6100000.0
@bennyjohnson,videos,n_tokens,0.07964708969675688,0.030030983766324657,0.007997771897878455,1453,0.23297896409604257,0.16700482862188026,91,right,Benny Johnson,False,6100000.0
@breakingpoints,videos,F1,-0.04813119079117778,0.021647005504708685,0.02618498465882671,998,0.36992344361502294,0.314954932698122,56,left,Breaking Points,False,2100000.0
@breakingpoints,videos,F2,0.015350328911637012,0.019957126526856314,0.4417951960007469,998,0.36992344361502294,0.314954932698122,56,left,Breaking Points,False,2100000.0
@breakingpoints,videos,F3,0.06599602925949127,0.019215897074669953,0.0005937585629254886,998,0.36992344361502294,0.314954932698122,56,left,Breaking Points,False,2100000.0
@breakingpoints,videos,F4,0.026398414228069406,0.020774438460465176,0.2038296519690017,998,0.36992344361502294,0.314954932698122,56,left,Breaking Points,False,2100000.0
@breakingpoints,videos,F5,-0.005325759686723566,0.02059148676504389,0.7959138588239607,998,0.36992344361502294,0.314954932698122,56,left,Breaking Points,False,2100000.0
@breakingpoints,videos,F6,0.03409944953622912,0.02242705862588365,0.12839536003700303,998,0.36992344361502294,0.314954932698122,56,left,Breaking Points,False,2100000.0
@breakingpoints,videos,F7,0.0018687064773256837,0.020108748322780177,0.9259591527302526,998,0.36992344361502294,0.314954932698122,56,left,Breaking Points,False,2100000.0
@breakingpoints,videos,F8,-0.03530764354061133,0.01680934304630325,0.03568687519204941,998,0.36992344361502294,0.314954932698122,56,left,Breaking Points,False,2100000.0
@breakingpoints,videos,F9,0.0025427428164859836,0.021480550725219757,0.9057711744991352,998,0.36992344361502294,0.314954932698122,56,left,Breaking Points,False,2100000.0
@breakingpoints,videos,F10,0.006908698514799416,0.021566030939779345,0.7487023034255325,998,0.36992344361502294,0.314954932698122,56,left,Breaking Points,False,2100000.0
@breakingpoints,videos,F11,0.0069727993802365384,0.023896632168312067,0.7704471569848487,998,0.36992344361502294,0.314954932698122,56,left,Breaking Points,False,2100000.0
@breakingpoints,videos,F12,0.026222405908087,0.025869014111609374,0.3107446282769304,998,0.36992344361502294,0.314954932698122,56,left,Breaking Points,False,2100000.0
@breakingpoints,videos,curiosity_gap,0.0029283269104582454,0.019304129191254123,0.8794280307895317,998,0.36992344361502294,0.314954932698122,56,left,Breaking Points,False,2100000.0
@breakingpoints,videos,outrage,0.018605186510536748,0.01866736823595915,0.31892522040097215,998,0.36992344361502294,0.314954932698122,56,left,Breaking Points,False,2100000.0
@breakingpoints,videos,humor,0.02552007617388441,0.024295786795726703,0.2935383745226564,998,0.36992344361502294,0.314954932698122,56,left,Breaking Points,False,2100000.0
@breakingpoints,videos,n_tokens,0.024569948530184904,0.02110977083273606,0.24445904357474924,998,0.36992344361502294,0.314954932698122,56,left,Breaking Points,False,2100000.0
@briantylercohen,videos,F1,-0.0001601159247519024,0.023397840799461434,0.9945399651063827,1019,0.2928627782526979,0.24463201286594594,41,left,Brian Tyler Cohen,False,5260000.0
@briantylercohen,videos,F2,-0.029626835373036398,0.022861949354015025,0.19500940865609895,1019,0.2928627782526979,0.24463201286594594,41,left,Brian Tyler Cohen,False,5260000.0
@briantylercohen,videos,F3,0.045211044843878445,0.022466582063939467,0.04418109335737971,1019,0.2928627782526979,0.24463201286594594,41,left,Brian Tyler Cohen,False,5260000.0
@briantylercohen,videos,F4,0.015670802812176365,0.026043265613000396,0.5473592813930823,1019,0.2928627782526979,0.24463201286594594,41,left,Brian Tyler Cohen,False,5260000.0
@briantylercohen,videos,F5,-0.034241089866880986,0.02980317722290821,0.25059417962676855,1019,0.2928627782526979,0.24463201286594594,41,left,Brian Tyler Cohen,False,5260000.0
@briantylercohen,videos,F6,0.028335684205290756,0.02333255944064329,0.22458480772685563,1019,0.2928627782526979,0.24463201286594594,41,left,Brian Tyler Cohen,False,5260000.0
@briantylercohen,videos,F7,0.017633313266636946,0.023343161554638826,0.4500118648014759,1019,0.2928627782526979,0.24463201286594594,41,left,Brian Tyler Cohen,False,5260000.0
@briantylercohen,videos,F8,-0.018098465231812688,0.022795852080731597,0.4272322407026339,1019,0.2928627782526979,0.24463201286594594,41,left,Brian Tyler Cohen,False,5260000.0
@briantylercohen,videos,F9,-0.03748099484207562,0.02345641027879365,0.11006526391586771,1019,0.2928627782526979,0.24463201286594594,41,left,Brian Tyler Cohen,False,5260000.0
@briantylercohen,videos,F10,0.03523777637194811,0.021106080281807972,0.09500730390299146,1019,0.2928627782526979,0.24463201286594594,41,left,Brian Tyler Cohen,False,5260000.0
@briantylercohen,videos,F11,0.026792606837082844,0.023204123066452136,0.24823438035032575,1019,0.2928627782526979,0.24463201286594594,41,left,Brian Tyler Cohen,False,5260000.0
@briantylercohen,videos,F12,0.013328901991617832,0.025487141074516523,0.600998083941769,1019,0.2928627782526979,0.24463201286594594,41,left,Brian Tyler Cohen,False,5260000.0
@briantylercohen,videos,curiosity_gap,0.0070637663295485265,0.022010923320806675,0.748270300387579,1019,0.2928627782526979,0.24463201286594594,41,left,Brian Tyler Cohen,False,5260000.0
@briantylercohen,videos,outrage,0.0056263487631467435,0.026290866979162587,0.8305439952535681,1019,0.2928627782526979,0.24463201286594594,41,left,Brian Tyler Cohen,False,5260000.0
@briantylercohen,videos,humor,-0.024585057047282644,0.008004341353562143,0.002130108918586779,1019,0.2928627782526979,0.24463201286594594,41,left,Brian Tyler Cohen,False,5260000.0
@briantylercohen,videos,n_tokens,0.03844108915302835,0.028177089344388184,0.1724833692937332,1019,0.2928627782526979,0.24463201286594594,41,left,Brian Tyler Cohen,False,5260000.0
@bulwarkmedia,streams,F1,-0.048734496780744374,0.06247711569846521,0.4353687682861952,220,0.34998333675312576,0.2387505387643558,9,left,The Bulwark,False,1760000.0
@bulwarkmedia,streams,F2,0.043115386354048435,0.04783042888427612,0.36736414978614873,220,0.34998333675312576,0.2387505387643558,9,left,The Bulwark,False,1760000.0
@bulwarkmedia,streams,F3,0.047306107822052024,0.04721912896926177,0.3164198962590703,220,0.34998333675312576,0.2387505387643558,9,left,The Bulwark,False,1760000.0
@bulwarkmedia,streams,F4,0.02910527964487146,0.04571709807150157,0.524360128932697,220,0.34998333675312576,0.2387505387643558,9,left,The Bulwark,False,1760000.0
@bulwarkmedia,streams,F5,-0.04865006993170973,0.05378106362421484,0.36568009670415336,220,0.34998333675312576,0.2387505387643558,9,left,The Bulwark,False,1760000.0
@bulwarkmedia,streams,F6,-0.016695885565022994,0.05617680402992415,0.766311927398911,220,0.34998333675312576,0.2387505387643558,9,left,The Bulwark,False,1760000.0
@bulwarkmedia,streams,F7,-0.10810582275675912,0.05622619347977597,0.05451836138971074,220,0.34998333675312576,0.2387505387643558,9,left,The Bulwark,False,1760000.0
@bulwarkmedia,streams,F8,-0.004582310186245081,0.05425723075819516,0.9326944487872456,220,0.34998333675312576,0.2387505387643558,9,left,The Bulwark,False,1760000.0
@bulwarkmedia,streams,F9,-0.09076032038615477,0.05919114224318443,0.1251913784940536,220,0.34998333675312576,0.2387505387643558,9,left,The Bulwark,False,1760000.0
@bulwarkmedia,streams,F10,0.0409224276293666,0.038248269404115985,0.28465721202763017,220,0.34998333675312576,0.2387505387643558,9,left,The Bulwark,False,1760000.0
@bulwarkmedia,streams,F11,-0.01334709230388803,0.06241542308897786,0.8306696039663277,220,0.34998333675312576,0.2387505387643558,9,left,The Bulwark,False,1760000.0
@bulwarkmedia,streams,F12,-0.11340857794871842,0.05632233339136268,0.04405541316057496,220,0.34998333675312576,0.2387505387643558,9,left,The Bulwark,False,1760000.0
@bulwarkmedia,streams,curiosity_gap,0.015926404648901604,0.018991915731247627,0.4017001915989591,220,0.34998333675312576,0.2387505387643558,9,left,The Bulwark,False,1760000.0
@bulwarkmedia,streams,outrage,0.059054760122659755,0.05036827162249663,0.24101261071336966,220,0.34998333675312576,0.2387505387643558,9,left,The Bulwark,False,1760000.0
@bulwarkmedia,streams,n_tokens,-0.04429789082880087,0.06454740982495782,0.4925336826672091,220,0.34998333675312576,0.2387505387643558,9,left,The Bulwark,False,1760000.0
@bulwarkmedia,videos,F1,-0.13352977451605474,0.0436023285888669,0.0021953612000234373,681,0.23034625857136748,0.16127476895597748,32,left,The Bulwark,False,1760000.0
@bulwarkmedia,videos,F2,-0.061469415325462504,0.03536930894853916,0.08222298824316192,681,0.23034625857136748,0.16127476895597748,32,left,The Bulwark,False,1760000.0
@bulwarkmedia,videos,F3,0.014108703641114495,0.0374334775370319,0.706247406086,681,0.23034625857136748,0.16127476895597748,32,left,The Bulwark,False,1760000.0
@bulwarkmedia,videos,F4,0.014218091658486642,0.035466785995986766,0.6885050192272988,681,0.23034625857136748,0.16127476895597748,32,left,The Bulwark,False,1760000.0
@bulwarkmedia,videos,F5,-0.08896915180370502,0.036537241742178345,0.014890699207258436,681,0.23034625857136748,0.16127476895597748,32,left,The Bulwark,False,1760000.0
@bulwarkmedia,videos,F6,-0.0542769748302874,0.04436999869142465,0.22122359401302893,681,0.23034625857136748,0.16127476895597748,32,left,The Bulwark,False,1760000.0
@bulwarkmedia,videos,F7,0.008400665040728186,0.046798000801483386,0.8575380055861297,681,0.23034625857136748,0.16127476895597748,32,left,The Bulwark,False,1760000.0
@bulwarkmedia,videos,F8,0.04026919327015299,0.04392940444356287,0.35931050682181065,681,0.23034625857136748,0.16127476895597748,32,left,The Bulwark,False,1760000.0
@bulwarkmedia,videos,F9,0.003962242225024587,0.03861849308126969,0.9182807545177462,681,0.23034625857136748,0.16127476895597748,32,left,The Bulwark,False,1760000.0
@bulwarkmedia,videos,F10,-0.01307843730647057,0.03227386776874398,0.6853062262797467,681,0.23034625857136748,0.16127476895597748,32,left,The Bulwark,False,1760000.0
@bulwarkmedia,videos,F11,0.07789525958253311,0.04003153211241708,0.05167305219313587,681,0.23034625857136748,0.16127476895597748,32,left,The Bulwark,False,1760000.0
@bulwarkmedia,videos,F12,0.019503277223674342,0.04152097146048224,0.6385542765191692,681,0.23034625857136748,0.16127476895597748,32,left,The Bulwark,False,1760000.0
@bulwarkmedia,videos,curiosity_gap,-0.012593777687406688,0.04280172439054504,0.7685781178123599,681,0.23034625857136748,0.16127476895597748,32,left,The Bulwark,False,1760000.0
@bulwarkmedia,videos,outrage,0.019783596201914597,0.03686138909726071,0.5914731941157809,681,0.23034625857136748,0.16127476895597748,32,left,The Bulwark,False,1760000.0
@bulwarkmedia,videos,humor,0.05806525607850985,0.008705254147422195,2.5556108267863848e-11,681,0.23034625857136748,0.16127476895597748,32,left,The Bulwark,False,1760000.0
@bulwarkmedia,videos,n_tokens,-0.15365006547026294,0.05193780631243231,0.003092935074409467,681,0.23034625857136748,0.16127476895597748,32,left,The Bulwark,False,1760000.0
@chicksonright,streams,F1,-0.032225136962495404,0.020143712339624708,0.10965148626811358,174,0.37402919923426337,0.24796563519116366,5,right,Chicks on the Right,False,191000.0
@chicksonright,streams,F2,0.021347500344446435,0.024553422512478974,0.38461157460015916,174,0.37402919923426337,0.24796563519116366,5,right,Chicks on the Right,False,191000.0
@chicksonright,streams,F3,-0.05283300705135574,0.04817302994133074,0.27275762335146025,174,0.37402919923426337,0.24796563519116366,5,right,Chicks on the Right,False,191000.0
@chicksonright,streams,F4,0.015104301271940956,0.014341735132835754,0.29226257145136036,174,0.37402919923426337,0.24796563519116366,5,right,Chicks on the Right,False,191000.0
@chicksonright,streams,F5,0.0014219148234577705,0.019524958583711463,0.941944980716401,174,0.37402919923426337,0.24796563519116366,5,right,Chicks on the Right,False,191000.0
@chicksonright,streams,F6,0.017475483024570693,0.021005651790999513,0.40544170860071727,174,0.37402919923426337,0.24796563519116366,5,right,Chicks on the Right,False,191000.0
@chicksonright,streams,F7,-0.005142852855203717,0.014479155209867369,0.7224471670061823,174,0.37402919923426337,0.24796563519116366,5,right,Chicks on the Right,False,191000.0
@chicksonright,streams,F8,-0.00593179344581124,0.026209909415650632,0.8209535308565445,174,0.37402919923426337,0.24796563519116366,5,right,Chicks on the Right,False,191000.0
@chicksonright,streams,F9,-0.038570976712089755,0.03876807759469919,0.31977717027989416,174,0.37402919923426337,0.24796563519116366,5,right,Chicks on the Right,False,191000.0
@chicksonright,streams,F10,-0.006556188133429508,0.01179457322509896,0.5783032803898461,174,0.37402919923426337,0.24796563519116366,5,right,Chicks on the Right,False,191000.0
@chicksonright,streams,F11,0.05137698264366994,0.030021297362470882,0.08701630382822816,174,0.37402919923426337,0.24796563519116366,5,right,Chicks on the Right,False,191000.0
@chicksonright,streams,F12,0.022502924547878195,0.016579266060452808,0.17468807740915526,174,0.37402919923426337,0.24796563519116366,5,right,Chicks on the Right,False,191000.0
@chicksonright,streams,curiosity_gap,-0.007417172022126661,0.011789751515691557,0.5292703007897093,174,0.37402919923426337,0.24796563519116366,5,right,Chicks on the Right,False,191000.0
@chicksonright,streams,outrage,-0.010179598415999719,0.023958784081407836,0.670924452135315,174,0.37402919923426337,0.24796563519116366,5,right,Chicks on the Right,False,191000.0
@chicksonright,streams,humor,0.005538087037767092,0.1517456840568842,0.970886991330071,174,0.37402919923426337,0.24796563519116366,5,right,Chicks on the Right,False,191000.0
@chicksonright,streams,n_tokens,-0.008596893855520205,0.020988244014575573,0.6820955828871955,174,0.37402919923426337,0.24796563519116366,5,right,Chicks on the Right,False,191000.0
@chicksonright,videos,F1,-0.04180928418632818,0.05055447204838572,0.4082288120172535,446,0.5281400097016288,0.48025322850798213,17,right,Chicks on the Right,False,191000.0
@chicksonright,videos,F2,-0.0034536708556984763,0.042247949958639446,0.9348473815956592,446,0.5281400097016288,0.48025322850798213,17,right,Chicks on the Right,False,191000.0
@chicksonright,videos,F3,0.03853799131915861,0.041662131733738346,0.35495942175731987,446,0.5281400097016288,0.48025322850798213,17,right,Chicks on the Right,False,191000.0
@chicksonright,videos,F4,-0.016479135679755674,0.037638272714694436,0.6615100856687146,446,0.5281400097016288,0.48025322850798213,17,right,Chicks on the Right,False,191000.0
@chicksonright,videos,F5,-0.11348958023696601,0.04708041374483972,0.015928590909832185,446,0.5281400097016288,0.48025322850798213,17,right,Chicks on the Right,False,191000.0
@chicksonright,videos,F6,0.0796755825589599,0.04573665123925764,0.08149950707836635,446,0.5281400097016288,0.48025322850798213,17,right,Chicks on the Right,False,191000.0
@chicksonright,videos,F7,-0.0646774207598812,0.03785102241300096,0.08749978350834672,446,0.5281400097016288,0.48025322850798213,17,right,Chicks on the Right,False,191000.0
@chicksonright,videos,F8,-0.0889107553021741,0.03908084605324305,0.022903120148897435,446,0.5281400097016288,0.48025322850798213,17,right,Chicks on the Right,False,191000.0
@chicksonright,videos,F9,-0.032192563936269236,0.04816506834166709,0.5038911175744964,446,0.5281400097016288,0.48025322850798213,17,right,Chicks on the Right,False,191000.0
@chicksonright,videos,F10,-0.05114528292661291,0.03885289732274377,0.1880456169672734,446,0.5281400097016288,0.48025322850798213,17,right,Chicks on the Right,False,191000.0
@chicksonright,videos,F11,0.08510217520242169,0.05421776105696447,0.11649970833225427,446,0.5281400097016288,0.48025322850798213,17,right,Chicks on the Right,False,191000.0
@chicksonright,videos,F12,-0.07623940260395892,0.03711902274941014,0.0399836976121048,446,0.5281400097016288,0.48025322850798213,17,right,Chicks on the Right,False,191000.0
@chicksonright,videos,curiosity_gap,0.04662266902754407,0.03501710833898661,0.18304906180427638,446,0.5281400097016288,0.48025322850798213,17,right,Chicks on the Right,False,191000.0
@chicksonright,videos,outrage,0.004476439350658223,0.042231446920703374,0.9155841186239615,446,0.5281400097016288,0.48025322850798213,17,right,Chicks on the Right,False,191000.0
@chicksonright,videos,humor,-0.028408988597071083,0.0394882351702611,0.4718765238820348,446,0.5281400097016288,0.48025322850798213,17,right,Chicks on the Right,False,191000.0
@chicksonright,videos,n_tokens,-0.010349565695564923,0.04810692939800398,0.8296607468436437,446,0.5281400097016288,0.48025322850798213,17,right,Chicks on the Right,False,191000.0
@chinainsights-r2w,videos,F1,-0.06078549926809618,0.06027843005301655,0.3132566582467844,238,0.20626546642906285,0.10845931537292841,3,neutral,China Insights,False,350000.0
@chinainsights-r2w,videos,F2,-0.014818006811588041,0.05971942855257872,0.8040360917903762,238,0.20626546642906285,0.10845931537292841,3,neutral,China Insights,False,350000.0
@chinainsights-r2w,videos,F3,-0.05226747619018049,0.061246783360822586,0.39344230720726936,238,0.20626546642906285,0.10845931537292841,3,neutral,China Insights,False,350000.0
@chinainsights-r2w,videos,F4,0.12264398443096891,0.054070809921959936,0.023316373453683464,238,0.20626546642906285,0.10845931537292841,3,neutral,China Insights,False,350000.0
@chinainsights-r2w,videos,F5,0.10999755458259353,0.06714012000262558,0.10135323989265527,238,0.20626546642906285,0.10845931537292841,3,neutral,China Insights,False,350000.0
@chinainsights-r2w,videos,F6,-0.011844509716923135,0.06264756033661302,0.8500412631397554,238,0.20626546642906285,0.10845931537292841,3,neutral,China Insights,False,350000.0
@chinainsights-r2w,videos,F7,-0.08564735582136976,0.06439327821355381,0.18349629207986717,238,0.20626546642906285,0.10845931537292841,3,neutral,China Insights,False,350000.0
@chinainsights-r2w,videos,F8,-0.0847206334450148,0.06325879948656364,0.18048268308093052,238,0.20626546642906285,0.10845931537292841,3,neutral,China Insights,False,350000.0
@chinainsights-r2w,videos,F9,-0.024784828568343298,0.06729734996501982,0.7126582539844031,238,0.20626546642906285,0.10845931537292841,3,neutral,China Insights,False,350000.0
@chinainsights-r2w,videos,F10,-0.111839890559318,0.06063626348298873,0.06511918471296797,238,0.20626546642906285,0.10845931537292841,3,neutral,China Insights,False,350000.0
@chinainsights-r2w,videos,F11,0.09127371057022596,0.07662651404854438,0.23359450763871548,238,0.20626546642906285,0.10845931537292841,3,neutral,China Insights,False,350000.0
@chinainsights-r2w,videos,F12,-0.007018861031241663,0.05576190900652317,0.8998332752202906,238,0.20626546642906285,0.10845931537292841,3,neutral,China Insights,False,350000.0
@chinainsights-r2w,videos,curiosity_gap,0.04394064951712867,0.08864588050614898,0.6201149504136563,238,0.20626546642906285,0.10845931537292841,3,neutral,China Insights,False,350000.0
@chinainsights-r2w,videos,outrage,0.03322400043260476,0.05858354460071772,0.5706314888086044,238,0.20626546642906285,0.10845931537292841,3,neutral,China Insights,False,350000.0
@chinainsights-r2w,videos,n_tokens,-0.010271521666940897,0.06559160420034404,0.8755615871543576,238,0.20626546642906285,0.10845931537292841,3,neutral,China Insights,False,350000.0
@chriscuomo,videos,F1,-0.048713806189752074,0.12017742382780731,0.6852209467278061,122,0.5464343575891883,0.4034625790031716,6,left,Chris Cuomo,False,652000.0
@chriscuomo,videos,F2,0.018186247512521236,0.1426610187857102,0.8985614956355694,122,0.5464343575891883,0.4034625790031716,6,left,Chris Cuomo,False,652000.0
@chriscuomo,videos,F3,-0.19939871131153136,0.18539090623834573,0.28212488556839155,122,0.5464343575891883,0.4034625790031716,6,left,Chris Cuomo,False,652000.0
@chriscuomo,videos,F4,-0.16289799103606184,0.20581928577096956,0.42867487473077837,122,0.5464343575891883,0.4034625790031716,6,left,Chris Cuomo,False,652000.0
@chriscuomo,videos,F5,0.17636051983765388,0.12982662122108263,0.17432693157293144,122,0.5464343575891883,0.4034625790031716,6,left,Chris Cuomo,False,652000.0
@chriscuomo,videos,F6,0.03427290447544529,0.14030637794385495,0.8070202507118619,122,0.5464343575891883,0.4034625790031716,6,left,Chris Cuomo,False,652000.0
@chriscuomo,videos,F7,-0.3989178740447893,0.1603523252414308,0.012855096159056018,122,0.5464343575891883,0.4034625790031716,6,left,Chris Cuomo,False,652000.0
@chriscuomo,videos,F8,0.07904980118566918,0.10870751951285725,0.4671164449322701,122,0.5464343575891883,0.4034625790031716,6,left,Chris Cuomo,False,652000.0
@chriscuomo,videos,F9,0.20417239331043507,0.14992411354040583,0.17324893543962383,122,0.5464343575891883,0.4034625790031716,6,left,Chris Cuomo,False,652000.0
@chriscuomo,videos,F10,0.022248719542197037,0.1877985122971879,0.9056942947382571,122,0.5464343575891883,0.4034625790031716,6,left,Chris Cuomo,False,652000.0
@chriscuomo,videos,F11,-0.5111986825449042,0.1751192515037037,0.003509916640275693,122,0.5464343575891883,0.4034625790031716,6,left,Chris Cuomo,False,652000.0
@chriscuomo,videos,F12,-0.27171977985303086,0.15803813355348542,0.08555421316810669,122,0.5464343575891883,0.4034625790031716,6,left,Chris Cuomo,False,652000.0
@chriscuomo,videos,curiosity_gap,0.01833485024688275,0.08968563539827377,0.8380138658871901,122,0.5464343575891883,0.4034625790031716,6,left,Chris Cuomo,False,652000.0
@chriscuomo,videos,outrage,0.1270694753856595,0.12562540989225668,0.31177956765480985,122,0.5464343575891883,0.4034625790031716,6,left,Chris Cuomo,False,652000.0
@chriscuomo,videos,n_tokens,-0.21896003328600844,0.18438838134212987,0.23503295703706384,122,0.5464343575891883,0.4034625790031716,6,left,Chris Cuomo,False,652000.0
@clayandbuck,videos,F1,-0.016683337296917067,0.07716433892776613,0.828827740126376,565,0.3936054709775232,0.3146162036699861,41,right,Clay & Buck,False,150000.0
@clayandbuck,videos,F2,0.06618638157331617,0.057595965924795614,0.2504942963191892,565,0.3936054709775232,0.3146162036699861,41,right,Clay & Buck,False,150000.0
@clayandbuck,videos,F3,-0.05968974964897537,0.05726466368295127,0.2972500259253156,565,0.3936054709775232,0.3146162036699861,41,right,Clay & Buck,False,150000.0
@clayandbuck,videos,F4,-0.0115982991724293,0.06802269320849794,0.8646119636107396,565,0.3936054709775232,0.3146162036699861,41,right,Clay & Buck,False,150000.0
@clayandbuck,videos,F5,0.004458418604483538,0.05097512430297101,0.9303037858770442,565,0.3936054709775232,0.3146162036699861,41,right,Clay & Buck,False,150000.0
@clayandbuck,videos,F6,0.07721050980197422,0.059818655763848615,0.1967928168613542,565,0.3936054709775232,0.3146162036699861,41,right,Clay & Buck,False,150000.0
@clayandbuck,videos,F7,-0.05740162448204676,0.06332447780601654,0.3646880968608388,565,0.3936054709775232,0.3146162036699861,41,right,Clay & Buck,False,150000.0
@clayandbuck,videos,F8,0.013679225840701359,0.058065720677832236,0.813757212939086,565,0.3936054709775232,0.3146162036699861,41,right,Clay & Buck,False,150000.0
@clayandbuck,videos,F9,-0.0627854366605431,0.0569165749540316,0.26997792124195596,565,0.3936054709775232,0.3146162036699861,41,right,Clay & Buck,False,150000.0
@clayandbuck,videos,F10,0.09113778209879414,0.05605131013802363,0.10395591083743827,565,0.3936054709775232,0.3146162036699861,41,right,Clay & Buck,False,150000.0
@clayandbuck,videos,F11,0.062458806713373005,0.0816551720667866,0.4443255103866315,565,0.3936054709775232,0.3146162036699861,41,right,Clay & Buck,False,150000.0
@clayandbuck,videos,F12,-0.07470021720458539,0.06524033508457741,0.25220894446021647,565,0.3936054709775232,0.3146162036699861,41,right,Clay & Buck,False,150000.0
@clayandbuck,videos,curiosity_gap,-0.04715423438662451,0.05018408717870644,0.3474098307575132,565,0.3936054709775232,0.3146162036699861,41,right,Clay & Buck,False,150000.0
@clayandbuck,videos,outrage,0.2277821865807055,0.061219477955775585,0.00019863438896033163,565,0.3936054709775232,0.3146162036699861,41,right,Clay & Buck,False,150000.0
@clayandbuck,videos,humor,-0.046817207914061396,0.28060672984935525,0.8674937539947619,565,0.3936054709775232,0.3146162036699861,41,right,Clay & Buck,False,150000.0
@clayandbuck,videos,n_tokens,-0.13293561260887268,0.07262426184784952,0.06718158138334979,565,0.3936054709775232,0.3146162036699861,41,right,Clay & Buck,False,150000.0
@deanwithrs,streams,F1,-0.0023989313222297776,0.01349386466705309,0.8588962168436458,251,0.48440978265649004,0.39199266822699297,14,left,Dean Withers,False,938000.0
@deanwithrs,streams,F2,0.01535849404298395,0.01599063955584438,0.33681984042301305,251,0.48440978265649004,0.39199266822699297,14,left,Dean Withers,False,938000.0
@deanwithrs,streams,F3,0.0076718637183879335,0.016073788422086323,0.6331553986190914,251,0.48440978265649004,0.39199266822699297,14,left,Dean Withers,False,938000.0
@deanwithrs,streams,F4,0.01989533773173996,0.014217285506110875,0.16170005740092763,251,0.48440978265649004,0.39199266822699297,14,left,Dean Withers,False,938000.0
@deanwithrs,streams,F5,0.02156563404983547,0.018186490629165834,0.23569926156186727,251,0.48440978265649004,0.39199266822699297,14,left,Dean Withers,False,938000.0
@deanwithrs,streams,F6,-0.001731676315187447,0.013670104198754994,0.899196714878951,251,0.48440978265649004,0.39199266822699297,14,left,Dean Withers,False,938000.0
@deanwithrs,streams,F7,-7.938768600462831e-05,0.017226607050302406,0.9963230144746479,251,0.48440978265649004,0.39199266822699297,14,left,Dean Withers,False,938000.0
@deanwithrs,streams,F8,-0.00033141045000339986,0.016093776686095216,0.983570755372057,251,0.48440978265649004,0.39199266822699297,14,left,Dean Withers,False,938000.0
@deanwithrs,streams,F9,0.02604333564036554,0.019373338428050443,0.1788554534861575,251,0.48440978265649004,0.39199266822699297,14,left,Dean Withers,False,938000.0
@deanwithrs,streams,F10,-0.021221328356523808,0.018241274967017836,0.24467994284973194,251,0.48440978265649004,0.39199266822699297,14,left,Dean Withers,False,938000.0
@deanwithrs,streams,F11,-0.031128236816740373,0.019498834197238593,0.11039610732879633,251,0.48440978265649004,0.39199266822699297,14,left,Dean Withers,False,938000.0
@deanwithrs,streams,F12,-0.0025048091342684264,0.015592922045373308,0.8723788611653902,251,0.48440978265649004,0.39199266822699297,14,left,Dean Withers,False,938000.0
@deanwithrs,streams,curiosity_gap,-0.026522799405967024,0.013736941355643942,0.05351217606883583,251,0.48440978265649004,0.39199266822699297,14,left,Dean Withers,False,938000.0
@deanwithrs,streams,outrage,-0.031057833650535938,0.023117112789715524,0.1791102293694249,251,0.48440978265649004,0.39199266822699297,14,left,Dean Withers,False,938000.0
@deanwithrs,streams,humor,-0.004769875114067151,1.0730398024518235,0.9964532562835549,251,0.48440978265649004,0.39199266822699297,14,left,Dean Withers,False,938000.0
@deanwithrs,streams,n_tokens,-0.0025487376639347636,0.020895170468843587,0.9029169509925578,251,0.48440978265649004,0.39199266822699297,14,left,Dean Withers,False,938000.0
@deanwithrs,videos,F1,0.0014647817066779367,0.06904766446162519,0.9830748938128026,251,0.2712444331743348,0.1793293166377643,4,left,Dean Withers,False,938000.0
@deanwithrs,videos,F2,-0.01452571988813535,0.049798731474781005,0.7705247627630523,251,0.2712444331743348,0.1793293166377643,4,left,Dean Withers,False,938000.0
@deanwithrs,videos,F3,0.014928459720255763,0.04498232654031259,0.739984486321433,251,0.2712444331743348,0.1793293166377643,4,left,Dean Withers,False,938000.0
@deanwithrs,videos,F4,0.0028851396647392308,0.04448056775264277,0.948283141137895,251,0.2712444331743348,0.1793293166377643,4,left,Dean Withers,False,938000.0
@deanwithrs,videos,F5,-0.026180542859447598,0.06251092787648535,0.6753510070801865,251,0.2712444331743348,0.1793293166377643,4,left,Dean Withers,False,938000.0
@deanwithrs,videos,F6,-0.0016019025515796315,0.049215609614023825,0.97403450489406,251,0.2712444331743348,0.1793293166377643,4,left,Dean Withers,False,938000.0
@deanwithrs,videos,F7,-0.043408773891371766,0.04410883636707955,0.32505221380332205,251,0.2712444331743348,0.1793293166377643,4,left,Dean Withers,False,938000.0
@deanwithrs,videos,F8,0.033106342854002824,0.04553646709136238,0.46720804653489867,251,0.2712444331743348,0.1793293166377643,4,left,Dean Withers,False,938000.0
@deanwithrs,videos,F9,0.08184427116808723,0.05166344582990141,0.11315243934438736,251,0.2712444331743348,0.1793293166377643,4,left,Dean Withers,False,938000.0
@deanwithrs,videos,F10,0.11406433772625896,0.0676704879196915,0.09187582203471165,251,0.2712444331743348,0.1793293166377643,4,left,Dean Withers,False,938000.0
@deanwithrs,videos,F11,-0.054156309139132525,0.06038255054325028,0.3697793543839716,251,0.2712444331743348,0.1793293166377643,4,left,Dean Withers,False,938000.0
@deanwithrs,videos,F12,-0.1706434689211191,0.06587892852635813,0.00959038253264247,251,0.2712444331743348,0.1793293166377643,4,left,Dean Withers,False,938000.0
@deanwithrs,videos,curiosity_gap,0.08196218092096413,1.0102815096984583,0.9353401090177708,251,0.2712444331743348,0.1793293166377643,4,left,Dean Withers,False,938000.0
@deanwithrs,videos,outrage,-0.1094193962365021,0.07890396013709997,0.16552060037472427,251,0.2712444331743348,0.1793293166377643,4,left,Dean Withers,False,938000.0
@deanwithrs,videos,humor,-0.005359519566384141,1.851543301430474,0.9976904283360085,251,0.2712444331743348,0.1793293166377643,4,left,Dean Withers,False,938000.0
@deanwithrs,videos,n_tokens,0.1482501240952802,0.053078197625775904,0.0052213425294648395,251,0.2712444331743348,0.1793293166377643,4,left,Dean Withers,False,938000.0
@destiny,videos,F1,0.030503121189755733,0.029937069857484067,0.3082466260835762,262,0.3041264259399299,0.2034078823259724,9,left,Destiny,False,878000.0
@destiny,videos,F2,0.0710179913424654,0.03192392189517907,0.02610802962451301,262,0.3041264259399299,0.2034078823259724,9,left,Destiny,False,878000.0
@destiny,videos,F3,0.0124331988941771,0.027849185244293872,0.6552740339141667,262,0.3041264259399299,0.2034078823259724,9,left,Destiny,False,878000.0
@destiny,videos,F4,-0.022139670539594203,0.024081808661296885,0.3579112357052189,262,0.3041264259399299,0.2034078823259724,9,left,Destiny,False,878000.0
@destiny,videos,F5,-0.01122142325797143,0.02119766138521363,0.5965482406030104,262,0.3041264259399299,0.2034078823259724,9,left,Destiny,False,878000.0
@destiny,videos,F6,0.08288684078850961,0.03172043732440065,0.008974022525358631,262,0.3041264259399299,0.2034078823259724,9,left,Destiny,False,878000.0
@destiny,videos,F7,-0.028715197083910904,0.022722597990117038,0.20632745397421304,262,0.3041264259399299,0.2034078823259724,9,left,Destiny,False,878000.0
@destiny,videos,F8,0.0009516826684810575,0.02181063035949743,0.9651962362764769,262,0.3041264259399299,0.2034078823259724,9,left,Destiny,False,878000.0
@destiny,videos,F9,-0.006850325172964689,0.026504102829389465,0.7960497392213781,262,0.3041264259399299,0.2034078823259724,9,left,Destiny,False,878000.0
@destiny,videos,F10,0.0085306418128262,0.027682521206744495,0.7579606954960075,262,0.3041264259399299,0.2034078823259724,9,left,Destiny,False,878000.0
@destiny,videos,F11,-0.0123259705092654,0.02947850321122566,0.6758489975215518,262,0.3041264259399299,0.2034078823259724,9,left,Destiny,False,878000.0
@destiny,videos,F12,-0.09491827589941831,0.03236407555411925,0.003358896188190725,262,0.3041264259399299,0.2034078823259724,9,left,Destiny,False,878000.0
@destiny,videos,curiosity_gap,-0.010267153770066373,0.018677679052753835,0.5825239229825527,262,0.3041264259399299,0.2034078823259724,9,left,Destiny,False,878000.0
@destiny,videos,outrage,0.009052723780687055,0.025609696018148567,0.7237225194325265,262,0.3041264259399299,0.2034078823259724,9,left,Destiny,False,878000.0
@destiny,videos,humor,0.01833217208147503,0.007989329364378161,0.021757085561274675,262,0.3041264259399299,0.2034078823259724,9,left,Destiny,False,878000.0
@destiny,videos,n_tokens,-0.06259881113183635,0.03179073662005154,0.048942794682685,262,0.3041264259399299,0.2034078823259724,9,left,Destiny,False,878000.0
@destinyhqclips,videos,F1,0.016706403853428198,0.05633949279659878,0.7668246273030951,197,0.3266657092762958,0.22368517069502347,6,neutral,Destiny,True,10500.0
@destinyhqclips,videos,F2,-0.09838111135018834,0.059484722861561964,0.09815012770848448,197,0.3266657092762958,0.22368517069502347,6,neutral,Destiny,True,10500.0
@destinyhqclips,videos,F3,0.016622370801411712,0.06361617171057576,0.7938676498098101,197,0.3266657092762958,0.22368517069502347,6,neutral,Destiny,True,10500.0
@destinyhqclips,videos,F4,0.01483113643852324,0.05161560574233917,0.7738533582302474,197,0.3266657092762958,0.22368517069502347,6,neutral,Destiny,True,10500.0
@destinyhqclips,videos,F5,-0.15084458088994804,0.05837092491962904,0.009759336251491843,197,0.3266657092762958,0.22368517069502347,6,neutral,Destiny,True,10500.0
@destinyhqclips,videos,F6,-0.03087099858817388,0.06405726444022775,0.6298569920185177,197,0.3266657092762958,0.22368517069502347,6,neutral,Destiny,True,10500.0
@destinyhqclips,videos,F7,-0.08532223862804517,0.053835814663078324,0.11299810677286722,197,0.3266657092762958,0.22368517069502347,6,neutral,Destiny,True,10500.0
@destinyhqclips,videos,F8,-0.010671406679981177,0.04646815716254283,0.8183638445273035,197,0.3266657092762958,0.22368517069502347,6,neutral,Destiny,True,10500.0
@destinyhqclips,videos,F9,0.04326949249841969,0.048122144061253466,0.3685676039675537,197,0.3266657092762958,0.22368517069502347,6,neutral,Destiny,True,10500.0
@destinyhqclips,videos,F10,0.05330782165484213,0.09222764630382155,0.5632623470344849,197,0.3266657092762958,0.22368517069502347,6,neutral,Destiny,True,10500.0
@destinyhqclips,videos,F11,0.03384995762557019,0.058485206941622674,0.5627389022184188,197,0.3266657092762958,0.22368517069502347,6,neutral,Destiny,True,10500.0
@destinyhqclips,videos,F12,0.0727418572521884,0.06910739694652034,0.2925282635591775,197,0.3266657092762958,0.22368517069502347,6,neutral,Destiny,True,10500.0
@destinyhqclips,videos,curiosity_gap,0.0011526097425936244,0.048087585009371936,0.9808773622657682,197,0.3266657092762958,0.22368517069502347,6,neutral,Destiny,True,10500.0
@destinyhqclips,videos,outrage,0.019235186293396822,0.05717798808251735,0.7365625097130485,197,0.3266657092762958,0.22368517069502347,6,neutral,Destiny,True,10500.0
@destinyhqclips,videos,n_tokens,-0.022162988120834726,0.06469249989590325,0.7319071054710404,197,0.3266657092762958,0.22368517069502347,6,neutral,Destiny,True,10500.0
@dollemore,videos,F1,0.07110662540281446,0.030984720413845663,0.021739243350517176,1376,0.16980566748682036,0.11510294015068068,61,left,Jesse Dollemore,False,1300000.0
@dollemore,videos,F2,0.015267762593737397,0.02716784296174738,0.5741301922833177,1376,0.16980566748682036,0.11510294015068068,61,left,Jesse Dollemore,False,1300000.0
@dollemore,videos,F3,0.062381479294737446,0.025069490873837492,0.01283400734624279,1376,0.16980566748682036,0.11510294015068068,61,left,Jesse Dollemore,False,1300000.0
@dollemore,videos,F4,-0.05713508038882417,0.027416415784698594,0.037162589659876545,1376,0.16980566748682036,0.11510294015068068,61,left,Jesse Dollemore,False,1300000.0
@dollemore,videos,F5,-0.0384430362794102,0.027605282360097173,0.16374165915078964,1376,0.16980566748682036,0.11510294015068068,61,left,Jesse Dollemore,False,1300000.0
@dollemore,videos,F6,-0.03944505251593537,0.029333499656021146,0.17871887986022217,1376,0.16980566748682036,0.11510294015068068,61,left,Jesse Dollemore,False,1300000.0
@dollemore,videos,F7,-0.11417818339443456,0.029337491670814883,9.946783898310852e-05,1376,0.16980566748682036,0.11510294015068068,61,left,Jesse Dollemore,False,1300000.0
@dollemore,videos,F8,-0.09449954043839268,0.028962451669766402,0.001103058778093759,1376,0.16980566748682036,0.11510294015068068,61,left,Jesse Dollemore,False,1300000.0
@dollemore,videos,F9,0.0030070610172013568,0.029781172014845318,0.9195727801707966,1376,0.16980566748682036,0.11510294015068068,61,left,Jesse Dollemore,False,1300000.0
@dollemore,videos,F10,-0.06093615989551693,0.025601462033386077,0.017304051048355897,1376,0.16980566748682036,0.11510294015068068,61,left,Jesse Dollemore,False,1300000.0
@dollemore,videos,F11,-0.11162166359888165,0.03498274784892492,0.0014189754121693827,1376,0.16980566748682036,0.11510294015068068,61,left,Jesse Dollemore,False,1300000.0
@dollemore,videos,F12,-0.026135325614607935,0.029761467181433868,0.379856976153937,1376,0.16980566748682036,0.11510294015068068,61,left,Jesse Dollemore,False,1300000.0
@dollemore,videos,curiosity_gap,-0.022066147515139467,0.018181807640057987,0.22488567737485965,1376,0.16980566748682036,0.11510294015068068,61,left,Jesse Dollemore,False,1300000.0
@dollemore,videos,outrage,0.024241656979121007,0.02562627655657887,0.3441645219423358,1376,0.16980566748682036,0.11510294015068068,61,left,Jesse Dollemore,False,1300000.0
@dollemore,videos,humor,-0.023351894120021817,0.045093782020453416,0.6045617057546762,1376,0.16980566748682036,0.11510294015068068,61,left,Jesse Dollemore,False,1300000.0
@dollemore,videos,n_tokens,-0.021890486539713934,0.032721168107746716,0.5034949891119873,1376,0.16980566748682036,0.11510294015068068,61,left,Jesse Dollemore,False,1300000.0
@fastpoliticspodcast,videos,F1,0.06617751533166383,0.0968863146161352,0.4945796954425733,128,0.2996588952228886,0.11056679693306848,4,left,Fast Politics,False,91200.0
@fastpoliticspodcast,videos,F2,-0.10994377692989987,0.10566678967659439,0.2981187283424016,128,0.2996588952228886,0.11056679693306848,4,left,Fast Politics,False,91200.0
@fastpoliticspodcast,videos,F3,0.057580525607575705,0.127123750231233,0.6505857487807403,128,0.2996588952228886,0.11056679693306848,4,left,Fast Politics,False,91200.0
@fastpoliticspodcast,videos,F4,0.15417900410286622,0.15189069100969876,0.31007459361455836,128,0.2996588952228886,0.11056679693306848,4,left,Fast Politics,False,91200.0
@fastpoliticspodcast,videos,F5,-0.19295033338828602,0.14021148158904012,0.1687789446754704,128,0.2996588952228886,0.11056679693306848,4,left,Fast Politics,False,91200.0
@fastpoliticspodcast,videos,F6,0.03373418357675284,0.1202051800403751,0.7789877973297366,128,0.2996588952228886,0.11056679693306848,4,left,Fast Politics,False,91200.0
@fastpoliticspodcast,videos,F7,-0.08804023044066944,0.11784453384964261,0.4550104773795125,128,0.2996588952228886,0.11056679693306848,4,left,Fast Politics,False,91200.0
@fastpoliticspodcast,videos,F8,-0.08827947042954587,0.10285126033427841,0.39071484051652317,128,0.2996588952228886,0.11056679693306848,4,left,Fast Politics,False,91200.0
@fastpoliticspodcast,videos,F9,0.1863036614921768,0.13271838589474488,0.160392797550015,128,0.2996588952228886,0.11056679693306848,4,left,Fast Politics,False,91200.0
@fastpoliticspodcast,videos,F10,0.014734929540287878,0.17057224625643186,0.9311601560263851,128,0.2996588952228886,0.11056679693306848,4,left,Fast Politics,False,91200.0
@fastpoliticspodcast,videos,F11,-0.1053772964228302,0.12206318624040853,0.38797187889727114,128,0.2996588952228886,0.11056679693306848,4,left,Fast Politics,False,91200.0
@fastpoliticspodcast,videos,F12,0.06616605741159343,0.11916008832581017,0.5787097936494374,128,0.2996588952228886,0.11056679693306848,4,left,Fast Politics,False,91200.0
@fastpoliticspodcast,videos,curiosity_gap,-0.026572634491983493,0.11503648711618589,0.8173201643841583,128,0.2996588952228886,0.11056679693306848,4,left,Fast Politics,False,91200.0
@fastpoliticspodcast,videos,outrage,-0.08272572236604936,0.10306144475433156,0.42215768557292377,128,0.2996588952228886,0.11056679693306848,4,left,Fast Politics,False,91200.0
@fastpoliticspodcast,videos,n_tokens,-0.10681692989294467,0.0873431542197219,0.22134590304940505,128,0.2996588952228886,0.11056679693306848,4,left,Fast Politics,False,91200.0
@fightbackpodcast,videos,F1,-0.04295590841383129,0.05186917777407887,0.40758065611685357,584,0.3088526390835513,0.24401705175555422,27,right,Jake Shields,False,206000.0
@fightbackpodcast,videos,F2,-0.11446536136034599,0.052689013577578964,0.029820144228314978,584,0.3088526390835513,0.24401705175555422,27,right,Jake Shields,False,206000.0
@fightbackpodcast,videos,F3,-0.08652609870641084,0.05345714511635179,0.10553189063126536,584,0.3088526390835513,0.24401705175555422,27,right,Jake Shields,False,206000.0
@fightbackpodcast,videos,F4,0.11657333252845775,0.047150213793111885,0.013421607267876374,584,0.3088526390835513,0.24401705175555422,27,right,Jake Shields,False,206000.0
@fightbackpodcast,videos,F5,-0.08684902907981845,0.051570184600268874,0.09216353890697922,584,0.3088526390835513,0.24401705175555422,27,right,Jake Shields,False,206000.0
@fightbackpodcast,videos,F6,0.22615669713482306,0.06005784000926777,0.00016611755488777684,584,0.3088526390835513,0.24401705175555422,27,right,Jake Shields,False,206000.0
@fightbackpodcast,videos,F7,0.0738585846849063,0.05021956812468771,0.14136867902711345,584,0.3088526390835513,0.24401705175555422,27,right,Jake Shields,False,206000.0
@fightbackpodcast,videos,F8,-0.0776318577470207,0.05428813156929369,0.1527179199263538,584,0.3088526390835513,0.24401705175555422,27,right,Jake Shields,False,206000.0
@fightbackpodcast,videos,F9,0.015580382429140532,0.054486732919685185,0.7749178069038188,584,0.3088526390835513,0.24401705175555422,27,right,Jake Shields,False,206000.0
@fightbackpodcast,videos,F10,0.03451571310334978,0.04984397737016544,0.48863901909183116,584,0.3088526390835513,0.24401705175555422,27,right,Jake Shields,False,206000.0
@fightbackpodcast,videos,F11,-0.04757040901126175,0.06524867361652152,0.4659629829839752,584,0.3088526390835513,0.24401705175555422,27,right,Jake Shields,False,206000.0
@fightbackpodcast,videos,F12,0.003661837778702201,0.04903773704379907,0.9404741954493255,584,0.3088526390835513,0.24401705175555422,27,right,Jake Shields,False,206000.0
@fightbackpodcast,videos,curiosity_gap,-0.018026341674866997,0.04921390512196591,0.714152020503618,584,0.3088526390835513,0.24401705175555422,27,right,Jake Shields,False,206000.0
@fightbackpodcast,videos,outrage,0.006952249144966928,0.05674689854804869,0.9024925226841998,584,0.3088526390835513,0.24401705175555422,27,right,Jake Shields,False,206000.0
@fightbackpodcast,videos,n_tokens,0.33202628787345717,0.08075433629248564,3.9299494651018975e-05,584,0.3088526390835513,0.24401705175555422,27,right,Jake Shields,False,206000.0
@franifio,videos,F1,0.05446667179064685,0.07059339698583196,0.4403781748672896,257,0.25458149916143435,0.12464616415287699,14,left,Bitchuation Room,False,286000.0
@franifio,videos,F2,-0.043868027547061206,0.07144535801402326,0.5392099837326332,257,0.25458149916143435,0.12464616415287699,14,left,Bitchuation Room,False,286000.0
@franifio,videos,F3,-0.1470293593624024,0.09130432692039667,0.10732759550957202,257,0.25458149916143435,0.12464616415287699,14,left,Bitchuation Room,False,286000.0
@franifio,videos,F4,0.13491310076547003,0.0738470148360536,0.06771075522420236,257,0.25458149916143435,0.12464616415287699,14,left,Bitchuation Room,False,286000.0
@franifio,videos,F5,0.09999537221972088,0.0887757241119905,0.2600038884342518,257,0.25458149916143435,0.12464616415287699,14,left,Bitchuation Room,False,286000.0
@franifio,videos,F6,-0.09666887702140148,0.07686724987699253,0.20853351805801978,257,0.25458149916143435,0.12464616415287699,14,left,Bitchuation Room,False,286000.0
@franifio,videos,F7,0.0343537071635201,0.09793067983415253,0.7257412726395144,257,0.25458149916143435,0.12464616415287699,14,left,Bitchuation Room,False,286000.0
@franifio,videos,F8,-0.06862034655178903,0.07219532038562047,0.34186743768095185,257,0.25458149916143435,0.12464616415287699,14,left,Bitchuation Room,False,286000.0
@franifio,videos,F9,0.09941833393108329,0.07271742528646909,0.1715666326597688,257,0.25458149916143435,0.12464616415287699,14,left,Bitchuation Room,False,286000.0
@franifio,videos,F10,0.03253730216753009,0.08360855784233272,0.6971560588686556,257,0.25458149916143435,0.12464616415287699,14,left,Bitchuation Room,False,286000.0
@franifio,videos,F11,-0.09765872164671671,0.08033176608835077,0.22410210075816006,257,0.25458149916143435,0.12464616415287699,14,left,Bitchuation Room,False,286000.0
@franifio,videos,F12,-0.2846561392333902,0.09072496396961233,0.0017035322016062365,257,0.25458149916143435,0.12464616415287699,14,left,Bitchuation Room,False,286000.0
@franifio,videos,curiosity_gap,-0.10011431265261822,0.07991327253296006,0.210283217131626,257,0.25458149916143435,0.12464616415287699,14,left,Bitchuation Room,False,286000.0
@franifio,videos,outrage,0.04158394627288481,0.08634872904511778,0.6301033052655087,257,0.25458149916143435,0.12464616415287699,14,left,Bitchuation Room,False,286000.0
@franifio,videos,humor,0.08711869635718864,0.08328796143721648,0.29556386675632607,257,0.25458149916143435,0.12464616415287699,14,left,Bitchuation Room,False,286000.0
@franifio,videos,n_tokens,-0.037492413615476394,0.08473091990600931,0.6581361262530192,257,0.25458149916143435,0.12464616415287699,14,left,Bitchuation Room,False,286000.0
@glennbeck,streams,F1,-0.011323785617593063,0.0413542049279917,0.7842196595102279,125,0.45041996286930297,0.29744407624529456,4,right,Blaze Media,False,1790000.0
@glennbeck,streams,F2,0.0006556952860096166,0.03379312087512899,0.984519443423377,125,0.45041996286930297,0.29744407624529456,4,right,Blaze Media,False,1790000.0
@glennbeck,streams,F3,-0.01007622145603046,0.05152766674058823,0.8449626080503368,125,0.45041996286930297,0.29744407624529456,4,right,Blaze Media,False,1790000.0
@glennbeck,streams,F4,-0.01116175129317376,0.035881231038397576,0.755743662237959,125,0.45041996286930297,0.29744407624529456,4,right,Blaze Media,False,1790000.0
@glennbeck,streams,F5,0.002333426014928891,0.03543042856823726,0.9474897813819743,125,0.45041996286930297,0.29744407624529456,4,right,Blaze Media,False,1790000.0
@glennbeck,streams,F6,0.012786007612171219,0.035159600929929216,0.7161147385463046,125,0.45041996286930297,0.29744407624529456,4,right,Blaze Media,False,1790000.0
@glennbeck,streams,F7,0.040913747219809726,0.04247126374713382,0.33538306823650266,125,0.45041996286930297,0.29744407624529456,4,right,Blaze Media,False,1790000.0
@glennbeck,streams,F8,0.009780883051408479,0.03750369420304926,0.7942483976813436,125,0.45041996286930297,0.29744407624529456,4,right,Blaze Media,False,1790000.0
@glennbeck,streams,F9,0.025381646838448263,0.0331886100705936,0.44440863120879337,125,0.45041996286930297,0.29744407624529456,4,right,Blaze Media,False,1790000.0
@glennbeck,streams,F10,-0.020128388953386755,0.035266426408056196,0.5681676578137091,125,0.45041996286930297,0.29744407624529456,4,right,Blaze Media,False,1790000.0
@glennbeck,streams,F11,-0.012580550315305028,0.0426414288807957,0.7679700747602034,125,0.45041996286930297,0.29744407624529456,4,right,Blaze Media,False,1790000.0
@glennbeck,streams,F12,0.008597800837693237,0.03062272887981472,0.778890390578429,125,0.45041996286930297,0.29744407624529456,4,right,Blaze Media,False,1790000.0
@glennbeck,streams,curiosity_gap,0.025375294414334837,0.04008376111534107,0.5266966026627482,125,0.45041996286930297,0.29744407624529456,4,right,Blaze Media,False,1790000.0
@glennbeck,streams,outrage,0.06530372748236624,0.035730287033142134,0.06759676570206667,125,0.45041996286930297,0.29744407624529456,4,right,Blaze Media,False,1790000.0
@glennbeck,streams,humor,-0.013934363222649973,1.379999650579934,0.9919436034987638,125,0.45041996286930297,0.29744407624529456,4,right,Blaze Media,False,1790000.0
@glennbeck,streams,n_tokens,0.028586527918513738,0.04572234490758482,0.5318266278922031,125,0.45041996286930297,0.29744407624529456,4,right,Blaze Media,False,1790000.0
@glennbeck,videos,F1,0.024951425795288945,0.06430823011750288,0.6980179610090046,437,0.22393065433211023,0.13901721447531823,20,right,Blaze Media,False,1790000.0
@glennbeck,videos,F2,0.1203929377995187,0.04792709660456836,0.012004858381769446,437,0.22393065433211023,0.13901721447531823,20,right,Blaze Media,False,1790000.0
@glennbeck,videos,F3,0.03316582401956805,0.04707805008999807,0.48113020763129344,437,0.22393065433211023,0.13901721447531823,20,right,Blaze Media,False,1790000.0
@glennbeck,videos,F4,-0.016322689584508443,0.05477207375630986,0.7656946411092559,437,0.22393065433211023,0.13901721447531823,20,right,Blaze Media,False,1790000.0
@glennbeck,videos,F5,-0.04150181814007947,0.049073369666871654,0.3977147856076514,437,0.22393065433211023,0.13901721447531823,20,right,Blaze Media,False,1790000.0
@glennbeck,videos,F6,0.057029218792541025,0.05435919007765778,0.29412369396458826,437,0.22393065433211023,0.13901721447531823,20,right,Blaze Media,False,1790000.0
@glennbeck,videos,F7,-0.12081974258182315,0.059196481718707145,0.041251291549393346,437,0.22393065433211023,0.13901721447531823,20,right,Blaze Media,False,1790000.0
@glennbeck,videos,F8,-0.039752770522239356,0.04363302061469025,0.3622580763706502,437,0.22393065433211023,0.13901721447531823,20,right,Blaze Media,False,1790000.0
@glennbeck,videos,F9,0.03740969865208735,0.05367786664903214,0.48584679977522427,437,0.22393065433211023,0.13901721447531823,20,right,Blaze Media,False,1790000.0
@glennbeck,videos,F10,-0.046800482545880935,0.053543631934267914,0.3820842001485757,437,0.22393065433211023,0.13901721447531823,20,right,Blaze Media,False,1790000.0
@glennbeck,videos,F11,-0.05224706654177455,0.07018843928935771,0.4566449252739605,437,0.22393065433211023,0.13901721447531823,20,right,Blaze Media,False,1790000.0
@glennbeck,videos,F12,-0.048890170696518354,0.05443473292141015,0.36910935261014965,437,0.22393065433211023,0.13901721447531823,20,right,Blaze Media,False,1790000.0
@glennbeck,videos,curiosity_gap,0.12091872745760862,0.047963903843857826,0.011700988614127151,437,0.22393065433211023,0.13901721447531823,20,right,Blaze Media,False,1790000.0
@glennbeck,videos,outrage,0.025432047280455228,0.050496846178057435,0.6145169440734687,437,0.22393065433211023,0.13901721447531823,20,right,Blaze Media,False,1790000.0
@glennbeck,videos,n_tokens,-0.002566995562818697,0.05103304865169706,0.9598828051125834,437,0.22393065433211023,0.13901721447531823,20,right,Blaze Media,False,1790000.0
@harryjsisson,videos,F1,0.040107972843378914,0.036441352444751135,0.27106337349720344,632,0.1525856221111268,0.08438617731527576,24,left,Harry Sisson,False,605000.0
@harryjsisson,videos,F2,-0.04599078492296704,0.034675395064971117,0.18473262740557395,632,0.1525856221111268,0.08438617731527576,24,left,Harry Sisson,False,605000.0
@harryjsisson,videos,F3,-0.007411972352967755,0.03520859156426234,0.8332649543664133,632,0.1525856221111268,0.08438617731527576,24,left,Harry Sisson,False,605000.0
@harryjsisson,videos,F4,0.04373426833541795,0.0404887710555835,0.280071845603843,632,0.1525856221111268,0.08438617731527576,24,left,Harry Sisson,False,605000.0
@harryjsisson,videos,F5,0.011706558724373567,0.03522142749390308,0.7396096128435223,632,0.1525856221111268,0.08438617731527576,24,left,Harry Sisson,False,605000.0
@harryjsisson,videos,F6,0.050449950236819696,0.0370503780696295,0.17330578613023606,632,0.1525856221111268,0.08438617731527576,24,left,Harry Sisson,False,605000.0
@harryjsisson,videos,F7,-0.07187336666147591,0.03142186724024845,0.02217436538295882,632,0.1525856221111268,0.08438617731527576,24,left,Harry Sisson,False,605000.0
@harryjsisson,videos,F8,0.0012364533990606857,0.03251982523072232,0.9696705187151077,632,0.1525856221111268,0.08438617731527576,24,left,Harry Sisson,False,605000.0
@harryjsisson,videos,F9,-0.021770269158787825,0.03722069621572517,0.5586170553275628,632,0.1525856221111268,0.08438617731527576,24,left,Harry Sisson,False,605000.0
@harryjsisson,videos,F10,0.0068311422140909794,0.030666892188739872,0.8237277500171603,632,0.1525856221111268,0.08438617731527576,24,left,Harry Sisson,False,605000.0
@harryjsisson,videos,F11,0.0011300858469948105,0.04042803487014584,0.9776996175527725,632,0.1525856221111268,0.08438617731527576,24,left,Harry Sisson,False,605000.0
@harryjsisson,videos,F12,0.0013822747451107675,0.03432405989541793,0.9678768291078594,632,0.1525856221111268,0.08438617731527576,24,left,Harry Sisson,False,605000.0
@harryjsisson,videos,curiosity_gap,0.05088331833583708,0.03642488475486584,0.16243211153108417,632,0.1525856221111268,0.08438617731527576,24,left,Harry Sisson,False,605000.0
@harryjsisson,videos,outrage,0.055648622663273584,0.03959335933082617,0.1598714775888096,632,0.1525856221111268,0.08438617731527576,24,left,Harry Sisson,False,605000.0
@harryjsisson,videos,n_tokens,0.060897351406851374,0.039934919231975965,0.12728033720271506,632,0.1525856221111268,0.08438617731527576,24,left,Harry Sisson,False,605000.0
@hutch,videos,F1,0.06604818563196244,0.05401038636228716,0.22137527287478065,160,0.5377579696704349,0.43025982308216393,6,neutral,Hutch,False,841000.0
@hutch,videos,F2,0.11645244551310696,0.05114068236094867,0.022780257377545216,160,0.5377579696704349,0.43025982308216393,6,neutral,Hutch,False,841000.0
@hutch,videos,F3,-0.027677628716122393,0.045697722506078016,0.5447355205553073,160,0.5377579696704349,0.43025982308216393,6,neutral,Hutch,False,841000.0
@hutch,videos,F4,-0.012847953556892666,0.051079273454874695,0.8014046145040242,160,0.5377579696704349,0.43025982308216393,6,neutral,Hutch,False,841000.0
@hutch,videos,F5,-0.07709507140111335,0.05694402046702882,0.17577634085000893,160,0.5377579696704349,0.43025982308216393,6,neutral,Hutch,False,841000.0
@hutch,videos,F6,-0.009749111367899244,0.05082176554243095,0.8478758010330144,160,0.5377579696704349,0.43025982308216393,6,neutral,Hutch,False,841000.0
@hutch,videos,F7,0.06934339180915661,0.042360489745573285,0.10163406993302106,160,0.5377579696704349,0.43025982308216393,6,neutral,Hutch,False,841000.0
@hutch,videos,F8,-0.002416807738448934,0.06367266163198138,0.9697221601611699,160,0.5377579696704349,0.43025982308216393,6,neutral,Hutch,False,841000.0
@hutch,videos,F9,0.07368573840055281,0.043839154062861284,0.09279783183703783,160,0.5377579696704349,0.43025982308216393,6,neutral,Hutch,False,841000.0
@hutch,videos,F10,0.04710222195302449,0.0443870321106734,0.28861229125363397,160,0.5377579696704349,0.43025982308216393,6,neutral,Hutch,False,841000.0
@hutch,videos,F11,0.01685059677787437,0.06247591953032714,0.7873807002387108,160,0.5377579696704349,0.43025982308216393,6,neutral,Hutch,False,841000.0
@hutch,videos,F12,0.017627099013979963,0.05450805073976582,0.7464035070987992,160,0.5377579696704349,0.43025982308216393,6,neutral,Hutch,False,841000.0
@hutch,videos,curiosity_gap,0.08255880456538989,0.03644791220816117,0.023505468682630315,160,0.5377579696704349,0.43025982308216393,6,neutral,Hutch,False,841000.0
@hutch,videos,outrage,0.0014838293044129036,0.0456388878382374,0.9740634357449222,160,0.5377579696704349,0.43025982308216393,6,neutral,Hutch,False,841000.0
@hutch,videos,humor,-0.006165885065723742,0.02629100571977912,0.8145778124299681,160,0.5377579696704349,0.43025982308216393,6,neutral,Hutch,False,841000.0
@hutch,videos,n_tokens,-0.007656803872677642,0.05978293221168946,0.8980882325356159,160,0.5377579696704349,0.43025982308216393,6,neutral,Hutch,False,841000.0
@jimacosta,streams,F1,-0.001668580878288417,0.10445586510064457,0.9872551119770635,156,0.32040713894419426,0.15730485229080093,7,left,Jim Acosta,False,336000.0
@jimacosta,streams,F2,0.1199298567290131,0.0802901021499115,0.13525231871010546,156,0.32040713894419426,0.15730485229080093,7,left,Jim Acosta,False,336000.0
@jimacosta,streams,F3,0.03308190271012566,0.09261743664550869,0.7209505373671472,156,0.32040713894419426,0.15730485229080093,7,left,Jim Acosta,False,336000.0
@jimacosta,streams,F4,0.02809445209335415,0.06586751839625228,0.6697219196484194,156,0.32040713894419426,0.15730485229080093,7,left,Jim Acosta,False,336000.0
@jimacosta,streams,F5,0.04589544956820735,0.09123828480330064,0.6149442962318944,156,0.32040713894419426,0.15730485229080093,7,left,Jim Acosta,False,336000.0
@jimacosta,streams,F6,0.12478113453074124,0.09204858848243357,0.17522623673488769,156,0.32040713894419426,0.15730485229080093,7,left,Jim Acosta,False,336000.0
@jimacosta,streams,F7,-0.009943387630718892,0.08840155322204676,0.9104429978746557,156,0.32040713894419426,0.15730485229080093,7,left,Jim Acosta,False,336000.0
@jimacosta,streams,F8,-0.02233166514279744,0.08666751966584434,0.7966611971009632,156,0.32040713894419426,0.15730485229080093,7,left,Jim Acosta,False,336000.0
@jimacosta,streams,F9,0.0565291072268479,0.08056148250744492,0.48287312572459806,156,0.32040713894419426,0.15730485229080093,7,left,Jim Acosta,False,336000.0
@jimacosta,streams,F10,0.048296184631475225,0.07558875495354782,0.5228662206995018,156,0.32040713894419426,0.15730485229080093,7,left,Jim Acosta,False,336000.0
@jimacosta,streams,F11,0.08204276342111555,0.10289972506143255,0.42527223492328403,156,0.32040713894419426,0.15730485229080093,7,left,Jim Acosta,False,336000.0
@jimacosta,streams,F12,0.1198591703073777,0.07435928532410635,0.10698534627694214,156,0.32040713894419426,0.15730485229080093,7,left,Jim Acosta,False,336000.0
@jimacosta,streams,curiosity_gap,-0.05939910530495429,0.0972832346051031,0.5414782932959812,156,0.32040713894419426,0.15730485229080093,7,left,Jim Acosta,False,336000.0
@jimacosta,streams,outrage,0.12032292016746016,0.08420501965624384,0.15302489512618042,156,0.32040713894419426,0.15730485229080093,7,left,Jim Acosta,False,336000.0
@jimacosta,streams,n_tokens,-0.11407072397801754,0.10074113561967958,0.25750192173961284,156,0.32040713894419426,0.15730485229080093,7,left,Jim Acosta,False,336000.0
@jimacosta,videos,F1,-0.03208229884240227,0.09879277260933152,0.7453753004013952,299,0.2525156367685675,0.12646925394914943,20,left,Jim Acosta,False,336000.0
@jimacosta,videos,F2,0.13216731544543597,0.07822129515717477,0.09109321115459475,299,0.2525156367685675,0.12646925394914943,20,left,Jim Acosta,False,336000.0
@jimacosta,videos,F3,-0.101682444495739,0.0926636881089761,0.2724981060980094,299,0.2525156367685675,0.12646925394914943,20,left,Jim Acosta,False,336000.0
@jimacosta,videos,F4,0.10627532502968912,0.10734032788678427,0.3221358686727832,299,0.2525156367685675,0.12646925394914943,20,left,Jim Acosta,False,336000.0
@jimacosta,videos,F5,-0.02267038903182461,0.07025249467353627,0.7469234332239412,299,0.2525156367685675,0.12646925394914943,20,left,Jim Acosta,False,336000.0
@jimacosta,videos,F6,0.07035063688542739,0.0875051247112614,0.421419965446872,299,0.2525156367685675,0.12646925394914943,20,left,Jim Acosta,False,336000.0
@jimacosta,videos,F7,-0.16061917397273368,0.11036072889011693,0.14555813236288423,299,0.2525156367685675,0.12646925394914943,20,left,Jim Acosta,False,336000.0
@jimacosta,videos,F8,-0.17947261175522058,0.09490940273679734,0.05862584753443218,299,0.2525156367685675,0.12646925394914943,20,left,Jim Acosta,False,336000.0
@jimacosta,videos,F9,0.08405867943066408,0.0916958482256521,0.3592936047489217,299,0.2525156367685675,0.12646925394914943,20,left,Jim Acosta,False,336000.0
@jimacosta,videos,F10,-0.042854731825717196,0.0828396389080633,0.6049317010655639,299,0.2525156367685675,0.12646925394914943,20,left,Jim Acosta,False,336000.0
@jimacosta,videos,F11,-0.017338809795543503,0.10149562738577775,0.8643550238104616,299,0.2525156367685675,0.12646925394914943,20,left,Jim Acosta,False,336000.0
@jimacosta,videos,F12,-0.12480285637226002,0.10812557492675309,0.24840181500411496,299,0.2525156367685675,0.12646925394914943,20,left,Jim Acosta,False,336000.0
@jimacosta,videos,curiosity_gap,-0.030757389101254917,0.06791807547201884,0.6506494555024793,299,0.2525156367685675,0.12646925394914943,20,left,Jim Acosta,False,336000.0
@jimacosta,videos,outrage,0.02841070877403623,0.0901046956215607,0.7525280018213016,299,0.2525156367685675,0.12646925394914943,20,left,Jim Acosta,False,336000.0
@jimacosta,videos,n_tokens,0.09434001338268791,0.09861193231890004,0.33872905203237436,299,0.2525156367685675,0.12646925394914943,20,left,Jim Acosta,False,336000.0
@jlptalk,streams,F1,0.03613617239248135,0.020069331185232547,0.07177117840813305,180,0.5958845669459711,0.5241009044955844,4,right,Jesse Lee Peterson,False,625000.0
@jlptalk,streams,F2,0.01740685193874303,0.013764264131486037,0.20600006993402875,180,0.5958845669459711,0.5241009044955844,4,right,Jesse Lee Peterson,False,625000.0
@jlptalk,streams,F3,-0.022845793756690935,0.015265046113907173,0.13449522551040644,180,0.5958845669459711,0.5241009044955844,4,right,Jesse Lee Peterson,False,625000.0
@jlptalk,streams,F4,0.004827185395469974,0.011074503934857441,0.6629217904457247,180,0.5958845669459711,0.5241009044955844,4,right,Jesse Lee Peterson,False,625000.0
@jlptalk,streams,F5,0.030524988126434116,0.014954524758308739,0.04123219953468189,180,0.5958845669459711,0.5241009044955844,4,right,Jesse Lee Peterson,False,625000.0
@jlptalk,streams,F6,-0.043589028237885685,0.021137406392344436,0.03919109050617173,180,0.5958845669459711,0.5241009044955844,4,right,Jesse Lee Peterson,False,625000.0
@jlptalk,streams,F7,0.004496279064471365,0.016155843166261664,0.7807769491711503,180,0.5958845669459711,0.5241009044955844,4,right,Jesse Lee Peterson,False,625000.0
@jlptalk,streams,F8,0.01949648561493178,0.034542289902773485,0.5724658420757315,180,0.5958845669459711,0.5241009044955844,4,right,Jesse Lee Peterson,False,625000.0
@jlptalk,streams,F9,-0.017124223239911723,0.015617325767824082,0.27286490946105557,180,0.5958845669459711,0.5241009044955844,4,right,Jesse Lee Peterson,False,625000.0
@jlptalk,streams,F10,0.012879014876445882,0.017912101648955563,0.47213356567475506,180,0.5958845669459711,0.5241009044955844,4,right,Jesse Lee Peterson,False,625000.0
@jlptalk,streams,F11,-0.029585213023977208,0.033403013906229136,0.37577656827947414,180,0.5958845669459711,0.5241009044955844,4,right,Jesse Lee Peterson,False,625000.0
@jlptalk,streams,F12,-0.008237555159575582,0.013475377412151773,0.5409981937688697,180,0.5958845669459711,0.5241009044955844,4,right,Jesse Lee Peterson,False,625000.0
@jlptalk,streams,curiosity_gap,-0.0054561358485143985,0.008617205452637245,0.5266241594317685,180,0.5958845669459711,0.5241009044955844,4,right,Jesse Lee Peterson,False,625000.0
@jlptalk,streams,outrage,-0.0038711736288234433,0.01394894365178516,0.7813773951709686,180,0.5958845669459711,0.5241009044955844,4,right,Jesse Lee Peterson,False,625000.0
@jlptalk,streams,n_tokens,-0.0035055645768136134,0.020496860578153052,0.8642006939582745,180,0.5958845669459711,0.5241009044955844,4,right,Jesse Lee Peterson,False,625000.0
@jlptalk,videos,F1,0.03745261810748346,0.11188887358305608,0.7378283950092241,277,0.263330890509919,0.15634575012754215,12,right,Jesse Lee Peterson,False,625000.0
@jlptalk,videos,F2,0.06270473885816674,0.06858897776354979,0.36060643784746715,277,0.263330890509919,0.15634575012754215,12,right,Jesse Lee Peterson,False,625000.0
@jlptalk,videos,F3,-0.017783024593893054,0.06509127781811773,0.7846984467712248,277,0.263330890509919,0.15634575012754215,12,right,Jesse Lee Peterson,False,625000.0
@jlptalk,videos,F4,0.0415091501791055,0.0553943677849651,0.453653015694902,277,0.263330890509919,0.15634575012754215,12,right,Jesse Lee Peterson,False,625000.0
@jlptalk,videos,F5,0.0004965123811083438,0.0685381356067622,0.9942199172101164,277,0.263330890509919,0.15634575012754215,12,right,Jesse Lee Peterson,False,625000.0
@jlptalk,videos,F6,-0.01729490142290288,0.056801903056129116,0.7607641321271633,277,0.263330890509919,0.15634575012754215,12,right,Jesse Lee Peterson,False,625000.0
@jlptalk,videos,F7,0.030124104239885208,0.0700416947936034,0.6671315061640533,277,0.263330890509919,0.15634575012754215,12,right,Jesse Lee Peterson,False,625000.0
@jlptalk,videos,F8,-0.0869514256693317,0.061006504381404654,0.15407592333917053,277,0.263330890509919,0.15634575012754215,12,right,Jesse Lee Peterson,False,625000.0
@jlptalk,videos,F9,-0.1549681239323784,0.0873118711260673,0.0759176463304805,277,0.263330890509919,0.15634575012754215,12,right,Jesse Lee Peterson,False,625000.0
@jlptalk,videos,F10,0.04820069608223693,0.05867348022612744,0.41135733120717866,277,0.263330890509919,0.15634575012754215,12,right,Jesse Lee Peterson,False,625000.0
@jlptalk,videos,F11,-0.11274801472691892,0.11723293955265668,0.3361784778159005,277,0.263330890509919,0.15634575012754215,12,right,Jesse Lee Peterson,False,625000.0
@jlptalk,videos,F12,-0.0983501273765787,0.07109636122237528,0.16656198761883667,277,0.263330890509919,0.15634575012754215,12,right,Jesse Lee Peterson,False,625000.0
@jlptalk,videos,curiosity_gap,-0.03200401557638441,0.052891461492019724,0.545120188908764,277,0.263330890509919,0.15634575012754215,12,right,Jesse Lee Peterson,False,625000.0
@jlptalk,videos,outrage,-0.029074606179997298,0.060660642548598376,0.6317256887796316,277,0.263330890509919,0.15634575012754215,12,right,Jesse Lee Peterson,False,625000.0
@jlptalk,videos,n_tokens,-0.0316843752245414,0.06717712215747415,0.6371735968534131,277,0.263330890509919,0.15634575012754215,12,right,Jesse Lee Peterson,False,625000.0
@joerogan,videos,F1,-0.2522726548572658,0.21786078185712762,0.24688301301278215,133,0.2411586033571832,0.0725271818810016,2,neutral,Joe Rogan,False,21100000.0
@joerogan,videos,F2,-0.03196627254473894,0.35939350555052246,0.9291255824009723,133,0.2411586033571832,0.0725271818810016,2,neutral,Joe Rogan,False,21100000.0
@joerogan,videos,F3,-0.15202552020293503,0.2098234903352175,0.4687342544338158,133,0.2411586033571832,0.0725271818810016,2,neutral,Joe Rogan,False,21100000.0
@joerogan,videos,F4,0.4588503966098725,0.5975839648836541,0.44258073082655214,133,0.2411586033571832,0.0725271818810016,2,neutral,Joe Rogan,False,21100000.0
@joerogan,videos,F5,-0.1572601068960907,0.32207720244211874,0.625359770706657,133,0.2411586033571832,0.0725271818810016,2,neutral,Joe Rogan,False,21100000.0
@joerogan,videos,F6,0.11713067735918647,0.35683736104602226,0.742725159353375,133,0.2411586033571832,0.0725271818810016,2,neutral,Joe Rogan,False,21100000.0
@joerogan,videos,F7,-0.011714365222052825,0.16794496722136176,0.9443916787347022,133,0.2411586033571832,0.0725271818810016,2,neutral,Joe Rogan,False,21100000.0
@joerogan,videos,F8,0.02120274182474935,0.3097216239004571,0.9454215182048901,133,0.2411586033571832,0.0725271818810016,2,neutral,Joe Rogan,False,21100000.0
@joerogan,videos,F9,-0.01594789269791219,0.3215120246092508,0.9604389251097118,133,0.2411586033571832,0.0725271818810016,2,neutral,Joe Rogan,False,21100000.0
@joerogan,videos,F10,-0.11949100275352587,0.36770044228628646,0.7452050325237827,133,0.2411586033571832,0.0725271818810016,2,neutral,Joe Rogan,False,21100000.0
@joerogan,videos,F11,0.24148038506089087,0.3819877914021406,0.5272772299547488,133,0.2411586033571832,0.0725271818810016,2,neutral,Joe Rogan,False,21100000.0
@joerogan,videos,F12,0.0927379688419171,0.2608005117259069,0.7221478781201798,133,0.2411586033571832,0.0725271818810016,2,neutral,Joe Rogan,False,21100000.0
@joerogan,videos,outrage,0.08315013283092088,0.10686009416655295,0.4364974106591165,133,0.2411586033571832,0.0725271818810016,2,neutral,Joe Rogan,False,21100000.0
@joerogan,videos,n_tokens,-0.0981468158742489,0.519709024758909,0.8502107345961201,133,0.2411586033571832,0.0725271818810016,2,neutral,Joe Rogan,False,21100000.0
@judgingfreedom,streams,F1,-0.0949551846454643,0.037860417324433925,0.012140525031478498,658,0.2227856866978386,0.17105551324753243,18,left,Judging Freedom,False,786000.0
@judgingfreedom,streams,F2,-0.014942164715112782,0.0370710042707272,0.6868976219667946,658,0.2227856866978386,0.17105551324753243,18,left,Judging Freedom,False,786000.0
@judgingfreedom,streams,F3,0.11857111950076274,0.03707659321418517,0.0013838202313289068,658,0.2227856866978386,0.17105551324753243,18,left,Judging Freedom,False,786000.0
@judgingfreedom,streams,F4,0.09263729054625292,0.03334766956609213,0.005470741789641235,658,0.2227856866978386,0.17105551324753243,18,left,Judging Freedom,False,786000.0
@judgingfreedom,streams,F5,-0.0654462894275229,0.031838619439167534,0.03982465323161552,658,0.2227856866978386,0.17105551324753243,18,left,Judging Freedom,False,786000.0
@judgingfreedom,streams,F6,0.03230458388006929,0.03495061165171689,0.3553341112083612,658,0.2227856866978386,0.17105551324753243,18,left,Judging Freedom,False,786000.0
@judgingfreedom,streams,F7,-0.10720656463154296,0.03910369346188414,0.006114132436076259,658,0.2227856866978386,0.17105551324753243,18,left,Judging Freedom,False,786000.0
@judgingfreedom,streams,F8,0.008627434107688958,0.04229046615717239,0.8383501910904352,658,0.2227856866978386,0.17105551324753243,18,left,Judging Freedom,False,786000.0
@judgingfreedom,streams,F9,0.012233962241231133,0.03474727165297952,0.7247751842055763,658,0.2227856866978386,0.17105551324753243,18,left,Judging Freedom,False,786000.0
@judgingfreedom,streams,F10,0.02253947465220507,0.03782472679893556,0.5512469796245506,658,0.2227856866978386,0.17105551324753243,18,left,Judging Freedom,False,786000.0
@judgingfreedom,streams,F11,0.04393247624297192,0.04154188609666789,0.2902622444206122,658,0.2227856866978386,0.17105551324753243,18,left,Judging Freedom,False,786000.0
@judgingfreedom,streams,F12,-0.02989886726117598,0.042884364514719615,0.4856792684694976,658,0.2227856866978386,0.17105551324753243,18,left,Judging Freedom,False,786000.0
@judgingfreedom,streams,curiosity_gap,0.002524118897451008,0.02182706340963164,0.907936506280251,658,0.2227856866978386,0.17105551324753243,18,left,Judging Freedom,False,786000.0
@judgingfreedom,streams,outrage,0.04157570404187323,0.03386011118912967,0.21949700019082097,658,0.2227856866978386,0.17105551324753243,18,left,Judging Freedom,False,786000.0
@judgingfreedom,streams,n_tokens,-0.03516701004416645,0.042684065338326464,0.41000159096743183,658,0.2227856866978386,0.17105551324753243,18,left,Judging Freedom,False,786000.0
@judgingfreedom,videos,F1,0.00987397292279188,0.054855891199423856,0.857153820344585,345,0.2262896897701573,0.15505921676487022,10,left,Judging Freedom,False,786000.0
@judgingfreedom,videos,F2,0.02150418047350401,0.05406367658863895,0.6908096620453678,345,0.2262896897701573,0.15505921676487022,10,left,Judging Freedom,False,786000.0
@judgingfreedom,videos,F3,-0.042008621119440925,0.052191500012167116,0.4208808963141458,345,0.2262896897701573,0.15505921676487022,10,left,Judging Freedom,False,786000.0
@judgingfreedom,videos,F4,0.03835687252541362,0.05032165947572058,0.4459204431812701,345,0.2262896897701573,0.15505921676487022,10,left,Judging Freedom,False,786000.0
@judgingfreedom,videos,F5,-0.046646419992233734,0.04925517681126816,0.34362049315859644,345,0.2262896897701573,0.15505921676487022,10,left,Judging Freedom,False,786000.0
@judgingfreedom,videos,F6,-0.007942798111436694,0.04466737019625734,0.8588635251030201,345,0.2262896897701573,0.15505921676487022,10,left,Judging Freedom,False,786000.0
@judgingfreedom,videos,F7,-0.04834173506480355,0.053039757675565,0.36207174509292084,345,0.2262896897701573,0.15505921676487022,10,left,Judging Freedom,False,786000.0
@judgingfreedom,videos,F8,-0.01738445476501474,0.04573431236203391,0.7038575096337667,345,0.2262896897701573,0.15505921676487022,10,left,Judging Freedom,False,786000.0
@judgingfreedom,videos,F9,-0.008676362986938052,0.05764834592692142,0.8803662242620504,345,0.2262896897701573,0.15505921676487022,10,left,Judging Freedom,False,786000.0
@judgingfreedom,videos,F10,0.04186532408923044,0.06137708059326788,0.4951755412000044,345,0.2262896897701573,0.15505921676487022,10,left,Judging Freedom,False,786000.0
@judgingfreedom,videos,F11,-0.034665647686205475,0.054657162009005014,0.5259255287829241,345,0.2262896897701573,0.15505921676487022,10,left,Judging Freedom,False,786000.0
@judgingfreedom,videos,F12,-0.051926148326875594,0.05364657906710778,0.3330791903206536,345,0.2262896897701573,0.15505921676487022,10,left,Judging Freedom,False,786000.0
@judgingfreedom,videos,curiosity_gap,0.11871073673539162,0.0675849581869967,0.07900873169960307,345,0.2262896897701573,0.15505921676487022,10,left,Judging Freedom,False,786000.0
@judgingfreedom,videos,outrage,0.1405618713161005,0.04811548888788328,0.003485253134282089,345,0.2262896897701573,0.15505921676487022,10,left,Judging Freedom,False,786000.0
@judgingfreedom,videos,n_tokens,0.11678639379004577,0.05959045609884342,0.05001717392403094,345,0.2262896897701573,0.15505921676487022,10,left,Judging Freedom,False,786000.0
@katiephangnews,videos,F1,-0.0502814675145688,0.057227620353529365,0.37960606168862,381,0.4835922559983078,0.42283840376281456,17,left,MeidasTouch Network,False,812000.0
@katiephangnews,videos,F2,0.022468541246394858,0.05894980942188544,0.7030941960832517,381,0.4835922559983078,0.42283840376281456,17,left,MeidasTouch Network,False,812000.0
@katiephangnews,videos,F3,-0.045433529255122784,0.061480768012115126,0.4599144869569465,381,0.4835922559983078,0.42283840376281456,17,left,MeidasTouch Network,False,812000.0
@katiephangnews,videos,F4,0.0036083883758987745,0.07296131018586804,0.9605557502363385,381,0.4835922559983078,0.42283840376281456,17,left,MeidasTouch Network,False,812000.0
@katiephangnews,videos,F5,-0.0519388257649083,0.06142153817298756,0.397768901693733,381,0.4835922559983078,0.42283840376281456,17,left,MeidasTouch Network,False,812000.0
@katiephangnews,videos,F6,-0.018806515313951527,0.06609599351858346,0.7760016701639807,381,0.4835922559983078,0.42283840376281456,17,left,MeidasTouch Network,False,812000.0
@katiephangnews,videos,F7,-0.07863091363236108,0.06317669863237722,0.21327186690705546,381,0.4835922559983078,0.42283840376281456,17,left,MeidasTouch Network,False,812000.0
@katiephangnews,videos,F8,0.04587535180929253,0.08375100082902855,0.5838574980542657,381,0.4835922559983078,0.42283840376281456,17,left,MeidasTouch Network,False,812000.0
@katiephangnews,videos,F9,-0.029830166408122805,0.08222817622515981,0.7167744242576788,381,0.4835922559983078,0.42283840376281456,17,left,MeidasTouch Network,False,812000.0
@katiephangnews,videos,F10,-0.028029565009123347,0.12816738519272236,0.8268876520106512,381,0.4835922559983078,0.42283840376281456,17,left,MeidasTouch Network,False,812000.0
@katiephangnews,videos,F11,0.07256572275327544,0.08472394369525506,0.3917234591409945,381,0.4835922559983078,0.42283840376281456,17,left,MeidasTouch Network,False,812000.0
@katiephangnews,videos,F12,-0.009328948270113546,0.05640880264430906,0.8686440506260935,381,0.4835922559983078,0.42283840376281456,17,left,MeidasTouch Network,False,812000.0
@katiephangnews,videos,curiosity_gap,-0.06465790121723591,0.06812250113342995,0.3425485878797516,381,0.4835922559983078,0.42283840376281456,17,left,MeidasTouch Network,False,812000.0
@katiephangnews,videos,outrage,-0.00043460387375987564,0.05526648298461519,0.9937256700930528,381,0.4835922559983078,0.42283840376281456,17,left,MeidasTouch Network,False,812000.0
@katiephangnews,videos,n_tokens,0.04606585919481915,0.05917203441619174,0.4362700202463189,381,0.4835922559983078,0.42283840376281456,17,left,MeidasTouch Network,False,812000.0
@laurenchenclips,videos,F1,-0.02545312617672904,0.18327021271330765,0.8895425650293445,109,0.5454389607816297,0.40852298511344587,5,right,Lauren Chen,True,11400.0
@laurenchenclips,videos,F2,0.07441941708114783,0.1300537403015899,0.5671725968883748,109,0.5454389607816297,0.40852298511344587,5,right,Lauren Chen,True,11400.0
@laurenchenclips,videos,F3,0.06291600788599283,0.12936204697659717,0.6267147802429466,109,0.5454389607816297,0.40852298511344587,5,right,Lauren Chen,True,11400.0
@laurenchenclips,videos,F4,0.16405621938290504,0.12295722435326778,0.18212049177637324,109,0.5454389607816297,0.40852298511344587,5,right,Lauren Chen,True,11400.0
@laurenchenclips,videos,F5,0.09346648415547232,0.15952843730246172,0.5579478874035778,109,0.5454389607816297,0.40852298511344587,5,right,Lauren Chen,True,11400.0
@laurenchenclips,videos,F6,-0.02555453351585954,0.11054211471235012,0.8171791311839066,109,0.5454389607816297,0.40852298511344587,5,right,Lauren Chen,True,11400.0
@laurenchenclips,videos,F7,-0.10966461863779844,0.1215746164537687,0.36703801568745453,109,0.5454389607816297,0.40852298511344587,5,right,Lauren Chen,True,11400.0
@laurenchenclips,videos,F8,-0.018044438496592596,0.1647580604347633,0.912789406158805,109,0.5454389607816297,0.40852298511344587,5,right,Lauren Chen,True,11400.0
@laurenchenclips,videos,F9,0.09678459534369219,0.13989550439900186,0.4890410031773784,109,0.5454389607816297,0.40852298511344587,5,right,Lauren Chen,True,11400.0
@laurenchenclips,videos,F10,-0.06486687177405641,0.09154221049594535,0.478572319857941,109,0.5454389607816297,0.40852298511344587,5,right,Lauren Chen,True,11400.0
@laurenchenclips,videos,F11,-0.0463790597201551,0.1505151365370963,0.75797921496214,109,0.5454389607816297,0.40852298511344587,5,right,Lauren Chen,True,11400.0
@laurenchenclips,videos,F12,0.13084871340303977,0.1478463612269882,0.37613954542254413,109,0.5454389607816297,0.40852298511344587,5,right,Lauren Chen,True,11400.0
@laurenchenclips,videos,curiosity_gap,-0.18077279777985794,0.11333805147718565,0.11071498687617341,109,0.5454389607816297,0.40852298511344587,5,right,Lauren Chen,True,11400.0
@laurenchenclips,videos,outrage,-0.11334170466229432,0.15004671002020212,0.45002332524483046,109,0.5454389607816297,0.40852298511344587,5,right,Lauren Chen,True,11400.0
@laurenchenclips,videos,n_tokens,-0.2593207120971691,0.13964450956243918,0.063310280108433,109,0.5454389607816297,0.40852298511344587,5,right,Lauren Chen,True,11400.0
@lovettorleaveitpodcast,videos,F1,-0.3160733650507954,inf,1.0,110,0.4591942337958267,0.28112404248469647,3,left,Crooked Media,False,144000.0
@lovettorleaveitpodcast,videos,F2,-0.03810683852249008,inf,1.0,110,0.4591942337958267,0.28112404248469647,3,left,Crooked Media,False,144000.0
@lovettorleaveitpodcast,videos,F3,-0.14795088108588117,inf,1.0,110,0.4591942337958267,0.28112404248469647,3,left,Crooked Media,False,144000.0
@lovettorleaveitpodcast,videos,F4,0.08787243588512067,inf,1.0,110,0.4591942337958267,0.28112404248469647,3,left,Crooked Media,False,144000.0
@lovettorleaveitpodcast,videos,F5,0.04148709499852998,inf,1.0,110,0.4591942337958267,0.28112404248469647,3,left,Crooked Media,False,144000.0
@lovettorleaveitpodcast,videos,F6,-0.20289838710192887,inf,1.0,110,0.4591942337958267,0.28112404248469647,3,left,Crooked Media,False,144000.0
@lovettorleaveitpodcast,videos,F7,0.025092432556073296,inf,1.0,110,0.4591942337958267,0.28112404248469647,3,left,Crooked Media,False,144000.0
@lovettorleaveitpodcast,videos,F8,0.040466561888367225,inf,1.0,110,0.4591942337958267,0.28112404248469647,3,left,Crooked Media,False,144000.0
@lovettorleaveitpodcast,videos,F9,0.3002403390440521,inf,1.0,110,0.4591942337958267,0.28112404248469647,3,left,Crooked Media,False,144000.0
@lovettorleaveitpodcast,videos,F10,-0.24769323115144348,inf,1.0,110,0.4591942337958267,0.28112404248469647,3,left,Crooked Media,False,144000.0
@lovettorleaveitpodcast,videos,F11,0.13337015036010513,inf,1.0,110,0.4591942337958267,0.28112404248469647,3,left,Crooked Media,False,144000.0
@lovettorleaveitpodcast,videos,F12,-0.20368733708337194,inf,1.0,110,0.4591942337958267,0.28112404248469647,3,left,Crooked Media,False,144000.0
@lovettorleaveitpodcast,videos,curiosity_gap,0.02299195023787831,inf,1.0,110,0.4591942337958267,0.28112404248469647,3,left,Crooked Media,False,144000.0
@lovettorleaveitpodcast,videos,outrage,0.12793812133394178,inf,1.0,110,0.4591942337958267,0.28112404248469647,3,left,Crooked Media,False,144000.0
@lovettorleaveitpodcast,videos,humor,0.05013214069760019,inf,1.0,110,0.4591942337958267,0.28112404248469647,3,left,Crooked Media,False,144000.0
@lovettorleaveitpodcast,videos,n_tokens,0.1497562397392222,inf,1.0,110,0.4591942337958267,0.28112404248469647,3,left,Crooked Media,False,144000.0
@marclamonthillnetwork,streams,F1,-0.16927939551574794,0.12250024845900968,0.16701167805992334,145,0.36804880751619595,0.18749132394939472,8,left,Marc Lamont Hill,False,275000.0
@marclamonthillnetwork,streams,F2,0.006345155284098514,0.1306484244328349,0.9612646542436751,145,0.36804880751619595,0.18749132394939472,8,left,Marc Lamont Hill,False,275000.0
@marclamonthillnetwork,streams,F3,-0.00013083721206397225,0.13452225011041574,0.999223972428799,145,0.36804880751619595,0.18749132394939472,8,left,Marc Lamont Hill,False,275000.0
@marclamonthillnetwork,streams,F4,-0.07041197552379291,0.12167680925544128,0.5628048941000404,145,0.36804880751619595,0.18749132394939472,8,left,Marc Lamont Hill,False,275000.0
@marclamonthillnetwork,streams,F5,-0.13206356136833142,0.08802115297241565,0.13352075063334762,145,0.36804880751619595,0.18749132394939472,8,left,Marc Lamont Hill,False,275000.0
@marclamonthillnetwork,streams,F6,0.4234456029484359,0.10490494427451777,5.426158717206095e-05,145,0.36804880751619595,0.18749132394939472,8,left,Marc Lamont Hill,False,275000.0
@marclamonthillnetwork,streams,F7,0.07954969884220539,0.12929522254401446,0.5383854793674266,145,0.36804880751619595,0.18749132394939472,8,left,Marc Lamont Hill,False,275000.0
@marclamonthillnetwork,streams,F8,-0.07267519749985199,0.12530676245471573,0.5619292814596661,145,0.36804880751619595,0.18749132394939472,8,left,Marc Lamont Hill,False,275000.0
@marclamonthillnetwork,streams,F9,0.04813853020428782,0.13511115498379644,0.7216246345161343,145,0.36804880751619595,0.18749132394939472,8,left,Marc Lamont Hill,False,275000.0
@marclamonthillnetwork,streams,F10,-0.07948669333244417,0.09913864029504736,0.4226842312741701,145,0.36804880751619595,0.18749132394939472,8,left,Marc Lamont Hill,False,275000.0
@marclamonthillnetwork,streams,F11,0.046590880814829094,0.12671327199258056,0.7131062938537205,145,0.36804880751619595,0.18749132394939472,8,left,Marc Lamont Hill,False,275000.0
@marclamonthillnetwork,streams,F12,0.06257776344204971,0.11082165625064835,0.5722976365980075,145,0.36804880751619595,0.18749132394939472,8,left,Marc Lamont Hill,False,275000.0
@marclamonthillnetwork,streams,curiosity_gap,0.05195327058017457,0.11744759215962984,0.6582339328308697,145,0.36804880751619595,0.18749132394939472,8,left,Marc Lamont Hill,False,275000.0
@marclamonthillnetwork,streams,outrage,0.2050005347941417,0.1347612515648146,0.12820645557654095,145,0.36804880751619595,0.18749132394939472,8,left,Marc Lamont Hill,False,275000.0
@marclamonthillnetwork,streams,humor,0.009876737389149015,0.9822305958587987,0.9919770739093059,145,0.36804880751619595,0.18749132394939472,8,left,Marc Lamont Hill,False,275000.0
@marclamonthillnetwork,streams,n_tokens,-0.06188185425525583,0.16621589861218317,0.709670953353565,145,0.36804880751619595,0.18749132394939472,8,left,Marc Lamont Hill,False,275000.0
@marclamonthillnetwork,videos,F1,-0.051599518272157224,0.11059551825573512,0.6408142367132704,309,0.7182000386653775,0.6877899708954542,6,left,Marc Lamont Hill,False,275000.0
@marclamonthillnetwork,videos,F2,0.045607071760559836,0.0733718487298286,0.534212714546972,309,0.7182000386653775,0.6877899708954542,6,left,Marc Lamont Hill,False,275000.0
@marclamonthillnetwork,videos,F3,-0.050772980902029,0.08147327410065994,0.5331624852127982,309,0.7182000386653775,0.6877899708954542,6,left,Marc Lamont Hill,False,275000.0
@marclamonthillnetwork,videos,F4,0.02282345667644814,0.08371952472200678,0.7851468069784727,309,0.7182000386653775,0.6877899708954542,6,left,Marc Lamont Hill,False,275000.0
@marclamonthillnetwork,videos,F5,0.17551206495528432,0.10130354404364285,0.08317812400325461,309,0.7182000386653775,0.6877899708954542,6,left,Marc Lamont Hill,False,275000.0
@marclamonthillnetwork,videos,F6,0.02036891748376854,0.07765187379628366,0.7930819122569248,309,0.7182000386653775,0.6877899708954542,6,left,Marc Lamont Hill,False,275000.0
@marclamonthillnetwork,videos,F7,-0.03222956708574759,0.0931894621401581,0.7294555142843929,309,0.7182000386653775,0.6877899708954542,6,left,Marc Lamont Hill,False,275000.0
@marclamonthillnetwork,videos,F8,-0.1498302730218466,0.07739435689927993,0.05287593353439149,309,0.7182000386653775,0.6877899708954542,6,left,Marc Lamont Hill,False,275000.0
@marclamonthillnetwork,videos,F9,0.060797495853999295,0.083320695298664,0.4655854354285507,309,0.7182000386653775,0.6877899708954542,6,left,Marc Lamont Hill,False,275000.0
@marclamonthillnetwork,videos,F10,0.09862256201698544,0.08686213125077304,0.25621114342317175,309,0.7182000386653775,0.6877899708954542,6,left,Marc Lamont Hill,False,275000.0
@marclamonthillnetwork,videos,F11,-0.1160905320116502,0.12657036286016699,0.3590370388409232,309,0.7182000386653775,0.6877899708954542,6,left,Marc Lamont Hill,False,275000.0
@marclamonthillnetwork,videos,F12,-0.15569425423508726,0.0921655073503282,0.09116390138788627,309,0.7182000386653775,0.6877899708954542,6,left,Marc Lamont Hill,False,275000.0
@marclamonthillnetwork,videos,curiosity_gap,0.05679732544866961,0.1275807956802659,0.6561845426809594,309,0.7182000386653775,0.6877899708954542,6,left,Marc Lamont Hill,False,275000.0
@marclamonthillnetwork,videos,outrage,-0.06901047095654844,0.07634372320221296,0.36602495445089867,309,0.7182000386653775,0.6877899708954542,6,left,Marc Lamont Hill,False,275000.0
@marclamonthillnetwork,videos,humor,0.16953247447672046,0.04542653364534231,0.00018995469343437754,309,0.7182000386653775,0.6877899708954542,6,left,Marc Lamont Hill,False,275000.0
@marclamonthillnetwork,videos,n_tokens,0.08919644120099951,0.09984075612828949,0.3716499212106823,309,0.7182000386653775,0.6877899708954542,6,left,Marc Lamont Hill,False,275000.0
@markets,videos,F1,-0.1292879136655482,0.01819181195773515,1.1865354193442046e-12,7665,0.1383042574593415,0.1209854690760539,127,neutral,Bloomberg,False,3270000.0
@markets,videos,F2,-0.002696769532117619,0.01526417458924721,0.8597651464130331,7665,0.1383042574593415,0.1209854690760539,127,neutral,Bloomberg,False,3270000.0
@markets,videos,F3,-0.10060763862855424,0.01587305525356967,2.3236615098787e-10,7665,0.1383042574593415,0.1209854690760539,127,neutral,Bloomberg,False,3270000.0
@markets,videos,F4,0.061819437991221846,0.015742899873008826,8.607853214501853e-05,7665,0.1383042574593415,0.1209854690760539,127,neutral,Bloomberg,False,3270000.0
@markets,videos,F5,0.14848334779091266,0.019110388374983286,7.86279398078634e-15,7665,0.1383042574593415,0.1209854690760539,127,neutral,Bloomberg,False,3270000.0
@markets,videos,F6,0.03748381230985926,0.014981903666164765,0.012351512903634627,7665,0.1383042574593415,0.1209854690760539,127,neutral,Bloomberg,False,3270000.0
@markets,videos,F7,0.055648150699709804,0.01570178545287757,0.00039400786220697767,7665,0.1383042574593415,0.1209854690760539,127,neutral,Bloomberg,False,3270000.0
@markets,videos,F8,0.027794033391683848,0.014533292928602608,0.05581993443215454,7665,0.1383042574593415,0.1209854690760539,127,neutral,Bloomberg,False,3270000.0
@markets,videos,F9,0.027482635731596067,0.01793279231943954,0.12539041453967734,7665,0.1383042574593415,0.1209854690760539,127,neutral,Bloomberg,False,3270000.0
@markets,videos,F10,0.007143527454927908,0.015172189348584246,0.6377618782826625,7665,0.1383042574593415,0.1209854690760539,127,neutral,Bloomberg,False,3270000.0
@markets,videos,F11,0.04372716441688734,0.02023262789534339,0.030678332566917692,7665,0.1383042574593415,0.1209854690760539,127,neutral,Bloomberg,False,3270000.0
@markets,videos,F12,-0.03443811431727504,0.017477171362703693,0.04878536549868033,7665,0.1383042574593415,0.1209854690760539,127,neutral,Bloomberg,False,3270000.0
@markets,videos,curiosity_gap,-0.0023163978007914865,0.014158514689162722,0.8700424416619431,7665,0.1383042574593415,0.1209854690760539,127,neutral,Bloomberg,False,3270000.0
@markets,videos,outrage,0.061800459851804844,0.01451715371227512,2.0712860352552202e-05,7665,0.1383042574593415,0.1209854690760539,127,neutral,Bloomberg,False,3270000.0
@markets,videos,humor,0.009895116253961729,0.0023904402931211027,3.4813427081858174e-05,7665,0.1383042574593415,0.1209854690760539,127,neutral,Bloomberg,False,3270000.0
@markets,videos,n_tokens,-0.08224278340321298,0.020528142531050002,6.16660399223232e-05,7665,0.1383042574593415,0.1209854690760539,127,neutral,Bloomberg,False,3270000.0
@marklevinshow,videos,F1,-0.05362723519472137,0.0785505675270309,0.49479029267549157,486,0.21226461665309904,0.1297228680563851,23,right,Mark Levin,False,103000.0
@marklevinshow,videos,F2,0.007142939087260131,0.0601474983815582,0.9054678420138824,486,0.21226461665309904,0.1297228680563851,23,right,Mark Levin,False,103000.0
@marklevinshow,videos,F3,-0.0351339470271369,0.0499897411280587,0.4821659720993642,486,0.21226461665309904,0.1297228680563851,23,right,Mark Levin,False,103000.0
@marklevinshow,videos,F4,-0.0042112031370724265,0.05029003637612306,0.9332644895159046,486,0.21226461665309904,0.1297228680563851,23,right,Mark Levin,False,103000.0
@marklevinshow,videos,F5,0.03237054229944132,0.0399432177529925,0.4177022824312401,486,0.21226461665309904,0.1297228680563851,23,right,Mark Levin,False,103000.0
@marklevinshow,videos,F6,-0.014613655360133537,0.05148350627287048,0.7765244107544368,486,0.21226461665309904,0.1297228680563851,23,right,Mark Levin,False,103000.0
@marklevinshow,videos,F7,-0.04166314890067929,0.04936965106780276,0.3987241521069419,486,0.21226461665309904,0.1297228680563851,23,right,Mark Levin,False,103000.0
@marklevinshow,videos,F8,-0.030779131676001867,0.047400545877468246,0.5161178019855723,486,0.21226461665309904,0.1297228680563851,23,right,Mark Levin,False,103000.0
@marklevinshow,videos,F9,0.07255843145239649,0.05740584026541804,0.20624597511188614,486,0.21226461665309904,0.1297228680563851,23,right,Mark Levin,False,103000.0
@marklevinshow,videos,F10,-0.10078500819036679,0.04882690473233717,0.03900552943874426,486,0.21226461665309904,0.1297228680563851,23,right,Mark Levin,False,103000.0
@marklevinshow,videos,F11,0.09646616071630604,0.06618756834670224,0.14498766407738017,486,0.21226461665309904,0.1297228680563851,23,right,Mark Levin,False,103000.0
@marklevinshow,videos,F12,-0.006688865707465297,0.055247050814952674,0.9036340817288767,486,0.21226461665309904,0.1297228680563851,23,right,Mark Levin,False,103000.0
@marklevinshow,videos,curiosity_gap,-0.012279032656184213,0.07795849481581675,0.8748450488116664,486,0.21226461665309904,0.1297228680563851,23,right,Mark Levin,False,103000.0
@marklevinshow,videos,outrage,0.010822601928883124,0.05033189306469575,0.8297480344564927,486,0.21226461665309904,0.1297228680563851,23,right,Mark Levin,False,103000.0
@marklevinshow,videos,n_tokens,-0.037142703232576846,0.06614103713446703,0.5744102510214564,486,0.21226461665309904,0.1297228680563851,23,right,Mark Levin,False,103000.0
@morebridgetphetasy,videos,F1,-0.12074947848432982,0.11843689209112757,0.3079533657046418,200,0.4051068335372616,0.27371938572954024,12,right,Bridget Phetasy,False,13100.0
@morebridgetphetasy,videos,F2,-0.04031847872877223,0.11177142215255427,0.7183068234395018,200,0.4051068335372616,0.27371938572954024,12,right,Bridget Phetasy,False,13100.0
@morebridgetphetasy,videos,F3,-0.12317320735258805,0.08010908172836656,0.12415413382084628,200,0.4051068335372616,0.27371938572954024,12,right,Bridget Phetasy,False,13100.0
@morebridgetphetasy,videos,F4,0.07814602991665168,0.10093071688314192,0.43878049120589313,200,0.4051068335372616,0.27371938572954024,12,right,Bridget Phetasy,False,13100.0
@morebridgetphetasy,videos,F5,-0.05485405260697904,0.15942242889582142,0.730786202240458,200,0.4051068335372616,0.27371938572954024,12,right,Bridget Phetasy,False,13100.0
@morebridgetphetasy,videos,F6,0.2692470187893334,0.10594477884833546,0.011041263162729681,200,0.4051068335372616,0.27371938572954024,12,right,Bridget Phetasy,False,13100.0
@morebridgetphetasy,videos,F7,-0.03649243365554966,0.13074125640790962,0.7801531214751946,200,0.4051068335372616,0.27371938572954024,12,right,Bridget Phetasy,False,13100.0
@morebridgetphetasy,videos,F8,0.2798558561924617,0.16535530740670074,0.09055989915236765,200,0.4051068335372616,0.27371938572954024,12,right,Bridget Phetasy,False,13100.0
@morebridgetphetasy,videos,F9,-0.05730858404932396,0.13056977629008817,0.660725620986079,200,0.4051068335372616,0.27371938572954024,12,right,Bridget Phetasy,False,13100.0
@morebridgetphetasy,videos,F10,-0.12264894393162815,0.10103726577457073,0.224786642419193,200,0.4051068335372616,0.27371938572954024,12,right,Bridget Phetasy,False,13100.0
@morebridgetphetasy,videos,F11,0.19422101601301947,0.12129896351159833,0.10933789399718627,200,0.4051068335372616,0.27371938572954024,12,right,Bridget Phetasy,False,13100.0
@morebridgetphetasy,videos,F12,-0.11722477772204543,0.10934095845969558,0.28367373813720376,200,0.4051068335372616,0.27371938572954024,12,right,Bridget Phetasy,False,13100.0
@morebridgetphetasy,videos,curiosity_gap,0.07238909835373679,0.09927189585799742,0.46587913472393805,200,0.4051068335372616,0.27371938572954024,12,right,Bridget Phetasy,False,13100.0
@morebridgetphetasy,videos,outrage,0.09656670043196489,0.11072375126083892,0.3831315733735161,200,0.4051068335372616,0.27371938572954024,12,right,Bridget Phetasy,False,13100.0
@morebridgetphetasy,videos,humor,-0.11270089851863357,2.310117585711393,0.9610900110752059,200,0.4051068335372616,0.27371938572954024,12,right,Bridget Phetasy,False,13100.0
@morebridgetphetasy,videos,n_tokens,0.2137641741014742,0.18292069509076034,0.24255810769859265,200,0.4051068335372616,0.27371938572954024,12,right,Bridget Phetasy,False,13100.0
@msnow,streams,F1,-0.05866189014242568,0.07467317600779037,0.4321125137392511,308,0.3882799671860454,0.28321354933632037,22,left,MS NOW,False,9980000.0
@msnow,streams,F2,0.14327506339990592,0.05837313055806941,0.014109266774463112,308,0.3882799671860454,0.28321354933632037,22,left,MS NOW,False,9980000.0
@msnow,streams,F3,-0.04913050319601968,0.09539319994007842,0.6065310057738202,308,0.3882799671860454,0.28321354933632037,22,left,MS NOW,False,9980000.0
@msnow,streams,F4,0.006702900602041623,0.08015240261102125,0.9333530425894414,308,0.3882799671860454,0.28321354933632037,22,left,MS NOW,False,9980000.0
@msnow,streams,F5,0.03141250197550616,0.07332759588664582,0.6683702498651078,308,0.3882799671860454,0.28321354933632037,22,left,MS NOW,False,9980000.0
@msnow,streams,F6,-0.03770174764298179,0.07417702855445325,0.6112659973156044,308,0.3882799671860454,0.28321354933632037,22,left,MS NOW,False,9980000.0
@msnow,streams,F7,-0.012313577093678252,0.06948825062070833,0.8593483671301313,308,0.3882799671860454,0.28321354933632037,22,left,MS NOW,False,9980000.0
@msnow,streams,F8,-0.16204454488376652,0.06033163215368406,0.007233540149303625,308,0.3882799671860454,0.28321354933632037,22,left,MS NOW,False,9980000.0
@msnow,streams,F9,0.03359773421347112,0.06131032119125949,0.5836955068120858,308,0.3882799671860454,0.28321354933632037,22,left,MS NOW,False,9980000.0
@msnow,streams,F10,-0.10186963044690031,0.05480678037643341,0.06306898059629257,308,0.3882799671860454,0.28321354933632037,22,left,MS NOW,False,9980000.0
@msnow,streams,F11,-0.043633588214106345,0.08217516938155704,0.5954308105437757,308,0.3882799671860454,0.28321354933632037,22,left,MS NOW,False,9980000.0
@msnow,streams,F12,-0.048504962952795494,0.0650019664960672,0.4555420035351838,308,0.3882799671860454,0.28321354933632037,22,left,MS NOW,False,9980000.0
@msnow,streams,curiosity_gap,0.0389147753039677,0.04791543401690969,0.4167025056479774,308,0.3882799671860454,0.28321354933632037,22,left,MS NOW,False,9980000.0
@msnow,streams,outrage,0.010617775264957857,0.0668327231527787,0.8737705833310954,308,0.3882799671860454,0.28321354933632037,22,left,MS NOW,False,9980000.0
@msnow,streams,n_tokens,0.07363421405682333,0.07208853399792309,0.3070453529251921,308,0.3882799671860454,0.28321354933632037,22,left,MS NOW,False,9980000.0
@msnow,videos,F1,-0.13369759936735873,0.01785561040489018,7.008666418223593e-14,9398,0.25362416775469265,0.2378076835895292,171,left,MS NOW,False,9980000.0
@msnow,videos,F2,-0.01560446926637298,0.013531637238804413,0.24883481749113512,9398,0.25362416775469265,0.2378076835895292,171,left,MS NOW,False,9980000.0
@msnow,videos,F3,0.022502240548945833,0.013102601991391974,0.08590845437326615,9398,0.25362416775469265,0.2378076835895292,171,left,MS NOW,False,9980000.0
@msnow,videos,F4,-0.028823805054100433,0.013869195633354524,0.03768534855075411,9398,0.25362416775469265,0.2378076835895292,171,left,MS NOW,False,9980000.0
@msnow,videos,F5,-0.017650312266193346,0.012230154084363138,0.14896980664223397,9398,0.25362416775469265,0.2378076835895292,171,left,MS NOW,False,9980000.0
@msnow,videos,F6,0.06310030338295212,0.015046423155163203,2.7443134536628902e-05,9398,0.25362416775469265,0.2378076835895292,171,left,MS NOW,False,9980000.0
@msnow,videos,F7,-0.02096338247154511,0.016863927296715993,0.21383460288876066,9398,0.25362416775469265,0.2378076835895292,171,left,MS NOW,False,9980000.0
@msnow,videos,F8,-0.012800363994872794,0.013335666660277372,0.3371260200039621,9398,0.25362416775469265,0.2378076835895292,171,left,MS NOW,False,9980000.0
@msnow,videos,F9,0.04423610449500767,0.014768712441712637,0.0027421277021889914,9398,0.25362416775469265,0.2378076835895292,171,left,MS NOW,False,9980000.0
@msnow,videos,F10,-0.09027824517453942,0.015081136951308456,2.1484020671446024e-09,9398,0.25362416775469265,0.2378076835895292,171,left,MS NOW,False,9980000.0
@msnow,videos,F11,0.04116138808374017,0.020080824075404048,0.040385337699298716,9398,0.25362416775469265,0.2378076835895292,171,left,MS NOW,False,9980000.0
@msnow,videos,F12,-0.06750989258628709,0.015219973818677006,9.181124808579706e-06,9398,0.25362416775469265,0.2378076835895292,171,left,MS NOW,False,9980000.0
@msnow,videos,curiosity_gap,-0.01285993265132875,0.011019898809581239,0.24322097003951204,9398,0.25362416775469265,0.2378076835895292,171,left,MS NOW,False,9980000.0
@msnow,videos,outrage,0.16919330225738038,0.013867345393594542,3.076230180270906e-34,9398,0.25362416775469265,0.2378076835895292,171,left,MS NOW,False,9980000.0
@msnow,videos,humor,-0.014632690002886285,0.017606853679298998,0.4059288849439804,9398,0.25362416775469265,0.2378076835895292,171,left,MS NOW,False,9980000.0
@msnow,videos,n_tokens,0.09527318656495243,0.018212631627120703,1.6844980315119893e-07,9398,0.25362416775469265,0.2378076835895292,171,left,MS NOW,False,9980000.0
@nationalreview,videos,F1,0.04717526190642002,0.11563069529583568,0.6832867655886228,183,0.1968965188489823,0.02556777620343187,8,right,National Review,False,116000.0
@nationalreview,videos,F2,0.03032560439230464,0.08773890941246545,0.72961732659132,183,0.1968965188489823,0.02556777620343187,8,right,National Review,False,116000.0
@nationalreview,videos,F3,-0.11845024911623128,0.11583167544328744,0.3064938333906353,183,0.1968965188489823,0.02556777620343187,8,right,National Review,False,116000.0
@nationalreview,videos,F4,0.18712622421223923,0.09558864598353038,0.05027464448425903,183,0.1968965188489823,0.02556777620343187,8,right,National Review,False,116000.0
@nationalreview,videos,F5,0.27152355649657484,0.10861243107231726,0.0124217584581633,183,0.1968965188489823,0.02556777620343187,8,right,National Review,False,116000.0
@nationalreview,videos,F6,-0.009753328235536651,0.09750639569460999,0.9203224341357599,183,0.1968965188489823,0.02556777620343187,8,right,National Review,False,116000.0
@nationalreview,videos,F7,-0.09086553077411819,0.10049174541224304,0.3658846407782391,183,0.1968965188489823,0.02556777620343187,8,right,National Review,False,116000.0
@nationalreview,videos,F8,-0.09387487150620116,0.09458146221763673,0.320939398895564,183,0.1968965188489823,0.02556777620343187,8,right,National Review,False,116000.0
@nationalreview,videos,F9,0.044014323819425494,0.09948467807279442,0.6581830360481906,183,0.1968965188489823,0.02556777620343187,8,right,National Review,False,116000.0
@nationalreview,videos,F10,-0.07736435240945738,0.09073749625778722,0.3938716063557257,183,0.1968965188489823,0.02556777620343187,8,right,National Review,False,116000.0
@nationalreview,videos,F11,-0.11526152155286135,0.1210488371354047,0.34100050878123767,183,0.1968965188489823,0.02556777620343187,8,right,National Review,False,116000.0
@nationalreview,videos,F12,-0.2400065515201637,0.10010951954036816,0.016510091431839017,183,0.1968965188489823,0.02556777620343187,8,right,National Review,False,116000.0
@nationalreview,videos,curiosity_gap,-0.06505912653035192,0.08113415997107337,0.4226276075580897,183,0.1968965188489823,0.02556777620343187,8,right,National Review,False,116000.0
@nationalreview,videos,outrage,-0.039828507753539466,0.08549229114427923,0.6413067634987606,183,0.1968965188489823,0.02556777620343187,8,right,National Review,False,116000.0
@nationalreview,videos,humor,-0.06674346321310254,0.44457013145811003,0.88066178654576,183,0.1968965188489823,0.02556777620343187,8,right,National Review,False,116000.0
@nationalreview,videos,n_tokens,0.09743652229965793,0.10879756535828213,0.37047909198461715,183,0.1968965188489823,0.02556777620343187,8,right,National Review,False,116000.0
@nousnetwork,videos,F1,-0.08936304514102367,0.20931415295826536,0.6694283866474089,152,0.3210143835733086,0.17317074128685161,4,left,nous,False,88500.0
@nousnetwork,videos,F2,0.25413321135399614,0.16007064086414988,0.11236966306536186,152,0.3210143835733086,0.17317074128685161,4,left,nous,False,88500.0
@nousnetwork,videos,F3,-0.18800316123853889,0.18509309029506613,0.30976169238812257,152,0.3210143835733086,0.17317074128685161,4,left,nous,False,88500.0
@nousnetwork,videos,F4,-0.04266255600876445,0.17645496144563969,0.8089538188353458,152,0.3210143835733086,0.17317074128685161,4,left,nous,False,88500.0
@nousnetwork,videos,F5,-0.07950842117581834,0.21229252440818225,0.7080152899774417,152,0.3210143835733086,0.17317074128685161,4,left,nous,False,88500.0
@nousnetwork,videos,F6,-0.06415849428198919,0.16542046257919346,0.6981262904305928,152,0.3210143835733086,0.17317074128685161,4,left,nous,False,88500.0
@nousnetwork,videos,F7,-0.10228000393280101,0.1905281605674204,0.59138950138576,152,0.3210143835733086,0.17317074128685161,4,left,nous,False,88500.0
@nousnetwork,videos,F8,-0.15876402488221264,0.11852238510271472,0.18039892390504353,152,0.3210143835733086,0.17317074128685161,4,left,nous,False,88500.0
@nousnetwork,videos,F9,0.13141030571018208,0.16852699484317576,0.4355332160425095,152,0.3210143835733086,0.17317074128685161,4,left,nous,False,88500.0
@nousnetwork,videos,F10,0.08948793912540487,0.13989630874056766,0.5223849909838367,152,0.3210143835733086,0.17317074128685161,4,left,nous,False,88500.0
@nousnetwork,videos,F11,-0.12898435188851626,0.21745895056784184,0.5530851550549044,152,0.3210143835733086,0.17317074128685161,4,left,nous,False,88500.0
@nousnetwork,videos,F12,0.07294184143591229,0.19147571248488007,0.7032435715066345,152,0.3210143835733086,0.17317074128685161,4,left,nous,False,88500.0
@nousnetwork,videos,curiosity_gap,-0.16345418555784086,0.11719841295607075,0.16311260836303976,152,0.3210143835733086,0.17317074128685161,4,left,nous,False,88500.0
@nousnetwork,videos,outrage,0.08784572077672972,0.17079277816645536,0.6070136321197613,152,0.3210143835733086,0.17317074128685161,4,left,nous,False,88500.0
@nousnetwork,videos,n_tokens,0.3738065996978941,0.21230061379999673,0.07828208667633765,152,0.3210143835733086,0.17317074128685161,4,left,nous,False,88500.0
@nypost,videos,F1,-0.013611484302311022,0.02878919462200287,0.6363570368178397,6036,0.10943984529114892,0.08111975830604956,162,right,New York Post,False,2560000.0
@nypost,videos,F2,0.026759865558459286,0.021431678913109195,0.21180678060481517,6036,0.10943984529114892,0.08111975830604956,162,right,New York Post,False,2560000.0
@nypost,videos,F3,0.013349229214677717,0.020877382363939323,0.5225555550197032,6036,0.10943984529114892,0.08111975830604956,162,right,New York Post,False,2560000.0
@nypost,videos,F4,0.041583805511716136,0.021968691923185613,0.05837559788509014,6036,0.10943984529114892,0.08111975830604956,162,right,New York Post,False,2560000.0
@nypost,videos,F5,0.03363700156128158,0.021520392663567138,0.11804573304293221,6036,0.10943984529114892,0.08111975830604956,162,right,New York Post,False,2560000.0
@nypost,videos,F6,-0.020064312710075763,0.021339961977646416,0.3471034354474919,6036,0.10943984529114892,0.08111975830604956,162,right,New York Post,False,2560000.0
@nypost,videos,F7,-0.024980475701794118,0.020979665909810572,0.2337716118584886,6036,0.10943984529114892,0.08111975830604956,162,right,New York Post,False,2560000.0
@nypost,videos,F8,-0.006094108861140653,0.022453295564212383,0.7860736597099008,6036,0.10943984529114892,0.08111975830604956,162,right,New York Post,False,2560000.0
@nypost,videos,F9,0.00562762130761893,0.023388702444751264,0.8098552245330238,6036,0.10943984529114892,0.08111975830604956,162,right,New York Post,False,2560000.0
@nypost,videos,F10,-0.07635874517198686,0.02247476885604897,0.0006799664827959311,6036,0.10943984529114892,0.08111975830604956,162,right,New York Post,False,2560000.0
@nypost,videos,F11,0.009401426719311223,0.028308641260440026,0.7398103638158957,6036,0.10943984529114892,0.08111975830604956,162,right,New York Post,False,2560000.0
@nypost,videos,F12,-0.0824139939013552,0.022525746067400966,0.0002535397267048219,6036,0.10943984529114892,0.08111975830604956,162,right,New York Post,False,2560000.0
@nypost,videos,curiosity_gap,-0.0002886126303053814,0.020834077695112422,0.9889473294605953,6036,0.10943984529114892,0.08111975830604956,162,right,New York Post,False,2560000.0
@nypost,videos,outrage,0.11447381716297654,0.021136095647477204,6.093544599150673e-08,6036,0.10943984529114892,0.08111975830604956,162,right,New York Post,False,2560000.0
@nypost,videos,humor,0.01359238180628309,0.020270744699199542,0.5025124640327532,6036,0.10943984529114892,0.08111975830604956,162,right,New York Post,False,2560000.0
@nypost,videos,n_tokens,0.0822164980855088,0.02501588387249704,0.0010141492207815413,6036,0.10943984529114892,0.08111975830604956,162,right,New York Post,False,2560000.0
@oann,streams,F1,0.12606473134803414,0.07290047486947104,0.0837604711737255,304,0.3848034860163775,0.2939221828142514,15,right,OAN,False,1420000.0
@oann,streams,F2,-0.03142611844307058,0.07908138492655414,0.691080197278634,304,0.3848034860163775,0.2939221828142514,15,right,OAN,False,1420000.0
@oann,streams,F3,-0.07836817559472659,0.15748301469827802,0.618745288943556,304,0.3848034860163775,0.2939221828142514,15,right,OAN,False,1420000.0
@oann,streams,F4,0.07311137141458493,0.1004813665036574,0.4668515997178321,304,0.3848034860163775,0.2939221828142514,15,right,OAN,False,1420000.0
@oann,streams,F5,-0.10730755122659852,0.05707799699937249,0.06010588871815484,304,0.3848034860163775,0.2939221828142514,15,right,OAN,False,1420000.0
@oann,streams,F6,-0.06462762325204655,0.06920270926492689,0.3503613451807115,304,0.3848034860163775,0.2939221828142514,15,right,OAN,False,1420000.0
@oann,streams,F7,-0.048742269745803646,0.08582739580949196,0.5700958171913902,304,0.3848034860163775,0.2939221828142514,15,right,OAN,False,1420000.0
@oann,streams,F8,-0.10547250818736777,0.05108045119447934,0.03893897678478813,304,0.3848034860163775,0.2939221828142514,15,right,OAN,False,1420000.0
@oann,streams,F9,0.07646423703804073,0.1007994690175705,0.44810517116610227,304,0.3848034860163775,0.2939221828142514,15,right,OAN,False,1420000.0
@oann,streams,F10,-0.07821354853141765,0.05511552911768576,0.1558746178768456,304,0.3848034860163775,0.2939221828142514,15,right,OAN,False,1420000.0
@oann,streams,F11,-0.26191788033346913,0.09173623147413018,0.00430206723629622,304,0.3848034860163775,0.2939221828142514,15,right,OAN,False,1420000.0
@oann,streams,F12,-0.11985701665395036,0.056210409708541784,0.03298283510899866,304,0.3848034860163775,0.2939221828142514,15,right,OAN,False,1420000.0
@oann,streams,curiosity_gap,-0.017757665397389405,0.10425959389999846,0.8647571907862159,304,0.3848034860163775,0.2939221828142514,15,right,OAN,False,1420000.0
@oann,streams,outrage,0.07713857850274278,0.06021614862440451,0.2001837960544588,304,0.3848034860163775,0.2939221828142514,15,right,OAN,False,1420000.0
@oann,streams,humor,0.09638431756735732,0.459153226584925,0.8337320292916752,304,0.3848034860163775,0.2939221828142514,15,right,OAN,False,1420000.0
@oann,streams,n_tokens,0.1832192709661528,0.07508917438046546,0.014686349340950797,304,0.3848034860163775,0.2939221828142514,15,right,OAN,False,1420000.0
@oann,videos,F1,0.003894496017782828,0.03176900839166661,0.902433436720474,1736,0.2771168582822233,0.21759061080452746,108,right,OAN,False,1420000.0
@oann,videos,F2,0.00365361483809884,0.02396550113184435,0.8788295821150803,1736,0.2771168582822233,0.21759061080452746,108,right,OAN,False,1420000.0
@oann,videos,F3,0.023770146652059745,0.026289597055759388,0.3659076512312244,1736,0.2771168582822233,0.21759061080452746,108,right,OAN,False,1420000.0
@oann,videos,F4,-0.01297740380594501,0.023806169604610634,0.5856656544714016,1736,0.2771168582822233,0.21759061080452746,108,right,OAN,False,1420000.0
@oann,videos,F5,-0.023526536957615425,0.02047446778124581,0.250528320539415,1736,0.2771168582822233,0.21759061080452746,108,right,OAN,False,1420000.0
@oann,videos,F6,-0.025933722889341954,0.024304534629248583,0.28595726172455105,1736,0.2771168582822233,0.21759061080452746,108,right,OAN,False,1420000.0
@oann,videos,F7,0.024837404303884578,0.026091737737451597,0.34113449759629166,1736,0.2771168582822233,0.21759061080452746,108,right,OAN,False,1420000.0
@oann,videos,F8,0.016201440434552752,0.02528320622182781,0.5216536124502495,1736,0.2771168582822233,0.21759061080452746,108,right,OAN,False,1420000.0
@oann,videos,F9,0.08508621440371171,0.023760081246951836,0.0003422064766220775,1736,0.2771168582822233,0.21759061080452746,108,right,OAN,False,1420000.0
@oann,videos,F10,0.005663007131134518,0.02334843069830593,0.808359153270281,1736,0.2771168582822233,0.21759061080452746,108,right,OAN,False,1420000.0
@oann,videos,F11,-0.06568315614804181,0.0318778806289875,0.03935441158750055,1736,0.2771168582822233,0.21759061080452746,108,right,OAN,False,1420000.0
@oann,videos,F12,-0.05393562950567768,0.02565893384861477,0.03555139627598054,1736,0.2771168582822233,0.21759061080452746,108,right,OAN,False,1420000.0
@oann,videos,curiosity_gap,0.025108987518100565,0.0237205518977042,0.2898125034824488,1736,0.2771168582822233,0.21759061080452746,108,right,OAN,False,1420000.0
@oann,videos,outrage,0.1014975655806308,0.024980637637496837,4.843576714248851e-05,1736,0.2771168582822233,0.21759061080452746,108,right,OAN,False,1420000.0
@oann,videos,humor,-0.00147458204716365,0.012872241402430375,0.9087976997659121,1736,0.2771168582822233,0.21759061080452746,108,right,OAN,False,1420000.0
@oann,videos,n_tokens,0.0925624282733777,0.026554556411536194,0.0004907674787555295,1736,0.2771168582822233,0.21759061080452746,108,right,OAN,False,1420000.0
@podsaveamerica,videos,F1,-0.06787910388532481,0.05628343271111265,0.22780869405285653,232,0.3345084415375642,0.2156706632407006,12,left,Crooked Media,False,1280000.0
@podsaveamerica,videos,F2,0.10681688378072085,0.06249641921340115,0.0874198228303088,232,0.3345084415375642,0.2156706632407006,12,left,Crooked Media,False,1280000.0
@podsaveamerica,videos,F3,0.041329945989372646,0.055531597554096396,0.45671920421822676,232,0.3345084415375642,0.2156706632407006,12,left,Crooked Media,False,1280000.0
@podsaveamerica,videos,F4,-0.010239542035924754,0.045260264993257485,0.8210171726166071,232,0.3345084415375642,0.2156706632407006,12,left,Crooked Media,False,1280000.0
@podsaveamerica,videos,F5,-0.05237950321806217,0.051853746647265025,0.31242859388674127,232,0.3345084415375642,0.2156706632407006,12,left,Crooked Media,False,1280000.0
@podsaveamerica,videos,F6,-0.013643584487084526,0.050932487778930946,0.7887948678836579,232,0.3345084415375642,0.2156706632407006,12,left,Crooked Media,False,1280000.0
@podsaveamerica,videos,F7,0.017589605727116986,0.0566628535447578,0.7562372563416061,232,0.3345084415375642,0.2156706632407006,12,left,Crooked Media,False,1280000.0
@podsaveamerica,videos,F8,0.05711114108605714,0.032311288593547,0.07713966911248844,232,0.3345084415375642,0.2156706632407006,12,left,Crooked Media,False,1280000.0
@podsaveamerica,videos,F9,-0.025420930840050204,0.048499504828745085,0.6001754276598353,232,0.3345084415375642,0.2156706632407006,12,left,Crooked Media,False,1280000.0
@podsaveamerica,videos,F10,0.03227929378001354,0.0710131817743456,0.6494304594013975,232,0.3345084415375642,0.2156706632407006,12,left,Crooked Media,False,1280000.0
@podsaveamerica,videos,F11,-0.11624460756609895,0.06089574684055342,0.05627347510002983,232,0.3345084415375642,0.2156706632407006,12,left,Crooked Media,False,1280000.0
@podsaveamerica,videos,F12,-0.06185484390290763,0.05968254035416027,0.300016671467079,232,0.3345084415375642,0.2156706632407006,12,left,Crooked Media,False,1280000.0
@podsaveamerica,videos,curiosity_gap,-0.09368094014001671,0.04075806356943575,0.021535396912568013,232,0.3345084415375642,0.2156706632407006,12,left,Crooked Media,False,1280000.0
@podsaveamerica,videos,outrage,0.11110122801107802,0.061190790393351985,0.06942365348140322,232,0.3345084415375642,0.2156706632407006,12,left,Crooked Media,False,1280000.0
@podsaveamerica,videos,n_tokens,-0.09112880971839245,0.07958952039036216,0.2522153569387413,232,0.3345084415375642,0.2156706632407006,12,left,Crooked Media,False,1280000.0
@ponderingpolitics,videos,F1,-0.030748849160258163,0.022955698243414566,0.1804123284829755,1260,0.21718307180257423,0.17663616324096976,38,left,Pondering Politics,False,861000.0
@ponderingpolitics,videos,F2,0.04348647537618766,0.023749596206880514,0.06709448032041089,1260,0.21718307180257423,0.17663616324096976,38,left,Pondering Politics,False,861000.0
@ponderingpolitics,videos,F3,0.02325179557957291,0.02607724921179319,0.37258022571133964,1260,0.21718307180257423,0.17663616324096976,38,left,Pondering Politics,False,861000.0
@ponderingpolitics,videos,F4,0.03613289828502772,0.027296425421366927,0.18559515264889048,1260,0.21718307180257423,0.17663616324096976,38,left,Pondering Politics,False,861000.0
@ponderingpolitics,videos,F5,-0.019594654989402244,0.02599291716667155,0.45094173687477046,1260,0.21718307180257423,0.17663616324096976,38,left,Pondering Politics,False,861000.0
@ponderingpolitics,videos,F6,0.07976726212890717,0.029034195422709196,0.006007794013432731,1260,0.21718307180257423,0.17663616324096976,38,left,Pondering Politics,False,861000.0
@ponderingpolitics,videos,F7,0.05212115603790038,0.02498766171770189,0.036989885210335874,1260,0.21718307180257423,0.17663616324096976,38,left,Pondering Politics,False,861000.0
@ponderingpolitics,videos,F8,0.024172910200375236,0.0227703600268205,0.2884193881527257,1260,0.21718307180257423,0.17663616324096976,38,left,Pondering Politics,False,861000.0
@ponderingpolitics,videos,F9,-0.025222916648075355,0.027483748847043885,0.35875536331025204,1260,0.21718307180257423,0.17663616324096976,38,left,Pondering Politics,False,861000.0
@ponderingpolitics,videos,F10,-0.02150093868231806,0.02088640207687749,0.3032810357674477,1260,0.21718307180257423,0.17663616324096976,38,left,Pondering Politics,False,861000.0
@ponderingpolitics,videos,F11,0.038982017470321345,0.02893664677874697,0.17793177437573993,1260,0.21718307180257423,0.17663616324096976,38,left,Pondering Politics,False,861000.0
@ponderingpolitics,videos,F12,-0.013129372478169567,0.024864050344584606,0.5974671258179034,1260,0.21718307180257423,0.17663616324096976,38,left,Pondering Politics,False,861000.0
@ponderingpolitics,videos,curiosity_gap,0.013738396490673876,0.02492398344794619,0.5814884174117707,1260,0.21718307180257423,0.17663616324096976,38,left,Pondering Politics,False,861000.0
@ponderingpolitics,videos,outrage,0.040514787081288126,0.028680820920821623,0.15777070776700797,1260,0.21718307180257423,0.17663616324096976,38,left,Pondering Politics,False,861000.0
@ponderingpolitics,videos,humor,0.01806347134483008,0.03364031600340349,0.5912959165951027,1260,0.21718307180257423,0.17663616324096976,38,left,Pondering Politics,False,861000.0
@ponderingpolitics,videos,n_tokens,0.06749488539352214,0.028879462248113757,0.019432735510825472,1260,0.21718307180257423,0.17663616324096976,38,left,Pondering Politics,False,861000.0
@rolandsmartin,streams,F1,-0.12978951918248827,0.08353396618976232,0.12024800579563931,569,0.3590749919868369,0.30392848078111545,22,left,Black Star Network,False,1960000.0
@rolandsmartin,streams,F2,-0.04669394594285822,0.06197177355798711,0.45116681769226497,569,0.3590749919868369,0.30392848078111545,22,left,Black Star Network,False,1960000.0
@rolandsmartin,streams,F3,0.020856699444298243,0.06078695270464698,0.7315146180530363,569,0.3590749919868369,0.30392848078111545,22,left,Black Star Network,False,1960000.0
@rolandsmartin,streams,F4,-0.05146913521761899,0.062052781893155794,0.40685478404867514,569,0.3590749919868369,0.30392848078111545,22,left,Black Star Network,False,1960000.0
@rolandsmartin,streams,F5,-0.10630809303144395,0.053782326095500994,0.04808276646030471,569,0.3590749919868369,0.30392848078111545,22,left,Black Star Network,False,1960000.0
@rolandsmartin,streams,F6,0.12125405636486636,0.06755376091774033,0.07266536228615822,569,0.3590749919868369,0.30392848078111545,22,left,Black Star Network,False,1960000.0
@rolandsmartin,streams,F7,-0.014946668587173029,0.060262675555862406,0.8041148265289341,569,0.3590749919868369,0.30392848078111545,22,left,Black Star Network,False,1960000.0
@rolandsmartin,streams,F8,-0.016426622686541673,0.060507434136944434,0.7860210606627696,569,0.3590749919868369,0.30392848078111545,22,left,Black Star Network,False,1960000.0
@rolandsmartin,streams,F9,-0.03902255306773414,0.06332718195718798,0.5377589484475898,569,0.3590749919868369,0.30392848078111545,22,left,Black Star Network,False,1960000.0
@rolandsmartin,streams,F10,0.04014074818984553,0.05860075373674887,0.49335219233168126,569,0.3590749919868369,0.30392848078111545,22,left,Black Star Network,False,1960000.0
@rolandsmartin,streams,F11,0.025628399609780028,0.08388367432986052,0.7599677847743075,569,0.3590749919868369,0.30392848078111545,22,left,Black Star Network,False,1960000.0
@rolandsmartin,streams,F12,-0.010658162529478162,0.06123575980608732,0.8618251596353186,569,0.3590749919868369,0.30392848078111545,22,left,Black Star Network,False,1960000.0
@rolandsmartin,streams,curiosity_gap,-0.1273030589796701,0.04901797541999676,0.00940230648978059,569,0.3590749919868369,0.30392848078111545,22,left,Black Star Network,False,1960000.0
@rolandsmartin,streams,outrage,0.10870045691799568,0.06756338767601529,0.10764558180229641,569,0.3590749919868369,0.30392848078111545,22,left,Black Star Network,False,1960000.0
@rolandsmartin,streams,n_tokens,0.1428138524864364,0.08618148484531947,0.09749336270976146,569,0.3590749919868369,0.30392848078111545,22,left,Black Star Network,False,1960000.0
@rolandsmartin,videos,F1,-0.058202072467479105,0.0708440253514221,0.41133174260448524,698,0.28964268141936966,0.225165804302505,35,left,Black Star Network,False,1960000.0
@rolandsmartin,videos,F2,0.011226978006235622,0.05973172453908632,0.8509105922264892,698,0.28964268141936966,0.225165804302505,35,left,Black Star Network,False,1960000.0
@rolandsmartin,videos,F3,-0.1552477863102746,0.05845530163919179,0.007911170939164028,698,0.28964268141936966,0.225165804302505,35,left,Black Star Network,False,1960000.0
@rolandsmartin,videos,F4,0.18087558161094502,0.05724046440374004,0.0015780968835893752,698,0.28964268141936966,0.225165804302505,35,left,Black Star Network,False,1960000.0
@rolandsmartin,videos,F5,-0.08657821350336357,0.056698819534134116,0.1267648880361314,698,0.28964268141936966,0.225165804302505,35,left,Black Star Network,False,1960000.0
@rolandsmartin,videos,F6,0.09488998818479155,0.060085265596351384,0.1142774567069398,698,0.28964268141936966,0.225165804302505,35,left,Black Star Network,False,1960000.0
@rolandsmartin,videos,F7,0.10309695948621485,0.057144349749530456,0.07120784761696089,698,0.28964268141936966,0.225165804302505,35,left,Black Star Network,False,1960000.0
@rolandsmartin,videos,F8,-0.13816801774280518,0.0530934297177816,0.009258562500375152,698,0.28964268141936966,0.225165804302505,35,left,Black Star Network,False,1960000.0
@rolandsmartin,videos,F9,-0.04023896746072661,0.06351993663512218,0.5264165579876146,698,0.28964268141936966,0.225165804302505,35,left,Black Star Network,False,1960000.0
@rolandsmartin,videos,F10,0.08878936298588935,0.060372715859745504,0.14137580762947846,698,0.28964268141936966,0.225165804302505,35,left,Black Star Network,False,1960000.0
@rolandsmartin,videos,F11,-0.021914609204889288,0.07456734643116769,0.7688418391641357,698,0.28964268141936966,0.225165804302505,35,left,Black Star Network,False,1960000.0
@rolandsmartin,videos,F12,-0.07518958653708621,0.056141727878726136,0.18047899677677348,698,0.28964268141936966,0.225165804302505,35,left,Black Star Network,False,1960000.0
@rolandsmartin,videos,curiosity_gap,-0.10252280936646266,0.05668345452480879,0.07049914450777797,698,0.28964268141936966,0.225165804302505,35,left,Black Star Network,False,1960000.0
@rolandsmartin,videos,outrage,0.21456128068656663,0.06855943354220419,0.0017506466647806778,698,0.28964268141936966,0.225165804302505,35,left,Black Star Network,False,1960000.0
@rolandsmartin,videos,n_tokens,0.06783269286242744,0.0654693824403693,0.3001564490257006,698,0.28964268141936966,0.225165804302505,35,left,Black Star Network,False,1960000.0
@thedavidpakmanshow,videos,F1,-0.05505987761963024,0.025827843280816287,0.033023032728164856,1541,0.22322541991880007,0.1878935143753917,44,left,David Pakman,False,3660000.0
@thedavidpakmanshow,videos,F2,0.03921194899189562,0.02635946707144399,0.1368603599680128,1541,0.22322541991880007,0.1878935143753917,44,left,David Pakman,False,3660000.0
@thedavidpakmanshow,videos,F3,0.04384707216613182,0.024677081089225426,0.07559558625567782,1541,0.22322541991880007,0.1878935143753917,44,left,David Pakman,False,3660000.0
@thedavidpakmanshow,videos,F4,0.002744392385258837,0.02633801202741866,0.9170114917147256,1541,0.22322541991880007,0.1878935143753917,44,left,David Pakman,False,3660000.0
@thedavidpakmanshow,videos,F5,-0.022693389988955426,0.027254832748857465,0.4050493233692527,1541,0.22322541991880007,0.1878935143753917,44,left,David Pakman,False,3660000.0
@thedavidpakmanshow,videos,F6,0.07367173788796519,0.028521112293073157,0.009792835461862439,1541,0.22322541991880007,0.1878935143753917,44,left,David Pakman,False,3660000.0
@thedavidpakmanshow,videos,F7,-0.06277017118015066,0.02922866323146578,0.03174909817187809,1541,0.22322541991880007,0.1878935143753917,44,left,David Pakman,False,3660000.0
@thedavidpakmanshow,videos,F8,-0.02066521090856649,0.027888465186592243,0.45869652311218223,1541,0.22322541991880007,0.1878935143753917,44,left,David Pakman,False,3660000.0
@thedavidpakmanshow,videos,F9,0.057776324806620594,0.025818324096533903,0.025233900435985765,1541,0.22322541991880007,0.1878935143753917,44,left,David Pakman,False,3660000.0
@thedavidpakmanshow,videos,F10,-0.034948129997821376,0.024849107781960752,0.1596012621570907,1541,0.22322541991880007,0.1878935143753917,44,left,David Pakman,False,3660000.0
@thedavidpakmanshow,videos,F11,-0.08238097694665864,0.026940279780741233,0.002228857879845001,1541,0.22322541991880007,0.1878935143753917,44,left,David Pakman,False,3660000.0
@thedavidpakmanshow,videos,F12,-0.039144593231904876,0.027103036350702187,0.14865794805565655,1541,0.22322541991880007,0.1878935143753917,44,left,David Pakman,False,3660000.0
@thedavidpakmanshow,videos,curiosity_gap,0.03338361817035519,0.0234441340564363,0.15445670504158704,1541,0.22322541991880007,0.1878935143753917,44,left,David Pakman,False,3660000.0
@thedavidpakmanshow,videos,outrage,0.018720785762943518,0.025067700669570873,0.4551788310043955,1541,0.22322541991880007,0.1878935143753917,44,left,David Pakman,False,3660000.0
@thedavidpakmanshow,videos,n_tokens,-0.019086293073266897,0.026807290513827787,0.4764762744761122,1541,0.22322541991880007,0.1878935143753917,44,left,David Pakman,False,3660000.0
@thegrayzone7996,videos,F1,-0.19087204866663843,0.12052928946860261,0.11328124891037547,144,0.3898519256431111,0.23463881900846395,6,left,The Grayzone,False,575000.0
@thegrayzone7996,videos,F2,0.07840909644866023,0.10567581566739274,0.4581008594748439,144,0.3898519256431111,0.23463881900846395,6,left,The Grayzone,False,575000.0
@thegrayzone7996,videos,F3,0.2586298971597555,0.10513869583655469,0.013897860850013986,144,0.3898519256431111,0.23463881900846395,6,left,The Grayzone,False,575000.0
@thegrayzone7996,videos,F4,0.10703531196283858,0.10669079327228356,0.3157503199767856,144,0.3898519256431111,0.23463881900846395,6,left,The Grayzone,False,575000.0
@thegrayzone7996,videos,F5,-0.09952214772528223,0.10104262278903013,0.3246475794856658,144,0.3898519256431111,0.23463881900846395,6,left,The Grayzone,False,575000.0
@thegrayzone7996,videos,F6,0.24009629447541914,0.11078576888463394,0.030218660660840703,144,0.3898519256431111,0.23463881900846395,6,left,The Grayzone,False,575000.0
@thegrayzone7996,videos,F7,0.041211382804674096,0.11639531634440474,0.7232909752023005,144,0.3898519256431111,0.23463881900846395,6,left,The Grayzone,False,575000.0
@thegrayzone7996,videos,F8,-0.10413850958584864,0.09234120211595431,0.25942222612757293,144,0.3898519256431111,0.23463881900846395,6,left,The Grayzone,False,575000.0
@thegrayzone7996,videos,F9,0.09838746412464333,0.1040222899661922,0.34423499933511215,144,0.3898519256431111,0.23463881900846395,6,left,The Grayzone,False,575000.0
@thegrayzone7996,videos,F10,0.056882600425301355,0.10580549745817074,0.5908430165208485,144,0.3898519256431111,0.23463881900846395,6,left,The Grayzone,False,575000.0
@thegrayzone7996,videos,F11,0.07498691981555905,0.15625279553407387,0.6312930253712612,144,0.3898519256431111,0.23463881900846395,6,left,The Grayzone,False,575000.0
@thegrayzone7996,videos,F12,-0.12413117410800623,0.09159564712160344,0.17535122575881057,144,0.3898519256431111,0.23463881900846395,6,left,The Grayzone,False,575000.0
@thegrayzone7996,videos,curiosity_gap,-0.04771429505017438,0.12989588149077558,0.7133749409036174,144,0.3898519256431111,0.23463881900846395,6,left,The Grayzone,False,575000.0
@thegrayzone7996,videos,outrage,0.11967485746252682,0.09937344456676465,0.22847590888966152,144,0.3898519256431111,0.23463881900846395,6,left,The Grayzone,False,575000.0
@thegrayzone7996,videos,n_tokens,-0.06561926361982551,0.12848186128490308,0.60954164289583,144,0.3898519256431111,0.23463881900846395,6,left,The Grayzone,False,575000.0
@thehill,streams,F1,-0.12530434607874363,0.0779778213822676,0.10807128446773986,490,0.20553452175746456,0.10070921560046342,34,neutral,The Hill,False,2150000.0
@thehill,streams,F2,-0.08109276154704446,0.07022761292158876,0.24820783446649353,490,0.20553452175746456,0.10070921560046342,34,neutral,The Hill,False,2150000.0
@thehill,streams,F3,-0.1471118868739532,0.07497226457393046,0.04973717152593509,490,0.20553452175746456,0.10070921560046342,34,neutral,The Hill,False,2150000.0
@thehill,streams,F4,0.022366620557256106,0.06191621587699865,0.7179199611476769,490,0.20553452175746456,0.10070921560046342,34,neutral,The Hill,False,2150000.0
@thehill,streams,F5,-0.10217979550433043,0.07261537749891683,0.1593867233033588,490,0.20553452175746456,0.10070921560046342,34,neutral,The Hill,False,2150000.0
@thehill,streams,F6,-0.06777577418615158,0.06614692198512431,0.3055402761169409,490,0.20553452175746456,0.10070921560046342,34,neutral,The Hill,False,2150000.0
@thehill,streams,F7,-0.09632811434817685,0.08359838336410359,0.24920913260868305,490,0.20553452175746456,0.10070921560046342,34,neutral,The Hill,False,2150000.0
@thehill,streams,F8,-0.11643935738586514,0.06466316103527332,0.07174919402619251,490,0.20553452175746456,0.10070921560046342,34,neutral,The Hill,False,2150000.0
@thehill,streams,F9,0.13480082986528957,0.061537809709437806,0.028485337071055855,490,0.20553452175746456,0.10070921560046342,34,neutral,The Hill,False,2150000.0
@thehill,streams,F10,-0.010871971207453715,0.06747624416821794,0.8719965685062283,490,0.20553452175746456,0.10070921560046342,34,neutral,The Hill,False,2150000.0
@thehill,streams,F11,-0.0700029500439221,0.09144211246239003,0.44394774456172026,490,0.20553452175746456,0.10070921560046342,34,neutral,The Hill,False,2150000.0
@thehill,streams,F12,-0.1084264271491,0.06047832676318715,0.07300257433439017,490,0.20553452175746456,0.10070921560046342,34,neutral,The Hill,False,2150000.0
@thehill,streams,curiosity_gap,-0.03933740637770422,0.044228300556927704,0.37377896357618456,490,0.20553452175746456,0.10070921560046342,34,neutral,The Hill,False,2150000.0
@thehill,streams,outrage,-0.04588856682576897,0.05083188656872687,0.3666577449438915,490,0.20553452175746456,0.10070921560046342,34,neutral,The Hill,False,2150000.0
@thehill,streams,n_tokens,0.18579696986816407,0.09580779415783416,0.05246873803678163,490,0.20553452175746456,0.10070921560046342,34,neutral,The Hill,False,2150000.0
@thehill,videos,F1,-0.006284741063742605,0.03015714070233105,0.8349168390702255,4045,0.16763132841503814,0.12636934651191656,167,neutral,The Hill,False,2150000.0
@thehill,videos,F2,-0.006122571253251316,0.02183784068587014,0.7791973092333667,4045,0.16763132841503814,0.12636934651191656,167,neutral,The Hill,False,2150000.0
@thehill,videos,F3,-0.09776042135650277,0.02189986076480112,8.04531204069304e-06,4045,0.16763132841503814,0.12636934651191656,167,neutral,The Hill,False,2150000.0
@thehill,videos,F4,0.024518024347191553,0.022017769471393424,0.2654696131149805,4045,0.16763132841503814,0.12636934651191656,167,neutral,The Hill,False,2150000.0
@thehill,videos,F5,-0.06661546885084356,0.020670677663923245,0.0012698684943829813,4045,0.16763132841503814,0.12636934651191656,167,neutral,The Hill,False,2150000.0
@thehill,videos,F6,0.014187397993574366,0.025873999093162937,0.5834677708877914,4045,0.16763132841503814,0.12636934651191656,167,neutral,The Hill,False,2150000.0
@thehill,videos,F7,-0.04165405653184946,0.026789566980759492,0.11997914518567965,4045,0.16763132841503814,0.12636934651191656,167,neutral,The Hill,False,2150000.0
@thehill,videos,F8,-0.017337755248961976,0.022428669952378542,0.43951200082926933,4045,0.16763132841503814,0.12636934651191656,167,neutral,The Hill,False,2150000.0
@thehill,videos,F9,-0.023908935351777988,0.022347430098727424,0.2846760090587255,4045,0.16763132841503814,0.12636934651191656,167,neutral,The Hill,False,2150000.0
@thehill,videos,F10,-0.03588337308631369,0.02316972637993386,0.12144951675343249,4045,0.16763132841503814,0.12636934651191656,167,neutral,The Hill,False,2150000.0
@thehill,videos,F11,-0.06754348375703206,0.033729939433629466,0.04523327650672509,4045,0.16763132841503814,0.12636934651191656,167,neutral,The Hill,False,2150000.0
@thehill,videos,F12,-0.04259055716000109,0.02485707641041854,0.08663570404040172,4045,0.16763132841503814,0.12636934651191656,167,neutral,The Hill,False,2150000.0
@thehill,videos,curiosity_gap,0.0038504833769435476,0.019579333502006777,0.844093148437359,4045,0.16763132841503814,0.12636934651191656,167,neutral,The Hill,False,2150000.0
@thehill,videos,outrage,0.08996211831962266,0.022277565356832882,5.385412290976774e-05,4045,0.16763132841503814,0.12636934651191656,167,neutral,The Hill,False,2150000.0
@thehill,videos,humor,0.020458502614000867,0.019968787828277393,0.3055878353672763,4045,0.16763132841503814,0.12636934651191656,167,neutral,The Hill,False,2150000.0
@thehill,videos,n_tokens,-0.027799374489590776,0.026604599333259583,0.2960652173285896,4045,0.16763132841503814,0.12636934651191656,167,neutral,The Hill,False,2150000.0
@theisabelbrown,videos,F1,0.0645058657348625,0.07230851211231291,0.3723434702287223,134,0.6835988687796478,0.5992252337875539,5,right,Isabel Brown,False,181000.0
@theisabelbrown,videos,F2,-0.06478453715961785,0.05715038000335307,0.25697069729948074,134,0.6835988687796478,0.5992252337875539,5,right,Isabel Brown,False,181000.0
@theisabelbrown,videos,F3,-0.05492117985090089,0.06375818247060418,0.38901879959890395,134,0.6835988687796478,0.5992252337875539,5,right,Isabel Brown,False,181000.0
@theisabelbrown,videos,F4,0.018643156400671435,0.05392549249308774,0.7295526625180486,134,0.6835988687796478,0.5992252337875539,5,right,Isabel Brown,False,181000.0
@theisabelbrown,videos,F5,-0.06340681351698337,0.0920579005011282,0.4909673788621244,134,0.6835988687796478,0.5992252337875539,5,right,Isabel Brown,False,181000.0
@theisabelbrown,videos,F6,0.054156073635229895,0.054918071477631614,0.32407186289009726,134,0.6835988687796478,0.5992252337875539,5,right,Isabel Brown,False,181000.0
@theisabelbrown,videos,F7,-0.03681623248661825,0.06758623767389516,0.5859394195535227,134,0.6835988687796478,0.5992252337875539,5,right,Isabel Brown,False,181000.0
@theisabelbrown,videos,F8,-0.06089718404842537,0.058838260177871554,0.30067220701293307,134,0.6835988687796478,0.5992252337875539,5,right,Isabel Brown,False,181000.0
@theisabelbrown,videos,F9,0.03530806515717666,0.06887017345275857,0.6081781826479485,134,0.6835988687796478,0.5992252337875539,5,right,Isabel Brown,False,181000.0
@theisabelbrown,videos,F10,0.014704327517812976,0.0553356635262948,0.7904474125416786,134,0.6835988687796478,0.5992252337875539,5,right,Isabel Brown,False,181000.0
@theisabelbrown,videos,F11,0.05648027784726595,0.08383627119318136,0.5005037158119126,134,0.6835988687796478,0.5992252337875539,5,right,Isabel Brown,False,181000.0
@theisabelbrown,videos,F12,0.11445052724839366,0.07297344218916148,0.11679106951437107,134,0.6835988687796478,0.5992252337875539,5,right,Isabel Brown,False,181000.0
@theisabelbrown,videos,curiosity_gap,-0.006256219975500993,0.06203200680824549,0.919665796950176,134,0.6835988687796478,0.5992252337875539,5,right,Isabel Brown,False,181000.0
@theisabelbrown,videos,outrage,-0.023823616183671015,0.06506087326424638,0.7142350586794142,134,0.6835988687796478,0.5992252337875539,5,right,Isabel Brown,False,181000.0
@theisabelbrown,videos,n_tokens,-0.0389566284218581,0.08176651626356568,0.6337627777793519,134,0.6835988687796478,0.5992252337875539,5,right,Isabel Brown,False,181000.0
@thejimmydoreshow,streams,F1,-0.08267765237963087,0.09347839782944822,0.3764493970767455,108,0.47586923564508565,0.3076297310373354,4,neutral,Jimmy Dore,False,1870000.0
@thejimmydoreshow,streams,F2,0.04880515680547448,0.05810357070464271,0.4009261673413921,108,0.47586923564508565,0.3076297310373354,4,neutral,Jimmy Dore,False,1870000.0
@thejimmydoreshow,streams,F3,0.053476008325577196,0.05966630795985305,0.37011854251777676,108,0.47586923564508565,0.3076297310373354,4,neutral,Jimmy Dore,False,1870000.0
@thejimmydoreshow,streams,F4,-0.023107159375231,0.08845177011042851,0.7939072680375134,108,0.47586923564508565,0.3076297310373354,4,neutral,Jimmy Dore,False,1870000.0
@thejimmydoreshow,streams,F5,-0.03732077844935178,0.057091967593484984,0.5133078207605639,108,0.47586923564508565,0.3076297310373354,4,neutral,Jimmy Dore,False,1870000.0
@thejimmydoreshow,streams,F6,0.026330602142327297,0.05890939661357194,0.6548983247187425,108,0.47586923564508565,0.3076297310373354,4,neutral,Jimmy Dore,False,1870000.0
@thejimmydoreshow,streams,F7,-0.07782237473633508,0.0610672470533704,0.20253169780745328,108,0.47586923564508565,0.3076297310373354,4,neutral,Jimmy Dore,False,1870000.0
@thejimmydoreshow,streams,F8,0.014706074986377882,0.06370833444460776,0.8174434575745207,108,0.47586923564508565,0.3076297310373354,4,neutral,Jimmy Dore,False,1870000.0
@thejimmydoreshow,streams,F9,0.025498193327183283,0.05137550810451756,0.6196755074257456,108,0.47586923564508565,0.3076297310373354,4,neutral,Jimmy Dore,False,1870000.0
@thejimmydoreshow,streams,F10,0.08441331382754291,0.06946952365995479,0.22432303705878875,108,0.47586923564508565,0.3076297310373354,4,neutral,Jimmy Dore,False,1870000.0
@thejimmydoreshow,streams,F11,0.03327797910340469,0.08818588840179901,0.705904805764674,108,0.47586923564508565,0.3076297310373354,4,neutral,Jimmy Dore,False,1870000.0
@thejimmydoreshow,streams,F12,-0.07979212665662845,0.060958788074790236,0.19055061567749887,108,0.47586923564508565,0.3076297310373354,4,neutral,Jimmy Dore,False,1870000.0
@thejimmydoreshow,streams,outrage,-0.07566856910593145,0.08725034854721948,0.3858006238259045,108,0.47586923564508565,0.3076297310373354,4,neutral,Jimmy Dore,False,1870000.0
@thejimmydoreshow,streams,n_tokens,-0.057009036540377034,0.08795174911560087,0.5168650668803534,108,0.47586923564508565,0.3076297310373354,4,neutral,Jimmy Dore,False,1870000.0
@thejimmydoreshow,videos,F1,-0.06891245131288193,0.03230213275326872,0.03289425823776444,1077,0.3781650877948748,0.32414710552251047,62,neutral,Jimmy Dore,False,1870000.0
@thejimmydoreshow,videos,F2,0.07966436641990382,0.027385066500319757,0.0036253570430304864,1077,0.3781650877948748,0.32414710552251047,62,neutral,Jimmy Dore,False,1870000.0
@thejimmydoreshow,videos,F3,0.014531997496636834,0.027597592657051195,0.5984939126051666,1077,0.3781650877948748,0.32414710552251047,62,neutral,Jimmy Dore,False,1870000.0
@thejimmydoreshow,videos,F4,0.03596353486590534,0.027887808667629636,0.19719684034143248,1077,0.3781650877948748,0.32414710552251047,62,neutral,Jimmy Dore,False,1870000.0
@thejimmydoreshow,videos,F5,-0.021770762337738364,0.028485562841969195,0.4447042420627152,1077,0.3781650877948748,0.32414710552251047,62,neutral,Jimmy Dore,False,1870000.0
@thejimmydoreshow,videos,F6,-0.04553842490180887,0.030458282885660718,0.13488623700255403,1077,0.3781650877948748,0.32414710552251047,62,neutral,Jimmy Dore,False,1870000.0
@thejimmydoreshow,videos,F7,0.016677643910399463,0.02993255778263702,0.5774085300754337,1077,0.3781650877948748,0.32414710552251047,62,neutral,Jimmy Dore,False,1870000.0
@thejimmydoreshow,videos,F8,0.01885018835227098,0.028664832096906772,0.5107908274046058,1077,0.3781650877948748,0.32414710552251047,62,neutral,Jimmy Dore,False,1870000.0
@thejimmydoreshow,videos,F9,0.04850227640893515,0.02956466223175285,0.10089107361572554,1077,0.3781650877948748,0.32414710552251047,62,neutral,Jimmy Dore,False,1870000.0
@thejimmydoreshow,videos,F10,-0.017760952597487972,0.026252555854710598,0.49869668721415417,1077,0.3781650877948748,0.32414710552251047,62,neutral,Jimmy Dore,False,1870000.0
@thejimmydoreshow,videos,F11,0.023678015662143143,0.03600637578249917,0.5107912147734512,1077,0.3781650877948748,0.32414710552251047,62,neutral,Jimmy Dore,False,1870000.0
@thejimmydoreshow,videos,F12,-0.04803157958392648,0.030470744004547794,0.11495255553367864,1077,0.3781650877948748,0.32414710552251047,62,neutral,Jimmy Dore,False,1870000.0
@thejimmydoreshow,videos,curiosity_gap,0.03146237306354707,0.02409913993684219,0.19170929131557546,1077,0.3781650877948748,0.32414710552251047,62,neutral,Jimmy Dore,False,1870000.0
@thejimmydoreshow,videos,outrage,0.02989626200341705,0.02814821732500869,0.2881896388931543,1077,0.3781650877948748,0.32414710552251047,62,neutral,Jimmy Dore,False,1870000.0
@thejimmydoreshow,videos,humor,-0.05584533540194883,0.023818588200813083,0.019046915409151127,1077,0.3781650877948748,0.32414710552251047,62,neutral,Jimmy Dore,False,1870000.0
@thejimmydoreshow,videos,n_tokens,-0.02718540897347338,0.03377250267651437,0.420844553107275,1077,0.3781650877948748,0.32414710552251047,62,neutral,Jimmy Dore,False,1870000.0
@therationalnational,videos,F1,-0.02512029243509617,0.10412346511744316,0.8093575909211053,135,0.31303665094245203,0.1315746342102696,4,left,Rational National,False,779000.0
@therationalnational,videos,F2,0.1516500316049746,0.10117741994160256,0.13391189418130056,135,0.31303665094245203,0.1315746342102696,4,left,Rational National,False,779000.0
@therationalnational,videos,F3,0.014742076613442512,0.08120161904652942,0.8559366381910155,135,0.31303665094245203,0.1315746342102696,4,left,Rational National,False,779000.0
@therationalnational,videos,F4,0.1600516872191445,0.15535228747154747,0.3028926847949679,135,0.31303665094245203,0.1315746342102696,4,left,Rational National,False,779000.0
@therationalnational,videos,F5,-0.1493193529603483,0.09615886675961705,0.12046131842818218,135,0.31303665094245203,0.1315746342102696,4,left,Rational National,False,779000.0
@therationalnational,videos,F6,0.10781099713336084,0.10079200451009349,0.28478210936908044,135,0.31303665094245203,0.1315746342102696,4,left,Rational National,False,779000.0
@therationalnational,videos,F7,-0.03567973131881219,0.08654690093458926,0.6801496601943681,135,0.31303665094245203,0.1315746342102696,4,left,Rational National,False,779000.0
@therationalnational,videos,F8,0.06274717823407289,0.0834127517235723,0.45190119331774214,135,0.31303665094245203,0.1315746342102696,4,left,Rational National,False,779000.0
@therationalnational,videos,F9,-0.029590460882192637,0.08249376105615336,0.7198199928196173,135,0.31303665094245203,0.1315746342102696,4,left,Rational National,False,779000.0
@therationalnational,videos,F10,0.10623536445751502,0.11068453940350798,0.33715431994932477,135,0.31303665094245203,0.1315746342102696,4,left,Rational National,False,779000.0
@therationalnational,videos,F11,0.0805830508723554,0.13572083630681428,0.5526852288647334,135,0.31303665094245203,0.1315746342102696,4,left,Rational National,False,779000.0
@therationalnational,videos,F12,0.046183442572656774,0.12157816995490969,0.7040447070155553,135,0.31303665094245203,0.1315746342102696,4,left,Rational National,False,779000.0
@therationalnational,videos,curiosity_gap,0.05322007762809344,0.1306956754327172,0.6838566141731175,135,0.31303665094245203,0.1315746342102696,4,left,Rational National,False,779000.0
@therationalnational,videos,outrage,0.2129359208056344,0.093825206059799,0.023238186053510163,135,0.31303665094245203,0.1315746342102696,4,left,Rational National,False,779000.0
@therationalnational,videos,humor,0.05225242732402091,0.05616471424639282,0.3521937181802871,135,0.31303665094245203,0.1315746342102696,4,left,Rational National,False,779000.0
@therationalnational,videos,n_tokens,-0.13676750920070885,0.14908002435854922,0.3589278203065476,135,0.31303665094245203,0.1315746342102696,4,left,Rational National,False,779000.0
@thewarningwithsteveschmidt,streams,F1,-0.12023022378601766,0.1717966290695292,0.48402697354595403,106,0.511040983385248,0.3501177627272283,4,left,Steve Schmidt,False,528000.0
@thewarningwithsteveschmidt,streams,F2,0.05849889345297521,0.1694003612325156,0.7298468870180916,106,0.511040983385248,0.3501177627272283,4,left,Steve Schmidt,False,528000.0
@thewarningwithsteveschmidt,streams,F3,0.07787989948837065,0.1499106927106628,0.6034060922030735,106,0.511040983385248,0.3501177627272283,4,left,Steve Schmidt,False,528000.0
@thewarningwithsteveschmidt,streams,F4,0.18761008237438123,0.14422302325957928,0.19331558957281358,106,0.511040983385248,0.3501177627272283,4,left,Steve Schmidt,False,528000.0
@thewarningwithsteveschmidt,streams,F5,0.04753366990235164,0.09735035607108697,0.625355614069772,106,0.511040983385248,0.3501177627272283,4,left,Steve Schmidt,False,528000.0
@thewarningwithsteveschmidt,streams,F6,0.12351747825900566,0.12155340880098063,0.3095541160118217,106,0.511040983385248,0.3501177627272283,4,left,Steve Schmidt,False,528000.0
@thewarningwithsteveschmidt,streams,F7,-0.1346947490597622,0.11309590934216868,0.23366218986924114,106,0.511040983385248,0.3501177627272283,4,left,Steve Schmidt,False,528000.0
@thewarningwithsteveschmidt,streams,F8,0.11186441012782067,0.07016362198003218,0.11086072931102121,106,0.511040983385248,0.3501177627272283,4,left,Steve Schmidt,False,528000.0
@thewarningwithsteveschmidt,streams,F9,0.010546254882202455,0.22740904505391651,0.9630107999438351,106,0.511040983385248,0.3501177627272283,4,left,Steve Schmidt,False,528000.0
@thewarningwithsteveschmidt,streams,F10,0.09926551186183935,0.08309447283930933,0.23223932905063738,106,0.511040983385248,0.3501177627272283,4,left,Steve Schmidt,False,528000.0
@thewarningwithsteveschmidt,streams,F11,0.2484030551576305,0.1751202275554222,0.15605314820029156,106,0.511040983385248,0.3501177627272283,4,left,Steve Schmidt,False,528000.0
@thewarningwithsteveschmidt,streams,F12,0.11255382232891287,0.15640359438565615,0.47174848982758466,106,0.511040983385248,0.3501177627272283,4,left,Steve Schmidt,False,528000.0
@thewarningwithsteveschmidt,streams,outrage,0.1575424956060068,0.10115068404984713,0.11935110477448038,106,0.511040983385248,0.3501177627272283,4,left,Steve Schmidt,False,528000.0
@thewarningwithsteveschmidt,streams,n_tokens,-0.24902000735635355,0.1416291450099703,0.07870430485390692,106,0.511040983385248,0.3501177627272283,4,left,Steve Schmidt,False,528000.0
@thewarningwithsteveschmidt,videos,F1,0.03598164511623253,0.06383409189159521,0.5729757250035818,167,0.4318507491143989,0.30138684705918684,8,left,Steve Schmidt,False,528000.0
@thewarningwithsteveschmidt,videos,F2,0.005990374830188994,0.08941208607916394,0.9465837950046042,167,0.4318507491143989,0.30138684705918684,8,left,Steve Schmidt,False,528000.0
@thewarningwithsteveschmidt,videos,F3,-0.02549395801230614,0.07516489255457558,0.7344788475727602,167,0.4318507491143989,0.30138684705918684,8,left,Steve Schmidt,False,528000.0
@thewarningwithsteveschmidt,videos,F4,0.03498744797172659,0.05650211089001816,0.53576897983532,167,0.4318507491143989,0.30138684705918684,8,left,Steve Schmidt,False,528000.0
@thewarningwithsteveschmidt,videos,F5,0.05265411257566499,0.05906531085827453,0.3726847061550871,167,0.4318507491143989,0.30138684705918684,8,left,Steve Schmidt,False,528000.0
@thewarningwithsteveschmidt,videos,F6,0.02573825032219934,0.06958540465823028,0.7114718949082321,167,0.4318507491143989,0.30138684705918684,8,left,Steve Schmidt,False,528000.0
@thewarningwithsteveschmidt,videos,F7,-0.16286510791259595,0.06644772679137902,0.014244965210072449,167,0.4318507491143989,0.30138684705918684,8,left,Steve Schmidt,False,528000.0
@thewarningwithsteveschmidt,videos,F8,0.007196101071723367,0.06495561539089306,0.9117869231559304,167,0.4318507491143989,0.30138684705918684,8,left,Steve Schmidt,False,528000.0
@thewarningwithsteveschmidt,videos,F9,0.05161998278523161,0.05035380169143572,0.30529444958259777,167,0.4318507491143989,0.30138684705918684,8,left,Steve Schmidt,False,528000.0
@thewarningwithsteveschmidt,videos,F10,-0.1327106484683288,0.04395227909120266,0.002532542624426107,167,0.4318507491143989,0.30138684705918684,8,left,Steve Schmidt,False,528000.0
@thewarningwithsteveschmidt,videos,F11,0.026333978893462895,0.07862598705172053,0.7376800301266584,167,0.4318507491143989,0.30138684705918684,8,left,Steve Schmidt,False,528000.0
@thewarningwithsteveschmidt,videos,F12,-0.0797711675108741,0.09346233557782457,0.3933757766549898,167,0.4318507491143989,0.30138684705918684,8,left,Steve Schmidt,False,528000.0
@thewarningwithsteveschmidt,videos,curiosity_gap,-0.17454857620585779,5.262109381057408,0.9735383534688916,167,0.4318507491143989,0.30138684705918684,8,left,Steve Schmidt,False,528000.0
@thewarningwithsteveschmidt,videos,outrage,-0.03870749445711519,0.06711925696588333,0.5641439548070679,167,0.4318507491143989,0.30138684705918684,8,left,Steve Schmidt,False,528000.0
@thewarningwithsteveschmidt,videos,n_tokens,-0.31678854513358123,0.09218897511075166,0.000589727731251579,167,0.4318507491143989,0.30138684705918684,8,left,Steve Schmidt,False,528000.0
@thomhartmann,videos,F1,-0.030378671322446916,0.04716972695990705,0.5195566393843243,760,0.22315986449677716,0.1467124994979072,44,left,Thom Hartmann,False,547000.0
@thomhartmann,videos,F2,-0.06020745430872125,0.04319205638089426,0.16333349182468726,760,0.22315986449677716,0.1467124994979072,44,left,Thom Hartmann,False,547000.0
@thomhartmann,videos,F3,-0.10324014394170689,0.04389053903091546,0.01866180216389885,760,0.22315986449677716,0.1467124994979072,44,left,Thom Hartmann,False,547000.0
@thomhartmann,videos,F4,0.16469785033556536,0.05340393693323679,0.002042361964394767,760,0.22315986449677716,0.1467124994979072,44,left,Thom Hartmann,False,547000.0
@thomhartmann,videos,F5,-0.04737799604818038,0.043762237207542194,0.27897588022096864,760,0.22315986449677716,0.1467124994979072,44,left,Thom Hartmann,False,547000.0
@thomhartmann,videos,F6,0.05955128152180189,0.04813222638652191,0.21599671746733207,760,0.22315986449677716,0.1467124994979072,44,left,Thom Hartmann,False,547000.0
@thomhartmann,videos,F7,-0.010463143558727038,0.0469856768236812,0.8237783885564447,760,0.22315986449677716,0.1467124994979072,44,left,Thom Hartmann,False,547000.0
@thomhartmann,videos,F8,-0.02702719229146336,0.041243739931184596,0.5122719751050827,760,0.22315986449677716,0.1467124994979072,44,left,Thom Hartmann,False,547000.0
@thomhartmann,videos,F9,0.05094571431883902,0.047095957548390265,0.279366816887222,760,0.22315986449677716,0.1467124994979072,44,left,Thom Hartmann,False,547000.0
@thomhartmann,videos,F10,-0.02670976595624458,0.03778716111925288,0.47966116060849806,760,0.22315986449677716,0.1467124994979072,44,left,Thom Hartmann,False,547000.0
@thomhartmann,videos,F11,0.039947994335971834,0.05184151279979109,0.4409563610508508,760,0.22315986449677716,0.1467124994979072,44,left,Thom Hartmann,False,547000.0
@thomhartmann,videos,F12,0.006690141419986043,0.04990973349444405,0.8933671301706512,760,0.22315986449677716,0.1467124994979072,44,left,Thom Hartmann,False,547000.0
@thomhartmann,videos,curiosity_gap,0.03860727954164289,0.041386357091442685,0.35089721746560076,760,0.22315986449677716,0.1467124994979072,44,left,Thom Hartmann,False,547000.0
@thomhartmann,videos,outrage,0.06538615124365821,0.04481489539900729,0.14455762212797515,760,0.22315986449677716,0.1467124994979072,44,left,Thom Hartmann,False,547000.0
@thomhartmann,videos,humor,-0.04866495584650808,0.41114445239057057,0.905778759796419,760,0.22315986449677716,0.1467124994979072,44,left,Thom Hartmann,False,547000.0
@thomhartmann,videos,n_tokens,0.058612181775642674,0.05412619037753216,0.27886158576108266,760,0.22315986449677716,0.1467124994979072,44,left,Thom Hartmann,False,547000.0
@timesofindia,streams,F1,-0.0737898195349024,0.022266254156721843,0.0009197958425694337,2094,0.3898693201720487,0.35308839266468983,95,left,Times Group,False,6000000.0
@timesofindia,streams,F2,-0.05554901060267271,0.01747142916497102,0.001475701184842632,2094,0.3898693201720487,0.35308839266468983,95,left,Times Group,False,6000000.0
@timesofindia,streams,F3,0.0018397275797726736,0.01848250831888603,0.9207104450737069,2094,0.3898693201720487,0.35308839266468983,95,left,Times Group,False,6000000.0
@timesofindia,streams,F4,0.0002127470269110976,0.017995727182800052,0.9905675601517671,2094,0.3898693201720487,0.35308839266468983,95,left,Times Group,False,6000000.0
@timesofindia,streams,F5,0.002503577381297112,0.017269089564409482,0.8847310162607201,2094,0.3898693201720487,0.35308839266468983,95,left,Times Group,False,6000000.0
@timesofindia,streams,F6,0.0219734573981393,0.019663950413283563,0.26380248817174734,2094,0.3898693201720487,0.35308839266468983,95,left,Times Group,False,6000000.0
@timesofindia,streams,F7,0.004908266954560536,0.01799856001446156,0.7850812873949198,2094,0.3898693201720487,0.35308839266468983,95,left,Times Group,False,6000000.0
@timesofindia,streams,F8,0.0068257495160858606,0.017878088924141087,0.7026140686003606,2094,0.3898693201720487,0.35308839266468983,95,left,Times Group,False,6000000.0
@timesofindia,streams,F9,0.024801020948790962,0.019422258152241714,0.20162411030968086,2094,0.3898693201720487,0.35308839266468983,95,left,Times Group,False,6000000.0
@timesofindia,streams,F10,0.057505924466333014,0.020914882126776068,0.005968229174459705,2094,0.3898693201720487,0.35308839266468983,95,left,Times Group,False,6000000.0
@timesofindia,streams,F11,0.0743016187672971,0.023926848612969533,0.0019004379944916573,2094,0.3898693201720487,0.35308839266468983,95,left,Times Group,False,6000000.0
@timesofindia,streams,F12,0.02845685735536587,0.019159789100705617,0.13748064383643424,2094,0.3898693201720487,0.35308839266468983,95,left,Times Group,False,6000000.0
@timesofindia,streams,curiosity_gap,0.03623421332744367,0.019876508937879542,0.0683084389603431,2094,0.3898693201720487,0.35308839266468983,95,left,Times Group,False,6000000.0
@timesofindia,streams,outrage,0.05535778507873029,0.019433780804168327,0.004392116215882074,2094,0.3898693201720487,0.35308839266468983,95,left,Times Group,False,6000000.0
@timesofindia,streams,humor,-0.0012589903687933446,0.03886399194384133,0.9741572273165039,2094,0.3898693201720487,0.35308839266468983,95,left,Times Group,False,6000000.0
@timesofindia,streams,n_tokens,0.048811699444834405,0.01889977340585519,0.009804172941835353,2094,0.3898693201720487,0.35308839266468983,95,left,Times Group,False,6000000.0
@timesofindia,videos,F1,-0.030244452936901367,0.016323636211792676,0.06391085664543694,9372,0.4066775100099088,0.3961089330186657,140,left,Times Group,False,6000000.0
@timesofindia,videos,F2,-0.031863598426999415,0.013172522104729127,0.015565619700237388,9372,0.4066775100099088,0.3961089330186657,140,left,Times Group,False,6000000.0
@timesofindia,videos,F3,0.023165489386414204,0.012767232953910461,0.0696086720655209,9372,0.4066775100099088,0.3961089330186657,140,left,Times Group,False,6000000.0
@timesofindia,videos,F4,-0.01126470835530974,0.013431666314626998,0.40165565561699423,9372,0.4066775100099088,0.3961089330186657,140,left,Times Group,False,6000000.0
@timesofindia,videos,F5,-0.04379203730463141,0.01450196750955377,0.0025299948418147635,9372,0.4066775100099088,0.3961089330186657,140,left,Times Group,False,6000000.0
@timesofindia,videos,F6,0.01054033053292916,0.014544781878994458,0.4686476081033989,9372,0.4066775100099088,0.3961089330186657,140,left,Times Group,False,6000000.0
@timesofindia,videos,F7,0.08795765076218648,0.014732813732150315,2.369820303952467e-09,9372,0.4066775100099088,0.3961089330186657,140,left,Times Group,False,6000000.0
@timesofindia,videos,F8,0.012972100130768504,0.013843196274944571,0.3487204638269451,9372,0.4066775100099088,0.3961089330186657,140,left,Times Group,False,6000000.0
@timesofindia,videos,F9,0.015378813394719727,0.014986801835877792,0.3048175301487903,9372,0.4066775100099088,0.3961089330186657,140,left,Times Group,False,6000000.0
@timesofindia,videos,F10,0.010884880917328133,0.015611330510476636,0.4856511338178998,9372,0.4066775100099088,0.3961089330186657,140,left,Times Group,False,6000000.0
@timesofindia,videos,F11,0.0305414342620841,0.018552965713173736,0.09972766897744491,9372,0.4066775100099088,0.3961089330186657,140,left,Times Group,False,6000000.0
@timesofindia,videos,F12,0.07632705130809897,0.015233846069852704,5.432834035147215e-07,9372,0.4066775100099088,0.3961089330186657,140,left,Times Group,False,6000000.0
@timesofindia,videos,curiosity_gap,0.01523932445104819,0.012880928745870063,0.23677266654050544,9372,0.4066775100099088,0.3961089330186657,140,left,Times Group,False,6000000.0
@timesofindia,videos,outrage,0.07724000439047014,0.015426346433483765,5.527957083237933e-07,9372,0.4066775100099088,0.3961089330186657,140,left,Times Group,False,6000000.0
@timesofindia,videos,humor,-0.006019682348810678,0.012224591270170908,0.6224196238525372,9372,0.4066775100099088,0.3961089330186657,140,left,Times Group,False,6000000.0
@timesofindia,videos,n_tokens,0.06884738351401498,0.01433024141841647,1.5526109716453172e-06,9372,0.4066775100099088,0.3961089330186657,140,left,Times Group,False,6000000.0
@turningpointusa,videos,F1,0.11125613319478922,0.15728288707840624,0.4793407725468788,152,0.35780012585185883,0.1782018559629719,10,right,Turning Point USA,False,7680000.0
@turningpointusa,videos,F2,0.20410737970566728,0.09977746329597402,0.04079317490538748,152,0.35780012585185883,0.1782018559629719,10,right,Turning Point USA,False,7680000.0
@turningpointusa,videos,F3,-0.040530203744364446,0.13057455875524765,0.7562576052677505,152,0.35780012585185883,0.1782018559629719,10,right,Turning Point USA,False,7680000.0
@turningpointusa,videos,F4,-0.05560299608457986,0.19237560226489098,0.7725557320481191,152,0.35780012585185883,0.1782018559629719,10,right,Turning Point USA,False,7680000.0
@turningpointusa,videos,F5,0.0623514454923286,0.12001998029698221,0.6034059223655672,152,0.35780012585185883,0.1782018559629719,10,right,Turning Point USA,False,7680000.0
@turningpointusa,videos,F6,0.1300516491279513,0.11646772192814027,0.26415146898877095,152,0.35780012585185883,0.1782018559629719,10,right,Turning Point USA,False,7680000.0
@turningpointusa,videos,F7,-0.009566370938782764,0.1478586575901095,0.9484133162790388,152,0.35780012585185883,0.1782018559629719,10,right,Turning Point USA,False,7680000.0
@turningpointusa,videos,F8,0.1052011525977064,0.15985497834173426,0.5104714989599716,152,0.35780012585185883,0.1782018559629719,10,right,Turning Point USA,False,7680000.0
@turningpointusa,videos,F9,0.06284956052748658,0.12790281810033588,0.623153981976341,152,0.35780012585185883,0.1782018559629719,10,right,Turning Point USA,False,7680000.0
@turningpointusa,videos,F10,0.05100837861814156,0.11982562696907402,0.6703349206750918,152,0.35780012585185883,0.1782018559629719,10,right,Turning Point USA,False,7680000.0
@turningpointusa,videos,F11,-0.01704710801293996,0.19230217626509621,0.9293620536308126,152,0.35780012585185883,0.1782018559629719,10,right,Turning Point USA,False,7680000.0
@turningpointusa,videos,F12,0.0501672302808549,0.18770949515064755,0.7892690207981962,152,0.35780012585185883,0.1782018559629719,10,right,Turning Point USA,False,7680000.0
@turningpointusa,videos,curiosity_gap,0.001333747496104376,0.2205746174676222,0.9951754645998061,152,0.35780012585185883,0.1782018559629719,10,right,Turning Point USA,False,7680000.0
@turningpointusa,videos,outrage,0.06970960106617097,0.098078163086552,0.4772357151234674,152,0.35780012585185883,0.1782018559629719,10,right,Turning Point USA,False,7680000.0
@turningpointusa,videos,n_tokens,-0.44611309689050294,0.15394517570723804,0.0037570635829000314,152,0.35780012585185883,0.1782018559629719,10,right,Turning Point USA,False,7680000.0
@underthedesknews,streams,F1,0.07941778285516493,0.08276870601867545,0.33729956205142775,115,0.43480630494602535,0.26781725868007833,4,left,Under the Desk News,False,249000.0
@underthedesknews,streams,F2,0.035410195643350184,0.03760911592245151,0.3464321689674017,115,0.43480630494602535,0.26781725868007833,4,left,Under the Desk News,False,249000.0
@underthedesknews,streams,F3,0.003144281482983513,0.07579094175300835,0.9669082593171591,115,0.43480630494602535,0.26781725868007833,4,left,Under the Desk News,False,249000.0
@underthedesknews,streams,F4,-0.024278446968233253,0.033171118144560766,0.46422030235101863,115,0.43480630494602535,0.26781725868007833,4,left,Under the Desk News,False,249000.0
@underthedesknews,streams,F5,0.05843315489441103,0.05012191065613239,0.2436869951197571,115,0.43480630494602535,0.26781725868007833,4,left,Under the Desk News,False,249000.0
@underthedesknews,streams,F6,-0.039644311524235976,0.038552148445691416,0.30379485905089154,115,0.43480630494602535,0.26781725868007833,4,left,Under the Desk News,False,249000.0
@underthedesknews,streams,F7,-0.013470044487084498,0.05020605877986355,0.7884721021226029,115,0.43480630494602535,0.26781725868007833,4,left,Under the Desk News,False,249000.0
@underthedesknews,streams,F8,-0.02403214269851206,0.02601754992429484,0.3556479000325735,115,0.43480630494602535,0.26781725868007833,4,left,Under the Desk News,False,249000.0
@underthedesknews,streams,F9,0.009105576100202462,0.07142993844901528,0.8985639636257987,115,0.43480630494602535,0.26781725868007833,4,left,Under the Desk News,False,249000.0
@underthedesknews,streams,F10,0.040613769659449905,0.06700153206381104,0.5444073126557992,115,0.43480630494602535,0.26781725868007833,4,left,Under the Desk News,False,249000.0
@underthedesknews,streams,F11,-0.13879555266332477,0.09227327689912257,0.13253520724973353,115,0.43480630494602535,0.26781725868007833,4,left,Under the Desk News,False,249000.0
@underthedesknews,streams,F12,-0.059242718163156516,0.040436238445145024,0.14289643491025578,115,0.43480630494602535,0.26781725868007833,4,left,Under the Desk News,False,249000.0
@underthedesknews,streams,curiosity_gap,-0.04314734049763427,0.038934263947722064,0.2677711347720293,115,0.43480630494602535,0.26781725868007833,4,left,Under the Desk News,False,249000.0
@underthedesknews,streams,outrage,0.015822488703122695,0.03675653077152997,0.6668556666167519,115,0.43480630494602535,0.26781725868007833,4,left,Under the Desk News,False,249000.0
@underthedesknews,streams,n_tokens,0.11258123973258083,0.09986994003779819,0.2596247346964191,115,0.43480630494602535,0.26781725868007833,4,left,Under the Desk News,False,249000.0
@usefulidiots,videos,F1,-0.09656495325249437,0.13310185186623438,0.4681473734275563,154,0.2685519209663879,0.075111106676507,8,left,Useful Idiots,False,192000.0
@usefulidiots,videos,F2,0.15745045005204816,0.09683640371587424,0.10396183146373579,154,0.2685519209663879,0.075111106676507,8,left,Useful Idiots,False,192000.0
@usefulidiots,videos,F3,-0.11361251400051131,0.10964573627771171,0.30011904763476815,154,0.2685519209663879,0.075111106676507,8,left,Useful Idiots,False,192000.0
@usefulidiots,videos,F4,0.05587474772279377,0.10863076907575449,0.6070040176434712,154,0.2685519209663879,0.075111106676507,8,left,Useful Idiots,False,192000.0
@usefulidiots,videos,F5,-0.011355406657048372,0.13155263576736628,0.9312133505221758,154,0.2685519209663879,0.075111106676507,8,left,Useful Idiots,False,192000.0
@usefulidiots,videos,F6,0.2016319436867171,0.09946908697895605,0.04265408091596543,154,0.2685519209663879,0.075111106676507,8,left,Useful Idiots,False,192000.0
@usefulidiots,videos,F7,-0.07027510425863198,0.10138715944092731,0.4882241200121066,154,0.2685519209663879,0.075111106676507,8,left,Useful Idiots,False,192000.0
@usefulidiots,videos,F8,-0.054500216785719174,0.13094919971280786,0.6772683540557545,154,0.2685519209663879,0.075111106676507,8,left,Useful Idiots,False,192000.0
@usefulidiots,videos,F9,-0.0008310802901003722,0.10469053533932865,0.9936661020457376,154,0.2685519209663879,0.075111106676507,8,left,Useful Idiots,False,192000.0
@usefulidiots,videos,F10,0.04171046380700927,0.14774888725597252,0.7777085404944681,154,0.2685519209663879,0.075111106676507,8,left,Useful Idiots,False,192000.0
@usefulidiots,videos,F11,-0.10383146609550453,0.10569478319877786,0.3259172185727579,154,0.2685519209663879,0.075111106676507,8,left,Useful Idiots,False,192000.0
@usefulidiots,videos,F12,-0.10479013492871692,0.104476352989427,0.3158592315902644,154,0.2685519209663879,0.075111106676507,8,left,Useful Idiots,False,192000.0
@usefulidiots,videos,curiosity_gap,0.15119434227129364,0.18242088725104075,0.40720545491408966,154,0.2685519209663879,0.075111106676507,8,left,Useful Idiots,False,192000.0
@usefulidiots,videos,outrage,0.034840140834623806,0.11795747391712984,0.7677174530481101,154,0.2685519209663879,0.075111106676507,8,left,Useful Idiots,False,192000.0
@usefulidiots,videos,humor,0.13975443415036076,0.9681915541037908,0.8852273732505666,154,0.2685519209663879,0.075111106676507,8,left,Useful Idiots,False,192000.0
@usefulidiots,videos,n_tokens,0.015751507174218804,0.12469217624428028,0.8994761403065618,154,0.2685519209663879,0.075111106676507,8,left,Useful Idiots,False,192000.0
@wethefifth,videos,F1,-0.020313729005311087,0.18755153617820486,0.9137496968696232,107,0.3103583169206925,0.08622476991991757,3,neutral,The Fifth Column,False,75300.0
@wethefifth,videos,F2,0.11489251320981203,0.19579948854404794,0.5573470476327098,107,0.3103583169206925,0.08622476991991757,3,neutral,The Fifth Column,False,75300.0
@wethefifth,videos,F3,-0.04590939259872484,0.1650338267411752,0.7808728720886083,107,0.3103583169206925,0.08622476991991757,3,neutral,The Fifth Column,False,75300.0
@wethefifth,videos,F4,0.31027964799375307,0.17046010308144208,0.06872125860214973,107,0.3103583169206925,0.08622476991991757,3,neutral,The Fifth Column,False,75300.0
@wethefifth,videos,F5,-0.22158955912266443,0.17414874163519872,0.2032255277789028,107,0.3103583169206925,0.08622476991991757,3,neutral,The Fifth Column,False,75300.0
@wethefifth,videos,F6,0.3679002759264509,0.20523078079599108,0.0730341165799578,107,0.3103583169206925,0.08622476991991757,3,neutral,The Fifth Column,False,75300.0
@wethefifth,videos,F7,-0.05967654439532999,0.18064778703390022,0.7411374075145157,107,0.3103583169206925,0.08622476991991757,3,neutral,The Fifth Column,False,75300.0
@wethefifth,videos,F8,-0.012955877898280344,0.15029606157635855,0.9313055404479956,107,0.3103583169206925,0.08622476991991757,3,neutral,The Fifth Column,False,75300.0
@wethefifth,videos,F9,0.029001643174500435,0.20693836400058788,0.8885444103838772,107,0.3103583169206925,0.08622476991991757,3,neutral,The Fifth Column,False,75300.0
@wethefifth,videos,F10,-0.2257262129123907,0.20459670761821477,0.269908226005919,107,0.3103583169206925,0.08622476991991757,3,neutral,The Fifth Column,False,75300.0
@wethefifth,videos,F11,0.17911529342490745,0.27588879726617427,0.5161897010546912,107,0.3103583169206925,0.08622476991991757,3,neutral,The Fifth Column,False,75300.0
@wethefifth,videos,F12,0.051691752363018206,0.211484088272567,0.8069025821211582,107,0.3103583169206925,0.08622476991991757,3,neutral,The Fifth Column,False,75300.0
@wethefifth,videos,curiosity_gap,-0.17968697755775498,0.11180822952338369,0.10803248845826686,107,0.3103583169206925,0.08622476991991757,3,neutral,The Fifth Column,False,75300.0
@wethefifth,videos,outrage,-0.10146903594833845,0.18237039756112305,0.5779443843044412,107,0.3103583169206925,0.08622476991991757,3,neutral,The Fifth Column,False,75300.0
@wethefifth,videos,n_tokens,-0.1661477872375413,0.31502383477310547,0.5979065500857501,107,0.3103583169206925,0.08622476991991757,3,neutral,The Fifth Column,False,75300.0
@wsj,videos,F1,0.09953600373433624,0.22059269485128527,0.6518304477125761,104,0.301851274238113,0.04120908328700856,5,neutral,Wall Street Journal,False,6690000.0
@wsj,videos,F2,0.08424668567911303,0.18912393351222334,0.6559891244028054,104,0.301851274238113,0.04120908328700856,5,neutral,Wall Street Journal,False,6690000.0
@wsj,videos,F3,-0.34915123682980775,0.2934675270734034,0.2341470160892537,104,0.301851274238113,0.04120908328700856,5,neutral,Wall Street Journal,False,6690000.0
@wsj,videos,F4,0.00880322774279918,0.17645634888072723,0.9602108568757753,104,0.301851274238113,0.04120908328700856,5,neutral,Wall Street Journal,False,6690000.0
@wsj,videos,F5,0.48616479330757945,0.3607247922487152,0.17774062887144548,104,0.301851274238113,0.04120908328700856,5,neutral,Wall Street Journal,False,6690000.0
@wsj,videos,F6,0.019951973928112654,0.22312156764141727,0.9287465503422881,104,0.301851274238113,0.04120908328700856,5,neutral,Wall Street Journal,False,6690000.0
@wsj,videos,F7,0.11540658322000241,0.24956707418259036,0.6437750551746843,104,0.301851274238113,0.04120908328700856,5,neutral,Wall Street Journal,False,6690000.0
@wsj,videos,F8,-0.23127328786433798,0.31645345419767035,0.46488374981623315,104,0.301851274238113,0.04120908328700856,5,neutral,Wall Street Journal,False,6690000.0
@wsj,videos,F9,-0.13364947139861028,0.3266430454784377,0.6824217909394379,104,0.301851274238113,0.04120908328700856,5,neutral,Wall Street Journal,False,6690000.0
@wsj,videos,F10,-0.058105595157371126,0.1612552699474517,0.7185981241640059,104,0.301851274238113,0.04120908328700856,5,neutral,Wall Street Journal,False,6690000.0
@wsj,videos,F11,0.2001750413670056,0.24140302231361419,0.406982678370696,104,0.301851274238113,0.04120908328700856,5,neutral,Wall Street Journal,False,6690000.0
@wsj,videos,F12,-0.1377817644871473,0.18555425602855036,0.45775922322044216,104,0.301851274238113,0.04120908328700856,5,neutral,Wall Street Journal,False,6690000.0
@wsj,videos,curiosity_gap,0.044519926325372716,0.2819002841713446,0.8745135949279566,104,0.301851274238113,0.04120908328700856,5,neutral,Wall Street Journal,False,6690000.0
@wsj,videos,outrage,-0.18823860744353554,0.17337018199931886,0.27758468051864127,104,0.301851274238113,0.04120908328700856,5,neutral,Wall Street Journal,False,6690000.0
@wsj,videos,n_tokens,0.035564820888609155,0.2064874364204966,0.8632510420521736,104,0.301851274238113,0.04120908328700856,5,neutral,Wall Street Journal,False,6690000.0
@zeteo,videos,F1,0.21996428138076562,0.14344577858595867,0.12516956216076128,198,0.2357587430306738,0.08197849010391911,9,left,Zeteo,False,2240000.0
@zeteo,videos,F2,-0.13169897252047813,0.11469127041065968,0.25084838513467567,198,0.2357587430306738,0.08197849010391911,9,left,Zeteo,False,2240000.0
@zeteo,videos,F3,-0.09128006227753782,0.12246870458136518,0.4560699661073784,198,0.2357587430306738,0.08197849010391911,9,left,Zeteo,False,2240000.0
@zeteo,videos,F4,0.01635962734663443,0.10742864523317752,0.878963211586951,198,0.2357587430306738,0.08197849010391911,9,left,Zeteo,False,2240000.0
@zeteo,videos,F5,0.08504464024602926,0.10590295660483626,0.42194981441422863,198,0.2357587430306738,0.08197849010391911,9,left,Zeteo,False,2240000.0
@zeteo,videos,F6,0.01329803509703631,0.1126198863467269,0.9060051221467559,198,0.2357587430306738,0.08197849010391911,9,left,Zeteo,False,2240000.0
@zeteo,videos,F7,-0.2126476988863406,0.14431780267683977,0.14062482127743903,198,0.2357587430306738,0.08197849010391911,9,left,Zeteo,False,2240000.0
@zeteo,videos,F8,0.1927181001733627,0.08947286265201762,0.03124582219507652,198,0.2357587430306738,0.08197849010391911,9,left,Zeteo,False,2240000.0
@zeteo,videos,F9,-0.0612838293087985,0.1255536007203236,0.6254727109380586,198,0.2357587430306738,0.08197849010391911,9,left,Zeteo,False,2240000.0
@zeteo,videos,F10,0.007829205328187983,0.11673666983896133,0.9465281801525071,198,0.2357587430306738,0.08197849010391911,9,left,Zeteo,False,2240000.0
@zeteo,videos,F11,0.05849447885015113,0.13716023828639778,0.669766720807405,198,0.2357587430306738,0.08197849010391911,9,left,Zeteo,False,2240000.0
@zeteo,videos,F12,-0.3323537173736736,0.12807030046965273,0.009456666570139906,198,0.2357587430306738,0.08197849010391911,9,left,Zeteo,False,2240000.0
@zeteo,videos,curiosity_gap,0.006973047998033999,0.1369489744862689,0.959391559750088,198,0.2357587430306738,0.08197849010391911,9,left,Zeteo,False,2240000.0
@zeteo,videos,outrage,-0.09911021805810794,0.11658858204731842,0.3952777671587647,198,0.2357587430306738,0.08197849010391911,9,left,Zeteo,False,2240000.0
@zeteo,videos,humor,-0.08086165380869315,0.48956054034776075,0.8688086672283756,198,0.2357587430306738,0.08197849010391911,9,left,Zeteo,False,2240000.0
@zeteo,videos,n_tokens,-0.10308603018883411,0.14002891086303812,0.46162313229342844,198,0.2357587430306738,0.08197849010391911,9,left,Zeteo,False,2240000.0
