creator,genre,n_unique,question,breaking_live,episode_show,interview_guest,reaction,confrontation,listicle,howto_explainer,curiosity_gap,outrage,humor,low_n,lane,organisation,clipper,level,n_creators
@60minutes,videos,325.0,0.08923076923076922,0.003076923076923077,0.003076923076923077,0.05846153846153846,0.003076923076923077,0.012307692307692308,0.0,0.024615384615384615,0.012307692307692308,0.11692307692307692,0.0,False,us_legacy_tv,CBS News,False,creator,
@ABCNews,streams,590.0,0.0,0.8728813559322034,0.0,0.04915254237288136,0.003389830508474576,0.006779661016949152,0.0,0.0,0.010169491525423728,0.05084745762711865,0.0,False,us_legacy_tv,ABC News,False,creator,
@ABCNews,videos,7971.0,0.04767281395057082,0.003763643206624012,0.14138752979550873,0.10186927612595659,0.011040020072763768,0.026094592899259816,0.00012545477355413375,0.057583741061347386,0.010663655752101367,0.2201731275875047,0.0003763643206624012,False,us_legacy_tv,ABC News,False,creator,
@ANINewsIndia,streams,7579.0,0.002111096450719092,0.7312310331178256,0.0,0.08035360865549544,0.019923472753661433,0.04354136429608128,0.0,0.002374983507058979,0.07058978757091965,0.2479218894313234,0.0002638870563398865,False,wire_international,ANI,False,creator,
@ANINewsIndia,videos,12279.0,0.04910823356950892,0.07280723185927193,0.0016287971333170453,0.1008225425523251,0.023780438146428863,0.0593696555094063,0.002117436273312159,0.022558840296441077,0.024269077286423975,0.37372750223959605,0.0003257594266634091,False,wire_international,ANI,False,creator,
@ActualJusticeWarrior,streams,1.0,0.0,0.0,0.0,0.0,0.0,0.0,0.0,0.0,0.0,0.0,0.0,True,right_commentary,Actual Justice Warrior,False,creator,
@ActualJusticeWarrior,videos,392.0,0.007653061224489796,0.0,0.0,0.02295918367346939,0.0,0.14285714285714285,0.0,0.012755102040816327,0.00510204081632653,0.8801020408163265,0.0,False,right_commentary,Actual Justice Warrior,False,creator,
@AfterPartyEmily,streams,74.0,0.10810810810810811,0.013513513513513514,0.0,0.5945945945945946,0.013513513513513514,0.22972972972972974,0.0,0.08108108108108109,0.013513513513513514,0.4189189189189189,0.0,False,right_commentary,Emily Jashinsky,False,creator,
@AfterPartyEmily,videos,410.0,0.29024390243902437,0.01707317073170732,0.0,0.5097560975609756,0.014634146341463415,0.1073170731707317,0.0,0.3097560975609756,0.01707317073170732,0.5073170731707317,0.0024390243902439024,False,right_commentary,Emily Jashinsky,False,creator,
@AlexStein99,streams,41.0,0.1951219512195122,0.0,0.0,0.6097560975609756,0.024390243902439025,0.07317073170731707,0.0,0.07317073170731707,0.04878048780487805,0.24390243902439024,0.0,True,humour_satire,Alex Stein,False,creator,
@AlexStein99,videos,87.0,0.10344827586206896,0.011494252873563218,0.0,0.06896551724137931,0.011494252873563218,0.06896551724137931,0.0,0.04597701149425287,0.011494252873563218,0.4367816091954023,0.0,False,humour_satire,Alex Stein,False,creator,
@AnaEscobarShow,streams,31.0,0.2903225806451613,0.0,0.0,0.0967741935483871,0.03225806451612903,0.03225806451612903,0.0,0.22580645161290322,0.06451612903225806,0.12903225806451613,0.0,True,right_commentary,Ana Escobar,False,creator,
@AnaEscobarShow,videos,32.0,0.40625,0.03125,0.0,0.0625,0.03125,0.0625,0.0,0.3125,0.21875,0.375,0.0,True,right_commentary,Ana Escobar,False,creator,
@AndWeKnowOfficial-o9b,videos,185.0,0.17297297297297298,0.0,1.0,0.032432432432432434,0.005405405405405406,0.06486486486486487,0.0,0.03783783783783784,0.04864864864864865,0.7945945945945946,0.0,False,right_commentary,And We Know,False,creator,
@AndrewKlavan,streams,3.0,0.0,0.0,0.0,0.0,0.0,0.0,0.0,0.0,0.0,0.3333333333333333,0.3333333333333333,True,right_commentary,Daily Wire,False,creator,
@AndrewKlavan,videos,196.0,0.3163265306122449,0.00510204081632653,0.2193877551020408,0.1989795918367347,0.05102040816326531,0.04591836734693878,0.0,0.18877551020408162,0.025510204081632654,0.3163265306122449,0.04081632653061224,False,right_commentary,Daily Wire,False,creator,
@AnthonyBrianLogan,streams,52.0,0.09615384615384616,1.0,0.0,0.0,0.038461538461538464,0.21153846153846154,0.0,0.0,0.038461538461538464,0.5,0.0,False,right_commentary,Anthony Brian Logan,False,creator,
@AnthonyBrianLogan,videos,248.0,0.13709677419354838,0.06854838709677419,0.06854838709677419,0.05241935483870968,0.004032258064516129,0.056451612903225805,0.0,0.028225806451612902,0.04435483870967742,0.7620967741935484,0.0,False,right_commentary,Anthony Brian Logan,False,creator,
@AsmonTV,videos,875.0,0.06285714285714286,0.0,0.0,0.016,0.005714285714285714,0.012571428571428572,0.0,0.02057142857142857,0.144,0.49257142857142855,0.006857142857142857,False,streamer_reaction,Asmongold,True,creator,
@AssociatedPress,streams,1151.0,0.0,0.9834926151172894,0.0017376194613379669,0.05647263249348393,0.0069504778453518675,0.06168549087749783,0.0,0.0026064291920069507,0.02432667245873154,0.10165073848827107,0.0008688097306689834,False,wire_international,Associated Press,False,creator,
@AssociatedPress,videos,5572.0,0.0208183776022972,0.004307250538406317,0.0017946877243359654,0.07788944723618091,0.029971284996410625,0.036791098348887295,0.0005384063173007897,0.014357501794687724,0.01256281407035176,0.29971284996410624,0.0014357501794687725,False,wire_international,Associated Press,False,creator,
@BBCNews,videos,2440.0,0.2913934426229508,0.002459016393442623,0.0,0.075,0.009836065573770493,0.018852459016393444,0.0,0.09754098360655737,0.056557377049180325,0.31434426229508194,0.0,False,wire_international,BBC,False,creator,
@BadEmpanadaLive,streams,1.0,0.0,0.0,1.0,0.0,0.0,0.0,0.0,0.0,0.0,0.0,0.0,True,streamer_reaction,BadEmpanada,False,creator,
@BadEmpanadaLive,videos,298.0,0.16778523489932887,0.0,0.0,0.030201342281879196,0.010067114093959731,0.03691275167785235,0.0,0.02348993288590604,0.050335570469798654,0.697986577181208,0.003355704697986577,False,streamer_reaction,BadEmpanada,False,creator,
@BadFaithPodcast,streams,1.0,0.0,0.0,0.0,0.0,0.0,0.0,0.0,0.0,0.0,1.0,0.0,True,interview_podcast,Bad Faith,False,creator,
@BadFaithPodcast,videos,81.0,0.32098765432098764,0.024691358024691357,0.0,0.9012345679012346,0.0,0.12345679012345678,0.0,0.06172839506172839,0.024691358024691357,0.5185185185185185,0.0,False,interview_podcast,Bad Faith,False,creator,
@BelleRanch,videos,822.0,0.0012165450121654502,0.0036496350364963502,0.0,0.031630170316301706,0.004866180048661801,0.031630170316301706,0.004866180048661801,0.0413625304136253,0.08394160583941605,0.19951338199513383,0.0024330900243309003,False,left_commentary,Belle of the Ranch,False,creator,
@BenShapiro,streams,17.0,0.17647058823529413,0.17647058823529413,0.0,0.058823529411764705,0.0,0.058823529411764705,0.0,0.11764705882352941,0.0,0.5294117647058824,0.058823529411764705,True,right_commentary,Daily Wire,False,creator,
@BenShapiro,videos,525.0,0.16,0.013333333333333334,0.0038095238095238095,0.02095238095238095,0.05333333333333334,0.05904761904761905,0.0038095238095238095,0.10857142857142857,0.0380952380952381,0.6133333333333333,0.005714285714285714,False,right_commentary,Daily Wire,False,creator,
@BlackConservativePerspective,streams,1.0,0.0,0.0,0.0,0.0,1.0,0.0,0.0,0.0,0.0,0.0,0.0,True,right_commentary,Black Conservative Perspective,False,creator,
@BlackConservativePerspective,videos,1271.0,0.0007867820613690008,0.003147128245476003,0.0,0.11880409126671912,0.004720692368214005,0.1872541306058222,0.0,0.024390243902439025,0.011801730920535013,0.992918961447679,0.0015735641227380016,False,right_commentary,Black Conservative Perspective,False,creator,
@BlaireWhiteX,videos,11.0,0.0,0.0,0.0,0.0,0.18181818181818182,0.0,0.0,0.0,0.0,0.7272727272727273,0.0,True,right_commentary,Blaire White,False,creator,
@BlazeTV,streams,14.0,0.21428571428571427,0.8571428571428571,0.07142857142857142,0.14285714285714285,0.0,0.07142857142857142,0.0,0.07142857142857142,0.0,0.0,0.0,True,right_commentary,Blaze Media,False,creator,
@BlazeTV,videos,868.0,0.21658986175115208,0.019585253456221197,0.004608294930875576,0.09331797235023041,0.02880184331797235,0.08870967741935484,0.0,0.15898617511520738,0.04723502304147465,0.7350230414746544,0.0,False,right_commentary,Blaze Media,False,creator,
@BreakThroughNews,streams,57.0,0.21052631578947367,0.5964912280701754,0.0,0.12280701754385964,0.0,0.07017543859649122,0.0,0.05263157894736842,0.017543859649122806,0.631578947368421,0.0,False,independent_digital_news,BreakThrough News,False,creator,
@BreakThroughNews,videos,242.0,0.256198347107438,0.0,0.02066115702479339,0.30578512396694213,0.012396694214876033,0.06198347107438017,0.0,0.15702479338842976,0.012396694214876033,0.6074380165289256,0.0,False,independent_digital_news,BreakThrough News,False,creator,
@BrittanyVenti,streams,19.0,0.2631578947368421,0.0,0.0,0.05263157894736842,0.0,0.10526315789473684,0.0,0.05263157894736842,0.10526315789473684,0.7368421052631579,0.0,True,right_commentary,Brittany Venti,False,creator,
@BrittanyVenti,videos,55.0,0.2,0.0,0.0,0.07272727272727272,0.03636363636363636,0.10909090909090909,0.0,0.12727272727272726,0.01818181818181818,0.45454545454545453,0.0,False,right_commentary,Brittany Venti,False,creator,
@CBSNews,streams,368.0,0.0,0.010869565217391304,0.0,0.08695652173913043,0.008152173913043478,0.010869565217391304,0.0,0.008152173913043478,0.008152173913043478,0.14130434782608695,0.0,False,us_legacy_tv,CBS News,False,creator,
@CBSNews,videos,8322.0,0.08856044220139389,0.04313866858928142,0.0002403268445085316,0.07810622446527277,0.03568853640951694,0.037611151165585194,0.0002403268445085316,0.04830569574621485,0.01285748618120644,0.25006008171112715,0.0,False,us_legacy_tv,CBS News,False,creator,
@CNN,streams,94.0,0.0,0.0,0.0,0.0851063829787234,0.010638297872340425,0.02127659574468085,0.0,0.02127659574468085,0.010638297872340425,0.0851063829787234,0.0,False,us_legacy_tv,CNN,False,creator,
@CNN,videos,1757.0,0.1906659077973819,0.0022766078542970974,0.0005691519635742744,0.05293113261240751,0.05748434832100171,0.06772908366533864,0.003414911781445646,0.08708025042686397,0.015367103016505406,0.3597040409789414,0.00398406374501992,False,us_legacy_tv,CNN,False,creator,
@CamHigby,streams,59.0,0.01694915254237288,0.3728813559322034,0.01694915254237288,0.15254237288135594,0.0,0.2711864406779661,0.0,0.0,0.01694915254237288,0.6779661016949152,0.0,False,right_commentary,Cam Higby,False,creator,
@CamHigby,videos,186.0,0.010752688172043012,0.03763440860215054,0.0,0.04838709677419355,0.005376344086021506,0.1774193548387097,0.0,0.07526881720430108,0.026881720430107527,0.8118279569892473,0.0,False,right_commentary,Cam Higby,False,creator,
@CashJordan,videos,299.0,0.0,0.016722408026755852,0.0,0.010033444816053512,0.006688963210702341,0.020066889632107024,0.0,0.0,0.06354515050167224,0.9832775919732442,0.0,False,right_commentary,Cash Jordan,False,creator,
@CaspianReport,videos,25.0,0.72,0.0,0.0,0.08,0.0,0.04,0.0,0.36,0.08,0.48,0.0,True,explainer_geopolitics,CaspianReport,False,creator,
@ChadPrather1,streams,201.0,0.40298507462686567,0.004975124378109453,0.0,0.03980099502487562,0.009950248756218905,0.03980099502487562,0.0,0.1691542288557214,0.009950248756218905,0.208955223880597,0.0,False,right_commentary,Chad Prather,False,creator,
@ChadPrather1,videos,160.0,0.30625,0.0125,0.0,0.075,0.025,0.04375,0.0,0.11875,0.0375,0.5125,0.0,False,right_commentary,Chad Prather,False,creator,
@Channel5YouTube,videos,43.0,0.11627906976744186,0.0,0.13953488372093023,0.4418604651162791,0.023255813953488372,0.023255813953488372,0.0,0.0,0.023255813953488372,0.20930232558139536,0.0,True,independent_digital_news,Channel 5,False,creator,
@ClipsCandaceOwens,videos,192.0,0.17708333333333334,0.005208333333333333,0.0,0.03125,0.046875,0.06770833333333333,0.0,0.078125,0.140625,0.40625,0.0,False,right_commentary,Candace Owens,True,creator,
@ClubRandomPodcast,videos,197.0,0.116751269035533,0.0,0.0,0.2639593908629442,0.030456852791878174,0.1065989847715736,0.0,0.13705583756345177,0.015228426395939087,0.17258883248730963,0.015228426395939087,False,interview_podcast,Bill Maher,False,creator,
@ColeHastings,videos,32.0,0.3125,0.0,0.0,0.0,0.0,0.0,0.0,0.3125,0.0,0.25,0.0,True,centrist_heterodox,Cole Hastings,False,creator,
@ColemanHughesOfficial,videos,54.0,0.46296296296296297,0.0,0.0,0.14814814814814814,0.0,0.09259259259259259,0.0,0.18518518518518517,0.0,0.2222222222222222,0.0,False,interview_podcast,Coleman Hughes,False,creator,
@CoreyGilShusterAskProject,streams,2.0,0.5,0.0,1.0,0.0,0.0,0.0,0.0,0.0,0.0,0.5,0.0,True,explainer_geopolitics,Ask Project,False,creator,
@CoreyGilShusterAskProject,videos,53.0,0.9433962264150944,0.0,0.03773584905660377,0.05660377358490566,0.0,0.03773584905660377,0.0,0.05660377358490566,0.03773584905660377,0.11320754716981132,0.0,False,explainer_geopolitics,Ask Project,False,creator,
@DailyDenims,videos,215.0,0.03255813953488372,0.0,0.018604651162790697,0.04186046511627907,0.07906976744186046,0.09302325581395349,0.0,0.09302325581395349,0.004651162790697674,0.6837209302325581,0.0,False,streamer_reaction,Denims,True,creator,
@DannyHaiphongYT,streams,227.0,0.05726872246696035,0.01762114537444934,0.0,0.022026431718061675,0.004405286343612335,0.19383259911894274,0.0,0.00881057268722467,0.00881057268722467,0.9911894273127754,0.0,False,left_commentary,Danny Haiphong,False,creator,
@DannyHaiphongYT,videos,64.0,0.109375,0.0,0.0,0.0,0.0,0.234375,0.0,0.0,0.0,0.984375,0.0,False,left_commentary,Danny Haiphong,False,creator,
@DarkHorsePod,streams,38.0,0.2894736842105263,0.0,0.0,0.9736842105263158,0.0,0.0,0.0,0.05263157894736842,0.0,0.0,0.0,True,centrist_heterodox,DarkHorse,False,creator,
@DarkHorsePod,videos,70.0,0.22857142857142856,0.0,0.014285714285714285,0.07142857142857142,0.02857142857142857,0.0,0.0,0.12857142857142856,0.014285714285714285,0.18571428571428572,0.0,False,centrist_heterodox,DarkHorse,False,creator,
@DemocracyDocket,streams,4.0,0.0,0.25,0.0,0.0,0.0,0.0,0.0,0.0,0.0,0.75,0.0,True,legal_institutional,Democracy Docket,False,creator,
@DemocracyDocket,videos,129.0,0.07751937984496124,0.13953488372093023,0.0,0.03875968992248062,0.0,0.031007751937984496,0.0,0.03875968992248062,0.007751937984496124,0.8217054263565892,0.0,False,legal_institutional,Democracy Docket,False,creator,
@DemocracyNow,streams,1.0,0.0,0.0,0.0,0.0,0.0,0.0,0.0,0.0,0.0,0.0,0.0,True,independent_digital_news,Democracy Now!,False,creator,
@DemocracyNow,videos,814.0,0.0687960687960688,0.002457002457002457,0.2285012285012285,0.025798525798525797,0.0012285012285012285,0.044226044226044224,0.0,0.020884520884520884,0.006142506142506142,0.3746928746928747,0.0,False,independent_digital_news,Democracy Now!,False,creator,
@DestinyDGGClips,videos,209.0,0.14354066985645933,0.004784688995215311,0.0,0.1339712918660287,0.04784688995215311,0.14832535885167464,0.0,0.028708133971291867,0.0861244019138756,0.6267942583732058,0.0,False,streamer_reaction,Destiny,True,creator,
@DoubleDownNews,videos,66.0,0.10606060606060606,0.015151515151515152,0.0,0.09090909090909091,0.0,0.06060606060606061,0.0,0.09090909090909091,0.030303030303030304,0.8939393939393939,0.015151515151515152,False,independent_digital_news,Double Down News,False,creator,
@DrSteveTurleyTV,streams,31.0,0.0,0.0,0.0,0.03225806451612903,0.0,0.1935483870967742,0.0,0.0,0.0967741935483871,0.9032258064516129,0.0,True,right_commentary,Steve Turley,False,creator,
@DrSteveTurleyTV,videos,442.0,0.00904977375565611,0.06108597285067873,0.0,0.03619909502262444,0.0022624434389140274,0.07239819004524888,0.0022624434389140274,0.02262443438914027,0.11538461538461539,0.9751131221719457,0.0,False,right_commentary,Steve Turley,False,creator,
@DropSiteNews,streams,43.0,0.06976744186046512,0.09302325581395349,0.627906976744186,0.09302325581395349,0.0,0.023255813953488372,0.0,0.046511627906976744,0.0,0.46511627906976744,0.0,True,independent_digital_news,Drop Site,False,creator,
@DropSiteNews,videos,204.0,0.17647058823529413,0.0196078431372549,0.029411764705882353,0.15196078431372548,0.014705882352941176,0.0392156862745098,0.0,0.03431372549019608,0.014705882352941176,0.4852941176470588,0.0,False,independent_digital_news,Drop Site,False,creator,
@DueDissidence,streams,112.0,0.0625,0.017857142857142856,0.0,0.35714285714285715,0.017857142857142856,0.22321428571428573,0.0,0.0,0.017857142857142856,0.8571428571428571,0.0,False,left_commentary,Due Dissidence,False,creator,
@DueDissidence,videos,643.0,0.029548989113530325,0.0015552099533437014,0.0,0.16640746500777606,0.003110419906687403,0.08087091757387248,0.0,0.01088646967340591,0.007776049766718507,0.7356143079315708,0.006220839813374806,False,left_commentary,Due Dissidence,False,creator,
@DylanBurnsLIVE,streams,3.0,0.0,0.0,0.0,0.3333333333333333,0.0,0.0,0.0,0.0,0.0,1.0,0.0,True,streamer_reaction,Dylan Burns,False,creator,
@DylanBurnsLIVE,videos,190.0,0.08947368421052632,0.010526315789473684,0.0,0.1,0.021052631578947368,0.10526315789473684,0.0,0.031578947368421054,0.031578947368421054,0.5894736842105263,0.0,False,streamer_reaction,Dylan Burns,False,creator,
@EzraKleinShow,streams,1.0,0.0,0.0,0.0,0.0,0.0,1.0,0.0,0.0,0.0,0.0,0.0,True,interview_podcast,New York Times,False,creator,
@EzraKleinShow,videos,65.0,0.2923076923076923,0.0,0.0,0.06153846153846154,0.0,0.046153846153846156,0.0,0.07692307692307693,0.015384615384615385,0.24615384615384617,0.0,False,interview_podcast,New York Times,False,creator,
@FarronBalanced,streams,188.0,0.005319148936170213,0.005319148936170213,0.0,0.03723404255319149,0.005319148936170213,0.05851063829787234,0.0,0.03723404255319149,0.005319148936170213,0.9680851063829787,0.0,False,left_commentary,Farron Balanced,False,creator,
@FarronBalanced,videos,1780.0,0.007303370786516854,0.0044943820224719105,0.0,0.039887640449438204,0.0011235955056179776,0.060112359550561795,0.0,0.014044943820224719,0.003932584269662922,0.9078651685393259,0.0011235955056179776,False,left_commentary,Farron Balanced,False,creator,
@FinancialTimes,videos,40.0,0.45,0.0,0.0,0.75,0.0,0.0,0.0,0.15,0.0,0.175,0.0,True,wire_international,Financial Times,False,creator,
@Firstpost,streams,8975.0,0.0909192200557103,0.8894707520891365,0.0,0.10406685236768802,0.017604456824512536,0.09760445682451253,0.0010027855153203343,0.024178272980501393,0.02116991643454039,0.5111977715877437,0.0004456824512534819,False,wire_international,Network18,False,creator,
@Firstpost,videos,10126.0,0.21113964052933043,0.008789255382184476,0.0017776022121271974,0.21913885048390283,0.012838238198696426,0.06320363420896702,0.002765158996642307,0.09539798538415958,0.017578510764368952,0.437191388504839,0.0006912897491605768,False,wire_international,Network18,False,creator,
@FleccasTalks,videos,290.0,0.034482758620689655,0.0,0.3310344827586207,0.0034482758620689655,0.0,0.013793103448275862,0.0,0.006896551724137931,0.017241379310344827,0.5448275862068965,0.0034482758620689655,False,right_commentary,Fleccas Talks,False,creator,
@Forbes,streams,3.0,0.0,0.0,0.0,0.0,0.0,0.0,0.0,0.0,0.0,0.0,0.0,True,us_press_print_digital,Forbes,False,creator,
@Forbes,videos,1256.0,0.2412420382165605,0.006369426751592357,0.0,0.046974522292993634,0.0015923566878980893,0.027070063694267517,0.011146496815286623,0.09952229299363058,0.007961783439490446,0.19506369426751594,0.0007961783439490446,False,us_press_print_digital,Forbes,False,creator,
@Forthepeoplepodcast305,streams,45.0,0.17777777777777778,0.08888888888888889,0.0,0.4666666666666667,0.022222222222222223,0.044444444444444446,0.0,0.022222222222222223,0.022222222222222223,0.6444444444444445,0.0,True,left_commentary,Niko House,False,creator,
@Forthepeoplepodcast305,videos,115.0,0.1391304347826087,0.034782608695652174,0.0,0.10434782608695652,0.0,0.05217391304347826,0.0,0.05217391304347826,0.06086956521739131,0.7565217391304347,0.0,False,left_commentary,Niko House,False,creator,
@FoxNews,streams,645.0,0.009302325581395349,0.11937984496124031,0.0,0.07286821705426356,0.010852713178294573,0.04496124031007752,0.0,0.0015503875968992248,0.009302325581395349,0.20310077519379846,0.0,False,us_legacy_tv,Fox News,False,creator,
@FoxNews,videos,8210.0,0.033373934226552986,0.12192448233861145,0.01753958587088916,0.04799025578562728,0.01619975639464068,0.06248477466504263,0.0001218026796589525,0.015956151035322778,0.011936662606577345,0.5504263093788063,0.004628501827040195,False,us_legacy_tv,Fox News,False,creator,
@FoxNewsChannelClips,videos,5748.0,0.0325330549756437,0.015657620041753653,0.00017397355601948505,0.0419276270006959,0.009916492693110648,0.0836812804453723,0.0003479471120389701,0.0220946416144746,0.008698677800974252,0.4384133611691023,0.0020876826722338203,False,us_legacy_tv,Fox News,True,creator,
@FreshFitMiami,streams,75.0,0.22666666666666666,0.02666666666666667,0.0,0.26666666666666666,0.02666666666666667,0.02666666666666667,0.02666666666666667,0.18666666666666668,0.08,0.5466666666666666,0.0,False,right_commentary,Fresh & Fit,False,creator,
@FreshFitMiami,videos,111.0,0.17117117117117117,0.0,0.0,0.06306306306306306,0.0,0.16216216216216217,0.009009009009009009,0.23423423423423423,0.04504504504504504,0.5855855855855856,0.0,False,right_commentary,Fresh & Fit,False,creator,
@GeopoliticalEconomyReport,videos,72.0,0.18055555555555555,0.027777777777777776,0.0,0.041666666666666664,0.0,0.06944444444444445,0.0,0.2638888888888889,0.0,0.8055555555555556,0.0,False,independent_digital_news,Geopolitical Economy Report,False,creator,
@GlennKirschner2,videos,262.0,0.04580152671755725,0.003816793893129771,0.0,0.026717557251908396,0.0,0.04580152671755725,0.0,0.019083969465648856,0.003816793893129771,0.8244274809160306,0.0,False,legal_institutional,Glenn Kirschner,False,creator,
@GrahamAllen,videos,247.0,0.10931174089068826,0.012145748987854251,0.004048582995951417,0.048582995951417005,0.008097165991902834,0.07692307692307693,0.004048582995951417,0.08906882591093117,0.07692307692307693,0.7449392712550608,0.0,False,right_commentary,Graham Allen,False,creator,
@HangOutwithSeanHannity,videos,154.0,0.11688311688311688,0.0,0.0,0.36363636363636365,0.0,0.025974025974025976,0.0,0.18831168831168832,0.01948051948051948,0.33766233766233766,0.0,False,interview_podcast,Sean Hannity,False,creator,
@HasanAbi,streams,7.0,0.5714285714285714,0.14285714285714285,0.0,0.2857142857142857,0.14285714285714285,0.0,0.0,0.0,0.14285714285714285,0.8571428571428571,0.0,True,streamer_reaction,HasanAbi,False,creator,
@HasanAbi,videos,628.0,0.1305732484076433,0.004777070063694267,0.0,0.052547770700636945,0.0031847133757961785,0.03662420382165605,0.0,0.020700636942675158,0.07165605095541401,0.6926751592356688,0.004777070063694267,False,streamer_reaction,HasanAbi,False,creator,
@HasanAbiVODs3,videos,181.0,0.011049723756906077,0.0,1.0,0.11049723756906077,0.0055248618784530384,0.03314917127071823,0.0,0.0055248618784530384,0.0055248618784530384,0.06077348066298342,0.0,False,streamer_reaction,HasanAbi,True,creator,
@HasanReactionsfanTwo,videos,340.0,0.05,0.0,0.0,0.08235294117647059,1.0,0.09705882352941177,0.0,0.029411764705882353,0.014705882352941176,0.7264705882352941,0.0,False,streamer_reaction,HasanAbi,True,creator,
@HasanabiClips,streams,32.0,0.03125,0.0,0.46875,0.0,0.0625,0.03125,0.0,0.0,0.0,0.6875,0.0,True,streamer_reaction,HasanAbi,True,creator,
@HasanabiClips,videos,474.0,0.08649789029535865,0.004219409282700422,0.0,0.10126582278481013,0.8143459915611815,0.10970464135021098,0.0,0.046413502109704644,0.014767932489451477,0.7046413502109705,0.006329113924050633,False,streamer_reaction,HasanAbi,True,creator,
@JackCocchiarellaShow,streams,21.0,0.047619047619047616,0.047619047619047616,0.0,0.047619047619047616,0.0,0.0,0.0,0.0,0.047619047619047616,0.8095238095238095,0.0,True,left_commentary,Jack Cocchiarella,False,creator,
@JackCocchiarellaShow,videos,1524.0,0.010498687664041995,0.019028871391076115,0.0,0.021653543307086614,0.0013123359580052493,0.07283464566929133,0.0,0.023622047244094488,0.024934383202099737,0.937007874015748,0.0006561679790026247,False,left_commentary,Jack Cocchiarella,False,creator,
@JacksonHinkleOfficial,streams,81.0,0.06172839506172839,0.9753086419753086,0.0,0.07407407407407407,0.0,0.19753086419753085,0.0,0.0,0.04938271604938271,0.9506172839506173,0.0,False,right_commentary,Jackson Hinkle,False,creator,
@JacksonHinkleOfficial,videos,388.0,0.06443298969072164,0.002577319587628866,0.0,0.01804123711340206,0.002577319587628866,0.1056701030927835,0.0,0.015463917525773196,0.04639175257731959,0.8891752577319587,0.002577319587628866,False,right_commentary,Jackson Hinkle,False,creator,
@JamarlThomas,streams,223.0,0.07623318385650224,0.03139013452914798,0.0,0.06278026905829596,0.017937219730941704,0.04932735426008968,0.0,0.03139013452914798,0.03139013452914798,0.7847533632286996,0.0,False,left_commentary,Jamarl Thomas,False,creator,
@JamarlThomas,videos,274.0,0.14233576642335766,0.0,0.0,0.058394160583941604,0.0036496350364963502,0.0364963503649635,0.0,0.17153284671532848,0.014598540145985401,0.6605839416058394,0.0,False,left_commentary,Jamarl Thomas,False,creator,
@JesseKellyDC,streams,1.0,0.0,0.0,0.0,0.0,0.0,0.0,0.0,0.0,0.0,0.0,0.0,True,right_commentary,Jesse Kelly,False,creator,
@JesseKellyDC,videos,504.0,0.09523809523809523,0.001984126984126984,0.0,0.023809523809523808,0.007936507936507936,0.027777777777777776,0.005952380952380952,0.015873015873015872,0.027777777777777776,0.7797619047619048,0.0,False,right_commentary,Jesse Kelly,False,creator,
@JillianMichaels,videos,457.0,0.2647702407002188,0.00437636761487965,0.0,0.028446389496717725,0.00437636761487965,0.08533916849015317,0.002188183807439825,0.16630196936542668,0.0350109409190372,0.6083150984682714,0.002188183807439825,False,interview_podcast,Jillian Michaels,False,creator,
@JustPearlyThings,streams,96.0,0.21875,0.0,0.0,0.10416666666666667,0.052083333333333336,0.07291666666666667,0.0,0.10416666666666667,0.03125,0.46875,0.0,False,right_commentary,Pearl,False,creator,
@JustPearlyThings,videos,669.0,0.14200298953662183,0.0029895366218236174,0.0,0.04932735426008968,0.014947683109118086,0.07174887892376682,0.0014947683109118087,0.04185351270553064,0.02391629297458894,0.6053811659192825,0.0,False,right_commentary,Pearl,False,creator,
@KimIversen,streams,1.0,0.0,0.0,0.0,1.0,0.0,0.0,0.0,0.0,0.0,1.0,0.0,True,centrist_heterodox,Kim Iversen,False,creator,
@KimIversen,videos,534.0,0.2303370786516854,0.0018726591760299626,0.0,0.07865168539325842,0.0,0.031835205992509365,0.0,0.07116104868913857,0.054307116104868915,0.7097378277153558,0.0018726591760299626,False,centrist_heterodox,Kim Iversen,False,creator,
@LIVESNEAKO,streams,69.0,0.07246376811594203,0.07246376811594203,0.0,0.11594202898550725,0.014492753623188406,0.043478260869565216,0.0,0.028985507246376812,0.014492753623188406,0.2318840579710145,0.0,False,streamer_reaction,SNEAKO,False,creator,
@LIVESNEAKO,videos,479.0,0.0709812108559499,0.0,0.0,0.15031315240083507,0.03966597077244259,0.1524008350730689,0.0020876826722338203,0.054279749478079335,0.010438413361169102,0.46346555323590816,0.0,False,streamer_reaction,SNEAKO,False,creator,
@LastWeekTonight,videos,35.0,0.0,0.0,0.02857142857142857,1.0,0.0,0.0,0.0,0.0,0.0,0.02857142857142857,0.0,True,humour_satire,HBO,False,creator,
@LeejaMiller,streams,1.0,0.0,0.0,0.0,0.0,0.0,0.0,0.0,0.0,1.0,0.0,0.0,True,legal_institutional,Leeja Miller,False,creator,
@LeejaMiller,videos,60.0,0.3333333333333333,0.0,0.0,0.05,0.0,0.0,0.0,0.3,0.1,0.4,0.0,False,legal_institutional,Leeja Miller,False,creator,
@LegalAFMTN,streams,45.0,0.0,0.9555555555555556,0.0,0.13333333333333333,0.022222222222222223,0.1111111111111111,0.0,0.0,0.022222222222222223,0.6666666666666666,0.0,True,legal_institutional,MeidasTouch Network,False,creator,
@LegalAFMTN,videos,2735.0,0.13235831809872028,0.014990859232175503,0.054113345521023766,0.11809872029250457,0.0014625228519195613,0.08555758683729434,0.0,0.005118829981718464,0.020475319926873858,0.9287020109689214,0.0007312614259597807,False,legal_institutional,MeidasTouch Network,False,creator,
@LegalEagle,videos,105.0,0.02857142857142857,0.0,0.0,0.01904761904761905,0.02857142857142857,0.02857142857142857,0.009523809523809525,0.0,0.0,0.7428571428571429,0.009523809523809525,False,legal_institutional,LegalEagle,False,creator,
@LeverNews,streams,9.0,0.3333333333333333,0.7777777777777778,0.0,0.3333333333333333,0.0,0.0,0.0,0.0,0.0,0.2222222222222222,0.0,True,independent_digital_news,The Lever,False,creator,
@LeverNews,videos,73.0,0.3561643835616438,0.0,0.1232876712328767,0.1232876712328767,0.0136986301369863,0.0410958904109589,0.0,0.1095890410958904,0.0410958904109589,0.3287671232876712,0.0,False,independent_digital_news,The Lever,False,creator,
@LiberalHivemind,videos,846.0,0.015366430260047281,0.0070921985815602835,0.0,0.014184397163120567,0.0070921985815602835,0.015366430260047281,0.0,0.02009456264775414,0.12647754137115838,0.817966903073286,0.0,False,right_commentary,Liberal Hivemind,False,creator,
@LukeBeasley,streams,246.0,0.11788617886178862,0.4634146341463415,0.32113821138211385,0.056910569105691054,0.012195121951219513,0.02032520325203252,0.0,0.024390243902439025,0.08130081300813008,0.9471544715447154,0.0,False,left_commentary,Luke Beasley,False,creator,
@LukeBeasley,videos,1162.0,0.11359724612736662,0.16351118760757316,0.08691910499139414,0.09466437177280551,0.0008605851979345956,0.07142857142857142,0.0,0.01549053356282272,0.0972461273666093,0.9001721170395869,0.0025817555938037868,False,left_commentary,Luke Beasley,False,creator,
@Lunaoi,videos,9.0,0.0,0.0,0.0,0.1111111111111111,0.0,0.0,0.0,0.3333333333333333,0.0,0.1111111111111111,0.0,True,left_commentary,Luna Oi,False,creator,
@MLChristiansen,streams,77.0,0.025974025974025976,0.0,0.974025974025974,0.4155844155844156,0.0,0.07792207792207792,0.0,0.012987012987012988,0.0,0.5714285714285714,0.0,False,right_commentary,Matt Christiansen,False,creator,
@MLChristiansen,videos,118.0,0.0847457627118644,0.0,0.0,0.01694915254237288,0.0,0.09322033898305085,0.0,0.03389830508474576,0.0,0.5677966101694916,0.0,False,right_commentary,Matt Christiansen,False,creator,
@MarkDice,videos,92.0,0.05434782608695652,0.010869565217391304,0.0,0.07608695652173914,0.0,0.09782608695652174,0.0,0.09782608695652174,0.021739130434782608,0.7608695652173914,0.0,False,right_commentary,Mark Dice,False,creator,
@MattBernstein1,videos,21.0,0.19047619047619047,0.0,0.0,0.3333333333333333,0.0,0.0,0.0,0.09523809523809523,0.0,0.42857142857142855,0.0,True,left_commentary,Matt Bernstein,False,creator,
@MattWalsh,streams,2.0,0.0,0.0,0.0,0.0,0.0,0.0,0.0,0.0,0.0,0.0,0.5,True,right_commentary,Daily Wire,False,creator,
@MattWalsh,videos,297.0,0.24242424242424243,0.026936026936026935,0.4377104377104377,0.037037037037037035,0.013468013468013467,0.04377104377104377,0.0,0.1750841750841751,0.04377104377104377,0.6599326599326599,0.0,False,right_commentary,Daily Wire,False,creator,
@MegynKelly,streams,13.0,0.0,0.15384615384615385,0.0,0.3076923076923077,0.07692307692307693,0.0,0.0,0.07692307692307693,0.07692307692307693,0.07692307692307693,0.0,True,right_commentary,Megyn Kelly,False,creator,
@MegynKelly,videos,1651.0,0.15808600847970927,0.03270745003028468,0.02059357964869776,0.3749242883101151,0.013325257419745608,0.05875227135069655,0.0012113870381586917,0.1599030890369473,0.03573591762568141,0.5427013930950939,0.0036341611144760752,False,right_commentary,Megyn Kelly,False,creator,
@MeidasTouch,streams,627.0,0.028708133971291867,0.8995215311004785,0.26953748006379585,0.03508771929824561,0.1371610845295056,0.05422647527910686,0.0,0.006379585326953748,0.003189792663476874,0.9059011164274322,0.0,False,left_commentary,MeidasTouch Network,False,creator,
@MeidasTouch,videos,3532.0,0.039920724801812,0.003963759909399773,0.029161947904869763,0.05266138165345413,0.014439411098527746,0.0753114382785957,0.0,0.0011325028312570782,0.02548131370328426,0.960079275198188,0.0,False,left_commentary,MeidasTouch Network,False,creator,
@MichaelKnowles,streams,4.0,0.25,0.0,0.0,0.0,0.0,0.0,0.0,0.0,0.0,0.25,0.25,True,right_commentary,Daily Wire,False,creator,
@MichaelKnowles,videos,472.0,0.1461864406779661,0.059322033898305086,0.0,0.06991525423728813,0.09957627118644068,0.08050847457627118,0.006355932203389831,0.07415254237288135,0.029661016949152543,0.5932203389830508,0.00423728813559322,False,right_commentary,Daily Wire,False,creator,
@MichaelMaliceofficial,streams,3.0,0.0,0.0,0.0,0.0,0.3333333333333333,0.0,0.0,0.0,0.0,0.0,0.0,True,interview_podcast,Michael Malice,False,creator,
@MichaelMaliceofficial,videos,55.0,0.21818181818181817,0.0,0.7090909090909091,0.34545454545454546,0.0,0.09090909090909091,0.0,0.14545454545454545,0.0,0.16363636363636364,0.01818181818181818,False,interview_podcast,Michael Malice,False,creator,
@MikeFromPA,videos,129.0,0.14728682170542637,0.0,0.0,0.07751937984496124,0.03875968992248062,0.05426356589147287,0.0,0.1937984496124031,0.023255813953488372,0.751937984496124,0.007751937984496124,False,streamer_reaction,Mike from PA,False,creator,
@ModernDayDebate,streams,109.0,0.6697247706422018,0.009174311926605505,0.0,0.045871559633027525,0.0,0.981651376146789,0.0,0.0,0.0,0.12844036697247707,0.0,False,streamer_reaction,Modern-Day Debate,False,creator,
@ModernDayDebate,videos,46.0,0.3695652173913043,0.0,0.043478260869565216,0.08695652173913043,0.0,0.8043478260869565,0.0,0.021739130434782608,0.0,0.34782608695652173,0.0,True,streamer_reaction,Modern-Day Debate,False,creator,
@MrReaganUSA,streams,2.0,0.0,0.0,0.0,0.0,0.0,0.0,0.0,0.0,0.0,0.5,0.0,True,right_commentary,Mr Reagan,False,creator,
@MrReaganUSA,videos,26.0,0.3076923076923077,0.0,0.23076923076923078,0.07692307692307693,0.0,0.038461538461538464,0.0,0.23076923076923078,0.038461538461538464,0.5384615384615384,0.0,True,right_commentary,Mr Reagan,False,creator,
@MrTariqNasheed,streams,19.0,0.631578947368421,0.0,0.0,0.10526315789473684,0.0,0.05263157894736842,0.0,0.21052631578947367,0.10526315789473684,0.3684210526315789,0.0,True,left_commentary,Tariq Nasheed,False,creator,
@MrTariqNasheed,videos,403.0,0.4218362282878412,0.007444168734491315,0.0,0.017369727047146403,0.0024813895781637717,0.05707196029776675,0.0,0.18858560794044665,0.0794044665012407,0.4640198511166253,0.0,False,left_commentary,Tariq Nasheed,False,creator,
@MyronGainesX,streams,245.0,0.19183673469387755,0.04081632653061224,0.0,0.18775510204081633,0.1306122448979592,0.14285714285714285,0.0,0.17551020408163265,0.053061224489795916,0.7755102040816326,0.0,False,right_commentary,Myron Gaines,False,creator,
@MyronGainesX,videos,389.0,0.06940874035989718,0.0,0.0,0.11568123393316196,0.07712082262210797,0.15938303341902313,0.0,0.2519280205655527,0.04627249357326478,0.8251928020565553,0.0,False,right_commentary,Myron Gaines,False,creator,
@NBCNews,streams,367.0,0.0,0.6158038147138964,0.0,0.06267029972752043,0.005449591280653951,0.010899182561307902,0.0,0.0027247956403269754,0.005449591280653951,0.027247956403269755,0.0,False,us_legacy_tv,NBC News,False,creator,
@NBCNews,videos,6499.0,0.036621018618248964,0.014156024003692876,0.0,0.12432681951069395,0.01092475765502385,0.033543622095707035,0.00015386982612709647,0.01354054469918449,0.038159716879519925,0.21634097553469764,0.0004616094783812894,False,us_legacy_tv,NBC News,False,creator,
@NPR,streams,1.0,0.0,1.0,0.0,0.0,0.0,0.0,0.0,0.0,0.0,0.0,0.0,True,us_press_print_digital,NPR,False,creator,
@NPR,videos,70.0,0.2,0.0,0.0,0.02857142857142857,0.0,0.0,0.02857142857142857,0.1,0.0,0.12857142857142856,0.0,False,us_press_print_digital,NPR,False,creator,
@NYTOpinion,videos,29.0,0.3103448275862069,0.0,0.0,0.034482758620689655,0.0,0.0,0.0,0.13793103448275862,0.034482758620689655,0.1724137931034483,0.0,True,us_press_print_digital,New York Times,False,creator,
@NYTPodcasts,videos,481.0,0.19126819126819128,0.0,0.010395010395010396,0.05197505197505198,0.0,0.04158004158004158,0.002079002079002079,0.09147609147609148,0.018711018711018712,0.3201663201663202,0.0,False,us_press_print_digital,New York Times,False,creator,
@NewsNation,streams,302.0,0.25496688741721857,0.39403973509933776,0.0033112582781456954,0.3211920529801324,0.009933774834437087,0.19536423841059603,0.0,0.03642384105960265,0.009933774834437087,0.18211920529801323,0.0,False,us_legacy_tv,NewsNation,False,creator,
@NewsNation,videos,7372.0,0.112316874660879,0.007596310363537711,0.015735214324470972,0.06443298969072164,0.020075963103635377,0.05439500813890396,0.00040694519804666303,0.03757460661964189,0.023060227889310905,0.28309820944112857,0.0005425935973955507,False,us_legacy_tv,NewsNation,False,creator,
@NewsmaxTV,streams,399.0,0.09022556390977443,0.040100250626566414,0.8646616541353384,0.02756892230576441,0.002506265664160401,0.05012531328320802,0.0,0.02756892230576441,0.010025062656641603,0.5338345864661654,0.002506265664160401,False,right_tv_network,Newsmax,False,creator,
@NewsmaxTV,videos,3944.0,0.03955375253549696,0.03169371196754564,0.05476673427991886,0.05907707910750507,0.023073022312373227,0.0654158215010142,0.0002535496957403651,0.03803245436105477,0.010141987829614604,0.4832657200811359,0.0010141987829614604,False,right_tv_network,Newsmax,False,creator,
@NickCruseRBN,streams,103.0,0.1650485436893204,0.02912621359223301,0.02912621359223301,0.3883495145631068,0.0,0.0970873786407767,0.0,0.0970873786407767,0.02912621359223301,0.8543689320388349,0.0,False,left_commentary,Revolutionary Blackout Network,False,creator,
@NickCruseRBN,videos,23.0,0.043478260869565216,0.0,0.0,0.17391304347826086,0.0,0.08695652173913043,0.0,0.08695652173913043,0.0,0.9565217391304348,0.0,True,left_commentary,Revolutionary Blackout Network,False,creator,
@NickShirley,streams,13.0,0.23076923076923078,0.07692307692307693,0.0,0.07692307692307693,0.0,0.07692307692307693,0.0,0.07692307692307693,0.07692307692307693,0.23076923076923078,0.0,True,right_commentary,Nick Shirley,False,creator,
@NickShirley,videos,32.0,0.0,0.0,0.0,0.125,0.0,0.09375,0.0,0.03125,0.03125,0.5,0.0,True,right_commentary,Nick Shirley,False,creator,
@NovaraMedia,streams,4.0,0.0,0.0,0.0,0.0,0.0,0.25,0.0,0.25,0.0,0.75,0.0,True,independent_digital_news,Novara Media,False,creator,
@NovaraMedia,videos,585.0,0.12136752136752137,0.011965811965811967,0.0,0.08205128205128205,0.010256410256410256,0.06666666666666667,0.0,0.05299145299145299,0.03076923076923077,0.6376068376068376,0.0,False,independent_digital_news,Novara Media,False,creator,
@OfficialFlagrant,videos,35.0,0.22857142857142856,0.0,0.37142857142857144,0.08571428571428572,0.08571428571428572,0.05714285714285714,0.0,0.2,0.02857142857142857,0.5142857142857142,0.0,True,humour_satire,Flagrant,False,creator,
@OfficialSaharTV,streams,2.0,0.0,0.0,0.0,0.0,0.0,0.5,0.0,0.0,0.0,0.0,0.0,True,right_commentary,Sahar TV,False,creator,
@OfficialSaharTV,videos,893.0,0.0,0.036954087346024636,0.0,0.07390817469204927,0.03919372900335946,0.10526315789473684,0.0,0.027995520716685332,0.07166853303471445,0.8992161254199328,0.0011198208286674132,False,right_commentary,Sahar TV,False,creator,
@OutKick,videos,51.0,0.23529411764705882,0.0,0.0,0.6666666666666666,0.0196078431372549,0.0784313725490196,0.0,0.0392156862745098,0.0,0.43137254901960786,0.0,False,right_commentary,Fox Corporation,False,creator,
@OwenJonesTalks,videos,233.0,0.1459227467811159,0.004291845493562232,0.0,0.19313304721030042,0.0,0.10300429184549356,0.0,0.09871244635193133,0.030042918454935622,0.8412017167381974,0.0,False,left_commentary,Owen Jones,False,creator,
@OwenReport,streams,178.0,0.0898876404494382,0.011235955056179775,0.0,0.12359550561797752,0.03932584269662921,0.02247191011235955,0.0,0.05056179775280899,0.0056179775280898875,0.6741573033707865,0.0,False,right_commentary,Owen Shroyer,False,creator,
@OwenReport,videos,388.0,0.1211340206185567,0.0,0.0,0.17783505154639176,0.01288659793814433,0.04896907216494845,0.0,0.041237113402061855,0.015463917525773196,0.7087628865979382,0.0,False,right_commentary,Owen Shroyer,False,creator,
@PBDPodcast,streams,118.0,0.1016949152542373,0.00847457627118644,0.847457627118644,0.07627118644067797,0.01694915254237288,0.19491525423728814,0.0,0.00847457627118644,0.025423728813559324,0.652542372881356,0.0,False,interview_podcast,Valuetainment,False,creator,
@PBDPodcast,videos,38.0,0.13157894736842105,0.0,0.868421052631579,0.02631578947368421,0.0,0.10526315789473684,0.0,0.07894736842105263,0.02631578947368421,0.3684210526315789,0.0,True,interview_podcast,Valuetainment,False,creator,
@POLITICO,videos,295.0,0.2576271186440678,0.006779661016949152,0.0,0.06440677966101695,0.013559322033898305,0.03728813559322034,0.003389830508474576,0.08135593220338982,0.020338983050847456,0.30847457627118646,0.0,False,us_press_print_digital,Politico,False,creator,
@PTLRadioShow,streams,201.0,0.03980099502487562,0.009950248756218905,0.0,0.1044776119402985,0.014925373134328358,0.0945273631840796,0.0,0.014925373134328358,0.004975124378109453,0.6218905472636815,0.0,False,left_commentary,Pushing the Limits,False,creator,
@PTLRadioShow,videos,1684.0,0.027909738717339667,0.004156769596199525,0.0005938242280285036,0.07719714964370546,0.040380047505938245,0.2695961995249406,0.0,0.050475059382422804,0.012470308788598575,0.8022565320665083,0.005344418052256532,False,left_commentary,Pushing the Limits,False,creator,
@PartOfTheProblem,videos,103.0,0.02912621359223301,0.0,0.0,0.06796116504854369,0.07766990291262135,0.05825242718446602,0.0,0.009708737864077669,0.0,0.5048543689320388,0.0,False,right_commentary,Dave Smith,False,creator,
@PerunAU,videos,37.0,0.2972972972972973,0.0,0.0,0.02702702702702703,0.02702702702702703,0.02702702702702703,0.0,0.0,0.0,0.10810810810810811,0.0,True,explainer_geopolitics,Perun,False,creator,
@PhillipScottPodcast,streams,153.0,0.0784313725490196,0.0,0.0,0.08496732026143791,0.0,0.11764705882352941,0.0,0.1437908496732026,0.0392156862745098,0.7647058823529411,0.0,False,left_commentary,Phillip Scott,False,creator,
@PhillipScottPodcast,videos,7.0,0.14285714285714285,0.0,0.0,0.14285714285714285,0.0,0.14285714285714285,0.0,0.2857142857142857,0.0,0.8571428571428571,0.0,True,left_commentary,Phillip Scott,False,creator,
@PiersMorganUncensored,videos,181.0,0.143646408839779,0.0055248618784530384,0.0,0.292817679558011,0.016574585635359115,0.3867403314917127,0.0,0.016574585635359115,0.011049723756906077,0.6795580110497238,0.0,False,interview_podcast,Piers Morgan,False,creator,
@PiscoLitty,videos,56.0,0.125,0.017857142857142856,0.0,0.125,0.0,0.5,0.0,0.08928571428571429,0.0,0.6964285714285714,0.0,False,streamer_reaction,Pisco,False,creator,
@Politicon,streams,1.0,0.0,0.0,0.0,0.0,0.0,0.0,0.0,0.0,0.0,0.0,0.0,True,interview_podcast,Politicon,False,creator,
@Politicon,videos,496.0,0.20161290322580644,0.0020161290322580645,0.0,0.14919354838709678,0.012096774193548387,0.04233870967741935,0.0,0.08266129032258064,0.018145161290322582,0.40524193548387094,0.004032258064516129,False,interview_podcast,Politicon,False,creator,
@PoliticsGirl,videos,116.0,0.2672413793103448,0.008620689655172414,0.0,0.1896551724137931,0.0,0.008620689655172414,0.0,0.06896551724137931,0.05172413793103448,0.43103448275862066,0.0,False,left_commentary,PoliticsGirl,False,creator,
@PoliticsJOE,videos,339.0,0.16224188790560473,0.058997050147492625,0.0,0.17404129793510326,0.038348082595870206,0.12094395280235988,0.0,0.07669616519174041,0.04129793510324484,0.49557522123893805,0.0,False,independent_digital_news,PoliticsJOE,False,creator,
@PragerU,streams,31.0,0.25806451612903225,0.03225806451612903,0.0,0.16129032258064516,0.0,0.2903225806451613,0.0,0.03225806451612903,0.0,0.5483870967741935,0.0,True,right_commentary,PragerU,False,creator,
@PragerU,videos,385.0,0.2727272727272727,0.0025974025974025974,0.03116883116883117,0.08051948051948052,0.012987012987012988,0.04935064935064935,0.0025974025974025974,0.18701298701298702,0.02077922077922078,0.22597402597402597,0.0,False,right_commentary,PragerU,False,creator,
@PrisonPlanetLive,videos,46.0,0.10869565217391304,0.0,0.0,0.021739130434782608,0.0,0.0,0.0,0.021739130434782608,0.17391304347826086,0.717391304347826,0.021739130434782608,True,right_commentary,Paul Joseph Watson,False,creator,
@RSBN,streams,337.0,0.0,0.9940652818991098,0.9851632047477745,0.12462908011869436,0.0,0.0,0.0,0.005934718100890208,0.020771513353115726,0.06231454005934718,0.0,False,right_tv_network,RSBN,False,creator,
@RSBN,videos,1640.0,0.0012195121951219512,0.6378048780487805,0.9932926829268293,0.21646341463414634,0.006707317073170732,0.025,0.0,0.029878048780487804,0.009146341463414634,0.14146341463414633,0.0,False,right_tv_network,RSBN,False,creator,
@RealAlexClark,videos,79.0,0.3924050632911392,0.0,0.0,0.06329113924050633,0.012658227848101266,0.05063291139240506,0.0,0.31645569620253167,0.012658227848101266,0.189873417721519,0.0,False,right_commentary,Turning Point USA,False,creator,
@RealAmericasVoice,streams,1543.0,0.0064808813998703824,0.09462086843810759,0.0012961762799740765,0.20285158781594298,0.0038885288399222295,0.11211924821775761,0.014257939079714841,0.010369410239792612,0.010369410239792612,0.7731691510045366,0.0,False,right_tv_network,Real America's Voice,False,creator,
@RealAmericasVoice,videos,2653.0,0.10441010177157935,0.02789295137580098,0.0007538635506973238,0.02977761025254429,0.02412363362231436,0.12815680361854503,0.0003769317753486619,0.079155672823219,0.016584998115341122,0.6486995853750471,0.0003769317753486619,False,right_tv_network,Real America's Voice,False,creator,
@RealDanBongino,videos,266.0,0.17293233082706766,0.007518796992481203,0.5639097744360902,0.05263157894736842,0.007518796992481203,0.03759398496240601,0.0037593984962406013,0.07142857142857142,0.09774436090225563,0.575187969924812,0.0037593984962406013,False,right_commentary,Dan Bongino,False,creator,
@RebelHQ,videos,1292.0,0.005417956656346749,0.003869969040247678,0.0,0.09829721362229102,0.007739938080495356,0.21749226006191952,0.0,0.007739938080495356,0.01393188854489164,0.9427244582043344,0.01934984520123839,False,left_commentary,TYT Network,False,creator,
@RebelNewsOnline,streams,195.0,0.020512820512820513,0.06666666666666667,0.0,0.041025641025641026,0.041025641025641026,0.09230769230769231,0.0,0.005128205128205128,0.020512820512820513,0.676923076923077,0.0,False,independent_digital_news,Rebel News,False,creator,
@RebelNewsOnline,videos,1358.0,0.1134020618556701,0.0066273932253313695,0.0,0.04197349042709867,0.011782032400589101,0.055964653902798235,0.0007363770250368188,0.06774668630338733,0.08689248895434462,0.6325478645066274,0.0029455081001472753,False,independent_digital_news,Rebel News,False,creator,
@RedactedNews,streams,140.0,0.1357142857142857,0.12857142857142856,0.0,0.12857142857142856,0.014285714285714285,0.05714285714285714,0.0,0.02142857142857143,0.03571428571428571,0.8428571428571429,0.0,False,independent_digital_news,Redacted,False,creator,
@RedactedNews,videos,452.0,0.13053097345132744,0.02654867256637168,0.0,0.05088495575221239,0.011061946902654867,0.048672566371681415,0.0,0.07300884955752213,0.059734513274336286,0.7477876106194691,0.0,False,independent_digital_news,Redacted,False,creator,
@RekietaLaw,streams,106.0,0.1792452830188679,0.07547169811320754,0.02830188679245283,0.12264150943396226,0.009433962264150943,0.0660377358490566,0.0,0.09433962264150944,0.018867924528301886,0.37735849056603776,0.0,False,legal_institutional,Rekieta Law,False,creator,
@RekietaLaw,videos,18.0,0.2222222222222222,0.0,0.0,0.05555555555555555,0.05555555555555555,0.16666666666666666,0.0,0.1111111111111111,0.0,0.6111111111111112,0.0,True,legal_institutional,Rekieta Law,False,creator,
@RestPoliticsUS,streams,5.0,0.0,0.2,0.0,0.0,0.4,0.2,0.0,0.0,0.0,0.8,0.0,True,centrist_heterodox,The Rest Is Politics US,False,creator,
@RestPoliticsUS,videos,220.0,0.2636363636363636,0.0,0.022727272727272728,0.07272727272727272,0.0,0.06818181818181818,0.0,0.22727272727272727,0.01818181818181818,0.8,0.0,False,centrist_heterodox,The Rest Is Politics US,False,creator,
@Reuters,streams,2008.0,0.0,0.9945219123505976,0.0,0.04930278884462151,0.00597609561752988,0.01593625498007968,0.0,0.00049800796812749,0.029880478087649404,0.09113545816733068,0.00049800796812749,False,wire_international,Reuters,False,creator,
@Reuters,videos,8076.0,0.07317979197622586,0.0006191183754333828,0.0006191183754333828,0.04990094105993066,0.006315007429420505,0.02897473997028232,0.0,0.020059435364041606,0.016220901436354632,0.2527241208519069,0.0003714710252600297,False,wire_international,Reuters,False,creator,
@RileyGaines,videos,143.0,0.14685314685314685,0.0,0.0,0.0979020979020979,0.013986013986013986,0.11188811188811189,0.0,0.13986013986013987,0.04895104895104895,0.4965034965034965,0.0,False,right_commentary,Riley Gaines,False,creator,
@RobertGouveiaEsq,streams,385.0,0.06753246753246753,0.01038961038961039,0.0,0.02857142857142857,0.012987012987012988,0.11688311688311688,0.0,0.007792207792207792,0.005194805194805195,0.9272727272727272,0.0,False,legal_institutional,Robert Gouveia,False,creator,
@RobertGouveiaEsq,videos,696.0,0.0028735632183908046,0.0,0.0,0.0617816091954023,0.004310344827586207,0.1206896551724138,0.0,0.0014367816091954023,0.004310344827586207,0.9612068965517241,0.0,False,legal_institutional,Robert Gouveia,False,creator,
@RonPlacone,streams,28.0,0.2857142857142857,0.14285714285714285,0.0,0.07142857142857142,0.0,0.07142857142857142,0.0,0.07142857142857142,0.0,0.6071428571428571,0.0,True,humour_satire,Ron Placone,False,creator,
@RonPlacone,videos,66.0,0.21212121212121213,0.07575757575757576,0.0,0.12121212121212122,0.0,0.09090909090909091,0.0,0.045454545454545456,0.045454545454545456,0.30303030303030304,0.0,False,humour_satire,Ron Placone,False,creator,
@RubinReport,streams,114.0,0.03508771929824561,0.05263157894736842,0.0,0.11403508771929824,0.14035087719298245,0.13157894736842105,0.0,0.07017543859649122,0.06140350877192982,0.7894736842105263,0.017543859649122806,False,right_commentary,Rubin Report,False,creator,
@RubinReport,videos,1047.0,0.04393505253104107,0.08691499522445081,0.1041069723018147,0.10888252148997135,0.06208213944603629,0.1279847182425979,0.0028653295128939827,0.05921680993314231,0.021967526265520534,0.7583572110792741,0.008595988538681949,False,right_commentary,Rubin Report,False,creator,
@RufoandLomez,videos,80.0,0.3,0.025,0.6125,0.1375,0.0,0.0375,0.0,0.1625,0.0125,0.5125,0.0,False,right_commentary,Rufo & Lomez,False,creator,
@SMN,streams,8.0,0.25,0.0,0.0,0.0,0.0,0.0,0.0,0.0,0.0,0.5,0.0,True,humour_satire,Some More News,False,creator,
@SMN,videos,197.0,0.20812182741116753,0.0,0.0,0.10152284263959391,0.01015228426395939,0.015228426395939087,0.0,0.06091370558375635,0.02030456852791878,0.5939086294416244,0.0,False,humour_satire,Some More News,False,creator,
@SNEAKO,videos,5.0,0.4,0.0,0.0,0.0,0.0,0.0,0.0,0.2,0.0,0.4,0.0,True,streamer_reaction,SNEAKO,False,creator,
@SabbySabs,streams,103.0,0.0,0.02912621359223301,0.0,0.39805825242718446,0.019417475728155338,0.24271844660194175,0.0,0.009708737864077669,0.04854368932038835,0.9902912621359223,0.0,False,left_commentary,Sabby Sabs,False,creator,
@SabbySabs,videos,626.0,0.0926517571884984,0.12140575079872204,0.0,0.11661341853035144,0.003194888178913738,0.05750798722044728,0.0,0.03194888178913738,0.039936102236421724,0.8450479233226837,0.0,False,left_commentary,Sabby Sabs,False,creator,
@SaltyCracker,videos,387.0,0.007751937984496124,0.0,0.0,0.059431524547803614,0.0,0.056847545219638244,0.0,0.0103359173126615,0.00516795865633075,0.8320413436692506,0.002583979328165375,False,streamer_reaction,Salty Cracker,False,creator,
@SavSays,streams,1.0,0.0,0.0,0.0,0.0,0.0,0.0,0.0,0.0,0.0,0.0,0.0,True,right_commentary,Sav Says,False,creator,
@SavSays,videos,16.0,0.125,0.0,0.0,0.0,0.0625,0.0,0.0625,0.25,0.0,0.75,0.0,True,right_commentary,Sav Says,False,creator,
@SecondThought,videos,20.0,0.2,0.0,0.0,0.0,0.0,0.0,0.0,0.1,0.05,0.65,0.0,True,left_commentary,Second Thought,False,creator,
@SecularTalk,streams,1.0,0.0,0.0,0.0,1.0,0.0,0.0,0.0,0.0,0.0,1.0,0.0,True,left_commentary,Kyle Kulinski,False,creator,
@SecularTalk,videos,1458.0,0.02880658436213992,0.08916323731138547,0.0,0.06790123456790123,0.009602194787379973,0.05486968449931413,0.0006858710562414266,0.023319615912208505,0.013031550068587106,0.9574759945130316,0.0027434842249657062,False,left_commentary,Kyle Kulinski,False,creator,
@Semafor,streams,30.0,0.0,0.0,0.0,0.0,0.0,0.0,0.0,0.0,0.06666666666666667,0.03333333333333333,0.0,True,us_press_print_digital,Semafor,False,creator,
@Semafor,videos,153.0,0.13071895424836602,0.0,0.0,0.0784313725490196,0.0,0.0196078431372549,0.0,0.0718954248366013,0.0,0.06535947712418301,0.0,False,us_press_print_digital,Semafor,False,creator,
@Shoe0nHead,videos,10.0,0.3,0.0,0.1,0.0,0.1,0.0,0.0,0.0,0.0,0.6,0.0,True,centrist_heterodox,Shoe0nHead,False,creator,
@SkyNews,streams,1968.0,0.04369918699186992,0.017784552845528455,0.0,0.2535569105691057,0.030995934959349592,0.030995934959349592,0.0,0.03404471544715447,0.048272357723577235,0.25914634146341464,0.0,False,wire_international,Sky News,False,creator,
@SkyNews,videos,3677.0,0.2156649442480283,0.012510198531411477,0.0,0.07696491705194453,0.018221376121838457,0.02774000543921675,0.0,0.12238237693772097,0.048952950775088384,0.34348653793853684,0.0,False,wire_international,Sky News,False,creator,
@StatusCoup,streams,157.0,0.03184713375796178,0.9490445859872612,0.0,0.09554140127388536,0.0,0.08917197452229299,0.0,0.0,0.0,0.821656050955414,0.0,False,independent_digital_news,Status Coup,False,creator,
@StatusCoup,videos,517.0,0.09671179883945841,0.07930367504835589,0.0,0.07156673114119923,0.0,0.06769825918762089,0.0019342359767891683,0.025145067698259187,0.02127659574468085,0.8955512572533849,0.0,False,independent_digital_news,Status Coup,False,creator,
@StevenCrowder,streams,8.0,0.125,0.25,0.0,0.375,0.125,0.375,0.0,0.125,0.0,0.25,0.0,True,right_commentary,Louder with Crowder,False,creator,
@StevenCrowder,videos,169.0,0.1242603550295858,0.023668639053254437,0.0,0.05325443786982249,0.01775147928994083,0.05325443786982249,0.01775147928994083,0.08875739644970414,0.029585798816568046,0.727810650887574,0.0,False,right_commentary,Louder with Crowder,False,creator,
@StosselTV,videos,50.0,0.16,0.0,0.18,0.12,0.0,0.12,0.0,0.26,0.0,0.44,0.0,False,right_commentary,John Stossel,False,creator,
@Styxhexenhammer666,streams,27.0,0.0,1.0,0.0,0.0,0.0,0.07407407407407407,0.0,0.0,0.0,0.25925925925925924,0.0,True,right_commentary,Styxhexenhammer,False,creator,
@Styxhexenhammer666,videos,446.0,0.08295964125560538,0.008968609865470852,0.0,0.042600896860986545,0.002242152466367713,0.03139013452914798,0.0,0.026905829596412557,0.02242152466367713,0.5246636771300448,0.004484304932735426,False,right_commentary,Styxhexenhammer,False,creator,
@SydneyWatson,videos,61.0,0.03278688524590164,0.01639344262295082,0.01639344262295082,0.0,0.0,0.01639344262295082,0.0,0.01639344262295082,0.03278688524590164,0.819672131147541,0.0,False,right_commentary,Sydney Watson,False,creator,
@TechCrunch,videos,145.0,0.35172413793103446,0.0,0.006896551724137931,0.19310344827586207,0.0,0.041379310344827586,0.006896551724137931,0.1793103448275862,0.006896551724137931,0.08275862068965517,0.0,False,us_press_print_digital,TechCrunch,False,creator,
@TheAdamCarollaShow1,videos,395.0,0.10379746835443038,0.020253164556962026,0.07848101265822785,0.1341772151898734,0.060759493670886074,0.10886075949367088,0.0,0.0810126582278481,0.02278481012658228,0.4177215189873418,0.002531645569620253,False,interview_podcast,Adam Carolla,False,creator,
@TheAmalaEkpunobi,streams,12.0,0.16666666666666666,0.08333333333333333,0.0,0.08333333333333333,0.0,0.0,0.0,0.0,0.0,0.6666666666666666,0.0,True,right_commentary,Amala Ekpunobi,False,creator,
@TheAmalaEkpunobi,videos,211.0,0.15639810426540285,0.004739336492890996,0.0,0.014218009478672985,0.04739336492890995,0.05687203791469194,0.0,0.02843601895734597,0.04739336492890995,0.7014218009478673,0.009478672985781991,False,right_commentary,Amala Ekpunobi,False,creator,
@TheAtlantic,streams,5.0,0.0,0.0,0.0,0.6,0.0,0.0,0.0,0.2,0.0,0.0,0.0,True,us_press_print_digital,The Atlantic,False,creator,
@TheAtlantic,videos,166.0,0.4036144578313253,0.006024096385542169,0.006024096385542169,0.10843373493975904,0.012048192771084338,0.018072289156626505,0.0,0.13253012048192772,0.03614457831325301,0.3433734939759036,0.0,False,us_press_print_digital,The Atlantic,False,creator,
@TheBrianKilmeadeShow,streams,2.0,0.0,1.0,0.0,0.0,0.0,0.0,0.0,0.0,0.0,0.0,0.0,True,right_commentary,Fox News,False,creator,
@TheBrianKilmeadeShow,videos,352.0,0.3096590909090909,0.002840909090909091,0.0,0.048295454545454544,0.019886363636363636,0.09659090909090909,0.0,0.1590909090909091,0.022727272727272728,0.5738636363636364,0.0,False,right_commentary,Fox News,False,creator,
@TheDailyBeast,streams,34.0,0.23529411764705882,0.35294117647058826,0.0,0.17647058823529413,0.0,0.08823529411764706,0.0,0.20588235294117646,0.058823529411764705,0.7058823529411765,0.0,True,us_press_print_digital,Daily Beast,False,creator,
@TheDailyBeast,videos,322.0,0.3944099378881988,0.0,0.0,0.031055900621118012,0.0,0.037267080745341616,0.0,0.36645962732919257,0.003105590062111801,0.8105590062111802,0.0,False,us_press_print_digital,Daily Beast,False,creator,
@TheDamageReport,streams,271.0,0.2693726937269373,0.0,0.0,0.08118081180811808,0.014760147601476014,0.12177121771217712,0.0,0.01845018450184502,0.014760147601476014,0.8191881918819188,0.0036900369003690036,False,left_commentary,TYT Network,False,creator,
@TheDamageReport,videos,3204.0,0.0028089887640449437,0.001560549313358302,0.28308364544319603,0.15418227215980024,0.004369538077403246,0.10268414481897628,0.0,0.0028089887640449437,0.0046816479400749065,0.6860174781523096,0.0028089887640449437,False,left_commentary,TYT Network,False,creator,
@TheDonLemonShow,streams,400.0,0.1775,0.02,0.125,0.135,0.0075,0.05,0.0025,0.0225,0.0375,0.73,0.0025,False,left_commentary,Don Lemon,False,creator,
@TheDonLemonShow,videos,366.0,0.16666666666666666,0.01912568306010929,0.0,0.07650273224043716,0.01639344262295082,0.07377049180327869,0.0,0.060109289617486336,0.04918032786885246,0.6639344262295082,0.00546448087431694,False,left_commentary,Don Lemon,False,creator,
@TheEconomist,videos,137.0,0.7591240875912408,0.0,0.0,0.06569343065693431,0.0072992700729927005,0.0,0.0,0.22627737226277372,0.051094890510948905,0.30656934306569344,0.0,False,wire_international,The Economist,False,creator,
@TheHumanistReport,streams,35.0,0.02857142857142857,0.0,1.0,0.37142857142857144,0.02857142857142857,0.05714285714285714,0.0,0.0,0.0,0.5428571428571428,0.0,True,left_commentary,Humanist Report,False,creator,
@TheHumanistReport,videos,154.0,0.07792207792207792,0.09090909090909091,0.0,0.11038961038961038,0.006493506493506494,0.07142857142857142,0.0,0.09090909090909091,0.006493506493506494,0.8506493506493507,0.0,False,left_commentary,Humanist Report,False,creator,
@TheJoyReidShow,streams,140.0,0.05714285714285714,0.06428571428571428,0.0,0.1,0.007142857142857143,0.03571428571428571,0.007142857142857143,0.02142857142857143,0.02142857142857143,0.44285714285714284,0.0,False,left_commentary,Joy Reid,False,creator,
@TheJoyReidShow,videos,238.0,0.12184873949579832,0.02100840336134454,0.0,0.14285714285714285,0.012605042016806723,0.06302521008403361,0.004201680672268907,0.06722689075630252,0.012605042016806723,0.46638655462184875,0.0,False,left_commentary,Joy Reid,False,creator,
@TheLincolnProject,streams,28.0,0.25,0.0,0.07142857142857142,0.07142857142857142,0.03571428571428571,0.07142857142857142,0.0,0.07142857142857142,0.03571428571428571,0.75,0.0,True,centrist_heterodox,Lincoln Project,False,creator,
@TheLincolnProject,videos,123.0,0.10569105691056911,0.008130081300813009,0.0,0.04878048780487805,0.0,0.07317073170731707,0.0,0.016260162601626018,0.024390243902439025,0.5365853658536586,0.0,False,centrist_heterodox,Lincoln Project,False,creator,
@TheMajorityReport,streams,195.0,0.10256410256410256,0.0,0.0,0.9128205128205128,0.010256410256410256,0.046153846153846156,0.005128205128205128,0.03076923076923077,0.005128205128205128,0.48205128205128206,0.0,False,left_commentary,Majority Report,False,creator,
@TheMajorityReport,videos,1657.0,0.11466505733252867,0.004224502112251056,0.0,0.05431502715751358,0.006638503319251659,0.05491852745926373,0.0006035003017501509,0.03198551599275799,0.016294508147254073,0.7042848521424261,0.0012070006035003018,False,left_commentary,Majority Report,False,creator,
@TheMichaelCohenShow,videos,479.0,0.1127348643006263,0.037578288100208766,0.0020876826722338203,0.04592901878914405,0.012526096033402923,0.06889352818371608,0.0,0.037578288100208766,0.04592901878914405,0.7933194154488518,0.0,False,left_commentary,MeidasTouch Network,False,creator,
@TheOfficerTatum,streams,194.0,0.19072164948453607,0.8556701030927835,0.7835051546391752,0.10824742268041238,0.010309278350515464,0.03608247422680412,0.0,0.015463917525773196,0.04639175257731959,0.6134020618556701,0.0,False,right_commentary,Officer Tatum,False,creator,
@TheOfficerTatum,videos,617.0,0.10210696920583469,0.04538087520259319,0.07455429497568881,0.09076175040518639,0.006482982171799027,0.08427876823338736,0.0,0.05672609400324149,0.029173419773095625,0.873581847649919,0.004862236628849271,False,right_commentary,Officer Tatum,False,creator,
@ThePodcastoftheLotusEaters,streams,179.0,0.11731843575418995,0.0335195530726257,0.00558659217877095,0.36312849162011174,0.00558659217877095,0.0223463687150838,0.0,0.01675977653631285,0.0670391061452514,0.4245810055865922,0.0,False,right_commentary,Lotus Eaters,False,creator,
@ThePodcastoftheLotusEaters,videos,622.0,0.12540192926045016,0.0,0.0,0.014469453376205787,0.006430868167202572,0.03054662379421222,0.001607717041800643,0.03536977491961415,0.03536977491961415,0.4790996784565916,0.001607717041800643,False,right_commentary,Lotus Eaters,False,creator,
@TheQuartering,videos,675.0,0.011851851851851851,0.0014814814814814814,0.0014814814814814814,0.03111111111111111,0.011851851851851851,0.07407407407407407,0.0014814814814814814,0.007407407407407408,0.025185185185185185,0.9362962962962963,0.0014814814814814814,False,right_commentary,TheQuartering,False,creator,
@TheRealTabithaSpeaks,streams,4.0,0.0,0.25,0.0,0.0,0.25,0.0,0.0,0.0,0.0,0.0,0.0,True,left_commentary,Tabitha Speaks,False,creator,
@TheRealTabithaSpeaks,videos,452.0,0.084070796460177,0.0022123893805309734,0.0,0.05088495575221239,0.022123893805309734,0.024336283185840708,0.0,0.035398230088495575,0.06415929203539823,0.6570796460176991,0.0,False,left_commentary,Tabitha Speaks,False,creator,
@TheSerfTimes,streams,103.0,0.23300970873786409,0.0,0.0,0.04854368932038835,0.009708737864077669,0.30097087378640774,0.0,0.009708737864077669,0.009708737864077669,0.8058252427184466,0.009708737864077669,False,streamer_reaction,Serf Times,False,creator,
@TheSerfTimes,videos,247.0,0.1902834008097166,0.0,0.0,0.032388663967611336,0.008097165991902834,0.1417004048582996,0.0,0.04048582995951417,0.02834008097165992,0.6963562753036437,0.008097165991902834,False,streamer_reaction,Serf Times,False,creator,
@TheVaushPit,videos,403.0,0.11166253101736973,0.007444168734491315,0.0024813895781637717,0.03970223325062035,0.0024813895781637717,0.04218362282878412,0.0,0.03970223325062035,0.06699751861042183,0.6004962779156328,0.0,False,streamer_reaction,Vaush,True,creator,
@TheYoungTurks,streams,428.0,0.13551401869158877,0.14018691588785046,0.0,0.16822429906542055,0.02102803738317757,0.1191588785046729,0.0,0.0397196261682243,0.02570093457943925,0.7780373831775701,0.0,False,left_commentary,TYT Network,False,creator,
@TheYoungTurks,videos,2868.0,0.04079497907949791,0.011506276150627616,0.3183403068340307,0.10564853556485355,0.012203626220362623,0.06485355648535565,0.0,0.03172942817294282,0.014295676429567642,0.5547419804741981,0.0010460251046025104,False,left_commentary,TYT Network,False,creator,
@The_Crucible,streams,5.0,0.2,0.2,1.0,0.0,0.0,0.6,0.0,0.0,0.0,0.2,0.0,True,streamer_reaction,The Crucible,False,creator,
@The_Crucible,videos,226.0,0.09734513274336283,0.008849557522123894,0.01327433628318584,0.1415929203539823,0.030973451327433628,0.3230088495575221,0.0,0.03982300884955752,0.0752212389380531,0.5973451327433629,0.004424778761061947,False,streamer_reaction,The Crucible,False,creator,
@TimDillonShow,videos,68.0,0.0,0.0,1.0,0.3235294117647059,0.058823529411764705,0.029411764705882353,0.0,0.0,0.0,0.27941176470588236,0.0,False,humour_satire,Tim Dillon,False,creator,
@Tim_Black,streams,16.0,0.1875,0.0,0.0,0.0625,0.125,0.125,0.0,0.0625,0.0,0.625,0.0,True,left_commentary,Tim Black,False,creator,
@Tim_Black,videos,329.0,0.2066869300911854,0.0,0.0,0.0182370820668693,0.0243161094224924,0.08206686930091185,0.00911854103343465,0.1641337386018237,0.02735562310030395,0.6869300911854104,0.0060790273556231,False,left_commentary,Tim Black,False,creator,
@Timcast,streams,6.0,0.0,0.0,0.0,0.3333333333333333,0.0,0.16666666666666666,0.0,0.0,0.0,0.5,0.0,True,right_commentary,Timcast,False,creator,
@Timcast,videos,183.0,0.01092896174863388,0.0,0.0,0.14754098360655737,0.0,0.04918032786885246,0.0,0.02185792349726776,0.0273224043715847,0.8907103825136612,0.0,False,right_commentary,Timcast,False,creator,
@TimcastIRL,streams,154.0,0.006493506493506494,0.025974025974025976,0.2012987012987013,0.24025974025974026,0.0,0.01948051948051948,0.0,0.0,0.006493506493506494,0.9025974025974026,0.0,False,right_commentary,Timcast,False,creator,
@TimcastIRL,videos,855.0,0.0011695906432748538,0.0035087719298245615,0.0011695906432748538,0.021052631578947368,0.005847953216374269,0.06666666666666667,0.0,0.011695906432748537,0.0304093567251462,0.8549707602339182,0.005847953216374269,False,right_commentary,Timcast,False,creator,
@TimcastNews,streams,8.0,0.0,0.625,0.0,0.0,0.0,0.125,0.0,0.0,0.0,0.5,0.0,True,right_commentary,Timcast,False,creator,
@TimcastNews,videos,534.0,0.024344569288389514,0.0056179775280898875,0.0,0.009363295880149813,0.0018726591760299626,0.0449438202247191,0.0,0.011235955056179775,0.03745318352059925,0.9044943820224719,0.0056179775280898875,False,right_commentary,Timcast,False,creator,
@TimesNowWorld,streams,3006.0,0.08782435129740519,0.9337990685296075,0.00033266799733865603,0.04491017964071856,0.020958083832335328,0.10379241516966067,0.000998003992015968,0.007318695941450432,0.033932135728542916,0.6007984031936128,0.0,False,wire_international,Times Group,False,creator,
@TimesNowWorld,videos,8994.0,0.1331999110518123,0.1331999110518123,0.0,0.060929508561263064,0.014898821436513231,0.18845897264843228,0.0005559261730042251,0.02312652879697576,0.024349566377585057,0.781187458305537,0.00044474093840338,False,wire_international,Times Group,False,creator,
@TomiLahrenIsFearless,videos,118.0,0.13559322033898305,0.00847457627118644,0.0,0.1271186440677966,0.03389830508474576,0.17796610169491525,0.0,0.1864406779661017,0.00847457627118644,0.5677966101694916,0.0,False,right_commentary,Tomi Lahren,False,creator,
@TuckerCarlson,videos,119.0,0.025210084033613446,0.03361344537815126,0.0,0.07563025210084033,0.08403361344537816,0.08403361344537816,0.0,0.14285714285714285,0.01680672268907563,0.7058823529411765,0.0,False,interview_podcast,Tucker Carlson Network,False,creator,
@USATODAY,streams,417.0,0.0,0.6115107913669064,0.0,0.13908872901678657,0.014388489208633094,0.016786570743405275,0.002398081534772182,0.0,0.026378896882494004,0.09112709832134293,0.0,False,us_press_print_digital,USA Today,False,creator,
@USATODAY,videos,2221.0,0.06888788833858622,0.00495272399819901,0.0,0.08014407924358397,0.05312922107158938,0.06528590724898695,0.0009004952723998199,0.02296262944619541,0.0135074290859973,0.27375056280954524,0.0027014858171994596,False,us_press_print_digital,USA Today,False,creator,
@UnHerd,streams,17.0,0.11764705882352941,0.0,0.0,0.058823529411764705,0.058823529411764705,0.29411764705882354,0.0,0.0,0.0,0.35294117647058826,0.0,True,centrist_heterodox,UnHerd,False,creator,
@UnHerd,videos,83.0,0.2289156626506024,0.0,0.0,0.024096385542168676,0.0,0.024096385542168676,0.0,0.1927710843373494,0.03614457831325301,0.4457831325301205,0.0,False,centrist_heterodox,UnHerd,False,creator,
@Unpacked,videos,41.0,0.36585365853658536,0.0,0.0,0.024390243902439025,0.024390243902439025,0.0,0.0,0.21951219512195122,0.04878048780487805,0.5365853658536586,0.0,True,explainer_geopolitics,Unpacked,False,creator,
@Vaush,streams,1.0,0.0,0.0,1.0,0.0,0.0,0.0,0.0,0.0,0.0,1.0,0.0,True,streamer_reaction,Vaush,False,creator,
@Vaush,videos,453.0,0.07505518763796909,0.03090507726269316,0.0,0.039735099337748346,0.0,0.01545253863134658,0.0,0.004415011037527594,0.052980132450331126,0.8013245033112583,0.0,False,streamer_reaction,Vaush,False,creator,
@VivaFrei,streams,52.0,0.38461538461538464,0.11538461538461539,0.7307692307692307,0.19230769230769232,0.0,0.07692307692307693,0.0,0.019230769230769232,0.0,0.6153846153846154,0.0,False,legal_institutional,Viva Frei,False,creator,
@VivaFrei,videos,331.0,0.3716012084592145,0.027190332326283987,0.0,0.19637462235649547,0.012084592145015106,0.0755287009063444,0.0,0.17522658610271905,0.03625377643504532,0.8126888217522659,0.0030211480362537764,False,legal_institutional,Viva Frei,False,creator,
@Vox,videos,133.0,0.45864661654135336,0.0,0.0,0.05263157894736842,0.0,0.045112781954887216,0.0,0.3157894736842105,0.03007518796992481,0.24812030075187969,0.0,False,us_press_print_digital,Vox,False,creator,
@X22Report-y5y,videos,395.0,0.1291139240506329,0.0,0.0,0.03291139240506329,0.007594936708860759,0.07848101265822785,0.0,0.020253164556962026,0.02278481012658228,0.7949367088607595,0.0,False,right_commentary,X22 Report,False,creator,
@XAVIAER,streams,3.0,0.0,0.0,0.0,0.0,0.0,0.0,0.0,0.3333333333333333,0.0,0.3333333333333333,0.0,True,right_commentary,PragerU,False,creator,
@XAVIAER,videos,71.0,0.2535211267605634,0.0,0.0,0.09859154929577464,0.19718309859154928,0.028169014084507043,0.0,0.07042253521126761,0.0,0.5633802816901409,0.0,False,right_commentary,PragerU,False,creator,
@Xanderhal,streams,108.0,0.009259259259259259,0.0,0.0,0.018518518518518517,0.0,0.18518518518518517,0.0,0.018518518518518517,0.009259259259259259,0.8981481481481481,0.0,False,streamer_reaction,Xanderhal,False,creator,
@Xanderhal,videos,316.0,0.08860759493670886,0.0,0.0,0.03164556962025317,0.006329113924050633,0.04746835443037975,0.0,0.022151898734177215,0.03164556962025317,0.819620253164557,0.006329113924050633,False,streamer_reaction,Xanderhal,False,creator,
@YaBoiHakim,videos,16.0,0.4375,0.0,0.0,0.0,0.0,0.0625,0.0,0.25,0.125,0.4375,0.0,True,left_commentary,Hakim,False,creator,
@ZeihanonGeopolitics,videos,217.0,0.1382488479262673,0.0,0.0,0.03686635944700461,0.0,0.018433179723502304,0.0,0.055299539170506916,0.03686635944700461,0.3456221198156682,0.0,False,explainer_geopolitics,Peter Zeihan,False,creator,
@ZubyMusic,videos,139.0,0.2446043165467626,0.0,0.0,0.03597122302158273,0.0,0.10071942446043165,0.0,0.17985611510791366,0.0,0.5539568345323741,0.0,False,interview_podcast,Zuby,False,creator,
@aaronparnas1,streams,10.0,0.0,0.9,0.0,0.2,0.0,0.0,0.0,0.0,0.0,0.4,0.0,True,left_commentary,Aaron Parnas,False,creator,
@aaronparnas1,videos,819.0,0.001221001221001221,0.8278388278388278,0.0,0.047619047619047616,0.001221001221001221,0.06349206349206349,0.0,0.052503052503052504,0.002442002442002442,0.9865689865689866,0.0,False,left_commentary,Aaron Parnas,False,creator,
@adammockler,streams,2.0,0.0,0.5,0.0,0.0,0.5,0.0,0.0,0.0,0.0,1.0,0.0,True,left_commentary,Adam Mockler,False,creator,
@adammockler,videos,1117.0,0.01432408236347359,0.048343777976723366,0.0,0.024171888988361683,0.0017905102954341987,0.06356311548791406,0.0,0.025067144136078783,0.052820053715308866,0.909579230080573,0.0,False,left_commentary,Adam Mockler,False,creator,
@ajplus,videos,50.0,0.34,0.0,0.0,0.04,0.0,0.02,0.0,0.16,0.04,0.4,0.0,False,wire_international,Al Jazeera,False,creator,
@aljazeeraenglish,videos,7000.0,0.11871428571428572,0.004428571428571428,0.001142857142857143,0.04114285714285714,0.009571428571428571,0.03542857142857143,0.00014285714285714287,0.05828571428571429,0.011285714285714286,0.3544285714285714,0.00028571428571428574,False,wire_international,Al Jazeera,False,creator,
@axios,streams,7.0,0.0,0.0,0.0,0.0,0.0,0.0,0.0,0.0,0.0,0.0,0.0,True,us_press_print_digital,Axios,False,creator,
@axios,videos,137.0,0.13138686131386862,0.0,0.0,0.24817518248175183,0.0,0.021897810218978103,0.0072992700729927005,0.0948905109489051,0.0364963503649635,0.12408759124087591,0.0,False,us_press_print_digital,Axios,False,creator,
@bbrettcooper,videos,143.0,0.18181818181818182,0.0,0.3006993006993007,0.055944055944055944,0.055944055944055944,0.04895104895104895,0.0,0.08391608391608392,0.04195804195804196,0.5874125874125874,0.006993006993006993,False,right_commentary,Brett Cooper,False,creator,
@bennyjohnson,streams,168.0,0.14285714285714285,0.05952380952380952,0.0,0.125,0.02976190476190476,0.047619047619047616,0.0,0.023809523809523808,0.10119047619047619,0.8630952380952381,0.0,False,right_commentary,Benny Johnson,False,creator,
@bennyjohnson,videos,1508.0,0.10411140583554376,0.03580901856763926,0.0,0.07161803713527852,0.027851458885941646,0.07294429708222812,0.000663129973474801,0.03779840848806366,0.08222811671087533,0.8892572944297082,0.007294429708222812,False,right_commentary,Benny Johnson,False,creator,
@breakingpoints,streams,4.0,0.0,0.25,0.0,0.0,0.0,0.0,0.0,0.0,0.0,0.25,0.0,True,independent_digital_news,Breaking Points,False,creator,
@breakingpoints,videos,1037.0,0.03953712632594021,0.02892960462873674,0.0,0.041465766634522665,0.02507232401157184,0.08775313404050145,0.0,0.01446480231436837,0.010607521697203472,0.8592092574734812,0.003857280617164899,False,independent_digital_news,Breaking Points,False,creator,
@briantylercohen,streams,10.0,0.0,0.7,0.0,0.0,0.0,0.0,0.0,0.0,0.2,0.5,0.0,True,left_commentary,Brian Tyler Cohen,False,creator,
@briantylercohen,videos,1081.0,0.008325624421831638,0.20259019426456984,0.0,0.11008325624421832,0.012950971322849213,0.08788159111933395,0.0,0.0018501387604070306,0.0064754856614246065,0.9306197964847364,0.0027752081406105457,False,left_commentary,Brian Tyler Cohen,False,creator,
@bulwarkmedia,streams,228.0,0.12280701754385964,0.3157894736842105,0.0,0.20614035087719298,0.013157894736842105,0.06140350877192982,0.0,0.03070175438596491,0.0,0.6096491228070176,0.0,False,centrist_heterodox,The Bulwark,False,creator,
@bulwarkmedia,videos,1826.0,0.11664841182913473,0.060240963855421686,0.0,0.32420591456736036,0.007667031763417305,0.05093099671412924,0.000547645125958379,0.07228915662650602,0.023548740416210297,0.5306681270536692,0.002190580503833516,False,centrist_heterodox,The Bulwark,False,creator,
@bushrakhanum,videos,22.0,0.5454545454545454,0.0,0.0,0.0,0.0,0.0,0.0,0.09090909090909091,0.045454545454545456,0.18181818181818182,0.0,True,wire_international,Network18,False,creator,
@cafedotcom,videos,54.0,0.24074074074074073,0.018518518518518517,0.0,0.09259259259259259,0.0,0.07407407407407407,0.0,0.25925925925925924,0.0,0.5740740740740741,0.0,False,legal_institutional,CAFE,False,creator,
@chicksonright,streams,179.0,0.10614525139664804,0.00558659217877095,0.0,0.0782122905027933,0.01675977653631285,0.40782122905027934,0.0,0.0111731843575419,0.0335195530726257,0.8659217877094972,0.00558659217877095,False,right_commentary,Chicks on the Right,False,creator,
@chicksonright,videos,475.0,0.18526315789473685,0.004210526315789474,0.0,0.06947368421052631,0.014736842105263158,0.1831578947368421,0.0,0.07578947368421053,0.061052631578947365,0.783157894736842,0.008421052631578947,False,right_commentary,Chicks on the Right,False,creator,
@chinainsights-r2w,videos,278.0,0.30935251798561153,0.0035971223021582736,0.0,0.01079136690647482,0.007194244604316547,0.0539568345323741,0.007194244604316547,0.10431654676258993,0.046762589928057555,0.5215827338129496,0.0,False,independent_digital_news,China Insights,False,creator,
@chriscuomo,streams,8.0,0.0,0.125,0.0,0.0,0.0,0.0,0.0,0.0,0.0,0.125,0.0,True,centrist_heterodox,Chris Cuomo,False,creator,
@chriscuomo,videos,208.0,0.30288461538461536,0.004807692307692308,0.0,0.09615384615384616,0.009615384615384616,0.0625,0.009615384615384616,0.23557692307692307,0.03365384615384615,0.44711538461538464,0.0,False,centrist_heterodox,Chris Cuomo,False,creator,
@clayandbuck,streams,42.0,0.0,0.0,1.0,0.0,0.0,0.0,0.0,0.0,0.0,0.0,0.0,True,right_commentary,Clay & Buck,False,creator,
@clayandbuck,videos,581.0,0.1721170395869191,0.010327022375215147,0.0,0.043029259896729774,0.012048192771084338,0.0981067125645439,0.0,0.0963855421686747,0.022375215146299483,0.43201376936316693,0.0017211703958691911,False,right_commentary,Clay & Buck,False,creator,
@deanwithrs,streams,266.0,0.10526315789473684,0.07518796992481203,0.9962406015037594,0.04887218045112782,0.011278195488721804,0.9924812030075187,0.0,0.0037593984962406013,0.045112781954887216,0.943609022556391,0.0037593984962406013,False,streamer_reaction,Dean Withers,False,creator,
@deanwithrs,videos,265.0,0.0,0.0,0.0,0.045283018867924525,0.007547169811320755,0.27547169811320754,0.0,0.01509433962264151,0.0037735849056603774,0.9433962264150944,0.0037735849056603774,False,streamer_reaction,Dean Withers,False,creator,
@destiny,videos,267.0,0.06741573033707865,0.0,0.0,0.07116104868913857,0.0299625468164794,0.2247191011235955,0.0,0.02247191011235955,0.07116104868913857,0.6666666666666666,0.00749063670411985,False,streamer_reaction,Destiny,False,creator,
@destinyhqclips,videos,197.0,0.04060913705583756,0.0,0.0,0.07106598984771574,0.10152284263959391,0.30456852791878175,0.0,0.04060913705583756,0.03553299492385787,0.5939086294416244,0.0,False,streamer_reaction,Destiny,True,creator,
@dineshdsouza,streams,2.0,0.5,0.0,0.0,0.0,0.0,0.5,0.0,0.0,0.0,0.0,0.0,True,right_commentary,Dinesh D'Souza,False,creator,
@dineshdsouza,videos,92.0,0.20652173913043478,0.010869565217391304,0.10869565217391304,0.03260869565217391,0.0,0.0,0.0,0.06521739130434782,0.03260869565217391,0.34782608695652173,0.0,False,right_commentary,Dinesh D'Souza,False,creator,
@dollemore,streams,4.0,0.0,1.0,0.0,0.0,0.0,0.0,0.0,0.0,0.0,0.5,0.0,True,left_commentary,Jesse Dollemore,False,creator,
@dollemore,videos,1439.0,0.007644197359277276,0.011118832522585128,0.1369006254343294,0.1250868658790827,0.008339124391938846,0.05489923558026407,0.0,0.015983321751216122,0.008339124391938846,0.9381514940931203,0.004169562195969423,False,left_commentary,Jesse Dollemore,False,creator,
@doomscrollpodcast,videos,17.0,0.058823529411764705,0.0,0.0,0.0,0.0,0.058823529411764705,0.0,0.17647058823529413,0.0,0.11764705882352941,0.0,True,interview_podcast,Doomscroll,False,creator,
@evanjmez,videos,22.0,0.13636363636363635,0.045454545454545456,0.0,0.2727272727272727,0.045454545454545456,0.22727272727272727,0.0,0.09090909090909091,0.0,0.5454545454545454,0.0,True,left_commentary,Evan James,False,creator,
@fastpoliticspodcast,videos,145.0,0.31724137931034485,0.0,0.0,0.7517241379310344,0.0,0.013793103448275862,0.0,0.1724137931034483,0.0,0.6758620689655173,0.0,False,left_commentary,Fast Politics,False,creator,
@fightbackpodcast,streams,24.0,0.0,0.16666666666666666,0.20833333333333334,0.16666666666666666,0.08333333333333333,0.16666666666666666,0.0,0.0,0.0,0.2916666666666667,0.0,True,right_commentary,Jake Shields,False,creator,
@fightbackpodcast,videos,627.0,0.22647527910685805,0.0,0.1339712918660287,0.06060606060606061,0.07974481658692185,0.07017543859649122,0.001594896331738437,0.10207336523125997,0.03189792663476874,0.5614035087719298,0.0,False,right_commentary,Jake Shields,False,creator,
@franifio,streams,62.0,0.06451612903225806,0.0,0.3064516129032258,0.7903225806451613,0.0,0.016129032258064516,0.0,0.016129032258064516,0.0,0.41935483870967744,0.016129032258064516,False,humour_satire,Bitchuation Room,False,creator,
@franifio,videos,282.0,0.2695035460992908,0.0035460992907801418,0.0035460992907801418,0.1453900709219858,0.0035460992907801418,0.02127659574468085,0.0,0.06028368794326241,0.04609929078014184,0.6028368794326241,0.0070921985815602835,False,humour_satire,Bitchuation Room,False,creator,
@glennbeck,streams,125.0,0.472,0.032,0.984,0.056,0.008,0.08,0.0,0.12,0.048,0.624,0.008,False,right_commentary,Blaze Media,False,creator,
@glennbeck,videos,460.0,0.2891304347826087,0.008695652173913044,0.02391304347826087,0.05652173913043478,0.008695652173913044,0.06956521739130435,0.0,0.11304347826086956,0.1108695652173913,0.6478260869565218,0.0,False,right_commentary,Blaze Media,False,creator,
@harryjsisson,streams,3.0,0.0,0.3333333333333333,0.0,0.0,0.0,0.0,0.0,0.0,0.0,0.6666666666666666,0.0,True,left_commentary,Harry Sisson,False,creator,
@harryjsisson,videos,681.0,0.014684287812041116,0.05433186490455213,0.0,0.024963289280469897,0.004405286343612335,0.0881057268722467,0.0,0.010279001468428781,0.08370044052863436,0.9383259911894273,0.0,False,left_commentary,Harry Sisson,False,creator,
@hutch,streams,50.0,0.1,0.0,0.0,0.14,0.06,0.2,0.0,0.0,0.04,0.46,0.02,False,streamer_reaction,Hutch,False,creator,
@hutch,videos,162.0,0.12962962962962962,0.012345679012345678,0.006172839506172839,0.1419753086419753,0.018518518518518517,0.22839506172839505,0.0,0.030864197530864196,0.030864197530864196,0.5185185185185185,0.018518518518518517,False,streamer_reaction,Hutch,False,creator,
@jimacosta,streams,160.0,0.1625,0.60625,0.0,0.05625,0.0125,0.01875,0.0,0.1,0.01875,0.55,0.0,False,left_commentary,Jim Acosta,False,creator,
@jimacosta,videos,313.0,0.18210862619808307,0.07348242811501597,0.0,0.05750798722044728,0.02875399361022364,0.0670926517571885,0.006389776357827476,0.14376996805111822,0.038338658146964855,0.645367412140575,0.0,False,left_commentary,Jim Acosta,False,creator,
@jlptalk,streams,187.0,0.35294117647058826,0.0053475935828877,0.47593582887700536,0.0213903743315508,0.0,0.053475935828877004,0.0,0.053475935828877004,0.0213903743315508,0.22994652406417113,0.0,False,right_commentary,Jesse Lee Peterson,False,creator,
@jlptalk,videos,304.0,0.15789473684210525,0.0,0.0,0.1118421052631579,0.2993421052631579,0.1611842105263158,0.0,0.09868421052631579,0.019736842105263157,0.6348684210526315,0.0,False,right_commentary,Jesse Lee Peterson,False,creator,
@joerogan,streams,1.0,0.0,0.0,1.0,0.0,0.0,0.0,0.0,0.0,0.0,0.0,0.0,True,interview_podcast,Joe Rogan,False,creator,
@joerogan,videos,141.0,0.0,0.0,0.9929078014184397,0.0851063829787234,0.0,0.0,0.0,0.0,0.0,0.04964539007092199,0.0,False,interview_podcast,Joe Rogan,False,creator,
@johnnyharris,videos,13.0,0.23076923076923078,0.0,0.0,0.07692307692307693,0.0,0.07692307692307693,0.0,0.5384615384615384,0.0,0.3076923076923077,0.0,True,explainer_geopolitics,Johnny Harris,False,creator,
@judgingfreedom,streams,697.0,0.29124820659971307,0.02295552367288379,0.0,0.09325681492109039,0.0,0.02295552367288379,0.0,0.08895265423242468,0.007173601147776184,0.42754662840746055,0.0,False,interview_podcast,Judging Freedom,False,creator,
@judgingfreedom,videos,355.0,0.29295774647887324,0.0,0.0,0.0647887323943662,0.014084507042253521,0.04507042253521127,0.0,0.2647887323943662,0.01971830985915493,0.49577464788732395,0.0,False,interview_podcast,Judging Freedom,False,creator,
@katiephangnews,streams,44.0,0.0,1.0,0.5454545454545454,0.045454545454545456,0.022727272727272728,0.022727272727272728,0.0,0.022727272727272728,0.0,0.20454545454545456,0.0,True,left_commentary,MeidasTouch Network,False,creator,
@katiephangnews,videos,403.0,0.07196029776674938,0.022332506203473945,0.0,0.07444168734491315,0.009925558312655087,0.10173697270471464,0.0,0.004962779156327543,0.01488833746898263,0.9851116625310173,0.0,False,left_commentary,MeidasTouch Network,False,creator,
@katmabu,videos,34.0,0.17647058823529413,0.0,0.0,0.08823529411764706,0.0,0.029411764705882353,0.0,0.08823529411764706,0.058823529411764705,0.3235294117647059,0.0,True,left_commentary,Kat Abughazaleh,False,creator,
@laurenchenclips,videos,109.0,0.29357798165137616,0.0,0.0,0.01834862385321101,0.03669724770642202,0.11009174311926606,0.0,0.21100917431192662,0.03669724770642202,0.5137614678899083,0.0,False,right_commentary,Lauren Chen,True,creator,
@lizwheeler,streams,70.0,0.32857142857142857,0.014285714285714285,1.0,0.02857142857142857,0.014285714285714285,0.014285714285714285,0.014285714285714285,0.2,0.11428571428571428,0.7142857142857143,0.0,False,right_commentary,Liz Wheeler,False,creator,
@lizwheeler,videos,86.0,0.313953488372093,0.0,0.2558139534883721,0.05813953488372093,0.023255813953488372,0.03488372093023256,0.023255813953488372,0.16279069767441862,0.12790697674418605,0.627906976744186,0.0,False,right_commentary,Liz Wheeler,False,creator,
@lonerboxlive,videos,88.0,0.13636363636363635,0.0,0.0,0.09090909090909091,0.045454545454545456,0.25,0.0,0.056818181818181816,0.011363636363636364,0.6590909090909091,0.011363636363636364,False,streamer_reaction,LonerBox,False,creator,
@lovettorleaveitpodcast,videos,114.0,0.15789473684210525,0.0,0.0,0.16666666666666666,0.09649122807017543,0.21929824561403508,0.0,0.11403508771929824,0.017543859649122806,0.49122807017543857,0.008771929824561403,False,humour_satire,Crooked Media,False,creator,
@marclamonthillnetwork,streams,151.0,0.10596026490066225,0.006622516556291391,0.006622516556291391,0.2052980132450331,0.026490066225165563,0.5099337748344371,0.0,0.046357615894039736,0.026490066225165563,0.4900662251655629,0.006622516556291391,False,left_commentary,Marc Lamont Hill,False,creator,
@marclamonthillnetwork,videos,321.0,0.14018691588785046,0.0,0.003115264797507788,0.09657320872274143,0.08722741433021806,0.20249221183800623,0.0,0.1059190031152648,0.006230529595015576,0.3333333333333333,0.006230529595015576,False,left_commentary,Marc Lamont Hill,False,creator,
@markets,streams,56.0,0.0,0.23214285714285715,0.3392857142857143,0.08928571428571429,0.017857142857142856,0.03571428571428571,0.0,0.0,0.0,0.125,0.0,False,us_press_print_digital,Bloomberg,False,creator,
@markets,videos,7974.0,0.07173313268121395,0.0030097817908201654,0.3164033107599699,0.07662402809129672,0.005517933283170303,0.01730624529721595,0.00012540757461750688,0.020817657386506146,0.005016302984700276,0.19663907700025082,0.0003762227238525207,False,us_press_print_digital,Bloomberg,False,creator,
@marklevinshow,videos,505.0,0.09306930693069307,0.0039603960396039604,0.07326732673267326,0.0297029702970297,0.0,0.10891089108910891,0.0,0.16435643564356436,0.007920792079207921,0.45742574257425744,0.0,False,right_commentary,Mark Levin,False,creator,
@mikhaila,videos,27.0,0.14814814814814814,0.0,0.4444444444444444,0.037037037037037035,0.0,0.0,0.0,0.25925925925925924,0.0,0.14814814814814814,0.0,True,interview_podcast,Mikhaila Peterson,False,creator,
@morebridgetphetasy,videos,206.0,0.20388349514563106,0.0,0.0,0.024271844660194174,0.009708737864077669,0.038834951456310676,0.0,0.12135922330097088,0.009708737864077669,0.4320388349514563,0.0048543689320388345,False,interview_podcast,Bridget Phetasy,False,creator,
@moreperfectunion,streams,4.0,0.0,0.5,0.0,1.0,0.0,0.25,0.0,0.0,0.0,0.0,0.0,True,independent_digital_news,More Perfect Union,False,creator,
@moreperfectunion,videos,71.0,0.23943661971830985,0.0,0.0,0.056338028169014086,0.0,0.014084507042253521,0.0,0.1267605633802817,0.014084507042253521,0.4507042253521127,0.0,False,independent_digital_news,More Perfect Union,False,creator,
@msnow,streams,325.0,0.009230769230769232,0.7292307692307692,0.0,0.09538461538461539,0.009230769230769232,0.018461538461538463,0.0,0.012307692307692308,0.009230769230769232,0.15384615384615385,0.0,False,us_legacy_tv,MS NOW,False,creator,
@msnow,videos,9879.0,0.08806559368357121,0.04565239396700071,0.0,0.09251948577791275,0.04605729324830449,0.10405911529507035,0.0005061241016297196,0.04423524648243749,0.009312683469986842,0.5452981070958599,0.001315922664237271,False,us_legacy_tv,MS NOW,False,creator,
@nationalreview,streams,2.0,0.0,0.0,0.0,0.0,0.0,0.0,0.0,0.0,0.0,0.0,0.0,True,us_press_print_digital,National Review,False,creator,
@nationalreview,videos,191.0,0.6020942408376964,0.0,0.0,0.03664921465968586,0.0,0.015706806282722512,0.0,0.46596858638743455,0.04712041884816754,0.5340314136125655,0.005235602094240838,False,us_press_print_digital,National Review,False,creator,
@newdiscourses,videos,98.0,0.24489795918367346,0.0,0.0,0.0,0.0,0.030612244897959183,0.0,0.11224489795918367,0.01020408163265306,0.23469387755102042,0.0,False,right_commentary,New Discourses,False,creator,
@newyorker,videos,51.0,0.058823529411764705,0.0,0.0,0.2549019607843137,0.0,0.09803921568627451,0.0,0.0392156862745098,0.0,0.0784313725490196,0.0,False,us_press_print_digital,The New Yorker,False,creator,
@notsoErudite,streams,20.0,0.05,0.1,0.0,0.1,0.0,0.3,0.0,0.0,0.0,0.15,0.0,True,streamer_reaction,notsoErudite,False,creator,
@notsoErudite,videos,43.0,0.16279069767441862,0.0,0.0,0.06976744186046512,0.0,0.23255813953488372,0.0,0.023255813953488372,0.023255813953488372,0.46511627906976744,0.0,True,streamer_reaction,notsoErudite,False,creator,
@nousnetwork,videos,156.0,0.4935897435897436,0.0,0.00641025641025641,0.02564102564102564,0.0,0.01282051282051282,0.0,0.19230769230769232,0.04487179487179487,0.3269230769230769,0.0,False,explainer_geopolitics,nous,False,creator,
@nypost,streams,110.0,0.00909090909090909,0.6545454545454545,0.0,0.09090909090909091,0.00909090909090909,0.00909090909090909,0.0,0.0,0.02727272727272727,0.1,0.0,False,us_press_print_digital,New York Post,False,creator,
@nypost,videos,6304.0,0.03473984771573604,0.03822969543147208,0.00015862944162436547,0.07852157360406091,0.012055837563451776,0.08994289340101523,0.0031725888324873096,0.017290609137055837,0.015387055837563451,0.5552030456852792,0.004758883248730965,False,us_press_print_digital,New York Post,False,creator,
@nytimes,videos,71.0,0.4225352112676056,0.08450704225352113,0.0,0.04225352112676056,0.014084507042253521,0.04225352112676056,0.0,0.15492957746478872,0.04225352112676056,0.09859154929577464,0.0,False,us_press_print_digital,New York Times,False,creator,
@oann,streams,309.0,0.0,0.7993527508090615,0.0,0.11326860841423948,0.0,0.006472491909385114,0.0,0.0,0.006472491909385114,0.1941747572815534,0.003236245954692557,False,right_tv_network,OAN,False,creator,
@oann,videos,1803.0,0.1136993899057127,0.008319467554076539,0.0,0.07487520798668885,0.02107598447032723,0.07487520798668885,0.0005546311702717693,0.04769828064337216,0.018302828618968387,0.39212423738214086,0.0022185246810870773,False,right_tv_network,OAN,False,creator,
@podsaveamerica,videos,667.0,0.10494752623688156,0.041979010494752625,0.0,0.12143928035982009,0.01649175412293853,0.08545727136431784,0.0,0.044977511244377814,0.0074962518740629685,0.7001499250374813,0.0014992503748125937,False,left_commentary,Crooked Media,False,creator,
@ponderingpolitics,streams,2.0,0.0,1.0,0.0,0.0,0.0,0.0,0.0,0.0,0.0,0.5,0.0,True,left_commentary,Pondering Politics,False,creator,
@ponderingpolitics,videos,1467.0,0.023858214042263123,0.1710974778459441,0.0006816632583503749,0.032719836400818,0.0013633265167007499,0.1336059986366735,0.0,0.006134969325153374,0.023176550783912748,0.8984321745057942,0.0034083162917518746,False,left_commentary,Pondering Politics,False,creator,
@revleftradio,streams,3.0,0.0,0.0,0.0,0.0,0.0,0.0,0.0,0.0,0.0,0.3333333333333333,0.0,True,interview_podcast,Rev Left Radio,False,creator,
@revleftradio,videos,38.0,0.0,0.02631578947368421,0.0,0.02631578947368421,0.0,0.02631578947368421,0.0,0.07894736842105263,0.02631578947368421,0.3157894736842105,0.0,True,interview_podcast,Rev Left Radio,False,creator,
@rolandsmartin,streams,584.0,0.0273972602739726,0.06506849315068493,0.015410958904109588,0.03424657534246575,0.0017123287671232876,0.11472602739726027,0.0,0.018835616438356163,0.005136986301369863,0.5273972602739726,0.0,False,independent_digital_news,Black Star Network,False,creator,
@rolandsmartin,videos,742.0,0.08490566037735849,0.0013477088948787063,0.005390835579514825,0.03234501347708895,0.006738544474393531,0.19137466307277629,0.0,0.03369272237196765,0.022911051212938006,0.7803234501347709,0.0,False,independent_digital_news,Black Star Network,False,creator,
@samharrisorg,videos,116.0,0.25,0.0,0.3793103448275862,0.2413793103448276,0.0,0.008620689655172414,0.0,0.10344827586206896,0.0,0.25862068965517243,0.0,False,interview_podcast,Sam Harris,False,creator,
@theGuardian,videos,39.0,0.38461538461538464,0.0,0.28205128205128205,0.20512820512820512,0.0,0.02564102564102564,0.0,0.15384615384615385,0.10256410256410256,0.3076923076923077,0.0,True,wire_international,The Guardian,False,creator,
@thedavidpakmanshow,streams,5.0,0.0,0.8,0.0,0.0,0.0,0.0,0.0,0.0,0.0,0.6,0.0,True,left_commentary,David Pakman,False,creator,
@thedavidpakmanshow,videos,1641.0,0.10725167580743449,0.018281535648994516,0.0006093845216331506,0.0603290676416819,0.002437538086532602,0.04509445460085314,0.0,0.021937842778793418,0.03534430225472273,0.8695917123705058,0.0,False,left_commentary,David Pakman,False,creator,
@thegrayzone7996,streams,36.0,0.027777777777777776,0.0,0.0,0.16666666666666666,0.0,0.027777777777777776,0.0,0.027777777777777776,0.0,0.5833333333333334,0.0,True,independent_digital_news,The Grayzone,False,creator,
@thegrayzone7996,videos,155.0,0.10967741935483871,0.0,0.0,0.03870967741935484,0.0,0.06451612903225806,0.0,0.01935483870967742,0.03225806451612903,0.632258064516129,0.0,False,independent_digital_news,The Grayzone,False,creator,
@thehill,streams,505.0,0.0,0.06534653465346535,0.0,0.061386138613861385,0.0019801980198019802,0.013861386138613862,0.0,0.009900990099009901,0.0039603960396039604,0.04554455445544554,0.0,False,us_press_print_digital,The Hill,False,creator,
@thehill,videos,4249.0,0.09696399152741822,0.02377029889385738,0.0,0.09625794304542246,0.015062367615909626,0.09861143798540833,0.0011767474699929394,0.024476347375853143,0.011767474699929396,0.48529065662508825,0.0014120969639915275,False,us_press_print_digital,The Hill,False,creator,
@theisabelbrown,videos,141.0,0.3971631205673759,0.0070921985815602835,0.0,0.1347517730496454,0.0070921985815602835,0.02127659574468085,0.0,0.1276595744680851,0.07092198581560284,0.5106382978723404,0.0,False,right_commentary,Isabel Brown,False,creator,
@thejimmydoreshow,streams,115.0,0.06956521739130435,0.008695652173913044,0.0,0.6347826086956522,0.008695652173913044,0.13043478260869565,0.0,0.043478260869565216,0.0,0.8956521739130435,0.0,False,left_commentary,Jimmy Dore,False,creator,
@thejimmydoreshow,videos,1146.0,0.04363001745200698,0.02356020942408377,0.0,0.32722513089005234,0.002617801047120419,0.0881326352530541,0.0008726003490401396,0.060209424083769635,0.027923211169284468,0.8883071553228621,0.002617801047120419,False,left_commentary,Jimmy Dore,False,creator,
@therationalnational,streams,7.0,0.0,0.42857142857142855,0.42857142857142855,0.0,0.42857142857142855,0.14285714285714285,0.0,0.0,0.0,0.42857142857142855,0.0,True,left_commentary,Rational National,False,creator,
@therationalnational,videos,142.0,0.035211267605633804,0.007042253521126761,0.0,0.1619718309859155,0.04929577464788732,0.056338028169014086,0.007042253521126761,0.07746478873239436,0.028169014084507043,0.6267605633802817,0.014084507042253521,False,left_commentary,Rational National,False,creator,
@thewarningwithsteveschmidt,streams,110.0,0.03636363636363636,0.13636363636363635,0.0,0.6090909090909091,0.00909090909090909,0.01818181818181818,0.0,0.00909090909090909,0.0,0.2,0.0,False,centrist_heterodox,Steve Schmidt,False,creator,
@thewarningwithsteveschmidt,videos,289.0,0.06920415224913495,0.0,0.0,0.01730103806228374,0.01730103806228374,0.02422145328719723,0.0,0.09342560553633218,0.0,0.8650519031141869,0.0034602076124567475,False,centrist_heterodox,Steve Schmidt,False,creator,
@thomhartmann,videos,784.0,0.32908163265306123,0.007653061224489796,0.003826530612244898,0.044642857142857144,0.006377551020408163,0.03443877551020408,0.0012755102040816326,0.11224489795918367,0.05357142857142857,0.7053571428571429,0.0012755102040816326,False,left_commentary,Thom Hartmann,False,creator,
@timesofindia,streams,2295.0,0.13376906318082787,0.45185185185185184,0.0,0.07276688453159041,0.010893246187363835,0.18257080610021786,0.0,0.013507625272331155,0.021350762527233117,0.7416122004357298,0.0008714596949891067,False,wire_international,Times Group,False,creator,
@timesofindia,videos,9926.0,0.25952045133991536,0.026596816441668347,0.0020149103364900263,0.07364497279871046,0.012391698569413662,0.1550473503929075,0.0003022365504735039,0.019645375780777755,0.038887769494257506,0.9000604473100947,0.0008059641345960105,False,wire_international,Times Group,False,creator,
@triggerpod,streams,6.0,0.0,0.6666666666666666,0.0,1.0,0.3333333333333333,0.0,0.0,0.3333333333333333,0.0,0.16666666666666666,0.0,True,interview_podcast,Triggernometry,False,creator,
@triggerpod,videos,151.0,0.17218543046357615,0.0,0.0,0.10596026490066225,0.006622516556291391,0.0728476821192053,0.0,0.10596026490066225,0.006622516556291391,0.2185430463576159,0.0,False,interview_podcast,Triggernometry,False,creator,
@turningpointusa,streams,13.0,0.0,0.5384615384615384,0.38461538461538464,0.46153846153846156,0.0,0.0,0.0,0.0,0.0,0.07692307692307693,0.0,True,right_commentary,Turning Point USA,False,creator,
@turningpointusa,videos,183.0,0.2677595628415301,0.0,0.0,0.04371584699453552,0.01639344262295082,0.1912568306010929,0.00546448087431694,0.10382513661202186,0.00546448087431694,0.07103825136612021,0.0,False,right_commentary,Turning Point USA,False,creator,
@underthedesknews,streams,115.0,0.10434782608695652,0.043478260869565216,0.043478260869565216,0.16521739130434782,0.008695652173913044,0.017391304347826087,0.0,0.06956521739130435,0.06086956521739131,0.30434782608695654,0.0,False,independent_digital_news,Under the Desk News,False,creator,
@underthedesknews,videos,79.0,0.24050632911392406,0.05063291139240506,0.0,0.24050632911392406,0.0,0.05063291139240506,0.0,0.1518987341772152,0.0379746835443038,0.3037974683544304,0.0,False,independent_digital_news,Under the Desk News,False,creator,
@usefulidiots,streams,12.0,0.0,0.0,0.0,0.75,0.0,0.16666666666666666,0.0,0.0,0.16666666666666666,0.08333333333333333,0.0,True,interview_podcast,Useful Idiots,False,creator,
@usefulidiots,videos,186.0,0.053763440860215055,0.010752688172043012,0.0,0.08602150537634409,0.03225806451612903,0.21505376344086022,0.0,0.03225806451612903,0.010752688172043012,0.8548387096774194,0.005376344086021506,False,interview_podcast,Useful Idiots,False,creator,
@wethefifth,streams,2.0,0.0,0.0,0.0,0.0,0.0,0.0,0.0,0.0,0.0,0.0,0.0,True,centrist_heterodox,The Fifth Column,False,creator,
@wethefifth,videos,112.0,0.20535714285714285,0.0,0.15178571428571427,0.14285714285714285,0.026785714285714284,0.008928571428571428,0.0,0.09821428571428571,0.017857142857142856,0.33035714285714285,0.0,False,centrist_heterodox,The Fifth Column,False,creator,
@winston_marshall,videos,109.0,0.12844036697247707,0.0,0.0,0.03669724770642202,0.0,0.08256880733944955,0.0,0.13761467889908258,0.03669724770642202,0.5321100917431193,0.0,False,interview_podcast,Winston Marshall,False,creator,
@wsj,streams,11.0,0.0,0.6363636363636364,0.0,0.0,0.18181818181818182,0.0,0.0,0.09090909090909091,0.0,0.09090909090909091,0.0,True,us_press_print_digital,Wall Street Journal,False,creator,
@wsj,videos,119.0,0.6302521008403361,0.008403361344537815,0.0,0.058823529411764705,0.0,0.025210084033613446,0.008403361344537815,0.33613445378151263,0.025210084033613446,0.20168067226890757,0.0,False,us_press_print_digital,Wall Street Journal,False,creator,
@zeteo,streams,25.0,0.28,0.24,0.0,0.04,0.2,0.0,0.0,0.08,0.04,0.52,0.0,True,independent_digital_news,Zeteo,False,creator,
@zeteo,videos,206.0,0.2815533980582524,0.009708737864077669,0.014563106796116505,0.04854368932038835,0.024271844660194174,0.06796116504854369,0.0,0.17475728155339806,0.009708737864077669,0.5776699029126213,0.0048543689320388345,False,independent_digital_news,Zeteo,False,creator,
https://rumble.com/c/BannonsWarRoom,videos,4506.0,0.03661784287616511,0.014647137150466045,0.20128717265867732,0.09498446515756769,0.006879715934309809,0.0559254327563249,0.00022192632046160674,0.04771415889924545,0.017976031957390146,0.42299156679982247,0.0004438526409232135,False,right_commentary,War Room,False,creator,
https://rumble.com/c/GGreenwald,videos,76.0,0.35526315789473684,0.0,0.17105263157894737,0.05263157894736842,0.07894736842105263,0.06578947368421052,0.0,0.13157894736842105,0.05263157894736842,0.5789473684210527,0.0,False,independent_digital_news,Glenn Greenwald,False,creator,
https://rumble.com/c/TheAlexJonesShowLive,videos,513.0,0.04678362573099415,0.11500974658869395,0.21052631578947367,0.07602339181286549,0.007797270955165692,0.04093567251461988,0.0,0.02729044834307992,0.03508771929824561,0.6491228070175439,0.0,False,right_commentary,InfoWars,False,creator,
https://rumble.com/c/nickjfuentes,videos,305.0,0.46229508196721314,0.0,0.4163934426229508,0.06229508196721312,0.003278688524590164,0.04590163934426229,0.0,0.04590163934426229,0.07868852459016394,0.7475409836065574,0.0,False,right_commentary,Nick Fuentes,False,creator,
https://rumble.com/c/russellbrand,videos,259.0,0.16216216216216217,0.011583011583011582,0.0,0.023166023166023165,0.011583011583011582,0.011583011583011582,0.0,0.08494208494208494,0.15444015444015444,0.5405405405405406,0.0,False,centrist_heterodox,Russell Brand,False,creator,
,streams,,0.07958532695374801,0.22607655502392343,0.0,0.40761562998405104,0.011124401913875598,0.039792663476874005,0.0,0.019896331738437002,0.0,0.40482456140350875,0.0,,centrist_heterodox,,,lane_mean_of_creators,2.0
,videos,,0.1913408074902839,0.008663440822296854,0.01887987012987013,0.08993683677028055,0.01015236088812401,0.03554481744367228,0.0010163029741342994,0.12204845073684016,0.03768093546554472,0.5391553709994344,0.0007523447292320226,,centrist_heterodox,,,lane_mean_of_creators,10.0
,videos,,0.5250782726437018,0.0,0.014715368488953393,0.0397037195576453,0.0,0.02299651386687297,0.0,0.1014036683543683,0.039824667791801084,0.26191758130285214,0.0,,explainer_geopolitics,,,lane_mean_of_creators,3.0
,streams,,0.06451612903225806,0.0,0.3064516129032258,0.7903225806451613,0.0,0.016129032258064516,0.0,0.016129032258064516,0.0,0.41935483870967744,0.016129032258064516,,humour_satire,,,lane_mean_of_creators,1.0
,videos,,0.1585149330559741,0.01513298798698652,0.16725768321513002,0.15454777174107545,0.03008456565170715,0.07418160676850126,0.0,0.05444400636585256,0.023482752880882016,0.4511995426635458,0.002644021401020281,,humour_satire,,,lane_mean_of_creators,6.0
,streams,,0.08839094035591182,0.3082201105526303,0.009814869962279133,0.09790157584360469,0.01095322270873194,0.07348588238573668,0.0,0.027931531555634246,0.023296252899165034,0.6341267174108306,0.0,,independent_digital_news,,,lane_mean_of_creators,6.0
,videos,,0.18045958008237686,0.01803435929258791,0.031203599758913667,0.0884872142201505,0.013458026645281994,0.06697823756909725,0.0005192030319022385,0.09100119573880518,0.030081763264341123,0.6110130707291729,0.0014109827789929557,,independent_digital_news,,,lane_mean_of_creators,19.0
,streams,,0.19647156092697518,0.015715049972035114,0.423728813559322,0.08476400068088419,0.00847457627118644,0.10893538895508596,0.0,0.048713615251805564,0.016298664980667753,0.5400445006444082,0.0,,interview_podcast,,,lane_mean_of_creators,2.0
,videos,,0.1901550744901839,0.005327790245128337,0.11367316147342962,0.18128595124512417,0.01426165859635164,0.09245861337524007,0.00011516756881262236,0.11733430157311722,0.013793777801351478,0.41436996223612554,0.0027575286861786217,,interview_podcast,,,lane_mean_of_creators,19.0
,streams,,0.09507307965407674,0.13052040065489912,0.041745801199690784,0.2133661574279504,0.018755056888559753,0.12129631048337622,0.0008206145706145707,0.03869002266348993,0.02330479128941059,0.7707408536042978,0.0007118085253700219,,left_commentary,,,lane_mean_of_creators,18.0
,videos,,0.09781472505663909,0.054192881190461374,0.021632999517445465,0.10373148179605736,0.01109069960409573,0.08188743644786907,0.0008763978386108236,0.054439748779360655,0.029730789388649415,0.7605089051989696,0.0023279850997073525,,left_commentary,,,lane_mean_of_creators,40.0
,streams,,0.21046437838890672,0.06708197462914445,0.2530237058538945,0.11450687677102772,0.0074736584170546445,0.08661464321841679,0.0,0.04045419988816216,0.00802090990770236,0.6400052777411268,0.0,,legal_institutional,,,lane_mean_of_creators,3.0
,videos,,0.15409993737304334,0.02550642346137975,0.006764168190127971,0.07542155133237538,0.00580361104949368,0.05765384052713712,0.0011904761904761906,0.0998606395426277,0.02157602163339141,0.7582077316845935,0.0016595273732528852,,legal_institutional,,,lane_mean_of_creators,8.0
,streams,,0.1679566291896429,0.18578613445845157,0.23375270545063154,0.1628223804650936,0.02819302798063474,0.11080585220885392,0.002155388471177945,0.06794660182874265,0.041994755958383506,0.622119668020922,0.0016384448330470397,,right_commentary,,,lane_mean_of_creators,19.0
,videos,,0.15139078637282208,0.013148487073145542,0.07825497001728557,0.0816269796586262,0.02529622457313502,0.07693203354497469,0.0013827113569779687,0.0904194266024812,0.03836676719073331,0.6338661454486296,0.0019734682537094358,,right_commentary,,,lane_mean_of_creators,69.0
,streams,,0.024176611327411203,0.4820347879432113,0.4627802587907717,0.11707954966366031,0.0015986986260206576,0.04217926335258768,0.0035644847699287103,0.010968262661611806,0.011909619539733764,0.3908732587029007,0.0014356279047132393,,right_tv_network,,,lane_mean_of_creators,4.0
,videos,,0.06472068910197773,0.1764277522365509,0.2622033201893614,0.09504832799522114,0.018744989369546387,0.07336195827656203,0.0002962781603401991,0.048691114152033435,0.013544039006834686,0.41638823936811753,0.0009024138098493,,right_tv_network,,,lane_mean_of_creators,4.0
,streams,,0.19828677744166734,0.026137674994559924,0.16604010025062657,0.06962466281809492,0.015913281162664647,0.4506278164992443,0.0,0.010162027020868934,0.019762255450235425,0.5779844730610796,0.0055780227267197115,,streamer_reaction,,,lane_mean_of_creators,6.0
,videos,,0.08966642108241003,0.004422135196516548,0.045240574631752746,0.07767042920760113,0.10070081131972039,0.14300490861548412,9.076881183625306e-05,0.04171991490903722,0.03782986953017032,0.6485088827093464,0.00398488626193419,,streamer_reaction,,,lane_mean_of_creators,23.0
,streams,,0.039071426032769016,0.3917435835935484,0.0004730368968779565,0.11047580460532384,0.008235307259716189,0.04408743167464874,0.0,0.011776498037463641,0.008982346319723321,0.12051032559616634,0.0,,us_legacy_tv,,,lane_mean_of_creators,7.0
,videos,,0.07989337881611241,0.028582519271302446,0.01985807838132158,0.07361837215898076,0.023384898997213393,0.05354514674199692,0.0005908202574455236,0.03899847358898579,0.0158182117670972,0.3311596988689161,0.0014885264783300498,,us_legacy_tv,,,lane_mean_of_creators,9.0
,streams,,0.0022727272727272726,0.3908864094271709,0.08482142857142858,0.09516741820636329,0.010829184794121755,0.018863287921803484,0.0005995203836930455,0.0024752475247524753,0.01440300504870631,0.09041791319419712,0.0,,us_press_print_digital,,,lane_mean_of_creators,4.0
,videos,,0.2637037920279624,0.010113671548138404,0.01888208881701582,0.09044082501568106,0.007058318781625297,0.04120174819374683,0.004064510014742104,0.14527918700196618,0.017777351680693314,0.2805640477286977,0.0008489149551091309,,us_press_print_digital,,,lane_mean_of_creators,18.0
,streams,,0.05118898828236177,0.714593112271691,0.00029575535123951754,0.0944899795861005,0.016185966860014923,0.07658953188677134,0.00028582707247661466,0.01207553290123298,0.035646015790170606,0.36478040039534665,0.0004211209859112784,,wire_international,,,lane_mean_of_creators,7.0
,videos,,0.22471483329505418,0.024156124545654755,0.0008161793567782509,0.080102497049459,0.013193057192446685,0.05762422608755131,0.000583820132144557,0.07814837404634999,0.031069052004570344,0.43303931653672395,0.0003964263399333149,,wire_international,,,lane_mean_of_creators,11.0
,streams,437.0,0.11899313501144165,0.2036613272311213,0.004576659038901602,0.35469107551487417,0.018306636155606407,0.05491990846681922,0.0,0.02745995423340961,0.002288329519450801,0.4439359267734554,0.0,,centrist_heterodox,,,lane_raw_pooled,
,videos,3766.0,0.16011683483802444,0.030801911842804036,0.006372809346787042,0.18852894317578334,0.007966011683483803,0.04248539564524695,0.0007966011683483802,0.09718534253850239,0.03505045140732873,0.5772703133297928,0.0015932023366967605,,centrist_heterodox,,,lane_raw_pooled,
,streams,2.0,0.5,0.0,1.0,0.0,0.0,0.0,0.0,0.0,0.0,0.5,0.0,,explainer_geopolitics,,,lane_raw_pooled,
,videos,542.0,0.3763837638376384,0.0,0.005535055350553505,0.03690036900369004,0.0036900369003690036,0.02029520295202952,0.0,0.12915129151291513,0.03874538745387454,0.3210332103321033,0.0,,explainer_geopolitics,,,lane_raw_pooled,
,streams,139.0,0.15827338129496402,0.02877697841726619,0.1366906474820144,0.5467625899280576,0.007194244604316547,0.04316546762589928,0.0,0.04316546762589928,0.014388489208633094,0.41007194244604317,0.007194244604316547,,humour_satire,,,lane_raw_pooled,
,videos,884.0,0.18778280542986425,0.007918552036199095,0.09389140271493213,0.17420814479638008,0.024886877828054297,0.05656108597285068,0.0,0.06334841628959276,0.027149321266968326,0.49660633484162897,0.003393665158371041,,humour_satire,,,lane_raw_pooled,
,streams,1374.0,0.05967976710334789,0.20160116448326054,0.029839883551673944,0.07641921397379912,0.012372634643377001,0.0851528384279476,0.0,0.023289665211062592,0.015283842794759825,0.5953420669577875,0.0,,independent_digital_news,,,lane_raw_pooled,
,videos,7409.0,0.12444324470238899,0.01835605344850857,0.031313267647455796,0.06748549061951681,0.012552301255230125,0.07652854636253205,0.0005398839249561345,0.057902550951545416,0.03522742610338777,0.6524497233094885,0.0013497098123903361,,independent_digital_news,,,lane_raw_pooled,
,streams,843.0,0.25504151838671413,0.02491103202846975,0.11981020166073547,0.1055753262158956,0.005931198102016607,0.0498220640569395,0.0,0.0771055753262159,0.011862396204033215,0.44958481613285883,0.0,,interview_podcast,,,lane_raw_pooled,
,videos,3777.0,0.1808313476303945,0.005559968228752979,0.0791633571617686,0.13926396611066985,0.017209425469949694,0.08895949166004766,0.00026476039184537993,0.12231930103256553,0.017209425469949694,0.44400317712470216,0.0026476039184537992,,interview_podcast,,,lane_raw_pooled,
,streams,4271.0,0.09997658627955983,0.22406930461250293,0.08522594240224772,0.16693982673846874,0.03231093420744556,0.09927417466635448,0.0007024116132053383,0.032076797003043785,0.022477171622570825,0.7710138140950598,0.0007024116132053383,,left_commentary,,,lane_raw_pooled,
,videos,37793.0,0.05807953853888286,0.051385177149207525,0.058979176037890615,0.08821739475564258,0.009472653666022809,0.08636519990474427,0.0003968988966210674,0.031698991876802585,0.025480909163072527,0.8016299314687905,0.0024078533061678087,,left_commentary,,,lane_raw_pooled,
,streams,593.0,0.10961214165261383,0.1045531197301855,0.06913996627318718,0.06745362563237774,0.011804384485666104,0.10286677908937605,0.0,0.023608768971332208,0.01011804384485666,0.7790893760539629,0.0,,legal_institutional,,,lane_raw_pooled,
,videos,4390.0,0.12505694760820046,0.015945330296127564,0.0337129840546697,0.10341685649202734,0.003416856492027335,0.08405466970387243,0.00022779043280182233,0.02665148063781321,0.017995444191343964,0.8984054669703873,0.0009111617312072893,,legal_institutional,,,lane_raw_pooled,
,streams,2841.0,0.17353044702569517,0.15311510031678988,0.2094332981344597,0.14607532558958114,0.030271031326997537,0.10102076733544527,0.0010559662090813093,0.0675818373812038,0.039422738472368886,0.5853572685674059,0.0028159098908834917,,right_commentary,,,lane_raw_pooled,
,videos,31096.0,0.1094996140982763,0.018362490352456906,0.07219578080782094,0.08936840751222022,0.021514021095960897,0.07734113712374582,0.000996912786210445,0.07287110882428609,0.03926550038590172,0.6624324671983535,0.002315410342166195,,right_commentary,,,lane_raw_pooled,
,streams,2588.0,0.01777434312210201,0.2874806800618238,0.26236476043276663,0.15494590417310664,0.002704791344667697,0.07534775888717156,0.008500772797527048,0.011205564142194745,0.011205564142194745,0.5745749613601236,0.0007727975270479134,,right_tv_network,,,lane_raw_pooled,
,videos,10040.0,0.06374501992031872,0.1254980079681275,0.18396414342629483,0.0798804780876494,0.020318725099601594,0.07709163346613546,0.000298804780876494,0.04930278884462151,0.013147410358565738,0.4547808764940239,0.0008964143426294821,,right_tv_network,,,lane_raw_pooled,
,streams,774.0,0.1847545219638243,0.03875968992248062,0.3708010335917313,0.05813953488372093,0.014211886304909561,0.5749354005167958,0.0,0.007751937984496124,0.023255813953488372,0.6718346253229974,0.003875968992248062,,streamer_reaction,,,lane_raw_pooled,
,videos,7179.0,0.08705947903607744,0.004178854993731718,0.026744671959882994,0.06783674606491155,0.11714723499094581,0.10906811533639783,0.0001392951664577239,0.033152249616938294,0.04917119375957654,0.6452152110321772,0.0037609694943585457,,streamer_reaction,,,lane_raw_pooled,
,streams,2691.0,0.031958379784466744,0.4377554812337421,0.0003716090672612412,0.09921962095875139,0.007803790412486065,0.04013377926421405,0.0,0.008175399479747306,0.008918617614269788,0.12486064659977704,0.0,,us_legacy_tv,,,lane_raw_pooled,
,videos,56083.0,0.06914751350676676,0.03715921045593139,0.02482035554446089,0.07856213112707951,0.02408929622167145,0.0585738993991049,0.00037444501898971166,0.037123549025551414,0.015708860082377905,0.3641923577554696,0.0014264572151989016,,us_legacy_tv,,,lane_raw_pooled,
,streams,1181.0,0.007620660457239628,0.3327688399661304,0.016088060965283656,0.09568162574089754,0.009314140558848433,0.01693480101608806,0.000846740050804403,0.011854360711261643,0.01693480101608806,0.08890770533446232,0.0,,us_press_print_digital,,,lane_raw_pooled,
,videos,24367.0,0.09919152952763984,0.016210448557475273,0.10386998809865802,0.07953379570730906,0.012763163294619772,0.056675011285755326,0.002010916403332376,0.04136742315426602,0.011285755324824558,0.35987195797595106,0.0019288381827881971,,us_press_print_digital,,,lane_raw_pooled,
,streams,26982.0,0.05518493810688607,0.7609888073530502,0.000111185234600845,0.09295085612630642,0.017715514046401305,0.07786672596545845,0.00044474093840338,0.013305166407234453,0.039248387814098284,0.3997109183900378,0.00037061744866948335,,wire_international,,,lane_raw_pooled,
,videos,68378.0,0.14219485799526163,0.03739506858931235,0.0013454619906987627,0.09324636579016643,0.01544356371932493,0.07955775249349206,0.0009652227324578081,0.044414870279914594,0.024759425546228318,0.4867501243089883,0.000526485126795168,,wire_international,,,lane_raw_pooled,
