row_id,creator,run,title_raw,label_first,label_shuffled
543,@AsmonTV,2,California is losing $180 BILLION..,neither,right
857,@AsmonTV,2,You won't see this on the mainstream news..,right,neither
953,@BenShapiro,2,One Year Since Charlie Kirk’s Murder... What The Hell Happened?!,right,neither
1229,@BenShapiro,1,The True Meaning of Memorial Day | Nick Freitas & Ben Shapiro,neither,right
1283,@BenShapiro,2,The Most Dangerous Power Grab in Modern American History,neither,left
1449,@BenShapiro,2,2026 SHOCK: Trump DEPOSES Maduro!,neither,right
1490,@ClipsCandaceOwens,1,"""I'm A Political Refugee"" | Candace x Stephen A",neither,right
1492,@ClipsCandaceOwens,2,Remembering Charlie: POWER,neither,right
1493,@ClipsCandaceOwens,2,Remembering Charlie: HOMECOMING,neither,right
1579,@ClipsCandaceOwens,2,Jared & Ivanka's Albanian Island | The Dark Truth,neither,left
1581,@ClipsCandaceOwens,1,The Timeline of Lies | The Charlie Kirk Case,neither,right
1599,@ClipsCandaceOwens,1,The October 7 Experience Is TERRIFIYING...,neither,right
1608,@ClipsCandaceOwens,2,Politics Has Changed Forever | Candace Owens x Dave Smith,neither,right
1626,@ClipsCandaceOwens,2,Erika Kirk CANNOT Get Her Story Straight...,neither,left
1641,@ClipsCandaceOwens,1,The Return of Post-9/11 Propaganda...,neither,left
1658,@ClipsCandaceOwens,2,Pam Bondi: YOU'RE FIRED!,neither,left
1659,@ClipsCandaceOwens,1,TPUSA’s Schrödinger’s Charlie Kirk Footage...,neither,left
1665,@ClipsCandaceOwens,2,They’re LYING About Tyler Robinson & Charlie Kirk...,right,neither
1892,@HasanAbi,2,SUSAN COLLINS IS DOOMED,left,neither
2052,@HasanAbi,1,ASMONGOLD IS WRONG ABOUT EVERYTHING,left,neither
2077,@HasanAbi,1,I'm Getting Canceled for Helping Cuba...,left,neither
2241,@HasanAbi,2,"ISRAEL IS WORKING WITH ""THE LEFT"" TO BAN ME?",neither,right
2275,@HasanAbi,2,BREAKING: NYC Is Now ‘Under Sharia Law’,left,right
2366,@HasanAbiVODs3,1,"HasanAbi July 31, 2026 – Michigan IRL w/ Abdul El-Sayed, Adam Hamawy &more; call w/ Donovan McKinney",neither,left
2379,@HasanAbiVODs3,1,"HasanAbi July 18, 2026 – speaking at the College Dems of America Convention, D.C. Day 2",left,neither
2388,@HasanAbiVODs3,2,"HasanAbi July 9, 2026 – Platner drops out, Texas ICE killing",neither,left
2444,@HasanAbiVODs3,1,"HasanAbi May 14, 2026 – Trump in China, Utah Rep. candidate Nate Blouin visits, CA Governors debate",neither,left
2451,@HasanAbiVODs3,2,"HasanAbi May 7, 2026 – In San Francisco, Rally w/ Saikat Chakrabarti",neither,left
2457,@HasanAbiVODs3,1,"HasanAbi May 1, 2026 – in St. Louis, Rally with Cori Bush",left,neither
2510,@LukeBeasley,2,Trump’s Family Just LEAKED HIS SECRET!,left,neither
2632,@LukeBeasley,2,Candace Owens Debate SHOCKS EVERYONE!,neither,right
3119,@LukeBeasley,2,INSANE Third Trump Term BOMBSHELL!,left,neither
3151,@LukeBeasley,1,"DEAR BARRON TRUMP, DON’T F*** WITH ME… OKAY?!",left,neither
3204,@LukeBeasley,2,"Alex Jones Staffer QUITS, LEAKS THIS DIRT ABOUT ALEX!",left,neither
3605,@LukeBeasley,2,EMERGENCY EPISODE: INVASION OF VENEZUELA - Members Only Main Show 01/03/2026,left,neither
3671,@LukeBeasley,2,OH SH*T: Tucker’s SHOCK SECRET CHAT With Bobby’s LOVER GOES PUBLIC!,left,neither
3930,@MattWalsh,2,Mothers Who Hate Their Kids Are Going VIRAL. Here's What I Think | Ep. 1829,right,neither
4039,@MattWalsh,1,We Did A Deep Dive Into Why U.S. Scientists Are Vanishing,neither,left
4066,@MattWalsh,1,What Schools Don't Teach You About American Indians,neither,left
4125,@MattWalsh,2,What Schools Don't Teach You About Slavery,neither,left
4238,@MegynKelly,2,Megyn Kelly Remembers Charlie Kirk on One Year Anniversary of His Assassination,neither,right
4708,@MegynKelly,1,"Serena Williams and Naomi Osaka's Selfishness and Poor Sportsmanship at Wimbledon, with Rob Finnerty",neither,right
4768,@MegynKelly,1,VP JD Vance x Megyn Kelly - The FULL Interview,neither,right
4828,@MegynKelly,1,"The Truth About ""Cheating"" in LA Mayor Race",neither,right
5098,@MegynKelly,2,"Comey Indicted Over ""86 47,"" Massive MN Fraud Raid, King Charles Addresses Congress: AM Update 4/29",neither,right
7858,@MeidasTouch,1,MTG Gets REVENGE on Trump and LEADS BOYCOTT!!!,left,neither
7945,@MeidasTouch,1,Iran GIVES FINAL WARNING to Trump on CEASEFIRE VIOLATIONS!!!,left,neither
7980,@MeidasTouch,2,Fox TURN ON TRUMP after SHOCK FIRING,left,neither
8296,@MeidasTouch,2,All HELL BREAKS LOOSE as Trump TRAPPED by US ENEMIES!!!,left,neither
10051,@MichaelKnowles,2,Republicans May Get Slaughtered In The Elections If This Is True,neither,left
10103,@MichaelKnowles,1,"Knowles REACTS To Christian Music: ""Demons"" By Josiah Queen",neither,right
10166,@MichaelKnowles,2,WORST Ruling Ever: The Supreme Court Betrays America,right,neither
10322,@MichaelKnowles,2,A Catholic & Protestant Discuss Christianity & Nationalism: Michael Knowles ft. Doug Wilson,neither,right
10355,@MichaelKnowles,1,The Oscars Take A Swing At TPUSA,right,neither
10378,@MichaelKnowles,2,WATCH: Driver Tries To RUN OVER Cop In North Carolina,neither,right
10391,@MichaelKnowles,1,What Will Happen? State Of The Union Predictions With Michael Knowles & Isabel Brown,neither,right
10447,@MichaelKnowles,2,Why Is It Only Minneapolis? Why Is It Always Minneapolis?,right,neither
10678,@PartOfTheProblem,2,Dave Smith | Netanyahu Knew | Part Of The Problem 1441,neither,left
10706,@PartOfTheProblem,2,Dave Smith | J.D. Can't Sell This | Part Of The Problem 1413,left,neither
10742,@PartOfTheProblem,1,Dave Smith | Dan Bongino the Fraud | Part Of The Problem 1377,left,neither
10750,@PartOfTheProblem,2,Dave Smith | A Response to Pathetic Ben Shapiro | Part Of The Problem 1369,left,neither
10755,@PartOfTheProblem,1,Dave Smith | Trump to Sell War at the SOTU | Part Of The Problem 1364,left,neither
10756,@PartOfTheProblem,2,Dave Smith | Tucker Eviscerates Huckabee | Part Of The Problem 1363,right,neither
10759,@PartOfTheProblem,2,Dave Smith | Pam Bondi is Cooked | Part Of The Problem 1360,left,right
10762,@PartOfTheProblem,1,Dave Smith | Kash Patel is Pathetic | Part Of The Problem 1357,left,neither
10779,@PartOfTheProblem,2,Dave Smith | The Turning Points USA Spectacle | Part Of The Problem 1340,left,neither
10815,@SecularTalk,2,BRUTAL EXPOSÉ PROVES FETTERMAN IS F*CKED | The Kyle Kulinski Show,neither,left
12224,@SecularTalk,2,Nick Fuentes & Roseanne Barr GO TO WAR & It Turns UGLY | The Kyle Kulinski Show,neither,left
12334,@StevenCrowder,2,Canada is a National Security Threat,neither,right
12349,@StevenCrowder,2,The $400K Childcare Hoax,right,neither
12386,@StevenCrowder,2,The Truth About the Great Replacement,right,neither
12402,@StevenCrowder,2,The Media Is Lying to You About This,right,neither
13373,@TheMajorityReport,2,Melania Trump's Robot Presentation Freaks Everyone Out,left,neither
13702,@TheMajorityReport,2,"Ossoff Rips ""Epstein"" Billionaires For Creating Wealth Inequality",left,neither
13825,@TheMajorityReport,2,The Next Socialist In Congress? | Claire Valdez | TMR,left,neither
14498,@TheYoungTurks,1,Joe Kent Makes Dan Bongino CRASH OUT,left,neither
14733,@TheYoungTurks,1,Israel SPIKES Trump's Deal With Hamas,left,neither
16430,@TheYoungTurks,2,WILD Epstein Takes from Alex Jones & Michael Tracey,left,neither
17130,@TheYoungTurks,2,Bari Weiss Takes HEAT For Erika Kirk Town Hall,left,neither
17631,@TimDillonShow,2,"Eric Swalwell, The Great Layoff, & We Endorse Katie Porter | The Tim Dillon Show #492",left,neither
17632,@TimDillonShow,2,Bonus Episode #330 - Canvassing For Katie Porter (ft Ray Kump) - The Tim Dillon Show,left,neither
17677,@Timcast,2,THESE WOMEN ARE INSANE,neither,right
17685,@Timcast,1,TRUMP SAYS ENOUGH,neither,right
17806,@Timcast,1,THEY STOPPED ANOTHER ASSASSIANTION ATTEMPT,neither,right
17813,@Timcast,1,"Renee Good Shooting Was SELF DEFENSE, Lawyer Explains Why",right,left
17863,@TuckerCarlson,2,Trump Becomes the Very Thing He Swore to Destroy. And It Might Cost Us Our Country.,neither,left
17868,@TuckerCarlson,1,The Totalitarian Surveillance State Grows as a New Movement Rises From the Ashes of MAGA,neither,left
17880,@TuckerCarlson,1,"Exposing the Lies of 9/11, JFK, Gaza, and How America Is Being Pushed Toward Nuclear War",neither,left
17885,@TuckerCarlson,1,BREAKING: Congress Moves to Commit Treason and Allow Israel to Forever Enslave America’s Military,neither,left
17903,@TuckerCarlson,2,"'Ethical Hacker' Hacks Tucker Live on the Podcast, and Exposes the Satanic Cults Lurking Online",right,neither
17911,@TuckerCarlson,2,"Rep. Thomas Massie: Battling the Treachery of Trump’s Republican Party, AIPAC, and the Epstein Class",neither,left
17928,@TuckerCarlson,1,"Dave Smith: Mossad, WWII Myths, FBI Cover-Ups, and Trump’s Critical Next Move in Iran",neither,right
17938,@TuckerCarlson,1,Are Christians Required to Pledge Loyalty to Bibi Netanyahu? Carrie Prejean Boller & Tucker Respond.,neither,right
17954,@TuckerCarlson,2,The Shocking Reality of the Treatment of Christians in the Holy Land by US-Funded Israel,right,left
17956,@TuckerCarlson,2,"Cenk Uygur: Epstein, JFK, 9-11, Israel’s Terrorism and the Consequences of Opposing It",neither,left
17969,@TuckerCarlson,2,The Private Equity Veterinary Scam Making You Poorer and Killing Your Pets,neither,left
18063,@Vaush,2,The Interview With Platner's Victim Is Disturbing,neither,right
18260,@Vaush,2,Is PRESIDENT TUCKER CARLSON In Our Future?,neither,right
18279,@Vaush,2,Trump Has Gone Full Israeli Double Agent,left,right
18313,@Vaush,2,Everyone Really Does Hate The Democrats,right,neither
18480,@adammockler,1,Adam Mockler LETS IT SLIP on Stage...,neither,right
18540,@adammockler,1,Trump Sports Game Takes DARK TURN,left,neither
18867,@adammockler,1,Massie Drops FINAL BOMB on Trump,left,neither
19348,@adammockler,2,Karoline Drops BOMB about Melania FAIL,left,neither
19498,@adammockler,2,Trump CANCELS EVERYTHING after NEW EPSTEIN LEAK,neither,left
19794,@bennyjohnson,2,"🚨Something INSANE Just Happened In Iran…Oil is Collapsing, Stock Market Roaring | It’s Finally Over…",right,neither
19953,@bennyjohnson,2,🚨Trump Strikes Iranian NUCLEAR Power Plant in ARMAGEDDON Move | Declares Ceasefire OVER: 'Finished…’,right,neither
19964,@bennyjohnson,2,Mitch McConnell Provides Hysterical 'Proof of Life' Evidence After Brain Dead Report | Internet on🔥,right,neither
20266,@bennyjohnson,1,"🚨Trump Announces US Military Has KILLED The Leader of ISIS, The Footage is INSANE…",neither,right
20300,@bennyjohnson,2,🚨BREAKING: Putin and Zelensky Announce Russia-Ukraine War is ENDING | Trump DEAL Changes World...,right,neither
20717,@bennyjohnson,2,Bill Clinton EXPLODES! Screams Truth About Trump and Epstien,neither,left
20807,@bennyjohnson,1,Watch Kid Rock Convert To Christ LIVE on stage…,neither,right
20933,@bennyjohnson,2,"Jon Stewart TURNS On Clintons, DEMANDS Bill And Hillary Testify on Epstein: ‘They Know Everything…’",right,neither
21362,@breakingpoints,1,Mearsheimer On Trump: 'HE LOST THE WAR',left,neither
21366,@breakingpoints,2,Bibi SPITS IN TRUMP'S FACE On Gaza Peace Deal,left,neither
21548,@breakingpoints,2,Iran Talks Nearly BLOWUP After Trump Threatens Negotiators,left,neither
21663,@breakingpoints,2,Ryan EXPOSES INSANE SCHUMER AI $9 Million SCREWUP,neither,right
21710,@breakingpoints,2,DEMS Prep NUCLEAR OPTION After VA Maps Struck Down,neither,right
21943,@breakingpoints,1,TOP Iranian Official ASSASSINATED By Israel As 200 US Troops Wounded,neither,left
21981,@breakingpoints,2,White House REFUSES TO RULE OUT DRAFT For Iran,neither,left
21986,@breakingpoints,1,"Congress BACKS IRAN WAR: Massie UNLOADS, Schumer CAVES",neither,left
22552,@briantylercohen,1,OMG: Trump's SHOCKING announcement about America 250 | Another Day,left,neither
22660,@briantylercohen,2,Trump’s Epstein SECRET surges into news,neither,left
22817,@briantylercohen,2,Marc Elias asked if he’d be next attorney general 👀,left,neither
23410,@deanwithrs,2,MAGA Man Unmasks HIMSELF In DEFENSE Of Trump,left,neither
23470,@deanwithrs,1,Brainwashed MAGA Immigrant Believes She's NOT Part of the PROBLEM,left,right
23974,@destiny,2,The Most DERANGED Witch Hunt I've Ever Seen,neither,right
23978,@destiny,2,Hasan Fan Tries To Trap Democrat... It Backfires,neither,right
23979,@destiny,2,His Lies Are Finally Catching Up,neither,left
24135,@destiny,1,Jon Stewart's Got A Bad Take On The Economy,neither,right
24147,@destiny,2,"Destiny Confronts ""Free Speech Absolutism""",left,neither
24185,@glennbeck,1,Big Tech Wants Your Town... Here’s How To Make Them Pay For It,neither,left
24292,@glennbeck,2,The Miraculous Failure That SAVED America in World War II,neither,right
24304,@glennbeck,2,Is The UK On The Verge of Civil War?! It's Closer Than You Think...,neither,right
24308,@glennbeck,1,Trump Just Played the Ultimate Power Move In Growing Feud With Senate Republicans,right,neither
24376,@glennbeck,2,I Could Get BANNED From Britain for Saying THIS?!,neither,right
24594,@glennbeck,1,"""PEACE THROUGH STRENGTH"": Why Trump seized a ""Russian flagged"" oil tanker",neither,right
24785,@hutch,2,James Carville Picks FIGHT With Hasan Piker While Pod Save America Continues To Sanewash,right,left
24798,@hutch,2,Destiny Utterly Humiliates George Santos,left,neither
24805,@hutch,2,All of Hasan's Candidates Won,neither,left
24809,@hutch,2,One of the most HILARIOUS interviews I've ever seen (feat. Taylor Lorenz),right,neither
24814,@hutch,2,All of Hasan's Candidates Lost,neither,right
24844,@hutch,2,TIM MILLER Joins Lib & Learn! (Best Episode Yet?),neither,left
24860,@hutch,2,The Media Has NO IDEA What To Do With Hasan,neither,left
24877,@hutch,2,You Will Not Believe Why This Guy Thinks I'm Racist,neither,right
24896,@hutch,1,My fellow libs have gone INSANE,neither,right
24905,@hutch,2,Hasan Might Be Shocking His Dog Again,neither,right
24908,@hutch,2,Comedian Stacy Cay's BASED Take On Hasan,neither,right
25326,@podsaveamerica,1,NEW Details About Trump's Relationship with Israel Exposed in SHOCKING Report,left,neither
25372,@podsaveamerica,2,Trump Hit with EPSTEIN BOMBSHELL from Former Ally,left,neither
25452,@podsaveamerica,2,"OnlyFriends: Marco Rubio Defends the War, Trump Rants to Kids, Obama on Colbert",neither,left
25778,@podsaveamerica,1,Political Experts React to Democrats’ BEST New Ads,left,neither
26079,@ponderingpolitics,2,Fox News CONFRONTS Trump TO HIS FACE,left,neither
26362,@ponderingpolitics,2,🚨 BREAKING: Trump ERUPTS as Iran SHOOTS DOWN US chopper,left,neither
26585,@ponderingpolitics,2,BREAKING: Supreme Court SHOCK ORDER SCREWS Trump,neither,left
26740,@ponderingpolitics,2,MUST SEE: Candace Owens HITS Trump WHERE IT HURTS,left,neither
27048,@ponderingpolitics,2,Fox News DROPS BOMB on Trump on LIVE TV,left,neither
27280,@ponderingpolitics,2,🚨 Karoline Leavitt STUNS THE WORLD with Trump News,neither,right
27362,@samharrisorg,2,The Democratic Party Has a Reckoning Coming,right,neither
27384,@samharrisorg,1,"More From Sam: The Iran War, American Amorality, Addressing Hopelessness, Tucker, and More (Ep. 462)",neither,left
27487,@thedavidpakmanshow,2,Trump’s tool ACTUALLY DOES IT,left,neither
27826,@thedavidpakmanshow,2,This couldn’t have ended much worse,left,neither
27970,@thedavidpakmanshow,2,OOPS: JD Vance says NOT SO FAST to Trump,left,neither
28265,@thedavidpakmanshow,2,She did NOT expect him to DESTROY her question,neither,right
28302,@thedavidpakmanshow,2,WHOA: AOC just FIGURED OUT Trump,right,left
28307,@thedavidpakmanshow,1,THEY’RE IMPEACHING HEGSETH,left,neither
28382,@thedavidpakmanshow,2,DON JR & KAROLINE ARE COMING AFTER ME,left,neither
28490,@thedavidpakmanshow,2,Is it time to finally do it to Trump?,left,neither
28762,@thedavidpakmanshow,2,The look on Trump's face when he realizes what happened,left,neither
28885,@thedavidpakmanshow,1,Fascism expert has FLED THE COUNTRY,left,neither
28901,@thedavidpakmanshow,2,KRISTI NOEM IS GETTING IMPEACHED,left,neither
29090,@triggerpod,2,Comedian DESTROYS Every Triggernometry Guest - Tony Lapidus,neither,left
29154,@triggerpod,1,The Great British Delusion - Konstantin Kisin,neither,right
29352,@MLChristiansen,2,The Illegal Chinese Biolab Strikes Again | Biohazard Home Raided in Las Vegas,neither,right
29356,@MLChristiansen,2,Come and Get Me Pam Bondi! | Will She Actually Bring Charges Against Don Lemon and Company?,neither,left
29622,@TheOfficerTatum,2,Carnival Cruise To BAN Black People After This?,right,neither
30260,@therationalnational,2,No Deal! Mark Carney Rejects Trump's Proposal As Canada Holds Strong,neither,left
30269,@therationalnational,1,Pierre Poilievre Loses Another While NDP Gain,left,neither
30304,@therationalnational,2,Two Big UFC Fighters Rip Trump Over White House Event,left,neither
30319,@therationalnational,2,Mark Carney Shows Us His True Colours,neither,right
30350,@therationalnational,1,Canada Tops ‘Morality’ Survey Of 25 Countries. Guess Who's Last.,left,neither
30353,@therationalnational,1,Trump Starts War With Iran & Mark Carney Betrays Own Davos Speech With Response,left,neither
30409,@SecondThought,1,Corporations Are Tracking Your Face…And It’s Getting Worse,left,neither
30415,@SecondThought,1,The New Red Scare is Here,left,neither
30520,@bulwarkmedia,2,The Data Center Backlash Could Start Costing People Elections (w/ Nathaniel Rich),neither,left
30693,@bulwarkmedia,2,Even Susan Glasser Is Losing Hope | Bulwark Daily,neither,left
31210,@bulwarkmedia,1,Tim Miller: The White House Just Threatened Me,left,neither
31341,@bulwarkmedia,2,$5 Gas Is Just the Beginning. It Gets MUCH Worse. | The Next Level,neither,right
31491,@bulwarkmedia,2,Trump’s Biggest Fans Turned on Him (w/ David Pakman),neither,left
31938,@bulwarkmedia,2,Mark Hertling and Ruben Gallego: A Rush to War | The Bulwark Podcast,neither,left
32271,@bulwarkmedia,2,Trump Is Now Deeply Unpopular Nationwide | Secret Podcast,neither,left
32367,@bulwarkmedia,1,Venezuela Was Not Liberated (w/ Quico Toro) | Mona Charen Show,neither,left
32411,@bulwarkmedia,2,Did a Government Insider Make $400K off the Venezuela Invasion? (w/ Rep. Ritchie Torres),neither,left
32447,@bulwarkmedia,2,The Culture Is Abandoning Trump (w/ John Heilemann) | The Bulwark Podcast,neither,left
32789,@LeejaMiller,2,"Manifest Destiny Includes Canada, Too",left,right
32790,@LeejaMiller,2,Why Is The US Obsessed With Cuba?,left,neither
32792,@LeejaMiller,2,The New Red Scare,left,neither
32807,@LeejaMiller,2,Is Property Damage Ever Justified?,left,neither
32809,@LeejaMiller,2,Tax Resistance 101,left,neither
32811,@LeejaMiller,2,America's Hasan Piker Problem,neither,right
32817,@LeejaMiller,1,Jared Kushner's War,left,neither
32818,@LeejaMiller,2,The Death Of America's Soft Power,left,neither
32826,@LeejaMiller,2,The Epstein Files Should Radicalize You,neither,left
32859,@PiersMorganUncensored,2,"“TYPICAL LIBTARD!” Trump 007 Escape, Greta PRAISES Piers Morgan + Mao Debate w/ Victor Davis-Hanson",neither,right
32878,@PiersMorganUncensored,2,"""DON'T Want My Kids Living Under Chinese Rule!"" Kevin O'Leary vs Steve Keen | Economy Debate",neither,right
32885,@PiersMorganUncensored,2,EXCLUSIVE: 'Netanyahu Is FASCIST!' + Ehud Barak Breaks Silence On Shock Epstein Claims,neither,left
32893,@PiersMorganUncensored,2,"'I'll NEVER Apologize To Trump!"" Marjorie Taylor Greene | Plus Piers Morgan CALLS OUT Conricus!",neither,right
32915,@PiersMorganUncensored,2,"""Tragic And OBSCENE!"" Is Henry Nowak Death The New George Floyd? + Iran War Debate",neither,right
32916,@PiersMorganUncensored,1,"""DISGUSTING!"" Gaza Flotilla Detainees on Israel 'Abuse' | Norman Finkelstein on 'Nazi' Post",neither,left
32921,@PiersMorganUncensored,2,"'He BETRAYED MAGA!' Tim Dillon On Donald Trump, Tucker Carlson, Iran, Israel & More",right,neither
32941,@PiersMorganUncensored,2,“A Sense Of BETRAYAL!” Trump ‘Folds’ On Iran + Valentina Gomez BANNED From UK,neither,right
32960,@PiersMorganUncensored,2,"'You Don't Stand Up To Evil, You LOSE!' Iran Ground Invasion | Feat John Kiriakou & Rudy Giuliani",right,neither
32970,@PiersMorganUncensored,2,"'NOT America First!' Tucker Carlson On Iran, Trump, Ben Shapiro, Cruz & More!",right,neither
32974,@PiersMorganUncensored,2,‘TOTAL Betrayal!’ Can Republicans Survive Trump's War On Iran? + New Ayatollah 'Will Not Last',neither,right
33007,@PiersMorganUncensored,2,"'FROZEN OUT By Ben Shapiro' Piers Morgan x Jeremy Boreing On Candace Owens, Tucker Carlson & Fuentes",neither,right
33008,@PiersMorganUncensored,1,“Iran’s HOLOCAUST” Death Toll Uncovered - How Long Until Trump Declares War?,neither,left
33020,@PiersMorganUncensored,2,‘Expecting An Attack Any Day Now” Venezuela Boat Strikes With John Kiriakou & Ed Calderon,neither,left
33022,@PiersMorganUncensored,2,"""They Will KILL Me!"" Son of Hamas Founder Turned Israeli Agent on Islam 'Identity Crisis'",neither,right
33023,@PiersMorganUncensored,2,“I Will NOT STOP!” Candace Owens Meets Erika Kirk | Piers Morgan Interview,neither,right
33134,@zeteo,2,Young Jewish Democrat Challenges US Support for Israel and the UAE,neither,left
33135,@zeteo,1,Mehdi’s Powerful Speech Defending Independent Journalism,neither,left
33137,@zeteo,2,40 Senators Vote to Block Israel Weapons Sales — A Turning Point?,left,neither
33192,@zeteo,1,Six New Names Revealed in Epstein Files - Ro Khanna Reacts,neither,left
33213,@zeteo,1,What You Need To Know About The ‘World’s Most Evil Company’,left,neither
33261,@TheDamageReport,2,Megyn Kelly LOSES IT In Sandra Bullock Meltdown As Argument Backfires,left,neither
35326,@TheDamageReport,2,Elon Musk Hit With MAJOR Lawsuit From Teenagers After Explicit Images Revealed To Users,left,neither
36337,@TheDamageReport,2,MAGA Backlash ERUPTS Against Republican Winery After Charlie Kirk Wines Backfire,left,neither
36806,@TheHumanistReport,1,BREAKING: Virginia Supreme Court Strikes Down Voter-Approved Map in MAJOR Win for GOP,neither,right
36832,@TheHumanistReport,1,Leftists Reflect on Surreal Moment From Bernie Sanders’ 2016 Campaign: “All I Feel is Pain”,neither,right
36853,@TheHumanistReport,1,DNC Operatives FINALLY Admit (Privately) Why Kamala Harris Lost to Trump in 2024,neither,right
36876,@TheHumanistReport,2,More Americans are Saying the Quiet Part Loud: They Want a Revolution,left,neither
37147,@FarronBalanced,2,Trump Demands Jeanine Pirro Do Reflecting Pool Charges AGAIN,left,neither
37877,@FarronBalanced,2,Kash Patel Hires WORST LAWYER Possible For Defamation Lawsuit,left,neither
38078,@FarronBalanced,2,DOJ Collapses As They Lower ALL Standards,left,neither
38554,@FarronBalanced,2,Leavitt Goes All In Saying Trump MUST Seize Greenland,left,right
39071,@dollemore,1,Michele Tafoya SINKS Her Campaign with One Sentence,left,neither
39529,@dollemore,2,Fox News Reporter CALLED NAZI B*TCH on the Street,neither,right
39728,@dollemore,1,Pete Hegseth to Press: DOUBTING TRUMP IS LIKE DOUBTING JESUS,neither,left
39814,@dollemore,2,Franklin Graham Wrote Trump a LETTER ABOUT GOING TO HELL,left,neither
39960,@dollemore,2,Pentagon Wants MASS SURVEILLANCE & AUTONOMOUS KILLING from AI Partner,neither,left
40374,@RebelHQ,2,Reporter SLAMS Jared Kushner TO HIS FACE Over This,neither,left
40703,@RebelHQ,2,"Fox Host RIPS J.D. Vance, Demands Trump DITCH V.P.",left,neither
40825,@RebelHQ,2,Ex-CEO of Google Gets BOOED To His FACE for Praising Ai at Graduation,neither,left
40998,@RebelHQ,2,MAGA Turns on Kash Patel… It’s Getting Ugly,neither,left
41207,@RebelHQ,2,Republican Senator TORCHES Kristi Noem in Hearing,left,neither
41578,@RebelHQ,1,Pete Hegseth HECKLED In Public… Then Hands Them PROOF They Were Right,left,right
41703,@StatusCoup,1,Top Dem Tells 90 PERCENT of Democrats to F*CK OFF!,neither,right
41787,@StatusCoup,2,ICE LOSES CONTROL As Protesters Burn American Flag,neither,right
41876,@StatusCoup,2,"ICE Watch Site HACKED, Users Get FBI THREAT: ""Grifters and Terrible Coders""",neither,right
41914,@StatusCoup,1,Melania Accuser SPEAKS OUT for First Time,neither,left
42001,@StatusCoup,2,ICE VS BLACK PANTHERS: Chaos After ICE Causes Crash,neither,left
42057,@StatusCoup,1,“WE’RE GERMANY IN 1934!” ICE Protester BEGS Americans to Rush to Minneapolis,left,right
42335,@SMN,2,Anthony Fauci: History's Greatest Monster?,neither,right
42336,@SMN,1,AD-FREE: Anthony Fauci: History's Greatest Monster?,neither,right
42396,@SMN,2,EARLY ACCESS: Trump's Now And Future Wars,left,neither
42399,@SMN,2,Why We're Not Yet Freaking Out About Hantavirus - EVEN MORE NEWS,left,neither
42440,@SMN,1,"EARLY ACCESS: Aliens, The X-Files, And How Trump Killed Conspiracy Theories",left,neither
42467,@SMN,2,"Do You Get It Now, Ben? - SOME MORE NEWS",left,neither
42476,@SMN,2,AD-FREE: Democrats Actually Try To Defund DHS?,neither,right
42669,@BelleRanch,2,Let's talk about Trump removing names of the fallen....,left,neither
42717,@BelleRanch,2,Let's talk about Trump’s mistake of tying his Presidency to the stock market though a bell….,left,neither
42798,@BelleRanch,1,Let's talk about red flags for Trump's market and what it means ….,neither,left
43107,@BelleRanch,2,Let's talk about the GOP worrying about Texas flipping blue....,neither,left
43111,@BelleRanch,1,Let's talk about lost faith in Trump’s foreign policy skills in the US....,neither,left
43308,@BelleRanch,2,Let's talk about Trump and battleships that will never be....,neither,left
43642,@harryjsisson,2,OMG: Marjorie Taylor Greene Just POSTED IT!!,left,neither
43844,@harryjsisson,2,Trump Just Blamed JD Vance For EVERYTHING...,left,neither
43853,@harryjsisson,2,MAGA Is FURIOUS Over Trump's Iran Attack,left,neither
43886,@harryjsisson,2,Trump Just Threw Her Under The Bus...,left,neither
44187,@aaronparnas1,2,Republicans BLAST Todd Blanche as Hearing Devolves into DISASTER,left,neither
44277,@aaronparnas1,2,BREAKING: New Yorkers KICK Trump Out as UFC Cage Match in MAJOR DOUBT,left,neither
44863,@rolandsmartin,1,"Crazy A$$ White Man Yells N-Word On Plane, Gets Duct-Taped to Seat and Fired",neither,left
45176,@rolandsmartin,2,Black Male vote: Dems better wake da f%^k up,neither,left
45206,@rolandsmartin,2,“Get Off Your A$$ and Vote.” Gary Chambers Sounds Alarm in Louisiana,neither,left
45247,@rolandsmartin,2,Black Women Are Being Killed. Abuse Is Still Being Called “Love”,neither,left
45281,@rolandsmartin,2,Trump Attacks the Pope. Pope Leo Fires Back: “I Have No Fear”,neither,left
45302,@rolandsmartin,1,Black Family Held At Gunpoint After False 911 Call. Kids Left Traumatized,neither,left
45399,@rolandsmartin,2,Stop the Talk. Educate Voters. Organize Texas. Win the Election.,neither,left
45451,@rolandsmartin,2,“Do You Think You’re Going To H*ll?” Rep. McIver Blasts Acting ICE Director,left,neither
45454,@rolandsmartin,1,"WTH?!? HBCU Student Told ""Black"" Was Banned. FAMU Says It Was An Error",left,neither
46825,@DropSiteNews,2,Four Lost Wars in 25 Years: Rob Malley & Vali Nasr on Iran & the Limits of American Power,neither,left
46828,@DropSiteNews,1,Jeffrey Sachs: America’s “Legacy of Delusion” Fueling Financial Bubble & Iran Failure,neither,left
46829,@DropSiteNews,2,Investigator Exposing CIA Boat Strikes Gunned Down by Hit Squad in Ecuador,neither,left
46872,@DropSiteNews,1,“Lebanon’s Surrender Agreement”: Hezbollah Expert Amal Saad on Beirut’s “Framework” With Israel,left,neither
46988,@DropSiteNews,2,"Miko Peled: Should the Left Engage with Tucker Carlson, Right Wing Israel Critics?",left,neither
47012,@DropSiteNews,2,Exposed: Israel-Emirates Ties Nurtured by Jeffrey Before Abraham Accords,left,neither
47026,@DropSiteNews,2,“Burning Bodies”: Satellite Evidence Exposes Atrocity Cover Up By UAE’s Militants,left,neither
47074,@BadFaithPodcast,2,The Fight Inside DSA Over Whether to ENDORSE AOC for President (w/ James Ray),left,neither
47076,@BadFaithPodcast,1,"Is ""Defund"" The Left's ""Sister Soulja"" Moment? (w/ Eddie Glaude)",neither,left
47092,@BadFaithPodcast,1,"Peter Thiel's Secret Society, The Left's Favorite CONSPIRACIES (w/ Tonery Rose & Aaron Good)",neither,right
47099,@BadFaithPodcast,2,"Empathy Is Bad?: Gad Saad's Anti-Woke Book, + The Left DEFENDS NEW Platner Scandal (w/ Matt McManus)",left,right
47106,@BadFaithPodcast,2,How The Green Party GAINED Power in the UK (w/ Ash Sarkar),neither,left
47107,@BadFaithPodcast,2,"The Left Only Wants to ""Endlessly Critique Power""? (w/ Contrapoints)",neither,left
47123,@BadFaithPodcast,2,Tech Overlords Want You To RENT Your Body to AI,left,neither
47136,@BadFaithPodcast,2,Chomsky FANTASIZED About Epstein's Island (w/ Alan MacLeod),neither,right
47143,@BadFaithPodcast,2,Plur1bus Debate: Is This Anti Collectivist Propaganda?,left,neither
47187,@thejimmydoreshow,2,Netanyahu Tells Israelis He Controls Trump! ,neither,left
47406,@thejimmydoreshow,2,TPUSA’s Andrew Kolvet RAISES QUESTION About Official Story!,neither,right
47423,@thejimmydoreshow,2,Netanyahu SMEARS Victims Of October 7th!,neither,left
47501,@thejimmydoreshow,1,Anti-Israel UFC Champ CRASHES White House Freedom 250 Event!,neither,right
47550,@thejimmydoreshow,2,Zionists Now THREATENING Every U.S. Politician With Jewish Money! ,neither,left
47677,@thejimmydoreshow,2,Putin Makes MAJOR MOVE To Crush The U.S. Petrodollar! w/ Neil Oliver,neither,right
47982,@thejimmydoreshow,2,Democrats SECRETLY HELPING Trump Start Iran War!,neither,left
48138,@thejimmydoreshow,2,China Sends Iran Biggest Shipment Of Weapons Ever! w/ Thomas Massie,neither,right
48197,@thejimmydoreshow,1,FBI’s Latest CRAZY DODGE To Keep Epstein Files Hidden!,neither,right
48213,@thejimmydoreshow,2,Mainstream Media Spreading FAKE AI VIDEOS From Venezuela! w/ Max Blumenthal,neither,left
48257,@thejimmydoreshow,2,Nicki Minaj Says The WORST THING POSSIBLE To Erika Kirk!,neither,right
48268,@thejimmydoreshow,2,Erika Kirk In PANIC MODE About Egyptian Plane Story! ,neither,left
48417,@KimIversen,1,"Zionists SEIZED TikTok, Now There is an Alternative",neither,left
48437,@KimIversen,2,Why Isn't Big Pharma On Trial?,neither,left
48468,@KimIversen,2,The Government’s Charlie Kirk Story Is Unraveling,neither,right
48607,@KimIversen,2,Trump’s Iran Deal Demands Turn Into Israel First,neither,left
48877,@KimIversen,2,Israelis Brag About Buying U.S. Politicians,neither,left
48920,@KimIversen,1,How To ACTUALLY Make American Great Again,right,neither
48947,@KimIversen,2,Trump May End Endless Wars,right,neither
49097,@NovaraMedia,2,Top Economist SLAMS Mainstream Media’s Coverage of Benefits ,neither,left
49099,@NovaraMedia,2,Morgan McSweeney Admits Labour Are Clueless,neither,right
49107,@NovaraMedia,2,Top Economist EXPOSES The Broken System | Ash Sarkar Meets Mariana Mazzucato,neither,left
49117,@NovaraMedia,1,The Briefing WAR Against Ed Miliband,left,neither
49286,@NovaraMedia,2,Is Liberalism FINALLY Waking Up to the Crises It Has Caused? | Aaron Bastani Meets Adrian Wooldridge,neither,left
49326,@NovaraMedia,2,Tommy Robinson Applauds Top Tory For Islam Comments,left,neither
49374,@NovaraMedia,1,SHOCK: Farage Wants MORE Refugees?!,neither,right
49399,@NovaraMedia,2,Expert Paul Holden Reveals CONSPIRACY To Silence Labour Critics,neither,right
49411,@NovaraMedia,2,Farage Announces Reform's New Tory Cabinet | #novaralive,left,neither
49415,@NovaraMedia,2,"Epstein, Mandelson & The Perversion of New Labour Liberalism | Ash Sarkar Meets Maurice Glasman",neither,left
49494,@NovaraMedia,1,Palestine Action Hunger Strikers In Critical State,neither,left
49645,@lovettorleaveitpodcast,2,Lovett and Tim Miller React to the ICE Shooting Fallout,neither,left
49647,@lovettorleaveitpodcast,2,Reacting to CBS News' EMBARRASSING Coverage of Marco Rubio with George Civeris & Andy Kindler,neither,left
49686,@PoliticsGirl,1,Let’s Get Our Country Back: A Conversation with Oath’s Brian Derrick,neither,left
49690,@PoliticsGirl,1,Stop the Cruelty,neither,left
49704,@PoliticsGirl,2,Jan 6er Payout,left,neither
49708,@PoliticsGirl,1,Bring Back The Law,neither,right
49726,@PoliticsGirl,2,Does America Hate Women? A conversation with Monte Mader,left,neither
49752,@PoliticsGirl,2,WHITE WOMEN are the PROBLEM,left,neither
49753,@PoliticsGirl,1,Live Free or Die,neither,right
49787,@TheLincolnProject,2,The Left Has the Power. It Keeps Apologizing for It.,left,neither
49815,@TheLincolnProject,1,"RFK Jr.'s Marry, F*ck, Kill List",left,neither
49831,@TheLincolnProject,2,Epstein Class,left,neither
49833,@TheLincolnProject,2,Had Enough?,left,neither
49876,@TheLincolnProject,2,How Texas Flipped Blue-Curious,left,neither
49888,@TheLincolnProject,2,BREAKING: Wiles’ Secrets Exposed with Chris Whipple,neither,left
49925,@chriscuomo,2,"D.L. Hughley On Trump, Race, And America’s Breaking Point",neither,left
49960,@chriscuomo,2,Fauci Pleading The Fifth Doesn't Actually Matter,neither,left
49961,@chriscuomo,1,Why Trump Is Getting A Pass On Everything Fauci Did,neither,left
49962,@chriscuomo,2,Everything You Hate About The Economy Was A Choice,neither,left
49965,@chriscuomo,2,Trump Just Handed Democrats Their Best Argument,left,neither
49983,@chriscuomo,2,Why Trump’s Movement Is About To Destroy Him,left,neither
50013,@chriscuomo,2,"Winning Midterms, Trumpism, Women's Rise to Power, and Matching Vulgar Ideas with Vulgarity",left,neither
50078,@chriscuomo,2,What the U.S. and Israel Are Really Doing in Iran,neither,left
50090,@chriscuomo,1,Why the FCC Is Going After Colbert,neither,left
50121,@chriscuomo,2,Why Copying Trump Keeps Backfiring,left,neither
50146,@MichaelMaliceofficial,2,Dave Landau on Our Idiotacratic America | “YOUR WELCOME” #425,neither,right
50160,@MichaelMaliceofficial,2,"The END of GREAT BRITAIN? with Triggernometry's Francis Foster | ""YOUR WELCOME"" #416",neither,right
50203,@StosselTV,2,"Don't Give Up! The Full Steve Forbes Interview on Socialism, Innovation & America",neither,right
50204,@StosselTV,2,"Broken Promises: Presidents (From Clinton to Bush to Obama to Trump) Promise Peace, Deliver War",neither,left
50215,@StosselTV,1,"Buffaloed:  How a Climate Scientist Was Attacked by the White House, Congress & His Own University",neither,left
50234,@StosselTV,2,Billions Stolen: Why Government Doesn’t Crack Down on Fraud,right,neither
50241,@StosselTV,1,Ep 40. Wikipedia Bias,neither,right
50512,@RubinReport,2,"Platner Holds Democrats Hostage, Trump Ditches New Air Force One | 7/9/26 FIRST LOOK",neither,right
50522,@RubinReport,1,Dem Goes Viral for Listing Everyone That Needs to Apologize for Platner Disaster,right,neither
51115,@RubinReport,2,Trump’s Iran Plan Will Change Everything | Sen. Rick Scott,neither,right
51129,@RubinReport,2,Did ‘Real Time’s’ Bill Maher Finally Change His Mind on Trump?,right,neither
51312,@RubinReport,2,Wikipedia Conspiracy Goes Deeper Than Anyone Knows | Ashley Rindsberg,neither,right
51467,@ColemanHughesOfficial,2,Why Progressives Should Love America,right,neither
51492,@ColemanHughesOfficial,2,What Conservatism Is for Today | Yuval Levin,neither,right
51518,@DarkHorsePod,2,Are Children Hostages of Their Parents? Bret Weinstein & Heather Heying React to Yale Law Professor,neither,right
51519,@DarkHorsePod,1,Bret & Heather React to Fauci's Fifth Amendment Defense | DarkHorse 336,neither,right
51522,@DarkHorsePod,2,Did SARS-CoV-2 Leak Naturally from the Wuhan Institute? | Sonia Elijah on Inside Rail,neither,right
51547,@DarkHorsePod,2,"Washington's 9.9% ""Millionaires Tax"" Isn't That Simple | DarkHorse 319",right,neither
51623,@OfficialFlagrant,1,Trump Declares War on World Cup,neither,left
51639,@OfficialFlagrant,1,"War On The Whiteboys! Timmy Chalamet, Jack Harlow, & Why Mormon Wives Get Freaky | Ep #696",neither,right
51662,@turningpointusa,2,"Riley Gaines on Faith, Femininity, and Finding Courage",neither,right
51707,@turningpointusa,2,Does Christianity Oppose Mass Deportation? | Nick Freitas vs. Student,neither,right
51741,@turningpointusa,1,The Harsh Reality of Border Enforcement | Tom Homan at the This Is the Turning Point Tour,neither,right
51742,@turningpointusa,2,What the Early Church Can Teach Us Today | Benny Johnson at the This Is the Turning Point Tour,neither,right
51743,@turningpointusa,1,What It Means to Be American | Vivek Ramaswamy at the This Is the Turning Point Tour,neither,right
51744,@turningpointusa,1,Have the Hard Conversations | Savannah Chrisley at the This Is the Turning Point Tour,neither,right
51752,@turningpointusa,2,Nick Freitas Explains the Truth Behind Mass Deportations,neither,right
51753,@turningpointusa,1,Why Jesus’ Resurrection Changes Everything | Charlie Kirk's Easter Message,neither,right
51770,@turningpointusa,1,Charlie Kirk Responds to the Claim That America Would Reject Jesus at the Border,right,neither
51789,@turningpointusa,2,Remaining Faithful When It’s Costly | Riley Gaines at Make Heaven Crowded 2026,neither,right
51790,@turningpointusa,1,What It Means to Stand Firm in Faith | Erika Kirk at the Make Heaven Crowded Tour 2026,neither,right
51791,@turningpointusa,2,When Does Life Begin? Charlie Kirk Debates Abortion and Moral Responsibility,right,neither
51796,@turningpointusa,2,The REAL Cause of Homelessness in America | Charlie Kirk Debate Compilation,neither,right
51921,@marklevinshow,2,Mark Levin REVEALS The Real Threat of This Senate Candidate,neither,right
51979,@marklevinshow,2,The Most Appalling Supreme Court Opinion In Recent Memory,neither,left
52149,@marklevinshow,2,Mark Levin on Birthright Citizenship: History and Misconceptions,neither,right
52162,@marklevinshow,2,The Best Of Mark Levin - 3/28/26,neither,right
52332,@marklevinshow,1,The Best Of Mark Levin - 12/31/25,neither,right
52347,@marklevinshow,2,Senator Graham Warns America About the Growing Enemy,neither,right
52406,@bbrettcooper,1,Olivia Rodrigo Is Being Canceled Over Her Babydoll Dress,neither,right
52445,@bbrettcooper,1,Polymarket Is Turning Wars Into A Casino,neither,left
52475,@bbrettcooper,1,Reacting to the Most Brain-Dead Takes at the Grammys | Episode 128,neither,right
52521,@theisabelbrown,2,Gen Z Hates Marriage and Kids... Or Do They?!,neither,right
52527,@theisabelbrown,2,You Need To Know This About The Tyler Robinson/Charlie Kirk Trial,right,neither
52548,@theisabelbrown,1,Have SSRIs Mass-Poisoned Gen Z?,right,neither
52603,@theisabelbrown,2,Hollywood Is Destroying Our Favorite Movies,right,neither
52624,@theisabelbrown,1,The Iranian Uprising the Media Refuses to Cover,neither,right
52649,@lizwheeler,2,China’s PLOT to Take Over U.S. Elections,neither,right
52654,@lizwheeler,2,Tucker Carlson Turns LEFTIST?!,neither,right
52656,@lizwheeler,2,FBI Investigating Gavin Newsom's WIFE?!,neither,right
52669,@lizwheeler,2,3 Reasons Why Spencer Pratt Is WINNING,neither,right
52671,@lizwheeler,2,Hantavirus: The NEXT Big COVID Plot?!,neither,right
52674,@lizwheeler,2,Is the Pope Changing Catholic Teaching on Homosexuality?!,neither,right
52675,@lizwheeler,2,Spencer Pratt's BEST Campaign Video Yet,right,neither
52686,@lizwheeler,2,Joe Kent EXPOSED by Journalist Over Charlie Kirk Claims,neither,left
52690,@lizwheeler,2,Chip Roy Explains How Republicans Can Pass the SAVE America Act,right,neither
52700,@lizwheeler,1,Suspicious Footage Just Before Epstein's Death Revealed!,neither,right
52703,@lizwheeler,2,Clintons to Testify—on CAMERA?,neither,right
52713,@lizwheeler,1,HIDDEN Info About Trump Shooter Thomas Crooks?! | Ep 192 (REPLAY),neither,right
52830,@AndrewKlavan,1,Why Is Megyn Kelly Siding with Candace and Tucker?,neither,right
52872,@AndrewKlavan,2,Ep. 1280 - Inside the Conservative Mind,neither,right
52879,@AndrewKlavan,2,The Questions That Religion Answers But Science Cannot w/ Carl Trueman,neither,right
52933,@AndrewKlavan,2,How Eliminating Ayatollah Khameini Will Change The Middle East w/Michael Doran,neither,right
52938,@AndrewKlavan,2,Am I Actually Agreeing With Matt Walsh on This Key Issue?,neither,left
52952,@AndrewKlavan,1,Why Immigration Enforcement Is Always Treated Like a Crisis,right,left
52965,@AndrewKlavan,2,How Influencers Project Their Personal Crises Onto The Public w/Lauren Southern,neither,right
52993,@RealAlexClark,2,Sex Isn’t Optional: Why Wives Should Pursue Pleasure | Wife School #1 Tilly Dillehay,right,neither
53014,@RealAlexClark,1,5G: The Biggest Public Health Experiment in History | Stephanie Locricchio,right,neither
53025,@RealAlexClark,2,Healing a Sick Culture Around a Table | Culture Apothecary x Grounded Wellness,neither,right
53057,@RealAlexClark,2,Your Husband Or Son Is Watching Porn — Now What? | Emeal “E.Z.” Zwayne,neither,right
53067,@RealAlexClark,2,This Is Why Americans Can’t Have Babies Anymore | Alex Clark AMFEST 2025,neither,right
53122,@BlazeTV,2,Why Young Men Are Giving Up on Modern Society,neither,right
53508,@BlazeTV,2,Why the Federal Reserve's History is EVEN WORSE Than You Think!,neither,right
53658,@BlazeTV,2,EXPLAINED: The INSANE Religious Beliefs Driving Iran's Apocalyptic Leaders,right,neither
53803,@BlazeTV,2,How to Prevent the Minnesota Protests from Spiraling Nationwide,neither,right
53959,@PragerU,2,Joseph Schumpeter - Creative Destruction | Economic Game Changers | PragerU,neither,right
53961,@PragerU,1,Why Young Men Are Falling for Fake Masculinity | Aaron Prager,neither,left
54030,@PragerU,1,Frédéric Bastiat—The Cost of Bad Ideas | Economic Game Changers | PragerU,neither,right
54050,@PragerU,2,"Inflation Crushed, a Senator's Legacy, Missouri's Flood Heroes | The Wrap Up | PragerU",neither,right
54058,@PragerU,2,The Hidden Side Effect of The Covid Lockdown Nobody Talks About | Dave Landau on American Recovery,neither,right
54075,@PragerU,2,America and France: A Tale of Two Revolutions | 5-Minute Videos | PragerU,neither,right
54165,@PragerU,2,Master Mentalist Lior Suchard on How Social Media Manipulates Your Mind | Real Talk | PragerU,neither,right
54196,@PragerU,2,Is the U.S. Military Out of Ammo? | Victor Davis Hanson,right,neither
54258,@PragerU,2,"Lunatic, Liar, or Lord? | Theological | PragerU",neither,right
54281,@PragerU,1,Is the Manosphere Winning Gen Z Men? Emily Austin Weighs In | The Brief | PragerU,neither,right
54298,@PragerU,2,Road to Liberty: Lafayette Comes to Help America | The White House Founders Museum | PragerU,neither,right
54332,@PragerU,2,Episode 7: Hurdles to Happiness | Master's Program | PragerU,neither,right
54749,@TimcastIRL,2,THEY WANT CUBA,neither,left
54901,@TimcastIRL,2,"Veteran CHARGED With LEAKING Military Secrets To Journalist, FBI Ain’t Playing",neither,right
54950,@TimcastIRL,1,"Fireball Sightings SURGE Amid Drones INVADING US Military Bases, Rumors It's ALIENS | Timcast IRL",neither,right
55039,@TimcastIRL,2,"AI Bots Are ONE SHOTTING Chinese Women, Birth Crisis WORSENS",neither,right
55471,@TimcastNews,2,MARKET COLLAPSE COMING And Gen Z Is CELEBRATING | Tim Pool,neither,right
55552,@TimcastNews,1,"Supergirl BOMBS With MISERABLE Box Office, Loses To MORBIUS And THE MARVELS",neither,right
55591,@TimcastNews,2,"Belfast HAS HAD ENOUGH, The IRISH Are RISING UP | Tim Pool",neither,right
55637,@TimcastNews,1,Matt Walsh SLAMMED For Attacking Race Swapped Helen Of Troy | Tim Pool,neither,right
56006,@AnthonyBrianLogan,2,Surrogate Mom SUED For $100k After REFUSING To Terminate Pregnancy!,neither,right
56045,@AnthonyBrianLogan,1,Thomas Massie LOSES In EPIC Fashion To Ed Gallrein In Kentucky Primary!,neither,right
56049,@AnthonyBrianLogan,2,"Did I Convince This ""Chud The Builder"" Supporter That He Was INCORRECT?",neither,left
56141,@AnthonyBrianLogan,2,"Dallas PD Release BODYCAM Of Jasmine Crockett's Security ""Mike King""!",neither,right
56209,@AnthonyBrianLogan,2,The Venezuelan Diaspora Finally Gets Justice (FULL BREAKDOWN),right,neither
56447,@DrSteveTurleyTV,1,Iran COLLAPSES as Regime Leader ASSASSINATED and President RESIGNS!!!,neither,right
56476,@DrSteveTurleyTV,2,Tucker’s Trump Meltdown Just Took a DARK TURN!!!,right,left
56485,@DrSteveTurleyTV,1,Trump Just ENDED Pope Leo's Career Over This Dispute!!!,right,neither
56552,@DrSteveTurleyTV,2,You Won’t BELIEVE The Iran VIDEO Trump Just POSTED!!!,right,neither
56635,@DrSteveTurleyTV,2,NFL NIGHTMARE! Ratings CRASH as Super Bowl LOSES BILLIONS!!!,neither,right
56775,@SaltyCracker,2,Jelly Roll Cries on TV After MAGA Backlash,neither,right
56931,@SaltyCracker,2,Black People Are Hunting Chud The Builder Thinking it's Self Defense,right,neither
56955,@SaltyCracker,2,Whoopi Goldberg & The View Says Trump Has Started the Draft,right,neither
56967,@SaltyCracker,2,I Hope This Dumb Chick Doesn't Get Killed For Clicks,neither,right
57067,@SaltyCracker,2,ICE Arrests New Orleans Police Recruit Who They Say is an Illegal Alien,neither,right
57088,@SaltyCracker,2,Maniac Who Terrorized a Church Is Concerned When People Follow Him,right,neither
57253,@TheQuartering,2,JOE ROGAN BLASTS MAGA,neither,left
57398,@TheQuartering,2,KARMELO ANTHONY TRIAL INSANITY,neither,right
57736,@TheQuartering,1,TESLA RAMS ICE IN MINNEAPOLIS WOMAN RIPPED FROM CAR AFTER!,neither,left
57952,@ActualJusticeWarrior,2,Black Voters SPIT ON Obama Library,neither,right
58016,@ActualJusticeWarrior,2,Seattle Mayor RUNS From Media,neither,right
58111,@ActualJusticeWarrior,2,Legal Eagle Is The WORST Lawyer On YouTube,right,neither
58154,@ActualJusticeWarrior,2,Chicago Judge STEALS Black War Hero's Retirement,neither,right
58209,@ActualJusticeWarrior,2,"Corrupt ""Super Mayor"" Goes MAGA",neither,left
58361,@Styxhexenhammer666,2,Rich Person Food is Hilarious,neither,left
58377,@Styxhexenhammer666,2,Melania Trumps Epstein Extravaganza,neither,left
58405,@Styxhexenhammer666,2,"Authorities"" Finally Search the Epstein Ranch: They Will Likely Find Nothing",neither,left
58432,@Styxhexenhammer666,2,BREAKING: Yet Another Attempt to Assassinate Trump at the Maralago,neither,right
58492,@Styxhexenhammer666,2,Iranians Accidentally Perform an Occult Ritual to Baal,neither,right
58719,@dineshdsouza,1,ANCIENT EVIL IS RETURNING—and America Opened the Door,right,neither
58720,@dineshdsouza,2,Are THEY Taking Over America?,right,neither
58725,@dineshdsouza,2,James Madison’s Plan to Stop Tyranny | Founding Fathers Series Part 4,neither,right
58755,@dineshdsouza,1,THE CANCER KILLING EUROPE,right,neither
58756,@dineshdsouza,2,DINESH: LIVE AT CPAC HUNGARY,neither,right
58760,@dineshdsouza,2,"REGIME CHANGE, TRUMP STYLE",neither,left
58763,@dineshdsouza,2,Dinesh D’Souza: “What’s So Great About America.” — A PragerU Profile,neither,right
58775,@dineshdsouza,1,HOUSE OF ISLAM Dinesh D’Souza Podcast Ep1238,right,neither
58779,@dineshdsouza,1,Dr. Frank Turek On Gen-Z Christian Revival,neither,right
58797,@dineshdsouza,1,FAMILY SECRETS Dinesh D’Souza Podcast Ep1231,neither,right
58844,@RebelNewsOnline,2,Documents reveal why the Canadian military was asking soldiers about 'extremist' hats,right,neither
59028,@RebelNewsOnline,2,Statistics Canada is hiding the truth,neither,right
59030,@RebelNewsOnline,1,Vaccine injury inquiry gains hundreds of stories as Canadians seek answers from Ottawa,right,neither
59062,@RebelNewsOnline,2,US Ambassador on rebuilding Canada-US relations and what makes America great,right,neither
59770,@RebelNewsOnline,2,Marco Rubio calls on Europe to step up during memorable Munich security speech,right,neither
59942,@RebelNewsOnline,1,Bank of Palestine rep insists they aren't funding Hamas,right,neither
60385,@LIVESNEAKO,1,Mohammed Hijab Intellectually Discombobulates an Israeli on Piers ,left,neither
60536,@LIVESNEAKO,2,Pathetic Propaganda Debunked.,right,neither
60546,@LIVESNEAKO,1,PBD is humiliating himself,left,neither
60566,@LIVESNEAKO,2,Jared Kushner is the new Jeffrey Epstein,neither,left
60770,@LIVESNEAKO,2,EPSTEIN Calls Us All “GOY” In Leaked Emails,neither,right
60924,@The_Crucible,1,Candace Owens' Ego May Have FINALLY Caught Up With Her...,left,neither
60934,@The_Crucible,1,Candace Owens' Steakhouse Story Just Took A BRUTAL Turn,neither,left
60968,@The_Crucible,2,Stew Peters FINALLY Shows Up… and Gets HUMILIATED,neither,left
60977,@The_Crucible,2,Secret X Debate: The Candace Owens Crowd Get DISMANTLED!,neither,left
61094,@The_Crucible,1,A Sewing-Circle Christian Tried Correcting My Language...,left,neither
61126,@The_Crucible,2,TikTok FemCon Tries Tone Policing Me and Rachel…,right,left
61130,@The_Crucible,2,Trump hasn't held to his Promises...,neither,left
61157,@JacksonHinkleOfficial,2,Yemen WIPED OUT Saudi Proxies in Major Offensive,left,neither
61217,@JacksonHinkleOfficial,2,IRAN WIPES OUT U.S. BASES IN HISTORIC STRIKES,left,neither
61247,@JacksonHinkleOfficial,2,THEO VON SNAPS AT JOE 'ZIO' ROGAN,left,neither
61270,@JacksonHinkleOfficial,1,CANDACE OWENS PROVES LAURA LOOMER FAKED JEWISH,neither,right
61338,@JacksonHinkleOfficial,2,IRAN'S MISSILES WIPED OUT EVERY ELITE U.S. RADAR,left,neither
61361,@JacksonHinkleOfficial,2,IRAN'S SECRET VICTORY WAR PLAN,left,neither
61408,@JacksonHinkleOfficial,2,TROOPS MOBILIZED TO DEFEND IRAN,left,neither
61441,@JacksonHinkleOfficial,1,CANDACE OWENS DROPS NUCLEAR KIRK TEXTS,right,neither
61641,@lonerboxlive,2,"Hamas Agrees To Disarm, Here's Why I'm Not Convinced",neither,right
61644,@lonerboxlive,1,Hasan Piker Accuses Chat of Defamation While Defaming Everyone Else,neither,right
61645,@lonerboxlive,1,Hasan Piker HUMILIATES HIMSELF While Trying To Rewrite the Holocaust,neither,right
61648,@lonerboxlive,1,Hasan and Cenk BANNED From the UK? (Multiple Meltdowns!),neither,right
61657,@lonerboxlive,2,"Taylor Lorenz Reacts to ""Pro-Israel"" Influencer Backlash",neither,left
61659,@lonerboxlive,1,Vaush Explains Lebanon (He Has No Idea What He’s Talking About),neither,right
61686,@lonerboxlive,2,"Israel Passes ""De-facto Annexation"" In The West Bank",neither,left
61697,@lonerboxlive,2,ICE Agent Caught On Hot Mic Saying THIS After Shooting?,left,neither
61699,@lonerboxlive,2,Asmongold Has Gone Full THIRD-WORLD WARLORD,left,neither
61712,@lonerboxlive,1,CANDACE OWENS BROKE TIM POOL (He Melts Down Live),left,neither
61848,@Xanderhal,1,The Greasiest Losers On Twitter Are Harassing This V-Tuber (Deme VS Chibi Reviews),left,neither
61852,@Xanderhal,1,The LAPD Shot Another Dog...,neither,left
61878,@Xanderhal,1,"The Rise Of ""WOKE 2.0"" Is Scaring Blaire White...",left,right
61923,@Xanderhal,2,The UK Police Just Did The Most BASED Thing EVER,neither,right
61935,@Xanderhal,2,Kaitlin Bennett Annoys People At Festivals For Content,left,neither
61945,@Xanderhal,2,LMAO! Donald Trump Just FIRED Pam Bondi And Replaced Her!,left,right
62138,@DailyDenims,2,DENIMS: Joe Rogan Comedy Takedown,left,neither
62158,@DailyDenims,2,DENIMS: U.S. Congressman Blames HasanAbi For Literally Everything,left,neither
62251,@DailyDenims,2,"DENIMS: Asmongold's ""Loneliness"" Copium Reaches Critical Mass",neither,left
62255,@DailyDenims,2,DENIMS: The Democratic Establishment is in SHAMBLES (NY Elections),left,neither
62291,@DailyDenims,2,DENIMS: DNC Chair Caught LYING About Their Election Report,neither,right
62302,@DailyDenims,1,"DENIMS: Shoe0nHead's Hasan ""Hit Piece"" is Pure Torture",left,neither
62354,@PiscoLitty,1,Insanely Bizarre DSA Debate Goes off the Rails FAST (FUNNY),neither,right
62369,@PiscoLitty,2,Right-Wing BREAKING POINTS Host PRESSED on the Future of MAGA,left,neither
62375,@PiscoLitty,2,Ethan Klein Doesn't Understand Free Speech,neither,right
62378,@PiscoLitty,2,"PF Jung: ""I WILL CAMPAIGN FOR TUCKER CARLSON In 2028""",neither,right
62380,@PiscoLitty,2,These Arguments Are DELUSIONAL... (Counterpoints DEFENDS Iran War),left,neither
62399,@PiscoLitty,2,ICE SHOOTING DEBATE GOES OFF THE RAILS (DELUSION ALERT),neither,right
62404,@PiscoLitty,1,3V1 DEBATE On Trump's Venezuela Invasion Is Unbelievable. . .,neither,left
62409,@TheSerfTimes,2,Joe Rogan and Tony Hinchcliffe get NUKED FROM ORBIT by Elephant Graveyard,left,neither
62420,@TheSerfTimes,1,Tony Hinchcliffe mocks woman's miscarriage,neither,left
62443,@TheSerfTimes,2,"Tim Dillon says DSA is too ""kill whitey""",neither,right
62538,@TheSerfTimes,1,Hasan VS Contrapoints (Has Breadtube SAPPED Leftist fans financially while building NOTHING?!),left,right
62539,@TheSerfTimes,2,Lauren Souther RETURNS... again (And TURNS against the right... also again),neither,right
62606,@TheSerfTimes,2,"Tim Pool debates Dave Smith after EMBARRASSING ""I am the boot!"" clip goes viral",left,neither
62617,@TheSerfTimes,2,Asmongold BETRAYS ICE and MAGA (because his audience did first),left,right
62637,@TheSerfTimes,2,Asmongold and Nick Fuentes become SOY NEOCONS,left,right
62769,@FreshFitMiami,1,Myron Tells Her She’s NOT the Prize… Then She WALKS OUT!,right,neither
62800,@FreshFitMiami,2,Myron Gives Her a Brutal Reality Check About Her Standards for Marriage!,right,neither
62802,@FreshFitMiami,1,The Panel Guesses What Percent of Women Actually Meet Basic Dating Standards!,right,neither
62824,@FreshFitMiami,1,Fresh & Fit’s Most HATEFUL Guest Gets Kicked Off Then Attacks a Woman!,neither,left
62961,@moreperfectunion,1,We Investigated Uber Again. It’s Worse Than Last Time.,neither,left
62983,@moreperfectunion,2,We Uncovered a Hidden Wealth Transfer in the SpaceX IPO. You're Holding the Bag.,left,neither
62991,@moreperfectunion,2,How Private Equity Destroyed Youth Sports,left,neither
63006,@moreperfectunion,2,‘America Last’: The True Cost Of Skyrocketing Gas Prices,left,neither
63007,@moreperfectunion,1,We Uncovered the Secret Scheme Trapping Americans in Car Loans,neither,left
63019,@moreperfectunion,2,Is Trump Right About Chicago? We Went To The Most Dangerous Parts To Find Out.,neither,right
63408,@JackCocchiarellaShow,2,This Leaked Call Should End His Term,left,neither
63794,@JackCocchiarellaShow,1,Massie Ruins Vance’s Life With Shock 2028 Announcement,left,neither
63811,@JackCocchiarellaShow,2,Trump Threatens Boebert As Her Resignation Calls Ruins Life,left,neither
63870,@JackCocchiarellaShow,2,Trump Rushed To Emergency Medical Visit As White House Doctor Tells All,left,neither
64325,@JackCocchiarellaShow,1,Trump Finally Turns On Bondi As All Hell Breaks Loose,left,neither
64362,@JackCocchiarellaShow,2,Marjorie Posts Epstein Bombshell After Trump Deletes File,left,neither
64663,@TheRealTabithaSpeaks,2,Trump Angry on Marine One and A Reflecting Pool Update…,neither,left
64836,@TheRealTabithaSpeaks,1,"During A Crisis, Talarico Supporters Flood Jasmine Crockett’s Phone Lines To Hold Her “Accountable!”",neither,right
64889,@TheRealTabithaSpeaks,2,"After The Harm He's Caused, Rapper Killer Mike Wants To Galvanize Black Voters",neither,right
64979,@TheRealTabithaSpeaks,2,"South Carolina, Down To The Front… Lindsey “Lady Bug” Has….",left,neither
65082,@TheRealTabithaSpeaks,2,"After Sabotaging Joe Biden’s Campaign, George Clooney Abandons The U.S.",left,right
65117,@PhillipScottPodcast,1,"Sista Is Annoyed That Africans Keep Asking Her ""Where She's Really From"" While On Vacation In Europe",neither,right
65167,@PhillipScottPodcast,1,Becca Says This Country Sucks After Having To Work 12 Hr Shifts Then Doordashing Til Midnight,neither,left
65236,@PhillipScottPodcast,1,Black American Woman Recognized Immigrant Women Are Calling Themselves Black All Of A Sudden,neither,right
65259,@PhillipScottPodcast,1,"Somali Woman Says She Doesn't Like The Attention After Fraud Claims, Quality Learing Center Update",neither,right
65262,@PhillipScottPodcast,1,Sista Can't Understand Why Other Groups Have Disdain For Black Americans,neither,right
65316,@MrTariqNasheed,1,How Long Have Non-FBA Bed Wenches Been a Secret Threat?,neither,right
65376,@MrTariqNasheed,2,Why FBAs Are Putting Reparations Pressure On Democrats — Tariq Nasheed Explains,neither,left
65378,@MrTariqNasheed,1,The SPLC Just Got Federally Indicted,neither,right
65384,@MrTariqNasheed,2,Black Alpha Shows Up To Kamala's Event And Puts Her On Blast About Reparations,neither,right
65523,@MrTariqNasheed,2,Bad Faith Bantu Babble,neither,right
65533,@MrTariqNasheed,2,Somalis In Minnesota Demand Reparations,neither,right
65631,@MrTariqNasheed,2,Why Don't Black Americans Celebrate Kwanzaa?,neither,right
65652,@MrTariqNasheed,1,Chief Temu Tomahawk Talks In Circles,neither,right
65701,@underthedesknews,1,"HOT! ...& Bothered , and @Rewiring America to sustainability with Ari Matusiak",neither,left
65734,@underthedesknews,1,"Hey Everybody, it's Liz Oyer! Ghislane Maxwell had fancy cheese smuggled into prison!?",left,neither
65752,@underthedesknews,2,Epstein Class Accountability,neither,left
65890,@usefulidiots,2,"Zelensky’s Days in Power Are “Numbered,” Neo-N*Zi Ties EXPOSED",neither,right
65966,@usefulidiots,1,Ukrainian Journalist EXPOSES the Real Zelensky,neither,right
65969,@usefulidiots,1,Ukrainian Journalist DESTROYS Zelensky for N*zi Support,neither,right
65987,@usefulidiots,2,"""Your Fault!"" : CNN Anchor Blames Dems for  White House Shooting",neither,right
66018,@usefulidiots,2,“Pathetic”: Iran Foreign Minister DESTROYS CBS Anchor on Trump Strikes,left,neither
66034,@usefulidiots,2,Jesse Jackson's 1984 DNC Speech is the OPPOSITE of Dems in 2026,left,right
66035,@usefulidiots,2,CBS Host MOCKED for Insane Iran Interview,left,right
66049,@usefulidiots,1,THE DEMS ARE BEHIND ICE,left,right
66069,@usefulidiots,1,Israel Accidentally EXPOSES Iran Missile Plot | Useful Idiots,left,right
66159,@thomhartmann,2,Why Are Insurance Giants Dumping Millions of Seniors?,left,neither
66279,@thomhartmann,1,Did Trump Just Get Outplayed By Iran?,left,neither
66589,@thomhartmann,2,Is the Next Economic Crash Being Signaled to Billionaires & Putin?,neither,left
66609,@thomhartmann,1,ICE Is Going To Target You By Using This...,left,neither
66658,@thomhartmann,2,The Republican Party Is GONE!,left,neither
66736,@thomhartmann,2,Is Vladimir Putin Now Calling the Shots on Trump's Iran War?,left,neither
66784,@thomhartmann,1,How RFK is DESTROYING the Vaccine Market,left,neither
66796,@thomhartmann,1,Where Your Rights STOP and Start Being PRIVILEGES Handed Out by Those in Power,neither,right
66810,@thomhartmann,2,Why Is America NO LONGER Trusted by the World?,left,neither
66973,@SabbySabs,2,I'm CONVINCED Dana Bash Is An AGENT!,neither,right
67115,@SabbySabs,1,Candace Owens GOES OFF!,neither,right
67126,@SabbySabs,2,JD Vance TRIGGERS Trump Neocons,neither,right
67239,@SabbySabs,2,Erika Kirk Faces BACKLASH,neither,left
67251,@SabbySabs,1,Palantir Is Our WORST Nightmare!,neither,left
67360,@SabbySabs,2,Iran LAYS MINES In Strait Of Hormuz! Israel WRECKED!,left,neither
67386,@SabbySabs,2,LEAKED! Erika Kirk Starts Smear Campaign Against Candace Owens,right,neither
67417,@SabbySabs,1,Nancy Mace FLIPS! Did She SEE The Epstein Paintings?,neither,left
67470,@SabbySabs,2,Don Lemon FACING Charges!,neither,right
67675,@DueDissidence,2,Adidas Faces BOYCOTT After Using IDF Soldier in 'SINGLE SHOE' Ad,left,neither
67709,@DueDissidence,1,Trump ENRAGES Ranchers With Plans To Import WEAK BEEF,neither,left
67788,@DueDissidence,1,Meta Accused of Using AI To LAY OFF Workers With Medical Conditions,neither,left
67838,@DueDissidence,2,Israel's ATTACKS on Lebanese Christians NO LONGER UNNOTICED,neither,right
67934,@DueDissidence,2,AOC REJECTS Marjorie Taylor Greene's Anti-Zionism - w/ Garland Nixon,neither,left
67951,@DueDissidence,2,"NYT Reporter PRESSES Tucker on Nick Fuentes, IGNORES Gaza Genoc*de",neither,left
67978,@DueDissidence,2,Palantir Unveils TERRIFYING MANIFESTO For New Surveillance State -w/ Tusker,neither,left
68033,@DueDissidence,2,"Gavin Newsom ""REGRETS"" Calling Israel an Apartheid State",left,neither
68276,@DueDissidence,2,Ruling Class BACK IN DAMAGE CONTROL After LATEST Epstein Drops,left,neither
68419,@thegrayzone7996,1,Detenido operario MAGA en América Latina por complot de asesinato por encargo.,left,neither
68439,@thegrayzone7996,2,Inside the Iranian research university bombed by US,left,neither
68446,@thegrayzone7996,1,"Under Israeli fire, Lebanese struggle to return home",left,neither
68458,@thegrayzone7996,2,Colombia's pro-Trump candidate accused of stealing election,left,neither
68472,@thegrayzone7996,2,Evo Morales to The Grayzone: 'The people have reached their breaking point',neither,left
68511,@thegrayzone7996,1,"Joe Kent resigns, denounces Israel for wars of aggression",left,neither
68520,@thegrayzone7996,2,Ecuador's indigenous Shuar resist extinction as push for minerals grows,left,neither
68528,@thegrayzone7996,2,'Crown Prince' Reza Pahlavi humiliated in Munich,left,neither
68529,@thegrayzone7996,2,Hillary Clinton clamors for more war in Munich,left,neither
68553,@thegrayzone7996,2,Are Israeli war vets behind Patagonia wildfires?,left,neither
68606,@GeopoliticalEconomyReport,2,"BRICS grows stronger: US threats unify China, India, Russia, as they challenge dollar system",left,neither
68621,@GeopoliticalEconomyReport,2,The US is NOT a wealthy country: This is the real data,left,neither
68624,@GeopoliticalEconomyReport,2,The REAL reason US Big Tech corporations fear China,left,neither
68631,@GeopoliticalEconomyReport,1,The USA's crazy new plan to try to stop China,left,neither
68636,@GeopoliticalEconomyReport,1,Trump crosses China's red line: US sanctions on Iran backfire,left,neither
68645,@GeopoliticalEconomyReport,2,Iran is winning the war. This is why,left,neither
68662,@GeopoliticalEconomyReport,2,The West's hypocrisy has been exposed to the whole world,left,neither
68679,@DannyHaiphongYT,2,"Iran ATTACKS USS George Washington in Historic FIRST, Trump to NUKE Pickaxe?!",left,neither
68680,@DannyHaiphongYT,2,"BONUS TAKE: Iran EMBARRASSES US Navy in Strait of Hormuz, Russia & China Step In",left,neither
68688,@DannyHaiphongYT,1,"Larry Johnson: Iran OBLITERATING US Bases, KIA Cover Up Just Got EXPOSED!",left,neither
68695,@DannyHaiphongYT,2,"Iran HITS US Warships & Drones, Trump’s 'Deal' Sets WW3 Trap | Brian Berletic",left,neither
68699,@DannyHaiphongYT,2,CONFIRMED: Iranian F-5 SMASHES US Base in Kuwait as Iran FLAUNTS Trump’s Demands,left,neither
68705,@DannyHaiphongYT,2,"Scott Ritter: Trump Sends 2,500 Marines into Iran’s Kharg Island Death Trap, US Bases WIPED OUT",left,neither
68714,@DannyHaiphongYT,2,Pepe Escobar: Trump in PANIC! Iran just UNLEASHED Russia & China's WW3 Strategy,left,neither
68715,@DannyHaiphongYT,1,Iran & Russia FLIP Trump's War Ultimatum into STUNNING Victory | Alexander Mercouris,left,neither
68716,@DannyHaiphongYT,2,"Scott Ritter: Iran's Missile Power STUNS Trump, US Navy Left DEFENSELESS",left,neither
68717,@DannyHaiphongYT,2,Iran's Missiles will WIPE OUT Tel Aviv & Gulf States if US Starts War | Ali Alizadeh,left,neither
68734,@DannyHaiphongYT,1,Putin’s War BOMBSHELL Destroys Trump’s Ukraine Plan | Larry Johnson & Patrick Henningsen,left,neither
68738,@DannyHaiphongYT,1,"Scott Ritter: Putin’s Oreshnik & Drone Arsenal LOCKED on Europe, NATO Won’t Survive",left,neither
68739,@DannyHaiphongYT,2,WW3 Bombshell: Israel’s HIDDEN Hand in Venezuela | Prof Jiang Xueqin,left,neither
69175,@judgingfreedom,2,Iran's Ballistic Missiles Hit Jordan Base: Here's What The US Won't Tell You,neither,left
69206,@judgingfreedom,2,The Real Reason Behind NATO's Provocative Posturing,neither,left
69234,@judgingfreedom,2,Robert Kennedy Reflects on the Nation We've Lost,neither,right
69306,@judgingfreedom,2,Matthew Hoh: How The Government Lied To Us About The Wars,neither,left
69316,@judgingfreedom,2,TUCKER: I'm Rooting for Tulsi,right,neither
69318,@judgingfreedom,2,"TUCKER:   Laura Loomer, Lindsey Graham, Mike Huckabee - TRUE EXTREMISM",left,right
70024,@LeverNews,2,Dan Osborn Knows Why Democrats Keep Losing Nebraska,neither,left
70028,@LeverNews,1,The Billionaire Building Democrats’ New Machine | Lever Time,left,neither
70032,@LeverNews,2,"DSA-Backed Oliver Larkin Is Coming For A ""DeSantis Democrat""",left,neither
70043,@LeverNews,1,Wisconsin's $2 Billion Gift to AI Data Centers,left,neither
70050,@LeverNews,2,Abdul El-Sayed Fires Back At Carville And Harrison,left,neither
70051,@LeverNews,1,Why Wouldn’t Sen. Hickenlooper Debate His Challenger?,neither,right
70053,@LeverNews,1,Newsom vs. California's Billionaire Tax: Who's Funding the Fight to Kill It?,left,neither
70058,@LeverNews,2,The Tech Billionaires Trying To Remake The Democratic Party,left,neither
70064,@LeverNews,2,The Untouched Power That Could Stop The Iran War | Master Plan,left,neither
70074,@LeverNews,2,"Controller Blamed for LaGuardia Crash a ""Victim of Understaffing""",left,neither
70078,@LeverNews,2,"After The Fall Of The Imperial President | The Kingmakers, Ep. 1 | Master Plan",neither,left
70088,@LeverNews,2,He Sent One Email. Then Federal Agents Came To His Door. | Lever Time,neither,left
70285,@DemocracyNow,2,"Mahmoud Khalil Sues Trump Admin, Pro-Israel Groups for Conspiracy to Suppress Speech",left,neither
70354,@DemocracyNow,2,"PM Keir Starmer Resigns & Palestine Action ""Terrorism"" Sentencing of ""Elbit 4""",neither,left
70495,@DemocracyNow,1,Public Access TV at Risk: Cable Giants Threaten to Cut Funds for Local Stations Across U.S.,left,neither
70776,@DemocracyNow,2,ProPublica Identifies CBP Agents Who Fatally Shot ICU Nurse Alex Pretti in Minneapolis,left,neither
70783,@DemocracyNow,2,"""Leave Our City Now"": Minneapolis Residents March as Part of National Strike Against ICE",left,neither
70925,@doomscrollpodcast,1,Bhaskar Sunkara: What is Democratic Socialism? | Doomscroll,neither,left
70926,@doomscrollpodcast,1,David Harvey: Marx and Capitalism | Doomscroll,neither,left
70930,@doomscrollpodcast,1,Claire Valdez: Millennial Socialism | Doomscroll,neither,left
70934,@doomscrollpodcast,1,Dustin Guastella: Populism and the Working Class | Doomscroll,neither,left
70940,@doomscrollpodcast,1,Liz Franczak: Conspiracy and Techno-Capitalism | Doomscroll,left,neither
70957,@DylanBurnsLIVE,2,Debating Socialist on DSA and Ukraine,neither,right
70999,@DylanBurnsLIVE,1,Reacting to Shawn Ryan's Worst Ukraine Video w/UkrainianAna,neither,left
71261,@marclamonthillnetwork,2,Marc Lamont Hill Questions Ish and Ice from Joe Budden Podcast about their Conspiracy Theories,neither,left
71288,@marclamonthillnetwork,1,Marc Lamont Hill on 17 U.S. Troops Dead in Iran War: MAGA Is Turning on Trump,neither,left
71313,@marclamonthillnetwork,2,"Marc Lamont Hill on China's Anti-Black ""Natasha Doll"" Trend Going Viral.. Fueling a National Boycott",neither,left
71429,@marclamonthillnetwork,2,Claudette Colvin and the Cost of Respectability with Marc Lamont Hill & Dr. Michael Eric Dyson,neither,left
71656,@Tim_Black,1,Roland Martin Exposed Part 3: How Democratic Gatekeepers Betrayed Black Women,right,neither
71670,@Tim_Black,2,Nolan Wells Case: She Stopped The Whitewash!,left,neither
71673,@Tim_Black,2,Nolan Wells Case: What If The Roles Were Reversed?,neither,right
71703,@Tim_Black,2,Austin Metcalf's Father Called Karmelo Anthony a Watermelon Felon — And Proved Us Right,left,right
71718,@Tim_Black,2,Goofy Street Reporter Tried To Lecture Black Voters... It Backfired Fast!,neither,right
71788,@Tim_Black,2,"Ghana’s UN Reparations Scam: ""They Sold Us, Now They Want The Check?",neither,right
71832,@Tim_Black,2,She Broke Every Black Conservative Stereotype In 60 Seconds — Tim Black Reacts | The Tim Black Show,neither,right
71858,@Tim_Black,2,Touré Says It’s OKAY for White People to Call Black Cops the N-Word — I’m Not Having It,neither,right
71869,@Tim_Black,1,Their Pain Is Brand New  Ours Is Background Noise,neither,left
71876,@Tim_Black,2,Shaboozey's Apology Gets It Wrong AGAIN — Stop Erasing Black Americans,left,neither
71963,@OwenJonesTalks,2,Andy Burnham U-TURNS On His Promises,neither,right
72003,@OwenJonesTalks,2,This Secret Deal Could Kill More Brits Than Covid,left,neither
72010,@OwenJonesTalks,2,A REVOLUTION Just Happened In New York,left,neither
72057,@OwenJonesTalks,2,War With Iran AGAIN?!,left,neither
72069,@OwenJonesTalks,2,Rabbi: Don't Ban Gaza Protests After Antisemitic Attack,neither,left
72078,@OwenJonesTalks,1,Keir Starmer Is Finally FINISHED,neither,right
72082,@OwenJonesTalks,2,Trump Is Trapped Over Iran - Here’s Why,left,neither
72083,@OwenJonesTalks,1,Jewish. Iranian. Anti-War. Meet Etan Mabourakh,left,neither
72094,@OwenJonesTalks,2,This DISASTER Is About To Hit You - Top Economist Explains - w/. Isabella Weber,left,neither
72150,@OwenJonesTalks,2,Monarchy Support COLLAPSES In Bombshell Poll - As Epstein Scandal EXPOSES Truth,left,neither
72158,@OwenJonesTalks,1,Labour In MELTDOWN Over Greens: Farage Faces By-Election RECKONING,left,right
72207,@DoubleDownNews,1,IRAN WAR: How Israel HIJACKED Trump & Lost the Middle East,left,neither
72220,@DoubleDownNews,2,WHAT REALLY HAPPENED: Tommy Robinson March vs. Palestine Protests (Raw Footage),neither,right
72221,@DoubleDownNews,2,The Interview Keir Starmer Doesn’t Want You to See #NEWSWATCH 2,neither,right
72241,@DoubleDownNews,2,"Starmer, Mandelson & Mossad - it’s worse than you think",left,neither
72243,@DoubleDownNews,2,"Epstein, Trump & Mossad - it's worse than you think",left,neither
72255,@PoliticsJOE,1,"UK's bombshell U-Turn on Israeli ""terrorist"" settlements in Palestine",neither,left
72289,@PoliticsJOE,2,Big tech is destroying democracy | Beeban Kidron interview,neither,left
72436,@PoliticsJOE,2,Keir Starmer LOSES HIS RAG at Tory MP in Select Committee,neither,right
72571,@PoliticsJOE,2,American Ambassador defends Trump's Venezuela invasion at UN,left,neither
72582,@PoliticsJOE,1,Labour Minister slates Tories for failing grooming gang victims,neither,left
72645,@TheJoyReidShow,1,California AG to the Ellisons: See You In Court! | The Joy Reid Show,neither,left
72735,@TheJoyReidShow,1,Who Does the Justice System Actually Serve? | The Joy Reid Show,neither,left
72784,@TheJoyReidShow,2,The Illusion of Choice & The Love of War | The Joy Reid Show,neither,left
72795,@TheJoyReidShow,2,"From the Suez Canal to the Straight of Hormuz, How the Mideast Wrecks Empires | The Joy Reid Show",neither,left
72802,@TheJoyReidShow,2,Journalist Georgia Fort is Fighting For Her Freedom And Our First Amendment | The Joy Reid Show,neither,left
72805,@TheJoyReidShow,2,TJRS Flashbacks: Iconic Speeches By Rev. Jesse Jackson | The Joy Reid Show,neither,left
72816,@TheJoyReidShow,2,Don Lemon Faces DOJ Threat for Church Protest Coverage | The Joy Reid Show,neither,left
72820,@TheJoyReidShow,2,The TJRS Lunch With Zohran Mamdani | The Joy Reid Show,neither,left
72986,@TheDonLemonShow,2,"LEMON DROP - Rest In Peace, Gloria Steinem",neither,left
73106,@TheDonLemonShow,2,"LEMON DROP | Paxton Wins, Alabama Fights Back & Trump Builds a UFC Arena",neither,right
73115,@TheDonLemonShow,1,LEMON DROP | The Pressure on Trump Is Building Fast,neither,left
73212,@TheDonLemonShow,2,HOT TAKES! - IRAN ALERT: Donald Trump Is Underestimating The Enemy!,neither,right
73297,@TheDonLemonShow,2,LEMON DROP | How Democrats Plan to Stop ICE!,neither,right
73818,@jimacosta,2,Can we just outlast this moment? My challenge to everybody on this July 4th. Happy birthday America!,neither,left
73822,@jimacosta,1,Joyce Vance: Don't Celebrate This Ruling,neither,left
79847,@msnow,2,'A watershed moment': Senator calls on GOP lawmakers to speak out against Trump's posts,left,neither
80986,@msnow,1,'The world is extraordinarily worried' about the Strait of Hormuz even as Hegseth says don't worry,left,neither
81055,@msnow,2,"Epstein death exposé timeline: Trump DOJ faces new questions (Melber Report, Part 2)",left,neither
82900,@msnow,2,"'Worst nightmare': DOGE workers improperly shared social security info, DOJ says",left,neither
85491,@LegalAFMTN,2,🚨 Biden BREAKS HIS SILENCE and SUES Trump DOJ!!!,neither,left
85629,@LegalAFMTN,1,SCOTUS Supremacy EXPOSED as Rulings BACKFIRE!!!,left,neither
85689,@LegalAFMTN,2,Supreme Court CAUGHT on CAMERA playing POLITICS!! | Unprecedented,neither,left
87282,@GlennKirschner2,1,1200+ Former Federal Prosecutors OBJECT to Todd Blanche Being Attorney General!,neither,left
87317,@GlennKirschner2,2,"Federal Appeals Court STRIKES DOWN ""Racially Discriminatory"" Redistricting!",left,right
87337,@GlennKirschner2,2,DOJ Goes ROGUE!,left,neither
87485,@LegalEagle,2,John Oliver is a Lawsuit Gremlin (And I Love It!),neither,left
87491,@LegalEagle,2,Heads Are Rolling At Trump's DOJ Over The Algae Pool,left,neither
87508,@LegalEagle,2,"Attempted Murder, With a Hard ""R""",neither,left
87517,@LegalEagle,2,OpenAI Humiliates Elon in Court,neither,left
87544,@LegalEagle,2,DOJ's Horrendous Settlement With Ticketmaster,neither,left
87590,@DemocracyDocket,2,ALERT: This is a Major Win For Democracy,neither,left
87603,@DemocracyDocket,2,This Is What Total Capitulation Looks Like,left,neither
87657,@DemocracyDocket,2,The New Rules for the Post-Trump Era | Brian Tyler Cohen,neither,left
87671,@DemocracyDocket,2,MASSIVE Supreme Court Case Could Throw Out YOUR Vote,left,neither
87700,@DemocracyDocket,2,SCOTUS Poised To Greenlight GOP Maps | Nick Stephanopoulos,neither,left
87706,@DemocracyDocket,1,Exposing the DOJ's Dangerous Corruption | Mary McCord,neither,left
87919,@katiephangnews,1,Epstein Survivor DEMANDS ANSWERS as DOJ SHUTS DOWN Case,left,neither
88050,@katiephangnews,2,Former Trump DHS Official REVEALS SHOCKING Truth Behind FBI RAID,neither,right
88178,@TheMichaelCohenShow,2,Trump Threatened to Revoke NBC and ABC's Licenses Over the Speech,neither,left
88188,@TheMichaelCohenShow,1,Vance Said Democrats Fight for the Worst Human Beings on the Planet,neither,right
88201,@TheMichaelCohenShow,1,Republican Congresswoman Told Democrats to Leave America,neither,left
88215,@TheMichaelCohenShow,2,"Six Arrests, No Video — Michael Cohen Wants to See the Evidence",left,neither
88263,@TheMichaelCohenShow,2,Trump SNAPS At Netanyahu,left,neither
88348,@TheMichaelCohenShow,2,The Rebranding of America: Domestically and Internationally x Brian Karem | Mea Culpa,neither,left
88691,@PTLRadioShow,2,CNN commentator reveals what Scott Jennings is REALLY like,neither,left
88799,@PTLRadioShow,2,New Charlie Kirk questions leave Brian STUNNED,neither,left
89412,@PTLRadioShow,2,Caller Thinks Scott Jennings Should Not Be From CNN And Gets Major Double Standard,neither,right
89533,@PTLRadioShow,2,Majorie Taylor Greene Says What MAGA Didn’t Want To Hear,neither,left
89763,@PTLRadioShow,1,Warren Smith Has No Clue What Racism Is,neither,left
90545,@thewarningwithsteveschmidt,2,The Nightmare Is Coming to an End | Steve Schmidt,neither,left
90570,@thewarningwithsteveschmidt,1,A New American Leader | Steve Schmidt,neither,left
90578,@thewarningwithsteveschmidt,2,The Truth About Donald Trump’s Health | Steve Schmidt,neither,left
90734,@thewarningwithsteveschmidt,2,Steve Schmidt: The MAHA MAGA Civil War Has Begun,neither,left
90772,@thewarningwithsteveschmidt,1,Steve Schmidt: This Has Nothing to Do With God,neither,left
91056,@cafedotcom,1,Trump Supporters Feel Betrayed | Rahm Emanuel & Preet Bharara,neither,left
91068,@fastpoliticspodcast,1,Sarah Longwell’s Shocking Theory On Trump's Next Move,neither,left
91116,@fastpoliticspodcast,2,Trump May Have Made The Tucker Problem Worse w/ Jeet Heer,left,neither
91121,@fastpoliticspodcast,2,Trump's Made Powerful MAGA Enemies This Week w/ Rick Wilson,neither,left
91151,@fastpoliticspodcast,2,Democrats’ Texas Shot Just Got Real w/ Mike Madrid,neither,left
91161,@fastpoliticspodcast,1,Rick Wilson On Republican’s Saying FIRE STEPHEN MILLER,neither,left
91171,@fastpoliticspodcast,2,Joyce Vance On SCOTUS DESTROYING Trump's Tarriff Policy,neither,left
91173,@fastpoliticspodcast,2,Charlie Sykes on Trump's FCC Fearing Midterm Loss,left,neither
91213,@RestPoliticsUS,2,MEMBERS EXCLUSIVE | Roy Cohn: The Man Who Made Trump,neither,left
91218,@RestPoliticsUS,2,MEMBERS EXCLUSIVE | Who Is Trump's 'Human Printer' Natalie Harp?,left,neither
91273,@RestPoliticsUS,2,MEMBERS EXCLUSIVE | The Truth About Trump's Health | Part 2,neither,left
91294,@RestPoliticsUS,1,Trump OUTSMARTED By Thomas Massie In Kentucky!,left,neither
91345,@RestPoliticsUS,2,ALL HELL BREAKS LOOSE AS TRUMP HINTS AT IRAN INVASION,left,neither
91350,@RestPoliticsUS,2,Why Iran's Diego Garcia Attack IS MUCH WORSE THAN YOU THINK!,neither,right
91375,@RestPoliticsUS,2,"Becoming Trump: Family Secrets, Roy Cohn and How to Be A Killer",neither,left
91416,@RestPoliticsUS,1,AD FREE | Why The Minnesota Fraud Scandal Isn't What It Seems...,neither,left
91434,@LastWeekTonight,1,Police Surveillance Technology: Last Week Tonight with John Oliver (HBO),neither,left
91435,@LastWeekTonight,1,Trump & Crypto: Last Week Tonight with John Oliver (HBO),neither,left
91436,@LastWeekTonight,1,Scranton's Train Set: Last Week Tonight with John Oliver (Bonus Segments),neither,left
91907,@thehill,2,Joe Scarborough goes NUCLEAR on Dems (PLUS: Enes Kanter Freedom DECLARES for WNBA Draft) | RISING,neither,right
92013,@thehill,1,"Kamala Harris: Dems must 'REVISIT' abolishing the Electoral College, expanding Supreme Court | RISIN",neither,right
92555,@thehill,2,Project 2029: Dems push for social media restrictions for kids | RISING,neither,right
92949,@thehill,1,"Trump agenda STRUGGLING as judge, Republicans REBUKE initiatives: Lindsey Granger | RISING",left,neither
92955,@thehill,2,Trump family tax deal questions: House Ways & Means Dems press Treasury Secretary Bessent,neither,left
95225,@thehill,1,"Walz, Frey SUBPOENAED By DOJ For Allegedly IMPEDING Law Enforcement | RISING",neither,right
95486,@thehill,2,Tim Walz RESPONDS To MN Fraud CONCERNS; Starmer BLASTED Over Abd El-Fattah Welcoming | RISING,right,neither
96374,@AfterPartyEmily,2,The DEI Poll Result That Shocked FIRE’S Greg Lukianoff,neither,right
96463,@AfterPartyEmily,2,"Swalwell Scandal Explodes and His Fall Exposes a Broken Political System, with Dave Smith",neither,right
96503,@AfterPartyEmily,2,"Former Intel Chief Says He Was Blocked from Charlie Kirk Investigation, with John Daniel Davidson",neither,right
96524,@AfterPartyEmily,2,"The Truth About Congress’ COWARDLY Response to War and ""Fair-Weather Patriots,"" with Thomas Massie",neither,right
96587,@AfterPartyEmily,1,"The Obama Third-Term Fantasy and Why It Reveals a Deeper Political Problem, with Cenk Uygur",right,left
96712,@wethefifth,2,Milo Yiannopoulos Wanted Mass Deportations. Then He Got Deported. – The Fifth Column,neither,left
96718,@wethefifth,2,Terry Moran Says ABC News Sent His Lab-Leak Story to Fauci For Approval – The Fifth Column,neither,right
96740,@wethefifth,2,Trump Got Played by Iran (#562) - The Fifth Column,left,neither
96752,@wethefifth,1,Preet Bharara Explains Trump’s “Future Crime” Loophole -The Fifth Column,left,neither
96765,@wethefifth,2,Sarah Isgur Says Congress Forgot How to Govern. The Supreme Court Didn’t.,right,neither
96820,@wethefifth,2,“Trump Derangement Syndrome” Meets a Double Homicide - The Fifth Column,neither,right
96914,@morebridgetphetasy,2,Anti-Zionism Isn't Pro-Palestinian and Here's Why,right,neither
96918,@morebridgetphetasy,2,The Dark Side of America's Therapy Obsession | Jonathan Alpert - Walk-Ins Welcome 391,right,neither
96927,@morebridgetphetasy,1,The Depressing Shift from Reagan to Whatever Trump Says,right,left
96964,@morebridgetphetasy,1,The Intellectuals Who Think Their Jobs Are Beneath Them,right,neither
96996,@morebridgetphetasy,1,Cuba Sold the Authoritarianism Playbook and Venezuela Bought It,neither,right
97019,@morebridgetphetasy,2,Monarchies Sound Great Until You're Not the King,neither,left
97061,@ZeihanonGeopolitics,1,Spain's Immigration Solution Turns Into a Crisis || Peter Zeihan,neither,right
97301,@PerunAU,1,"The Greenland Crisis - The Arctic, Alliances & A U.S. Strategic Folly",neither,left
97314,@UnHerd,1,America is quietly losing the world – Yanis Varoufakis & Richard D. Wolff | The Econoclasts,neither,left
97329,@UnHerd,1,NATO just said the quiet part out loud - Varoufakis & Munchau | The Econoclasts,neither,left
97332,@UnHerd,1,Buck Angel: Why I changed sides on the trans debate,neither,right
97335,@UnHerd,2,China is about to call Europe’s bluff  - Yanis Varoufakis & Wolfgang Munchau | The Econoclasts,neither,left
97349,@UnHerd,2,It’s begun. Palantir just crossed the Rubicon - Varoufakis & Munchau | The Econoclasts,neither,left
97354,@UnHerd,2,How Trump wins by closing the Strait of Hormuz,neither,right
97355,@UnHerd,2,Why Iran is a trap for Trump - Yanis Varoufakis & Wolfgang Munchau | The Econoclasts,neither,left
97358,@UnHerd,2,Iran just showed China exactly how to beat the West - Varoufakis & Munchau | The Econoclasts,neither,left
97381,@UnHerd,1,Why Trump will get Greenland,neither,right
97389,@UnHerd,2,Why Europe can’t break free from the US - Yanis Varoufakis & Wolfgang Munchau | The Econoclasts,neither,left
97434,@ZubyMusic,2,The Republican Who Thinks He Can Save California - Steve Hilton,right,neither
97461,@ZubyMusic,2,It Feels IMPOSSIBLE For Men To Find a Wife In 2026,neither,right
97480,@ZubyMusic,2,We NEED To Ban Female Rappers,neither,right
97517,@ZubyMusic,2,Are Divorce Laws Rigged Against Men?,neither,right
97530,@ZubyMusic,2,Why The US Is Obsessed With Race,right,neither
97541,@ZubyMusic,1,Why The Rich Are Fleeing The UK,right,neither
97588,@winston_marshall,2,The Revolt Against The Elites Is Just Beginning…,right,neither
97596,@winston_marshall,2,Henry Nowak: The Murder That Exposed Britain's Elites,right,neither
97626,@winston_marshall,2,‘The by-election exposed the true Britain we live in’ | Matt Goodwin,right,neither
97629,@winston_marshall,2,The Secret Plan Behind Trump’s Iran War,neither,left
97641,@winston_marshall,2,“This should be a wake up call!” Trump’s True Motives In Greenland,neither,left
97769,@ClubRandomPodcast,2,Did MeToo Go Too Far? Bill Maher Questions Al Franken Backlash,right,neither
98111,@TheAdamCarollaShow1,2,Jerry O’Connell Claims Wife and Daughters ‘Became Physical’ After He Criticized Kamala,right,neither
98163,@TheAdamCarollaShow1,2,Has California Hit Rock Bottom? | The Adam and Dr. Drew Show #2073,right,neither
98177,@TheAdamCarollaShow1,2,Andrew Gruel: How Tough Coaches Made Strong Men and Eating on a Budget,neither,right
98259,@NickShirley,1,"California Passed the ""Stop Nick Shirley Act""...",neither,right
98268,@NickShirley,1,"""$500 BILLION in Fraud"" Nick Shirley interviews Scott Bessent",neither,right
98279,@NickShirley,1,[EARLY] Muslim vs Christian Battle in Texas | Members Only,right,neither
98318,@RealDanBongino,1,Have We Reached Peak Crazy? (Ep. 2587),neither,right
98401,@RealDanBongino,1,Why the Dr. Fauci Hearing Was Actually a BIG DEAL,neither,right
98439,@RealDanBongino,2,Pastor's Common Sense Rant Goes Mega-VIRAL... Boom!,neither,right
98490,@RealDanBongino,2,More Concerning Details Emerge in Latest Trump A*sassination Attempt,neither,right
98556,@RealDanBongino,2,Don't Get Played By Their Latest Gaslighting Campaign (Ep. 2444),neither,right
98641,@RedactedNews,1,Shocking New Gun Shot Evidence in Charlie Kirk's Assassination | Redacted News,neither,right
98722,@RedactedNews,1,"Clayton Morris: ""It's time for a 2nd American Revolution in this country""",right,neither
98809,@RedactedNews,1,"US Official Issues SHOCKING Threat to The Pope: ‘Get In Line, America Does What It Wants’",neither,left
99152,@GrahamAllen,2,Trump Drops a Nuke Directly on Tucker Carlson's Face,right,neither
99163,@GrahamAllen,1,Fauci Gets Off,right,neither
99164,@GrahamAllen,2,Resurfaced Charlie Kirk Clip Buries Candace in Her Own Garbage,right,left
99242,@GrahamAllen,2,Candace Owns Picks Fight With New Victim to Keep the Money Flowing,neither,left
99273,@GrahamAllen,2,Trump to Rededicate America as One Nation Under God,right,neither
99300,@GrahamAllen,2,Candace Owens Threatens Trump + Fakes Catholic Confirmation??,right,neither
99330,@GrahamAllen,1,"Dan Bongino Explains the ""Mark of a Moron"" That's Rotting The MAGA Movement",neither,left
99340,@GrahamAllen,2,Terrorists Strike America in Weekend of Bombings & Chaos,neither,right
99390,@GrahamAllen,2,"Graham Allan Exposes the ""Trick Speech"" Tucker Uses to Brainwash Bad Ideas",neither,left
99392,@GrahamAllen,2,Candace Owens Begins New Grift Targeting Kanye West (YE)?,neither,left
99393,@GrahamAllen,2,"Dan Bongino TRIGGERS the Candace Cult, Starts the Scammers' Apocalypse",right,neither
99432,@chicksonright,2,Spencer Pratt Just ENDED the Charlie Kirk Conspiracy Crowd 🔥,neither,right
99492,@chicksonright,2,Tucker Carlson’s Disgusting Defense of Candace Owens,neither,left
99507,@chicksonright,2,How Political Brainwashing Really Works | Buck Sexton Interview,neither,right
99526,@chicksonright,1,Michael Knowles’ Candace Owens Cop-Out BACKFIRES,neither,left
99745,@chicksonright,1,Matt Walsh’s 50-Minute Takedown of Candace Owens Is DEVASTATING,neither,right
99748,@chicksonright,2,Tucker’s Israel Smear Backfires — And Is JD Vance Getting Dragged Down With Him?,neither,left
99750,@chicksonright,2,Michael Knowles Defends Candace Owens With This TERRIBLE Take,neither,left
99794,@chicksonright,2,Candace Owens Crosses the Line Laughing About Erica Kirk For CLICKS,neither,right
99798,@chicksonright,2,Could DeSantis Be Trump’s Next AG? His ICE Record Speaks for Itself,right,neither
99813,@chicksonright,2,Candace Owens Is Melting Down as TPUSA Goes After Her Followers,neither,left
99858,@chicksonright,1,"Lobbyists, Lies & Mountain Dew: The REAL D.C. According to Congressman Burchett | REPLAY",neither,right
100117,@X22Report-y5y,1,"Ep 3961a - [CB] Control Is Being Removed, The Day’s Of Economic Enslavement Is Coming To End",neither,right
100174,@X22Report-y5y,2,"Ep 3934a - Bessent Confirms, The US Economy Is Moving Away From The Rest Of The World",neither,right
100411,@X22Report-y5y,1,"Ep 3824a - The [CB]s Are Trapped, Control Over Each Nation Is Coming To An End, Watch Gold & Silver",neither,right
100436,@X22Report-y5y,1,"Ep 3805a - China Begins To Restrict Silver, The [CB] Fraud Comes Into Focus, Tick Tock",neither,right
100451,@AndWeKnowOfficial-o9b,1,"9.9.26: POPCORN ready, ZERO Day, “LEARing Center”, Resignations, Trials, PRAY!",neither,right
100687,@RSBN,2,Hostages Freed Under President Trump Take the Stage & Share Their Powerful Stories - 09/10/26,neither,right
100769,@RSBN,2,President Trump Announces Historic Summer of Tourism as Travel Spending Hits Records - 09/02/26,neither,right
100775,@RSBN,1,FULL EVENT: House Oversight Hearing Confronts the Growing Birth Tourism Controversy - 09/01/26,right,neither
100888,@RSBN,1,WATCH: Americans For Prosperity's Tim Golding Joins Matthew Alvarez Live on RSBN - 08/12/26,neither,right
101100,@RSBN,2,"WATCH: ""They Are Scum... Sick People"" President Trump Declares Iran Ceasefire Is Dead - 07/08/26",neither,right
101606,@RSBN,2,"FULL SPEECH: Erika Kirk Speaks at the Build the Red Wall Rally in Phoenix, Arizona - 04/17/26",right,neither
101804,@RSBN,2,WATCH: Massive Operation Epic Fury Update From President Trump - 03/23/26,right,neither
102248,@RSBN,2,WATCH: Actor and Comedian Russel Brand Entertains the Audience at AmFest - 12/18/25,neither,right
103521,@RealAmericasVoice,1,Malcolm Flex Warns: Iran’s Real Strategy Is to Break America’s Will,neither,right
103730,@RealAmericasVoice,2,“We Funded the Mujahideen” — The Clip That Makes This Iran War Hit Different,left,neither
108517,@NewsmaxTV,2,‘This is Iran’s fault’: Rep. Scott Perry defends actions against Iran | Wake Up America,right,neither
111846,@NewsmaxTV,2,"We were able to buy Alaska, why not Greenland?: Doug Burgum",right,neither
112028,@NewsmaxTV,1,A Christmas Present for ISIS | The NEWSMAX Daily (12/26/25),neither,right
112151,@NewsmaxTV,1,Carl Higbie: Military bureaucracy leads to unearned rankings,neither,right
112629,@oann,2,Trump Posthumously Awards Presidential Medal of Freedom to 9/11 Hero Welles Crowther | OAN News,neither,right
113109,@oann,2,DEMOCRATIC SOCIALISM APPEALS TO EVEN YOUNG TRUMP VOTERS,neither,left
113319,@oann,2,Did Spencer Pratt make the greatest campaign ad of all time?,neither,right
113874,@oann,2,Reza Farahan On Fleeing The Islamic Regime And Becoming A Proud American Citizen,right,neither
114007,@oann,2,Maryland sheriff's warn lawmakers not tot put politics over public safety,neither,right
114347,@oann,2,Jack Posobiec Reflects on Friendship with Charlie Kirk,neither,right
114733,@HangOutwithSeanHannity,2,Ted Cruz’s Chilling Warning About America’s Political Future,right,neither
114788,@HangOutwithSeanHannity,2,Lee Greenwood Reveals the Incredible Story Behind “God Bless the USA”,neither,right
114800,@HangOutwithSeanHannity,2,JD Vance Opens Up About Faith and the Grandmother Who Raised Him,right,neither
114801,@HangOutwithSeanHannity,2,Todd Chrisley Breaks Down Recalling The Moment He Learned Trump Pardoned Him,right,neither
114836,@HangOutwithSeanHannity,1,Eric and Lara Trump: EXCLUSIVE Inside Air Force One to Beijing | Hang Out with Sean Hannity,neither,right
114848,@HangOutwithSeanHannity,2,What Netflix Left Out: The Real Narcos Agents Tell All | Hang Out with Sean Hannity,neither,right
114862,@HangOutwithSeanHannity,2,Glenn Youngkin: From Dishwasher to Governor… and His Next Big Move | Hang Out with Sean Hannity,neither,right
114873,@HangOutwithSeanHannity,2,"John Fetterman: Democrats Aren’t Afraid of Trump, We’re Afraid of the Base",right,neither
114876,@HangOutwithSeanHannity,2,Matthew Tkachuk: From Olympic Gold to the White House | Hang Out with Sean Hannity,neither,right
116989,@FoxNews,2,Dan Bongino: This has a 100% success rate of FAILING...,neither,right
119397,@FoxNews,2,‘The Five’: The Iranians were bluffing...,right,neither
121144,@FoxNews,2,Trump GOES AFTER blue state governor over Potomac sewage spill,right,neither
121764,@FoxNews,2,'The Five': Could THIS tip the midterms?,neither,right
122918,@FoxNews,2,Gutfeld: This UPSET everyone ... even Republicans!,neither,right
124750,@FoxNewsChannelClips,1,TARIFF SHOWDOWN: Trump says policy made America a 'FORTUNE',neither,right
125368,@FoxNewsChannelClips,2,Carville demands ACTION from Dems amid socialism surge,right,neither
125639,@FoxNewsChannelClips,1,Iran WON'T be able to come back from this: Sen Jim Banks says,neither,right
127768,@FoxNewsChannelClips,2,"Trump can put the ‘genie of Islamic fundamentalism’ back in the bottle, professor says",right,neither
128365,@FoxNewsChannelClips,2,Andrew Yang says he was BLACKLISTED by the Kamala Harris campaign,right,neither
129760,@NBCNews,2,Doctors fill CDC guidance void with new vaccine recommendations,left,neither
137215,@CNN,1,Trump retreats on $1.776B fund: Has GOP infighting killed it for good?,left,neither
137797,@CNN,2,‘He’s flailing’: Newsom denounces Trump’s tariff policy,neither,left
138006,@CNN,1,"'ICE, get the f**k out of Minneapolis': Mayor reacts to shooting",left,neither
138109,@CNN,1,'Release all the files': DOJ withheld more Epstein files than law requires,left,neither
142559,@ABCNews,2,"JD Vance warns Pope Leo to 'be careful,' after pope speaks out agains the war in Iran",neither,left
143957,@ABCNews,1,Iranian regime shaken to its core after dozens of leaders killed in US-Israel strikes,neither,right
156070,@NewsNation,2,Lindsay Clancy and her children failed by the system: Tiffany Smiley,neither,right
156534,@NewsNation,2,"Tom Tiffany is an election denier, Wisconsin gubernatorial candidate says",left,neither
176435,@aljazeeraenglish,1,Inside America's deadly war on suspected drug boats | Fault Lines Documentary,left,neither
183825,@AssociatedPress,1,Trump's immigration crackdown has detained more than 50 military spouses and parents,left,neither
186571,@AssociatedPress,1,Trump interrupts Cabinet meeting to talk about his Sharpie markers,neither,left
190080,@nytimes,1,Welcome to the Neighborhood. It’s Sinking.,neither,left
190083,@nytimes,2,Vermont Made Child Care Affordable. Could It Lead by Example?,neither,left
190090,@nytimes,2,New Video Analysis Reveals Flawed and Fatal Decisions in Shooting of Alex Pretti,neither,left
190097,@nytimes,2,Inside an Immigration Raid That Swept Up U.S. Citizens | Visual Investigations,neither,left
190206,@wsj,1,Doctors Warn Politics Is Undermining Actual Vaccine Science | WSJ,left,neither
191852,@markets,2,"Trump Has No Exit Strategy in Iran, Jeffries Says",neither,left
198356,@USATODAY,2,Trump blasts those who celebrated Charlie Kirk death; Erika Kirk reacts to RNC chanting his name,right,neither
199870,@USATODAY,2,FCC chair threatens broadcasters over Iran War coverage,left,neither
200176,@USATODAY,2,President Trump refuses to apologize for posting video depicting Obamas as apes,left,neither
200415,@USATODAY,2,Trump takes more aspirin than recommended by doctors,neither,left
200946,@NPR,2,Hundreds of homes of the working poor were razed in a neighborhood in Pakistan,neither,left
200953,@NPR,1,Ro Khanna lays out progressive agenda as he 'seriously' considers presidential run | Newsmakers,neither,left
201016,@NPR,1,Debunking Jan. 6 myths: weapons and injuries,neither,right
201138,@POLITICO,2,Trump's endorsement in Iowa loses and Bill Pulte is now Acting DNI?,left,neither
201255,@POLITICO,1,Hillary Clinton shouts in Epstein deposition,right,neither
201285,@POLITICO,1,"Sen. Capito on high energy prices, permitting reform and Trump's bid to kill wind power | Energy Pod",left,neither
201507,@Vox,1,What masculinity does to men | The Gray Area,neither,left
201584,@Vox,2,How Finland defeated fascism,neither,left
201586,@Vox,2,"Why is Trump obsessed with Minneapolis? | Today, Explained",left,neither
201669,@TheDailyBeast,2,I Know What Trump's D.C. Makeover Is Really About | The Daily Beast Podcast,neither,left
201802,@TheDailyBeast,2,Why Trump Insiders Fear He's Lost MAGA: Wolff | Inside Trump's Head,neither,left
201829,@TheDailyBeast,2,Trump Lets Slip What's Got Under His Skin: Wolff | Inside Trump's Head,neither,left
201844,@TheDailyBeast,2,Why Trump Legal Threat Against Me Is Empty: Wolff | Inside Trump's Head,neither,left
201967,@Semafor,1,How Democrats Learned To Embrace Native American Land Acknowledgments | Semafor Americana,neither,right
202075,@Semafor,1,"Gavin Newsom on 'Sick' FCC Threats, David Ellison, & Getting Trump's Personal Cell Phone Number",neither,left
202077,@Semafor,2,"Jeffrey Goldberg on 'Signalgate,' Trump's Charm Offensive, And Why The Atlantic Is Winning",neither,left
202080,@Semafor,2,"Hasan Piker On Streaming All Day, His Relationship With Zohran Mamdani, & The Lefty Media Machine",neither,right
202094,@Semafor,2,"Undersecretary Sarah Rogers on Free Speech, Europe’s Tech Crackdown, and the Internet She Misses",neither,right
202450,@Forbes,2,Trump Is Making Three Times As Much In White House As He Did In Business,neither,left
202544,@Forbes,2,Keir Starmer May Be Out But Andy Burnham Is Not The Answer To UK’s Troubles,neither,right
203088,@Forbes,2,OpenAI Blurs Its Mass Surveillance Red Line With New Pentagon Contract,neither,left
203349,@Forbes,1,"These Trump Supporters, Financiers And Energy Tycoons Could Make Billions From Venezuela",neither,left
203639,@TheAtlantic,1,"The Elon Musk Myth: Genius, Fraud, or Something Else",left,neither
203673,@TheAtlantic,1,The Democrats and Their Extremist Problem | The David Frum Show,right,neither
203740,@TheAtlantic,1,Grok’s ‘Digital Undressing’ Crisis and a Manifesto to Build a Better Internet,neither,left
203772,@newyorker,2,Inside an Immigration Arrest That Sparked a Neighborhood Protest | The New Yorker,neither,left
203853,@TheEconomist,2,Why are Gen-Z socialists obsessed with taxing billionaires? | The Economist,right,neither
203927,@TheEconomist,2,Why are ICE agents targeting Minneapolis?,neither,left
203935,@TheEconomist,2,How Trump’s Venezuela raid is helping China's Taiwan battle plans,neither,left
203954,@nationalreview,1,Zohran Mamdani’s 9/11 Pen Handoff - And Why It Matters,right,neither
204031,@nationalreview,1,Why Do Late Night Hosts Believe CBS Has Abandoned Free Speech?,right,neither
204061,@nationalreview,1,This Podcast Has Been a DISASTER for Women,neither,right
204070,@nationalreview,2,Why the Woke Right Has Such a Dark View of America,right,neither
204089,@nationalreview,2,Why Joe Kent and Tucker Carlson Make No Sense,neither,left
204090,@nationalreview,1,The Media’s Disgraceful Performance on the Iran War,right,neither
204101,@nationalreview,2,The Shameful Media Campaign Against U.S. Hockey,neither,right
209958,@nypost,1,Trump Hits Turbulence on AF1: ‘Looking for Something to Grab and It’s Not Going to Be Karoline’,neither,left
210365,@nypost,2,Border Patrol Chief Swarmed And Shouted At In Chicago Suburb,right,neither
210580,@clayandbuck,2,"AG Todd Blanche on Violent Crime, Taxpayer Fraud & the Ballroom Ruling",right,neither
210624,@clayandbuck,2,CENSORSHIP at WNBA Game! The T-Shirt the League Won't Allow Fans to Wear,right,neither
210885,@clayandbuck,2,Mollie Hemingway: Could Justice Roberts Step Down in June?,neither,right
211063,@clayandbuck,1,Senator Marsha Blackburn on the Ice Storm Aftermath and Trump's Agenda in the Senate,neither,right
211124,@clayandbuck,2,Navy SEAL David Rutherford: Inside the Tactical Masterclass That Captured Maduro,right,neither
211128,@clayandbuck,2,"From Lunges to CFP Predictions, Clay Catches Up with Markwayne Mullin",neither,right
211290,@TheBrianKilmeadeShow,2,Sen. Sheehy to Vance: “A Piece of Paper” Won’t Stop a Nuclear Iran,right,neither
211297,@TheBrianKilmeadeShow,2,Kilmeade “Shocked” JD Vance is Blaming Israel | Brian Kilmeade Show,right,neither
211347,@TheBrianKilmeadeShow,2,"""American Blood"": China’s Chilling Warning Over Taiwan & US Arms Sales | Brian Kilmeade Show",neither,right
211420,@TheBrianKilmeadeShow,1,"They Are Scared"": How Secret Tech is Defeating the Iranian Regime | Brian Kilmeade Show",neither,right
211426,@TheBrianKilmeadeShow,1,"""It’s Over"": Why Iran’s Global Terror Projection Is Failing | Brian Kilmeade Show",neither,right
211437,@TheBrianKilmeadeShow,2,"""The Gloves Are Off"": Why This Is NOT 1979 All Over Again | Brian Kilmeade Show",right,neither
211568,@MarkDice,2,The Problem with Black Conservatives No One On The Right Wants To Talk About,neither,left
211577,@MarkDice,2,Ron DeSantis Makes Shocking Announcement About Non-White Immigrants,neither,left
211578,@MarkDice,2,Daily Wire Collapsing - Mass Layoffs - Ben Shapiro Buying Views? - Tens of Millions Blown by CEO,neither,left
211626,@MarkDice,2,Dan Bongino Quit the FBI for THIS? - Sad Sellout Joins the Worst of the Worst,neither,left
211675,@PrisonPlanetLive,1,We Can't Live With These People,neither,right
211677,@PrisonPlanetLive,1,Everyone's Feeling Colonized,right,neither
211743,@LiberalHivemind,2,Nick Shirley has done it AGAIN.,neither,right
211761,@LiberalHivemind,2,Someone caught EVERY WORD from the WNBA meltdown... It's WORSE than you think 😂,neither,right
212088,@LiberalHivemind,2,Hasan's run has come to an end.,right,neither
212215,@LiberalHivemind,2,Trump is leaving them speechless.....,right,neither
212262,@LiberalHivemind,1,Jon Stewart is having a POLITICAL AWAKENING!!!!!!!,right,neither
212558,@MrReaganUSA,1,"MAGA-MAN - Episode 1, Part 5: ""29,000 Metric Tons""",right,neither
212559,@MrReaganUSA,1,"MAGA-MAN - Episode 1, Part 4: ""The God of War""",right,neither
212560,@MrReaganUSA,1,MAGA-MAN Theme Music (FULL SONG),right,neither
212561,@MrReaganUSA,1,"MAGA-MAN - Episode 1, Part 3: ""Twenty to One""",right,neither
212562,@MrReaganUSA,1,"What is ""Black Fatigue""?",right,neither
212951,@BlackConservativePerspective,2,The Amazing Lucas LOSES IT After Realizing He HAS BEEN TRICKED AND GASLIT By Karmelo Anthony Family!,right,neither
213730,@BlackConservativePerspective,2,The View Audience LOSES IT After Marjorie Taylor Greene Gives WRONG Answer On Jan 6 Protests!,right,left
213846,@FleccasTalks,2,Fake Christian Fraud Tourists Descend on Minnesota - EP 382,right,left
213882,@FleccasTalks,1,The Gig Economy Isn’t Sending Their Best - EP 365,right,neither
213983,@FleccasTalks,2,KISS THE RING ALEC,neither,left
214093,@FleccasTalks,2,Newcomers Make Canada Like Home - EP 353,right,neither
214097,@FleccasTalks,2,HOME DEPOT CHAOS: Lady Cop Made It Worse - EP 349,neither,right
214127,@FleccasTalks,2,Old Ladies Bring “THE FIGHT” to ICE Agents  - EP319,right,neither
214131,@FleccasTalks,2,Queeshonda Stole My Seafood Boil! - EP315,right,neither
214210,@laurenchenclips,1,Why Did The UK Ban Cenk Uygur & Hasan Piker? The Pattern Too Big To Ignore ,neither,left
214233,@laurenchenclips,2,Hasan Piker Proves MSM Plays Favorites,right,left
214234,@laurenchenclips,1,Republicans WIN Big In Shocking Supreme Court Ruling,right,neither
214237,@laurenchenclips,2,Do Immigrants Work Harder Than Americans? CATO Says YES!,left,neither
214240,@laurenchenclips,2,Let's Make HOMELESS People Work! Louisiana's New Law (Anathema with Lauren Chen),left,right
214246,@mikhaila,1,"Harvard Neuroscientist: Social Media Myths, DSM Overreach & Puberty Blockers | Adam Omary EP 237",right,neither
214275,@MattBernstein1,1,Kevin O’Leary Is Lying,neither,left
214283,@MattBernstein1,1,We All Deserve Better Than Gavin Newsom (with Emma Vigeland and Kat Blaque),neither,left
214308,@TomiLahrenIsFearless,2,“She Wanted to Wear the Outfits” — Former Border Chief Defends Kristi Noem to Tomi Lahren,right,neither
214344,@TomiLahrenIsFearless,2,"DIVISION ON THE RIGHT: Tomi Lahren & Dinesh D’Souza on Iran, Israel & Immigration",neither,right
214352,@TomiLahrenIsFearless,2,The Unseen Spiritual War: What is REALLY Driving America's Chaos?,neither,right
214355,@TomiLahrenIsFearless,2,"""Disgusting!"" UFC Star RIPS Chicago Bulls over Jaden Ivey Controversy with Tomi Lahren",neither,right
214361,@TomiLahrenIsFearless,2,“They Made America Sick — And It Was On Purpose” | Tomi Lahren with Alex Clark,neither,right
214369,@TomiLahrenIsFearless,1,6 Americans Dead: Tomi Lahren’s Brutal Truth on the Iran Operation,neither,right
214387,@TomiLahrenIsFearless,2,Tomi Lahren & Cenk Uygur Challenge the Media Narrative on Minneapolis,neither,right
214389,@TomiLahrenIsFearless,2,Rep. Brandon Gill Lays It All Out with Tomi Lahren — Nothing Held Back,neither,right
214405,@TomiLahrenIsFearless,2,Former FBI Agent Reveals Warning He Gave Dan Bongino About Alleged “Lesbian Mafia”,right,neither
214413,@RufoandLomez,2,"Inside America's Psychosis: Jason Arday, James Fishback, and Flock Cameras | Ep 76",neither,right
214419,@RufoandLomez,1,Trump Won...Now the Online Right Is Falling Apart | Ep 70,neither,left
214421,@RufoandLomez,1,"""I Went Down Every Rabbit Hole"" — Andrew Kolvet Breaks Down Charlie Kirk Murder Conspiracies | Ep 68",neither,right
214428,@RufoandLomez,2,The DSA Has Killed the Democratic Establishment | Ep 61,neither,left
214438,@RufoandLomez,2,"Trump Beats Thomas Massie, Chud the Builder in Jail | Ep 51",left,neither
214447,@RufoandLomez,2,What Happens After Trump? The Soap Opera of the MAGA Civil War | Ep 42,neither,left
214453,@RufoandLomez,2,How Your iPhone Is Killing America’s Fertility Rate | Ep 36,right,neither
214463,@RufoandLomez,2,Harmeet Dhillon Is Going to War Against DEI,neither,right
214467,@RufoandLomez,2,The Washington Post Has Lost Its Ability to Punish,right,neither
214471,@RufoandLomez,1,Post-Woke: Where Does the Left Go from Here?,neither,right
214486,@RufoandLomez,2,Why We Can't Ignore Candace Owens' Conspiracy Theories,neither,left
214496,@newdiscourses,2,The Foundational American View of Romans 13,neither,right
214497,@newdiscourses,2,The Anatomy of a Critical Theory,neither,right
214521,@newdiscourses,1,Is Bolshevism Really Jewish?,neither,right
214525,@newdiscourses,2,How American Foreign Aid to Israel Supports America,right,neither
214530,@newdiscourses,2,"The Nazi Experiment, Vol. 15: Hitler's Land Equity Argument for Lebensraum",right,neither
214540,@newdiscourses,1,Heroism and Honor in the Fascist Mind,neither,left
214548,@newdiscourses,2,"""Insurrection Barbie's"" Long Game and the Conservative Right",neither,left
214549,@newdiscourses,2,"The ""Trusted Voice"" as Gramsci's Organic Intellectual",neither,left
214569,@newdiscourses,2,"Milestones, Vol. 2: Jahiliyyah, the False Consciousness of Islamism",right,neither
214581,@newdiscourses,1,"Integralism, Authority, and the Refactoring of Social Order | Michael O'Fallon",neither,right
214588,@JesseKellyDC,2,Terror Organization CAUGHT Operating In Red State,right,neither
214755,@JesseKellyDC,2,"GOP Senator REBUKES Trump, Issues HUGE Warning About Democrats",right,neither
214846,@JesseKellyDC,2,Democrat Promises To IMPEACH Supreme Court Justices,neither,right
214929,@JesseKellyDC,2,Iran Operation Leads Straight to China – Trump's True Endgame Revealed,neither,right
215031,@JesseKellyDC,2,Jesse Kelly: America Has Cancer,neither,right
215053,@JesseKellyDC,2,Republicans Are FINALLY Waking Up,right,neither
215149,@TheAmalaEkpunobi,2,You’re Not “Pro Black” If You Date White?,right,neither
215206,@TheAmalaEkpunobi,2,Kanye BANNED From UK For His Speech,neither,right
215260,@TheAmalaEkpunobi,2,The Kids Are Not Okay: ICE Edition,neither,left
215314,@XAVIAER,2,Controversial Streamer Clavicular’s Trip to Israel Made Social Media Explode | Xaviaer Reacts,neither,right
215330,@XAVIAER,2,"Dave Rubin: Young Turks Past, Right-Wing Grifters & Attacks on Erika Kirk",neither,left
215357,@XAVIAER,1,Joe Rogan Debates Steve-O on Transgenderism - Xaviaer Reacts!,neither,right
215383,@XAVIAER,2,"TPUSA Without Charlie Kirk: Erika Kirk's Leadership, Unhinged Conspiracies, & Record-Breaking Growth",right,left
215396,@BlaireWhiteX,1,The Epstein Files Prove Every Conspiracy Theory,neither,right
215400,@AlexStein99,2,Ben Shapiro Turned Me GAY!,left,neither
215403,@AlexStein99,2,“This City Isn’t Gay Enough”,neither,right
215442,@AlexStein99,1,Are Lesbians Real?,right,neither
215444,@AlexStein99,1,"""In the End Charlie Kirk Leaned Left""",neither,right
215450,@AlexStein99,2,Alex Stein Trolled Dallas Protestors: Boomers Go Wild!,neither,right
215452,@AlexStein99,2,Protest Erupts: America First vs. Antifa Clash Caught on Camera! #shorts,neither,right
215471,@AlexStein99,2,MEGAMIND ALEX STEIN CAN’T BE STOPPED,right,neither
215527,@RileyGaines,1,What It’s Like Inside TPUSA Headquarters | Riley's Vlog,neither,right
215551,@RileyGaines,2,She Thanked Sophie Cunningham… Then a WNBA Owner Confronted Her | The Riley Gaines Show,neither,right
215560,@RileyGaines,1,"Sophie Cunningham, Caitlin Clark, and the WNBA’s Star Problem | The Riley Gaines Show",neither,right
215574,@RileyGaines,2,What's Next For Women's Sports? LIVE From America 250 | The Riley Gaines Show,neither,right
215585,@RileyGaines,2,This Scotus Ruling Will Change Women's Sports FOREVER | The Riley Gaines Show,neither,right
215614,@RileyGaines,2,Emergency Pod: Alex Cooper Is Poisoning Young Women,neither,right
215636,@RileyGaines,1,Why The Bachelorette’s Controversial Season Won't Air | The Riley Gaines Show,neither,right
215666,@RileyGaines,2,Supreme Court Takes on Girls’ Sports | The Riley Gaines Show,neither,right
215680,@SavSays,1,This VIOLENT Minnesota family KEEPS GETTING CRAZIER,neither,right
215681,@SavSays,1,FULL ASSAULT: I was beaten for covering an anti-ICE protest in Minneapolis,neither,left
215732,@CamHigby,2,Addressing The Controversy On The Anti-ICE Riot in Newark,right,neither
215755,@CamHigby,2,College KNOW IT ALL Was Not Happy After This ,neither,right
215809,@CamHigby,1,What I SAW In One Of The Biggest Mosques In America!,right,neither
215946,@BrittanyVenti,2,"Couple EXPOSED for Fake ""Trad Christian"" Lifestyle",neither,left
215968,@BrittanyVenti,1,DESPERATE Simp & Why Women Struggle w/ Friendship,right,neither
215972,@BrittanyVenti,2,Chrissie Mayr's Desperation Gets WORSE! She's BROKE!,neither,left
215976,@BrittanyVenti,2,Pearl Begs SIMPS for her $1M Red Pill Documentary,left,right
215982,@BrittanyVenti,2,TheQuartering: The SIMP to Unemployment Pipeline!,neither,left
215983,@BrittanyVenti,2,TheQuartering Simped for Me & It BROKE Him!,neither,left
215984,@BrittanyVenti,2,"TheQuartering Creeps on Women, Physiognomy Check!",neither,left
215993,@BrittanyVenti,1,She Can't Dress Herself & Wants to Be Brett Cooper,neither,left
216031,@jlptalk,2,Mother Calls JLP: 'I Am a GOOD Mother!' — JLP Says 'You're of the DEVIL',neither,right
216039,@jlptalk,2,Caller Says GF Is 'Annoying'— JLP Tells Him: 'You're Marrying Your MAMA!',neither,right
216070,@jlptalk,2,Can't Even Get a Burger Without Getting Shot — JLP Reacts to Idaho In-N-Out Massacre,neither,right
216076,@jlptalk,2,Light Erases Darkness — JLP Explains Why the Devil SCREAMS When You Wake Up,neither,right
216143,@jlptalk,2,Black Bishop RAGES at JLP: 'You Suffer From Self-Hatred!' (Heated Debate on Racism),neither,right
216165,@jlptalk,2,"Christian Comedian 'Black Dad' Supports Obama, Abortion, AND Same Sex Marriage! (JLP Interview)",right,neither
216181,@jlptalk,2,"""Why Don't You Go Back to Your OWN Country?"" — Black Nationalist ATTACKS JLP in Heated Interview",neither,right
216220,@jlptalk,2,Israel First? Zionism & Who Are the Real Jews? | JLP & Bill Lockwood Discussion 🤔,neither,right
216307,@jlptalk,2,Why Would ANY Parent Send Their Kid to This School? | JLP Reacts,neither,right
216528,@AnaEscobarShow,1,16|EMERGENCY POD!! CANDACE Helps Me Link Hansell to the HADES Jet!!  | THE INTEL BRIEF,neither,right
216532,@AnaEscobarShow,1,12|Section 224 | TRUMP SELLING AMERICA OUT?? | Our Greatest Ally is about to Own Us ???,right,left
216534,@AnaEscobarShow,1,10|Brad Hansell! SAM 702!! WE CALLED IT!! Candace Owens CONFIRMS Our Theory | THE CASE FILE,neither,right
216536,@AnaEscobarShow,1,8|VERY Suspicious Aircraft...CANDACE OWENS Is Onto Something!!! | THE INTEL BRIEF,neither,right
216582,@fightbackpodcast,1,"Who Were the Infamous ""DANCING ISRAELIS"" on 9/11? Jake Shields on the Israel Connection to Sept. 11",neither,right
216606,@fightbackpodcast,1,"The Cult That ""CONTROLS THE WORLD""? - Jake Shields Exposes Chabad Lubavitch!",neither,right
216696,@fightbackpodcast,2,Men NEED a Purpose: Jake Shields Opens Up About His Father,neither,right
216723,@fightbackpodcast,2,Jake Shields Gets Coffee With Patriot Front,right,neither
216828,@fightbackpodcast,1,Lucas Gage is a Traitor to the Movement and the Biggest Grifter of All,neither,right
216864,@fightbackpodcast,2,Jake Shields and Hassan Shibly React to Zionists ATTACKING CHRISTIANS in Israel!,right,neither
216881,@fightbackpodcast,2,Randy Fine is a Disgusting Pig,neither,left
216958,@fightbackpodcast,2,They Planned Everything BEFORE 9/11! Iran War is For Israel!,right,neither
217034,@fightbackpodcast,2,Epstein Files PROVE THEY Think They are Untouchable!,right,neither
217142,@fightbackpodcast,2,"DEBATE! Who is the Real Jew? ""Can You Trace Your Roots?""",right,neither
217261,@JustPearlyThings,2,Pearl Argues That All Women In The West Are Feminists!,right,neither
217314,@JustPearlyThings,2,Women Getting FIRED for Posting Dumb S*** on Tiktok,right,neither
217367,@JustPearlyThings,2,Insane Hypocrisy From Chr*stians,neither,left
217368,@JustPearlyThings,2,304s and Girlbosses of The 'Gram,right,neither
217393,@JustPearlyThings,1,Andrew Wilson CONFRONTS Hater,neither,right
217416,@JustPearlyThings,1,Do Dallas Christian Women Obey Their Husbands?,right,neither
217561,@JustPearlyThings,2,Women And Their Massive Pile Of DEBT,right,neither
217680,@JustPearlyThings,1,When Men Kick Women Out Of The House LOL,right,neither
217684,@JustPearlyThings,2,Meet The Moms Who Hate Work,neither,right
217731,@JustPearlyThings,2,Women Have NEVER Been Homemakers,neither,left
217760,@JustPearlyThings,1,Women Versus Cars PART TWO! (They Crash Again Lol),right,neither
217776,@JustPearlyThings,2,"""Nurturing"" Woman Gets Arrested For CHILD NEGLECT",right,neither
217815,@JustPearlyThings,2,Andrew Wilson EXPLODES On A Lesbian,neither,right
217860,@JustPearlyThings,2,"Nala Rey ""REGRETS"" Being An OF 304",right,neither
218023,@MyronGainesX,2,Myron Exposes How OnlyFans Models Fake Anime and Gaming Interests to Trick Men,neither,right
218093,@MyronGainesX,1,Myron Exposes the DARK Psychology Behind Women Who Romanticize Violent Criminals!,neither,right
218095,@MyronGainesX,2,Myron's PASSIONATE Rant About Crime In America...,neither,right
218119,@MyronGainesX,2,Myron DESTROYS Student's Take On Chud The Builder Shooting!,neither,right
218130,@MyronGainesX,1,Myron COOKED Neon And Chopped 304 For Being Entitled!,neither,right
218139,@MyronGainesX,2,Myron Calls Out Eric Bryanstone For Ruining A Man’s Life Over An Instagram Comment Like!,right,neither
218171,@MyronGainesX,1,Why Trump Was DESPERATE For A CEASEFIRE With Iran!,neither,left
218188,@MyronGainesX,2,Myron Exposed Modern Women Who Go To Coachella!,right,neither
218195,@MyronGainesX,1,Why The Iran Ceasefire is An L & Exposing Iran War Lies!,neither,left
218339,@MyronGainesX,1,Canadians Aba & Preach SHAME Americans Over Viral ICE Shooting!,neither,left
218367,@MyronGainesX,2,Myron DISMANLTED Top 304 Claiming She's Leaving OnlyF*ns!,neither,right
218634,@SydneyWatson,1,The WNBA's collapse is ACCELERATING,right,neither
218646,@SydneyWatson,2,Cynthia Erivo is even creepier now,neither,right
218647,@SydneyWatson,1,The new Supergirl film is already imploding,neither,right
218648,@SydneyWatson,1,"I made Supergirl ""fans"" SO MAD",neither,right
218657,@SydneyWatson,2,Lupita Nyong'o is an insufferable hypocrite,neither,right
218662,@SydneyWatson,2,Alex Cooper: the worst thing to happen to women.,neither,right
218679,@SydneyWatson,2,Starfleet Academy is proof Hollywood writers think you're STUPID,right,neither
218991,@ThePodcastoftheLotusEaters,2,The Attacks on Restore Have Begun,right,neither
219131,@ThePodcastoftheLotusEaters,2,The Right-Wing Oscars,neither,right
219137,@ThePodcastoftheLotusEaters,1,They Admit It’s Colonisation,neither,left
219187,@ThePodcastoftheLotusEaters,2,The Last Days in the Starmerbunker,right,neither
219263,@ThePodcastoftheLotusEaters,2,The View From the Starmerbunker,right,neither
219293,@ThePodcastoftheLotusEaters,2,They Do Not Belong Here,right,neither
219575,@VivaFrei,2,The Smart Watch Break! Journalist Steve Baker Drops BOMBSHELL Discovery in Jan. 6 Pipe bomber Case,right,neither
219583,@VivaFrei,2,Interview with Trump Adviser Alex Bruesewitz! From Iran MOU to the Fight Between Old and New MAGA!,right,neither
219592,@VivaFrei,2,White House UFC Fight SCANDAL! Did Eric Trump Ask Commentator Daniel Cormier if Fights Were RIGGED?,neither,left
219636,@VivaFrei,2,"I Watched Cynthia West's ""Deposition-Style"" Video About Thomas Massie - I Call Political Hit-Job!",right,neither
219794,@VivaFrei,1,"IMMINENT RELEASE? Is Brian Cole Jr., Alleged Jan. 6 Pipe Bomber, Being Unlawfully Detained?",neither,right
220005,@RobertGouveiaEsq,1,Trump files MASSIVE APPEAL with SUPREME COURT!,neither,right
220086,@RobertGouveiaEsq,2,FELONY CHARGES filed against alleged Reflecting Pool VANDAL!,neither,right
220374,@RobertGouveiaEsq,1,Supreme Court CRUSHES Major Prosecution!,neither,right
220391,@RobertGouveiaEsq,2,Judge STEALS Congressional SEAT!!,neither,right
220969,@RekietaLaw,1,Johnny Depp Attorney Ben Chew Roasts Amber Heard - She Remains Insufferable,neither,right
220975,@RekietaLaw,1,Prosecution in SHAMBLES — Fitzsimmons Trial Day 2 Mid-Morning Recap,neither,right
220983,@RekietaLaw,1,Donald Trump BROKE the Law Arresting Maduro?! - Lawyers Discuss ft. Robert Barnes,neither,left
221263,@CashJordan,2,Iran Seizes WRONG OIL TANKER… INSTANTLY REGRETS IT,right,neither
221373,@CashJordan,1,"Trump Moves to WIPE OUT Russia... By ""Invading"" Greenland",right,neither
221386,@CashJordan,1,She Just DECLARED War on America...,neither,right
221404,@ChadPrather1,1,When Murder Becomes Entertainment: The True Crime Culture Is Poisoning Morality,neither,right
221420,@ChadPrather1,2,The Texas Data Breach That Should Alarm Every American | Patriot Protect,right,neither
221458,@ChadPrather1,1,The Myth of the Good Christian,neither,left
221490,@ChadPrather1,1,How to Actually Understand Trump Without Losing Your Mind,neither,left
221520,@ChadPrather1,2,Epstein Was the Symptom: Exposing the Real Disease of Our Culture,neither,right
221526,@ChadPrather1,2,Light In The Darkness: How The Gospel Confronts Epstein’s Evil,neither,right
221533,@ChadPrather1,2,Chad DEBUNKS The Lie That Christianity Is THE SAME As All Other Faiths!,neither,right
221759,@OutKick,2,Benny Johnson’s BRILLIANT Idea To Save The WNBA After Sophie Cunningham Backlash Will SHOCK You,neither,left
221765,@OutKick,1,“Radical Centrist” Colin Cowherd EXPOSES His True Political Views,right,neither
221768,@OutKick,2,Giants Locker Room Erupts Over Trump Controversy | OutKick the Show w/ Clay Travis,neither,right
221801,@OutKick,2,Dakota Meyer Reached His Breaking Point - So He Re-Enlisted | Gaines For Girls w/ Riley Gaines,neither,right
221804,@OutKick,2,Clay Reacts To Brown & Bondi Beach Tragedies | OutKick the Show w/ Clay Travis,neither,right
221811,@Shoe0nHead,1,The American Doomsday Cult Pushing For War,neither,left
221828,@notsoErudite,1,"Asmongold Got BANNED, Lets Watch His Meltdown",left,neither
221844,@notsoErudite,1,@Aba N Preachs Epstein Coverage Exposes a Terrifying Reality,neither,left
221878,@MikeFromPA,2,Mike CALLS OUT Ethan Klein's DEFENDERS After Frogan's VICTORY!,left,neither
221886,@MikeFromPA,1,Mike Breaks Down Destiny’s HORRIFIC Deposition!,neither,right
221919,@MikeFromPA,2,MIKE MOGGS HASAN IN FUNDRAISER FOR FRANCESCA HONG!!!,left,neither
221941,@MikeFromPA,2,"Mallory McMorrow's Embarrassing Interview on ""A Bit Fruitier""",neither,right
221973,@MikeFromPA,2,Mike Interviews Kat Abughazaleh Right Before Her Election!,neither,left
221974,@MikeFromPA,2,Mike and Hasan are RIGHT: DRAFT ASMONGOLD!!,left,neither
221977,@MikeFromPA,1,"""THIS IS INSANE!"" More Perfect Union UNCOVERS A SECRET SOCIETY!!",neither,left
221996,@MikeFromPA,2,Why Canada Is RIGHT To Partner With China!,neither,left
221997,@MikeFromPA,1,"Why China Is RIGHT About The ""KILL LINE""",left,neither
222004,@MikeFromPA,2,Mike Catches Asmongold FLIP-FLOPPING!!,left,neither
222050,@DestinyDGGClips,2,Reddit Is Truly Rotting The Minds Of Society,neither,right
222070,@DestinyDGGClips,2,Hasan CALLS OUT The Soy Pill For Being Too C*cked,neither,left
222079,@DestinyDGGClips,1,Hasan Is The GREASIEST Slimeball To Ever Exist For This.,neither,right
222085,@DestinyDGGClips,2,ImReallyImportant Finds The “Leftist Predicament” Quite Amusing,neither,right
222091,@DestinyDGGClips,2,HE’S PISSED: Hasan Gets BANNED From Event He Was Supposed To Attend,neither,right
222143,@DestinyDGGClips,2,Jennifer Welch Is Genuinely Pathetic For Doing This.,neither,right
222148,@DestinyDGGClips,2,No Way.. Hasan Finally Admits He’s a Loser And Gives Up,neither,right
222150,@DestinyDGGClips,1,CRASHOUT! Hasan Gets Confronted And Goes NUCLEAR On Stream,neither,right
222167,@DestinyDGGClips,2,Asmongold Tries Rewriting History Over His Insane Statements,neither,left
222176,@DestinyDGGClips,2,Asmongold Tries Outsmarting Destiny But FAILS miserably,neither,left
222297,@destinyhqclips,2,Destiny DISMANTLES Propagandist's Lies In Intense Israel Debate,neither,right
222306,@destinyhqclips,2,Hasan's 4 Hour Cope Session Is HILARIOUS,neither,right
222308,@destinyhqclips,2,How Did Hasan Get Away With This,neither,right
222326,@destinyhqclips,2,Conservative News Analyst Sweeps For Iran War Failure,left,neither
222330,@destinyhqclips,2,Hasan's Manipulation Is Pathetic...,neither,right
222344,@destinyhqclips,2,Vaush CRASHES OUT Watching Israel Day Parade,neither,right
222412,@destinyhqclips,2,Destiny Shuts Down Racist - Debate Highlights,neither,left
222416,@TheVaushPit,2,Why Is Hasan Meat On The RNC Jumbotron?,neither,right
222513,@TheVaushPit,1,Taylor Lorenz Please Put Down Your Phone. This Hate Is Not You.,neither,right
222598,@TheVaushPit,1,palantir is actually getting your a**hole data btw,neither,left
222677,@TheVaushPit,1,Emma Vigeland GOES OFF On CNN,left,neither
222683,@TheVaushPit,1,Mamdani Is Already Making BIG Moves,left,neither
222721,@TheVaushPit,1,The Enemy Was Always Liberalism,left,right
222791,@TheVaushPit,2,This Is Why You Can't Trust Mainstream Media,right,neither
222846,@HasanReactionsfanTwo,1,Tim Pool VS 20 Liberals | Hasanabi Reacts to Jubilee,neither,left
222920,@HasanReactionsfanTwo,2,Centrists Threaten to LEAVE THE PARTY After Mamdani's NY Sweep | Hasanabi Reacts,left,neither
222948,@HasanReactionsfanTwo,1,"Exposing The Most CORRUPT Cops ($200,000 Lego Heist) | Hasanabi Reacts to Reckless Ben",neither,left
222990,@HasanReactionsfanTwo,2,Conspiracy Theories Around Trump's Shooter Are INSANE | Hasanabi Reacts,neither,left
223072,@HasanReactionsfanTwo,2,Hasan Gets VINDICATED By DNC Polling | Hasanabi Reacts,neither,left
223097,@HasanReactionsfanTwo,1,Yanis Varoufakis Visits Hasan | Hasanabi Reacts,neither,left
223139,@HasanReactionsfanTwo,2,The Truth About the Male Loneliness Epidemic | Hasanabi Reacts to Ben Hoerman,neither,left
223159,@HasanabiClips,2,WHY IS EVERYONE SCARED OF HASAN PIKER? React,neither,left
223161,@HasanabiClips,2,Kars4Kids Situations is UNHINGED  HasanAbi Reacts,neither,left
223189,@HasanabiClips,1,“TOTAL DISASTER” — HasanAbi Loses It Over Mamdani’s UNHINGED NBC News Interview,neither,right
223190,@HasanabiClips,2,ContraPoints Drops the Mask… | HasanAbi Reacts,neither,left
223234,@HasanabiClips,1,COMPLETE BLOCKADE  Trump drops BOMBSHELL move in Hormuz crisis  HasanAbi Reacts,neither,left
223393,@HasanabiClips,1,What does 'help' in Strait of Hormuz look like  Hasanabi Reacts,left,neither
223587,@HasanabiClips,2,Hasanabi Reacts   AG Pam Bondi Clashes With Lawmakers Over Epstein File Redactions,neither,left
223671,@YaBoiHakim,1,The American Tienanmen Square Incident,left,neither
223676,@YaBoiHakim,1,The Tiananmen Square Massacre ***** Happened (FAMILY FRIENDLY YT-CENSOR APPROVED VERSION),left,neither
223678,@YaBoiHakim,1,"Venezuela's Nicolas Maduro Has Been Abducted, Now What?",left,neither
223754,@BadEmpanadaLive,2,PragerU Is DEAD,neither,left
223770,@BadEmpanadaLive,2,Man Stalks Me To Defend Hasan Piker,right,neither
223776,@BadEmpanadaLive,1,"Zionist Brad Lander Wins, 'Anti-Zionists' Celebrate",left,neither
223781,@BadEmpanadaLive,1,The Cuban Revolution is Over - Reforms Signal Total Destruction of Socialist System,left,neither
223792,@BadEmpanadaLive,1,Jacobin's Racist Chris Smalls Hit Piece,left,neither
223830,@BadEmpanadaLive,1,"North Korea Got Nukes, Now They're Thriving",left,neither
223831,@BadEmpanadaLive,2,I Am Now Anti-Ukraine,neither,right
223835,@BadEmpanadaLive,2,Why Acknowledging Jewish Supremacism Makes Them Squirm,neither,right
223862,@BadEmpanadaLive,2,"Iran SHOOTS DOWN U.S. Planes, Pilot HUNTED, Epstein Regime in TATTERS",left,neither
223874,@BadEmpanadaLive,2,"""I Legally Must Stay in 5 Star Hotels"" - Influencers Overshadow Cuba Convoy With Ridiculous Lies",neither,left
223916,@BadEmpanadaLive,2,Palestine Action ACQUITTED of Attacking Arms Company,neither,left
223981,@Lunaoi,1,The Theories That Led to Marxism - Marxist Theory 101,left,neither
224002,@revleftradio,1,"Nonviolence is violence, too Part 2—We're all in the gunk",left,neither
224006,@revleftradio,1,The Worldwide Family of Militant Women,left,neither
224007,@revleftradio,1,"Breaking the Spell: Patriarchy, Dismemberment, and Pure Awareness",left,neither
224024,@revleftradio,1,Chinese Characteristics of Socialism: Civilizational Factors in CPC Governance,left,neither
224036,@franifio,1,Jeffries Is Gonna Get Us Killed,neither,right
224042,@franifio,1,What Is Jasmine Crockett Doing???,neither,right
224047,@franifio,2,Dolly Parton Was An Ally,left,neither
224055,@franifio,2,The Ellisons Are Killing Hollywood,neither,left
224071,@franifio,2,Zohran Is Really Trying To Arrest Netanyahu,neither,right
224111,@franifio,1,Tucker’s Dangerous Stance On Israel w/Peter Beinart,neither,left
224161,@franifio,2,China Lowkey Disses Trump To His Face,neither,left
224167,@franifio,2,Can We Trust RFK Jr. On Hantavirus?,neither,left
224211,@franifio,2,BONUS PREVIEW: LIVE IN LOS ANGELES W/EMMA VIGELAND,neither,left
224220,@franifio,2,Celebrities Show Cowardly Colors At The Oscars,neither,right
224311,@franifio,2,We Can’t Let Zohran Become Obama,neither,right
224405,@BreakThroughNews,2,Cuba Is Rationing Chemo While the World Looks Away,left,neither
224453,@BreakThroughNews,1,Rania Khalek: Lebanon’s Gov’t Just Declared War On Its Own People,neither,left
224517,@BreakThroughNews,2,Was France Behind the Coup Attempt in Mali? w/ David Hundeyin,left,neither
224522,@BreakThroughNews,2,Why Won’t Lebanon’s Government Confront Israeli Attacks?,neither,left
224546,@BreakThroughNews,2,How the Iran War Could Tank the US Economy,left,neither
224554,@BreakThroughNews,1,Iran Will Not Surrender: How the US Miscalculated Tehran,left,neither
224607,@BreakThroughNews,2,Report from Caracas After the Bombs: Venezuelans Denounce Maduro’s ‘Kidnapping’,left,neither
224747,@JamarlThomas,1,"""They Want You as Digital Serfs"" Exposing The Trillion Dollar AI Ponzi Scheme | Carl Zha",neither,left
224766,@JamarlThomas,1,The US Kicked China Out Of Space - Now China Is Winning The Moon Race | Carl Zha,left,neither
224817,@JamarlThomas,1,Netanyahu's Plans Unravel | Laith Marouf,left,neither
224861,@JamarlThomas,2,Jeff Rich | Is China's Timidity In Face Of US Aggression A Mistake?,left,neither
225171,@NickCruseRBN,1,Roasting AOC at Green Party Summit,left,right
225172,@NickCruseRBN,1,Democrats Threaten to Kill Iran Peace Deal!,left,right
225173,@NickCruseRBN,1,Graham Platner is a NATO Leftist!,left,right
225176,@NickCruseRBN,1,HONDURASGATE: Leaked Audio Reveals Zionist Plot to Destabilize South America!,left,neither
225177,@NickCruseRBN,1,UK Kier Starmer BLAMES IRAN For His Own Crime Problem!,left,right
225179,@NickCruseRBN,1,Progressive Democrats Swear Loyalty to NATO. United States Left is PRO WAR,right,neither
225180,@NickCruseRBN,1,The Roast of Javier Milei. Zionist Takeover of Argentina. Issac Accords Explained,left,neither
225184,@NickCruseRBN,1,"NATO Left Rally To Save the Democratic Party! Ft Vaush, Hasan Piker, Kystal Ball and More Cringe",right,neither
225298,@Forthepeoplepodcast305,2,Israel Creates NGO To Conduct Psyops In The US,neither,left
225305,@Forthepeoplepodcast305,2,Bari Weiss Buries 60 Minute Interview Exposing Epstein’s Financial Empire ,neither,left
225342,@Forthepeoplepodcast305,2,Thomas Massie Vs  Everybody + Zionists Descend On KY-4 To Take Down Massie,right,neither
225345,@Forthepeoplepodcast305,1,Trump vs General Kane  The Nuclear Showdown They Don't Want You To Know About,neither,right
225356,@Forthepeoplepodcast305,1,Ballroom Funding Denial Becomes the New Shooting Conspiracy,neither,left
225369,@Forthepeoplepodcast305,2,Druski ROASTS Erika Kirk,left,neither
225375,@Forthepeoplepodcast305,2,The WORST False Flag Psyop in History!,neither,right
225378,@Forthepeoplepodcast305,2,New Operation Mockingbird Propaganda Just Dropped!,neither,right
225466,@RonPlacone,2,"Progressives Win In MI, Lose in MO/US Has No Work/Life Balance, Obvious Studies Reveal",neither,left
225479,@RonPlacone,2,Leftist ICE Protester Sentenced to 30 Years??/Trump Nixes Housing Bill,left,right
225481,@RonPlacone,2,Strait of Hormuz to Reopen/RFK to Take Over Special Education??,left,neither
225496,@RonPlacone,2,"Breaking Down The Inside/Outside Approach, Importance of Local Politics, Madinah Wilson-Anton - 137",neither,left
225515,@RonPlacone,2,"Getting US Citizenship In Trump's America, Finding the Intersection of Comedy and Science - Matt ...",left,neither
225559,@katmabu,1,Kat Legalizes Comedy | Kat Abughazaleh For Illinois,neither,left
225560,@katmabu,1,We Tied in the Polls… Then An Influencer Smear Campaign Started | Kat Abughazaleh For Illinois,neither,left
225566,@katmabu,1,Another Forever War Just Got the Green Light | Kat Abughazaleh For Illinois,neither,left
225577,@katmabu,1,Indicted for Speaking Out. Invited Back to Speak Louder. | Kat Abughazaleh For Illinois,neither,left
225581,@katmabu,1,This Was Supposed to Be Hate Mail | Kat Abughazaleh For Illinois,neither,left
225582,@katmabu,1,I Answered Your Spiciest Questions While Eating 32 Hot Sauces | Kat Abughazaleh For Illinois,neither,left
225603,@evanjmez,1,Gavin Newsom is UNFIT for this moment,neither,right
225703,@Politicon,1,381: Not a Time For A Vanity Vote with Denise Powell | Politics War Room with James Carville &...,left,neither
225876,@Politicon,2,How a Bad Warrant May Have Just Changed Election Integrity Forever - #SistersInLaw Podcast,neither,left
226024,@Politicon,2,278: Is ICE Melting?,neither,left
226106,@ColeHastings,1,Gen Z's Morality Crisis,neither,right
226126,@ColeHastings,1,Why Gen Z Abandoned Morals For Money,neither,right
226176,@ModernDayDebate,1,NEW @Destiny  Vs 5 | Is Trump Weaponizing the Law Unlike Any Other President?,neither,left
226313,@OwenReport,2,Owen Shroyer EXPLODES on Mark Levin,neither,right
226315,@OwenReport,2,Trump Continues To Put America Last,right,left
226337,@OwenReport,2,AIPAC Preparing To Spend MASSIVE Sum On Midterm Election,neither,left
226411,@OwenReport,2,Israel First Faction That Took Over MAGA Now Disavowing Trump Over Peace With Iran,right,left
226415,@OwenReport,2,The Great MAGA-America First Divide. Shannon Joy x Owen Shroyer Interview,neither,right
226577,@OwenReport,1,Thomas Massie Is Courageously Fighting To Expose The Epstein Class,neither,right
226581,@OwenReport,2,Cartel Takeover: Mexico on Fire as Cartel Takes Control Of Puerto Vallarta,right,neither
226624,@OwenReport,2,Freedom of Speech UNDER FIRE Due To Criticism of ISRAEL w/SNEAKO,right,left
226630,@OwenReport,2,Pam Bondi is a SLAVE to Israeli MEGADONORS like Miriam Adelson,right,neither
226648,@OwenReport,2,Venezuelan REGIME CHANGE Not Going As Planned,neither,left
226934,@JillianMichaels,1,He Investigated WIKIPEDIA For Years—What He Found is TERRIFYING,right,neither
227025,@JillianMichaels,2,The Ideology That Terrified World Leaders Into Banning Marx,neither,left
227162,@JillianMichaels,1,"THESE CAREERS ARE OVER - LATEST ON Ilhan, Newsom, Noem, and Bondi!",neither,right
227206,@JillianMichaels,1,What Islamic Writings Say About the West,neither,right
227299,@JillianMichaels,2,Conservative Rapper Tom MacDonald on Subliminal Messaging in the Media,neither,right
227301,@JillianMichaels,1,TOM MACDONALD: The Rise of the Woke RIGHT,right,neither
239205,@ANINewsIndia,2,MUST WATCH: U.S. releases chilling footage of American missiles launching at ISIS targets in Syria,right,neither
247342,@nousnetwork,2,From Hate Speech to Mob Lynching: How Does Violence Spread? | Dayashankar Mishra,left,neither
247355,@nousnetwork,1,Who Really Fought for India’s Freedom?,left,neither
247464,@nousnetwork,2,Trailer: When Dissent Becomes A Crime,left,neither
247472,@nousnetwork,2,Non-Violence vs Politics of Hate: Does Gandhi Still Matter?,left,neither
247473,@nousnetwork,2,"SIR Explained: Law, Citizenship & Exclusion | Adv. Fawaz Shaheen",left,neither
247476,@nousnetwork,2,Uttarakhand UCC Imposes Hindu Code on Other Communities — Maulana Khalid Saifullah Rahmani,left,neither
247485,@bushrakhanum,1,From Hate Speech to Mob Lynching: How Does Violence Spread? | Dayashankar Mishra,left,neither
247488,@bushrakhanum,1,Muslim's Dignity Will Be Restored Before 2029? I Raju Parulekar,left,neither
247489,@bushrakhanum,1,Can Protest Reclaim India’s Democracy? Raju Parulekar,left,neither
247497,@bushrakhanum,1,Trump Can't Force Iran to the Negotiating Table,left,neither
247536,@theGuardian,1,'Israel is promised only to the Jewish people' | In search of Palestine: episode 2,neither,left
247538,@theGuardian,1,"'In Israel's eyes, we are terrorists' | In search of Palestine: episode 1",neither,left
247553,@CoreyGilShusterAskProject,1,Palestinians: Before Israel what country was here?,neither,right
247557,@CoreyGilShusterAskProject,2,Arab Israelis: What do you think about young people in America chanting “globalize the intifada”?,neither,right
247559,@CoreyGilShusterAskProject,2,Palestinians: If there's a two state solution would you vote for someone to destroy Israel?,neither,right
247560,@CoreyGilShusterAskProject,1,Israelis: What do you think about settler violence towards Palestinians?,neither,left
247564,@CoreyGilShusterAskProject,2,Israelis: Where are your grandparents from?,neither,left
247573,@CoreyGilShusterAskProject,1,Israelis: In the IDF were you taught about the Hannibal Directive?,neither,left
247578,@CoreyGilShusterAskProject,2,Palestinians: What do you think about taking civilians hostage?,neither,right
247581,@CoreyGilShusterAskProject,2,Palestinians: Do you have any LGBTQ friends?,neither,right
247594,@CoreyGilShusterAskProject,1,Israelis: What would happen to someone who sold their apartment to an Arab?,neither,left
247605,@ajplus,2,Israeli Navy Intercepted The Flotilla – Then Came Torture Claims,left,neither
247606,@ajplus,2,"It's Bisan From Gaza, Here's How We Get Water",neither,left
247615,@ajplus,2,Colonial Wars Played On The Pitch,left,neither
247617,@ajplus,2,"It's Bisan From Gaza, And This Isn't The World Cup",neither,left
247620,@ajplus,2,Why The U.S. Is Afraid of Iran,left,neither
247621,@ajplus,2,The U.S. Should NOT Host The World Cup,left,neither
247622,@ajplus,1,This Rebel U.S. Journalist Confronts Power,left,neither
247624,@ajplus,2,Israeli Military Medics Are Training On Dead Americans,left,neither
247628,@ajplus,2,This Is Where South Africa Dumps Its Poor,left,neither
247634,@ajplus,2,Searching for White Genocide in South Africa,left,right
247642,@ajplus,1,The British Called Her A Terrorist: Former IRA Member Speaks Out,left,neither
247647,@ajplus,2,What Happens When U.S. Regime Changes Go Wrong,left,neither
247649,@ajplus,2,Why Italians Are So Angry At Israel,left,neither
247727,@OfficialSaharTV,2,"Tommy Robinson: ""I Told You Something Was Coming & Now It's Here...""",right,neither
248069,@OfficialSaharTV,2,This Is A Total Disaster For Keir Starmer...,right,neither
248388,@OfficialSaharTV,2,WATCH The Moment This Student Realizes He's A Zionist (He Couldn't Believe It!),right,left
248485,@OfficialSaharTV,2,"IRGC Thought They Took Over Protesters, Then Iranians BURN DOWN Biggest Mosque!",right,neither
248537,@OfficialSaharTV,2,"A Massive Crisis is Happening Right Now in Israel, Here's How You Can Help...",right,neither
251490,@SkyNews,2,Video shows ICE shooting victim in clash with agents a week before his death,neither,left
254246,@NYTOpinion,1,How the U.S. Open Priced Out Real Tennis Fans,left,neither
254459,@NYTPodcasts,2,"Trump’s Controversial Pick to Oversee U.S. Intelligence, and a Surge in Preventable Diseases",left,neither
254665,@NYTPodcasts,1,"The New Way Trump Allies Are Offering Access to the President, and the Flood of U.S. Ammo to Mexi...",neither,left
254770,@EzraKleinShow,2,The Miracles (and Maddening Politics) of the Clean Energy Revolution | The Ezra Klein Show,left,neither
254779,@EzraKleinShow,1,This is How Democrats Could Retake the Senate | The Ezra Klein Show,neither,left
254787,@EzraKleinShow,2,Why Are Palantir and OpenAI Scared of Alex Bores? | The Ezra Klein Show,left,neither
254810,@EzraKleinShow,2,Has Trump Achieved a Lot Less Than It Seems? | The Ezra Klein Show,left,neither
255418,@timesofindia,2,‘HEGSETH LOSES HIS ARMY CHIEF!’: Dan Driscoll QUITS After Pentagon Feud Over Iran War; Trump Shocked,neither,left
256403,@timesofindia,2,"'FEAR OF CHINA!':  Xi Forced Trump To Halt Iran War, Back Away From Gulf States?  Bombshell Reveal",neither,left
259315,@timesofindia,1,US Diplomats Flee Kyiv After Putin's Warning? Trump Refuses To Condemn Russia's Ukraine Capital Plan,left,neither
263227,@timesofindia,2,US’ Portland ‘BURNS’ As Thousands Demand ICE Exit; Revolt Against Trump’s Agents Explodes | Watch,neither,left
264498,@timesofindia,2,US Military To Attack Own Ally Denmark? Panic In Europe As Trump Declares 'GREENLAND IS OURS',left,neither
271063,@Firstpost,1,MAGA Rep Brandon Gill Under Fire for Excluding Indian-Origin Wife From Ad | Firstpost America | N18G,left,neither
277751,@Firstpost,2,"Trump Claims Only ""His Morals"" Can Stop Him, Not International Law | Vantage with Palki Sharma |N18G",left,neither
289199,@chinainsights-r2w,2,A U.S. Cabinet Secretary Had Undisclosed CCP-Linked Titles I China Insights,right,neither
289256,@chinainsights-r2w,2,The Making of Anthony Fauci: How America’s Most Powerful Health Official Rose to Power,right,neither
289267,@chinainsights-r2w,1,From “Marco Robot” to Secretary of State: The Remarkable Comeback of Marco Rubio I China Insights,right,neither
289341,@chinainsights-r2w,2,Will 2026 be the year Xi Jinping’s Chinese Dream collapses? 3 key CCP weak spots,neither,right
292632,@TimesNowWorld,2,"WATCH: 'Stop funding it', Furious MEPs Demand Complete Sanctions on Israel Trade",neither,left
294096,@TimesNowWorld,1,PUTIN SLAMS GLOBALIST ELITES: Claims NATO Deception & Western Deceit Provoked Ukraine Conflict!,neither,right
294623,@TimesNowWorld,2,"WATCH: Iran Trolls Trump, Vance and Hegseth With Viral AI Minion Propaganda On Nuclear Hunt!",neither,left
295139,@TimesNowWorld,2,"WATCH: Hundreds March in The Hague Against Military Spending, Protesters Warn of 'War Economy'",neither,left
295961,@TimesNowWorld,2,‘War Does Not Bring Freedom’: Thousands Rally at Brussels Women’s Day Protest Against War,neither,left
296242,@TimesNowWorld,1,“STOP THE BOMBS!”: Thousands Protest at White House After US-Israel Strike on Iran,neither,left
297579,@TimesNowWorld,2,ENERGY REBELLION IN EU: Serbia Defends Russian-linked Energy Routes Despite EU Pressure,neither,right
297666,@TimesNowWorld,1,"NATO HUMILIATED: Trump Mocks GREENLAND Defence, Warns US Will Take Over! | Times Now World",neither,right
297944,@TimesNowWorld,2,ZELENSKY’S DESPERATION EXPOSED: Peace Talks Highlight Kyiv’s Dependence On Foreign Powers,neither,right
298204,@TimesNowWorld,2,"France Rejects Macron’s War First Spending, Parliament Battles Macron War Budget!",neither,left
303806,@johnnyharris,1,"China’s Dirty Money Problem, Explained",neither,right
303810,@johnnyharris,1,The Internet Didn't Fail. It Was Taken.,left,neither
303817,https://rumble.com/c/GGreenwald,2,This Is Why Israel Is Misleading Trump with DECEITFUL MOSSAD INTEL,neither,right
303823,https://rumble.com/c/GGreenwald,1,Mitch McConnell: The Latest Example of Our Decrepit Elite,left,neither
303828,https://rumble.com/c/GGreenwald,1,Dan Goldman Cries to CNN: Only SLURS Against Jews Go Unpunished!,left,right
303830,https://rumble.com/c/GGreenwald,2,Melat Kiros' 9/11 Answer Is RATIONAL — Why the Attacks?,left,neither
303832,https://rumble.com/c/GGreenwald,2,"Tucker Carlson APOLOGIZES for Demonizing Muslims: ""I was HYSTERICAL. I believed that.""",neither,left
303835,https://rumble.com/c/GGreenwald,2,Hasan Piker & Cenk Uygur BANNED from the UK — Can You Guess Why?,neither,right
303836,https://rumble.com/c/GGreenwald,1,John Bolton Wanted Leakers EXECUTED. So What About Him?,left,neither
303853,https://rumble.com/c/GGreenwald,2,The US and Israel Are Not Winning the War,left,neither
303859,https://rumble.com/c/GGreenwald,2,Glenn GRILLS Former IDF Spokesman in Piers Morgan Debate,left,neither
303865,https://rumble.com/c/GGreenwald,2,"Forced TikTok Sale—and Rising Censorship—Is for Israel, Not China | SYSTEM UPDATE #571",left,neither
304062,https://rumble.com/c/russellbrand,2,They Want You to Forget Who Built This Country.,right,neither
304099,https://rumble.com/c/russellbrand,2,Restore Britain Emerges as the Epstein Saga Deepens — SF684,neither,right
304131,https://rumble.com/c/russellbrand,2,Trump Just Called THIS Out LIVE on AIR,right,neither
304589,https://rumble.com/c/BannonsWarRoom,2,"TEJ GILL: New Study Finds That Men Who Drink More Coffee Show Higher Testosterone Levels. Go to warpath.coffee and use code ""WARROOM"" for 15% off storewide!",neither,right
305193,https://rumble.com/c/BannonsWarRoom,1,"SIEGEMUND: On July 22 In LA, AFA Is Celebrating The 250th Anniversary Of Our Nation's Founding! Go To americanfreedomalliance.org To Get Tickets And Learn More!",neither,right
305470,https://rumble.com/c/BannonsWarRoom,1,"Bannon: Pete’s up there with $70 billion. Look, the biggest national security problem we’ve got right now—except for probably AI running wild and destroying all of us—is the national debt.",right,neither
305969,https://rumble.com/c/BannonsWarRoom,2,"ELECTION INTEGRITY CALL HOSTED BY STEVE STERN - WED, MAY 27 @2PM EST",neither,right
306404,https://rumble.com/c/BannonsWarRoom,2,Rep. Keith Self Breaks Down How EPIC City Will Move Forward After A Texas Court Ruling On The Proposed Muslim City,neither,right
307197,https://rumble.com/c/BannonsWarRoom,2,"NOEL FRITSCH: A Survey Last May Found That 57% Of Republican Primary Voters In South Carolina Said They Would Not Vote For Lindsey Graham. For A Longtime Incumbent, That Is A Brutal Number And A Sign That Folks Are Simply Done With Him",neither,right
307285,https://rumble.com/c/BannonsWarRoom,2,"ERIC BOLLING: The Oil Markets Believe Prices Will Remain Elevated Because We're Not Fixing The Problem. If You Leave The Iranians The Ability To Rebuild, You're Going To Have Another Problem Down The Road",neither,right
307946,https://rumble.com/c/BannonsWarRoom,2,Brian Glenn and Steve Bannon on Bibi Netanyahu's Second Unusual Arrival to the White House,neither,right
308666,https://rumble.com/c/BannonsWarRoom,2,Episode 5051: What Comes Next For Venezuela; Remembering J6 Five Years Later,neither,right
308771,https://rumble.com/c/nickjfuentes,2,Zionist SHILL John Fetterman Speaks at the RNC,right,left
308809,https://rumble.com/c/nickjfuentes,1,Tucker Carlson Unveils His 10-Point Slopulist Plan,left,neither
308830,https://rumble.com/c/nickjfuentes,2,Zohran Mamdani CHICKENS OUT on Arresting Netanyahu,neither,left
308835,https://rumble.com/c/nickjfuentes,2,Vance DODGES the Israel Question in Joe Rogan Interview,neither,left
308860,https://rumble.com/c/nickjfuentes,2,Trump Appointed Judges UPHOLD Birthright Citizenship,neither,left
308862,https://rumble.com/c/nickjfuentes,2,A MAJOR WIN on Immigration?,right,neither
308945,https://rumble.com/c/nickjfuentes,1,I Don't Care About the Trump Assassination Attempt,left,neither
308996,https://rumble.com/c/nickjfuentes,2,Marine Veteran ASSAULTED For Opposing Iran War,neither,left
309015,https://rumble.com/c/nickjfuentes,2,"Trump's ""Religious Liberty Commission"" FIRES Catholic for Criticizing Israel",neither,left
309055,https://rumble.com/c/nickjfuentes,2,Jewish Zionists Take Over TikTok,right,neither
309059,https://rumble.com/c/nickjfuentes,2,Trump CHICKENS OUT of Greenland Deal,neither,left
309102,https://rumble.com/c/TheAlexJonesShowLive,2,🛰️DEEP-DIVE BREAKDOWN: A Permanent Transhumanist 'Information Skin' Is Enveloping The World!,neither,right
309144,https://rumble.com/c/TheAlexJonesShowLive,1,UPDATE: Former Pro-Baller 'Roysha' White Breaks Latest On Historic Fight To Compete In WNBA!,right,neither
309395,https://rumble.com/c/TheAlexJonesShowLive,2,Alex Jones Discusses Israel's Control Of The US Military & The Iran War With Eric Bolling,neither,right
309457,https://rumble.com/c/TheAlexJonesShowLive,1,VIDEO: Israel Is Publicly Pledging to Sabotage US-Iran Peace Deal!,neither,left
309458,https://rumble.com/c/TheAlexJonesShowLive,1,The Supposed Terror Plot Targeting The White House / UFC Event Is A Totally Manufactured Fantasy,neither,left
309475,https://rumble.com/c/TheAlexJonesShowLive,2,Learn Why Christian Zionists Are Promoting The Rebuilding Of The 3rd Temple In Jerusalem,neither,left
309480,https://rumble.com/c/TheAlexJonesShowLive,1,HAPPENING NOW: Northern Ireland Is In FULL REVOLT As Mass Demonstrations & Riots Go UK-Wide!,neither,right
