genre,titles,creator,group,nn1,nn2,nn3,nn4,nn5,nn1_group,nn2_group,nn3_group,nn4_group,nn5_group,nn1_dist,nn2_dist,nn3_dist,nn4_dist,nn5_dist
videos,all,@60minutes,neutral,@HasanAbiVODs3,@Forbes,@PiscoLitty,@Firstpost,@newdiscourses,left,neutral,left,neutral,right,3.765,3.902,4.078,4.134,4.374
videos,all,@ABCNews,neutral,@NBCNews,@CBSNews,@thegrayzone7996,@Reuters,@CNN,neutral,neutral,left,neutral,left,1.192,1.333,1.488,1.679,1.854
videos,all,@ANINewsIndia,neutral,@USATODAY,@AssociatedPress,@CBSNews,@SkyNews,@thehill,neutral,neutral,neutral,left,neutral,1.531,2.19,2.419,2.493,2.619
videos,all,@ActualJusticeWarrior,right,@SabbySabs,@TheYoungTurks,@RebelHQ,@FarronBalanced,@usefulidiots,left,left,left,left,left,2.117,2.164,2.4,2.404,2.407
videos,all,@AfterPartyEmily,right,@MegynKelly,https://rumble.com/c/GGreenwald,@cafedotcom,@FreshFitMiami,@VivaFrei,right,left,left,right,right,2.363,2.438,2.588,2.671,2.686
videos,all,@AlexStein99,right,@BenShapiro,@Styxhexenhammer666,@BadEmpanadaLive,@StevenCrowder,@destiny,right,right,left,right,left,1.432,1.455,1.558,1.583,1.591
videos,all,@AndWeKnowOfficial-o9b,right,https://rumble.com/c/BannonsWarRoom,@dollemore,@LegalAFMTN,@RonPlacone,@DrSteveTurleyTV,right,left,left,left,right,6.252,6.308,6.408,6.441,6.456
videos,all,@AndrewKlavan,right,@theisabelbrown,@nousnetwork,@thomhartmann,@TheAtlantic,@samharrisorg,right,left,left,left,left,1.266,1.557,1.634,1.638,1.663
videos,all,@AnthonyBrianLogan,right,@Forthepeoplepodcast305,@oann,@nypost,@thejimmydoreshow,@TheMichaelCohenShow,left,right,right,neutral,left,1.318,1.63,1.692,1.746,1.764
videos,all,@AsmonTV,right,https://rumble.com/c/russellbrand,@SydneyWatson,@ClipsCandaceOwens,@The_Crucible,@DestinyDGGClips,right,right,neutral,right,right,2.507,3.386,3.53,3.621,3.833
videos,all,@AssociatedPress,neutral,@CBSNews,@CNN,@Reuters,@USATODAY,@aljazeeraenglish,neutral,left,neutral,neutral,left,1.374,1.621,1.627,1.897,1.907
videos,all,@BBCNews,neutral,@SkyNews,@CNN,@aljazeeraenglish,@CBSNews,@AssociatedPress,left,left,left,neutral,neutral,1.416,1.81,1.924,1.987,2.085
videos,all,@BadEmpanadaLive,left,@TheYoungTurks,@destiny,@LegalEagle,@AlexStein99,@BenShapiro,left,left,left,right,right,1.278,1.457,1.549,1.558,1.585
videos,all,@BadFaithPodcast,left,@MegynKelly,@marclamonthillnetwork,@cafedotcom,@Semafor,@MichaelMaliceofficial,right,left,left,neutral,right,2.979,3.111,3.179,3.317,3.469
videos,all,@BelleRanch,left,@AsmonTV,https://rumble.com/c/russellbrand,@harryjsisson,@ClipsCandaceOwens,@TheRealTabithaSpeaks,right,right,left,neutral,left,13.352,13.515,13.698,13.802,13.984
videos,all,@BenShapiro,right,@StevenCrowder,@KimIversen,@RealDanBongino,@hutch,@AlexStein99,right,neutral,right,neutral,right,1.136,1.162,1.272,1.371,1.432
videos,all,@BlackConservativePerspective,right,@katiephangnews,@TheOfficerTatum,@MeidasTouch,@LegalAFMTN,@dollemore,left,right,left,left,left,2.244,2.687,2.897,3.219,3.613
videos,all,@BlazeTV,right,@winston_marshall,@TheBrianKilmeadeShow,@JillianMichaels,@VivaFrei,@TomiLahrenIsFearless,right,right,right,right,right,2.389,2.493,2.519,2.53,2.599
videos,all,@BreakThroughNews,left,@jimacosta,@zeteo,@HangOutwithSeanHannity,@DropSiteNews,@TomiLahrenIsFearless,left,left,right,left,right,1.847,1.923,1.931,2.02,2.031
videos,all,@BrittanyVenti,neutral,@XAVIAER,@The_Crucible,@GrahamAllen,@RealDanBongino,@LIVESNEAKO,right,right,right,right,neutral,1.685,1.772,1.876,1.929,1.93
videos,all,@CBSNews,neutral,@CNN,@ABCNews,@AssociatedPress,@NBCNews,@Reuters,left,neutral,neutral,neutral,neutral,1.199,1.333,1.374,1.411,1.545
videos,all,@CNN,left,@CBSNews,@SkyNews,@NBCNews,@AssociatedPress,@BBCNews,neutral,left,neutral,neutral,neutral,1.199,1.391,1.53,1.621,1.81
videos,all,@CamHigby,right,@Xanderhal,@DestinyDGGClips,@OfficialSaharTV,@RileyGaines,@ZubyMusic,left,right,right,right,right,1.187,1.381,1.521,1.612,1.647
videos,all,@CashJordan,right,@StatusCoup,@lonerboxlive,@PiscoLitty,@RealAmericasVoice,@ponderingpolitics,left,right,left,right,left,3.798,3.866,4.202,4.414,4.621
videos,all,@ChadPrather1,right,@JillianMichaels,@TheHumanistReport,@FreshFitMiami,@MarkDice,@morebridgetphetasy,right,left,right,right,right,1.447,1.612,1.652,1.686,1.709
videos,all,@ClipsCandaceOwens,neutral,https://rumble.com/c/russellbrand,@hutch,@XAVIAER,@BenShapiro,@MichaelKnowles,right,neutral,right,right,right,1.837,2.197,2.341,2.36,2.421
videos,all,@ClubRandomPodcast,neutral,@TheDonLemonShow,@OwenReport,@TheJoyReidShow,@TheMajorityReport,@DropSiteNews,left,left,left,left,left,1.502,1.53,1.55,1.642,1.735
videos,all,@ColemanHughesOfficial,right,@nousnetwork,@MrTariqNasheed,@judgingfreedom,@chriscuomo,@nationalreview,left,right,left,left,right,1.867,2.098,2.169,2.19,2.264
videos,all,@CoreyGilShusterAskProject,neutral,@TheEconomist,@moreperfectunion,@Vox,@TechCrunch,@theisabelbrown,left,left,left,neutral,right,4.354,4.932,5.033,5.402,5.42
videos,all,@DailyDenims,left,https://rumble.com/c/TheAlexJonesShowLive,@MichaelKnowles,@SMN,@FoxNews,@BlazeTV,right,right,left,right,right,2.75,2.82,3.275,3.315,3.36
videos,all,@DannyHaiphongYT,left,@TuckerCarlson,@JamarlThomas,@lovettorleaveitpodcast,@TheAdamCarollaShow1,@bulwarkmedia,neutral,left,left,right,left,4.266,4.576,5.008,5.25,5.264
videos,all,@DarkHorsePod,right,@TheJoyReidShow,@underthedesknews,@ClubRandomPodcast,@MichaelKnowles,@PragerU,left,left,neutral,right,right,1.796,1.936,1.953,1.968,1.98
videos,all,@DemocracyDocket,left,@clayandbuck,@TheJoyReidShow,@wethefifth,https://rumble.com/c/GGreenwald,@bulwarkmedia,right,left,neutral,left,left,1.608,1.687,1.827,1.909,1.92
videos,all,@DemocracyNow,left,@MLChristiansen,@rolandsmartin,@lonerboxlive,@timesofindia,@nypost,right,left,right,left,right,2.166,2.481,2.506,2.738,2.746
videos,all,@DestinyDGGClips,right,@CamHigby,@OfficialSaharTV,@MattWalsh,@glennbeck,@RileyGaines,right,right,right,right,right,1.381,1.457,1.801,1.829,1.877
videos,all,@DoubleDownNews,left,@DrSteveTurleyTV,@SecularTalk,@LegalAFMTN,@TheOfficerTatum,https://rumble.com/c/TheAlexJonesShowLive,right,left,left,right,right,2.775,2.89,3.313,3.347,3.48
videos,all,@DrSteveTurleyTV,right,@DoubleDownNews,@ChadPrather1,@JillianMichaels,@RubinReport,@glennbeck,left,right,right,right,right,2.775,3.208,3.385,3.39,3.399
videos,all,@DropSiteNews,left,@MichaelKnowles,@nypost,@NovaraMedia,@winston_marshall,@HangOutwithSeanHannity,right,right,left,right,right,1.087,1.568,1.572,1.586,1.595
videos,all,@DueDissidence,left,@breakingpoints,@dollemore,https://rumble.com/c/nickjfuentes,@LegalAFMTN,@RealAmericasVoice,left,left,right,left,right,1.342,1.572,1.794,1.93,2.034
videos,all,@DylanBurnsLIVE,left,@LegalEagle,@PartOfTheProblem,@Styxhexenhammer666,@ThePodcastoftheLotusEaters,@TheLincolnProject,left,right,right,right,left,1.535,1.658,1.7,1.734,1.867
videos,all,@EzraKleinShow,left,@TheAtlantic,@theisabelbrown,@LeejaMiller,@franifio,@chriscuomo,left,right,left,left,left,1.451,1.764,1.81,1.81,1.827
videos,all,@FarronBalanced,left,@SaltyCracker,@JesseKellyDC,@JackCocchiarellaShow,@NovaraMedia,@chicksonright,right,right,left,left,right,0.891,0.985,1.176,1.279,1.283
videos,all,@Firstpost,neutral,@PragerU,@thehill,@MegynKelly,@marclamonthillnetwork,@markets,right,neutral,right,left,neutral,2.958,3.028,3.279,3.293,3.307
videos,all,@FleccasTalks,right,@JacksonHinkleOfficial,https://rumble.com/c/nickjfuentes,@DueDissidence,@ponderingpolitics,@dineshdsouza,neutral,right,left,left,right,3.639,4.1,4.199,4.276,4.377
videos,all,@Forbes,neutral,@chinainsights-r2w,@NYTPodcasts,@wethefifth,@PragerU,@FreshFitMiami,neutral,left,neutral,right,right,2.794,2.868,2.877,2.946,3.077
videos,all,@Forthepeoplepodcast305,left,@chicksonright,@PTLRadioShow,@AnthonyBrianLogan,@podsaveamerica,@NovaraMedia,right,left,right,left,left,0.934,1.29,1.318,1.32,1.395
videos,all,@FoxNews,right,@FoxNewsChannelClips,@msnow,@NBCNews,@thedavidpakmanshow,@RebelNewsOnline,right,left,neutral,left,right,1.537,2.632,2.658,2.804,2.811
videos,all,@FoxNewsChannelClips,right,@FoxNews,@msnow,@NBCNews,@SkyNews,@CNN,right,left,neutral,left,left,1.537,2.008,2.579,2.613,2.722
videos,all,@FreshFitMiami,right,@ChadPrather1,@TheHumanistReport,@StosselTV,https://rumble.com/c/GGreenwald,@HasanabiClips,right,left,right,left,left,1.652,1.885,2.032,2.112,2.298
videos,all,@GeopoliticalEconomyReport,left,@thedavidpakmanshow,@UnHerd,@Vox,@BBCNews,@RebelNewsOnline,left,left,left,neutral,right,2.881,2.918,3.005,3.263,3.324
videos,all,@GlennKirschner2,left,@JesseKellyDC,@OwenReport,@nypost,@Forthepeoplepodcast305,@GrahamAllen,right,left,right,left,right,1.433,1.444,1.498,1.517,1.549
videos,all,@GrahamAllen,right,@SaltyCracker,@chicksonright,@Forthepeoplepodcast305,@GlennKirschner2,@JesseKellyDC,right,right,left,left,right,1.271,1.387,1.416,1.549,1.616
videos,all,@HangOutwithSeanHannity,right,@TomiLahrenIsFearless,@DropSiteNews,@RileyGaines,@MichaelKnowles,@BreakThroughNews,right,left,right,right,left,1.212,1.595,1.635,1.781,1.931
videos,all,@HasanAbi,left,@Vaush,@TheVaushPit,@TimcastNews,@JustPearlyThings,@dineshdsouza,left,left,right,right,right,1.521,2.19,2.209,2.364,2.391
videos,all,@HasanAbiVODs3,left,@60minutes,@Firstpost,@Forbes,@chinainsights-r2w,@PiscoLitty,neutral,neutral,neutral,neutral,left,3.765,4.555,5.241,5.549,5.688
videos,all,@HasanReactionsfanTwo,left,@PTLRadioShow,@Forthepeoplepodcast305,@TheMajorityReport,@oann,@TheAdamCarollaShow1,left,left,left,right,right,1.401,1.788,1.789,1.793,1.847
videos,all,@HasanabiClips,left,@TheMichaelCohenShow,@PTLRadioShow,@MyronGainesX,@dollemore,@chicksonright,left,left,right,left,right,1.906,1.933,1.937,1.945,1.982
videos,all,@JackCocchiarellaShow,left,@SaltyCracker,@FarronBalanced,@chicksonright,@RebelHQ,@PTLRadioShow,right,left,right,left,left,1.103,1.176,1.332,1.372,1.495
videos,all,@JacksonHinkleOfficial,neutral,@TimcastNews,@TheQuartering,@Timcast,@HasanAbi,@deanwithrs,right,right,right,left,left,2.366,2.403,3.196,3.285,3.461
videos,all,@JamarlThomas,left,@bulwarkmedia,@fastpoliticspodcast,@BreakThroughNews,@TheAdamCarollaShow1,@TomiLahrenIsFearless,left,left,left,right,right,2.074,2.166,2.461,2.71,2.716
videos,all,@JesseKellyDC,right,@FarronBalanced,@OwenReport,@NovaraMedia,@GlennKirschner2,@TheMajorityReport,left,left,left,left,left,0.985,1.098,1.428,1.433,1.455
videos,all,@JillianMichaels,right,@SMN,@glennbeck,@ChadPrather1,@winston_marshall,@morebridgetphetasy,left,right,right,right,right,1.217,1.423,1.447,1.572,1.593
videos,all,@JustPearlyThings,right,@hutch,@BenShapiro,@TheVaushPit,@KimIversen,@destiny,neutral,right,left,neutral,left,1.22,1.493,1.541,1.556,1.585
videos,all,@KimIversen,neutral,@BenShapiro,@StevenCrowder,@RileyGaines,@TheAmalaEkpunobi,@bbrettcooper,right,right,right,right,right,1.162,1.217,1.238,1.425,1.429
videos,all,@LIVESNEAKO,neutral,@TheMajorityReport,@NovaraMedia,@destiny,@XAVIAER,@TheLincolnProject,left,left,left,right,left,1.044,1.33,1.391,1.483,1.521
videos,all,@LeejaMiller,left,@theisabelbrown,@ajplus,@TheAtlantic,@thomhartmann,@AndrewKlavan,right,left,left,left,right,1.186,1.396,1.402,1.657,1.751
videos,all,@LegalAFMTN,left,@TheOfficerTatum,@dollemore,@MeidasTouch,@DueDissidence,@deanwithrs,right,left,left,left,left,1.356,1.833,1.866,1.93,1.981
videos,all,@LegalEagle,left,@DylanBurnsLIVE,@BadEmpanadaLive,@FarronBalanced,@JesseKellyDC,@destiny,left,left,left,right,left,1.535,1.549,1.675,1.682,1.685
videos,all,@LeverNews,left,@BreakThroughNews,@jimacosta,@bulwarkmedia,@JamarlThomas,@fastpoliticspodcast,left,left,left,left,left,2.507,2.587,2.646,2.736,2.925
videos,all,@LiberalHivemind,right,@DestinyDGGClips,https://rumble.com/c/russellbrand,@TheVaushPit,@CamHigby,@morebridgetphetasy,right,right,left,right,right,2.119,2.276,2.297,2.319,2.426
videos,all,@LukeBeasley,left,@SecularTalk,https://rumble.com/c/TheAlexJonesShowLive,@LegalAFMTN,@harryjsisson,@deanwithrs,left,right,left,left,left,2.965,3.218,3.475,3.531,3.579
videos,all,@MLChristiansen,right,@nypost,@oann,@rolandsmartin,@clayandbuck,@RealAmericasVoice,right,right,left,right,right,1.149,1.622,1.651,1.699,1.879
videos,all,@MarkDice,right,@glennbeck,@ChadPrather1,@morebridgetphetasy,@JillianMichaels,@Tim_Black,right,right,right,right,right,1.506,1.686,1.811,1.895,2.012
videos,all,@MattWalsh,right,@glennbeck,@DestinyDGGClips,@ZubyMusic,@JillianMichaels,@CamHigby,right,right,right,right,right,1.268,1.801,2.006,2.008,2.078
videos,all,@MegynKelly,right,@cafedotcom,@VivaFrei,@marclamonthillnetwork,@PragerU,https://rumble.com/c/GGreenwald,left,right,left,right,left,1.791,1.952,2.041,2.053,2.166
videos,all,@MeidasTouch,left,@TheOfficerTatum,@LegalAFMTN,@deanwithrs,@adammockler,https://rumble.com/c/nickjfuentes,right,left,left,left,right,1.813,1.866,2.061,2.361,2.376
videos,all,@MichaelKnowles,right,@DropSiteNews,@NovaraMedia,@XAVIAER,@podsaveamerica,@TheMajorityReport,left,left,right,left,left,1.087,1.429,1.472,1.686,1.697
videos,all,@MichaelMaliceofficial,right,@MegynKelly,@PragerU,@RealAlexClark,@oann,@DarkHorsePod,right,right,right,right,right,2.362,2.568,2.684,2.83,2.899
videos,all,@MikeFromPA,left,@JillianMichaels,@fightbackpodcast,@deanwithrs,@RestPoliticsUS,@TheMichaelCohenShow,right,right,left,left,left,2.265,2.354,2.443,2.54,2.604
videos,all,@MrTariqNasheed,right,@thomhartmann,@theisabelbrown,@RileyGaines,@ZubyMusic,@XAVIAER,left,right,right,right,right,1.279,1.535,1.609,1.637,1.663
videos,all,@MyronGainesX,right,@thejimmydoreshow,@chicksonright,@Forthepeoplepodcast305,@PTLRadioShow,@fightbackpodcast,neutral,right,left,left,right,1.336,1.538,1.582,1.649,1.651
videos,all,@NBCNews,neutral,@ABCNews,@CBSNews,@CNN,@RebelNewsOnline,@Reuters,neutral,neutral,left,right,neutral,1.192,1.411,1.53,1.624,1.761
videos,all,@NPR,left,@TechCrunch,@ANINewsIndia,@SkyNews,@USATODAY,@AssociatedPress,neutral,neutral,left,neutral,neutral,2.517,2.714,2.923,3.008,3.038
videos,all,@NYTPodcasts,left,@TheJoyReidShow,@lizwheeler,@hutch,@samharrisorg,@RealDanBongino,left,right,neutral,left,right,1.729,1.735,1.766,1.865,1.87
videos,all,@NewsNation,neutral,@thehill,@NBCNews,@NewsmaxTV,@CBSNews,@USATODAY,neutral,neutral,right,neutral,neutral,1.787,2.195,2.23,2.279,2.332
videos,all,@NewsmaxTV,right,@NewsNation,@msnow,@thehill,@FoxNews,@FoxNewsChannelClips,neutral,left,neutral,right,right,2.23,2.77,2.785,3.074,3.11
videos,all,@NovaraMedia,left,@TheMajorityReport,@TheYoungTurks,@FarronBalanced,@OwenReport,@LIVESNEAKO,left,left,left,left,neutral,1.088,1.153,1.279,1.299,1.33
videos,all,@OfficialSaharTV,right,@DestinyDGGClips,@CamHigby,@RubinReport,@chicksonright,@Xanderhal,right,right,right,right,left,1.457,1.521,1.556,1.946,1.956
videos,all,@OutKick,right,@RubinReport,@clayandbuck,@TheDonLemonShow,@OwenReport,@X22Report-y5y,right,right,left,left,right,2.013,2.02,2.087,2.107,2.139
videos,all,@OwenJonesTalks,left,@TheYoungTurks,@NovaraMedia,@laurenchenclips,@RebelHQ,@FarronBalanced,left,left,right,left,left,1.432,1.575,1.753,1.827,1.919
videos,all,@OwenReport,left,@JesseKellyDC,@TheDonLemonShow,@TheMajorityReport,@NovaraMedia,@FarronBalanced,right,left,left,left,left,1.098,1.104,1.208,1.299,1.36
videos,all,@POLITICO,neutral,@ABCNews,@NBCNews,@axios,@BBCNews,@CNN,neutral,neutral,neutral,neutral,left,2.009,2.019,2.138,2.165,2.292
videos,all,@PTLRadioShow,left,@chicksonright,@Forthepeoplepodcast305,@SaltyCracker,@HasanReactionsfanTwo,@JackCocchiarellaShow,right,left,right,left,left,0.919,1.29,1.313,1.401,1.495
videos,all,@PartOfTheProblem,right,@ZeihanonGeopolitics,@DylanBurnsLIVE,@ThePodcastoftheLotusEaters,@Styxhexenhammer666,@LegalEagle,neutral,left,right,right,left,1.523,1.658,1.846,2.4,2.521
videos,all,@PiersMorganUncensored,neutral,@timesofindia,@DemocracyNow,@jlptalk,@lonerboxlive,@rolandsmartin,left,left,right,right,left,3.875,4.937,5.012,5.299,5.627
videos,all,@PiscoLitty,left,https://rumble.com/c/nickjfuentes,@chinainsights-r2w,@ponderingpolitics,@AnthonyBrianLogan,@HasanabiClips,right,neutral,left,right,left,2.157,2.525,2.675,2.874,2.888
videos,all,@Politicon,left,@samharrisorg,@RufoandLomez,@ClubRandomPodcast,@AndrewKlavan,@TheLincolnProject,left,right,neutral,right,left,1.532,1.637,1.758,1.793,1.797
videos,all,@PoliticsGirl,left,@franifio,@LeejaMiller,@ThePodcastoftheLotusEaters,@dineshdsouza,@TheAtlantic,left,left,right,right,left,2.369,2.372,2.513,2.587,2.606
videos,all,@PoliticsJOE,left,@XAVIAER,@fightbackpodcast,@MrTariqNasheed,@PTLRadioShow,@axios,right,right,right,left,neutral,1.709,1.958,1.97,1.989,2.0
videos,all,@PragerU,right,@DarkHorsePod,@MegynKelly,@oann,https://rumble.com/c/GGreenwald,@DemocracyDocket,right,right,right,left,left,1.98,2.053,2.289,2.342,2.364
videos,all,@RSBN,right,@aaronparnas1,@TimesNowWorld,@DailyDenims,https://rumble.com/c/TheAlexJonesShowLive,@DarkHorsePod,left,neutral,left,right,right,4.307,6.023,6.249,6.67,6.723
videos,all,@RealAlexClark,right,@cafedotcom,@MichaelMaliceofficial,@PragerU,@MegynKelly,https://rumble.com/c/GGreenwald,left,right,right,right,left,2.417,2.684,2.856,3.012,3.103
videos,all,@RealAmericasVoice,right,@oann,@nypost,@dollemore,@MLChristiansen,@DropSiteNews,right,right,left,right,left,1.475,1.762,1.863,1.879,1.921
videos,all,@RealDanBongino,right,@hutch,@BenShapiro,@StevenCrowder,@KimIversen,@RileyGaines,neutral,right,right,neutral,right,1.26,1.272,1.468,1.612,1.612
videos,all,@RebelHQ,left,@chicksonright,@FarronBalanced,@JackCocchiarellaShow,@Forthepeoplepodcast305,@PTLRadioShow,right,left,left,left,left,0.998,1.329,1.372,1.465,1.59
videos,all,@RebelNewsOnline,right,@NBCNews,@CBSNews,@SkyNews,@thedavidpakmanshow,@ABCNews,neutral,neutral,left,left,neutral,1.624,1.819,1.846,1.948,1.95
videos,all,@RedactedNews,right,@BreakThroughNews,@glennbeck,@DestinyDGGClips,@RubinReport,@Tim_Black,left,right,right,right,right,2.173,2.207,2.24,2.287,2.36
videos,all,@RestPoliticsUS,left,@AndrewKlavan,@theisabelbrown,@LeejaMiller,@nousnetwork,@TheAtlantic,right,right,left,left,left,1.901,2.008,2.034,2.045,2.138
videos,all,@Reuters,neutral,@aljazeeraenglish,@CBSNews,@AssociatedPress,@ABCNews,@NBCNews,left,neutral,neutral,neutral,neutral,1.124,1.545,1.627,1.679,1.761
videos,all,@RileyGaines,right,@KimIversen,@Xanderhal,@MrTariqNasheed,@RealDanBongino,@CamHigby,neutral,left,right,right,right,1.238,1.538,1.609,1.612,1.612
videos,all,@RobertGouveiaEsq,right,@breakingpoints,@DueDissidence,@destinyhqclips,https://rumble.com/c/nickjfuentes,@ActualJusticeWarrior,left,left,neutral,right,right,2.216,2.22,2.346,2.426,2.446
videos,all,@RonPlacone,left,@Semafor,@underthedesknews,@clayandbuck,@marklevinshow,@oann,neutral,left,right,right,right,1.88,1.977,2.662,2.899,2.92
videos,all,@RubinReport,right,@OfficialSaharTV,@laurenchenclips,@PTLRadioShow,@chicksonright,https://rumble.com/c/GGreenwald,right,right,left,right,left,1.556,1.608,1.625,1.664,1.683
videos,all,@RufoandLomez,right,@Politicon,@nousnetwork,@XAVIAER,@samharrisorg,@MrTariqNasheed,left,left,right,left,right,1.637,1.675,1.93,1.933,1.96
videos,all,@SMN,left,@JillianMichaels,@samharrisorg,@JustPearlyThings,@RileyGaines,@theisabelbrown,right,left,right,right,right,1.217,1.617,1.67,1.739,1.762
videos,all,@SabbySabs,left,@TheYoungTurks,@ActualJusticeWarrior,@breakingpoints,@DueDissidence,@BadEmpanadaLive,left,right,left,left,left,2.042,2.117,2.206,2.331,2.477
videos,all,@SaltyCracker,right,@FarronBalanced,@JackCocchiarellaShow,@chicksonright,@GrahamAllen,@PTLRadioShow,left,left,right,right,left,0.891,1.103,1.174,1.271,1.313
videos,all,@SecularTalk,left,@deanwithrs,@TheOfficerTatum,@StatusCoup,@LegalAFMTN,https://rumble.com/c/TheAlexJonesShowLive,left,right,left,left,right,2.168,2.205,2.218,2.252,2.255
videos,all,@Semafor,neutral,@RonPlacone,@marclamonthillnetwork,@TheAdamCarollaShow1,@clayandbuck,@oann,left,left,right,right,right,1.88,1.95,2.382,2.504,2.763
videos,all,@SkyNews,left,@CNN,@BBCNews,@RebelNewsOnline,@CBSNews,@NBCNews,left,neutral,right,neutral,neutral,1.391,1.416,1.846,1.868,1.935
videos,all,@StatusCoup,left,@SecularTalk,@RealAmericasVoice,https://rumble.com/c/TheAlexJonesShowLive,@DueDissidence,@breakingpoints,left,right,right,left,left,2.218,2.739,2.751,2.776,2.823
videos,all,@StevenCrowder,right,@BenShapiro,@KimIversen,@bbrettcooper,@RealDanBongino,@franifio,right,neutral,right,right,left,1.136,1.217,1.442,1.468,1.543
videos,all,@StosselTV,right,@FreshFitMiami,@underthedesknews,@XAVIAER,https://rumble.com/c/GGreenwald,@therationalnational,right,left,right,left,left,2.032,2.056,2.069,2.121,2.172
videos,all,@Styxhexenhammer666,right,@ThePodcastoftheLotusEaters,@AlexStein99,@franifio,@OwenReport,@hutch,right,right,left,left,neutral,1.333,1.455,1.516,1.553,1.58
videos,all,@SydneyWatson,right,@Xanderhal,@The_Crucible,@AsmonTV,https://rumble.com/c/russellbrand,@CamHigby,left,right,right,right,right,3.225,3.244,3.386,3.564,3.568
videos,all,@TechCrunch,neutral,@RebelNewsOnline,@SkyNews,@axios,@morebridgetphetasy,@CBSNews,right,left,neutral,right,neutral,2.109,2.356,2.423,2.445,2.47
videos,all,@TheAdamCarollaShow1,right,@lovettorleaveitpodcast,@thejimmydoreshow,@fightbackpodcast,@clayandbuck,@PTLRadioShow,left,neutral,right,right,left,1.443,1.478,1.711,1.815,1.841
videos,all,@TheAmalaEkpunobi,right,@KimIversen,@TheVaushPit,@StevenCrowder,@RileyGaines,@CamHigby,neutral,left,right,right,right,1.425,1.558,1.71,1.745,1.816
videos,all,@TheAtlantic,left,@LeejaMiller,@EzraKleinShow,@AndrewKlavan,@chriscuomo,@samharrisorg,left,left,right,left,left,1.402,1.451,1.638,1.664,1.709
videos,all,@TheBrianKilmeadeShow,right,@zeteo,@winston_marshall,@JillianMichaels,@lonerboxlive,@TomiLahrenIsFearless,left,right,right,right,right,1.687,2.235,2.308,2.324,2.422
videos,all,@TheDailyBeast,left,@nationalreview,@nytimes,@wsj,@chriscuomo,@RufoandLomez,right,left,neutral,left,right,1.819,2.282,2.809,2.812,2.884
videos,all,@TheDamageReport,left,@RebelHQ,@usefulidiots,@JackCocchiarellaShow,@chicksonright,@MyronGainesX,left,left,left,right,right,2.318,2.577,2.865,2.866,2.999
videos,all,@TheDonLemonShow,left,@OwenReport,@NovaraMedia,@TheJoyReidShow,@clayandbuck,@judgingfreedom,left,left,left,right,left,1.104,1.38,1.401,1.462,1.487
videos,all,@TheEconomist,left,@Vox,@CoreyGilShusterAskProject,@TheDailyBeast,@nationalreview,@UnHerd,left,neutral,left,right,left,3.804,4.354,4.566,4.641,4.673
videos,all,@TheHumanistReport,left,@ChadPrather1,@FreshFitMiami,@RubinReport,@OfficialSaharTV,@GrahamAllen,right,right,right,right,right,1.612,1.885,2.065,2.082,2.093
videos,all,@TheJoyReidShow,left,@underthedesknews,@TheDonLemonShow,@hutch,@ClubRandomPodcast,@XAVIAER,left,left,neutral,neutral,right,1.359,1.401,1.442,1.55,1.662
videos,all,@TheLincolnProject,left,@destiny,@TheMajorityReport,@hutch,@LIVESNEAKO,@GlennKirschner2,left,left,neutral,neutral,left,1.242,1.271,1.412,1.521,1.6
videos,all,@TheMajorityReport,left,@LIVESNEAKO,@NovaraMedia,@OwenReport,@TheLincolnProject,@destiny,neutral,left,left,left,left,1.044,1.088,1.208,1.271,1.315
videos,all,@TheMichaelCohenShow,left,@chicksonright,@JustPearlyThings,@adammockler,@NovaraMedia,@AnthonyBrianLogan,right,right,left,left,right,1.622,1.675,1.682,1.707,1.764
videos,all,@TheOfficerTatum,right,@LegalAFMTN,@deanwithrs,@MeidasTouch,@dollemore,@TheQuartering,left,left,left,left,right,1.356,1.786,1.813,2.034,2.102
videos,all,@ThePodcastoftheLotusEaters,right,@ZeihanonGeopolitics,@Styxhexenhammer666,@franifio,@AlexStein99,@BenShapiro,neutral,right,left,right,right,1.305,1.333,1.48,1.6,1.692
videos,all,@TheQuartering,right,@deanwithrs,@TimcastNews,@TheOfficerTatum,@JacksonHinkleOfficial,@LegalAFMTN,left,right,right,neutral,left,1.782,1.897,2.102,2.403,2.439
videos,all,@TheRealTabithaSpeaks,left,@DemocracyDocket,@TheDonLemonShow,@wethefifth,@clayandbuck,@morebridgetphetasy,left,left,neutral,right,right,1.931,2.071,2.096,2.102,2.128
videos,all,@TheSerfTimes,left,@LIVESNEAKO,@HasanReactionsfanTwo,@TheMichaelCohenShow,@PoliticsJOE,@adammockler,neutral,left,left,left,left,1.952,1.998,2.021,2.066,2.076
videos,all,@TheVaushPit,left,@Vaush,@JustPearlyThings,@KimIversen,@TheAmalaEkpunobi,@bbrettcooper,left,right,neutral,right,right,1.011,1.541,1.549,1.558,1.616
videos,all,@TheYoungTurks,left,@NovaraMedia,@BadEmpanadaLive,@OwenJonesTalks,@LIVESNEAKO,@FarronBalanced,left,left,left,neutral,left,1.153,1.278,1.432,1.625,1.632
videos,all,@The_Crucible,right,@BrittanyVenti,@destinyhqclips,@TheYoungTurks,@adammockler,https://rumble.com/c/russellbrand,neutral,neutral,left,left,right,1.772,1.798,2.005,2.02,2.148
videos,all,@TimDillonShow,neutral,@marklevinshow,@underthedesknews,@ZeihanonGeopolitics,@newyorker,@lizwheeler,right,left,neutral,neutral,right,2.568,2.694,2.854,2.868,2.879
videos,all,@Tim_Black,right,@jimacosta,@MarkDice,@glennbeck,@morebridgetphetasy,@OfficialSaharTV,left,right,right,right,right,2.006,2.012,2.059,2.146,2.228
videos,all,@Timcast,right,@TimcastIRL,@TimcastNews,@TheQuartering,@Vaush,@deanwithrs,right,right,right,left,left,1.406,1.665,2.686,2.816,2.9
videos,all,@TimcastIRL,right,@Timcast,@TimcastNews,@Vaush,@TheQuartering,@HasanAbi,right,right,left,right,left,1.406,2.004,2.641,2.905,3.034
videos,all,@TimcastNews,right,@Timcast,@TheQuartering,@TimcastIRL,@HasanAbi,@deanwithrs,right,right,right,left,left,1.665,1.897,2.004,2.209,2.247
videos,all,@TimesNowWorld,neutral,https://rumble.com/c/TheAlexJonesShowLive,@DailyDenims,@StatusCoup,@SecularTalk,@aaronparnas1,right,left,left,left,left,3.653,3.702,3.945,3.977,4.042
videos,all,@TomiLahrenIsFearless,right,@HangOutwithSeanHannity,@DropSiteNews,@clayandbuck,@wethefifth,@rolandsmartin,right,left,right,neutral,left,1.212,1.647,1.687,1.923,1.97
videos,all,@TuckerCarlson,neutral,@MyronGainesX,@RubinReport,@TheAdamCarollaShow1,@thejimmydoreshow,https://rumble.com/c/GGreenwald,right,right,right,neutral,left,2.257,2.326,2.402,2.409,2.554
videos,all,@USATODAY,neutral,@ANINewsIndia,@AssociatedPress,@CBSNews,@CNN,@NewsNation,neutral,neutral,neutral,left,neutral,1.531,1.897,2.035,2.139,2.332
videos,all,@UnHerd,left,@bbrettcooper,@franifio,@thomhartmann,@StevenCrowder,@TheVaushPit,right,left,left,right,left,1.741,2.538,2.559,2.565,2.566
videos,all,@Vaush,left,@TheVaushPit,@HasanAbi,@JustPearlyThings,@thedavidpakmanshow,@KimIversen,left,left,right,left,neutral,1.011,1.521,1.609,1.94,1.942
videos,all,@VivaFrei,right,@MegynKelly,@rolandsmartin,https://rumble.com/c/GGreenwald,@TomiLahrenIsFearless,@BlazeTV,right,left,left,right,right,1.952,2.287,2.424,2.468,2.53
videos,all,@Vox,left,@BBCNews,@POLITICO,@TechCrunch,@UnHerd,@chriscuomo,neutral,neutral,neutral,left,left,2.683,2.843,2.896,2.908,2.922
videos,all,@X22Report-y5y,right,@OutKick,@bulwarkmedia,@RubinReport,@Tim_Black,@clayandbuck,right,left,right,right,right,2.139,2.308,2.324,2.471,2.715
videos,all,@XAVIAER,right,@MichaelKnowles,@LIVESNEAKO,@TheJoyReidShow,@MrTariqNasheed,@NovaraMedia,right,neutral,left,right,left,1.472,1.483,1.662,1.663,1.677
videos,all,@Xanderhal,left,@CamHigby,@RileyGaines,@SaltyCracker,@chicksonright,@TheMichaelCohenShow,right,right,right,right,left,1.187,1.538,1.658,1.792,1.81
videos,all,@ZeihanonGeopolitics,neutral,@ThePodcastoftheLotusEaters,@PartOfTheProblem,@Styxhexenhammer666,@DylanBurnsLIVE,@franifio,right,right,right,left,left,1.305,1.523,1.837,1.954,2.388
videos,all,@ZubyMusic,right,@thomhartmann,@BenShapiro,@MrTariqNasheed,@CamHigby,@StevenCrowder,left,right,right,right,right,1.267,1.62,1.637,1.647,1.733
videos,all,@aaronparnas1,left,@TimesNowWorld,@RSBN,@DailyDenims,@LukeBeasley,@briantylercohen,neutral,right,left,left,left,4.042,4.307,4.639,5.092,5.263
videos,all,@adammockler,left,@TheMichaelCohenShow,@TheYoungTurks,@The_Crucible,@harryjsisson,@deanwithrs,left,left,right,left,left,1.682,1.882,2.02,2.02,2.054
videos,all,@ajplus,left,@LeejaMiller,@theisabelbrown,@TheAtlantic,@chriscuomo,@thomhartmann,left,right,left,left,left,1.396,1.956,2.158,2.175,2.276
videos,all,@aljazeeraenglish,left,@Reuters,@CBSNews,@AssociatedPress,@BBCNews,@CNN,neutral,neutral,neutral,neutral,left,1.124,1.744,1.907,1.924,1.972
videos,all,@axios,neutral,@hutch,@LIVESNEAKO,@TheJoyReidShow,@OwenReport,@XAVIAER,neutral,neutral,left,left,right,1.543,1.687,1.692,1.762,1.79
videos,all,@bbrettcooper,right,@KimIversen,@StevenCrowder,@TheVaushPit,@thomhartmann,@RileyGaines,neutral,right,left,left,right,1.429,1.442,1.616,1.625,1.665
videos,all,@bennyjohnson,right,@OfficialSaharTV,@BlazeTV,@rolandsmartin,@DestinyDGGClips,@MyronGainesX,right,right,left,right,right,3.267,3.345,3.612,3.709,3.754
videos,all,@breakingpoints,left,@DueDissidence,@SabbySabs,@RobertGouveiaEsq,https://rumble.com/c/nickjfuentes,@podsaveamerica,left,left,right,right,left,1.342,2.206,2.216,2.297,2.381
videos,all,@briantylercohen,left,@FoxNews,@MeidasTouch,@deanwithrs,https://rumble.com/c/TheAlexJonesShowLive,@FoxNewsChannelClips,right,left,left,right,right,2.897,3.195,3.38,3.482,3.602
videos,all,@bulwarkmedia,left,@DemocracyDocket,@JamarlThomas,@RubinReport,@clayandbuck,@X22Report-y5y,left,left,right,right,right,1.92,2.074,2.23,2.266,2.308
videos,all,@cafedotcom,left,@MegynKelly,https://rumble.com/c/GGreenwald,@jimacosta,@RealAlexClark,@bulwarkmedia,right,left,left,right,left,1.791,2.333,2.388,2.417,2.485
videos,all,@chicksonright,right,@PTLRadioShow,@Forthepeoplepodcast305,@RebelHQ,@SaltyCracker,@FarronBalanced,left,left,left,right,left,0.919,0.934,0.998,1.174,1.283
videos,all,@chinainsights-r2w,neutral,@PiscoLitty,@Forthepeoplepodcast305,@AnthonyBrianLogan,@Forbes,@MyronGainesX,left,left,right,neutral,right,2.525,2.731,2.782,2.794,2.98
videos,all,@chriscuomo,left,@TheAtlantic,@thomhartmann,@LeejaMiller,@EzraKleinShow,@MrTariqNasheed,left,left,left,left,right,1.664,1.758,1.781,1.827,1.88
videos,all,@clayandbuck,right,@TheDonLemonShow,@nypost,@DemocracyDocket,@oann,https://rumble.com/c/GGreenwald,left,right,left,right,left,1.462,1.599,1.608,1.631,1.681
videos,all,@deanwithrs,left,@TheQuartering,@TheOfficerTatum,@LegalAFMTN,@adammockler,@MeidasTouch,right,right,left,left,left,1.782,1.786,1.981,2.054,2.061
videos,all,@destiny,left,@TheLincolnProject,@hutch,@TheMajorityReport,@LIVESNEAKO,@BadEmpanadaLive,left,neutral,left,neutral,left,1.242,1.272,1.315,1.391,1.457
videos,all,@destinyhqclips,neutral,@The_Crucible,@therationalnational,@BrittanyVenti,https://rumble.com/c/nickjfuentes,@TheYoungTurks,right,left,neutral,right,left,1.798,2.084,2.177,2.187,2.203
videos,all,@dineshdsouza,right,@BadEmpanadaLive,@HasanAbi,@JustPearlyThings,@hutch,@PoliticsGirl,left,left,right,neutral,left,2.379,2.391,2.502,2.576,2.587
videos,all,@dollemore,left,@DueDissidence,@LegalAFMTN,@RealAmericasVoice,@HasanabiClips,@AnthonyBrianLogan,left,left,right,left,right,1.572,1.833,1.863,1.945,1.977
videos,all,@fastpoliticspodcast,left,@JamarlThomas,@ClubRandomPodcast,@fightbackpodcast,@TheAdamCarollaShow1,@RufoandLomez,left,neutral,right,right,right,2.166,2.276,2.671,2.739,2.756
videos,all,@fightbackpodcast,right,@thejimmydoreshow,@NovaraMedia,@judgingfreedom,@TheDonLemonShow,@MyronGainesX,neutral,left,left,left,right,1.203,1.533,1.592,1.637,1.651
videos,all,@franifio,left,@BenShapiro,@ThePodcastoftheLotusEaters,@Styxhexenhammer666,@StevenCrowder,@AlexStein99,right,right,right,right,right,1.433,1.48,1.516,1.543,1.615
videos,all,@glennbeck,right,@MattWalsh,@JillianMichaels,@MarkDice,@morebridgetphetasy,@thomhartmann,right,right,right,right,left,1.268,1.423,1.506,1.658,1.75
videos,all,@harryjsisson,left,@adammockler,@LegalAFMTN,https://rumble.com/c/nickjfuentes,@MeidasTouch,@TheOfficerTatum,left,left,right,left,right,2.02,2.544,2.572,2.744,2.8
videos,all,@hutch,neutral,@JustPearlyThings,@RealDanBongino,@destiny,@BenShapiro,@TheLincolnProject,right,right,left,right,left,1.22,1.26,1.272,1.371,1.412
videos,all,@jimacosta,left,@BreakThroughNews,@Tim_Black,@zeteo,@bulwarkmedia,@cafedotcom,left,right,left,left,left,1.847,2.006,2.267,2.33,2.388
videos,all,@jlptalk,right,@timesofindia,@DemocracyNow,@lonerboxlive,@VivaFrei,@TheBrianKilmeadeShow,left,left,right,right,right,3.206,3.333,3.973,4.068,4.377
videos,all,@joerogan,neutral,@markets,@ClubRandomPodcast,@breakingpoints,@podsaveamerica,@TheMajorityReport,neutral,neutral,left,left,left,3.478,3.641,3.795,3.798,3.803
videos,all,@judgingfreedom,left,@TheDonLemonShow,@fightbackpodcast,@MrTariqNasheed,@nousnetwork,@JillianMichaels,left,right,right,left,right,1.487,1.592,1.728,1.801,1.936
videos,all,@katiephangnews,left,@TheOfficerTatum,@LegalAFMTN,@BlackConservativePerspective,@MeidasTouch,@TheQuartering,right,left,right,left,right,2.146,2.224,2.244,2.391,2.911
videos,all,@laurenchenclips,right,@chicksonright,@PTLRadioShow,@SaltyCracker,@NovaraMedia,@JackCocchiarellaShow,right,left,right,left,left,1.361,1.532,1.551,1.555,1.607
videos,all,@lizwheeler,right,@marklevinshow,@NYTPodcasts,@TheJoyReidShow,@TheDonLemonShow,@hutch,right,left,left,left,neutral,1.671,1.735,1.77,1.845,1.883
videos,all,@lonerboxlive,right,@winston_marshall,@TheBrianKilmeadeShow,@RealAmericasVoice,@rolandsmartin,@MLChristiansen,right,right,right,left,right,2.302,2.324,2.358,2.369,2.394
videos,all,@lovettorleaveitpodcast,left,@TheAdamCarollaShow1,@PTLRadioShow,@thejimmydoreshow,@MyronGainesX,@marclamonthillnetwork,right,left,neutral,right,left,1.443,2.253,2.266,2.373,2.427
videos,all,@marclamonthillnetwork,left,@TheAdamCarollaShow1,@Semafor,@oann,@MegynKelly,@nypost,right,neutral,right,right,right,1.932,1.95,2.024,2.041,2.076
videos,all,@markets,neutral,@oann,@ClubRandomPodcast,@TheJoyReidShow,@nypost,@OwenReport,right,neutral,left,right,left,1.78,1.829,2.01,2.026,2.104
videos,all,@marklevinshow,right,@underthedesknews,@lizwheeler,@TheJoyReidShow,@therationalnational,@StosselTV,left,right,left,left,right,1.544,1.671,1.939,2.147,2.383
videos,all,@morebridgetphetasy,right,@thomhartmann,@theisabelbrown,@JillianMichaels,@glennbeck,@ChadPrather1,left,right,right,right,right,1.422,1.551,1.593,1.658,1.709
videos,all,@moreperfectunion,left,@CoreyGilShusterAskProject,@X22Report-y5y,@glennbeck,@theisabelbrown,@thewarningwithsteveschmidt,neutral,right,right,right,left,4.932,5.392,5.585,5.632,5.706
videos,all,@msnow,left,@FoxNewsChannelClips,@FoxNews,@NewsmaxTV,@SkyNews,@CNN,right,right,right,left,left,2.008,2.632,2.77,3.023,3.411
videos,all,@nationalreview,right,@TheDailyBeast,@ColemanHughesOfficial,@nytimes,@chriscuomo,@nousnetwork,left,right,left,left,left,1.819,2.264,2.27,2.388,2.455
videos,all,@newdiscourses,right,@TheLincolnProject,@TimDillonShow,@NYTPodcasts,@TheJoyReidShow,@lizwheeler,left,neutral,left,left,right,2.845,3.047,3.098,3.107,3.165
videos,all,@newyorker,neutral,@oann,@wethefifth,@TheJoyReidShow,@ClubRandomPodcast,@HasanReactionsfanTwo,right,neutral,left,neutral,left,2.049,2.126,2.186,2.207,2.271
videos,all,@nousnetwork,left,@AndrewKlavan,@RufoandLomez,@MrTariqNasheed,@judgingfreedom,@ColemanHughesOfficial,right,right,right,left,right,1.557,1.675,1.703,1.801,1.867
videos,all,@nypost,right,@oann,@MLChristiansen,@GlennKirschner2,@DropSiteNews,@clayandbuck,right,right,left,left,right,1.076,1.149,1.498,1.568,1.599
videos,all,@nytimes,left,@samharrisorg,@zeteo,@nationalreview,@TheDailyBeast,@AndrewKlavan,left,left,right,left,right,2.124,2.227,2.27,2.282,2.334
videos,all,@oann,right,@nypost,@RealAmericasVoice,@MLChristiansen,@AnthonyBrianLogan,@clayandbuck,right,right,right,right,right,1.076,1.475,1.622,1.63,1.631
videos,all,@podsaveamerica,left,@Forthepeoplepodcast305,@NovaraMedia,@DropSiteNews,@thejimmydoreshow,@MichaelKnowles,left,left,left,neutral,right,1.32,1.352,1.632,1.653,1.686
videos,all,@ponderingpolitics,left,https://rumble.com/c/nickjfuentes,@PiscoLitty,@MeidasTouch,@harryjsisson,@LegalAFMTN,right,left,left,left,left,2.521,2.675,3.109,3.118,3.122
videos,all,@rolandsmartin,left,@MLChristiansen,@TomiLahrenIsFearless,@nypost,@RealAmericasVoice,@VivaFrei,right,right,right,right,right,1.651,1.97,2.21,2.238,2.287
videos,all,@samharrisorg,left,@Politicon,@SMN,@AndrewKlavan,@theisabelbrown,@TheAtlantic,left,left,right,right,left,1.532,1.617,1.663,1.692,1.709
videos,all,@thedavidpakmanshow,left,@TheVaushPit,@Vaush,@RebelNewsOnline,@JustPearlyThings,@NBCNews,left,left,right,right,neutral,1.865,1.94,1.948,2.049,2.415
videos,all,@thegrayzone7996,left,@ABCNews,@NBCNews,@Reuters,@CBSNews,@AssociatedPress,neutral,neutral,neutral,neutral,neutral,1.488,1.939,2.07,2.375,2.553
videos,all,@thehill,neutral,@NewsNation,@oann,@HasanabiClips,@RealAmericasVoice,@USATODAY,neutral,right,left,right,neutral,1.787,2.235,2.303,2.404,2.539
videos,all,@theisabelbrown,right,@thomhartmann,@LeejaMiller,@AndrewKlavan,@MrTariqNasheed,@morebridgetphetasy,left,left,right,right,right,1.073,1.186,1.266,1.535,1.551
videos,all,@thejimmydoreshow,neutral,@fightbackpodcast,@MyronGainesX,@TheAdamCarollaShow1,@podsaveamerica,@Forthepeoplepodcast305,right,right,right,left,left,1.203,1.336,1.478,1.653,1.697
videos,all,@therationalnational,left,@Forthepeoplepodcast305,@winston_marshall,@GlennKirschner2,@XAVIAER,@TheJoyReidShow,left,right,left,right,left,1.604,1.621,1.672,1.695,1.723
videos,all,@thewarningwithsteveschmidt,left,@OutKick,@LeverNews,@X22Report-y5y,@franifio,@UnHerd,right,left,right,left,left,4.653,5.003,5.008,5.012,5.022
videos,all,@thomhartmann,left,@theisabelbrown,@ZubyMusic,@MrTariqNasheed,@morebridgetphetasy,@KimIversen,right,right,right,right,neutral,1.073,1.267,1.279,1.422,1.48
videos,all,@timesofindia,left,@DemocracyNow,@jlptalk,@StatusCoup,@PiersMorganUncensored,@lonerboxlive,left,right,left,neutral,right,2.738,3.206,3.638,3.875,4.002
videos,all,@triggerpod,right,@TheMajorityReport,@podsaveamerica,@NovaraMedia,@fightbackpodcast,@DropSiteNews,left,left,left,right,left,2.742,2.882,2.945,2.983,2.99
videos,all,@turningpointusa,right,@wethefifth,@PragerU,@oann,@newyorker,@markets,neutral,right,right,neutral,neutral,2.399,2.428,2.882,2.916,2.978
videos,all,@underthedesknews,left,@TheJoyReidShow,@marklevinshow,@therationalnational,@DarkHorsePod,@axios,left,right,left,right,neutral,1.359,1.544,1.777,1.936,1.942
videos,all,@usefulidiots,left,@RebelHQ,@Forthepeoplepodcast305,@FarronBalanced,@JackCocchiarellaShow,@chicksonright,left,left,left,left,right,1.84,1.92,2.035,2.111,2.114
videos,all,@wethefifth,neutral,@TheJoyReidShow,@clayandbuck,@DemocracyDocket,@TomiLahrenIsFearless,@NYTPodcasts,left,right,left,right,left,1.705,1.807,1.827,1.923,2.015
videos,all,@winston_marshall,right,@JillianMichaels,@DropSiteNews,@therationalnational,@Forthepeoplepodcast305,@MichaelKnowles,right,left,left,left,right,1.572,1.586,1.621,1.753,1.773
videos,all,@wsj,neutral,@nationalreview,@TheDailyBeast,@chriscuomo,@nytimes,@RufoandLomez,right,left,left,left,right,2.629,2.809,3.345,3.409,3.457
videos,all,@zeteo,left,@TheBrianKilmeadeShow,@BreakThroughNews,@JillianMichaels,@nytimes,@jimacosta,right,left,right,left,left,1.687,1.923,2.216,2.227,2.267
videos,all,https://rumble.com/c/BannonsWarRoom,right,@cafedotcom,@NewsmaxTV,@RealAlexClark,@MegynKelly,https://rumble.com/c/GGreenwald,left,right,right,right,left,4.077,4.55,4.566,4.575,4.745
videos,all,https://rumble.com/c/GGreenwald,left,@clayandbuck,@RubinReport,@ChadPrather1,@DemocracyDocket,@JillianMichaels,right,right,right,left,right,1.681,1.683,1.805,1.909,2.019
videos,all,https://rumble.com/c/TheAlexJonesShowLive,right,@SMN,@SecularTalk,@HasanabiClips,@deanwithrs,https://rumble.com/c/GGreenwald,left,left,left,left,left,2.037,2.255,2.386,2.389,2.416
videos,all,https://rumble.com/c/nickjfuentes,right,@DueDissidence,@LegalAFMTN,@PiscoLitty,@destinyhqclips,@TheMichaelCohenShow,left,left,left,neutral,left,1.794,2.072,2.157,2.187,2.237
videos,all,https://rumble.com/c/russellbrand,right,@ClipsCandaceOwens,@DestinyDGGClips,@The_Crucible,@CamHigby,@LiberalHivemind,neutral,right,right,right,right,1.837,1.948,2.148,2.22,2.276
videos,political,@60minutes,neutral,@Firstpost,@Forbes,@PiscoLitty,@newdiscourses,@chinainsights-r2w,neutral,neutral,left,right,neutral,4.223,4.256,4.496,4.522,4.567
videos,political,@ABCNews,neutral,@thegrayzone7996,@NBCNews,@CBSNews,@Reuters,@POLITICO,left,neutral,neutral,neutral,neutral,1.469,1.741,1.803,2.045,2.115
videos,political,@ANINewsIndia,neutral,@USATODAY,@AssociatedPress,@CBSNews,@SkyNews,@NPR,neutral,neutral,neutral,left,left,1.729,2.236,2.553,2.568,2.636
videos,political,@ActualJusticeWarrior,right,@TheYoungTurks,@SabbySabs,@FarronBalanced,@RebelHQ,@usefulidiots,left,left,left,left,left,2.171,2.189,2.366,2.415,2.44
videos,political,@AfterPartyEmily,right,https://rumble.com/c/GGreenwald,@MegynKelly,@cafedotcom,@FreshFitMiami,@VivaFrei,left,right,left,right,right,2.458,2.512,2.56,2.605,2.713
videos,political,@AlexStein99,right,@BenShapiro,@destiny,@Styxhexenhammer666,@BadEmpanadaLive,@LegalEagle,right,left,right,left,left,1.308,1.359,1.366,1.452,1.521
videos,political,@AndWeKnowOfficial-o9b,right,@Semafor,https://rumble.com/c/BannonsWarRoom,@RonPlacone,@dollemore,@MichaelMaliceofficial,neutral,right,left,left,right,6.233,6.244,6.299,6.34,6.429
videos,political,@AndrewKlavan,right,@theisabelbrown,@nousnetwork,@TheAtlantic,@thomhartmann,@samharrisorg,right,left,left,left,left,1.342,1.471,1.699,1.716,1.782
videos,political,@AnthonyBrianLogan,right,@Forthepeoplepodcast305,@chicksonright,@PTLRadioShow,@HasanReactionsfanTwo,@TheMichaelCohenShow,left,right,left,left,left,1.189,1.701,1.714,1.741,1.753
videos,political,@AsmonTV,right,https://rumble.com/c/russellbrand,@ClipsCandaceOwens,@SydneyWatson,@The_Crucible,@LiberalHivemind,right,neutral,right,right,right,2.349,3.392,3.394,3.597,3.789
videos,political,@AssociatedPress,neutral,@CBSNews,@Reuters,@CNN,@aljazeeraenglish,@USATODAY,neutral,neutral,left,left,neutral,1.48,1.618,1.755,1.983,2.007
videos,political,@BBCNews,neutral,@SkyNews,@CNN,@aljazeeraenglish,@CBSNews,@POLITICO,left,left,left,neutral,neutral,1.44,1.901,1.958,2.066,2.166
videos,political,@BadEmpanadaLive,left,@TheYoungTurks,@destiny,@AlexStein99,@BenShapiro,@LegalEagle,left,left,right,right,left,1.239,1.251,1.452,1.598,1.638
videos,political,@BadFaithPodcast,left,@MegynKelly,@marclamonthillnetwork,@cafedotcom,@MichaelMaliceofficial,@VivaFrei,right,left,left,right,right,2.924,3.106,3.16,3.607,3.609
videos,political,@BelleRanch,left,@AsmonTV,https://rumble.com/c/russellbrand,@harryjsisson,@ClipsCandaceOwens,@TheRealTabithaSpeaks,right,right,left,neutral,left,13.114,13.284,13.505,13.672,13.843
videos,political,@BenShapiro,right,@StevenCrowder,@KimIversen,@hutch,@AlexStein99,@RealDanBongino,right,neutral,neutral,right,right,1.07,1.1,1.177,1.308,1.324
videos,political,@BlackConservativePerspective,right,@katiephangnews,@TheOfficerTatum,@MeidasTouch,@LegalAFMTN,@dollemore,left,right,left,left,left,2.197,2.624,2.851,3.168,3.572
videos,political,@BlazeTV,right,@winston_marshall,@TheBrianKilmeadeShow,@TomiLahrenIsFearless,@JillianMichaels,@ChadPrather1,right,right,right,right,right,2.485,2.515,2.559,2.594,2.674
videos,political,@BreakThroughNews,left,@HangOutwithSeanHannity,@jimacosta,@zeteo,@DropSiteNews,@TomiLahrenIsFearless,right,left,left,left,right,1.779,1.82,1.862,2.013,2.145
videos,political,@BrittanyVenti,neutral,@XAVIAER,@GrahamAllen,@The_Crucible,@hutch,@therationalnational,right,right,right,neutral,left,1.672,1.91,1.927,2.013,2.035
videos,political,@CBSNews,neutral,@CNN,@AssociatedPress,@Reuters,@NBCNews,@ABCNews,left,neutral,neutral,neutral,neutral,1.176,1.48,1.581,1.695,1.803
videos,political,@CNN,left,@CBSNews,@SkyNews,@NBCNews,@AssociatedPress,@Reuters,neutral,left,neutral,neutral,neutral,1.176,1.48,1.664,1.755,1.765
videos,political,@CamHigby,right,@Xanderhal,@OfficialSaharTV,@RileyGaines,@DestinyDGGClips,@ZubyMusic,left,right,right,right,right,1.21,1.504,1.65,1.706,1.813
videos,political,@CashJordan,right,@StatusCoup,@lonerboxlive,@PiscoLitty,@RealAmericasVoice,@ponderingpolitics,left,right,left,right,left,3.902,3.998,4.253,4.518,4.561
videos,political,@ChadPrather1,right,@MarkDice,@TheHumanistReport,@JillianMichaels,@FreshFitMiami,@RubinReport,right,left,right,right,right,1.543,1.56,1.598,1.651,1.753
videos,political,@ClipsCandaceOwens,neutral,https://rumble.com/c/russellbrand,@hutch,@RileyGaines,@XAVIAER,@MichaelKnowles,right,neutral,right,right,right,1.848,2.437,2.47,2.477,2.491
videos,political,@ClubRandomPodcast,neutral,@TheDonLemonShow,@TheJoyReidShow,@OwenReport,@Politicon,@DropSiteNews,left,left,left,left,left,1.572,1.609,1.613,1.671,1.671
videos,political,@ColemanHughesOfficial,right,@nousnetwork,@chriscuomo,@MrTariqNasheed,@nationalreview,@judgingfreedom,left,left,right,right,left,2.093,2.251,2.273,2.277,2.283
videos,political,@CoreyGilShusterAskProject,neutral,@TheEconomist,@moreperfectunion,@Vox,@nytimes,@theisabelbrown,left,left,left,left,right,4.594,4.902,5.404,5.493,5.564
videos,political,@DailyDenims,left,@MichaelKnowles,https://rumble.com/c/TheAlexJonesShowLive,@SMN,@FoxNews,@BlazeTV,right,right,left,right,right,2.806,2.942,3.329,3.439,3.459
videos,political,@DannyHaiphongYT,left,@TuckerCarlson,@JamarlThomas,@lovettorleaveitpodcast,@TheAdamCarollaShow1,@bulwarkmedia,neutral,left,left,right,left,4.162,4.512,4.912,5.17,5.174
videos,political,@DarkHorsePod,right,@TheJoyReidShow,@MichaelKnowles,@PragerU,@DropSiteNews,@ClubRandomPodcast,left,right,right,left,neutral,1.848,2.038,2.075,2.087,2.089
videos,political,@DemocracyDocket,left,@clayandbuck,@TheJoyReidShow,@wethefifth,@TheRealTabithaSpeaks,@ClubRandomPodcast,right,left,neutral,left,neutral,1.582,1.667,1.853,1.864,1.87
videos,political,@DemocracyNow,left,@MLChristiansen,@rolandsmartin,@lonerboxlive,@nypost,@timesofindia,right,left,right,right,left,2.11,2.457,2.647,2.682,2.737
videos,political,@DestinyDGGClips,right,@CamHigby,@OfficialSaharTV,@Xanderhal,@MattWalsh,@TheAmalaEkpunobi,right,right,left,right,right,1.706,1.86,1.992,2.049,2.07
videos,political,@DoubleDownNews,left,@DrSteveTurleyTV,@SecularTalk,@LegalAFMTN,@TheOfficerTatum,https://rumble.com/c/TheAlexJonesShowLive,right,left,left,right,right,2.751,2.865,3.283,3.344,3.439
videos,political,@DrSteveTurleyTV,right,@DoubleDownNews,@ChadPrather1,@JillianMichaels,@RubinReport,@glennbeck,left,right,right,right,right,2.751,3.202,3.364,3.373,3.405
videos,political,@DropSiteNews,left,@MichaelKnowles,@TheDonLemonShow,@TomiLahrenIsFearless,@Forthepeoplepodcast305,@NovaraMedia,right,left,right,left,left,1.091,1.542,1.554,1.556,1.588
videos,political,@DueDissidence,left,@breakingpoints,@dollemore,https://rumble.com/c/nickjfuentes,@LegalAFMTN,@RealAmericasVoice,left,left,right,left,right,1.254,1.562,1.909,1.936,2.064
videos,political,@DylanBurnsLIVE,left,@LegalEagle,@Styxhexenhammer666,@ThePodcastoftheLotusEaters,@PartOfTheProblem,@destiny,left,right,right,right,left,1.413,1.669,1.692,1.701,1.839
videos,political,@EzraKleinShow,left,@TheAtlantic,@theisabelbrown,@LeejaMiller,@franifio,@AndrewKlavan,left,right,left,left,right,1.538,1.685,1.727,1.763,1.912
videos,political,@FarronBalanced,left,@JesseKellyDC,@SaltyCracker,@JackCocchiarellaShow,@chicksonright,@NovaraMedia,right,right,left,right,left,0.976,1.098,1.166,1.256,1.27
videos,political,@Firstpost,neutral,@PragerU,@thehill,@Forbes,@MegynKelly,@markets,right,neutral,neutral,right,neutral,3.044,3.146,3.282,3.288,3.416
videos,political,@FleccasTalks,right,@JacksonHinkleOfficial,https://rumble.com/c/nickjfuentes,@DueDissidence,@dineshdsouza,@ponderingpolitics,neutral,right,left,right,left,3.906,4.275,4.374,4.507,4.645
videos,political,@Forbes,neutral,@wethefifth,@NYTPodcasts,@chinainsights-r2w,@PragerU,@Firstpost,neutral,left,neutral,right,neutral,3.042,3.103,3.12,3.128,3.282
videos,political,@Forthepeoplepodcast305,left,@chicksonright,@AnthonyBrianLogan,@PTLRadioShow,@podsaveamerica,@NovaraMedia,right,right,left,left,left,1.055,1.189,1.282,1.286,1.403
videos,political,@FoxNews,right,@FoxNewsChannelClips,@NBCNews,@msnow,@thedavidpakmanshow,@RebelNewsOnline,right,neutral,left,left,right,1.48,2.45,2.634,2.736,2.757
videos,political,@FoxNewsChannelClips,right,@FoxNews,@msnow,@NBCNews,@SkyNews,@RebelNewsOnline,right,left,neutral,left,right,1.48,1.987,2.482,2.597,2.747
videos,political,@FreshFitMiami,right,@ChadPrather1,@TheHumanistReport,https://rumble.com/c/GGreenwald,@HasanabiClips,@MyronGainesX,right,left,left,left,right,1.651,1.915,2.026,2.17,2.19
videos,political,@GeopoliticalEconomyReport,left,@thedavidpakmanshow,@UnHerd,@Vox,@BBCNews,@RebelNewsOnline,left,left,left,neutral,right,2.901,2.913,3.192,3.379,3.4
videos,political,@GlennKirschner2,left,@OwenReport,@JesseKellyDC,@GrahamAllen,@Forthepeoplepodcast305,@TheLincolnProject,left,right,right,left,left,1.429,1.45,1.459,1.471,1.507
videos,political,@GrahamAllen,right,@GlennKirschner2,@SaltyCracker,@Forthepeoplepodcast305,@chicksonright,@JesseKellyDC,left,right,left,right,right,1.459,1.469,1.469,1.471,1.624
videos,political,@HangOutwithSeanHannity,right,@TomiLahrenIsFearless,@RileyGaines,@DropSiteNews,@BreakThroughNews,@MichaelKnowles,right,right,left,left,right,1.182,1.651,1.755,1.779,1.996
videos,political,@HasanAbi,left,@Vaush,@TheVaushPit,@TimcastNews,@dineshdsouza,@JustPearlyThings,left,left,right,right,right,1.473,2.089,2.238,2.346,2.366
videos,political,@HasanReactionsfanTwo,left,@PTLRadioShow,@Forthepeoplepodcast305,@AnthonyBrianLogan,@oann,@TheAdamCarollaShow1,left,left,right,right,right,1.387,1.645,1.741,1.788,1.853
videos,political,@HasanabiClips,left,@TheMichaelCohenShow,@MyronGainesX,@dollemore,@thejimmydoreshow,@PTLRadioShow,left,right,left,neutral,left,1.863,1.895,1.938,1.958,1.961
videos,political,@JackCocchiarellaShow,left,@FarronBalanced,@SaltyCracker,@chicksonright,@RebelHQ,@PTLRadioShow,left,right,right,left,left,1.166,1.202,1.296,1.363,1.503
videos,political,@JacksonHinkleOfficial,neutral,@TheQuartering,@TimcastNews,@Timcast,@HasanAbi,@TimcastIRL,right,right,right,left,right,2.354,2.385,3.28,3.372,3.504
videos,political,@JamarlThomas,left,@bulwarkmedia,@fastpoliticspodcast,@BreakThroughNews,@HangOutwithSeanHannity,@TheAdamCarollaShow1,left,left,left,right,right,2.07,2.143,2.518,2.671,2.71
videos,political,@JesseKellyDC,right,@FarronBalanced,@OwenReport,@NovaraMedia,@TheMajorityReport,@GlennKirschner2,left,left,left,left,left,0.976,1.071,1.408,1.434,1.45
videos,political,@JillianMichaels,right,@SMN,@glennbeck,@theisabelbrown,@morebridgetphetasy,@ChadPrather1,left,right,right,right,right,1.204,1.361,1.487,1.596,1.598
videos,political,@JustPearlyThings,right,@hutch,@TheVaushPit,@Vaush,@BenShapiro,@KimIversen,neutral,left,left,right,neutral,1.238,1.416,1.522,1.569,1.585
videos,political,@KimIversen,neutral,@BenShapiro,@StevenCrowder,@RileyGaines,@TheAmalaEkpunobi,@bbrettcooper,right,right,right,right,right,1.1,1.201,1.29,1.455,1.459
videos,political,@LIVESNEAKO,neutral,@TheMajorityReport,@NovaraMedia,@destiny,@XAVIAER,@AlexStein99,left,left,left,right,right,0.97,1.247,1.341,1.355,1.622
videos,political,@LeejaMiller,left,@theisabelbrown,@TheAtlantic,@samharrisorg,@EzraKleinShow,@BenShapiro,right,left,left,left,right,1.325,1.436,1.683,1.727,1.787
videos,political,@LegalAFMTN,left,@TheOfficerTatum,@dollemore,@MeidasTouch,@DueDissidence,@deanwithrs,right,left,left,left,left,1.361,1.821,1.843,1.936,1.994
videos,political,@LegalEagle,left,@DylanBurnsLIVE,@destiny,@AlexStein99,@Styxhexenhammer666,@BadEmpanadaLive,left,left,right,right,left,1.413,1.491,1.521,1.546,1.638
videos,political,@LeverNews,left,@bulwarkmedia,@BreakThroughNews,@jimacosta,@JamarlThomas,@fastpoliticspodcast,left,left,left,left,left,2.537,2.597,2.638,2.721,2.987
videos,political,@LiberalHivemind,right,https://rumble.com/c/russellbrand,@TheVaushPit,@CamHigby,@JustPearlyThings,@RebelNewsOnline,right,left,right,right,right,2.273,2.291,2.321,2.388,2.402
videos,political,@LukeBeasley,left,@SecularTalk,https://rumble.com/c/TheAlexJonesShowLive,@LegalAFMTN,@harryjsisson,@deanwithrs,left,right,left,left,left,3.015,3.242,3.55,3.579,3.586
videos,political,@MLChristiansen,right,@nypost,@rolandsmartin,@oann,@clayandbuck,@RealAmericasVoice,right,left,right,right,right,1.211,1.513,1.657,1.789,1.883
videos,political,@MarkDice,right,@glennbeck,@ChadPrather1,@morebridgetphetasy,@JillianMichaels,@TheHumanistReport,right,right,right,right,left,1.426,1.543,1.686,1.851,2.098
videos,political,@MattWalsh,right,@glennbeck,@JillianMichaels,@theisabelbrown,@thomhartmann,@DestinyDGGClips,right,right,right,left,right,1.251,1.883,2.022,2.042,2.049
videos,political,@MegynKelly,right,@cafedotcom,@VivaFrei,@marclamonthillnetwork,@PragerU,https://rumble.com/c/GGreenwald,left,right,left,right,left,1.66,1.891,2.056,2.082,2.407
videos,political,@MeidasTouch,left,@TheOfficerTatum,@LegalAFMTN,@deanwithrs,@adammockler,@katiephangnews,right,left,left,left,left,1.813,1.843,2.042,2.35,2.371
videos,political,@MichaelKnowles,right,@DropSiteNews,@NovaraMedia,@XAVIAER,@Forthepeoplepodcast305,@TheJoyReidShow,left,left,right,left,left,1.091,1.509,1.532,1.647,1.667
videos,political,@MichaelMaliceofficial,right,@MegynKelly,@Semafor,@PragerU,@RealAlexClark,@oann,right,neutral,right,right,right,2.644,2.687,2.845,2.916,3.159
videos,political,@MikeFromPA,left,@JillianMichaels,@fightbackpodcast,@RestPoliticsUS,@deanwithrs,@judgingfreedom,right,right,left,left,left,2.29,2.325,2.371,2.542,2.554
videos,political,@MrTariqNasheed,right,@thomhartmann,@theisabelbrown,@XAVIAER,@RileyGaines,@axios,left,right,right,right,neutral,1.273,1.34,1.521,1.589,1.642
videos,political,@MyronGainesX,right,@thejimmydoreshow,@chicksonright,@Forthepeoplepodcast305,@fightbackpodcast,@PTLRadioShow,neutral,right,left,right,left,1.347,1.55,1.601,1.617,1.667
videos,political,@NBCNews,neutral,@CNN,@CBSNews,@RebelNewsOnline,@ABCNews,@axios,left,neutral,right,neutral,neutral,1.664,1.695,1.702,1.741,1.898
videos,political,@NPR,left,@ANINewsIndia,@TechCrunch,@SkyNews,@USATODAY,@AssociatedPress,neutral,neutral,left,neutral,neutral,2.636,2.728,2.836,2.973,3.036
videos,political,@NYTPodcasts,left,@lizwheeler,@TheJoyReidShow,@Politicon,@TheLincolnProject,@samharrisorg,right,left,left,left,left,1.848,1.864,1.875,1.92,1.927
videos,political,@NewsNation,neutral,@thehill,@NBCNews,@CBSNews,@NewsmaxTV,@USATODAY,neutral,neutral,neutral,right,neutral,1.997,2.061,2.215,2.33,2.367
videos,political,@NewsmaxTV,right,@NewsNation,@msnow,@thehill,@NBCNews,@FoxNewsChannelClips,neutral,left,neutral,neutral,right,2.33,2.776,2.86,3.095,3.132
videos,political,@NovaraMedia,left,@TheMajorityReport,@TheYoungTurks,@LIVESNEAKO,@FarronBalanced,@OwenReport,left,left,neutral,left,left,1.088,1.115,1.247,1.27,1.277
videos,political,@OfficialSaharTV,right,@CamHigby,@RubinReport,@DestinyDGGClips,@Xanderhal,@chicksonright,right,right,right,left,right,1.504,1.523,1.86,1.976,1.985
videos,political,@OwenJonesTalks,left,@TheYoungTurks,@NovaraMedia,@RebelHQ,@laurenchenclips,@BadEmpanadaLive,left,left,left,right,left,1.418,1.61,1.832,1.917,1.944
videos,political,@OwenReport,left,@JesseKellyDC,@TheDonLemonShow,@TheMajorityReport,@NovaraMedia,@FarronBalanced,right,left,left,left,left,1.071,1.153,1.185,1.277,1.293
videos,political,@POLITICO,neutral,@ABCNews,@NBCNews,@axios,@BBCNews,@Vox,neutral,neutral,neutral,neutral,left,2.115,2.115,2.16,2.166,2.292
videos,political,@PTLRadioShow,left,@chicksonright,@Forthepeoplepodcast305,@HasanReactionsfanTwo,@SaltyCracker,@laurenchenclips,right,left,left,right,right,0.915,1.282,1.387,1.396,1.489
videos,political,@PartOfTheProblem,right,@ZeihanonGeopolitics,@DylanBurnsLIVE,@ThePodcastoftheLotusEaters,@Styxhexenhammer666,@LegalEagle,neutral,left,right,right,left,1.499,1.701,1.794,2.364,2.532
videos,political,@PiersMorganUncensored,neutral,@timesofindia,@DemocracyNow,@jlptalk,@lonerboxlive,@TheBrianKilmeadeShow,left,left,right,right,right,3.827,4.929,5.175,5.32,5.49
videos,political,@PiscoLitty,left,https://rumble.com/c/nickjfuentes,@chinainsights-r2w,@ponderingpolitics,@AnthonyBrianLogan,@HasanabiClips,right,neutral,left,right,left,2.066,2.577,2.702,2.823,2.919
videos,political,@Politicon,left,@samharrisorg,@TheLincolnProject,@ClubRandomPodcast,@RufoandLomez,@TheDonLemonShow,left,left,neutral,right,left,1.465,1.66,1.671,1.679,1.785
videos,political,@PoliticsGirl,left,@franifio,@ThePodcastoftheLotusEaters,@dineshdsouza,@hutch,@LeejaMiller,left,right,right,neutral,left,2.147,2.212,2.266,2.354,2.387
videos,political,@PoliticsJOE,left,@XAVIAER,@fightbackpodcast,@MrTariqNasheed,@PTLRadioShow,@LIVESNEAKO,right,right,right,left,neutral,1.615,1.922,1.94,1.976,2.016
videos,political,@PragerU,right,@DarkHorsePod,@MegynKelly,@cafedotcom,@wethefifth,@oann,right,right,left,neutral,right,2.075,2.082,2.402,2.419,2.445
videos,political,@RSBN,right,@aaronparnas1,@TimesNowWorld,@DailyDenims,https://rumble.com/c/TheAlexJonesShowLive,@LukeBeasley,left,neutral,left,right,left,4.203,6.014,6.223,6.583,6.699
videos,political,@RealAlexClark,right,@cafedotcom,@PragerU,@MichaelMaliceofficial,@MegynKelly,https://rumble.com/c/GGreenwald,left,right,right,right,left,2.494,2.881,2.916,3.152,3.204
videos,political,@RealAmericasVoice,right,@oann,@nypost,@dollemore,@MLChristiansen,@DropSiteNews,right,right,left,right,left,1.429,1.794,1.875,1.883,1.967
videos,political,@RealDanBongino,right,@hutch,@BenShapiro,@StevenCrowder,@KimIversen,@RileyGaines,neutral,right,right,neutral,right,1.212,1.324,1.459,1.564,1.594
videos,political,@RebelHQ,left,@chicksonright,@FarronBalanced,@JackCocchiarellaShow,@PTLRadioShow,@Forthepeoplepodcast305,right,left,left,left,left,0.962,1.305,1.363,1.594,1.595
videos,political,@RebelNewsOnline,right,@NBCNews,@SkyNews,@thedavidpakmanshow,@CBSNews,@axios,neutral,left,left,neutral,neutral,1.702,1.848,1.948,1.965,2.02
videos,political,@RedactedNews,right,@glennbeck,@BreakThroughNews,@RubinReport,@OfficialSaharTV,@Tim_Black,right,left,right,right,right,2.242,2.247,2.288,2.394,2.396
videos,political,@RestPoliticsUS,left,@AndrewKlavan,@theisabelbrown,@LeejaMiller,@nousnetwork,@TheAtlantic,right,right,left,left,left,1.898,1.94,1.979,2.092,2.209
videos,political,@Reuters,neutral,@aljazeeraenglish,@CBSNews,@AssociatedPress,@CNN,@ABCNews,left,neutral,neutral,left,neutral,1.107,1.581,1.618,1.765,2.045
videos,political,@RileyGaines,right,@KimIversen,@StevenCrowder,@MrTariqNasheed,@RealDanBongino,@BenShapiro,neutral,right,right,right,right,1.29,1.565,1.589,1.594,1.607
videos,political,@RobertGouveiaEsq,right,@DueDissidence,@breakingpoints,@usefulidiots,https://rumble.com/c/nickjfuentes,@podsaveamerica,left,left,left,right,left,2.193,2.198,2.397,2.496,2.546
videos,political,@RonPlacone,left,@Semafor,@underthedesknews,@clayandbuck,@oann,@turningpointusa,neutral,left,right,right,right,1.459,1.997,2.582,2.849,2.874
videos,political,@RubinReport,right,@OfficialSaharTV,@PTLRadioShow,@laurenchenclips,@chicksonright,https://rumble.com/c/GGreenwald,right,left,right,right,left,1.523,1.58,1.608,1.664,1.68
videos,political,@RufoandLomez,right,@nousnetwork,@Politicon,@XAVIAER,@samharrisorg,@chriscuomo,left,left,right,left,left,1.617,1.679,1.931,1.957,1.969
videos,political,@SMN,left,@JillianMichaels,@JustPearlyThings,@samharrisorg,@RileyGaines,@theisabelbrown,right,right,left,right,right,1.204,1.637,1.652,1.729,1.742
videos,political,@SabbySabs,left,@TheYoungTurks,@ActualJusticeWarrior,@breakingpoints,@DueDissidence,@NovaraMedia,left,right,left,left,left,2.117,2.189,2.318,2.467,2.502
videos,political,@SaltyCracker,right,@FarronBalanced,@JackCocchiarellaShow,@chicksonright,@PTLRadioShow,@GrahamAllen,left,left,right,left,right,1.098,1.202,1.318,1.396,1.469
videos,political,@SecularTalk,left,@TheOfficerTatum,@deanwithrs,https://rumble.com/c/TheAlexJonesShowLive,@LegalAFMTN,@StatusCoup,right,left,right,left,left,2.069,2.158,2.208,2.228,2.282
videos,political,@Semafor,neutral,@RonPlacone,@clayandbuck,@underthedesknews,@oann,@wethefifth,left,right,left,right,neutral,1.459,2.058,2.263,2.321,2.453
videos,political,@SkyNews,left,@BBCNews,@CNN,@RebelNewsOnline,@NBCNews,@CBSNews,neutral,left,right,neutral,neutral,1.44,1.48,1.848,1.932,1.987
videos,political,@StatusCoup,left,@SecularTalk,@DueDissidence,https://rumble.com/c/TheAlexJonesShowLive,@RealAmericasVoice,@breakingpoints,left,left,right,right,left,2.282,2.734,2.764,2.788,2.802
videos,political,@StevenCrowder,right,@BenShapiro,@KimIversen,@RealDanBongino,@AlexStein99,@RileyGaines,right,neutral,right,right,right,1.07,1.201,1.459,1.564,1.565
videos,political,@Styxhexenhammer666,right,@ThePodcastoftheLotusEaters,@AlexStein99,@hutch,@destiny,@franifio,right,right,neutral,left,left,1.36,1.366,1.502,1.516,1.543
videos,political,@SydneyWatson,right,@The_Crucible,@Xanderhal,@AsmonTV,@JackCocchiarellaShow,https://rumble.com/c/russellbrand,right,left,right,left,right,3.127,3.187,3.394,3.57,3.578
videos,political,@TechCrunch,neutral,@RebelNewsOnline,@Vox,@SkyNews,@BBCNews,@axios,right,left,left,neutral,neutral,2.329,2.377,2.434,2.456,2.465
videos,political,@TheAdamCarollaShow1,right,@lovettorleaveitpodcast,@thejimmydoreshow,@clayandbuck,@PTLRadioShow,@HasanReactionsfanTwo,left,neutral,right,left,left,1.45,1.463,1.712,1.754,1.853
videos,political,@TheAmalaEkpunobi,right,@KimIversen,@TheVaushPit,@AlexStein99,@StevenCrowder,@RileyGaines,neutral,left,right,right,right,1.455,1.557,1.836,1.861,1.895
videos,political,@TheAtlantic,left,@LeejaMiller,@EzraKleinShow,@chriscuomo,@AndrewKlavan,@samharrisorg,left,left,left,right,left,1.436,1.538,1.649,1.699,1.71
videos,political,@TheBrianKilmeadeShow,right,@zeteo,@JillianMichaels,@winston_marshall,@lonerboxlive,@TomiLahrenIsFearless,left,right,right,right,right,1.674,2.29,2.294,2.395,2.477
videos,political,@TheDailyBeast,left,@nationalreview,@nytimes,@RufoandLomez,@chriscuomo,@AndrewKlavan,right,left,right,left,right,1.89,2.175,2.83,2.83,2.976
videos,political,@TheDamageReport,left,@RebelHQ,@usefulidiots,@chicksonright,@JackCocchiarellaShow,@MyronGainesX,left,left,right,left,right,2.322,2.559,2.787,2.819,2.979
videos,political,@TheDonLemonShow,left,@OwenReport,@NovaraMedia,@clayandbuck,@judgingfreedom,@TheJoyReidShow,left,left,right,left,left,1.153,1.341,1.462,1.47,1.474
videos,political,@TheEconomist,left,@CoreyGilShusterAskProject,@UnHerd,@Vox,@TheDailyBeast,@GeopoliticalEconomyReport,neutral,left,left,left,left,4.594,4.617,4.652,4.734,4.817
videos,political,@TheHumanistReport,left,@ChadPrather1,@FreshFitMiami,@RubinReport,@OfficialSaharTV,@MarkDice,right,right,right,right,right,1.56,1.915,2.05,2.06,2.098
videos,political,@TheJoyReidShow,left,@TheDonLemonShow,@TheLincolnProject,@ClubRandomPodcast,@hutch,@underthedesknews,left,left,neutral,neutral,left,1.474,1.591,1.609,1.612,1.635
videos,political,@TheLincolnProject,left,@TheMajorityReport,@hutch,@GlennKirschner2,@destiny,@TheJoyReidShow,left,neutral,left,left,left,1.399,1.478,1.507,1.514,1.591
videos,political,@TheMajorityReport,left,@LIVESNEAKO,@NovaraMedia,@OwenReport,@destiny,@FarronBalanced,neutral,left,left,left,left,0.97,1.088,1.185,1.257,1.313
videos,political,@TheMichaelCohenShow,left,@adammockler,@chicksonright,@JustPearlyThings,@NovaraMedia,@fightbackpodcast,left,right,right,left,right,1.645,1.661,1.715,1.719,1.742
videos,political,@TheOfficerTatum,right,@LegalAFMTN,@deanwithrs,@MeidasTouch,@katiephangnews,@dollemore,left,left,left,left,left,1.361,1.764,1.813,2.046,2.069
videos,political,@ThePodcastoftheLotusEaters,right,@ZeihanonGeopolitics,@Styxhexenhammer666,@franifio,@destiny,@AlexStein99,neutral,right,left,left,right,1.316,1.36,1.44,1.573,1.574
videos,political,@TheQuartering,right,@deanwithrs,@TimcastNews,@TheOfficerTatum,@JacksonHinkleOfficial,@LegalAFMTN,left,right,right,neutral,left,1.849,2.052,2.161,2.354,2.496
videos,political,@TheRealTabithaSpeaks,left,@DemocracyDocket,@clayandbuck,@wethefifth,@TheDonLemonShow,@TheJoyReidShow,left,right,neutral,left,left,1.864,2.028,2.049,2.051,2.093
videos,political,@TheSerfTimes,left,@TheMichaelCohenShow,@LIVESNEAKO,@HasanReactionsfanTwo,@adammockler,@TheMajorityReport,left,neutral,left,left,left,1.967,1.977,2.033,2.035,2.112
videos,political,@TheVaushPit,left,@Vaush,@JustPearlyThings,@KimIversen,@TheAmalaEkpunobi,@bbrettcooper,left,right,neutral,right,right,1.032,1.416,1.475,1.557,1.595
videos,political,@TheYoungTurks,left,@NovaraMedia,@BadEmpanadaLive,@OwenJonesTalks,@destiny,@FarronBalanced,left,left,left,left,left,1.115,1.239,1.418,1.576,1.634
videos,political,@The_Crucible,right,@destinyhqclips,@BrittanyVenti,@TheYoungTurks,@adammockler,@destiny,neutral,neutral,left,left,left,1.607,1.927,2.019,2.038,2.14
videos,political,@TimDillonShow,neutral,@marklevinshow,@underthedesknews,@TheLincolnProject,@lizwheeler,@GlennKirschner2,right,left,left,right,left,2.514,2.654,2.718,2.809,2.83
videos,political,@Tim_Black,right,@jimacosta,@MarkDice,@glennbeck,@morebridgetphetasy,@OfficialSaharTV,left,right,right,right,right,2.092,2.107,2.141,2.279,2.288
videos,political,@Timcast,right,@TimcastIRL,@TimcastNews,@TheQuartering,@Vaush,@deanwithrs,right,right,right,left,left,1.339,1.724,2.815,2.836,2.871
videos,political,@TimcastIRL,right,@Timcast,@TimcastNews,@Vaush,@TheQuartering,@HasanAbi,right,right,left,right,left,1.339,1.937,2.653,2.804,2.966
videos,political,@TimcastNews,right,@Timcast,@TimcastIRL,@TheQuartering,@HasanAbi,@deanwithrs,right,right,right,left,left,1.724,1.937,2.052,2.238,2.299
videos,political,@TimesNowWorld,neutral,https://rumble.com/c/TheAlexJonesShowLive,@DailyDenims,@StatusCoup,@SecularTalk,@timesofindia,right,left,left,left,left,3.61,3.848,3.871,3.911,3.962
videos,political,@TomiLahrenIsFearless,right,@HangOutwithSeanHannity,@DropSiteNews,@clayandbuck,@rolandsmartin,@PTLRadioShow,right,left,right,left,left,1.182,1.554,1.751,1.924,1.927
videos,political,@TuckerCarlson,neutral,@MyronGainesX,@RubinReport,@TheAdamCarollaShow1,@thejimmydoreshow,https://rumble.com/c/GGreenwald,right,right,right,neutral,left,2.17,2.237,2.274,2.356,2.47
videos,political,@USATODAY,neutral,@ANINewsIndia,@AssociatedPress,@CBSNews,@CNN,@NewsNation,neutral,neutral,neutral,left,neutral,1.729,2.007,2.163,2.302,2.367
videos,political,@UnHerd,left,@bbrettcooper,@TheVaushPit,@franifio,@thomhartmann,@StevenCrowder,right,left,left,left,right,1.855,2.676,2.734,2.785,2.821
videos,political,@Vaush,left,@TheVaushPit,@HasanAbi,@JustPearlyThings,@KimIversen,@thedavidpakmanshow,left,left,right,neutral,left,1.032,1.473,1.522,1.875,1.947
videos,political,@VivaFrei,right,@MegynKelly,@rolandsmartin,https://rumble.com/c/GGreenwald,@TomiLahrenIsFearless,@MLChristiansen,right,left,left,right,right,1.891,2.276,2.487,2.535,2.609
videos,political,@Vox,left,@POLITICO,@BBCNews,@TechCrunch,@SkyNews,@chriscuomo,neutral,neutral,neutral,left,left,2.292,2.305,2.377,2.478,2.619
videos,political,@X22Report-y5y,right,@bulwarkmedia,@RubinReport,@Tim_Black,@jimacosta,https://rumble.com/c/GGreenwald,left,right,right,left,left,2.319,2.341,2.454,2.769,2.776
videos,political,@XAVIAER,right,@LIVESNEAKO,@MrTariqNasheed,@MichaelKnowles,@PoliticsJOE,@NovaraMedia,neutral,right,right,left,left,1.355,1.521,1.532,1.615,1.619
videos,political,@Xanderhal,left,@CamHigby,@RileyGaines,@SaltyCracker,@chicksonright,@JackCocchiarellaShow,right,right,right,right,left,1.21,1.612,1.844,1.93,1.975
videos,political,@ZeihanonGeopolitics,neutral,@ThePodcastoftheLotusEaters,@PartOfTheProblem,@Styxhexenhammer666,@DylanBurnsLIVE,@franifio,right,right,right,left,left,1.316,1.499,1.874,2.009,2.329
videos,political,@ZubyMusic,right,@thomhartmann,@StevenCrowder,@BenShapiro,@MrTariqNasheed,@KimIversen,left,right,right,right,neutral,1.328,1.625,1.641,1.754,1.802
videos,political,@aaronparnas1,left,@TimesNowWorld,@RSBN,@DailyDenims,@LukeBeasley,@briantylercohen,neutral,right,left,left,left,4.147,4.203,4.769,5.059,5.228
videos,political,@adammockler,left,@TheMichaelCohenShow,@TheYoungTurks,@harryjsisson,@deanwithrs,@TheSerfTimes,left,left,left,left,left,1.645,1.866,2.012,2.022,2.035
videos,political,@aljazeeraenglish,left,@Reuters,@CBSNews,@BBCNews,@AssociatedPress,@CNN,neutral,neutral,neutral,neutral,left,1.107,1.805,1.958,1.983,1.993
videos,political,@axios,neutral,@MrTariqNasheed,@hutch,@OwenReport,@TheDonLemonShow,@NBCNews,right,neutral,left,left,neutral,1.642,1.765,1.774,1.872,1.898
videos,political,@bbrettcooper,right,@KimIversen,@TheVaushPit,@StevenCrowder,@thomhartmann,@RileyGaines,neutral,left,right,left,right,1.459,1.595,1.6,1.731,1.777
videos,political,@bennyjohnson,right,@OfficialSaharTV,@BlazeTV,@rolandsmartin,@MyronGainesX,@harryjsisson,right,right,left,right,left,3.252,3.276,3.521,3.75,3.801
videos,political,@breakingpoints,left,@DueDissidence,@RobertGouveiaEsq,@SabbySabs,@podsaveamerica,https://rumble.com/c/nickjfuentes,left,right,left,left,right,1.254,2.198,2.318,2.352,2.407
videos,political,@briantylercohen,left,@FoxNews,@MeidasTouch,@deanwithrs,https://rumble.com/c/TheAlexJonesShowLive,@thedavidpakmanshow,right,left,left,right,left,2.873,3.163,3.337,3.438,3.578
videos,political,@bulwarkmedia,left,@DemocracyDocket,@JamarlThomas,@RubinReport,@clayandbuck,@Tim_Black,left,left,right,right,right,1.893,2.07,2.264,2.28,2.31
videos,political,@cafedotcom,left,@MegynKelly,@PragerU,https://rumble.com/c/GGreenwald,@RealAlexClark,@bulwarkmedia,right,right,left,right,left,1.66,2.402,2.444,2.494,2.526
videos,political,@chicksonright,right,@PTLRadioShow,@RebelHQ,@Forthepeoplepodcast305,@FarronBalanced,@JackCocchiarellaShow,left,left,left,left,left,0.915,0.962,1.055,1.256,1.296
videos,political,@chinainsights-r2w,neutral,@PiscoLitty,@AnthonyBrianLogan,@Forthepeoplepodcast305,@Forbes,@FreshFitMiami,left,right,left,neutral,right,2.577,2.966,3.034,3.12,3.157
videos,political,@chriscuomo,left,@TheAtlantic,@LeejaMiller,@thomhartmann,@theisabelbrown,@MrTariqNasheed,left,left,left,right,right,1.649,1.807,1.841,1.877,1.942
videos,political,@clayandbuck,right,@TheDonLemonShow,@oann,@DemocracyDocket,@DropSiteNews,https://rumble.com/c/GGreenwald,left,right,left,left,left,1.462,1.561,1.582,1.676,1.676
videos,political,@deanwithrs,left,@TheOfficerTatum,@TheQuartering,@LegalAFMTN,@adammockler,@TheMichaelCohenShow,right,right,left,left,left,1.764,1.849,1.994,2.022,2.028
videos,political,@destiny,left,@hutch,@BadEmpanadaLive,@TheMajorityReport,@LIVESNEAKO,@AlexStein99,neutral,left,left,neutral,right,1.228,1.251,1.257,1.341,1.359
videos,political,@destinyhqclips,neutral,@The_Crucible,@BrittanyVenti,@TheYoungTurks,@LegalEagle,@LIVESNEAKO,right,neutral,left,left,neutral,1.607,2.062,2.319,2.46,2.525
videos,political,@dineshdsouza,right,@BadEmpanadaLive,@PoliticsGirl,@hutch,@HasanAbi,@JustPearlyThings,left,left,neutral,left,right,2.255,2.266,2.34,2.346,2.491
videos,political,@dollemore,left,@DueDissidence,@LegalAFMTN,@RealAmericasVoice,@HasanabiClips,@TheOfficerTatum,left,left,right,left,right,1.562,1.821,1.875,1.938,2.069
videos,political,@fastpoliticspodcast,left,@JamarlThomas,@ClubRandomPodcast,@fightbackpodcast,@DropSiteNews,@TheAdamCarollaShow1,left,neutral,right,left,right,2.143,2.334,2.732,2.745,2.756
videos,political,@fightbackpodcast,right,@thejimmydoreshow,@NovaraMedia,@TheDonLemonShow,@judgingfreedom,@MyronGainesX,neutral,left,left,left,right,1.267,1.487,1.537,1.545,1.617
videos,political,@franifio,left,@BenShapiro,@ThePodcastoftheLotusEaters,@AlexStein99,@Styxhexenhammer666,@StevenCrowder,right,right,right,right,right,1.422,1.44,1.527,1.543,1.619
videos,political,@glennbeck,right,@MattWalsh,@JillianMichaels,@MarkDice,@morebridgetphetasy,@thomhartmann,right,right,right,right,left,1.251,1.361,1.426,1.533,1.682
videos,political,@harryjsisson,left,@adammockler,@LegalAFMTN,https://rumble.com/c/nickjfuentes,@MeidasTouch,@TheMichaelCohenShow,left,left,right,left,left,2.012,2.51,2.648,2.705,2.742
videos,political,@hutch,neutral,@BenShapiro,@RealDanBongino,@destiny,@JustPearlyThings,@TheLincolnProject,right,right,left,right,left,1.177,1.212,1.228,1.238,1.478
videos,political,@jimacosta,left,@BreakThroughNews,@Tim_Black,@zeteo,@bulwarkmedia,@cafedotcom,left,right,left,left,left,1.82,2.092,2.267,2.358,2.535
videos,political,@jlptalk,right,@timesofindia,@DemocracyNow,@lonerboxlive,@VivaFrei,@CashJordan,left,left,right,right,right,3.339,3.508,4.253,4.265,4.634
videos,political,@joerogan,neutral,@ClubRandomPodcast,@TheMajorityReport,@markets,@breakingpoints,@podsaveamerica,neutral,left,neutral,left,left,3.802,3.87,3.959,4.002,4.007
videos,political,@judgingfreedom,left,@TheDonLemonShow,@fightbackpodcast,@MrTariqNasheed,@theisabelbrown,@nousnetwork,left,right,right,right,left,1.47,1.545,1.811,1.864,1.92
videos,political,@katiephangnews,left,@TheOfficerTatum,@LegalAFMTN,@BlackConservativePerspective,@MeidasTouch,@TheQuartering,right,left,right,left,right,2.046,2.18,2.197,2.371,2.831
videos,political,@laurenchenclips,right,@chicksonright,@PTLRadioShow,@NovaraMedia,@JackCocchiarellaShow,@RubinReport,right,left,left,left,right,1.381,1.489,1.578,1.597,1.608
videos,political,@lizwheeler,right,@TheDonLemonShow,@marklevinshow,@hutch,@TheJoyReidShow,@TheLincolnProject,left,right,neutral,left,left,1.716,1.735,1.752,1.777,1.815
videos,political,@lonerboxlive,right,@winston_marshall,@rolandsmartin,@RealAmericasVoice,@MLChristiansen,@TheBrianKilmeadeShow,right,left,right,right,right,2.202,2.282,2.311,2.342,2.395
videos,political,@lovettorleaveitpodcast,left,@TheAdamCarollaShow1,@PTLRadioShow,@thejimmydoreshow,@MyronGainesX,@marclamonthillnetwork,right,left,neutral,right,left,1.45,2.22,2.229,2.358,2.501
videos,political,@marclamonthillnetwork,left,@TheAdamCarollaShow1,@MegynKelly,@oann,@clayandbuck,@nypost,right,right,right,right,right,1.967,2.056,2.094,2.228,2.299
videos,political,@markets,neutral,@oann,@nypost,@ClubRandomPodcast,@TheJoyReidShow,@HasanReactionsfanTwo,right,right,neutral,left,left,1.807,1.926,1.942,2.049,2.217
videos,political,@marklevinshow,right,@underthedesknews,@lizwheeler,@TheJoyReidShow,@therationalnational,@winston_marshall,left,right,left,left,right,1.476,1.735,1.97,2.217,2.434
videos,political,@morebridgetphetasy,right,@thomhartmann,@theisabelbrown,@glennbeck,@JillianMichaels,@MarkDice,left,right,right,right,right,1.429,1.467,1.533,1.596,1.686
videos,political,@moreperfectunion,left,@CoreyGilShusterAskProject,@X22Report-y5y,@glennbeck,@thewarningwithsteveschmidt,@bbrettcooper,neutral,right,right,left,right,4.902,5.576,5.879,5.956,6.007
videos,political,@msnow,left,@FoxNewsChannelClips,@FoxNews,@NewsmaxTV,@SkyNews,@NBCNews,right,right,right,left,neutral,1.987,2.634,2.776,2.957,3.347
videos,political,@nationalreview,right,@TheDailyBeast,@ColemanHughesOfficial,@chriscuomo,@nytimes,@nousnetwork,left,right,left,left,left,1.89,2.277,2.355,2.37,2.49
videos,political,@newdiscourses,right,@NYTPodcasts,@TheLincolnProject,@DarkHorsePod,@markets,@TheJoyReidShow,left,left,right,neutral,left,3.138,3.196,3.238,3.52,3.547
videos,political,@nousnetwork,left,@AndrewKlavan,@RufoandLomez,@MrTariqNasheed,@TheAtlantic,@judgingfreedom,right,right,right,left,left,1.471,1.617,1.732,1.914,1.92
videos,political,@nypost,right,@oann,@MLChristiansen,@GlennKirschner2,@clayandbuck,@RealAmericasVoice,right,right,left,right,right,1.087,1.211,1.561,1.79,1.794
videos,political,@nytimes,left,@samharrisorg,@TheDailyBeast,@zeteo,@theisabelbrown,@AndrewKlavan,left,left,left,right,right,2.143,2.175,2.286,2.297,2.367
videos,political,@oann,right,@nypost,@RealAmericasVoice,@clayandbuck,@MLChristiansen,@HasanReactionsfanTwo,right,right,right,right,left,1.087,1.429,1.561,1.657,1.788
videos,political,@podsaveamerica,left,@Forthepeoplepodcast305,@NovaraMedia,@DropSiteNews,@thejimmydoreshow,@MyronGainesX,left,left,left,neutral,right,1.286,1.317,1.617,1.623,1.686
videos,political,@ponderingpolitics,left,https://rumble.com/c/nickjfuentes,@PiscoLitty,@LegalAFMTN,@MeidasTouch,@harryjsisson,right,left,left,left,left,2.559,2.702,3.309,3.326,3.342
videos,political,@rolandsmartin,left,@MLChristiansen,@TomiLahrenIsFearless,@RealAmericasVoice,@VivaFrei,@PTLRadioShow,right,right,right,right,left,1.513,1.924,2.139,2.276,2.281
videos,political,@samharrisorg,left,@Politicon,@theisabelbrown,@SMN,@LeejaMiller,@TheAtlantic,left,right,left,left,left,1.465,1.621,1.652,1.683,1.71
videos,political,@thedavidpakmanshow,left,@TheVaushPit,@JustPearlyThings,@Vaush,@RebelNewsOnline,@axios,left,right,left,right,neutral,1.822,1.926,1.947,1.948,2.391
videos,political,@thegrayzone7996,left,@ABCNews,@NBCNews,@Reuters,@CBSNews,@RebelNewsOnline,neutral,neutral,neutral,neutral,right,1.469,2.32,2.331,2.675,2.691
videos,political,@thehill,neutral,@NewsNation,@oann,@RealAmericasVoice,@HasanabiClips,@USATODAY,neutral,right,right,left,neutral,1.997,2.236,2.344,2.408,2.563
videos,political,@theisabelbrown,right,@thomhartmann,@LeejaMiller,@MrTariqNasheed,@AndrewKlavan,@morebridgetphetasy,left,left,right,right,right,1.022,1.325,1.34,1.342,1.467
videos,political,@thejimmydoreshow,neutral,@fightbackpodcast,@MyronGainesX,@TheAdamCarollaShow1,@podsaveamerica,@Forthepeoplepodcast305,right,right,right,left,left,1.267,1.347,1.463,1.623,1.697
videos,political,@therationalnational,left,@Forthepeoplepodcast305,@winston_marshall,@TheLincolnProject,@GlennKirschner2,@TheJoyReidShow,left,right,left,left,left,1.62,1.681,1.763,1.796,1.799
videos,political,@thewarningwithsteveschmidt,left,@UnHerd,@franifio,@X22Report-y5y,@bbrettcooper,@LeverNews,left,left,right,right,left,4.926,4.963,4.977,4.983,5.108
videos,political,@thomhartmann,left,@theisabelbrown,@MrTariqNasheed,@ZubyMusic,@morebridgetphetasy,@KimIversen,right,right,right,right,neutral,1.022,1.273,1.328,1.429,1.492
videos,political,@timesofindia,left,@DemocracyNow,@jlptalk,@StatusCoup,@PiersMorganUncensored,@TimesNowWorld,left,right,left,neutral,neutral,2.737,3.339,3.642,3.827,3.962
videos,political,@triggerpod,right,@TheMajorityReport,@podsaveamerica,@NovaraMedia,@marklevinshow,@usefulidiots,left,left,left,right,left,2.866,2.981,3.01,3.065,3.131
videos,political,@turningpointusa,right,@wethefifth,@PragerU,@Semafor,@RonPlacone,@markets,neutral,right,neutral,left,neutral,2.532,2.533,2.587,2.874,2.997
videos,political,@underthedesknews,left,@marklevinshow,@TheJoyReidShow,@therationalnational,@lizwheeler,@RonPlacone,right,left,left,right,left,1.476,1.635,1.95,1.989,1.997
videos,political,@usefulidiots,left,@RebelHQ,@Forthepeoplepodcast305,@FarronBalanced,@chicksonright,@JackCocchiarellaShow,left,left,left,right,left,1.846,1.963,2.026,2.069,2.114
videos,political,@wethefifth,neutral,@clayandbuck,@DemocracyDocket,@TheJoyReidShow,@TheRealTabithaSpeaks,@NYTPodcasts,right,left,left,left,left,1.838,1.853,1.913,2.049,2.089
videos,political,@winston_marshall,right,@JillianMichaels,@DropSiteNews,@therationalnational,@Forthepeoplepodcast305,@MichaelKnowles,right,left,left,left,right,1.616,1.671,1.681,1.744,1.765
videos,political,@wsj,neutral,@nationalreview,@TheDailyBeast,@nytimes,@chriscuomo,@RufoandLomez,right,left,left,left,right,2.81,2.986,3.511,3.547,3.676
videos,political,@zeteo,left,@TheBrianKilmeadeShow,@BreakThroughNews,@JillianMichaels,@jimacosta,@nytimes,right,left,right,left,left,1.674,1.862,2.166,2.267,2.286
videos,political,https://rumble.com/c/BannonsWarRoom,right,@cafedotcom,@MegynKelly,@RealAlexClark,@NewsmaxTV,@VivaFrei,left,right,right,right,right,4.055,4.474,4.526,4.623,4.693
videos,political,https://rumble.com/c/GGreenwald,left,@clayandbuck,@RubinReport,@ChadPrather1,@DemocracyDocket,@JillianMichaels,right,right,right,left,right,1.676,1.68,1.887,1.898,2.011
videos,political,https://rumble.com/c/TheAlexJonesShowLive,right,@SMN,@SecularTalk,@HasanabiClips,@deanwithrs,https://rumble.com/c/GGreenwald,left,left,left,left,left,2.086,2.208,2.324,2.343,2.404
videos,political,https://rumble.com/c/nickjfuentes,right,@DueDissidence,@PiscoLitty,@LegalAFMTN,@TheMichaelCohenShow,@AnthonyBrianLogan,left,left,left,left,right,1.909,2.066,2.146,2.224,2.25
videos,political,https://rumble.com/c/russellbrand,right,@ClipsCandaceOwens,@LiberalHivemind,@CamHigby,@The_Crucible,@AsmonTV,neutral,right,right,right,right,1.848,2.273,2.281,2.299,2.349
streams,all,@ABCNews,neutral,@Reuters,@msnow,@NBCNews,@MeidasTouch,@ANINewsIndia,neutral,left,neutral,left,neutral,2.999,3.127,3.165,3.28,3.428
streams,all,@ANINewsIndia,neutral,@USATODAY,@NBCNews,@bulwarkmedia,@AnthonyBrianLogan,@SkyNews,neutral,neutral,left,right,left,2.277,2.322,2.387,2.442,2.494
streams,all,@AfterPartyEmily,right,@chicksonright,@NickCruseRBN,@DueDissidence,@VivaFrei,@MLChristiansen,right,left,left,right,right,2.42,2.69,2.714,2.766,2.774
streams,all,@AnthonyBrianLogan,right,@franifio,@rolandsmartin,@VivaFrei,@thewarningwithsteveschmidt,@NickCruseRBN,left,left,right,left,left,1.468,1.826,2.009,2.178,2.269
streams,all,@AssociatedPress,neutral,@Reuters,@NBCNews,@msnow,@USATODAY,@ANINewsIndia,neutral,neutral,left,neutral,neutral,1.658,1.833,2.025,2.665,2.721
streams,all,@BreakThroughNews,left,@Firstpost,@bulwarkmedia,@TheDonLemonShow,@judgingfreedom,@StatusCoup,neutral,left,left,left,left,2.988,3.263,3.305,3.449,3.477
streams,all,@CBSNews,neutral,@FoxNews,@USATODAY,@SkyNews,@PTLRadioShow,@thehill,right,neutral,left,left,neutral,2.203,2.228,2.918,3.067,3.235
streams,all,@CNN,left,@FoxNews,@thehill,@PTLRadioShow,@SkyNews,@USATODAY,right,neutral,left,left,neutral,1.977,2.027,2.19,2.767,2.939
streams,all,@CamHigby,right,@ThePodcastoftheLotusEaters,@underthedesknews,@hutch,@TheJoyReidShow,@franifio,right,left,neutral,left,left,1.755,2.237,2.286,2.376,2.454
streams,all,@ChadPrather1,right,@glennbeck,@lizwheeler,@JustPearlyThings,@NewsNation,@TheDonLemonShow,right,right,right,neutral,left,1.575,3.862,4.014,4.371,4.467
streams,all,@DannyHaiphongYT,left,@JamarlThomas,@thejimmydoreshow,@NickCruseRBN,@TimcastIRL,@TimesNowWorld,left,neutral,left,right,neutral,2.965,3.436,3.474,3.945,4.052
streams,all,@DueDissidence,left,@chicksonright,@TimesNowWorld,@AfterPartyEmily,@thejimmydoreshow,@MLChristiansen,right,neutral,right,neutral,right,2.65,2.696,2.714,3.082,3.185
streams,all,@FarronBalanced,left,@bulwarkmedia,@ThePodcastoftheLotusEaters,@thehill,@NewsmaxTV,@CamHigby,left,right,neutral,right,right,2.255,2.256,2.289,2.45,2.576
streams,all,@Firstpost,neutral,@TimesNowWorld,@RedactedNews,@marclamonthillnetwork,@ANINewsIndia,@MyronGainesX,neutral,right,left,neutral,right,2.035,2.308,2.454,2.502,2.687
streams,all,@FoxNews,right,@USATODAY,@PTLRadioShow,@SkyNews,@thehill,@CNN,neutral,left,left,neutral,left,1.683,1.749,1.811,1.813,1.977
streams,all,@FreshFitMiami,right,@RekietaLaw,@MyronGainesX,@RedactedNews,@AnthonyBrianLogan,@OwenReport,right,right,right,right,left,2.375,2.515,2.726,3.064,3.079
streams,all,@JacksonHinkleOfficial,neutral,@oann,@MeidasTouch,@TheOfficerTatum,@LukeBeasley,@StatusCoup,right,left,right,left,left,3.371,3.676,4.239,4.493,4.555
streams,all,@JamarlThomas,left,@Firstpost,@DannyHaiphongYT,@TimcastIRL,@MyronGainesX,@TimesNowWorld,neutral,left,right,right,neutral,2.746,2.965,2.966,3.011,3.279
streams,all,@JustPearlyThings,right,@hutch,@TheDonLemonShow,@NewsNation,@NewsmaxTV,@bulwarkmedia,neutral,left,neutral,right,left,2.254,2.386,2.387,2.395,2.796
streams,all,@LIVESNEAKO,neutral,@PTLRadioShow,@NewsmaxTV,@ThePodcastoftheLotusEaters,@markets,@thehill,left,right,right,neutral,neutral,2.492,2.812,2.873,2.879,2.887
streams,all,@LukeBeasley,left,@MeidasTouch,@TheYoungTurks,@ANINewsIndia,@StatusCoup,@TheDonLemonShow,left,left,neutral,left,left,2.97,3.154,3.256,3.34,3.467
streams,all,@MLChristiansen,right,@rolandsmartin,@marclamonthillnetwork,@AnthonyBrianLogan,@TheMajorityReport,@franifio,left,left,right,left,left,2.233,2.375,2.432,2.44,2.702
streams,all,@MeidasTouch,left,@TheOfficerTatum,@StatusCoup,@NBCNews,@ANINewsIndia,@Reuters,right,left,neutral,neutral,neutral,1.718,2.461,2.511,2.666,2.667
streams,all,@ModernDayDebate,left,@bulwarkmedia,@marclamonthillnetwork,@ANINewsIndia,@NewsmaxTV,@rolandsmartin,left,left,neutral,right,left,2.095,3.01,3.204,3.228,3.288
streams,all,@MyronGainesX,right,@RedactedNews,@franifio,@AnthonyBrianLogan,@FreshFitMiami,@NewsmaxTV,right,left,right,right,right,2.311,2.366,2.465,2.515,2.56
streams,all,@NBCNews,neutral,@AssociatedPress,@Reuters,@msnow,@ANINewsIndia,@USATODAY,neutral,neutral,left,neutral,neutral,1.833,2.069,2.232,2.322,2.411
streams,all,@NewsNation,neutral,@JustPearlyThings,@USATODAY,@ANINewsIndia,@SkyNews,@hutch,right,neutral,neutral,left,neutral,2.387,2.782,2.973,3.272,3.287
streams,all,@NewsmaxTV,right,@bulwarkmedia,@franifio,@OwenReport,@TheDonLemonShow,@hutch,left,left,left,left,neutral,1.635,1.752,1.899,1.99,2.241
streams,all,@NickCruseRBN,left,@thejimmydoreshow,@rolandsmartin,@chicksonright,@AnthonyBrianLogan,@TheSerfTimes,neutral,left,right,right,left,1.029,1.997,2.207,2.269,2.455
streams,all,@OwenReport,left,@NewsmaxTV,@TheDonLemonShow,@RekietaLaw,@bulwarkmedia,@TheYoungTurks,right,left,right,left,left,1.899,2.262,2.42,2.549,2.567
streams,all,@PBDPodcast,right,@rolandsmartin,@franifio,@markets,@marclamonthillnetwork,@FarronBalanced,left,left,neutral,left,left,2.186,2.285,2.441,2.47,2.8
streams,all,@PTLRadioShow,left,@SkyNews,@FoxNews,@thehill,@USATODAY,@CNN,left,right,neutral,neutral,left,1.639,1.749,1.789,2.108,2.19
streams,all,@PhillipScottPodcast,right,@FreshFitMiami,@RedactedNews,@RekietaLaw,@JustPearlyThings,@OwenReport,right,right,right,right,left,3.438,4.283,4.602,4.71,4.831
streams,all,@RSBN,right,@TheJoyReidShow,@TheOfficerTatum,@underthedesknews,@marclamonthillnetwork,@franifio,left,right,left,left,left,3.273,3.277,3.453,3.553,3.572
streams,all,@RealAmericasVoice,right,@TimcastIRL,@Xanderhal,@SabbySabs,@LukeBeasley,@TimesNowWorld,right,left,left,left,neutral,3.312,3.367,3.507,3.75,4.049
streams,all,@RebelNewsOnline,right,@FoxNews,@SkyNews,@CNN,@thehill,@rolandsmartin,right,left,left,neutral,left,2.922,3.057,3.364,3.367,3.393
streams,all,@RedactedNews,right,@TimesNowWorld,@Firstpost,@MyronGainesX,@TheDamageReport,@ANINewsIndia,neutral,neutral,right,left,neutral,2.094,2.308,2.311,2.632,2.693
streams,all,@RekietaLaw,right,@VivaFrei,@FreshFitMiami,@OwenReport,@AnthonyBrianLogan,@MyronGainesX,right,right,left,right,right,1.867,2.375,2.42,2.431,2.858
streams,all,@Reuters,neutral,@AssociatedPress,@NBCNews,@msnow,@MeidasTouch,@ABCNews,neutral,neutral,left,left,neutral,1.658,2.069,2.326,2.667,2.999
streams,all,@RobertGouveiaEsq,right,@TheYoungTurks,@PBDPodcast,@rolandsmartin,@thejimmydoreshow,@NickCruseRBN,left,right,left,neutral,left,2.929,3.005,3.049,3.119,3.268
streams,all,@RubinReport,right,@TheYoungTurks,@RedactedNews,@deanwithrs,@TheDonLemonShow,@OwenReport,left,right,left,left,left,2.841,2.913,2.934,3.132,3.144
streams,all,@SabbySabs,left,@RealAmericasVoice,@Xanderhal,@DueDissidence,@TheSerfTimes,@TimesNowWorld,right,left,left,left,neutral,3.507,4.734,5.075,5.156,5.495
streams,all,@SkyNews,left,@PTLRadioShow,@FoxNews,@USATODAY,@thehill,@ANINewsIndia,left,right,neutral,neutral,neutral,1.639,1.811,2.009,2.393,2.494
streams,all,@StatusCoup,left,@MeidasTouch,@ANINewsIndia,@TheOfficerTatum,@TimcastIRL,@deanwithrs,left,neutral,right,right,left,2.461,2.636,2.755,3.106,3.187
streams,all,@TheDamageReport,left,@RedactedNews,@TimesNowWorld,@AfterPartyEmily,@MLChristiansen,@thejimmydoreshow,right,neutral,right,right,neutral,2.632,2.707,2.793,3.016,3.017
streams,all,@TheDonLemonShow,left,@bulwarkmedia,@NewsmaxTV,@TheYoungTurks,@franifio,@OwenReport,left,right,left,left,left,1.989,1.99,2.083,2.156,2.262
streams,all,@TheJoyReidShow,left,@underthedesknews,@franifio,@CamHigby,@hutch,@TheDonLemonShow,left,left,right,neutral,left,2.092,2.15,2.376,2.481,2.6
streams,all,@TheMajorityReport,left,@thewarningwithsteveschmidt,@franifio,@MLChristiansen,@NickCruseRBN,@AnthonyBrianLogan,left,left,right,left,right,2.034,2.355,2.44,2.473,2.6
streams,all,@TheOfficerTatum,right,@MeidasTouch,@oann,@StatusCoup,@Reuters,@ANINewsIndia,left,right,left,neutral,neutral,1.718,2.574,2.755,3.134,3.268
streams,all,@ThePodcastoftheLotusEaters,right,@CamHigby,@hutch,@thehill,@FarronBalanced,@nypost,right,neutral,neutral,left,right,1.755,1.787,2.163,2.256,2.331
streams,all,@TheSerfTimes,left,@thejimmydoreshow,@NickCruseRBN,@chicksonright,@rolandsmartin,@TheDamageReport,neutral,left,right,left,left,2.226,2.455,2.766,3.279,3.316
streams,all,@TheYoungTurks,left,@TheDonLemonShow,@franifio,@NewsmaxTV,@rolandsmartin,@thejimmydoreshow,left,left,right,left,neutral,2.083,2.187,2.27,2.509,2.512
streams,all,@TimcastIRL,right,@JamarlThomas,@StatusCoup,@RealAmericasVoice,@LIVESNEAKO,@NewsmaxTV,left,left,right,neutral,right,2.966,3.106,3.312,3.436,3.446
streams,all,@TimesNowWorld,neutral,@Firstpost,@RedactedNews,@marclamonthillnetwork,@DueDissidence,@TheDamageReport,neutral,right,left,left,left,2.035,2.094,2.564,2.696,2.707
streams,all,@USATODAY,neutral,@FoxNews,@SkyNews,@PTLRadioShow,@CBSNews,@ANINewsIndia,right,left,left,neutral,neutral,1.683,2.009,2.108,2.228,2.277
streams,all,@VivaFrei,right,@RekietaLaw,@AnthonyBrianLogan,@NickCruseRBN,@franifio,@thejimmydoreshow,right,right,left,left,neutral,1.867,2.009,2.476,2.513,2.52
streams,all,@Xanderhal,left,@RealAmericasVoice,@deanwithrs,@SkyNews,@DueDissidence,@LukeBeasley,right,left,left,left,left,3.367,4.233,4.292,4.449,4.597
streams,all,@bennyjohnson,right,@deanwithrs,@MyronGainesX,@RubinReport,@RedactedNews,@VivaFrei,left,right,right,right,right,4.029,4.216,4.261,4.326,4.936
streams,all,@bulwarkmedia,left,@NewsmaxTV,@TheDonLemonShow,@franifio,@ModernDayDebate,@FarronBalanced,right,left,left,left,left,1.635,1.989,2.038,2.095,2.255
streams,all,@chicksonright,right,@NickCruseRBN,@thejimmydoreshow,@rolandsmartin,@AfterPartyEmily,@DueDissidence,left,neutral,left,right,left,2.207,2.232,2.32,2.42,2.65
streams,all,@deanwithrs,left,@TheYoungTurks,@RubinReport,@franifio,@hutch,@NBCNews,left,right,left,neutral,neutral,2.628,2.934,2.991,3.047,3.071
streams,all,@franifio,left,@AnthonyBrianLogan,@rolandsmartin,@NewsmaxTV,@hutch,@bulwarkmedia,right,left,right,neutral,left,1.468,1.73,1.752,1.81,2.038
streams,all,@glennbeck,right,@ChadPrather1,@lizwheeler,@JustPearlyThings,@TheDonLemonShow,@OwenReport,right,right,right,left,left,1.575,2.974,3.544,3.587,3.729
streams,all,@hutch,neutral,@ThePodcastoftheLotusEaters,@franifio,@nypost,@NewsmaxTV,@JustPearlyThings,right,left,right,right,right,1.787,1.81,2.066,2.241,2.254
streams,all,@jimacosta,left,@FreshFitMiami,@RedactedNews,@ANINewsIndia,@RekietaLaw,@TheDamageReport,right,right,neutral,right,left,3.273,3.35,3.443,3.614,3.756
streams,all,@jlptalk,right,@MyronGainesX,@FreshFitMiami,@TimesNowWorld,@RedactedNews,@Firstpost,right,right,neutral,right,neutral,6.457,6.548,6.648,6.662,6.793
streams,all,@judgingfreedom,left,@bulwarkmedia,@TheDonLemonShow,@thewarningwithsteveschmidt,@NewsmaxTV,@franifio,left,left,left,right,left,2.461,2.789,2.819,2.855,2.87
streams,all,@lizwheeler,right,@TheJoyReidShow,@glennbeck,@TheDonLemonShow,@franifio,@underthedesknews,left,right,left,left,left,2.772,2.974,3.295,3.338,3.367
streams,all,@marclamonthillnetwork,left,@rolandsmartin,@franifio,@bulwarkmedia,@MLChristiansen,@NewsmaxTV,left,left,left,right,right,1.342,2.196,2.297,2.375,2.383
streams,all,@markets,neutral,@nypost,@franifio,@PBDPodcast,@hutch,@ThePodcastoftheLotusEaters,right,left,right,neutral,right,1.972,2.306,2.441,2.528,2.573
streams,all,@msnow,left,@AssociatedPress,@NBCNews,@USATODAY,@Reuters,@ANINewsIndia,neutral,neutral,neutral,neutral,neutral,2.025,2.232,2.293,2.326,2.637
streams,all,@nypost,right,@markets,@hutch,@ThePodcastoftheLotusEaters,@CamHigby,@franifio,neutral,neutral,right,right,left,1.972,2.066,2.331,2.516,2.623
streams,all,@oann,right,@TheOfficerTatum,@MeidasTouch,@LIVESNEAKO,@Reuters,@JacksonHinkleOfficial,right,left,neutral,neutral,neutral,2.574,2.804,3.207,3.361,3.371
streams,all,@rolandsmartin,left,@marclamonthillnetwork,@franifio,@AnthonyBrianLogan,@thejimmydoreshow,@NickCruseRBN,left,left,right,neutral,left,1.342,1.73,1.826,1.908,1.997
streams,all,@thehill,neutral,@PTLRadioShow,@FoxNews,@CNN,@ThePodcastoftheLotusEaters,@FarronBalanced,left,right,left,right,left,1.789,1.813,2.027,2.163,2.289
streams,all,@thejimmydoreshow,neutral,@NickCruseRBN,@rolandsmartin,@TheSerfTimes,@chicksonright,@AnthonyBrianLogan,left,left,left,right,right,1.029,1.908,2.226,2.232,2.31
streams,all,@thewarningwithsteveschmidt,left,@TheMajorityReport,@AnthonyBrianLogan,@franifio,@hutch,@judgingfreedom,left,right,left,neutral,left,2.034,2.178,2.209,2.624,2.819
streams,all,@timesofindia,left,@TheDamageReport,@RedactedNews,@TimesNowWorld,@Firstpost,@jimacosta,left,right,neutral,neutral,left,4.363,4.696,4.903,5.036,5.264
streams,all,@underthedesknews,left,@franifio,@TheJoyReidShow,@CamHigby,@AnthonyBrianLogan,@TheYoungTurks,left,left,right,right,left,2.084,2.092,2.237,2.56,2.575
streams,political,@ABCNews,neutral,@Reuters,@NBCNews,@MeidasTouch,@msnow,@ANINewsIndia,neutral,neutral,left,left,neutral,3.549,3.618,3.656,3.701,3.901
streams,political,@ANINewsIndia,neutral,@USATODAY,@bulwarkmedia,@AnthonyBrianLogan,@SkyNews,@NewsmaxTV,neutral,left,right,left,right,2.262,2.348,2.359,2.362,2.489
streams,political,@AfterPartyEmily,right,@chicksonright,@NickCruseRBN,@DueDissidence,@TheDamageReport,@thejimmydoreshow,right,left,left,left,neutral,2.386,2.566,2.627,2.721,2.778
streams,political,@AnthonyBrianLogan,right,@franifio,@rolandsmartin,@thewarningwithsteveschmidt,@NickCruseRBN,@thejimmydoreshow,left,left,left,left,neutral,1.499,2.048,2.077,2.269,2.289
streams,political,@AssociatedPress,neutral,@Reuters,@NBCNews,@msnow,@MeidasTouch,@USATODAY,neutral,neutral,left,left,neutral,1.332,1.497,1.881,2.781,2.784
streams,political,@BreakThroughNews,left,@Firstpost,@bulwarkmedia,@judgingfreedom,@TheDonLemonShow,@StatusCoup,neutral,left,left,left,left,2.986,3.15,3.287,3.385,3.408
streams,political,@CBSNews,neutral,@FoxNews,@USATODAY,@SkyNews,@PTLRadioShow,@thehill,right,neutral,left,left,neutral,2.453,2.488,3.229,3.28,3.309
streams,political,@CNN,left,@FoxNews,@thehill,@PTLRadioShow,@SkyNews,@USATODAY,right,neutral,left,left,neutral,1.723,1.856,1.878,2.67,2.702
streams,political,@CamHigby,right,@ThePodcastoftheLotusEaters,@underthedesknews,@TheJoyReidShow,@TheDonLemonShow,@FarronBalanced,right,left,left,left,left,1.852,2.335,2.444,2.508,2.515
streams,political,@ChadPrather1,right,@glennbeck,@lizwheeler,@JustPearlyThings,@NewsNation,@TheDonLemonShow,right,right,right,neutral,left,1.749,3.998,4.129,4.174,4.528
streams,political,@DannyHaiphongYT,left,@JamarlThomas,@thejimmydoreshow,@NickCruseRBN,@TimcastIRL,@TimesNowWorld,left,neutral,left,right,neutral,2.817,3.484,3.49,3.894,4.078
streams,political,@DueDissidence,left,@chicksonright,@AfterPartyEmily,@TimesNowWorld,@thejimmydoreshow,@NickCruseRBN,right,right,neutral,neutral,left,2.596,2.627,2.674,3.041,3.176
streams,political,@FarronBalanced,left,@bulwarkmedia,@ThePodcastoftheLotusEaters,@thehill,@NewsmaxTV,@CamHigby,left,right,neutral,right,right,2.198,2.254,2.332,2.414,2.515
streams,political,@Firstpost,neutral,@TimesNowWorld,@RedactedNews,@marclamonthillnetwork,@ANINewsIndia,@MyronGainesX,neutral,right,left,neutral,right,2.129,2.277,2.365,2.501,2.694
streams,political,@FoxNews,right,@USATODAY,@CNN,@thehill,@PTLRadioShow,@SkyNews,neutral,left,neutral,left,left,1.706,1.723,1.733,1.734,1.793
streams,political,@FreshFitMiami,right,@MyronGainesX,@RedactedNews,@RekietaLaw,@OwenReport,@AnthonyBrianLogan,right,right,right,left,right,2.45,2.615,2.952,3.09,3.098
streams,political,@JacksonHinkleOfficial,neutral,@oann,@MeidasTouch,@TheOfficerTatum,@LukeBeasley,@StatusCoup,right,left,right,left,left,3.443,3.632,3.774,4.391,4.41
streams,political,@JamarlThomas,left,@Firstpost,@DannyHaiphongYT,@TimcastIRL,@MyronGainesX,@markets,neutral,left,right,right,neutral,2.764,2.817,2.896,2.973,3.142
streams,political,@JustPearlyThings,right,@NewsmaxTV,@NewsNation,@TheDonLemonShow,@PTLRadioShow,@bulwarkmedia,right,neutral,left,left,left,2.486,2.538,2.716,2.849,2.92
streams,political,@LIVESNEAKO,neutral,@PTLRadioShow,@NewsmaxTV,@franifio,@SkyNews,@thehill,left,right,left,left,neutral,2.242,2.615,2.662,2.759,2.858
streams,political,@LukeBeasley,left,@MeidasTouch,@TheYoungTurks,@ANINewsIndia,@StatusCoup,@TheOfficerTatum,left,left,neutral,left,right,2.904,3.075,3.173,3.277,3.369
streams,political,@MLChristiansen,right,@rolandsmartin,@marclamonthillnetwork,@TheMajorityReport,@AnthonyBrianLogan,@NickCruseRBN,left,left,left,right,left,2.065,2.28,2.294,2.473,2.539
streams,political,@MeidasTouch,left,@TheOfficerTatum,@StatusCoup,@ANINewsIndia,@Reuters,@oann,right,left,neutral,neutral,right,1.64,2.415,2.591,2.744,2.747
streams,political,@ModernDayDebate,left,@bulwarkmedia,@marclamonthillnetwork,@NewsmaxTV,@rolandsmartin,@ANINewsIndia,left,left,right,left,neutral,2.089,2.976,3.183,3.189,3.189
streams,political,@MyronGainesX,right,@RedactedNews,@franifio,@FreshFitMiami,@NewsmaxTV,@AnthonyBrianLogan,right,left,right,right,right,2.126,2.35,2.45,2.516,2.542
streams,political,@NBCNews,neutral,@AssociatedPress,@Reuters,@msnow,@USATODAY,@MeidasTouch,neutral,neutral,left,neutral,left,1.497,1.518,1.657,2.871,3.103
streams,political,@NewsNation,neutral,@JustPearlyThings,@USATODAY,@ANINewsIndia,@SkyNews,@PTLRadioShow,right,neutral,neutral,left,left,2.538,2.956,3.173,3.359,3.524
streams,political,@NewsmaxTV,right,@bulwarkmedia,@franifio,@OwenReport,@TheYoungTurks,@marclamonthillnetwork,left,left,left,left,left,1.615,1.76,1.921,2.291,2.302
streams,political,@NickCruseRBN,left,@thejimmydoreshow,@rolandsmartin,@chicksonright,@AnthonyBrianLogan,@TheMajorityReport,neutral,left,right,right,left,0.991,1.896,2.073,2.269,2.372
streams,political,@OwenReport,left,@NewsmaxTV,@TheYoungTurks,@TheDonLemonShow,@bulwarkmedia,@franifio,right,left,left,left,left,1.921,2.467,2.499,2.558,2.634
streams,political,@PBDPodcast,right,@rolandsmartin,@markets,@marclamonthillnetwork,@franifio,@MLChristiansen,left,neutral,left,left,right,2.15,2.301,2.309,2.416,2.897
streams,political,@PTLRadioShow,left,@thehill,@SkyNews,@FoxNews,@CNN,@USATODAY,neutral,left,right,left,neutral,1.658,1.712,1.734,1.878,2.04
streams,political,@PhillipScottPodcast,right,@FreshFitMiami,@RedactedNews,@RekietaLaw,@JustPearlyThings,@MyronGainesX,right,right,right,right,right,3.146,4.2,4.495,4.569,4.793
streams,political,@RSBN,right,@TheJoyReidShow,@underthedesknews,@franifio,@AnthonyBrianLogan,@TheOfficerTatum,left,left,left,right,right,3.123,3.266,3.549,3.656,3.665
streams,political,@RealAmericasVoice,right,@TimcastIRL,@Xanderhal,@SabbySabs,@LukeBeasley,@TimesNowWorld,right,left,left,left,neutral,3.256,3.392,3.48,3.704,3.987
streams,political,@RebelNewsOnline,right,@FoxNews,@SkyNews,@CNN,@rolandsmartin,@thehill,right,left,left,left,neutral,3.004,3.064,3.298,3.301,3.317
streams,political,@RedactedNews,right,@TimesNowWorld,@MyronGainesX,@Firstpost,@ANINewsIndia,@NewsmaxTV,neutral,right,neutral,neutral,right,2.057,2.126,2.277,2.513,2.599
streams,political,@RekietaLaw,right,@AnthonyBrianLogan,@FreshFitMiami,@OwenReport,@AfterPartyEmily,@MyronGainesX,right,right,left,right,right,2.717,2.952,3.009,3.523,3.607
streams,political,@Reuters,neutral,@AssociatedPress,@NBCNews,@msnow,@MeidasTouch,@TheOfficerTatum,neutral,neutral,left,left,right,1.332,1.518,2.233,2.744,3.271
streams,political,@RobertGouveiaEsq,right,@TheYoungTurks,@rolandsmartin,@thejimmydoreshow,@NickCruseRBN,@PBDPodcast,left,left,neutral,left,right,2.876,3.028,3.062,3.168,3.193
streams,political,@RubinReport,right,@TheYoungTurks,@deanwithrs,@RedactedNews,@TheDonLemonShow,@OwenReport,left,left,right,left,left,2.77,2.857,2.91,2.945,3.086
streams,political,@SabbySabs,left,@RealAmericasVoice,@Xanderhal,@DueDissidence,@TheSerfTimes,@TimesNowWorld,right,left,left,left,neutral,3.48,4.748,4.978,5.11,5.377
streams,political,@SkyNews,left,@PTLRadioShow,@FoxNews,@USATODAY,@thehill,@ANINewsIndia,left,right,neutral,neutral,neutral,1.712,1.793,1.908,2.295,2.362
streams,political,@StatusCoup,left,@MeidasTouch,@ANINewsIndia,@TheOfficerTatum,@TimcastIRL,@Firstpost,left,neutral,right,right,neutral,2.415,2.567,2.799,3.13,3.137
streams,political,@TheDamageReport,left,@TimesNowWorld,@RedactedNews,@AfterPartyEmily,@thejimmydoreshow,@MLChristiansen,neutral,right,right,neutral,right,2.657,2.691,2.721,2.931,3.085
streams,political,@TheDonLemonShow,left,@TheYoungTurks,@bulwarkmedia,@NewsmaxTV,@OwenReport,@CamHigby,left,left,right,left,right,2.099,2.403,2.482,2.499,2.508
streams,political,@TheJoyReidShow,left,@underthedesknews,@franifio,@CamHigby,@lizwheeler,@TheDonLemonShow,left,left,right,right,left,2.015,2.272,2.444,2.461,2.792
streams,political,@TheMajorityReport,left,@thewarningwithsteveschmidt,@MLChristiansen,@franifio,@NickCruseRBN,@rolandsmartin,left,right,left,left,left,2.058,2.294,2.341,2.372,2.607
streams,political,@TheOfficerTatum,right,@MeidasTouch,@oann,@StatusCoup,@Reuters,@ANINewsIndia,left,right,left,neutral,neutral,1.64,2.422,2.799,3.271,3.359
streams,political,@ThePodcastoftheLotusEaters,right,@CamHigby,@thehill,@FarronBalanced,@nypost,@markets,right,neutral,left,right,neutral,1.852,2.181,2.254,2.287,2.445
streams,political,@TheSerfTimes,left,@thejimmydoreshow,@NickCruseRBN,@chicksonright,@rolandsmartin,@TheDamageReport,neutral,left,right,left,left,2.255,2.548,2.744,3.271,3.303
streams,political,@TheYoungTurks,left,@TheDonLemonShow,@franifio,@NewsmaxTV,@OwenReport,@thejimmydoreshow,left,left,right,left,neutral,2.099,2.17,2.291,2.467,2.477
streams,political,@TimcastIRL,right,@JamarlThomas,@StatusCoup,@RealAmericasVoice,@NewsmaxTV,@TimesNowWorld,left,left,right,right,neutral,2.896,3.13,3.256,3.394,3.576
streams,political,@TimesNowWorld,neutral,@RedactedNews,@Firstpost,@marclamonthillnetwork,@TheDamageReport,@ANINewsIndia,right,neutral,left,left,neutral,2.057,2.129,2.562,2.657,2.673
streams,political,@USATODAY,neutral,@FoxNews,@SkyNews,@PTLRadioShow,@thehill,@msnow,right,left,left,neutral,left,1.706,1.908,2.04,2.233,2.241
streams,political,@Xanderhal,left,@RealAmericasVoice,@deanwithrs,@LIVESNEAKO,@SkyNews,@DueDissidence,right,left,neutral,left,left,3.392,4.093,4.23,4.243,4.404
streams,political,@bennyjohnson,right,@deanwithrs,@RedactedNews,@MyronGainesX,@RubinReport,@TheYoungTurks,left,right,right,right,left,4.003,4.097,4.171,4.212,4.934
streams,political,@bulwarkmedia,left,@NewsmaxTV,@franifio,@ModernDayDebate,@FarronBalanced,@marclamonthillnetwork,right,left,left,left,left,1.615,1.999,2.089,2.198,2.234
streams,political,@chicksonright,right,@NickCruseRBN,@thejimmydoreshow,@rolandsmartin,@AfterPartyEmily,@DueDissidence,left,neutral,left,right,left,2.073,2.219,2.299,2.386,2.596
streams,political,@deanwithrs,left,@TheYoungTurks,@RubinReport,@franifio,@AnthonyBrianLogan,@RedactedNews,left,right,left,right,right,2.585,2.857,3.004,3.036,3.048
streams,political,@franifio,left,@AnthonyBrianLogan,@rolandsmartin,@NewsmaxTV,@bulwarkmedia,@TheYoungTurks,right,left,right,left,left,1.499,1.752,1.76,1.999,2.17
streams,political,@glennbeck,right,@ChadPrather1,@lizwheeler,@TheDonLemonShow,@JustPearlyThings,@OwenReport,right,right,left,right,left,1.749,2.881,3.371,3.428,3.578
streams,political,@jimacosta,left,@FreshFitMiami,@ANINewsIndia,@RedactedNews,@TheDamageReport,@RubinReport,right,neutral,right,left,right,3.292,3.318,3.331,3.621,3.79
streams,political,@jlptalk,right,@FreshFitMiami,@MyronGainesX,@RedactedNews,@TimesNowWorld,@PhillipScottPodcast,right,right,right,neutral,right,5.305,5.479,5.937,6.063,6.14
streams,political,@judgingfreedom,left,@bulwarkmedia,@thewarningwithsteveschmidt,@franifio,@NewsmaxTV,@TheDonLemonShow,left,left,left,right,left,2.407,2.757,2.825,2.849,3.007
streams,political,@lizwheeler,right,@TheJoyReidShow,@glennbeck,@franifio,@underthedesknews,@TheDonLemonShow,left,right,left,left,left,2.461,2.881,3.112,3.172,3.294
streams,political,@marclamonthillnetwork,left,@rolandsmartin,@franifio,@bulwarkmedia,@MLChristiansen,@NewsmaxTV,left,left,left,right,right,1.377,2.186,2.234,2.28,2.302
streams,political,@markets,neutral,@nypost,@PBDPodcast,@franifio,@ThePodcastoftheLotusEaters,@FarronBalanced,right,right,left,right,left,1.947,2.301,2.337,2.445,2.694
streams,political,@msnow,left,@NBCNews,@AssociatedPress,@Reuters,@USATODAY,@ANINewsIndia,neutral,neutral,neutral,neutral,neutral,1.657,1.881,2.233,2.241,2.573
streams,political,@nypost,right,@markets,@ThePodcastoftheLotusEaters,@franifio,@CamHigby,@bulwarkmedia,neutral,right,left,right,left,1.947,2.287,2.626,2.755,2.951
streams,political,@oann,right,@TheOfficerTatum,@MeidasTouch,@LIVESNEAKO,@Reuters,@StatusCoup,right,left,neutral,neutral,left,2.422,2.747,2.934,3.298,3.395
streams,political,@rolandsmartin,left,@marclamonthillnetwork,@franifio,@NickCruseRBN,@thejimmydoreshow,@AnthonyBrianLogan,left,left,left,neutral,right,1.377,1.752,1.896,1.91,2.048
streams,political,@thehill,neutral,@PTLRadioShow,@FoxNews,@CNN,@ThePodcastoftheLotusEaters,@USATODAY,left,right,left,right,neutral,1.658,1.733,1.856,2.181,2.233
streams,political,@thejimmydoreshow,neutral,@NickCruseRBN,@rolandsmartin,@chicksonright,@TheSerfTimes,@AnthonyBrianLogan,left,left,right,left,right,0.991,1.91,2.219,2.255,2.289
streams,political,@thewarningwithsteveschmidt,left,@TheMajorityReport,@AnthonyBrianLogan,@franifio,@judgingfreedom,@ANINewsIndia,left,right,left,left,neutral,2.058,2.077,2.208,2.757,2.918
streams,political,@timesofindia,left,@TheDamageReport,@RedactedNews,@TimesNowWorld,@Firstpost,@AfterPartyEmily,left,right,neutral,neutral,right,4.501,4.974,5.024,5.165,5.332
streams,political,@underthedesknews,left,@TheJoyReidShow,@franifio,@CamHigby,@AnthonyBrianLogan,@TheYoungTurks,left,left,right,right,left,2.015,2.188,2.335,2.537,2.549
