organisation,genre,n_channels,channels,n_unique,F1_controlled,F1_raw,F2_controlled,F2_raw,F3_controlled,F3_raw,F4_controlled,F4_raw,F5_controlled,F5_raw,F6_controlled,F6_raw,F7_controlled,F7_raw,F8_controlled,F8_raw,F9_controlled,F9_raw,F10_controlled,F10_raw,F11_controlled,F11_raw,F12_controlled,F12_raw
@SecretScholars,streams,1,@SecretScholars,1,1.8923843622747736,1.9283676960742229,-1.0568220001512847,-0.98541669831165,0.6715460674319922,0.2069673763224822,0.7888567237737759,0.7335651110140815,2.0838733536828538,1.876688792239152,3.0776711161402233,4.574271777265486,-1.903845448286169,-2.2840018056146647,0.2629623757273895,-0.0455286087887728,-1.8336404828837825,-1.6604441285567324,-0.2129050811729045,-0.3423917928407063,0.1293494625503821,-0.1705027862619222,-1.968925091335738,-2.5888606753757006
@SecretScholars,videos,1,@SecretScholars,106,-1.292345602611578,-1.4342369268025394,0.5936959305732602,0.7208284622507964,-0.4177773331436882,-0.5709052643654239,-0.08255736227354069,-0.1587409504367727,0.0903268944845417,0.0365986233842652,0.2380736505569553,0.40285838379485106,-0.2793897911954345,-0.18869477000906243,-0.2176177133578589,-0.4324577538642181,-1.063003833162793,-1.1525960206453638,-0.243202405868219,-0.0587064027948484,0.3850679589473632,0.3829701057277088,-1.8799333160457892,-2.31732061763018
ABC News,streams,1,@ABCNews,547,0.0705251906097915,0.9440950819571513,1.4493744720298856,0.849263048911242,2.3751064313244052,3.983760947356262,-0.1231059411547534,-0.3894498872683126,-0.2914421448927123,-0.8221854723017029,0.1816333978222131,0.4013456440659593,-0.0721083577327785,-0.1484292385819751,0.0444282777211125,0.2775506871366106,0.8908584540519657,1.109484275770907,-0.7361563148597404,-1.218409924482559,-0.8477681785447729,-1.5436360140641892,0.009055715856076,0.0186244217339716
ABC News,videos,1,@ABCNews,7521,0.6695934708078691,0.8085501079050007,-0.0268038075762009,-0.1381828619305959,-0.7308441331808109,-0.3261761494096131,-0.1841934963849367,-0.3561935945682522,0.0658490022752597,-0.175740111261148,-0.6285080264432853,-0.6907651679189355,1.281739181122909,1.7746823886390908,-0.0405260812312434,0.2620567661422512,-0.5097706850930815,-0.6402923498203538,0.1225966152484501,0.2769111359250293,-0.0542920441227955,-0.0584375288564894,-0.113304334816856,0.1114066622066054
ANI,streams,1,@ANINewsIndia,7202,0.0850914542507337,0.6436892035101937,0.0373159751296879,-0.0527468985489577,1.7184992689379512,3.0304996999199667,0.022668203882830102,-0.297833183484797,-0.3484619898861086,-0.9854236993103916,0.755112311234087,1.71345530506958,0.2516728277477895,1.261883888923307,-0.0634607190944172,0.3729104375940147,-0.0847843862845195,-0.4973295050163608,-0.5045016015456608,-0.1474942079099756,0.1234024491242503,1.0471605355249023,0.274045926335946,0.692053998974542
ANI,videos,1,@ANINewsIndia,11623,0.3770001957691325,0.6702077588039672,0.6216930227359094,0.5992047971905209,-0.8840625395819537,0.0218540774653364,-0.0252729238050594,-0.2695900277188282,-0.151148113563821,-0.6176830632531695,0.1526533536726402,0.7080255370798471,0.8996805015245747,1.8197890619710133,0.0835594524333459,0.4960065715428743,-0.0746528487955979,-0.4009261328765252,1.2255296502195443,1.7151765884073376,0.768562943047838,1.5221942212243007,0.159980906223646,0.8059584564111584
Aaron Parnas,streams,1,@aaronparnas1,10,-0.2620842009078202,0.0316303988568739,-0.8625839274831784,-0.9892102719699307,3.3287375273744773,3.467441098646705,-0.0071368556045456,0.0025594224649784,-0.4098664038427767,-0.5049331625637555,-0.5197026296041793,-0.5770623558751607,-0.9581670843915292,-0.700008330498705,-1.1258621536787907,-0.7680490904617501,-0.11598796098485371,-0.1200858628098906,-0.9176554604182916,-0.8424755705604567,-1.8057190583168332,-1.569148360160957,-1.3956985363690435,-1.6174574675557625
Aaron Parnas,videos,1,@aaronparnas1,769,-1.2469264206317685,-1.8992188300455417,-0.2811607389674487,-0.2835354595994308,2.1893007774899096,2.2739741762263415,-0.46576195823850286,-0.4518286059214334,-0.3141383099790593,-0.6710043523720158,-0.2900408239163435,-0.2910462363486437,-0.1877908324589013,0.1141812407324625,-0.4080132513111286,-0.5148295662927795,-0.19602885147490903,0.0014614532938086,-0.5278458974842137,-0.487630061408481,0.9832632997232368,1.217480436052519,-0.3640790701493598,-0.3162642180486551
Actual Justice Warrior,videos,1,@ActualJusticeWarrior,368,-1.1456556326170182,-1.35191115652576,-1.1837795287510178,-0.9800751106830308,-0.7117723152995769,-0.8671860182139461,-0.6812808062697042,-0.7228730452195633,-0.8130696766469415,-0.9102767402214839,-0.3632549144728397,-0.4000460549472506,-0.1871675583468157,-0.0038288084941624,-0.7404062734348189,-0.7859901374403107,-0.0623048757715077,-0.1661633295532292,-0.7824758710750217,-0.5268927008039324,-0.8472498502687296,-0.8542224278170741,-0.5393588951233059,-0.7795865762649347
Adam Carolla,videos,1,@TheAdamCarollaShow1,372,-0.159433041705205,0.1252006270197749,-0.3417965719322053,-0.5041900052425944,-0.4753742071849382,-0.5481141107694895,-0.1984955342888789,-0.3102026487903728,-0.0776311980646662,-0.1955577351479441,1.173432599726575,1.5223516615717203,-0.6382566116324865,-0.5745237660070864,-0.17607939546059093,-0.0268237072131472,-0.1619993831374869,-0.22292887755641028,-0.4487540649509215,-0.2129928449455713,0.2778498004280009,0.4455643208568984,-0.12380702753224912,-0.4337100484348891
Adam Mockler,streams,1,@adammockler,2,1.4563318569775958,1.1309960834648427,0.3682451295876924,0.5875119179724508,1.2211469276525653,1.232053833197838,-0.6558509180370647,-0.709414137673159,-0.6713094834470276,-0.7040156802248188,0.5834256667934355,0.9347646169025646,-0.1666264950566846,0.0787081614656037,-0.8568552360244371,-0.8704210708637276,3.623117349746854,3.722995416468562,-1.5248513040360976,-0.8559173467614566,-0.6674173871741053,-0.5930787651549387,-2.109033167899987,-1.482295710029805
Adam Mockler,videos,1,@adammockler,1055,-0.2972600866696526,-0.641333876673511,-0.2982579476404753,0.1549114218831245,-0.3210010226194725,-0.4303792616889847,0.9018747118539984,1.3351945162681549,-0.5066857895720963,-0.7682146107196534,-0.2714647426697299,-0.48598189524517793,0.0057785821235631,0.0044975969207368,-0.3659961270947711,-0.7883883526432313,0.7383632403861252,1.3298639420636489,-0.6788088707100306,-0.9913509429716139,-0.4048573045530094,-0.719159264791975,-0.5642347682443968,-0.9257892643958736
Al Jazeera,videos,2,@ajplus; @aljazeeraenglish,6693,0.05638762763009088,-0.3898865071642831,0.48417785586711715,0.5767151382735719,-0.5442636439561261,-0.3432511607622393,-0.2682132460663231,-0.43919442841222384,0.23518906820849683,0.06086611027804059,-0.6472050796193191,-0.8611171595433282,1.936133264448656,2.837552708582772,-0.01797024483698486,0.19913375611851103,-0.32636067604888885,-0.6121676672795829,-0.21087954148825183,0.3603788787264545,-0.186380150001888,0.04070485784258344,0.5968045849144368,1.627579147371531
Alex Stein,streams,1,@AlexStein99,41,0.7577826640806179,1.406740383626585,-1.4086098137111474,-2.147781284391453,-0.585297438889592,-0.3691094952226851,-0.1455670220401845,-0.1987134835195095,0.1568583097725827,-0.1012686094583405,0.025591506801126696,0.4518570919030291,-0.7265034818437025,-0.8754393680848149,0.2893784288112645,0.7931255305185331,-0.3390410124422032,-0.2256934052512021,-0.6765736791806969,-0.9047521627039795,-1.037867033432632,-1.175266234109157,-0.42843463929204584,-0.7524202277454126
Alex Stein,videos,1,@AlexStein99,82,0.44429314761083805,0.6301428275851545,-0.1808966489580783,-0.1941773836586497,-0.2651299321471427,-0.2538744266375395,-0.1289659389048091,-0.190813317311357,-0.092694094626615,-0.170061339320371,-0.6457708431151871,-0.5726155929744525,-0.7159543293050503,-0.6080229502515629,-0.44062299950035694,-0.43792345502559027,-0.5208612883771898,-0.5300492755161992,-0.1946881865804857,-0.016164148912211,-1.1916385465577903,-1.1142725189271183,-0.2383466326017375,-0.3842074721209724
Amala Ekpunobi,streams,1,@TheAmalaEkpunobi,12,0.3009079828686906,0.4504220349298382,-0.3335614506136146,-0.2519457102741429,0.2259492039883122,0.05848211876274909,0.7186761779754255,0.602008606702021,-0.36107194835449424,-0.3531589074167265,-0.0749504666500685,-0.060530575908653496,-0.49320826823281977,-0.3282042318900749,-0.6879566460434927,-0.7694480124005659,0.067551242785716,-0.0769876627714212,-0.37599732672482683,-0.059948884366923395,-0.6005175071602663,-0.49762178542071683,0.2823520095008547,-0.1290235114460118
Amala Ekpunobi,videos,1,@TheAmalaEkpunobi,197,0.3449447563280137,0.5213593354358421,0.6742458388055135,1.031289889041382,-0.3436724381072293,-0.5100995505034122,0.2377013306530283,0.32543779048809884,-0.3527699543368913,-0.2866534001553839,-1.0216936673169963,-1.378909791977441,-1.112491193483883,-1.0812423304094267,-0.6202461921670854,-0.8272734763325906,-0.4163309932890067,-0.4401524058333159,-0.3942856334588681,-0.1542538114997252,-0.9522857190247204,-0.9598632002474672,-0.1612421261913114,-0.5959752385384821
Ana Escobar,streams,1,@AnaEscobarShow,31,0.8360399587437831,0.8889089065202967,-1.218159044775334,-1.2540037053045294,0.1497692653905548,0.2122604189111863,0.1238116199036959,0.0844081553577613,1.0681052994807902,1.1332582276997525,0.3558640030480714,0.4971237265866955,-0.9759623175953502,-0.6997986573643709,0.3114057277169935,0.93271601427638,0.8949814937344465,0.6463954509551699,-0.1757517824763104,-0.0603773356554153,0.1163204748531011,-0.0686534553678274,-0.8062618664435907,-1.0140702331146068
Ana Escobar,videos,1,@AnaEscobarShow,32,-0.1735662670992994,-0.1597794164199208,0.796910245938428,0.8985737288566783,0.2230225413856504,0.1662905010431297,0.2381832916845801,0.1586954739156142,0.8518936600216215,0.8437815681478393,-0.1277143152766519,0.8684134025172833,-0.8702195473826325,-0.8390051884413008,0.1728527614875672,0.5427915277831841,0.8261650772403938,0.7863272824962945,-0.3734958746745423,-0.2410218535730459,1.3612793834830546,1.1870369178482183,0.4013329271457457,0.1024201326606204
And We Know,videos,1,@AndWeKnowOfficial-o9b,184,1.3660422141188808,1.5276853307957168,-0.060448777778371,0.066648956228996,-0.2572885288690743,-0.2816531224723079,0.0090704586584893,-0.0193399311764248,-0.642732076877891,-0.6494015471776096,-0.5091478744099132,-0.6032143920605274,0.0157402532669425,0.19281380097815984,0.58481731748181,0.7886545148369086,2.7848690617459373,2.777491828724618,-0.7096619369063736,-0.5952573774049725,4.588614149467608,5.187146948974886,0.1594614292342178,0.5201522777414629
Anthony Brian Logan,streams,1,@AnthonyBrianLogan,48,0.5130152049680973,0.1489030843221729,-0.9170268922170082,-1.4979976720416186,-0.5174191030811577,-0.6041778744847853,0.17433363816640127,0.04493544931027069,-0.4513406143212371,-0.9544614889157246,0.9813446212972027,2.152307767284144,-0.2057349150070972,0.0130936547535442,-0.195295296431614,0.2900144596486125,-0.4014107395153774,-0.1179398071076105,-0.5365462620926148,-0.6323820057468231,0.7769711308299261,1.4846704677590086,0.0849321306281909,0.2858352104806669
Anthony Brian Logan,videos,1,@AnthonyBrianLogan,233,-0.009240324885343,-0.1240216883588285,-0.4272786723507342,-0.4799083705808776,-0.6519169812179983,-0.4780313978769102,-0.17147632780189,-0.335048292893868,-0.3201881236830591,-0.5554827118485968,-0.0848070003666994,0.0471723440360162,-0.8158515306941875,-0.5158211834345858,0.2428291967481518,0.3315617873441313,0.0651575113842191,-0.0372695033476679,-0.5153783057443012,-0.3171370253259163,0.207557436755753,0.1926674037506342,-0.3386838056501335,-0.2976180529702382
Ask Project,streams,1,@CoreyGilShusterAskProject,2,1.1976331165071263,0.9677347649969036,3.6179532412987463,2.8169515713491875,-0.4043394447719766,-0.5052199422957744,0.450575283721323,0.2286427615046535,4.6834577014085355,3.887153751572906,0.6975861711263757,0.2468672714169192,-0.524691231044421,-0.1114275872726315,-1.101241919351251,3.848318917002492,-0.2375015151889424,-0.5044559814057583,0.0777201695840126,-0.2285315157854134,-0.3483598598605897,-0.5092585129999939,-0.5094803480517207,0.5165625428398968
Ask Project,videos,1,@CoreyGilShusterAskProject,49,1.908511388566014,1.845723617414864,1.2060575559505549,1.1743644807804223,0.0706127657834327,-0.038928240599534,-0.04163494573153251,-0.18050941144577162,3.3460192446530432,3.414440630556009,-2.1414395686620664,-2.31545412393899,-0.1627298351130256,0.151740002867095,-0.1847787985330681,0.1035614203435983,1.3915006565614365,1.2711253226155803,-0.7522678082049984,-0.36498186708430175,0.7245078152419778,0.8039173370765647,1.5931387124334495,1.9156421674015776
Associated Press,streams,1,@AssociatedPress,1098,0.6237468229653075,1.056105596457322,0.3028174331745663,0.2606721052759177,3.10845937465394,3.694895757404696,-0.0092867435264166,-0.210574968879646,-0.3042662111274281,-0.6842593937490714,-0.2582309258793235,-0.0449729047736099,0.6060567842550545,1.3985703818759991,0.4620724287558351,0.7959829887818475,-0.624951070767961,-0.8530994208735551,-0.9487760931481458,-0.7468390036179949,-0.6567222796331197,-0.1966629468051952,-0.5626053813086337,-0.3364845912933514
Associated Press,videos,1,@AssociatedPress,5262,0.8476181315169461,0.6881765277353923,0.9051375753549926,0.972639384396324,-0.764674950022183,-0.529525165369293,0.0057463107446116,-0.1463714490980938,-0.1820462289209126,-0.4379465560922437,-0.4505780933357987,-0.4995468438348918,1.329263824288298,2.1547931715378583,0.0721023944678056,0.341822471331368,0.0257914128641514,-0.20238517937038122,0.22863774909082632,0.6492967755968607,-0.015435715340142098,0.2666848823819173,0.4556356055474568,0.970701749532579
Axios,streams,1,@axios,7,1.0621071017926416,2.174640268425201,-2.078438428784829,-2.245161746998756,0.2159622930350871,0.341877752869678,-0.041916594670946807,-0.3450247294775849,-0.9542380183516768,-0.4517397748814601,-1.6696762328996593,-2.0360695576608037,0.3746107411063045,0.8554994576239048,0.8434143530365112,1.395887219376215,-0.3175936239824685,-0.4273947333438648,0.2980994444288004,0.3755189795125166,-0.2144783405249792,0.5006538174515793,-0.984486122369994,-0.6230696270635631
Axios,videos,1,@axios,137,0.4920763103636526,1.1374052798494878,-0.1603777130811414,-0.3790172322725785,-0.3563087871841007,-0.1969742385311112,0.0422858223403091,-0.052969374711297,0.3941558706806469,0.519112476021617,-0.211407023360984,-0.3490402034047628,0.2680813456273416,0.4478030803739223,-0.2877832183679823,-0.0438392582957846,-0.3282198340282993,-0.1522353431020708,-0.5767227264310206,-0.5663575984888297,-0.115197182749391,0.1571702377750689,-0.0142103198423638,0.2541673151343894
BBC,videos,1,@BBCNews,2352,0.4006419483874906,0.2447280552733211,0.4700409019480946,0.6432906095007175,-0.5260488089719617,-0.3349151028432838,-0.0980986838019446,-0.2280994789701869,1.391097980513982,1.3158064089356534,-0.4141462395731261,-0.5055656754132218,1.0661586060310022,1.8250598260086544,0.0060518009114182,0.1959346037624509,-0.1190338532805933,-0.2745049707634506,-0.0950685194070201,0.4254353235897822,-0.3084932616454501,-0.0959934366177636,0.6451744975275506,1.357808075131721
Bad Faith,streams,1,@BadFaithPodcast,1,-1.806477283826906,-1.1757615182812926,-6.250581490671862,-6.3724646274547005,-2.6626385143287887,-1.056521061015074,-1.748027985976611,-2.164666372489107,-1.5232609555842975,-2.283793183695552,-2.0357921485217414,-0.634413926145954,-1.2517918799136514,-0.1880873773642473,-0.5958026220374354,-0.060867278884767,4.191813471472305,3.563464300924654,-1.062328412794705,-0.6806145473279057,-0.0214752002324845,1.097495845213558,-1.8552161691836768,-1.6062019292126732
Bad Faith,videos,1,@BadFaithPodcast,77,0.7930252029483589,0.9377746390646339,-0.3738953577097891,-0.4142623246705998,-0.026559644685752802,-0.1569696796350637,-0.1705435603746756,-0.2963765173300848,0.125375811332722,0.1504590027903115,2.5532098912292103,2.591446006016905,-1.1130801746174448,-1.0338133557464877,0.4563041993842567,0.3227301976036414,-0.5689132065967949,-0.5087273174087209,0.9797606697495135,1.2577071229796155,0.9928360110548566,1.116094926191083,0.2078188483697286,0.0649437181158025
BadEmpanada,streams,1,@BadEmpanadaLive,1,2.8977843784828945,4.172347631523002,-3.116648168078889,-4.266959502494992,-4.043811205811555,-1.5933899189574552,-1.030897341780087,-1.389521764765719,1.0765123217743704,0.5220639006279497,-2.903208972875673,-3.0265620653302565,3.600011851148124,2.4536941072588396,-0.6313162330984725,-0.2470672252490953,4.75753872305054,5.5277494596570405,2.040254135704447,0.911296985134315,4.19187745900459,2.0316244383415554,-3.5037062737515883,-3.7229774618160505
BadEmpanada,videos,1,@BadEmpanadaLive,274,0.1600566111260653,0.1428004529048312,-0.4020733595679828,-0.3379801427042662,-0.5735688123378014,-0.6152991829505524,-0.2419471516932296,-0.2620474114997977,-0.1832712716895813,-0.1868123422571344,-0.7647125339034683,-0.8212508099348312,-0.8349311399475547,-0.4883851816424708,-0.5750987043940504,-0.6457623050633898,0.1641075278979474,0.1706420849693145,-0.3212201101834167,0.0320011119847803,-0.7988238678782056,-0.7449757066223154,-0.4914949149759605,-0.1417135498730232
Belle of the Ranch,videos,1,@BelleRanch,770,0.6175486196271157,0.7325196614260264,-1.3623729337054986,-1.80673780370945,0.0592107398697773,0.1053160065859576,8.036520774979898,11.319806555753866,-0.0704779814008011,-0.1948595987143046,-0.5366727097493033,-0.956282824891858,0.3392459239741358,0.8424553607281627,-0.334470936310163,-0.3596419689785824,-0.359183434756994,-0.6871666351444993,0.3285590515577803,0.7841375419919944,0.3713982506626987,0.8197599520912926,2.4562791867237195,4.083201348931628
Benny Johnson,streams,1,@bennyjohnson,162,-1.919488106106925,-2.1703621734571112,0.3903931212586218,0.4703613023460635,0.6239798220778836,0.7961389377896888,1.1746574315329903,1.1086502581437208,-0.2783959886562402,-0.5602723158454986,0.6031756577904526,0.9312089235790434,-0.6604608917353973,-0.3476737935527638,0.2947837382049497,0.251867567751434,-0.9317909968397468,-0.9263811143975516,-0.0818864915802201,0.2192341596076737,0.10736360070934568,0.3552615057682992,-1.386793964363579,-1.2917999819950463
Benny Johnson,videos,1,@bennyjohnson,1453,-1.236573548077743,-1.5318981952306272,0.49093024542216895,0.6010603842010653,0.3334657237630454,0.3193596061895566,1.8254173320535996,1.7892643006590432,-0.4179678315843358,-0.6250722960404543,0.489284761990973,0.7150390622856404,-0.5781381629278776,-0.306061659447831,0.2387542705925783,0.237298385967156,-0.7785197459081918,-0.8203273882242633,0.4606269277758544,0.7789061424111193,-0.01069185424912,0.1194236977695709,-1.3870407099421014,-1.363851249738945
Bill Maher,videos,1,@ClubRandomPodcast,185,0.6738531259301336,1.1498326168256598,-0.5920485210720484,-0.7806703226766203,-0.2135515737090152,-0.5763075329944178,-0.071414987292627,-0.1482747685723685,0.5474695594685776,0.2737248516318481,0.6555285987922135,2.262768068097448,-0.4287961367434462,-0.6880836431746407,-0.1534759533061931,-0.4112515727310761,-0.2098641807238921,0.0480571379301134,-0.36723138627039836,-0.1465427181439164,-0.735972446216119,-1.0459677817420534,0.401263776853656,0.0453822077598783
Bitchuation Room,streams,1,@franifio,60,0.085910146047994,0.4143599597373537,-0.9921152547541882,-1.2262870282054654,-0.2209527413469045,-0.2637287885618597,-0.080676134587277,-0.1816739396757752,-0.4267163393225938,-0.5610500533913687,0.7039545954593434,1.1188758487305468,-0.464599407260469,-0.3601892909946212,-0.09732452011923019,-0.0411015748058968,-0.3200813865146835,-0.2737214375955393,-0.6370827152633092,-0.4938976167559248,0.1401264791515911,0.2298702159474288,-0.2375815749876772,-0.3067545520725569
Bitchuation Room,videos,1,@franifio,271,0.5432532244720523,0.5496213981723699,-0.2980960000319734,-0.2485901365112504,-0.5168867123743501,-0.5595312259212287,-0.2035005992928544,-0.2663149301864597,0.7063709335317744,0.5750374448557939,-0.4394854898727017,-0.24449005512117059,-0.6725995560586532,-0.4683686238159172,-0.5548797618899423,-0.5867630079264607,-0.4523379211476078,-0.48303112957905026,-0.920088629125999,-0.6884051669166715,-1.102049911509176,-0.9721923013424882,0.2713084853854083,0.2928104136665173
Black Conservative Perspective,streams,1,@BlackConservativePerspective,1,0.0127957151657764,1.2065590691512436,-2.9326230690469015,-3.277541412796081,-0.9160584513318444,-0.0316800649227069,-0.8116893034077144,-0.7803337446003411,-0.8067451307317123,-1.1101954443253523,2.2449286164051445,2.4538114898303545,-1.5220354396011582,-1.3312043840127603,-1.430261204674448,-0.810633217960148,-1.091692403429894,-1.0696902998796904,-1.091205287970681,-0.6217339339376617,-1.5152714307582775,-0.4185748652358972,-1.7220492815802255,-2.0535836744602087
Black Conservative Perspective,videos,1,@BlackConservativePerspective,1192,-2.2487671583237945,-2.68359450786659,0.3405821752759721,0.46613436412760895,-0.24306017151731402,-0.3755452439327675,-0.3265775082454484,-0.45048883887650704,-0.7922147594584344,-1.055499044638021,0.1147986832491048,0.22163337234007457,0.1341446779651808,0.269752657809831,-0.2594289142421816,-0.350415322471211,1.7704894893564562,1.636255540153805,-0.562775090581703,-0.2792008678665163,1.557125076950153,1.7803460930528023,-0.3721376067572864,-0.5085177897880494
Black Star Network,streams,1,@rolandsmartin,569,-0.1712192072869019,-0.1584754236696842,-0.8646417484219105,-0.9383166664362956,-0.243757285843554,-0.2697546008781798,-0.2991458398379388,-0.45199565627456917,-0.6401481811647913,-0.837755710740256,0.9329274475232766,1.1151215066028213,-0.0748254672232184,0.090401396013467,0.3772683934805342,0.46018043572645034,-0.9905133725711947,-1.2143851087035555,-0.3864842544337079,-0.0727885959087129,0.66715925925183,1.1574694336306055,-0.2592876651769634,-0.3597363377322268
Black Star Network,videos,1,@rolandsmartin,698,-0.3991722713911044,-0.6146684567390991,0.2743282731552181,0.3353900164935463,-0.37217950700099695,-0.46564281900149773,-0.0015858801108315,-0.11974290228037308,-0.4200457492818411,-0.6398799495790655,0.5963466700158221,0.7238304841034984,-0.6753898605986168,-0.5522850233163475,0.1677565318004745,0.0941426701441746,-0.8883211031971414,-1.1644162874931236,1.3666724229015836,1.715065511687793,0.0759989140332706,0.4443884382915498,-0.2609449575709961,-0.3760114380855745
Blaire White,videos,1,@BlaireWhiteX,10,-0.0810563088535387,0.2415821030588213,1.4614783200289392,1.741189093196272,-0.3112806725190732,-0.5004848553133655,0.4985506606861825,0.40245767190790876,-0.6706775622561706,-0.4735882964769183,-0.7931978679886267,-1.2034963291334524,-0.9607100885579228,-0.7218156819985833,-0.8674174345002786,-0.5881024057495303,-0.7478386731605904,-0.8485473561159074,-0.9346959799834904,-0.5751142745047377,-2.1412910562922987,-2.129401851366184,0.148313748251357,-0.1613109435295538
Blaze Media,streams,2,@BlazeTV; @glennbeck,139,0.06610514973561295,0.03046639931821986,-0.13818443985120268,0.03721303997479401,0.018254926777530326,0.031540972712942476,-0.14994311632194277,-0.19057753763395915,1.7167373584292334,1.7018939221005696,-0.3418189662018858,-0.007045456510273728,-0.8092684326349883,-0.6016841372801303,0.1378255614014344,0.1048950171943856,-0.8249076099789678,-0.9557369782205083,-0.5791313057596486,-0.0975352159243587,-0.3228280727198692,-0.09068566205624845,-0.16142281762259955,0.06681891106182253
Blaze Media,videos,2,@BlazeTV; @glennbeck,1266,-0.34853254707211034,-0.36507537058741096,0.577800333330538,0.7404374271730081,-0.05238664367109361,-0.0413449193083367,0.33671668224219437,0.3029504502155758,1.2462084656683416,1.1920117715585787,-0.23679595877890544,-0.10201818403548214,-1.1151106904097265,-0.8738205550249953,-0.15734415196279666,-0.19102080636265728,-0.605711044986619,-0.7136387952028902,0.6254055043693239,1.0155016101144683,0.2876821149327604,0.5351969913541549,-0.7114718446145639,-0.6477989556563005
Bloomberg,streams,1,@markets,55,0.3314332375500607,0.7288135875032747,-2.1627922344719464,-2.1715700578746553,0.0923748577533547,0.4446038109329583,-0.17066614292581966,-0.3393616368397113,-0.826159183338155,-1.0675069340828314,0.5431954220014755,0.8273327494981307,-0.5014777026809857,0.09926666179140668,0.1913067185582036,0.4703566028224232,-0.4060135954169058,-0.6629072074011519,-0.5880332699532315,-0.3642135454511413,-0.8540228700380377,-0.4521026599458232,0.1323201892015119,0.7530241715964986
Bloomberg,videos,1,@markets,7665,0.5523677348564193,0.7004021992000137,-1.066005964160741,-0.979946436341842,-0.4155002522728472,-0.2692621844826102,-0.2567167309011041,-0.3985449908940718,-0.4367248268928653,-0.4683224682786561,0.110428818823539,-0.0336165490051338,-0.3430877303295266,0.27493207069999676,0.2713225236133286,0.5518068413238424,-0.415040392696898,-0.6389444529240753,-0.6195804395796456,-0.2867980911846749,-0.3700203418038193,-0.0177369936859375,0.4745209289335866,1.30790707085848
BreakThrough News,streams,1,@BreakThroughNews,56,-0.9828930262989448,-1.451777240459905,-0.4200759483735426,-0.3993075005265459,1.9084959929154552,2.08360737564252,-0.2946573168146182,-0.4441612676702829,-0.2132065987797148,-0.4452970835904996,0.1989917884157591,-0.0351585795254434,-1.4556729067929968,-0.6379962478001457,-0.3559225341353948,-0.2288610647471389,-0.5203986645274173,-0.7715179634455999,-0.7050122184189849,-0.0697835141401905,-1.014452793653098,-0.7900749094762309,1.0067464411549385,1.9947262745570007
BreakThrough News,videos,1,@BreakThroughNews,234,-0.0943607085203339,-0.3919763290271521,0.1101008067608959,0.1474301902273855,-0.2426625025288015,-0.1023850199187416,-0.0798278600051463,-0.1984948065253231,0.953018198607691,0.8503902237847385,0.2822521160121503,0.104778488468004,-1.0788921884973162,-0.4215462974381548,-0.0646634427301288,-0.03448684058322941,-0.3326680630038443,-0.4989700497406881,0.78453803931623,1.407677368650576,-0.7811034656682507,-0.5444986854080965,0.4774414290651855,1.343114189041401
Breaking Points,streams,1,@breakingpoints,4,0.6379611560845129,0.7142352163933463,-2.7473446764234692,-3.027957760784553,0.8744966050531601,1.2118095268125857,-0.2223154602684472,-0.3665218335639433,-0.4850560425393781,-0.8320177203497497,-1.9307499179305496,-1.7256049635794368,-0.9143999599820872,-0.3580030943610848,-1.2227748103432885,-0.7970425739343294,1.2724258076720734,1.0502167378718543,-0.7584162011417857,-0.5107239499723277,-1.4957721924097802,-0.9101375666180344,0.6410984749484644,1.0901576446006933
Breaking Points,videos,1,@breakingpoints,998,-0.7941736587561524,-1.1034674903404798,-1.4121177547136257,-1.353053444016992,-0.1859733204854868,-0.1565474981975195,-0.5371891361749919,-0.6306139671133367,-0.6720351511947087,-0.8279605565575546,0.0557767947328662,0.1250924558799635,-0.3821609556113524,0.0393913997547939,-0.1666122460416478,-0.1544021683554424,0.8858782775411325,0.8793043008633282,-0.1618945881794269,0.2410041512753398,-0.5678758405726846,-0.3778872738119618,-0.3609352656257717,0.2277380208057255
Brett Cooper,videos,1,@bbrettcooper,139,0.417836740510621,0.7611104403669671,1.1808781163156417,1.41055791946478,-0.3515201697306229,-0.513178990644984,-0.0426433985293945,0.0109022776719798,0.6961488046981121,0.7678754070592394,-0.7184338291373311,-0.7204618284430557,-0.6770763518470313,-0.6241109165555515,-0.4797530353349589,-0.6080460791822212,-0.4484765992866928,-0.4590705912223351,-0.6556849368249827,-0.5116920997635367,-1.00166416399278,-0.9971890658188705,0.2515486719806228,-0.1014664523490553
Brian Tyler Cohen,streams,1,@briantylercohen,10,0.8186157033514727,0.9042679274695102,-0.276672822351575,-0.3066469080972455,2.5919397815856455,2.7637326389945187,0.0412373573549023,-0.0316825611293087,-0.5692232563091822,-0.9605935494725923,-1.460283963484511,-0.7936098448260126,0.6654882147004415,0.9665685192179072,0.44452544646068526,0.4014269330620718,3.243900628175401,3.3829397148096505,0.2841958010747786,0.4487353723951606,-1.2185608975259894,-0.7923610223392921,-1.009463215336796,-1.132554194125296
Brian Tyler Cohen,videos,1,@briantylercohen,1019,-0.577825286028635,-1.0558996132199217,-0.4805105694173358,-0.5292259762936664,0.5772906515946252,0.6202405365361485,-0.2216492571780409,-0.222630229283213,-0.3067091564244094,-0.6991615521894197,-0.7760106426047213,-0.709003636201494,1.4760641355525972,1.7232088172481514,-0.4011304514298474,-0.5623598903507211,0.645777599344464,0.930865960010632,-0.3926429054062741,-0.4799366444429965,0.2515017135556728,0.5444462110467239,-0.4497519350068709,-0.6337550040191899
Bridget Phetasy,videos,1,@morebridgetphetasy,200,0.6117428191331746,1.1498018628200448,0.924641423472166,1.0650924178669443,-0.4358103835917762,-0.4910227433130532,-0.0845542603284733,-0.0368255359429657,0.8411591219793993,1.186447885250094,-0.5660746842715401,-1.1049085938289709,-0.7084603828374706,-0.5297072341504575,-0.17428481651373504,-0.0830081193871513,-0.137692380147455,-0.18744048572013733,-0.5286818555525297,-0.2985625830901022,0.1611241598680219,0.3819491956694543,-0.0422803360089775,-0.1399701526194916
Brittany Venti,streams,1,@BrittanyVenti,16,-0.3611203692866936,0.0399724552252512,0.4459867931262092,1.0553938971689567,-0.5754924304953769,-0.7524012701082373,-0.6044911678102952,-0.185864922041575,-0.6197107885351134,-0.3036079650176943,-0.6197429380151572,-1.2066203541162837,0.5098184745948385,0.3967007347914076,-0.6151560498937724,-0.8921389315736145,-0.4797121169977918,-0.2737721899365903,-0.7715975931136589,-0.8203425950491783,-0.384192315200765,-0.5595515003610484,-0.6660627750672707,-1.2862137134261942
Brittany Venti,videos,1,@BrittanyVenti,50,-0.0728042784873945,0.3200842087765311,0.0294651600078359,0.3923966501625014,-0.2666075141090474,-0.4075510243819441,-0.0032810567804968,0.1180623346901179,0.8109062226539939,1.0602402745895745,-0.9676382251968216,-1.1494264368886329,0.0480242928380481,0.0478019220827362,-0.3668660849085083,-0.4945831108169071,-0.5063314100546802,-0.5860435215822166,-0.0881593968110363,-0.0031795510664644,-0.3949723403445083,-0.43662028882407194,-0.8908262530884591,-1.2735837499713634
CAFE,videos,1,@cafedotcom,52,0.1499808947161002,0.1387193867584283,0.3820926347890099,0.4541598446429286,-0.0073866512229356,0.029157775458764905,0.006941160429062,-0.0542123142456637,1.4431575469282885,1.350347241025707,1.4415440297589823,1.2269269035221375,-0.7503697383680729,-0.4608042189466275,0.5122940255030762,0.5976659515489274,-0.6850227191227629,-0.7179809471021567,0.1926386293457364,0.4418191273264048,0.5373376452893026,0.8703425123552789,0.6861428678061249,0.8401892129492459
CBS News,streams,1,@CBSNews,346,0.5760202962025783,0.6008200002536283,1.383117076609845,1.3904223695378823,-0.370975390219131,0.0946176377073005,-0.2545702376824931,-0.45662406133676675,-0.3699215709797047,-0.7783388447256011,-0.3549100187869627,-0.0194258564053012,2.1539768947988565,2.9589773839695677,0.2587958981509273,0.4388938043369515,-0.735486986595502,-1.017472051190243,-0.8251795230831537,-0.5906192520449958,0.2783993383160954,0.5715220179628901,0.447722361013526,0.650411928384341
CBS News,videos,2,@60minutes; @CBSNews,8257,0.7735099106418476,0.7322333101382053,0.5735755621821631,0.6427513900238933,-0.480764758463016,-0.2897414784621513,-0.11822644594875616,-0.2587779065000427,0.27445703688142153,0.0636387984572419,-0.476147364617053,-0.45224305411572713,1.4831048429868625,2.1594208943221447,0.08921098460588223,0.3047618304327741,-0.39463331163140586,-0.5998607637422404,0.14968704597673133,0.527289993059029,0.24517237533838424,0.5431984539479545,0.07216860056924339,0.513549979567135
CNN,streams,1,@CNN,93,0.09365330468422368,0.6562787668884198,-0.5976412684895109,-0.6215242400447312,-1.171686692619047,-0.4211900999534563,-0.5358670665899612,-0.722411502159644,-0.3472660487138882,-0.7575455016491691,-0.650534710355899,-0.4452145070164825,1.653681123570148,2.5022515840489103,0.2650710210042999,0.4868279256191775,-0.6336872270360971,-0.7311222211481708,-0.10988408796852489,0.013684128409523,-1.390880128593753,-0.9089688362205436,-0.0899756580978932,0.2227888310195606
CNN,videos,1,@CNN,1638,0.7029467247827085,0.5313462668149583,0.5079376123393539,0.5809441554832946,-0.3915417331735923,-0.2713182009926807,-0.1091738388385136,-0.1773248356947256,0.6005875635193152,0.44741063027985134,-0.6081483785584715,-0.6535899254782269,1.479311367366311,2.0179527796225885,0.2385885830814481,0.40032888187325816,-0.2400571640754566,-0.3304844596655839,0.6023036713175973,1.0102610629185274,-0.3384416337769167,-0.05993115535708571,0.0739739020079924,0.5921335186075753
Cam Higby,streams,1,@CamHigby,59,0.2935522817623085,-0.0888115283513226,-1.3484184128940806,-1.3245270604133417,0.0552951008726518,0.2484552498144241,-0.2004480967029597,-0.3195517998394862,-0.3711522410463572,-0.5770685497994346,-0.6822217736583686,-0.9665190602888368,-0.4722310576529516,-0.0712153676970464,-0.4074854056998997,-0.3784131367764116,-0.2281569591389917,-0.4228736535099694,-1.2706593448460486,-0.9052141046386416,-0.7500621745594612,-0.6984524428508421,-0.4962481461276205,-0.5965526113616587
Cam Higby,videos,1,@CamHigby,174,0.0321261259317061,-0.3752223639859936,1.0665499310910744,1.264823238752932,-0.3621401681207485,-0.4106751548391942,0.3624292395683136,0.3118102871398421,-0.0302768801863669,-0.1472881820530121,-0.6619611955592005,-0.8240721597910843,-0.8665409186940025,-0.6236953317391619,-0.128667302292931,-0.2705856014433472,-0.37740189409091685,-0.589741461428558,-0.3231867786184217,0.0484674762193302,-0.717414552059713,-0.574827456785446,-0.4839836933647306,-0.6047269828365374
Cash Jordan,videos,1,@CashJordan,299,-0.1423080283068156,-0.579493863276666,-0.124977456091906,0.0530118724225484,-0.2014701127466794,-0.2128435428208601,0.7991568761456217,0.8120539509376018,-0.9424426388179664,-1.168079492770154,-0.0335487048579635,0.1587598617531306,-0.2915225819027839,0.0447489909830887,1.048577996249916,1.0597851290532634,1.8433423174354306,1.8250190784105174,2.5529119607099857,3.1420794103186394,-1.1876664684773075,-1.131027675408076,-1.0003968350334649,-0.4441558846038085
CaspianReport,videos,1,@CaspianReport,25,0.5195343341361511,0.1317067898498627,2.2792229515043476,2.420583369739255,-0.7262579497137693,-0.5581027564502351,-0.3156198946693824,-0.352754466375371,4.183521433470709,4.2745321889530965,-1.4081627902079492,-1.666015932443836,-0.0257359633446095,0.4721702700210922,-0.073969133693448,-0.0608565113226578,-0.5681399279128283,-0.7101776254417608,-1.3767528437567833,-0.5989043012136928,-1.8375825915949175,-1.5621826345733338,1.653412153944028,2.849593064966738
Chad Prather,streams,1,@ChadPrather1,190,0.4649957492030784,1.533679669737004,0.50350033023572,0.529593054191376,-0.2134322215683461,-0.1085751678958901,0.042431685481896006,0.0896564088421618,2.1907770227484953,2.7963603685724774,-1.1089425535347062,-1.6072356134158394,-0.8051641700733377,-0.9264393724819966,-0.5270290890382497,-0.4333017932417792,-0.0754395771443443,-0.1067846904800374,-0.7704834561716589,-0.5849384718389283,-0.0362541394266346,0.5811371241560781,0.2898495047540139,-0.0965898536131095
Chad Prather,videos,1,@ChadPrather1,152,0.2078063449241108,0.5831217819630713,0.5433744809573042,0.5907445314920504,-0.2688694882045023,-0.2640834998227122,-0.3192297784241288,-0.3568884735800728,0.4101133628951081,0.6464594928279275,-0.5377770423969505,-0.6879941847745842,-0.7056263884651736,-0.6177960669219,-0.2369637064790114,-0.2303241555142335,-0.1987324997368067,-0.2502230713806086,-0.0660351367201745,0.1524812663866147,0.8465043095465448,1.2592856153115306,-0.2517543647217168,-0.48232207253287523
Channel 5,videos,1,@Channel5YouTube,42,0.4771655125103363,0.7122769156807505,-2.949778616421448,-2.9967292743052676,-0.5528328703493293,-0.5613658123016784,-0.4750512087630333,-0.5817088296914952,-0.1043659862243227,-0.1127236559555271,0.0467880649197259,0.1069621269681418,-0.602033158293918,-0.3765362625015052,0.8993360627411912,0.9225435406508664,-0.6626150052738622,-0.7009962973386775,-1.191107699923446,-0.8995012513102447,-1.7961747513468258,-1.579920773310202,-0.1615138109654262,-0.1675918919955369
Chicks on the Right,streams,1,@chicksonright,174,-1.25788216904494,-1.4517210034066212,-0.49720400363969885,-0.5983053472120629,-0.5220976537445283,-0.6820488048295096,-0.21815339681002757,-0.3150805799188841,-0.9843565324983696,-1.3254834357736278,1.4515335001452638,2.488798954264938,-0.3537333703203643,-0.3095923540265674,0.2630981472265136,0.3560183214850958,-1.3691603456786574,-1.1798932226867225,-0.1828218475081484,-0.1363855441608562,1.7336609684135407,1.9950685685529863,-0.1604815083037795,-0.3278639602786234
Chicks on the Right,videos,1,@chicksonright,446,-0.4565359015956014,-0.5122989268270995,0.12189627428707088,0.2367935815950236,-0.5137700856613131,-0.7017655195476321,-0.2148450364731157,-0.2737868109284518,-0.0973547012591186,-0.2804961412159447,0.006000837108449,0.8390153872774561,-0.3719132075727549,-0.3855413712233971,-0.15273599261260387,-0.2955620324165086,-0.6076664757736452,-0.4997117375606565,-0.518120698849258,-0.4061081392151705,-0.2315965236112632,-0.24943960299773527,-0.6413874044286294,-0.9527268260903652
China Insights,videos,1,@chinainsights-r2w,238,-0.4287514175046687,-0.2678899416829721,0.1305659582405172,0.1037920812132081,-0.4173929551993564,-0.2019531345609178,-0.1330759458901866,-0.2609428494988557,0.7793941235086462,0.7813944223881493,-0.1751815865751444,-0.1007661029894702,-0.8911093817257087,-0.36936560949238506,1.0469832585234866,1.2822247269040032,-0.5399060708884676,-0.7339665783543201,0.4130447190710113,0.9275765195128522,0.3917228866359168,0.8054741944194632,-1.0084352009978037,-0.145967107392313
Chris Cuomo,streams,1,@chriscuomo,8,0.5952721930355039,1.0563892417904075,-2.3252992488379443,-2.2717643590900343,0.3054047871016467,0.6207218425467953,0.1601490758570946,0.2206044119650592,-0.2886819987972281,-0.5686465680519961,-0.408114014818629,0.1121171307679087,0.6793914207539057,1.030867814910409,-0.158406701955977,0.051813469117881,2.579304798130029,2.7592176503869337,-0.5030638221889695,-0.6061668571887062,-3.028646553859814,-3.0834166690347553,-1.8072569616150571,-1.8600433821253208
Chris Cuomo,videos,1,@chriscuomo,203,0.7376433670666326,0.7282148424676061,0.4484450379434456,0.6181688978811912,-0.3553311066026278,-0.3180880830787151,-0.0653685874564902,0.0703801311761341,2.0994620307036267,2.044887326517674,-0.3180394108340441,-0.3297068260316267,-0.6649949695429535,-0.4740821135406474,-0.1252461717607542,-0.1622380516408225,-0.4742254354887947,-0.400693117542335,-0.913616543318122,-0.6480264212569209,-0.9918128758897438,-0.8199749141366769,-0.2227067384791877,0.053022889748851804
Clay & Buck,streams,1,@clayandbuck,42,0.1125456454222557,1.3871088984623636,-2.917120017994808,-4.067431352410911,-1.5701977764350683,0.880223510419032,-0.0200225645205001,-0.3786469875061321,0.086977126370217,-0.46747129477620364,-1.076125037926619,-1.1994781303812023,-1.0646704587993427,-2.2109882026886267,0.1401021475886827,0.5243511554380599,-2.384029766930194,-1.6138190303236934,-0.0726405257603761,-1.201597676330508,0.965406409368681,-1.1948466112943534,0.0404419954717704,-0.1788291925926919
Clay & Buck,videos,1,@clayandbuck,565,0.3352818868812167,0.47165942266073996,-0.2952799708753004,-0.2158762822458419,-0.2872932412946328,-0.2553461976136559,-0.2876618983288113,-0.4063226764124033,0.0390517206341118,-0.0697057005727472,0.4794848784252392,0.6994273589951301,-0.9423896550810221,-0.6361572342137483,-0.1514049165434229,-0.11546563850337918,-0.615163548519068,-0.7457583871712643,-0.0473818730282125,0.2886745925056949,0.3498622659725581,0.7207221624616553,0.2184156273399298,0.348270213587519
Cole Hastings,videos,1,@ColeHastings,30,-0.1540154102348204,0.4680736542631746,-1.4451667297665334,-0.9496288336640466,-0.2877697690217849,-0.4206848335072797,-0.6833023392174411,-0.4917347929085507,1.315325231977503,2.0360227264772788,-0.2954384364733384,-1.0918558379941083,-0.6247202271476573,-0.4517205830590973,-0.7209735657326245,-0.8957632011467687,-0.8025669173474449,-0.757750519395455,-1.1009923265634995,-1.0174078479709,-0.9354381913659618,-1.1794219648764792,0.4340961983014278,0.4999056339450784
Coleman Hughes,videos,1,@ColemanHughesOfficial,52,0.41820282355439076,0.6463407354727249,0.3816527752562516,0.5189298975402715,-0.1945333903727071,-0.2531370701824565,-0.3525641921936807,-0.4023783351094796,2.680724239209248,2.875596142908746,0.6618749142571672,0.4304448284023017,-0.6127747920532886,-0.3830195603904947,-0.4340833892586407,-0.48318304100721765,0.0500475789960902,0.0166086322457042,-0.6939934017383416,-0.2743166827144616,-0.6064774491387663,-0.3479854175161225,-0.1798619115345589,-0.1300438582466589
Crooked Media,videos,2,@lovettorleaveitpodcast; @podsaveamerica,753,-0.5502666070715321,-0.7824513576395336,-0.7869942371240592,-0.732881987433186,-0.2870329859775119,-0.2653722305633447,-0.33729610204285404,-0.2954935707845727,0.10861422639334123,-0.123971088694536,0.15985646967009903,0.22268574626033494,-0.6131488058619612,-0.368845708325178,-0.26535899360060433,-0.3511380944229967,-0.6021091167267039,-0.4418704687539622,-0.6935358791158652,-0.563385623645817,0.06044088093944028,0.21805367864423358,-0.3024452709841034,-0.23451454133041483
Daily Beast,streams,1,@TheDailyBeast,34,-0.4667652207786702,-0.8507403439527428,0.4053529734495429,0.3383817081141127,1.0713599740705286,1.1872548573167907,-0.43633787407033,-0.4170350837725486,1.7436748962440374,1.5014915161834228,-0.1808366159776882,0.1548982693217615,-0.3764817425910271,-0.2098775547747327,-0.3885797097151744,-0.3823860333803546,-1.7328949460166665,-1.4747471927199745,-0.7812881013456124,-0.6992878081203309,-0.733938253846722,-0.5338570730419011,-0.5177478760047682,-0.6038915984868831
Daily Beast,videos,1,@TheDailyBeast,294,0.0529625553728702,-0.5070624071259345,0.3717618720260595,0.5068335795968173,0.1863619692356228,0.1442649425641967,-0.3887161430515418,-0.2248119068147259,3.8132772514785698,3.616521511109551,-0.6644140282048645,-0.7679075223867703,-0.45076940260309867,-0.3094021906508541,-0.1332179058126176,-0.4366642930478969,-1.2027433682732238,-0.7997787129935255,-0.11876791040685682,-0.3608408525301322,-0.954109939653651,-0.9153071967193964,0.2204383020741272,-0.0410100124432182
Daily Wire,streams,4,@AndrewKlavan; @BenShapiro; @MattWalsh; @MichaelKnowles,23,0.6444577872521979,0.9367473080884059,-1.603190353468321,-1.5546925973434431,0.07562674543603176,0.3425410621159138,0.025535987092927287,-0.011993499433271895,-0.10467418908329841,-0.257895365098422,-1.3261219413244754,-1.3830546967014874,-0.9127192677015243,-0.5174763451897431,-0.8526132064244561,-0.7383231307770934,-0.5556068674052842,-0.6931242923042269,-1.2287143168205652,-0.8018533645396274,-0.15734023850438533,0.31958140778235006,-1.0417991776618467,-0.832432787667241
Daily Wire,videos,4,@AndrewKlavan; @BenShapiro; @MattWalsh; @MichaelKnowles,1411,0.0939541607371832,0.24031202653204825,0.04343198828943687,0.18297592017107936,-0.19540549202619711,-0.25596932650201826,-0.0811878239995906,-0.10117211162216147,0.7714382951361259,0.7921395264134471,-0.5534104117169972,-0.5869429602932267,-0.955888971502042,-0.777937136936218,-0.23317623217582795,-0.29018622468349053,-0.2969892271286361,-0.35916630848793724,-0.3701399090890022,-0.10475751048760108,-0.6114541823831646,-0.45123027185661896,-0.2634217158067169,-0.38715084994917387
Dan Bongino,videos,1,@RealDanBongino,266,0.5694244007892733,0.9799412755245022,0.0526657997559134,0.5479971530516543,-0.2462915450198769,-0.3302417973449079,-0.0180840563269148,0.3970502363037098,0.5183442756606083,0.5720188428486872,-0.936300268632649,-1.5682989066772164,-0.6780198470861377,-0.698929626722655,-0.5197018371386533,-0.5689742176126775,-0.653826958217265,-0.3271540626944933,-0.4708265504422084,-0.5532857882050372,-0.476166318455428,-0.6908060155001519,-0.2716620193668055,-0.5599650263275491
Danny Haiphong,streams,1,@DannyHaiphongYT,220,-1.826154758914284,-2.784311227048178,-0.3554033778308401,-0.3429663879267797,-0.3619339279424211,-0.10268847701633468,0.09267285118676359,0.0223346688167031,-0.7252964614716992,-1.0755925681331229,3.030656881275894,2.9174687723076445,-0.820309438490355,0.024809136638082402,0.667191041626172,0.9542850784185766,0.2108107888806641,0.007652324427493,-0.9770543841207182,-0.065581841344695,-0.1579664125626849,0.084746375281577,0.3731850159182466,2.2897394275047076
Danny Haiphong,videos,1,@DannyHaiphongYT,53,-2.904668508673234,-3.762213340614219,0.7509737771271883,0.7963861084819251,-0.3187601695764134,-0.0927939066015395,-0.10309319543056598,-0.1486200977653066,-0.5613938124377492,-0.8691047419114039,1.999979520999716,1.876494155092431,-0.9785160835363739,-0.2464265448760721,0.2505280309769946,0.4434019233960801,-0.33409339003456673,-0.5000126250453517,-0.6237928779193885,0.3707903548174346,0.0506188320684766,0.2794682431622324,0.8707617589059696,2.7367657294759375
DarkHorse,streams,1,@DarkHorsePod,35,0.9513249976795245,2.0505309357377848,-1.025657943863128,-1.341879330483517,0.4942620495034632,0.4177371521147824,0.2278143754871653,0.1553647191194397,1.2635059499324146,1.532246006954811,3.5092731241620263,3.579267195401703,-0.051489953372718,-0.0556417037345554,0.9754242673092808,0.8815103134231269,1.2222396653607397,1.2675926855702628,-1.0248519547262402,-0.6951594627416435,0.9014795652037964,1.3878353909484644,0.3567695063354832,-0.0472003780124224
DarkHorse,videos,1,@DarkHorsePod,65,0.3677431344891826,0.919923351461442,-1.0930903540134724,-1.070989944241299,0.1989585196055457,0.1842124838460798,-0.0173319098714921,-0.0808207727834628,0.5839839020715488,0.8159675231179686,0.3288082738846832,0.1068850231210492,-0.8686559024471288,-0.6484978538922332,-0.0313649777396427,0.0933891235327855,-0.3486717715938142,-0.4433799822474668,-0.0962401388675795,0.0785282573606328,-0.2599221697585491,-0.0363498179921354,-0.126725997535839,-0.24859270990954874
Dave Smith,videos,1,@PartOfTheProblem,97,0.6587086288226409,0.8973802093240432,-1.6915972962261767,-1.7194869814159324,-0.689655039251398,-0.6689058166109598,-0.3322973870654769,-0.3012421569721215,-0.4039698678358563,-0.4154263509615207,-0.8919311355743839,-0.7224392666588,-0.9811848206505388,-1.0048231747584857,-0.7082238189637987,-0.6904516941437767,-0.7520562972371301,-0.5591223648290142,-1.1986761695700106,-1.1128903718584309,-1.3880818758596052,-1.464422557684906,-0.2891690197176383,-0.3605693755871711
David Pakman,streams,1,@thedavidpakmanshow,5,0.9721679839702396,1.249393663516557,1.306751635064105,1.1082414536464409,2.984364049585191,3.2547458367207653,0.5236751619519004,0.4318454624133775,-0.1905213296043652,-0.5593376913250084,-1.3885989905190734,-0.7388587599867847,-0.5861124916058005,-0.4930018104871297,0.006488483011330201,0.2346367050757233,2.1137259134535618,2.20439938700721,-1.5403185741649998,-1.2005658533060082,-2.3629056041107823,-1.664934371854896,-0.138039682794896,-0.015155165400995502
David Pakman,videos,1,@thedavidpakmanshow,1541,0.3533356765380664,0.0219833984395495,0.8699768488430387,1.2715322587046975,-0.1218459453579937,-0.2315051446051588,-0.022303556560174204,0.3340373949945883,0.0779563646361264,-0.1271450612109065,-1.084973671929237,-1.5732419782941152,0.5768648839499846,0.670873536500705,-0.4469736320994779,-0.760421337703713,0.5901702810103954,1.0602946738833294,-0.4646798182744229,-0.7887798193566085,-0.2889650310010205,-0.4914982075334388,0.2335899721235964,-0.0039520140596965
Dean Withers,streams,1,@deanwithrs,251,-0.319609341644996,-0.7718214011642162,-0.0995669113211099,0.1556387044208563,-0.3598678079633383,-0.373397568504957,0.4639282947850244,0.7078416822562831,-0.1541016845402926,-0.424720683946436,-0.433374500172832,-0.7299617312193979,-0.2218693588627278,-0.0425684744759192,-0.2652841152832046,-0.5137770881829428,1.272688507999252,1.6455541492696857,-0.4253034574379111,-0.5932015986044542,-0.1523464682532023,-0.1966562714515713,-0.8960522365142767,-1.0080306100402252
Dean Withers,videos,1,@deanwithrs,251,-0.2490471429345812,-0.6782069775808416,0.1835102534959292,0.3454940230432489,-0.221265714005297,-0.6475788284106103,-0.1651260860095539,-0.1444708773648141,-0.4334628688049342,-0.7730101322096091,-0.4133943571353998,-0.6665801622309849,0.1389279566859413,-0.0319995520444891,-0.3300825262963819,-0.6878457435769265,1.5635130435361917,1.9600110365213608,-0.1910344227649414,-0.199066781228573,0.1924208747192747,0.3473344739184886,-0.4457667850831187,-1.0438569924173111
Democracy Docket,streams,1,@DemocracyDocket,4,1.6197321496289028,1.1574976210847112,-0.777623958592857,-1.219517367392792,-0.211260939084258,-0.1625280722002229,-1.2611158467826042,-1.443177364244303,-0.3183064004598724,-0.9257919033917298,0.5047438294922564,0.2662042723052811,-0.157872368785037,0.2221667500358725,-0.4022867076670784,-0.5916549333819019,-1.9046977174709023,-1.2209918488782523,-0.3836415723780829,-0.6660790937513923,-0.1837258903722293,0.7481805328567881,0.8063788221765374,0.3499742999838129
Democracy Docket,videos,1,@DemocracyDocket,122,0.663568511896363,0.4729040969179671,0.1562440049761992,0.1362517406698536,0.0726684813489768,0.0574584627245382,-0.3373887308941433,-0.428510717977438,0.1977622164667192,-0.1140927583809101,0.0340115992018491,-0.2492713640946516,-0.9161687241294716,-0.5947072132968645,0.0246947156404798,-0.0342435176594283,-0.9602060288433042,-0.8180190861836082,-0.2104749835492582,-0.1800535126367548,-0.1305352177612722,0.4791467249440683,0.4405960363353873,0.472722079580176
Democracy Now!,streams,1,@DemocracyNow,1,-0.2889347300329974,1.5854704278572591,-1.9032423947889312,-2.6480520580249745,-1.2532682680886968,-0.4236848449835234,-0.2842053974506697,-0.5414313761306172,0.0654021727487008,-0.3733857184704825,-0.2890904177928974,-1.0572388334396534,1.9583446653302103,2.67013731850989,-0.7690615034365109,0.8877578699374109,-0.8854543319420326,-0.9773892941863604,0.255481539616379,0.3535598501015569,-1.1514356135342492,0.0445099660686649,-2.6459085618142133,-2.926500294740901
Democracy Now!,videos,1,@DemocracyNow,767,-0.1774056791908839,0.089616792807176,-0.6601703970510547,-1.2923873708097944,0.0223574133781091,0.11171128082014328,-0.2545046271088405,-0.4867744025202074,-0.1768149530596283,-0.3410941054515468,0.3452381193153702,-0.2734860451375813,-0.6343554179895744,-0.3059824442625712,0.20842257089232963,0.3323681776835166,-0.6583242109293378,-0.8343166515203291,2.109135794493042,2.4264018804297316,0.3656237321954032,0.5211326077090784,0.22603306540914414,0.3073318472672811
Destiny,videos,1,@destiny,262,0.1942429396438987,0.3535626423670464,-0.6473156984984846,-0.1563278749778347,-0.4584263170388152,-0.6536735213208131,-0.0381590742250527,0.3416577306744765,-0.31911620180365,-0.3892344116224346,-0.6208333651900836,-1.030287955402098,-0.2724315772132275,-0.3212300844028068,-0.1812152632103554,-0.518595921122507,-0.3024315607147393,0.1259228892752061,-0.3527414545168886,-0.5048357006736705,-1.0446527347218288,-1.3657880358673695,-0.1093409381292837,-0.5994625278374252
Dinesh D'Souza,streams,1,@dineshdsouza,2,-1.1578444827519203,-0.3037043393499725,-1.7848120073191425,-2.142528691345382,-0.0115769786211887,-0.0608884390119679,-0.8683943973276159,-1.0393197461517705,2.132229753967273,2.3901363707769314,0.0416641564918317,0.8162954870651398,-0.2033810318713249,-0.4959106095260134,-0.6314888375471531,-0.790048694390712,-1.4079897383090043,-1.027542571540551,-0.8416905611173024,-0.8426458428923191,-2.3488271166977657,-2.388528662025306,1.1144559478212428,0.7525972896148174
Dinesh D'Souza,videos,1,@dineshdsouza,62,0.7580376061819962,1.2091906542746949,-1.435596328520401,-1.3283031004547738,-0.3768550358912696,-0.3426365737449505,0.0489570002070536,0.0458029789995826,0.364691638759089,0.5375233081242238,-1.3128522635706987,-1.5058227374598636,-0.3688050386318588,-0.1942361175712511,-0.1760578648351792,-0.1318771491488949,2.000027199315224,1.9050608527996038,-0.986171741177316,-0.7511256594949567,-0.743577080518098,-0.3791167087347901,-0.6427536668116475,-0.5626984593743588
Don Lemon,streams,1,@TheDonLemonShow,377,-0.1361996678958647,-0.2902959345865862,-0.4908100581708583,-0.6756570162000233,-0.1756386371004919,-0.1350316730449024,-0.2252405798562136,-0.2565953632163517,0.23660527420700567,0.0070573857733663,0.0865872545830237,0.1909617596485396,-0.7711496254490042,-0.667543210437595,-0.5509609823527806,-0.47698193664879895,-0.4573891990681366,-0.5292481751911638,-0.8617841698299968,-0.7408355628586719,-0.2283365388461155,-0.0862325231339897,-0.0428528443670187,-0.0759619134105669
Don Lemon,videos,1,@TheDonLemonShow,348,0.2296205986021005,0.0229531231265451,-0.3918432674463178,-0.3653662194317468,-0.3977985931980333,-0.42981234919890493,-0.2052609157417571,-0.23733113887966012,0.579311314147935,0.375338991730311,0.128614756811322,0.37249344771164283,-0.8089467332096015,-0.7074486480140628,-0.3601870311825129,-0.4890630117015409,-0.3565936385015605,-0.3494073837242003,-0.6633885000767131,-0.5350153663405868,-0.1837776091075265,-0.0448644903013055,0.11336825871579422,0.023932746946935504
Doomscroll,videos,1,@doomscrollpodcast,16,0.3508171395693227,1.0980908786867287,-2.779223439706962,-2.850302802864329,0.0734823504760105,0.0145326157006757,-0.4701065708999513,-0.5937724806495731,-0.0846873646046867,0.1256150957954482,0.8939617058743751,0.8340658990838556,0.0242365830301198,0.1358717759249255,-0.3883395832691261,-0.521752413845212,-0.6268289372394543,-0.4603652500033295,-0.927676783276434,-0.5860590468341994,-1.8091098856422845,-1.3435717345910885,-0.1274463669089871,-0.4470835490322732
Double Down News,videos,1,@DoubleDownNews,64,-1.6340292048167997,-1.804942084340739,0.3921221781243915,0.5809034973568505,0.2735917618732483,0.2378396686236036,0.0311958904693792,0.0589951324928363,0.6174882755804166,0.5774948146059027,-0.8879415547289065,-0.9164193810397584,-1.3643669468413089,-1.03491655940196,0.0740379995635859,-0.1321048323854776,1.5289960185601998,1.560355435917752,-0.0459120728014665,0.3776999607454629,0.47282708339787,0.4482512200213304,0.1024313799811382,0.3656375973007722
Drop Site,streams,1,@DropSiteNews,42,0.0702639153287688,-0.3900639341059553,-2.164825867835919,-2.119702466551821,-0.0771732582882182,0.0415179782626301,-0.0861505396772454,-0.2213082678980087,0.0185450418420871,-0.0950511558034726,-0.7990903886239322,-0.8804033807155369,-1.2847166533016263,-0.5841232727990125,-0.4045186071377508,-0.4089252441509262,-0.6007536829511648,-0.77635716814651,-1.09137440477758,-0.3619958584646609,-0.6962470866100017,-0.5185782120186034,-0.4444446956585957,0.743207176096527
Drop Site,videos,1,@DropSiteNews,198,-0.0720457061830257,-0.4196770393743327,-0.6909461241320699,-0.6275399139497826,-0.2616618506199731,-0.1877962130772534,-0.3707382796023256,-0.48147773474542466,0.3323371797332282,0.2529734501362735,0.114217002368287,0.023093323973696,-0.7995704915051662,-0.2007281162773277,-0.1102292169438107,-0.1063082776459685,-0.4838498630137437,-0.6320042448784194,0.3109435444108161,0.8960405006515887,-0.503094458598658,-0.3300564183360874,-0.2856717371878232,0.6102640926434411
Due Dissidence,streams,1,@DueDissidence,105,-1.0647302855685272,-1.311733080503353,-0.5503591313858608,-0.7904659589055993,-0.4016947309918363,-0.4288578161666148,-0.2698267860582702,-0.3750490609969256,-0.9649075527308072,-1.2489429977826534,2.1196744897553534,2.8533618950975344,-0.3463688541855118,-0.12491926055814559,0.5227535998025771,0.6524286775363624,1.56959293792183,1.7084729998248656,0.3088456541438181,0.4547789966954736,1.509469579517098,1.8489196776283991,0.3136308948320935,0.5607103715121823
Due Dissidence,videos,1,@DueDissidence,596,-0.3910967441404618,-0.5373200343405226,-1.1973256507964107,-1.1840244418508288,-0.4001108526860374,-0.4295086046756106,-0.3390743288678109,-0.43131300494637564,-0.5270177941677285,-0.7038961384896896,0.12363051351958748,0.4891362414259381,-0.2774693831366723,-0.04394561369196,0.051756314223101,0.0239811203356839,1.2096719520957373,1.2558501056627636,-0.12431751726596199,0.1677024556799422,-0.0515405858138624,0.0442771344501365,-0.4553918899847571,-0.2757141942885868
Dylan Burns,streams,1,@DylanBurnsLIVE,3,0.32853973359994,0.08886542663524928,-1.8274404889173068,-1.8365002539721729,-0.7189864070378403,-0.19363814817602779,-0.0187361974470452,-0.0796515283392447,-0.0723094608413732,-0.3430861141116928,-0.7851530913444527,-0.5858836735178518,0.1431418332820536,0.5432649436241878,-0.6844982979598129,-0.3533407857730892,-2.312234238279101,-2.336258254207822,-1.4834024214797223,-0.4968396701747817,-1.529590721305137,-0.9489834018236841,-2.117727445099217,-1.2114710604880596
Dylan Burns,videos,1,@DylanBurnsLIVE,175,0.5986488832450562,0.1523737346717683,-0.9786982017421245,-0.9372888645511296,-0.8765308642703558,-0.7097373627590483,-0.3746150058094411,-0.46259096515807757,-0.036832425225852,-0.24122595271595532,-0.6840056559942679,-0.530686484035157,-0.6202219843546889,-0.24186679985890652,-0.2760597714558792,-0.24393533886588542,-0.8446475098677917,-0.8068757364564557,-1.011395237835502,-0.4721611561721041,-1.1872933303692212,-0.928399261992732,-0.3310429542148837,0.2535687466303168
Emily Jashinsky,streams,1,@AfterPartyEmily,71,-0.6629004952295598,-0.5880583824379897,-0.5240113403663592,-0.6352643817513185,-0.5467786184363536,-0.6187433935688372,0.1116262423687965,0.0319934486164279,-0.4469980855191657,-0.5951082778654163,2.560795516955602,3.240962965020329,-0.5497569788095531,-0.4480200376712148,0.1884563800730602,0.2566526752632282,-0.879622918956138,-0.8791525516768104,0.4882623879175544,0.6630585949916186,1.7307798955729643,2.0139343450804503,-0.1774989511559667,-0.342051994061521
Emily Jashinsky,videos,1,@AfterPartyEmily,393,-0.2628961210153139,-0.1662939537476553,0.4722851198927874,0.5513418939189781,-0.11956054276542762,-0.1735160315043702,0.0387612394568185,-0.0274043299954169,2.172263656450761,2.1111771133809034,1.131588532299564,1.477624100689247,-0.7172207501880391,-0.5942548155015459,-0.12052808617267162,-0.19260922976117556,-0.9617170611993764,-1.021392441754354,-0.08344691059780068,0.2148170029364326,1.0245443205900868,1.2546414797788754,-0.4662396509717023,-0.6316672807472038
Evan James,videos,1,@evanjmez,22,0.7793326374052392,0.6822327028132521,0.20557376006940767,0.10301162051201268,-0.632859653792678,-0.823171595865804,-0.3919930261892129,-0.5081958595877146,0.3913180025377074,0.3128675484405473,-1.0642253372174597,-0.6779513300932402,1.1457558640783594,1.1305727546943698,-0.5403879804044565,-0.7092359619803379,-0.3447087685625389,-0.2750348953672803,-0.2639153800368948,-0.1639916404874893,-0.1447920457708418,-0.2922794154238139,-1.7438029926390868,-1.89713396004478
Farron Balanced,streams,1,@FarronBalanced,178,-0.2778263369210962,-0.8455992862700539,-0.7372725108732733,-0.536195263413016,-0.7109850787178029,-0.785394295610749,-0.5196367114917321,-0.3657107443667967,-0.4794617126025677,-0.7898125262635121,-0.0262274525865384,-0.030253498974924898,-0.2960568072309453,-0.0843948796641752,-0.2268431668412173,-0.549356501524542,-1.4286317921443457,-1.0252686211429272,-0.4863220586467694,-0.7123783653693276,-1.023280363602648,-1.0548301373779372,-0.4138848589042072,-0.527469308526892
Farron Balanced,videos,1,@FarronBalanced,1705,-0.3533529983621743,-0.7984720901110022,-0.269914584874268,-0.1156736993424399,-0.6454572436748365,-0.6983824209412549,-0.3266412420860171,-0.2309465006467565,-0.4682695105338993,-0.7702563151541343,-0.1634140871511896,-0.17943382538211466,-0.3724288627062695,-0.1333776675562676,-0.3118887862958519,-0.505961990740816,-0.6673987667392477,-0.3943958979028579,-0.4353018431580333,-0.5129483546035579,-0.7324158816277415,-0.6718156860937842,-0.1736999555376636,-0.20991996546776037
Fast Politics,videos,1,@fastpoliticspodcast,138,0.2046769922316272,-0.1523557865398374,-0.7619257847323769,-0.6427206905046765,-0.3857806226839516,-0.4322059919039958,-0.3676087574490881,-0.2883545728814872,1.3495977320552677,1.131693546396923,1.7405443128192095,1.7599104096520497,-0.829644696621228,-0.6447548096682925,-0.3727532008078283,-0.5438933029566341,-0.3712905162195199,-0.1380953175650115,-0.4690206306760628,-0.48151807147802456,-1.0610960086033905,-0.8822111012019319,0.4152036727735274,0.4070862756464822
Financial Times,videos,1,@FinancialTimes,36,0.639346546461803,1.1929947406739827,-1.0795015976116489,-0.9397430941917627,0.1675081790655355,0.212803259900532,-0.4190022801948865,-0.6396396713475844,1.796337987310852,2.114474918437426,-0.9555999493683467,-1.363735651716146,1.531783739360597,1.9983318862873576,-0.4107076922899809,-0.23298734255096554,1.729587508304241,1.8857656117849169,-0.12466864502874311,0.1785093614471997,-0.4244361080308077,0.0777653313084796,0.4683456466087119,1.0490276471507576
Flagrant,videos,1,@OfficialFlagrant,34,-0.030597588292875302,0.5355823333393173,0.356378661567595,0.3114251662037115,-0.6230816899886338,-0.6929802308181575,-0.423939975167604,-0.4961727441617038,-0.1050725848737667,-0.2162093686216492,-0.5228906897579955,-0.1695169331848111,-0.6043592389875042,-0.5395069328861365,0.0789971880478767,0.0677558246845127,-0.584137451398422,-0.7243941330465495,-0.4304984541032984,-0.2097275373373282,0.9925701808594127,1.3260186413056223,-0.5483237155742643,-0.9184927194253828
Fleccas Talks,videos,1,@FleccasTalks,288,0.5056260205291259,0.9218062906258344,-2.182730081855647,-2.211664253912851,-0.3954160976359906,-0.4123287786440991,-0.6526422696965954,-0.5450388367401029,-0.4686833778414716,-0.4739639566624525,-0.7494028871415312,-1.2231311857700105,0.958788201973048,1.0926900179393588,0.6520583640333669,0.8638428024571867,2.661125352862942,2.7467331862310536,-0.3824513841329992,-0.4342369964050624,-1.1543134152139,-1.422833982293048,-0.463995169231855,-0.6881045820944155
Forbes,streams,1,@Forbes,3,2.3071403640296797,3.828279500804541,-4.986134250299464,-5.310497085810654,-1.5771875410900174,-1.6166830739991829,0.1864753436896035,-0.0830947957481017,-1.1380063924364756,-0.2208832475084259,-2.112216341966571,-2.4601464008055585,-0.5720524252939356,-0.3099817095452044,3.5833129804359785,4.628516049486216,0.6934828516272796,-0.0008630392619666001,-0.286882126234371,-0.499345028137752,-0.6411966652518111,0.1460949735363715,-0.9335167055313796,-1.0982741707380343
Forbes,videos,1,@Forbes,1196,0.7309867928548688,1.41951376180296,0.11045028162309609,0.0910882151920377,-0.3691486268203659,-0.3669851558891764,-0.2624118766031643,-0.449987879993589,1.2944041439835996,1.559888706883801,-0.2586994778359179,-0.5150294348105244,-0.8198779884263071,-0.4752021253526146,1.1714197917469376,1.5696452643541117,-0.2909386748424981,-0.4519227780168634,-0.0721973076524667,0.0472736054489904,0.363333097630956,0.8441113961668384,-0.0795262099061343,0.0672423713068676
Fox Corporation,videos,1,@OutKick,47,-0.1358029688480788,0.3047343372617288,0.630591247356406,0.6968748029616131,-0.5244794779979942,-0.49815941562213073,-0.6398293261000066,-0.8169083720219411,0.3509812791258737,0.2265271185923768,0.2528183971470487,0.5274143783469349,-0.9564284593676347,-0.768912481527058,-0.3969041287798404,-0.4552919643601756,-0.2757171454441504,-0.4788227068557388,0.1097993967658792,0.32445253991139,-0.3016439692766262,0.2445101910759812,0.5680424922395726,0.2870371184075798
Fox News,streams,2,@FoxNews; @TheBrianKilmeadeShow,599,0.4673417886076274,0.6736079838504555,0.26915997117053614,0.185049656248755,-0.5174188483607579,0.08062992427828096,-0.4309716347503398,-0.6140854579929833,-0.4083780129450376,-0.8514684406882137,-0.07728044765877669,0.3889367389686742,1.6123229735728943,2.288853190140337,-0.10509617114688481,-0.04200627571087498,-0.49610520098378724,-0.6750478247184287,-0.4327453593775156,-0.23740115925869304,-0.35265814089856695,0.028852609398707867,-0.1952068380626674,0.007283656793229294
Fox News,videos,2,@FoxNews; @TheBrianKilmeadeShow,8079,0.4437810415238251,0.20423240428855374,0.3068330376367015,0.4353217354619163,0.49484452795829487,0.5934928502768018,0.18648019001991276,0.14799660028913275,-0.15701900879547118,-0.3218598139442831,-0.6943462222654578,-0.617791966106035,0.8484575987183406,1.2752303340631976,-0.2185772696114108,-0.18528659714011655,0.22300981737608294,0.13147390249623536,0.9522033465167372,1.4087448375692289,-0.35149580921334933,-0.1781799410070022,-0.24813216473477903,0.2534663848068663
Fresh & Fit,streams,1,@FreshFitMiami,73,0.8689732596937141,1.246315150741608,-0.2202210037651838,-0.0090187129923425,-0.2651062144390968,-0.453737834939936,0.6677607985627138,0.6330783552138541,0.0540910069941676,0.3835026044227088,-0.0897298294808078,-0.3699593050662739,-0.9781232803579623,-0.9514301395102762,0.3861071079708437,0.2588755605194464,-0.2151640829377807,-0.3882683667853819,-0.2057007753284521,-0.1389579988884401,0.46493610440938166,0.4957830185348862,0.0932099994563905,-0.1618215075310288
Fresh & Fit,videos,1,@FreshFitMiami,98,0.1482572218322817,0.5210624534901414,0.4316224101642384,0.7963186352173548,-0.3938545245079145,-0.7475397960195924,-0.2681211892666388,-0.1884587381535226,1.0966837319375693,1.5998622799954028,-0.0721822416227146,-0.2815225045382228,-0.38690334342708665,-0.5498965996916969,0.009891543786923,-0.1253627877479076,-0.6781957210688172,-0.9300839030269856,-0.3966093984504262,-0.4148973344548956,1.2586263161377225,1.3495599844836892,-0.5298400163363762,-1.0299028021956942
Geopolitical Economy Report,videos,1,@GeopoliticalEconomyReport,67,-0.4269655512042901,-0.8534792340663925,1.0570468744438344,1.1404763685287969,-0.3229251895693775,-0.1846194127793388,0.1653043826178622,0.0870203835701197,1.5721673801320388,1.5007866340947702,-1.712176133749073,-1.9567662446137626,0.6949408729977475,1.3109990464572292,-0.7738226582817722,-0.6070850606487793,-0.6426111935542548,-0.8591802421647673,-0.905629987494755,-0.3334982252274466,0.1083669760850465,0.4148877336250963,0.6592416980143699,1.8623341741763104
Glenn Greenwald,videos,1,https://rumble.com/c/GGreenwald,76,-0.0558038008045828,-0.2564340203554564,0.1401889983772155,0.1727279873494688,-0.004742268039982,-0.0458947596828701,-0.4524408340261658,-0.5130032782034911,0.9446906186475138,0.8518573187907087,0.2925899659259087,0.5363812225347552,-0.6983656560354932,-0.4747288713451018,-0.0727626785725691,-0.1398891501405388,-0.4714915330738525,-0.4253300770814978,-0.0881276746247808,0.3276285552818931,0.6659950811315482,0.7648123709440394,0.2222905822651214,0.4593287720381836
Glenn Kirschner,videos,1,@GlennKirschner2,244,0.1957272923011314,-0.2033545808243449,-0.9144823584653636,-1.013611367310533,-0.5715434144538517,-0.4828884363152435,-0.2750514323345869,-0.3625779230388008,-0.158858678681467,-0.5708283786476526,-0.5496998353361454,-0.5267748140982178,-0.6626833631923134,-0.3348486710321142,-0.1578326360955479,-0.2435075771033023,-1.0541980583181114,-0.8109011770074489,-0.0977690121765254,-0.1015970110740444,0.0244365977223142,0.4185121594767599,-0.097793877956186,-0.2599227439198392
Graham Allen,videos,1,@GrahamAllen,247,-0.0802708533631956,-0.1326975932789026,0.0436691525824426,0.1138520742278979,-0.5036336802912174,-0.6246987322279427,-0.0841221524591195,-0.1095909891625939,-0.0469185005124802,-0.1878263804479613,-0.7197503177427838,-0.2131634654097085,-0.5274004790629557,-0.5386296008342862,-0.0645651684454182,-0.1920980988168264,-0.7749562812747343,-0.697916248523267,-0.4467552477665767,-0.3395373420010603,-0.227991950875116,-0.221910852975905,-0.2674950656853677,-0.5015520503632617
HBO,videos,1,@LastWeekTonight,35,1.7244333554940263,2.366272381587967,-2.9433973643349693,-3.105603688332512,0.5703601756335052,0.5316612132566955,-0.5428794346010433,-0.6959757443271591,-0.4229059238791991,-0.4800113919110161,1.2334637182173165,1.7427934914159118,1.3962516280215391,1.5153758074676855,-0.24090493130025312,-0.2019768133670538,-0.5667076256872257,-0.5693696433093525,-0.8478743346216047,-0.6015213361804124,-0.5081824415360581,-0.033308426842118,0.2158552485104083,-0.1420762774155436
Hakim,videos,1,@YaBoiHakim,15,-0.0208564075309299,0.1504555578950203,-0.0739767223608101,0.0438303561414392,-0.6529939253028962,-0.5917463126593071,0.0045584854850734,-0.0783006887228772,2.0261661286514507,2.138435569395474,-0.7091796051320483,-1.0470249815197588,-1.433583375979075,-0.951601172146385,-0.6171288641336358,-0.5548364310830297,-0.0994741830909184,-0.3367067317447055,-0.4722488230929877,-0.1565492088441732,-0.7911258980609939,-0.3631680056794987,-0.7566778825673507,-0.1499743689880218
Harry Sisson,streams,1,@harryjsisson,3,0.8274660201429902,0.6045902814099584,-0.3478360793814981,-0.4163643305736402,-0.6443323508442771,0.0437543012232832,-0.0974169428279199,0.0628656311856315,-0.4407144707909918,-1.022848925530287,-2.030989474480745,-2.129694104133488,1.2481245061050363,1.7836584955699948,-0.7657913225274555,-1.1558059522078228,3.475066722342557,3.8977701104327327,-0.20725420034553052,-0.821090008425999,-2.513337845166195,-2.352446035893283,0.8325935273921314,0.481908370375224
Harry Sisson,videos,1,@harryjsisson,632,-0.7283000355835479,-1.1681373481587516,-0.61819237543807,-0.2020418318966564,0.1757424489691398,0.0948793554465422,1.5363296956789958,1.9522245693935725,-0.3500639843284795,-0.6255512878073449,-0.1576993977389409,-0.5502147713150747,-0.5171836669948054,-0.4137330896556154,-0.1268180192276475,-0.5360282890805463,1.4461605358385183,2.0003491450910103,-0.7461059447914067,-1.0379075984270902,-0.6170793296856539,-0.8153991645772051,-0.6633180650029415,-0.9656672447827596
HasanAbi,streams,1,@HasanAbi,7,0.7816957299159466,0.708778420080176,-0.1114727815720464,-0.4452248632245778,-0.2483537092226826,-0.1649762106036222,0.3468545880743488,0.2014109443260423,-0.6861713721466256,-0.9103946496748032,2.7172210445835696,2.8115409814364947,1.920101023027875,2.0904026708520607,0.0131335705898024,0.2960482357963485,4.328588916584445,4.195166424336434,-0.5087838672413298,-0.3209474859713878,1.661799901921636,1.5806276758259885,1.541280048434711,1.675732555861108
HasanAbi,videos,1,@HasanAbi,591,0.633070774772189,0.8703521378540474,0.3998630514540972,1.0521585319672375,-0.375328996718648,-0.47466620645936436,0.3267867866511719,0.9177101660988056,0.22070513856168422,0.1548623795999359,-0.5800078375800503,-1.1874923942655713,0.007450253242793401,-0.0244216620985434,-0.3225559237367129,-0.6182083493452895,1.6606958981864008,2.1336823385040526,-0.5037539946516233,-0.6400437734413237,-1.0948654166660094,-1.5016021575698004,-0.2752458777956877,-0.5287095609709469
Humanist Report,streams,1,@TheHumanistReport,34,-0.0890927099460588,-0.0466549414582046,-1.239438672046352,-1.2929960486450656,-0.6280838000241495,-0.6658047428468703,0.0064086165367157,-0.0680074656616401,-0.6191683201762989,-0.7165150031138084,0.5581556536974678,1.0186410448745042,-0.6376266534857062,-0.4892290186530162,0.400050855861019,0.2639339340302007,-1.1743063944947587,-1.081391977602303,-0.4467361839493532,-0.2351177239198659,-0.2694317557102959,-0.0779469671134877,-0.1237661302025989,-0.2969965929882237
Humanist Report,videos,1,@TheHumanistReport,146,0.2554754974890892,0.1543017233078126,0.7547963131769121,0.8741490234208465,-0.2060674453985025,-0.2883939002429052,-0.0265246212174118,-0.05674867137955119,0.0822675820643681,-0.071402733695087,-0.3994577454023451,-0.3304188924668025,-0.3126189840267254,-0.1406309195676757,-0.2102939557405584,-0.3687034546512458,-1.1711923922702607,-1.0640175516924124,-0.174874211220933,-0.0376377298573408,0.7938060700980335,0.9547808782136176,-0.7731736131100972,-0.8104420373379713
Hutch,streams,1,@hutch,50,0.7743190002362329,0.9467395015411988,-1.1316857324471448,-1.0959210528479888,-0.2057916162989906,-0.4726333384219906,0.12425236338429119,0.1212149980322165,-0.2624573340870212,-0.3634320418076416,0.08500017496388282,0.4068772168754062,-0.2033746652424335,-0.2161544749006473,-0.0163186913548565,-0.3270398125274496,-0.4571555980523454,-0.16840226667904626,-0.9266795604392682,-1.0170455342231164,-0.6541143561379925,-0.7656227853291321,0.0833621347183586,-0.4737839173610226
Hutch,videos,1,@hutch,160,0.6681395985117831,0.9281863801875702,-0.3533278287003114,0.0199383569523748,-0.3159884747716311,-0.5067649086452569,-0.0379002407758827,0.274417072646922,0.1807157785413891,0.0942088351652621,-0.6524011967712663,-0.7516473483385826,-0.4345592041548404,-0.5445248068518574,-0.1429399472555408,-0.4724658836419893,-0.1911130667032413,0.1852492572655731,-0.5314019496074017,-0.6660704674569636,-0.5979615742951758,-0.9070461634298612,-0.0546631498692558,-0.6529022396921174
InfoWars,videos,1,https://rumble.com/c/TheAlexJonesShowLive,513,0.2807665079290747,0.3579666744869005,-0.4969439718165837,-0.6142608664243193,0.5610787600625566,0.5588420473674579,-0.3616302181715471,-0.4671595737833431,-0.0941317363820437,-0.1338268858518203,-0.377423286885225,-0.0044268653186734,-0.4435890323776885,-0.3377581016217262,-0.0107482698895118,-0.0365439330034886,0.5170110566653913,0.7287884645524129,0.0497993517735126,0.2132492452913706,0.1788116877098769,0.0843064201721368,-0.1119376475855137,0.0143840861845555
Isabel Brown,videos,1,@theisabelbrown,134,0.5526819778906908,0.8441604046625605,0.2860613416322185,0.4520789454150319,-0.318061771443227,-0.3734053335639142,0.0858292116738613,-0.0162371519783221,1.653372009652816,1.8676200191528605,-0.6910182175036761,-0.9079515639023062,-0.9052509041874784,-0.6338217288807666,-0.5454252568405084,-0.591975141363524,-0.1051168944667762,-0.3078714740922704,-0.6560946313137388,-0.3891861587371236,-0.1475086134965199,0.0679153036786036,0.1939593747024947,0.0724206837122428
Jack Cocchiarella,streams,1,@JackCocchiarellaShow,21,-0.1168012301128503,-0.3992398223898149,-0.3526141735743431,0.0860511957316189,-0.507512002677871,-0.5801018516384024,0.0574026947850383,0.4935645808804547,-0.38617861564754563,-0.6214703592758527,0.1918687626185292,-0.44272850872550035,-0.6435884386259643,-0.42583316053182213,-0.4983509699190269,-0.8666227573776155,-1.351706408458416,-0.8181169179440486,-0.5524590715921142,-0.9576071212473641,-0.9930741923912404,-1.1499351555117128,-0.1825447635138464,-0.5518953814047971
Jack Cocchiarella,videos,1,@JackCocchiarellaShow,1446,-0.5409773950578207,-1.1237138788108372,-0.05803610647810921,0.1240233424230287,-0.5014836369608879,-0.5730455775360889,0.059402006543023,0.2745620410723087,-0.3525282463349199,-0.7067180968793346,-0.081947700292535,0.0260118427627043,-0.5426389152995189,-0.4219287370396993,-0.3305617285550633,-0.698810021651719,-1.3220543305124282,-0.875915658610831,-0.7507935130729229,-1.000968273242837,-0.8198755636096992,-0.912904433170177,-0.3089297721125011,-0.5855535286079271
Jackson Hinkle,streams,1,@JacksonHinkleOfficial,76,-0.4633329011811793,-1.087167966218578,0.3672973698327826,0.3116157916444686,3.7667210879869866,3.8350076554974835,-0.4849639576889701,-0.5475568788933266,-0.666920333204895,-0.9867948839151632,-0.11945485583517139,0.2272583971615404,0.457148431144674,0.9108037421850304,0.1276261797594435,0.2237164128682973,4.763127917975777,4.7728486516368624,-0.6666572382606558,-0.1730059407991919,-1.0221950980101315,-1.008156001752195,-0.5598470100990675,0.4136052993929959
Jackson Hinkle,videos,1,@JacksonHinkleOfficial,343,0.0520933903887699,-0.3586793218262871,-0.09427308358666071,0.0640624824368556,-0.7883289037756909,-0.7568321640737476,-0.2791557139294803,-0.1819313986180347,-0.5668777955140022,-0.7654902775381404,-0.43207934708832385,-0.3352588301126217,0.530530809588516,0.8458305919351036,0.0571870699162162,0.0423781015138543,3.2677826466796223,3.3877205199123313,-0.2194948393241806,0.193792675877692,-1.189682632718043,-1.2689881283531468,-0.5662182830286707,0.0909330468024161
Jake Shields,streams,1,@fightbackpodcast,24,-0.11893731920137011,0.1747393340220326,-1.5224200742416798,-1.9620585680185787,0.0670524237649859,0.0509938863204261,-0.0139954643782206,-0.21162333942007186,-0.18864826256952302,-0.383444120803609,1.982480149216059,3.0104568301369947,-0.8204382933308421,-1.0382655504833802,-0.3551041412102331,-0.42780616133512844,0.0180545398940769,0.414627559346817,-0.7277044060930115,-0.8062329321018504,-0.3038822318379086,-0.675212201681798,0.0044807121366927,-0.1767855783385325
Jake Shields,videos,1,@fightbackpodcast,584,-0.2098149784892401,-0.0198742367497288,-0.2884551061522039,-0.3357374551207452,-0.2620550413878447,-0.3155133332914819,-0.1045756356556834,-0.2025537202218663,0.5517362859902831,0.6048247354043277,0.4642231136828534,0.7297253667409304,-0.6652140163490871,-0.5596084580666105,-0.240982622602013,-0.2663907744489155,0.2263010972579243,0.2572171948007847,-0.5980915411981864,-0.3933289560383285,-0.1283539473699171,-0.0912636563840864,-0.3196145505489429,-0.4340844177313341
Jamarl Thomas,streams,1,@JamarlThomas,217,-0.992350311525929,-1.5931655991538538,-1.0234961869924504,-0.9433550492127888,-0.6341188652810715,-0.3927614802626558,0.0562930386568662,0.04537306417488749,-0.537790466606599,-0.7002119948521691,1.3103202790503088,1.3087124779554251,-0.3916399676178124,0.1438137270145837,0.5545680930420555,0.6956251306330783,-0.6734930008582356,-0.7376799335801164,-0.7146487127099693,0.0132305044320796,-0.7499087885540124,-0.5311339748869421,1.0613516732438215,2.222981366387195
Jamarl Thomas,videos,1,@JamarlThomas,245,-0.3073472643355477,-0.7964629029625977,0.4094509615307973,0.4619759273453324,-0.2822572350540919,-0.0226220416167688,0.1634556096509988,0.054625733634614,0.3796758108400822,0.2774513744881745,1.8001048015403014,1.8276401759307428,-1.1988322577643586,-0.6487410224913395,-0.1432342048737175,-0.0061444817894548,-0.1064417909684375,-0.1945712692926365,-0.0770759743389362,0.709425464892987,-1.0274014569978935,-0.6938710923047413,0.50934269527121,1.6008683898468228
Jesse Dollemore,streams,1,@dollemore,4,0.4660417663587546,0.4843599521205799,1.12632058851771,0.5077300569694687,3.4749594769263505,3.7351122409291424,1.5510523371233529,1.4932794053007576,-0.5930906054703051,-1.030793560952341,-0.571187342614155,-0.3405362183505233,-1.181877030745278,-1.112532646053801,-1.0559699960454374,-0.3142664990133119,4.094054484540541,3.814833593230692,-0.2423165544120781,-0.2629457170112855,1.963545529489834,1.7877752102109077,1.283245024739017,1.3075547437293482
Jesse Dollemore,videos,1,@dollemore,1376,-0.2810246962603735,-0.7690598520882167,-0.40306093142436217,-0.3868208938243486,-0.5158614960352669,-0.5008126822622417,-0.3333637512777401,-0.3103797305349058,-0.3257578022601437,-0.6922977902310843,0.4494211656477139,0.7278719513914282,-0.1823973523338599,0.0433745375249004,-0.0184517917198069,-0.1830066741125466,1.0205183047398283,1.1674694687449003,-0.2073964703905183,-0.1695944322912568,0.39284941251035826,0.5115355074998793,-0.0720341009045705,-0.1374466905213553
Jesse Kelly,streams,1,@JesseKellyDC,1,-0.2807410629785641,0.6942399967693488,0.7350484454405615,0.4396551724851344,-0.6524372379407593,-0.5143352690500844,-0.8151167113164353,-1.0719183341390786,-1.0611702480613996,-1.1645803813416316,-1.3547786928215286,-0.9325656744085422,-1.3735652142895445,-0.7133877090983445,-0.7771338978986062,-0.4817837299713953,-2.2191459411950127,-2.3912909455365448,-1.1084519080375712,-1.152139604017285,-1.043947009849748,-0.2456291770699553,-0.2639061154924018,-0.0198124499407631
Jesse Kelly,videos,1,@JesseKellyDC,478,-0.007118354197709101,-0.0408092915146349,-0.4761814640675607,-0.3567463438586758,-0.6542056524451562,-0.6881956858884903,-0.5281541521595952,-0.596194918104024,-0.3851758103374399,-0.5524189495156048,-0.290842097339117,-0.3375809160194922,-0.3931906704528068,-0.1440613131750059,-0.4219784212741371,-0.4598961650112076,-0.6056877543888708,-0.6168586004224216,-0.4359530184383565,-0.2506557841044665,-0.5207904086749798,-0.121019970418844,-0.1633041747775545,-0.1031268205367079
Jesse Lee Peterson,streams,1,@jlptalk,180,0.1837616487230897,1.1095192551684565,0.1655660808065672,0.0589295726116591,0.3647766618334037,0.4113327297844205,0.4353178705359339,0.5646139795116528,0.2723702596087082,0.8715704400827248,0.6518311909365572,0.0081714329376999,-0.7643011523776538,-0.9177971184199305,4.208843655183801,4.611556561303428,0.1658561701144845,0.2424169175844128,-0.2802436420575696,-0.23606978964992742,0.5199048927056183,0.8609697371489097,0.4565435906316926,0.2189211626503945
Jesse Lee Peterson,videos,1,@jlptalk,293,0.4174725271953705,0.5656777843376147,0.46888972855605865,0.5970277393205641,0.0345253506010376,-0.0529737830664324,0.1921479094456266,0.1578083943644402,-0.1675103734285725,-0.0761705365097163,-0.0174428711904509,-0.045190666546074,-1.5533366533041613,-1.4788773863362177,0.9096714288389607,0.8257957783150442,0.1756247178675872,0.0848308450297478,3.15164684065103,3.397191349291849,1.5372503195123248,1.752098153330089,-0.3173761645106533,-0.5954897318197895
Jillian Michaels,videos,1,@JillianMichaels,437,0.1163451692459639,0.1565900872168608,0.3567190459548017,0.4931079841982997,-0.2045739582730611,-0.2275639735465651,-0.0107506469033952,-0.0411488855668532,0.9809215214410166,1.012960602825263,-0.483396615968253,-0.5313780514506166,-1.104293167650936,-0.875061417615563,-0.2526965107788695,-0.2604435085218229,0.14973329086037426,0.0854966854037576,0.0988747911447971,0.403124400249397,0.0760732923738537,0.2830188599735094,-0.2909787012748155,-0.1953794973602224
Jim Acosta,streams,1,@jimacosta,156,0.7466307268228167,0.7180781691462333,0.6886194393363704,0.6113476258022639,1.3983781510239397,1.5639153888688229,0.4013574103028149,0.3367772453413408,0.5026307224521087,0.2519701843895846,0.8583533406382831,1.111113237362375,-1.03724960879935,-0.8602271547604027,-0.10355536893035969,0.0048720526252492,0.6057453540922803,0.6787733127659213,0.3984338106511503,0.5435902089827189,-0.07686018594613,0.0770362268454664,-0.0316442601586878,-0.0414520767163834
Jim Acosta,videos,1,@jimacosta,301,0.5354809135157322,0.2353933681815207,0.9838930664089912,1.0011174160227274,-0.2328673635589694,-0.2014866343877289,0.1198153360672011,0.086300684407708,1.0816806552231626,0.8542668342761955,0.6034709874538118,0.8344176397354496,-1.3240026438126136,-1.129858055447782,0.0989315772562221,0.076865470606793,-0.5524336917346797,-0.4643092163110062,0.9046968767158683,1.0809244268508005,-0.1904159105043011,0.0357697407510739,0.6752324944679603,0.7460207962283071
Jimmy Dore,streams,1,@thejimmydoreshow,108,-0.5914856148936485,-0.8441810854417757,-0.281585504417282,-0.2399095596683359,-0.5772064613927463,-0.579745518793468,-0.2368303297203736,-0.3037260811823645,-0.5741486107307943,-0.7337271392015966,2.1443966711281246,2.7231275780735236,-0.431141970202242,-0.22113211225022347,-0.012164023953997398,-0.0279165958025516,-0.5065535675493423,-0.4664151000651471,-0.4585181296034828,-0.0816757216660936,0.6921037117445205,0.7087901765791658,-0.1856192875448677,0.1630122961876763
Jimmy Dore,videos,1,@thejimmydoreshow,1077,-0.3372151616009718,-0.5652687084960772,-0.3854508871689384,-0.3364762155325394,-0.3332609771699982,-0.3382173736932418,-0.1133877018118837,-0.1898499038300797,0.0591985347980006,-0.0520370253609529,0.6304213556026573,0.9644987232834256,-0.9606795643283076,-0.6944383363817452,-0.2892857747574045,-0.3285483805572691,0.0792943384570032,0.0803236831399285,-0.48173359633270335,-0.1373446774340211,0.2901545218585027,0.3768065120784263,-0.559409290226275,-0.324484073652743
Joe Rogan,streams,1,@joerogan,1,-0.0594344166775709,-0.125916678493204,-6.116860559397116,-6.46046405933641,-1.4224904119432875,-1.436746620788014,-1.8826396883102112,-2.059504944452426,-1.3168375579908005,-1.6383394783911265,-1.7671808701222906,-1.0534431513378224,-1.3252588088427746,-1.3486030180702144,-0.6173956870718553,-0.1355292284720597,0.7596375094550538,0.4300486826362867,-0.61563492588367,-0.671323141332836,0.3425194466134734,0.8322050699958197,-0.6453404244088594,-0.7429649126780171
Joe Rogan,videos,1,@joerogan,133,-0.35453020502946,0.6384874521523328,-2.9737751377873622,-4.62244594242774,-0.0984879609173991,-0.3710802412304835,-0.6003771551683634,-0.9268561042988286,-0.7275854620258777,-1.0232045174563875,0.7846067892015458,1.9247325916989544,-0.4542290124340265,-0.8445503814469819,0.3108776163856865,0.353295545808771,-1.258531127478376,-1.2155773424418688,-0.351133600816376,-1.0463664057311133,-2.054275272136126,-3.5128460723344164,0.3793192950115268,0.0444131570693146
John Stossel,videos,1,@StosselTV,47,0.3325130326994585,0.7527930998191185,-0.3053342149409312,-0.10665735101028549,0.23141888582625786,0.1838156547735641,-0.0626679121096926,-0.1668030452863287,0.8658081888322897,1.1549315643488445,-0.1005414067647587,-0.5658703627779729,-0.7733274212468799,-0.4690148048914624,0.0497553542693246,0.10820363385752478,-0.7932868247131963,-1.0177414842821149,-0.4890880619972437,-0.2582929464180483,0.8149096991212751,1.2194203335036795,-0.8369583016408496,-0.7790894195462561
Johnny Harris,videos,1,@johnnyharris,11,0.312286092466382,0.6778558028619298,1.9831221940034467,2.1306125157166265,-0.4560496314979734,-0.4006601140332183,0.3044686550239046,0.24497501844796069,0.9533365891544601,1.4377054104443,-1.0301054286801317,-1.4722669304789897,-0.7109893252798261,-0.5392945793694072,-0.9337330070745856,-0.9703518692766111,-0.2291839550547322,-0.3906202925078059,-0.7440167567893525,-0.3747249162956216,-1.7365694943956378,-1.34916264071017,-0.0028634842194389,0.2421679874642324
Joy Reid,streams,1,@TheJoyReidShow,135,0.9862475891755675,1.2503237702268453,-1.571421684408216,-1.6905470064076298,-0.2302031470564055,-0.1051800219165771,-0.2570323875442745,-0.2166090742766374,-0.1564703211103424,-0.2492968093950605,-1.008849132242785,-1.066999577030925,-0.6344433389322595,-0.6447194703981376,-0.1854959399300224,0.0065402616991542,-0.2995374662493278,-0.3007597919247281,-0.7036652060587747,-0.6292951237020729,0.2931912092518411,0.3755054366097111,-0.4034870851224962,-0.4454364658623188
Joy Reid,videos,1,@TheJoyReidShow,234,0.7953315709866017,1.040597587730148,-0.502417991798455,-0.5798358608398577,-0.1676624625851963,-0.1751070332957611,-0.3033772501734815,-0.3754821299162408,0.2451575834725907,0.1401918270620069,-0.0717448528440513,0.229760587963137,-0.6819771010605131,-0.6081605220331867,-0.1531607949286315,-0.0862973870323867,-0.3658633581959734,-0.4629530252769481,-0.5178880620668311,-0.2819046791038489,-0.2275394631052802,0.0901622349127183,-0.090066461094607,-0.2427162556289723
Judging Freedom,streams,1,@judgingfreedom,658,0.5188751415452321,0.1915751281521439,-0.5886068781554193,-0.5129759471184409,0.1194923527997098,0.2852055386938654,-0.3549085337784678,-0.4080723049009813,-0.1831020154988274,-0.1360248712623288,1.7813096597676856,1.7931611766696025,-0.9621094966332316,-0.7117006590966833,-0.0706291547122912,-0.0926403033356778,-0.1714150644932612,-0.2017456872984795,-1.3273034623208382,-0.7155977070039393,-0.642282757237738,-0.3707757247764376,0.5391007636583602,1.3036924958008045
Judging Freedom,videos,1,@judgingfreedom,345,0.247505740223865,-0.1712116907400038,-0.0334892883573175,0.0570490372926132,-0.19332429102567408,-0.0051805972025187,-0.1296181839464369,-0.2071692711388476,1.2686733282810665,1.276683877751564,0.2765362553530333,0.19076563961747897,-0.9227633420255436,-0.5600782694221786,-0.4570324116743375,-0.40577749300977695,-0.21510653980711789,-0.2787302002043582,-0.9079294715231808,-0.2189107284043671,-0.0974748465556587,0.2298149907888147,-0.3315653265671288,0.5340678636742249
Kat Abughazaleh,videos,1,@katmabu,31,0.455725671684808,0.9362121180941432,0.8023307258569669,0.9096832648251213,-0.1311273410378469,-0.186627842232916,0.9030920298934818,1.1040688471838462,0.2827269091352894,0.2601354620842459,-1.1607020750954993,-1.5454471333941928,-0.5319907204714718,-0.5528724878569349,-0.3215284748412764,-0.1422185549495268,-1.2889144384999374,-1.126189811155214,-0.5307849095872406,-0.5188436435347754,-0.2627723281302074,-0.1348073415523532,0.5994418190767635,0.3292453112878064
Kim Iversen,streams,1,@KimIversen,1,-1.0758609696384178,-0.059033992719103,-2.191621825368338,-1.94197873387388,0.1697210237573787,0.1161753087158481,-0.0884160867129265,-0.0093004055015666,-0.3942404381778384,0.2991058645828965,1.973123669640936,1.3098138618682926,-0.1311402890296068,-0.3448450180032659,-0.1731880642530187,-0.3291722340398199,-0.0617837918613101,-0.1389741689455425,-1.0388176396004165,-0.9322334049493488,1.7779178750720002,2.348147450877485,-2.117743665127193,-2.0135917570665565
Kim Iversen,videos,1,@KimIversen,505,0.4107111742920583,0.1664587832774311,0.4430696451722553,0.5304297572636136,-0.4017294612555088,-0.3622334495202666,0.0544541434343576,-0.0192848874460115,0.4175155235754716,0.3515387255890341,-0.6351420722806416,-0.6459276349994125,-1.1381910494710947,-0.7486953693117598,-0.3768973318877789,-0.4010875139674821,-0.07938118763087791,-0.1313324575977209,-0.3476369341856274,0.0709873562058941,-0.8425705446457634,-0.6740233368239942,0.1645239478568637,0.5458862812681776
Kyle Kulinski,streams,1,@SecularTalk,1,5.424634610849106,4.934013859788641,0.4265597588088834,0.6499207767727104,-0.4698209038089286,-0.2616103243601613,-0.5635254247668229,-0.5817289105171697,-0.9264201389260682,-0.5813677084314333,-3.1329293155444224,-3.606390082844863,-0.6470378678109305,-0.2106005847318323,-0.841091568456674,-0.9656971005739028,7.567484202547027,7.528655163684434,5.9380789893440715,6.938115679702616,5.433774002866269,5.662721078065349,-1.6336038056550437,-0.2220788806147342
Kyle Kulinski,videos,1,@SecularTalk,1374,-0.91002138344816,-1.2814979136754356,0.076758595762115,0.1456158721082524,0.2549306120324081,0.1831946851124145,-0.0177463965208002,-0.0081451718294972,-0.1525068102363491,-0.4125550065723757,0.04663584693956071,0.2002389884344254,-0.2728550852952962,-0.10624513022229119,-0.1393365637849331,-0.303082646949715,2.001783197798392,2.1961485770567464,0.4193266009107909,0.5048810468871332,-0.0563534999754132,-0.0359565378219628,-0.1179896653561973,-0.0810743719877437
Leeja Miller,streams,1,@LeejaMiller,1,-0.0198918685149556,1.8545132893753011,-1.3652773641723757,-2.1100870274084187,0.5554746904918755,1.385058113597049,0.4437570967763474,0.1865311180964,0.4906543598920757,0.0518664686728924,-1.8138540970153376,-2.582002512662094,0.4520898486512971,1.1638825018309766,-2.311206911068716,-0.6543875376947939,1.725336452089809,1.6334014898454812,-0.7027063635836388,-0.6046280530984609,-0.8546635505767812,0.3412820290261329,-2.3108887350278673,-2.591480467954555
Leeja Miller,videos,1,@LeejaMiller,56,0.643017648034646,0.7192879044126838,0.33436730793593,0.3645185030897529,-0.2704306563690254,-0.2452494613120085,0.1986189783700279,0.1666125951952692,1.612321078740074,1.5664204413792344,-0.764736517213331,-1.0370746517952905,-1.1464608263866192,-0.8954787257750433,-0.3532583497795866,-0.3908782273481283,-0.0533178775588724,-0.12861184937085,-0.826223616359588,-0.6365334968457955,-0.949268553959428,-0.58657648105344,0.2967096926087759,0.3336960437077577
LegalEagle,videos,1,@LegalEagle,97,0.2252205374300885,-0.0006852124440275001,-0.0625246767544348,-0.0004290151221402,-0.6870449819026012,-0.7203628050776082,-0.397367294326705,-0.48552879172586483,-0.4007483005529828,-0.6451418482401801,-0.7518202148877152,-0.76842396905177,-0.5635267042135685,-0.1872175172807562,-0.43106929103243935,-0.437893523703671,-0.861801034176508,-0.8642195988875212,-0.7853534825416535,-0.687219186296677,-1.1456038632812136,-0.9484574866800882,-0.6474662459788555,-0.8378476761993849
Liberal Hivemind,videos,1,@LiberalHivemind,800,0.7136969227117828,1.024587465588863,0.9241089240680366,1.8443263639020089,-0.054066073529855,-0.2111132141828071,0.9452065395228334,1.709357052625994,-0.2345976601901636,-0.2902557478991294,-0.7649671981717039,-1.5048430591722757,-0.4386746494628543,-0.6042234247168032,-0.041138983674028996,-0.395731658825721,0.637717518050165,1.2499946213652855,-0.2712393846589706,-0.4569009878156316,-0.10416496268589089,-0.6453673908013142,-0.6801884454505879,-1.1061325403499065
Lincoln Project,streams,1,@TheLincolnProject,28,-0.3254019806942768,-0.5309543402778736,-0.7383856691336684,-0.6676322881588809,-0.6306921603429616,-0.4841329804792296,-0.3357095174807997,-0.3606563235539652,0.9839855824399308,0.723459438012935,-0.33496546905512165,-0.3268352411714952,-1.1513639902601405,-0.762014274997718,-0.1867977070252894,-0.1338214399991044,-0.0989174444129117,-0.10237468828854938,-0.5762879656625974,-0.4238892385395518,-0.5086371035819819,-0.2808550802613916,-0.0836602133304822,-0.04917875838003031
Lincoln Project,videos,1,@TheLincolnProject,119,0.3541584004274806,0.5989960900044221,-0.9580541377611014,-0.7195821747781206,-0.3589127740629468,-0.3140092682507984,-0.2717493903406026,-0.0909120578775842,0.0966206156524039,0.0690327855424266,-0.6863508963285582,-0.8331410430297593,-0.244575130908901,-0.18565218587484783,-0.0494352268491323,-0.1867548415369871,-0.9765513225774162,-0.7501534003352014,-0.3777447937586144,-0.3312336272485605,-0.8533180090164442,-0.7479578439769055,-0.2042322293476965,-0.284526716462574
Liz Wheeler,streams,1,@lizwheeler,67,0.7685795769683572,0.5447199436984312,-0.9338950885966144,-0.791972139125057,-0.3114228954021497,-0.3293234862355288,-0.0287176262663856,-0.0423244661940739,1.0166044658453994,0.8453163356353378,-0.3417657837592968,0.3316585251091353,-0.8227666987343757,-0.7158978560797178,-0.2647538600135278,-0.4044600851493488,-0.1084988166906901,-0.0856457507267014,-0.6706069749210476,-0.4219466741553692,0.0651216672788811,0.075990800761951,-1.3080242095849308,-1.4635120945967968
Liz Wheeler,videos,1,@lizwheeler,77,0.5722335206776573,0.5103220845707305,-0.9824187322029524,-0.9562612591478287,-0.486023687040424,-0.5239831718256069,-0.3551426506758929,-0.481335243506908,0.676150130523704,0.5407185040950276,-0.4902288995806186,0.176711459054972,-0.5829161451561479,-0.45479716952939336,-0.2899177148235148,-0.321494613363677,-0.0202534087336759,-0.053723090061046,-0.7372624595747912,-0.4348135395391276,-0.1864284998235628,0.0245682581700417,-0.777001313126463,-0.8244207731097922
LonerBox,videos,1,@lonerboxlive,82,0.0649471298692841,-0.0638889427503363,-0.3677095438599881,-0.306941255221633,-0.2611148686605252,-0.4283764266812268,0.0638565821836331,-0.0075855568137862,-0.3633967005878191,-0.45167213040619014,-0.21718028795245128,0.0628880959439707,-0.6238908944828168,-0.3906050295860037,0.0796498481837092,-0.1286595690355166,-0.1427229807407192,-0.0628610407711061,1.7897483625637642,1.9577173352983703,-0.0419255478266486,-0.0971267070384107,-1.0217221062843462,-1.1293999662792866
Lotus Eaters,streams,1,@ThePodcastoftheLotusEaters,179,0.2069625293793029,0.7911893619940252,-0.509184427321044,-0.7781968262216442,-0.3354660793166526,-0.2255694816971986,-0.1276798377316826,-0.1927068886936375,-0.0967619861823341,-0.0879082753673745,-0.2619136746499807,0.006751321429586301,0.1652652252744824,0.8661275922859963,-0.039874074578414,-0.1955386501539152,-0.347428829797738,-0.2360982181925617,-0.8843355461570198,-0.7875932658679505,-1.0437261993776,-1.467721405697467,-0.1900306084898249,-0.0584034200281192
Lotus Eaters,videos,1,@ThePodcastoftheLotusEaters,588,0.6504219148226941,1.0782241985856884,-0.7614476396608723,-0.3417503672331434,-0.4091194810691274,-0.45126619152811204,-0.3004704575838064,-0.0485527057408696,0.0964937239735629,0.2747431041630645,-1.0887763841996818,-1.6274839628262805,-0.8122871013050559,-0.6304623286050656,-0.5596888033485293,-0.7042408295287966,-0.3442551028145158,-0.2107894158799913,-1.0666095964389208,-0.8870027694402767,-1.0998754713575778,-1.2229521738065412,0.0459167689388706,-0.0277909473318175
Louder with Crowder,streams,1,@StevenCrowder,8,0.8137334892817455,1.2585712180476911,-1.294191905237753,-1.3838061283171932,0.330787149392159,0.3219694241523332,-0.5660977055852681,-0.5960126954062759,-0.4653151928742556,-0.4235518458190008,0.4160089511093695,0.9759918301585536,-0.7147054715900035,-0.7710492449089206,-0.1210987372428672,-0.1803560051593055,0.4540734119721988,0.5115324901373641,0.8135703923415671,1.0642278268746883,0.4095106891646681,0.421879311456316,-0.5596683163794546,-0.667194441184746
Louder with Crowder,videos,1,@StevenCrowder,165,0.4673324266567206,0.7208344469729534,0.4072220138878127,1.0043392964928337,-0.2688300254185298,-0.3763039135978684,-0.2322949265845321,0.2317491182921578,0.5162657186951157,0.5352467621489674,-0.9005206770252538,-1.3569569727947048,-0.838051518448825,-0.84571979249148,-0.3965923048166163,-0.6415651951966064,-0.4993889490152173,-0.2876541714615885,-0.7828747011446877,-0.7366489560444407,-1.2384669065685463,-1.4620168506640503,-0.0437958198244271,-0.2919163798245489
Luke Beasley,streams,1,@LukeBeasley,246,-1.1974296497071908,-1.6943230915226184,0.2019830103024944,0.4851231389129835,1.389933186199195,1.3197133412130018,-0.5186430662372458,-0.1739124026424511,0.1916623466941539,-0.1036675735620824,-0.8309253550568323,-0.9935170608978792,0.0491754869465236,0.12005930257176,-0.1330994988875357,-0.529662066318292,1.7175360627957563,2.267462207786393,-0.4361056929840054,-0.7715557368098053,0.2707896614409438,0.0662716991508564,0.1038604524325859,-0.3071930301159156
Luke Beasley,videos,1,@LukeBeasley,1109,-0.6721647526076883,-1.0311258670062176,0.1005602347084901,0.1055788290263638,0.8802452318628153,0.8211879444366489,0.7096328398633299,0.9319193739878622,0.178680073891496,-0.1420798463356921,-0.501354184682197,-0.4426674751331193,-0.3377396169578051,-0.4128654071772367,-0.5056485171714362,-0.6573187906063792,2.2436709356958007,2.6266439667356116,-0.8877872608239866,-1.1654431999203143,0.4643863601694863,0.1833907925001681,0.0784016654939304,-0.3558959541929525
Luna Oi,videos,1,@Lunaoi,8,-0.3716686606478346,-0.3025303811449491,-2.72914695387538,-2.5620832256698676,-0.3667268923003953,-0.4216922485729769,-0.3993167909862498,-0.5900140890367741,-0.0466476547185836,0.0755901246806653,-1.3040834317196843,-1.6267437857613145,-0.6047731278165056,-0.2164961501372722,1.3741120779831135,1.1711546560801218,-1.4103270658734846,-1.5012586844692648,-0.7492170826650535,-0.2436206781149575,-0.2130721086719588,0.1905967020618344,-1.1532473550449138,-1.0961740179182136
MS NOW,streams,1,@msnow,308,0.215092361250963,0.4839575877124694,0.9234792017913294,0.8129618872390433,2.2492126727959434,2.952529377297361,-0.246351645945419,-0.3972256253190513,-0.4121807953177592,-0.9013096655397526,0.0851273360273438,0.6552893497518691,1.0557809136171916,1.6810597987636926,-0.0884700552072471,-0.028334811212982997,-0.5668461420412841,-0.7459240897218828,-0.5790455395064761,-0.4885325325993808,0.0292919813129502,0.4403113205840298,-0.6261798271263935,-0.4058072715433493
MS NOW,videos,1,@msnow,9398,0.4680725188751591,0.2970796127812475,0.8270709533611998,0.8082921761362465,0.2891699394751025,0.3887166251148239,0.0935248202223183,0.0306925721844195,0.2749369923481823,0.0291602810127595,-0.3379791426810676,-0.2178393687101571,0.8406568850223903,1.2276421169695118,-0.1981177515905116,-0.171289465345116,-0.41272478023249,-0.4598203967141526,2.4681660853487983,2.728653875576873,0.12149601523954322,0.3712013156154027,0.2885540316653283,0.5604364116685707
Majority Report,streams,1,@TheMajorityReport,183,-0.1312076511225178,-0.22183190728820898,-2.0488933318522555,-2.156767394187226,-0.402431954077559,-0.3612618895587783,-0.20388285596540703,-0.3256268020577931,-0.3643221774427401,-0.5345764263167802,2.630038936484667,2.720257481521053,-0.6672012766905859,-0.318629979368104,-0.09749013032713161,0.0057420686166052,-0.6438923072289047,-0.7291662985620788,-0.7714839580696131,-0.4530209622217411,0.0776441565729553,0.36772459334890345,0.2957295532219295,0.6387286147947756
Majority Report,videos,1,@TheMajorityReport,1520,0.0834451578646569,0.0643511922700841,-0.6177979181220624,-0.4430204900228877,-0.4472601206965366,-0.5277664878365536,-0.10789432034122191,-0.0573512649468255,0.0886691371034811,-0.0598818312680932,-0.012197347235583298,0.0082799140552813,-0.3324415535157922,-0.2139484438886137,-0.3188632011982282,-0.447759276977379,-0.7414118244990434,-0.6189192404881342,-0.5029892887871618,-0.4133389043086937,-0.9593898450290628,-0.9159760751940562,-0.1683339492615261,-0.2028476257414495
Marc Lamont Hill,streams,1,@marclamonthillnetwork,145,-0.0139756347529226,0.0051378522972335,-1.0683207126096077,-1.1673845051545106,0.6718613619536109,0.611154402297258,-0.363025522280362,-0.4558404277100874,-0.5449513759232277,-0.6530432018618264,0.683152399696109,0.923607964354751,-0.49155015272082825,-0.3665642594908997,0.6211767010092328,0.6261645523395232,-0.8721472855260864,-0.972777770843002,-0.4321661136682044,-0.1537195535631846,0.8493318978830453,1.1940700338636825,0.2019009024296342,0.0369465442232208
Marc Lamont Hill,videos,1,@marclamonthillnetwork,309,-0.0269822988460993,0.1847297726404437,-0.7093825773806106,-0.7082220141547005,-0.271970525215913,-0.42322963944394953,-0.2830474600374634,-0.3742915138200031,-0.4062686712138953,-0.4515910065721464,1.3165888800018306,2.036314696469065,-0.47392795967273826,-0.4701696848838611,0.23249080681905937,0.1256482137478831,-1.0149845264362891,-1.265143916899927,0.1775955572168011,0.550237733820749,0.5638854449965492,0.903848047553304,0.0794550546187118,-0.1750451702017909
Mark Dice,videos,1,@MarkDice,89,0.3007131945546815,0.3067826103124056,1.0770343203011403,1.203799099193482,-0.4426370747183179,-0.5396301953489273,0.3470901300764606,0.3598346233105144,0.4713614255928123,0.3554216002413809,-0.4769627894690219,-0.3781065904951996,-1.200498930656314,-1.143810582547165,-0.0802317748774553,-0.2185926549618884,-0.11528709058763718,-0.0842856440242749,0.5231920455027903,0.7355062663508055,0.4719287578974432,0.5296588921990845,-0.57433689159059,-0.7704705898831437
Mark Levin,videos,1,@marklevinshow,486,0.5525021030355618,0.7387612060230553,-1.1722141881809938,-1.1371000431718854,-0.1313905010193955,-0.1378471345984171,-0.2415805252208394,-0.3204580967808469,0.2738588503741052,0.3487078671496128,-0.2401150772962271,-0.2918604623398618,-0.8207601022419031,-0.61296366440924,-0.5912922682821947,-0.6598359864007187,-0.4839194592642498,-0.5518540339258793,-0.7548218772570161,-0.3288028538649276,0.1954540320205888,0.5574218492399342,-0.7587350806483466,-0.5304870458561268
Matt Bernstein,videos,1,@MattBernstein1,20,1.0042408754456322,1.5102020442667223,-0.5173656479846739,-0.5052133380790669,-0.3829650913495642,-0.4308340722115207,-0.0014333229166594,0.0058689537849932,0.9724032746181756,0.9338723137629176,0.368126026879363,0.9500157184992286,-0.9151757813122965,-0.8944383928150057,-0.1970263985756828,-0.2929838714731157,-0.9174291732186507,-0.8533999161280075,-1.0262130943954042,-0.8769022658750533,-0.4348293999074575,-0.3181863959156521,-0.375177980333634,-0.7729712190224513
Matt Christiansen,streams,1,@MLChristiansen,73,0.3617495060367063,0.0108644204534099,-1.2889800675192735,-1.4388464491198163,-0.6471674005455715,-0.6095673514483009,-0.136949947961244,-0.2767996180216509,-0.6978337101139905,-0.9871228158843088,1.828474275474221,2.319374591381799,-0.7460145312371593,-0.3674733218849268,0.7009627816780587,0.8202044054283526,-0.7684328492576762,-0.8051032449636802,0.0944182777102047,0.4011365721407149,0.7796016311782274,1.0696671445242545,0.2856443181969009,0.519138862958548
Matt Christiansen,videos,1,@MLChristiansen,116,0.0507815697380909,-0.1941691765001145,-0.3620197796955696,-0.2790266026558307,-0.354796132846161,-0.3865973280053482,-0.2384760586489637,-0.41297988439761385,-0.6771599231198638,-0.7977099011465107,0.2507278530632197,0.1055938600061066,-0.7211833599759203,-0.2343915583663719,0.0039791307303956,0.0141321329486092,-0.8924352582671741,-1.1812450426145005,0.9421532590916444,1.294206072827729,0.4516592774209894,0.6785322908865937,-0.0411093106824306,-0.1249473843494764
Megyn Kelly,streams,1,@MegynKelly,13,-0.0476770726011843,-0.4423588215549019,-1.8012364085600652,-1.5758737372297915,-0.2550251253005689,-0.1961306667995521,-0.2933338502193034,-0.4549666954069551,-0.621640056020987,-0.7552176729881235,0.0329689833530264,1.30744239887301,-0.725143126853603,-0.4198763814297469,0.4756045569474105,0.5360120973225733,-2.2746092023248994,-2.488415074213658,-0.7730553879667925,-0.4788345716972034,0.4941631632998825,0.2645068692713596,-0.5379811491775801,-0.8795320989022
Megyn Kelly,videos,1,@MegynKelly,1591,0.1549158411560152,0.1512232392772243,-0.3837912025948841,-0.3027965386937971,-0.0762710715538518,-0.0799820797754406,0.0323907087451799,-0.088175188916891,0.9032401691259794,0.7583649922715371,0.9732277912699957,1.502692518156495,-0.8149263844143261,-0.4920786221162808,0.3586267797992597,0.3542122032351579,-0.8231074812730316,-0.9215012603945758,0.3699602174998457,0.6819408577701072,1.1025062203646945,1.3164971211507288,-0.0271013793853278,-0.1532743859121492
MeidasTouch Network,streams,3,@LegalAFMTN; @MeidasTouch; @katiephangnews,675,-0.41260120220654317,-0.5478087765274656,0.1979938407469413,0.24135370872274903,3.0145103777793127,3.6131249726716548,0.1676883758173033,0.12095416764482748,-0.2665228150164013,-0.6851628349768405,-0.5195481927692174,-0.7667639983417892,0.14783200589055004,0.4646890867846192,-0.2511973016752597,-0.2446761620610918,2.1041345581197106,2.5445540879944364,-0.6309633753141954,-0.8275623735474461,-0.27836536937839845,-0.3212873155140915,-0.4566988912945299,-0.6894189392134202
MeidasTouch Network,videos,4,@LegalAFMTN; @MeidasTouch; @TheMichaelCohenShow; @katiephangnews,6726,-0.9309097659718666,-1.532148463314679,-0.2494993262822241,-0.303207670747126,-0.20503155960541894,-0.1585383376721494,0.22127496453119394,0.2664976720330315,-0.2790664954630407,-0.6642261591437755,-0.2560423079282641,-0.42426619787685405,0.09107555779595178,0.35547043527525174,-0.09329917487631317,-0.21878712860274124,1.4492415645310515,1.802455657787063,-0.8827794846652852,-1.0061601867174337,0.3451985107386576,0.5716155235581746,-0.516612470594474,-0.5836003951479576
Michael Malice,streams,1,@MichaelMaliceofficial,3,2.4198195324476077,3.4178603331476043,-0.4931182437318727,-0.8545932346056784,-0.6796493930633601,-0.8525295180765777,-0.6643400659929103,-0.566567484145494,-0.4666023389922381,-0.2861536203121196,-0.7961372210569323,-0.2945872164605855,0.0158624676925596,-0.3925894590081511,0.5084240038832682,0.5075342626759327,-0.05641240473236211,0.3196331253619682,-0.4084805173293253,-0.3381810904670959,0.77700443762375,0.8606907620139044,-2.281433793332576,-2.8294690745112976
Michael Malice,videos,1,@MichaelMaliceofficial,51,1.1791546710394598,1.9407708079539991,-0.8655587063378135,-1.1234347282492103,-0.16186063564958808,-0.21505610842327919,0.0215813859035823,-0.0019554815366183,1.1496233253699852,1.2485476723165565,0.870527450553409,1.1142419390569351,-0.4626707898675983,-0.6991997401173344,0.3361097043230091,0.248164767906133,0.3465560037669609,0.6023751351141696,0.6903367666211605,0.8769901132296664,0.991064963019886,1.1260762657897818,-0.0567265048847274,-0.2079519609558941
Mike from PA,videos,1,@MikeFromPA,125,0.3149524660459239,0.4915378909070316,0.3262092829674272,0.2732094169032759,-0.3765761239608903,-0.5232335777406374,-0.1379868479932952,-0.1973094857386944,1.3035982524711467,1.1367455836605915,0.1017960421244577,0.4826431736404729,-0.5321760174317633,-0.4336820490018944,-0.6050968247772897,-0.7349559232052023,1.5839032672464997,1.710692148677737,0.0729526992867738,0.091096586617761,-0.1639120731703947,-0.1308511378612037,-0.578130369032021,-0.7651224144818547
Mikhaila Peterson,videos,1,@mikhaila,26,0.458154255853258,1.2266595061413574,-0.5064281555377599,-0.268053600881862,-0.37272466847047425,-0.356020496060107,0.0468406889472265,-0.0674127218007135,0.3184218298450415,0.8887785353234217,0.8711585367890659,0.2631591508745539,-0.9572569111009506,-0.6235347058043785,-0.2036771106631335,-0.2351527597320874,0.0365219937225116,-0.2084334088752889,-0.452772150949282,-0.2480349792403224,-0.2545434721442465,0.1680006671230487,-0.1384386466553802,-0.2923968229585187
Modern-Day Debate,streams,1,@ModernDayDebate,107,0.331971239845482,0.7682399261345404,-0.298742669782324,-0.117782418649385,1.5871099079118214,1.5109008171497675,-0.8967159027970122,-0.9306431958731736,-0.0569335963062254,0.2409594949651712,1.3295969282630795,1.285825002412725,-0.2588378656271994,-0.2334727510849735,0.0915269883977095,-0.0295241685251088,-0.8638210102670981,-1.0367906010379913,-0.5437223780684258,-0.2687797465134908,-0.0119062020366512,0.2242571173082054,0.0863857166785493,-0.17524653201381676
Modern-Day Debate,videos,1,@ModernDayDebate,45,1.2208979714411785,1.505033447195335,-0.9497934606631928,-0.7588616879283104,-0.0270406642911417,-0.0340957313851519,-0.5949683109592792,-0.5414658290750225,-0.3972108630119265,-0.22722771215984477,0.914835983708878,0.8557150612976805,-0.4784759772666081,-0.5081425670870368,2.210958876372241,2.176759297118835,-0.0851433982437366,-0.2784008741005134,-0.4997607181394429,-0.2947893314037413,-0.1103550283168293,0.1927732209634781,-0.7466777080820804,-0.8865037778183961
More Perfect Union,streams,1,@moreperfectunion,4,2.9893904894700105,3.795641818487808,-3.550481839212435,-3.7138272338640994,0.3889095858645295,0.4141041650453988,-0.0173805891803628,-0.1748684721860362,-1.3595186736952565,-0.9955665908349198,1.4253937486312194,1.8432723253073735,-0.6900231283713171,-0.7343782776211292,-1.1304282374166412,-0.7209221325336379,-0.2010325252212459,-0.4424931948063563,-0.6646919561156653,-0.7604630147566149,1.8809227160306656,2.193988395807999,-1.4008060443853667,-1.5294071411011247
More Perfect Union,videos,1,@moreperfectunion,68,0.4537457666373318,0.6779509200147859,2.192043602050938,2.158624394733881,-0.2496980207123982,-0.2931479172800154,0.5652958565947439,0.3529294179222563,1.542319122881862,1.6371317560284226,-1.7623433215858435,-2.0829627169719576,-2.1002874878729325,-1.7258076643485631,-0.6470503703826151,-0.3669587487159122,0.0462199204827029,-0.210016749075244,-0.3553166573322837,-0.2199667546258268,0.4192829891597839,0.693342912950427,2.120779790109353,2.025593809269301
Mr Reagan,videos,1,@MrReaganUSA,24,0.9049187682675144,0.8414924320807016,-0.7718610522591542,-0.7222151406547339,0.266002809478533,0.16794533813190618,-0.2258962746175276,-0.2561558441027867,2.270708928502462,2.179227104237337,-0.9924252953807744,-1.054387705171133,-0.5313913154044728,-0.6217915355446697,1.464299250547467,1.3615342235416144,0.34004348253661104,0.291211123574341,1.4750783828209375,1.6107241746431562,-1.161974641951834,-0.9985671938418887,-0.8299864502637181,-1.143136929834787
Myron Gaines,streams,1,@MyronGainesX,240,-0.3548488696527493,-0.566185197560333,-0.9475650701560486,-0.9627195589377991,-0.3650692307586723,-0.4384281933416423,0.3630224990740794,0.3321456317949113,0.09159601734935942,-0.0026617881082716,0.881814064058511,1.2249054073371886,-0.7668305024625472,-0.5895990703644529,0.5791321254080333,0.6795642477068754,-0.7799546864651741,-0.6999878993891037,-0.4480030582029857,-0.2697884921154061,0.2828216949359179,0.41102199040203097,0.0373880799226097,0.2026598198912166
Myron Gaines,videos,1,@MyronGainesX,365,-0.7062602271877738,-0.9334257959272942,-0.0452707876691822,0.2800307830459529,-0.3598809788800412,-0.7819682245312335,0.0366875586686562,0.09870526947765061,0.5374035239077671,0.7246907578380001,0.401565363112341,0.7822721616202709,-0.5262150992336676,-0.6620400860105906,-0.0754408979127087,-0.2693947875453833,-0.37355057935075514,-0.5985569876623891,-0.6294224159415881,-0.5098595007719676,0.38017403159840796,0.5075722448197397,-0.6753178328369676,-1.1817285401394568
NBC News,streams,1,@NBCNews,350,0.1339444478798653,1.0095967985296457,0.4071497055550807,-0.2838129528881669,1.931670233325837,2.7896561189563913,0.0746022425079462,0.5081555202918145,-0.2442686479342659,-0.8002195645117467,-0.4577802790948236,-0.6712568299101729,0.7783454478327142,1.0201239957348238,-0.1579679348361818,-0.3076964208994563,-0.5515181159089042,-0.4293311331173354,-0.5710560048977646,-1.0574869317973383,-0.642441438083455,-0.6947111491540042,-0.6078166667166371,-0.5106641285043574
NBC News,videos,1,@NBCNews,6161,0.8052651753638106,0.917436158604526,0.0231450599050316,-0.0945997462734751,-0.3261933731951107,-0.1225213956821917,-0.1300191075397832,-0.2977874428210459,-0.11086675604528749,-0.3289502957017323,-0.3944381179519623,-0.3590394927819251,1.186799945523192,1.7118856577731785,-0.20833909292651892,0.0188328106944982,-0.4694206926948777,-0.6292959424827179,0.1151527564964748,0.2943445348747567,-0.5467820791027751,-0.3581681393995546,-0.08534665087612911,0.0686618635625605
NPR,streams,1,@NPR,1,2.1200569630484978,2.941172639418623,1.4482220242344068,2.013214296438933,3.4715216656561543,3.490002074130675,-1.0119740297114788,-0.9688011217510112,0.7901328486677979,1.0330301526485353,-2.1287754668121384,-2.467049400183608,-1.600849456746301,-1.067588295873719,0.1020767024115709,4.138881697233998,1.4521953909056458,1.2847367894023742,0.3181356768574228,0.944505410855657,1.0005339393717927,0.968125433305858,-0.9358276673271512,-1.044614544434458
NPR,videos,1,@NPR,70,1.5013552232798075,1.9775501824483033,0.8883582291396026,0.9976278888603198,-0.5804253570744813,-0.6172327698738244,0.0691928528293935,-0.1140419267049865,0.9340729346695068,0.7637124628377097,0.6969882166099318,0.588872536887542,0.3410714913481727,0.9532399357381276,0.0361961459317589,0.0889646020509763,0.389145080122821,0.2226776480629239,1.0337182383161538,1.3457346182750227,0.48958910504593495,1.1689852180747298,0.1293493692459484,0.0319260401018354
National Review,streams,1,@nationalreview,2,0.4888404078521655,0.8189211548209663,-2.9898230091906424,-3.278882301742616,0.1118505272490632,-0.0358973285015198,-0.6647718188844429,-0.9755596249181332,-0.5081362216104348,-0.7577023073412343,-1.1773479951835082,-1.4504112299859475,3.086419176753563,3.465287881341512,0.0689047529785301,-0.080254014596651,-1.3536597106490462,-1.400394383679656,-0.8379717261914587,-0.6594027161615296,-2.25641204337857,-1.2449033562785792,-1.6646538942284232,-1.6493517893671092
National Review,videos,1,@nationalreview,183,0.3142098124542861,0.3358469624081988,0.1418907769655413,0.239025827353933,-0.1620077330367259,-0.2806800376772421,-0.0856159795030473,-0.1722509972564571,4.1122325047635355,4.069584035881738,-0.3863569939544562,-0.149009940439118,-0.4060901930199756,-0.2667437202969918,-0.4065519140982768,-0.49626974251930206,-0.6269587167847614,-0.6540383232918348,-0.655109880270051,-0.3967139549369173,-0.3653295466933792,-0.1969657693786601,-0.120667538869023,-0.2536339955820635
Network18,streams,1,@Firstpost,8485,-0.769844260151588,-0.8556921583957695,-0.7076122160940556,-0.6883225485099637,1.45164969520679,2.0015675419336536,0.0102648884085563,-0.1617235323691262,-0.3382309919569669,-0.6816706172888892,0.5484549893645236,0.7030927011373439,-0.6697375744542444,0.1657922792148805,0.5351722966583599,0.8784209400361257,-1.2219224517559508,-1.4591099129434395,-0.0290375517069821,0.49862577750927584,-0.0394645200195054,0.4251124617827021,0.8408814731670047,1.786521561627486
Network18,videos,2,@Firstpost; @bushrakhanum,9659,-0.33085458803931,-0.4100375841267754,-0.6550644140973284,-0.6147038236784191,-0.23390118421404033,0.1841344066272796,-0.11307891765454471,-0.2969265226221303,0.1588269655985973,-0.07750119627601912,0.44740930455139527,0.49583187832211906,-0.25842339165399353,0.5456954525803539,1.2340661482744444,1.575656778445069,-0.34138353978083313,-0.6155659617192824,0.18087854992572014,0.6954442015630544,0.2811649273051802,0.7434316691171944,0.9971753102173474,1.8546328541685888
New Discourses,videos,1,@newdiscourses,95,1.0809674122133273,1.752549153296138,-1.9309643708625541,-1.8437060618109773,-0.1087466149846025,-0.1674428516847366,-0.38148044274449,-0.3924254770893456,0.9050393194930646,1.3539202216341493,-0.5615378175841085,-1.004890182790949,-0.2651134483051585,-0.3142298794761622,0.7219058623294878,0.6416913764910865,-0.4843999433463094,-0.5189593278948187,-0.8082983525448822,-0.5395620814102464,-0.7801785199070733,-0.4607103508070941,-0.6824701746245669,-0.942037241689868
New York Post,streams,1,@nypost,98,0.5948741344600502,1.197459809398233,-1.9736290777195333,-2.062926562068479,1.1012884385395922,1.941224814526341,-0.013102488015641699,-0.16803722216866754,-0.2958674249351177,-0.7674173604805323,-0.2143588734641327,0.3164988714316108,-0.888139158977045,-0.1567654011402749,-0.0082131129411427,0.1495646657401225,-0.8351441866950027,-1.0080664754501991,-0.9470239839003377,-0.8637302914732186,-1.0067275328991228,-0.5257985213021872,0.0370529257905728,0.1431628086073666
New York Post,videos,1,@nypost,6036,0.1623285647891426,-0.2092916445498373,-0.858614140816714,-0.7692065573613281,-0.4785812123672558,-0.3115784552821646,-0.1597821200474858,-0.300702969634102,-0.3274011047382902,-0.6227325283271834,0.1630613402177843,0.0247393454799797,-0.8019583218400065,0.0089307589306325,0.0877644694332266,0.3332245436777566,-0.5425001665832221,-0.8113565187556444,0.36434225947625276,0.7339005534949509,0.1958290490008535,0.3790880163264268,-0.1077495365731265,0.2678667673202498
New York Times,streams,1,@EzraKleinShow,1,1.5506165353352794,1.0002833319896485,-1.3038289416799729,-1.557376747925821,-1.1329629027907606,-1.2370133279444189,-0.253408510524083,-0.4861440786836178,-0.7079705357574462,-1.0170027811104685,3.645833272950513,3.4730728683874537,-0.1819611345641571,0.0993337637733095,-0.7655734240976273,-0.6255156894184941,0.4084688063656819,0.2736647894999074,-0.8577402565363941,-0.3769576506698632,-1.5711680952595437,-1.064335727157158,-0.7491304874690625,-0.747771105175227
New York Times,videos,4,@EzraKleinShow; @NYTOpinion; @NYTPodcasts; @nytimes,610,0.8333776372627586,1.0366890731686327,-0.3794631886055228,-0.37730483335861725,-0.2909080138801408,-0.2266428991894972,-0.050258427442292725,-0.11025694215122395,1.3123714857792552,1.3332454429641059,-0.7943099036604175,-1.0094089341097199,-0.9847999459866993,-0.6157127911359309,-0.045696293387992505,0.08096182913016377,-0.4103072244426461,-0.5028336741520164,-0.20860559220435695,0.09170027433160834,-0.07080439591637212,0.19362617854716477,-0.033442138446411786,0.18434147183843425
NewsNation,streams,1,@NewsNation,282,0.7624418735851144,0.8792562870678252,0.3406611310738872,0.3834253685837754,0.9602294971882904,1.3085175306884254,0.0758679486043971,-0.056507679571134,0.8691560493287626,0.6575927742074464,0.6670602055434195,0.9261735763543134,0.8569424088977501,1.4386747422326214,-0.1578649511150612,-0.0579152029786499,0.0083627067349495,-0.1446369910278854,-0.971455717535317,-0.7163954011511863,-0.6426692345513985,-0.3674007501546107,0.7349785453966367,0.8492839134839951
NewsNation,videos,1,@NewsNation,6882,0.5539049212344405,0.5507000602406111,0.4166988589410081,0.5338420144618866,-0.0477011740495889,0.0974936027555764,-0.212017607110837,-0.344296188941487,0.0739578614757354,-0.071901728756687,0.3466237152245504,0.4602849006477928,1.1392152804901357,1.7809112652446726,0.1433157641455653,0.275394073322875,-0.6298429513428163,-0.8707725913635602,0.1126804825999028,0.5312963737720752,-0.0172421595665319,0.24627210039989,0.8148644310571072,1.0946998033984046
Newsmax,streams,1,@NewsmaxTV,383,0.1032251013053826,0.3340566162696708,-0.10804158756863011,-0.1911855547937103,-0.2406090629418679,-0.1088576944234035,-0.2357253994363885,-0.3214794137163581,-0.2408001827267072,-0.3051087494510585,-0.1148994685208696,0.0237333708595258,-0.7940371317030129,-0.5922241637046274,0.2960634617218895,0.4405996673232526,-0.5329409765508154,-0.5653566403501441,-0.7594010595864235,-0.575462350651686,0.0194265230856539,0.3030095950601435,-0.0647655649185874,-0.04457053606057991
Newsmax,videos,1,@NewsmaxTV,3744,0.7340651840051787,0.6687273808439282,0.9625441200971266,1.0552293397275736,0.4085386620785155,0.4801348495967129,-0.0275311409095777,-0.1281039303499732,-0.1674941788165331,-0.303181762875929,0.6697656894788551,0.7948339715659921,0.5223724857123393,0.8712489205986523,-0.2194554900334018,-0.1985981608970878,-0.2555770661178579,-0.3812568942254989,0.97795131415118,1.362876860767308,0.0464802703267418,0.3258399103266396,0.8237135541712556,0.9816802359242665
Nick Fuentes,videos,1,https://rumble.com/c/nickjfuentes,305,-0.4184774559597315,-0.5708591621214273,-0.8744498822778726,-0.7182124635360041,-0.3320865838532004,-0.3392708247626192,-0.0002121970054294,0.0509622675041181,0.0124719380162186,-0.0863196813545414,-0.5659164547795609,-0.47885887326440724,-0.2774477256430512,-0.022823500107183,0.3863134594518872,0.2660866783022154,0.9740284163211501,1.0306064344668178,-0.7803364797630354,-0.4116603108473798,-0.3125127638511527,-0.3193731106999314,-0.6055642869263743,-0.24035120572790514
Nick Shirley,streams,1,@NickShirley,12,0.0142384144702458,-0.10680598320340422,-0.9481038030116903,-0.9156176470815905,0.11989255784673898,0.124145298215738,0.4987906611880093,0.4708885826540881,0.0096456432556378,-0.048606968996644205,-0.8796868571770197,-1.24670455179191,-0.4536872815432345,-0.2656705281816425,-0.6461899296335026,-0.5952750358086564,-0.3866762475335086,-0.5007157056729787,-0.7913570584066972,-0.6483913991955449,-0.3662453514253752,-0.3915484685131809,-1.1353776157349944,-1.3263169997542923
Nick Shirley,videos,1,@NickShirley,29,-0.3946638319412727,-1.019597121684922,1.1316035536674989,1.1316654342080985,-0.5422033010621523,-0.5861180178850665,0.8665518128542108,0.7735299294627813,-0.4315302678461523,-0.6135503841070098,-0.5454239166041263,-1.010461812385296,-0.7663001472781862,-0.4137374051017475,-0.010445161796158998,0.0243174176358126,-1.453873991926118,-1.659411466402659,0.021248443270824,0.3260723101854713,-1.0338648057680149,-1.2304939316351384,-1.1936456338007568,-1.297285873160248
Niko House,streams,1,@Forthepeoplepodcast305,44,-0.5982370925043184,-0.6930223048527402,-0.37414852125385933,-0.8886390252472716,-0.2352817490368569,-0.19015778725119506,0.1749563168291033,0.057675305085784494,-0.465846199578837,-0.6929073224758585,-0.1735974539003731,0.0266123092374107,-0.6237041191851085,-0.4949137867689648,-0.43726380127663833,0.5741792196262788,-0.99349036914986,-0.9208099039220481,-0.258055715378138,-0.1415471239122345,0.7744244636585769,0.6783586633824442,0.6844848018082428,1.0784889264130035
Niko House,videos,1,@Forthepeoplepodcast305,111,-0.3176675827587373,-0.6798593996148735,-0.2973483674004921,-0.22619047902193368,-0.5328772321846742,-0.4925904939112011,-0.3024042113280936,-0.2729721407414044,-0.0242672015990034,-0.1514064652469286,-0.1234274920269146,-0.0439717515714196,-0.7520985532972332,-0.34194323364680645,-0.0193942796166124,-0.0494992074368731,-0.7151575728978306,-0.7494774840037318,-0.4981299533342285,-0.0610099755723191,-0.1938363838013546,-0.07466641230402149,-0.621534000672736,-0.124451116285214
Novara Media,streams,1,@NovaraMedia,4,-1.1985048810858907,-0.8021445150508923,-0.7437032684387671,-0.3465050460558886,-0.1316877982654364,-0.2189321137944406,-0.6207728799728159,-0.761616268879526,-0.8364389802880164,-0.4753501681530694,-0.7227183225798701,-0.8797722891964737,-0.2747901075048219,0.4240335272304522,0.3764692545968593,0.1081139376929451,-1.7541933389233768,-1.6778086033763078,0.8660689868884647,1.4627322885956624,0.946283023313658,0.954004179994392,-1.4452420108452546,-1.048989595152325
Novara Media,videos,1,@NovaraMedia,565,-0.2439436754037836,-0.144985723470002,-0.429511786511511,-0.2298966759599299,-0.2999906285019881,-0.23809603198059434,-0.314207212005581,-0.4149490663733394,-0.0455681558163959,0.05352716319321,-0.1032340298799927,-0.106068429672877,-0.6289633805247203,-0.1460650180177346,-0.4051978358109316,-0.4618817364801426,-0.3545066574346651,-0.3347295170780667,-0.7020091633874272,-0.2544323859613063,-0.6919653648794384,-0.5361153570460622,-0.2699180611542531,0.2041991900532009
OAN,streams,1,@oann,304,0.6017720885669784,1.3053484062761815,-0.5425919994581797,-0.8338410748319779,2.031207153588474,3.1948822688319707,-0.449841786670467,-0.6586465286784954,-0.3679640768182338,-0.92197085547587,-0.3546690182546427,0.23272783623023993,0.12064409274736669,0.8396525671153439,-0.269713158398413,-0.1538339165408755,2.730762480793555,2.555895178810179,-0.4627019558056381,-0.5596399925605058,-0.8591720020251287,-0.3633036340634865,-0.7148217761057533,-0.6236955095898334
OAN,videos,1,@oann,1736,0.3319290721143329,0.3224081038576566,-0.6994011643566886,-0.6931792743411622,-0.3609893394649158,-0.2064240369976092,-0.5437229388420629,-0.6767350304674901,-0.3334217903664415,-0.5226316735316228,0.3899984100816552,0.3861286324861868,-0.4607918936978553,0.0286350045145589,0.2477724234258343,0.38106527499852183,-0.1962911693124233,-0.4132918012164811,0.1284006716835125,0.4655615413392097,0.1582222570245195,0.5327602892197265,-0.1452052949293223,0.1242298171200918
Officer Tatum,streams,1,@TheOfficerTatum,192,0.043423649108353,-0.0167287261119711,-0.4007409216806994,-0.5379653583098029,2.988551249960454,3.0615911677701164,0.0840912270869249,-0.013182893802445602,-0.3263212972842447,-0.5075991372053533,-0.4662294542632004,0.027050039605077198,-0.7393074436247956,-0.6781912204541576,-0.42750890427618476,-0.4343477175799028,2.1907226118048087,2.074624776044431,-0.5079178328969413,-0.3549943918677929,0.053776287306411506,0.1489406432713398,-0.8120622043158271,-1.0966260883032912
Officer Tatum,videos,1,@TheOfficerTatum,599,-0.9752994477136487,-1.2185025720755684,-0.0380750894830927,-0.0121974079837833,-0.2857201570716117,-0.3577721220677691,-0.0331620560619137,-0.1175435782295691,-0.4318389330879171,-0.6171285235047919,0.1260341770232966,0.5855436793990001,-0.4293750760664933,-0.303139440148692,-0.2816053720180257,-0.3616094363515454,1.9930857538574396,1.859381474423371,-0.4077907952985553,-0.1553806020868265,0.4372841028279049,0.5500713808819319,-0.6740423783273352,-0.9264075026760418
Owen Jones,videos,1,@OwenJonesTalks,226,-0.777016259821042,-0.8784558168775176,-0.2029034986981594,0.0065831656112469,-0.5351053794135717,-0.5081045105131348,-0.1393886015126825,-0.2116481786905065,0.2443219693134987,0.3154754880097295,-0.2989830541725786,-0.300710644930818,-1.0617749505165734,-0.5874816659131338,-0.4936118023351279,-0.6511591945372102,-0.0894853007187661,-0.0707252955447522,-0.8540326136705315,-0.2370439056197614,-0.6923691435789793,-0.6081979752623052,-0.3558223697582434,0.3128665698556621
Owen Shroyer,streams,1,@OwenReport,167,0.23757627945809404,-0.0840402447712683,0.6168216471032497,0.7305088338180731,-0.4516966380848571,-0.37842997803771,-0.175235689325231,-0.253927471993645,0.0551856644357723,-0.094113742996727,-0.2707361788297296,-0.3460637673913107,-0.847392526832776,-0.38832506334681216,-0.10778559608173148,-0.1211620094092256,-0.9164465912011922,-0.9258714804368244,-0.7522683695618688,-0.3883101341137433,0.9172538959581801,1.17012597171332,-0.0919034697539903,0.44920813201156135
Owen Shroyer,videos,1,@OwenReport,368,0.0742268214352739,-0.0760418629402422,-0.4450483595106834,-0.3832459759472421,-0.4256755251047469,-0.4869974835203516,-0.2826001438517926,-0.2785417250830029,-0.11680661594981821,-0.2026580884288548,-0.1664857885963631,-0.1442731404830164,-0.5197391049084673,-0.3586163024035886,-0.3299200584178508,-0.4560186504147132,-0.7760748286032083,-0.6601142761452922,-0.5441397643881578,-0.4367945542774166,-0.4287383990042088,-0.4123281159135342,0.2785677662133884,0.3539099017300611
Paul Joseph Watson,videos,1,@PrisonPlanetLive,44,0.3073009843103245,1.395089905415382,0.9469891052291142,3.1154387266807317,-0.5814495041941707,-0.8096208519472016,-0.9435339218207232,1.020512271393409,0.3971826649486376,0.5361542233171198,-0.9039605311892206,-3.134229366473676,-0.1085199528727359,-0.7309454367564446,-0.5323025135899234,-1.3141941744539494,-0.9281616923943029,0.5017521493076141,-0.177504108321285,-0.8587012621046175,-0.42079375548274833,-1.821619528077093,1.1235375980179203,0.2475550523968253
Pearl,streams,1,@JustPearlyThings,88,0.806060596526946,1.325708484620665,-0.21314873724971506,0.1594394517653169,-0.18562179630549516,-0.3732691258056706,-0.0776628648529627,0.0523476165605689,0.5154725313342448,0.9357131721392964,-0.8149729670331685,-1.2398129981074957,-0.2692615178255292,-0.3692758940959436,-0.1042562287937446,-0.3915167678960214,-0.3859102095874563,-0.4437062353362832,-0.979690453545879,-0.8846806190818132,-0.47090573148697074,-0.5163756920041155,0.6131313288305719,0.2425701615091569
Pearl,videos,1,@JustPearlyThings,631,0.2614717930612807,0.8254043968031656,0.046699837467674,0.3908887013640055,-0.1825604571671932,-0.3580333401252503,-0.0733515406834047,-0.0522503833250152,-0.2027700404182857,0.3372739086623706,-0.7803059848417254,-1.3842941688275372,-0.4764207340158846,-0.48562502800777535,-0.3064291630773254,-0.4632908427958418,0.20304807850854367,0.0417513924182607,-0.5365024922813244,-0.4237866851403599,-0.6406921297492318,-0.6313944685942653,0.1927552604471975,-0.10151263287988858
Perun,videos,1,@PerunAU,35,0.0446125477506973,-0.5781981781686438,-1.2488678648699048,-1.1714009236013372,-0.7935530297674039,-0.4000288075259309,-0.2867564169860298,-0.4177584614354331,0.0060101263667155,-0.1249617087851653,-0.8043880941745495,-0.6592278321523409,-1.5223366416185429,-0.9663669526800762,0.735615540507179,1.012675916922407,-1.8693798854106267,-1.9313149814986084,-1.1401088895912668,-0.2719537907396319,1.8943167767866325,2.3588149174739357,-1.1081669786644934,0.0652939507132926
Peter Zeihan,videos,1,@ZeihanonGeopolitics,202,1.061757253150173,0.8772076131233595,-1.3404523899999168,-1.1924381025153976,-0.5516931508510267,-0.3166266966232303,-0.2463277079580449,-0.3260660105272859,0.1096102403738283,0.0829242163801847,-1.0986338539935965,-1.3038549850580354,-1.3121998253841647,-0.6541142967590208,-0.5528631116516692,-0.39824011786546326,-0.3661589462482866,-0.5352934198324885,-1.2268188504108155,-0.6503952578186631,-1.096542609131885,-0.737951745128897,-0.2656909370168542,0.7338369842892478
Phillip Scott,streams,1,@PhillipScottPodcast,147,0.9241766313177205,0.7252978581379722,1.1007326999907652,1.3498745241063228,-0.623217582175286,-0.8214126762123534,0.7631827223610586,0.6626083481440816,0.1522962388190978,0.2500610333104295,-0.4064577576034009,-0.6477901358208571,-0.88403855616928,-0.866982518869713,-0.06229710878813271,-0.2132408476662014,-0.075782582736692,-0.4761209173106928,-0.4773668715830116,-0.12145989364891932,1.0470943662337566,1.2093857750097414,1.8576283756194965,1.7800621898883875
Phillip Scott,videos,1,@PhillipScottPodcast,3,-1.2671452718312537,-1.8497367871261583,0.4567649828556179,0.5246673927892306,-0.9635935718946254,-0.9126487716726804,0.6186527323861073,0.5410346568012097,-0.050461949362848,-0.3709420136397881,1.320973251411249,0.9055730305316748,-1.9588041709225192,-2.0851584114813435,-0.3470167416343981,-0.5387366273681858,-0.2917291905773402,-0.5273738785415872,-0.4566203188803439,-0.0571557494773896,-1.3694657687692102,-0.9293072584247924,3.824469998851125,3.93687508135622
Piers Morgan,videos,1,@PiersMorganUncensored,173,-0.43208337535076874,-0.6932663220594827,0.136157848396139,0.20009504380892382,0.0737994663386539,0.0779524362795726,0.5342280100557751,0.4679380836457574,0.0161991543413929,-0.1867785651581763,1.1267268842759772,1.5197340719461887,-1.3544544971600962,-1.1373372675823057,-0.2906939314807841,-0.4144624609316544,-0.1149531814978033,-0.1296469011552795,5.35080350240361,5.851657920931948,0.1733750389723585,0.30374582048913,-0.37869564389620214,-0.2469736010685477
Pisco,videos,1,@PiscoLitty,54,-0.0388179137948118,-0.1463534608924435,-0.0733186800605864,-0.020203498379427,-0.2882275031824794,-0.4571099768667728,-0.3219002424861133,-0.2104613243446872,-0.4621542116170047,-0.6967627090258764,-0.8131965182565241,-0.6174500719078048,-0.3263893376386275,-0.23248610641930448,0.8344092459567962,0.5876817819388518,0.7747370590569612,0.8874047673422383,-0.1014096571782632,-0.0138735821245622,0.1155277794403163,0.3002120052339837,-1.136942409385274,-1.3637857133550966
Politico,videos,1,@POLITICO,286,1.0607594448893771,1.2093495301004609,-0.1598813292612798,-0.0728670226908237,-0.5511446413065606,-0.4404564357797333,-0.1773662533195599,-0.2757753020676877,1.0857399178439682,0.9977252453910654,-0.5569703735531898,-0.5169569869145979,1.0356812879602475,1.441544852104864,-0.0554925838474271,-0.0040985847301695,-0.4519863037280023,-0.46943598129816505,-0.48048986229441876,-0.1997075988030456,-0.7307320554030533,-0.3523139388937089,-0.028191863240198702,0.464110195565599
Politicon,streams,1,@Politicon,1,0.7776213066049322,1.7922909982589226,0.4877967678897583,0.2192655229090545,1.194630142136375,1.1650486101736872,-0.6470372497315765,-0.9893961339469144,-0.0978189470438664,-0.4404394616611396,-1.537191241666511,-1.470633338103697,-0.989516918970095,-0.9008663739183804,-1.412978741393899,-0.7226843906736585,-1.4680978701058078,-2.5289536351205357,-0.615194876193508,-0.992678946440758,0.343829066684068,0.8684442798198017,-0.5189372658620841,-0.3550619743394163
Politicon,videos,1,@Politicon,480,0.36977732293693,0.5135853291022652,-0.6939212900172251,-0.6595245426784143,-0.20662381070924443,-0.1054424082686079,-0.0141114084653765,0.0442770902807224,1.2981787493092856,1.1719759150458844,-0.4454180051020872,-0.2269950115844796,-0.640885875006124,-0.6000596358583337,0.0324687684447434,0.1168061012764959,-0.8258991243092866,-0.6837482675924992,-0.6316376157728577,-0.5778863031665901,-0.7101068064723715,-0.5061806598521957,0.3257886029253898,0.3967546592951433
PoliticsGirl,videos,1,@PoliticsGirl,110,0.9714158352016764,1.3788284016973111,-0.5040266304804433,-0.0783605167833227,-0.2439577708170386,-0.3018964612182094,0.20796257175759839,0.5404227599044632,0.8520972888193347,0.9398984703216332,-0.9840408342382114,-1.7005461386103895,-0.761932331290331,-0.7558780454649072,-0.8817534753289764,-0.8898688639149744,0.6520987246160219,0.8439714953950489,-0.913303614945986,-0.9054217668738832,-0.5995139149290553,-0.5924680866125265,0.8690557072487162,0.6757816420129429
PoliticsJOE,videos,1,@PoliticsJOE,325,-0.1414104708874272,0.1260042180556007,0.093858604532535,0.3890559414230598,0.0949184374994119,0.1591257372427594,-0.1629013387420138,-0.2577836369877136,0.504637490575802,0.6504552244312065,0.5459983198739304,0.733243013786948,0.3549831316956572,0.9449699178390738,-0.3310184130441519,-0.5260838238986223,-0.4446627805708756,-0.3682397234667618,-0.9982176734071528,-0.5288571037389322,-0.3975861121592629,-0.311092893632862,-0.3218577545214945,0.0738120135380977
Pondering Politics,streams,1,@ponderingpolitics,2,-0.920587677255644,0.3808440554606903,1.313466885605051,0.9232268466253488,1.8526337045848107,3.463733588535138,-0.0200706613499073,-0.0850270165714423,-0.5911664651668951,-1.1249288493695626,-2.7202995799363316,-2.2324165529496276,1.1281951449237697,1.6515170424336985,-0.9560503422783556,-0.6533313257107882,3.1017983284346156,3.0405643931868376,-0.6817913979343987,-0.7057896057147501,-2.305033995394246,-1.3897657223493578,-1.5438815136190605,-1.6444604675186263
Pondering Politics,videos,1,@ponderingpolitics,1392,-0.428672686592921,-0.8615186542587324,-0.2860412608957969,-0.4151188409484924,0.2805938332792557,0.2591024708662052,0.37650056968479445,0.5024453597055138,-0.2918072631965716,-0.6801283956161036,-0.3519371372068081,-0.3596371850034132,0.3046238050209305,0.2575243350929013,1.0914746385278316,1.0640288525692458,1.7003855566614618,1.9833635507839948,-0.7536170525050264,-0.961634141442539,-0.4773154424741885,-0.7439564891120612,-0.6342257839734909,-0.8016827820051512
PragerU,streams,2,@PragerU; @XAVIAER,33,0.9705843169022595,1.2149941789806877,-1.7641140219637457,-1.6627122144581548,0.2164638134049352,0.2692319869796296,0.06363528737071321,-0.1168202624617768,-0.6377361396526258,-0.6130907615314548,1.791403366199985,1.2409581031807055,-1.044257957662671,-0.5057309804559469,-0.057133636717576104,-0.0018814498405109634,0.7753971814793394,0.46580632721886095,-0.9410222211892828,-0.7490324523794089,1.3534011769734908,1.7993136302413812,-0.6512776420225933,-0.9912307179419331
PragerU,videos,2,@PragerU; @XAVIAER,439,0.4848363536213863,0.833423831106557,-0.6213928773250935,-0.5844052870464228,0.09050098857510548,0.12850122269388228,-0.15692146382820457,-0.24052869352460127,0.8613322240670096,0.9926703872748635,0.6367412349339306,0.4543466393426997,-0.34799689694440517,-0.09929148356947708,0.4648659621107088,0.56377539862828,-0.29389354872812207,-0.44188183769225486,-0.49351174816855425,-0.17745258872962955,0.21600651130978843,0.6112538115835868,-0.05323983126111381,-0.07921350865588968
Pushing the Limits,streams,1,@PTLRadioShow,189,0.5122365187565658,0.1049452293000634,-0.04980022972359121,-0.0283594644631919,-0.7154202547042382,-0.6621653916383949,-0.1534230978859228,-0.1745892949073075,-0.1768778177714262,-0.5212359118983912,-0.5257363850818025,-0.1662253694628189,0.8490697085472205,1.17737556159773,0.19224066902620143,0.1491023530930489,-0.4172933545925375,-0.477833065522207,-0.2565105827976584,0.0619909627688941,-0.6000889737482967,-0.473458694274691,-0.1774414267798812,0.1186823890891773
Pushing the Limits,videos,1,@PTLRadioShow,1580,-0.2469271476979529,-0.7073611112361292,0.1684315135488675,0.169385627312399,-0.4095399686765575,-0.6347304479474638,-0.0671097612243523,-0.12392746800130901,-0.0979805199727082,-0.5453606278612315,0.3571568291609295,0.972006518539944,-0.3272117153267854,-0.3761052437687766,-0.0531332753323686,-0.2815436384426791,-0.7735929559308269,-0.6987856380230522,-0.4008393481687361,-0.4557781904896458,-0.2499733042353574,-0.2448196081192446,-0.35869017415072546,-0.7808339461989593
RSBN,streams,1,@RSBN,315,0.988999039750486,1.9221226268202976,-1.579224517101125,-2.1192323124547228,2.723459294339025,4.002660379042248,-0.11883567220958978,-0.320961397533017,-0.2738482201903759,-0.8573227014402965,-0.1259804659109611,0.5270978682000216,-0.5421415954760979,-0.05599277776995581,-0.1609803564910625,0.0573724772593414,0.2878411995493427,0.2818953266981004,-0.3232529675574985,-0.568851539187391,1.1503637339027504,1.50816940834641,-0.4377567275430399,-0.3657898999726897
RSBN,videos,1,@RSBN,1553,1.079879531621363,1.8146071616962307,-1.3127508539659358,-1.564505135672951,2.5676249235735766,3.280233309214955,0.044393657463935796,-0.087453336470366,-0.1920397495046949,-0.5024390392434968,0.6207106275434854,0.9260952195492832,-1.0793197220033524,-0.5734588930306215,-0.1216210486313356,0.0788437927701457,0.065214749879096,-0.0719201968029432,-0.6050595928739867,-0.5412952428222876,1.2418573701387037,1.835107850934619,-0.5052075147607687,-0.40566851225294104
Rational National,streams,1,@therationalnational,7,0.1888437455969664,0.4938123721059169,-2.1935137238632,-1.9072174102673871,1.7194509045583664,1.5822065321700054,-0.1662686801726426,-0.1305875625033835,-0.9581540710641976,-0.8234941884129471,-0.8866375692924378,-1.2731555297063697,-0.8637969313253006,-0.3303396269640149,-0.9423507397021827,-0.8806615880586923,1.1829016620997854,1.1721922041640975,-0.5236688929724845,-0.141519208648558,-0.9204118287799794,-0.7349023102680404,-2.092957727807198,-1.8685676115248793
Rational National,videos,1,@therationalnational,135,0.4215454817407707,0.4015213458536094,-0.6169517390313604,-0.4072257642772435,-0.2121233291296467,-0.2783515869238951,-0.2996776429550525,-0.2515159287081935,-0.1509574430983213,-0.3390789566957999,-0.3233470452570226,-0.2704264827571972,-0.5011106790685198,-0.1497193406657975,-0.2930964371459385,-0.3157533358639042,-0.780158423485191,-0.7563113527169634,0.0476571394019783,0.3150274677283045,0.1310708172574778,0.2609263663535031,-0.7875906098065504,-0.6157458015810853
Real America's Voice,streams,1,@RealAmericasVoice,1535,-1.1792819506156362,-1.130255913336588,0.4457432064014438,0.3640647297613757,-0.0570315480692075,0.1278085304366107,-0.3795543140309929,-0.4571523975580869,-0.612867368628301,-0.7968404601330367,1.06649652259016,1.448966540725565,1.2373744403433609,1.49272152190638,0.5296667232549799,0.7088344837500599,3.5645212143981477,3.5347213733636984,-0.7044065884827012,-0.3948493004910239,0.247718747861862,0.5827769468301004,0.5959183101495221,0.8760904920367897
Real America's Voice,videos,1,@RealAmericasVoice,2339,-0.030701356639171395,-0.124020206149148,-0.2006479219835828,-0.1205904072262607,-0.4144465421220622,-0.3316535215266095,-0.45753261817552227,-0.5255060480545748,-0.4243698142825823,-0.5640969674234048,0.2988744152501233,0.3377253198777355,-0.3508098894570543,0.0018215281331725,0.1218683939921151,0.1359972205073653,0.5115982001139779,0.4121879454459918,0.5920000321390626,0.9470112391378058,-0.1525789647919182,0.0985644885758773,-0.2946430057018425,-0.1015298238041088
Rebel News,streams,1,@RebelNewsOnline,187,-0.3151598607652862,-0.4298785303192982,-0.6030470927315407,-0.24521533231515694,-0.207322272637186,-0.3379399249069376,-0.5206916742867798,-0.48117511543991853,-0.9871785674777456,-1.1157583487535705,-0.0339537766409111,-0.39592708166822504,1.871523766095912,2.7982000144477754,0.4487484872329858,0.4583065566589502,-0.8243467440268517,-1.221509653992315,0.3533721148546073,0.9117139338141906,0.8082144591332597,1.0101033190265052,0.3580329412581405,0.8448074186832437
Rebel News,videos,1,@RebelNewsOnline,1273,0.3671507692577167,0.4171960183783807,1.0127073565759572,1.443471788274112,-0.2761031893818397,-0.3359166687175944,0.47529031303960984,0.6409046493496764,0.0465643741408062,-0.0020309175410317,-0.5969559637747159,-1.0651212123487654,0.6108528988885841,1.2344424069094315,-0.1696806536632969,-0.1971086279970693,-0.171390720186265,-0.3356242063017683,0.0671390107782598,0.4376102959187275,-0.0947838195779213,-0.0466313001077655,-0.1935972879674982,0.0750674765770804
Redacted,streams,1,@RedactedNews,136,-0.6392452176465095,-1.0921022883784028,0.3273864679204308,0.4484932487073075,-0.12417219211714808,0.0187904757051942,0.2396228850791949,0.1564410422867243,-0.2043560844436362,-0.3333920616201893,0.1688203740339543,0.1565647990173162,-0.6556906361236,-0.0941109081868727,0.1940338683957221,0.48385228054574286,-0.4386548321314403,-0.5137133217026422,0.0818540478827115,0.6275570117233608,0.4363393092184446,0.6693331462719996,0.4304642449303597,1.180717984648662
Redacted,videos,1,@RedactedNews,424,-0.6694014632393721,-0.7160594466333564,1.0349788567888318,1.2146626669379288,-0.095772697571169,-0.019386563339759095,0.4450511303313446,0.4350648868623329,0.3785231608989505,0.3983132951171138,-0.3968445127951848,-0.4771120460282187,-0.9781441847015556,-0.5777623302738563,-0.0988703251646321,-0.0102977060138891,-0.5278198925130603,-0.5558552212158749,0.7866289561830346,1.16832855123748,-0.2773700243469144,-0.08051414752347578,0.3742398149208127,0.789462857789422
Rekieta Law,streams,1,@RekietaLaw,103,0.2122171971396786,0.4349484576493913,-0.18585770173388858,-0.6626472186031992,-0.3266069102754386,-0.23697663748990186,0.2184070558156211,0.050778328648076694,0.20214051758344803,-0.0030358624071177,0.3772026993811047,0.6480388706183525,-0.3243061633179576,-0.2767583535430027,0.2333948312133019,0.7709092633125142,-0.2634114946438942,-0.4256104131291827,-0.143619165726262,-0.1617801223850346,1.3836459315901366,1.2247364290758187,-0.1506686509831683,-0.482283733184876
Rekieta Law,videos,1,@RekietaLaw,18,0.177917942881445,0.0333160863698074,-0.6266107301991055,-0.4021681846076334,-0.5922712512181595,-0.5217599606409397,-0.2337263883513198,-0.4531386779940995,0.0146688908703346,-0.1333816204605969,-0.48984516149357227,0.2076060593784496,-1.2121717096678024,-0.579023465030162,-0.1321579670812586,0.0025436414083833,-1.2866529116590602,-1.6261401163329134,-0.49191337560675585,-0.0721441503545159,1.1538782697804657,1.1317678025577182,-1.06507630162208,-1.3427331697780651
Reuters,streams,1,@Reuters,1901,0.5578762475478865,0.9071559393803288,0.2440043799607723,0.2624213009655968,3.5718313099340313,4.21288422984758,0.0254429635009419,-0.17759149782565437,-0.4571924369079975,-0.7971581682584953,-0.5159794647582113,-0.357705028872984,0.8079192821792772,1.6496389540805592,-0.4661955200084331,-0.1599629690643767,-0.205244697279591,-0.4274150119898984,-0.8661536517713219,-0.6560508140143647,-0.866438775344543,-0.44341385126508237,-0.7318166879715744,-0.3868019201517838
Reuters,videos,1,@Reuters,7680,0.5149617832199102,0.4791018415820869,0.4772702634107882,0.5684268651240949,-0.6761982044642175,-0.4916906484039803,-0.3095133850684883,-0.483101333713156,-0.252607856527335,-0.3893566105738948,-0.7455570632042411,-0.9466152626716252,1.951058877548491,2.759550068427116,-0.1251094372026135,0.1854423816139609,-0.3759411733279687,-0.6366461589512685,-0.1355039836944562,0.2323869290447461,-0.4370210379747167,-0.1210726142129543,0.362620670174086,0.9569939236835884
Rev Left Radio,streams,1,@revleftradio,3,0.6291673339390691,0.8493439944175906,-2.2163993875276327,-2.9232370940794468,-0.3866339513828976,-0.1545168297434421,-0.223019410138292,-0.2869979447300784,-0.2535353146710396,-0.446041938229449,-2.6931755056529085,-2.1033161787206804,0.780116929217851,0.8278376173773715,-1.3237896367220745,-0.8045962789730178,1.7428673118154083,2.137881410740223,-0.5455952876314695,-0.49632341636961924,-0.8685901049927723,-0.3273596651127625,-1.6003665830288638,-1.1531048837097737
Rev Left Radio,videos,1,@revleftradio,38,0.2653406177999542,0.5296508767974049,-2.432697053518615,-2.256538460751397,0.2950984736025536,0.3208923778243935,-0.3821901971127781,-0.42457498298647134,-0.6524085455643903,-0.2796020252629625,-0.42196953952104765,-0.9787989663250144,-0.7944633732011409,-0.4586426968631015,-0.2189269264778185,-0.2212288022280321,-1.2933724061216256,-1.3789746322310044,-0.9871897091561967,-0.6158250633275866,0.1921680202592972,0.4569676362822071,-0.1299954366974774,0.085528639934402
Revolutionary Blackout Network,streams,1,@NickCruseRBN,99,-0.738464013341372,-1.1134671796247273,-0.6821852478345241,-0.7759312085305418,-0.7218923354035206,-0.6445850430075257,-0.17203882247657162,-0.2709182695336735,-0.2690543809588745,-0.44947410519126685,2.1669617908788497,2.4645852242964974,-0.4364438023221597,-0.0186887659297079,-0.012561002313024802,0.1002714309564471,-0.9266459205118077,-0.9572458605418688,-0.628155345665901,-0.1371257008516968,0.8854132010735167,1.2233320717106475,-0.073957560451441,0.6476254739072085
Revolutionary Blackout Network,videos,1,@NickCruseRBN,23,-0.5734556722470215,-0.8507423835419748,0.4906905327851842,0.5659935502679588,-0.6972875290125372,-0.6565907976264674,-0.148074640544066,-0.2689301050630491,-0.37431766011026957,-0.442417498512886,0.8000318229281838,0.8322109528969862,-0.6693685026372238,-0.3339925059520824,-0.3211678608048231,-0.3411133668295833,-0.3192343385220339,-0.4406231418446103,-0.9743623149303716,-0.39997257866470365,0.5226877481199332,0.7862929788451032,-0.8379943280066923,-0.2573388941152955
Riley Gaines,videos,1,@RileyGaines,143,0.3620940202140404,0.573696801762489,0.6273161589771185,0.7687426982642329,-0.24286132703582308,-0.2804407848071579,-0.005561032802423,-0.0966064415911787,0.3607092042362927,0.367606290089543,-0.2811296495095934,-0.3119130571402619,-0.9596969515715175,-0.7519995981615987,-0.3717311830339039,-0.4126591412082371,-0.5627760787365821,-0.7075309075013934,-0.0250622354233472,0.1871186540843956,-0.6584171704228671,-0.2832534771629385,-0.24043706886392152,-0.5425151358113125
Robert Gouveia,streams,1,@RobertGouveiaEsq,363,-1.265437408292922,-1.533977674133139,-1.725224033375492,-1.8791975036128403,-0.6387236239267305,-0.6350295869970313,-0.2203775196181192,-0.3871083028011144,-0.6505686967452887,-1.0062146757249306,1.13129240119567,1.4330068432782066,-0.2677932637819512,0.0692079968780899,-0.169412953952769,-0.1376326183131445,1.2597666769750029,1.2677630232019668,-0.2232233458236095,-0.0095648381820347,0.8225620690609708,1.310775636647993,-1.2928068320514978,-1.3073739759131084
Robert Gouveia,videos,1,@RobertGouveiaEsq,660,-0.9339454633048428,-1.277847314625068,-1.7954774435636072,-1.888415853464907,-0.6740530989721687,-0.6902041800806041,-0.3946290921499118,-0.5716566467535834,-0.6819321901031906,-1.0252612303853894,-0.1916105854167106,-0.0777699725655936,-0.4192228021221071,-0.0776502480735874,0.0746797113304324,0.0381412172912569,0.2005073480226899,0.1845421834544179,-0.44180875730815555,-0.2008655546539627,-0.0834334977294924,0.3674537594857859,-1.0200997163607533,-1.1368124366033014
Ron Placone,streams,1,@RonPlacone,28,0.4203460782373919,0.317784329830835,-1.2371971697747746,-1.2438853236985363,-0.2488186269328867,-0.2157336316453555,0.0848785265206631,-0.0368482326145345,-0.0053076745729493,-0.1573907003891846,-0.1713183829947722,-0.1686615990534925,-0.3835363098948566,-0.0295150261657171,-0.279323160297215,-0.2499856387813464,-0.6663672696058667,-0.5830058878875375,-0.6714647812261031,-0.5555735427049641,0.8302515553292772,1.0911457793837789,-0.1093908568344152,-0.0064006941515196
Ron Placone,videos,1,@RonPlacone,63,0.972974730170348,1.358004178186048,-1.0927661171740313,-1.231399714123599,-0.1787009008709546,-0.1821202861931052,0.4914029053536191,0.3677785730872892,-0.1190920231875666,-0.1275068423816871,0.7163088441604828,0.7161369728972463,-0.5142079675126493,-0.2925687982581253,-0.1345857858656389,-0.041866566571823,-0.6065445586883865,-0.6501997545481043,-0.525623344837951,-0.3027000598946986,1.50816236096745,1.7895331126494631,0.0473399907773673,-0.1226192235410649
Rubin Report,streams,1,@RubinReport,112,-1.1168503910980867,-1.3268967406855023,0.8306841630966979,0.9883016356796503,-0.5359631672449424,-0.5987988296439566,-0.0174793677512151,-0.0541899430784362,0.1996660604435867,-0.0761358126276965,-0.0927002662368085,0.6840383412186928,-0.6220630817555267,-0.6053682530924682,-0.5098499817070757,-0.6116184044558645,-0.4242786324781202,-0.2914167601983137,0.1808116320597899,0.4983265153546821,0.153629345390992,0.1628799572438117,-0.9048346710839488,-0.8885508299455178
Rubin Report,videos,1,@RubinReport,1011,-0.3174079420759972,-0.4719698588682532,0.7776265471754423,0.8910608576933402,-0.2164171817369479,-0.3219246848405898,0.0267137110733304,-0.0396481814845242,0.185071628533971,-0.0015162915283368,0.0723033206339785,0.5179806774681887,-0.6080568943983535,-0.5401031644602264,-0.2187897482868899,-0.3230581536247147,-0.3748759991578356,-0.3328635124005942,-0.3938188593606148,-0.2004079577178076,0.383983394796574,0.4640316150705033,-0.0384145190300519,-0.1554295886370464
Rufo & Lomez,videos,1,@RufoandLomez,74,0.0406614245149974,0.0514134863691089,-0.4527214573847239,-0.3748763317989182,-0.1435582429711643,-0.1641801610210528,-0.0901060483675065,-0.1648526306085854,1.838941506114556,1.882984179227053,0.1410941055114078,0.1834160862826349,-0.7690274820448181,-0.6020493423963427,-0.0340452542841524,-0.11649934845435941,-0.8821843262404256,-0.9129971029914854,-0.5867287959931464,-0.2735856421777459,-0.9131950449306335,-0.719413120086973,-0.2940753262665747,-0.3889282888095229
Russell Brand,videos,1,https://rumble.com/c/russellbrand,259,0.2700027000665196,0.9025904546984376,0.3486711848363478,1.1844833887973765,-0.1785564699807223,-0.2288902784223231,1.6143668349776912,2.317821659010538,0.5900130324616034,0.7747231298956776,-0.7456384623449723,-1.647146677715493,-0.167682950539436,-0.2625766530959249,-0.0258196989674031,-0.2665062358057098,-0.2357460946413994,0.2650229688740817,-0.4788365356256704,-0.5674099831381929,-0.8132489630970026,-1.1822863419332443,-0.878162313459673,-1.2102322735805764
SNEAKO,streams,1,@LIVESNEAKO,69,0.4605355399745937,1.0052839226546533,-1.1688538525733825,-1.2285084054465971,-0.3639279231255344,-0.0692219710461475,-0.4279750145634539,-0.205015261608357,-0.2684110589986215,-0.5519878214544987,-0.1149942649041779,-0.3539733510768088,0.0737860446134669,0.1535672547684395,1.2572644122305616,1.286558807587322,1.4397465862337284,1.6945076907625802,-0.197490691246347,-0.375919109179012,-0.914802516002018,-1.246377306451323,-0.100063976573117,-0.4831066146554824
SNEAKO,videos,2,@LIVESNEAKO; @SNEAKO,475,0.28125666149850376,0.4779866868740345,-0.4468534241534051,-0.5677983779631399,-0.2661683473772385,-0.3666562293352956,-0.07272603424504993,-0.0031825675773619316,-0.07370979321332072,-0.23150047650425054,-0.15319258549038145,0.10471820403126249,-0.12375459732282322,-0.06614555841419484,-0.4097925163740543,-0.5819314670544042,-0.4398159552176515,-0.3230199257380008,-0.6403283796012553,-0.6720985405277082,-0.9313194743732833,-1.1477614656921926,-0.5073757849945275,-0.7792970726267116
Sabby Sabs,streams,1,@SabbySabs,98,-1.3476561677397547,-1.7823300521329295,1.5717703231834488,0.8469052874119811,-1.0299174689797248,-1.179463456688447,-0.43068951400237,-0.5299404204892488,-0.4325338330077973,-1.021570188436495,3.3673585118423546,4.819861225890593,1.2480840278760488,1.4098955790048686,0.0038282049782197,0.575635488041526,4.497670516386678,4.945862194323679,-0.23304543486824056,-0.5165877853639506,0.6866680533249414,1.565814682658036,1.1151283536942789,1.3741575450297216
Sabby Sabs,videos,1,@SabbySabs,587,-0.3538635826726907,-0.5737052123498179,-1.3839359354545322,-1.329411775833056,-0.5511100767376842,-0.5669474763075161,-0.4046473741058009,-0.4636082426913934,-0.3718451913308257,-0.5665189695919443,-0.0422546126511083,0.3349625795600168,-0.5026172059980952,-0.2347193368801037,-0.6902515527866009,-0.7146991528432264,1.1223419749271224,1.128220001826198,-1.0740364740549653,-0.7836915709632918,-0.3689018537047571,-0.2980767870308703,-0.5730415076867458,-0.3901311943097665
Sahar TV,streams,1,@OfficialSaharTV,2,1.06160275970559,1.5534290347512238,0.6208601908743148,0.0256412516045967,-1.6566164629451847,-0.5039612549006786,-0.3734167113874829,-0.6481801452796427,-0.1870370821104276,-0.4765672501570224,-1.3932480490626156,-1.468292035900384,-0.1704397980623474,-0.5387019060146079,-0.6209513389901993,-0.5242094254663519,-1.686601203635901,-1.3510920427294428,-0.5341296354204131,-0.842464102652327,-2.0951089614777456,-3.1597082709701065,0.1231975703782708,0.2257643418019315
Sahar TV,videos,1,@OfficialSaharTV,831,-0.32888820705442545,-0.5339038076768872,1.1607537079562884,1.3938712521095615,-0.2839032487676068,-0.3413601891277397,0.9227929949219632,0.9558541468095432,-0.1106373147478849,-0.1448131923751535,-0.0385673049917078,0.03635005936349,-0.6847588179763561,-0.5268215424002318,-0.1289925949819401,-0.2570712275408824,-0.5030613698019405,-0.6772337165546681,-0.2829787481577176,0.127954048688475,-0.2252346200647515,-0.1665127370354862,-0.5167442385847597,-0.3197715985334188
Salty Cracker,videos,1,@SaltyCracker,361,-0.2603971406075085,-0.5496562964704427,-0.0167213813400554,0.1428421609793338,-0.5791442793787124,-0.6564777344648699,-0.05111844173725741,-0.1437765561834947,-0.44412899108070825,-0.5521274087759558,-0.217545724815207,-0.4589279840408596,-0.5869084384373291,-0.2342673853370061,-0.1511813134947797,-0.2299457573324024,-0.8777973045261316,-1.106230405360829,-0.3448050290546426,-0.0871005666360785,-0.6488313561346442,-0.5789769468899245,-0.09783460376341789,-0.3291671713833706
Sam Harris,videos,1,@samharrisorg,108,0.7245037502118309,1.0744066349803685,-0.34973956300248915,-0.2833847896133923,0.1587449927701662,0.0992793117863487,0.0338825909621336,-0.0032119170596135,1.5491459438450728,1.7633382691802664,-0.4895906805996703,-0.7397781384926647,-0.9028293451009692,-0.7615204113941672,-0.3599942176820641,-0.3502338453038253,-0.4086826959462422,-0.1963632794991227,-0.5584917923806602,-0.381169776361043,-0.3840204514981455,-0.1343953824894331,0.2015175113253651,0.3168759475535042
Sav Says,streams,1,@SavSays,1,-0.1884870761313366,0.9625787546313328,-1.6296244705463356,0.7112877561730999,-1.8056687817160877,-2.035273670814956,2.4365531756252525,4.5913586460813995,-0.9742767875599186,-0.8640354239284591,-0.3864809596078586,-2.8143867401513347,0.8686184965547838,0.2069415906743227,-0.9632344474477916,-1.8032309754698257,-0.3061081187731478,1.2872783452715773,1.4414620260172566,0.6688414172065132,2.1819822903497696,0.6198778853209663,-2.7361101025075354,-3.686446143925707
Sav Says,videos,1,@SavSays,16,-0.6789627404216616,-0.7202066185066456,0.5102962073751103,0.717707432800403,-0.1365786436925192,-0.1535172990690169,0.2706442177474428,0.1219681913250362,1.6246888962617685,1.639432357588747,-1.384366199852161,-1.571925023724013,-0.2472973601467227,0.2268080052610899,1.0108680548490487,1.000611468745364,0.1919938914403219,0.0617938407477638,-0.4121219425170344,-0.1511549679817359,-0.7873492435091058,-0.5651577651457647,-1.9591381544918347,-1.8965115827010817
Sean Hannity,videos,1,@HangOutwithSeanHannity,154,0.1687328049062707,0.42994594742081327,0.299390410284482,0.3856544566781237,-0.3167536792235423,-0.3107373212465218,-0.2326167047002296,-0.2917504027199525,0.7424402623825047,0.7610807509332818,0.5177972928541107,0.6872628551318778,-0.9930786249994462,-0.7881187675515413,-0.1838287086464985,-0.1021886699993823,-0.603372349796527,-0.6026150778026982,0.5052446194183101,0.7311343887219554,-0.9073188293524752,-0.6002263142112397,-0.5378322624227261,-0.6811798349207984
Second Thought,videos,1,@SecondThought,19,-0.05467901434953979,0.135754742150177,1.0226570088826945,1.3509910038391666,-0.5637981517746598,-0.5903653436543748,0.5728875101415878,0.6394123365623029,0.6413351670633208,0.8268308826058708,-0.616577502115772,-1.056445471858362,-1.3684231800409048,-1.057101381373643,-0.8234186074567654,-0.8109754645161331,0.1311462394890538,0.0310732679530447,-0.4163262516212428,-0.21777151779007647,-1.3466264545776587,-1.080178009195551,-0.9105372820657586,-0.5952015842928627
Semafor,streams,1,@Semafor,30,0.3691080218949144,1.3730617981816782,-2.5369141908569706,-2.627773298175829,-0.0993550301446963,-0.097203348754468,-0.2531367366171893,-0.4292931734175716,-1.5410001742281214,-0.8880965425037454,-0.9940713180493128,-1.5034156485821086,0.4043259768564834,0.6812619068194922,-0.7045273063864964,-0.1902969150627309,-0.6698223915007283,-0.9675938298120887,-1.0522617878145264,-1.038575583634152,-1.4270000454792608,-0.7914940451376958,-0.4334775878808746,-0.274904300658204
Semafor,videos,1,@Semafor,149,0.5921708518598015,1.472163728546173,-1.2389515419934356,-1.3828232493660666,-0.2793051397070838,-0.2160004819922174,0.043037057223026,-0.1453030936369761,-0.4897242569046296,-0.1294612981499298,1.573657913293456,1.411277313852681,-0.6724729026991851,-0.3941435809747403,-0.3568391416041443,0.2108115250797765,-0.7505203659000989,-0.9879340019389351,-0.0793328819250108,-0.0544821129463267,1.066073037984938,1.5993356480071148,0.1652952202558919,0.2268792385420941
Serf Times,streams,1,@TheSerfTimes,98,-1.4663643421478714,-1.4956373813958492,0.7324417395483598,0.7225756166540543,-0.4601323137980119,-0.6249653070366806,-0.34014561062902393,-0.3755132688320321,-0.2527330380617266,-0.45327247989353614,2.475376205973668,3.103550524307027,0.5014070150002734,0.6450235944644013,0.2310742855624306,0.1097488349192351,-0.947113939736919,-0.8104447897701897,-0.4629853872231763,-0.2948308137132416,0.9403327492937176,0.948715327185321,-0.0788046333258606,-0.2801711382819423
Serf Times,videos,1,@TheSerfTimes,233,-0.2819349794334191,-0.1305966151295812,-0.1552566426466957,-0.1762167128975937,-0.4674771657455727,-0.6890842017252757,-0.2529422034025714,-0.3141074921411058,0.0719233154224057,-0.0365987422881791,0.1152494185935274,0.6308285626875371,0.6214224800902597,0.6321567956637941,-0.366980518876545,-0.5766278548324854,0.3477607039853017,0.495069425138497,-0.4626737183825527,-0.3975590017811557,-0.5575428010775618,-0.6870867345131579,-0.2504019477142528,-0.6799321861090226
Shoe0nHead,videos,1,@Shoe0nHead,9,1.1182447724777005,1.5415854535202351,-0.6240457943834584,-0.3793014827869846,-0.0119803053531312,-0.22797059382234788,0.6819405629404388,0.6703963365182604,-0.0820451001300453,0.281272155597073,-1.5513224999252104,-2.012721122340441,-0.5220020520507168,-0.6742078023434938,-0.0715568834563528,-0.3177658500741979,0.6451228236906456,0.6525096360503578,2.3766092805593924,2.386605296798509,-0.7067183001803643,-0.6090863385345112,-0.8106137671263761,-1.2054416531146503
Sky News,streams,1,@SkyNews,1868,0.4209299849760037,0.5504296487200669,0.1517816171993749,0.2533606706161841,-0.5086994666384448,-0.1864745691556412,-0.1016182228627951,-0.2389274029718089,-0.33456628167777935,-0.460167410558898,0.3618907468400905,0.4540770098004396,1.076979849572751,1.7841049035451402,-0.0650368304914032,0.0829009618040378,-0.030392419606621698,-0.1264491354438835,0.0565665747722524,0.452966503615588,-0.2257479573533895,-0.0774643001202956,0.2141605716671522,0.7207935378544512
Sky News,videos,1,@SkyNews,3412,0.31964116013439325,0.3059526640978252,0.7393637773316161,0.9434563516543644,-0.4304554390170875,-0.2749231925746181,-0.0005355910815954,-0.1566139703158543,0.9687496661175703,0.949066392037745,-0.5585103792399299,-0.5943482307898063,0.9596853206231848,1.7231660574047118,-0.095882020007615,0.0074052440876185,-0.026676170289071,-0.1586516019781474,0.780037074145937,1.2587676072509069,-0.30500587935058654,-0.1179411711521093,0.27401661162097,0.834956084355682
Some More News,streams,1,@SMN,8,0.2156988046773583,0.2275683998367464,-0.1783154555518811,-0.5906310171906879,-0.5179151520177885,-0.3936283916528283,0.472570515098232,0.5871825165436776,1.4606306258311,1.0415142060458251,1.2065212020345488,1.333173958830093,-0.6209276269194174,-0.4360333241078288,-0.4997220706362991,-0.540133072744357,-0.0513346615680353,0.0612617674287748,0.3559542575134604,0.2621738573811843,0.2217220405302542,0.521040285152185,0.9595755355008908,0.7120413059778425
Some More News,videos,1,@SMN,190,0.4854495356708084,0.3437380974911035,0.152201522192914,0.21802543545559414,0.0211039736558268,-0.012535856066731901,0.0631147491236688,0.0470991279323059,0.5755437759638469,0.4482431355830483,-0.5690114164561041,-0.3728207111488809,-1.056316710971813,-0.8736081854219785,-0.2852602355658609,-0.3566898176810503,0.3311069848987952,0.4208415396857057,-0.0928931175513326,0.0737613024318577,-0.1570995262439533,-0.0109651411581267,0.09002187656335621,0.152399344156243
Status Coup,streams,1,@StatusCoup,152,-0.7660806221597456,-1.140505580996834,-0.7701153899905357,-0.8641859098576286,1.7076746771679918,1.971121575698631,0.1441304157620193,-0.0217840213634536,-0.6168733330052891,-0.9900957269838648,-0.207995265809934,-0.3782714720609971,-0.4303383875018831,0.101508855117203,-0.089646687013035,-0.12223423173651261,2.1278547047258365,2.0240002143346754,-0.6872753902883811,-0.3392303404257097,-0.2429394506014654,0.0861778427203071,0.3704511611782802,0.3016795053513479
Status Coup,videos,1,@StatusCoup,489,-0.7299757052129231,-1.1785473290012578,-0.667317481923923,-0.6872672085057505,0.0646079402298135,0.1849001786257489,-0.0986213420202674,-0.2173627205955929,-0.3223826555205468,-0.5896740879973652,-0.2813113342615308,-0.4089242084454322,-0.6632772122245741,-0.2636400391213249,0.0332746802440198,0.0016365435867251,1.4730668959719846,1.454321615761936,1.379018447777202,1.6507980232729964,-0.2802838341078493,-0.0655050620312669,-0.2459386167390436,-0.2882338621250747
Steve Schmidt,streams,1,@thewarningwithsteveschmidt,110,0.2855196768197268,1.0295279969797282,-1.305103034606061,-1.9090546615165715,0.2767328701552973,0.4084910709537055,0.2003595280634591,0.1708508905665748,-0.3455218456415803,-0.4245257020227232,2.031243685198016,2.5676220914399845,-0.6479049728311642,-0.8999202382389287,-0.3621643071021045,-0.2429103990727595,-0.0053806928969239,0.252449914490859,-0.6949323852139124,-0.4426253842911011,-0.1177363871988041,-0.0791362633041916,0.1711413722538765,0.2560856154327582
Steve Schmidt,videos,1,@thewarningwithsteveschmidt,273,0.8166045621760273,0.6559270532232572,1.0780180880032275,1.4966082124260047,-0.8342681305724665,-0.8994201110553893,-0.9409524829697545,-0.6430639455817677,0.3537008809116838,0.218987819982145,0.3722072939195275,0.1380404896187977,-1.2168755099160824,-1.2113401269168962,-0.6752755137630377,-0.9812180645682014,-0.7900045078735581,-0.3848653118911804,-0.5779169901465839,-0.8066728898980786,-1.7504343099387276,-1.960463758775317,2.5208587527325657,2.450501336812402
Steve Turley,streams,1,@DrSteveTurleyTV,29,-0.4484104187451496,-0.6206407353449318,0.3593934330862663,0.6402000537516234,0.1204652693329513,0.1507203653544205,0.5637928673982588,0.6644455850969195,-0.0930440148678253,-0.1706470197007001,-0.252157185879452,-0.42827380501143,-1.114601232664933,-0.9006668240587218,-0.1323490550929107,-0.2325248328277053,1.4740489392177516,1.6232043862303818,-0.8067880437843251,-0.5466224080900486,1.7339792649827896,1.7603333434542654,-1.0915388837725486,-0.6115152771987206
Steve Turley,videos,1,@DrSteveTurleyTV,417,-0.684079304399435,-0.8446137395074843,0.5482266437195249,0.7366998750303716,0.0108810801247619,0.0390908156873393,0.6035094944929595,0.615233013214624,0.4647977786440747,0.3444741685191687,-0.38576304708206294,-0.46422438296773993,-1.4973615294409743,-1.199052055161265,-0.16621585825551,-0.1792111067002756,1.1170844644308144,1.0778240682829072,-1.1509101905452517,-0.7261664881656272,1.159955557262752,1.466207933682368,-0.3788553209483863,0.0678763388054566
Styxhexenhammer,streams,1,@Styxhexenhammer666,16,0.0490846425037322,0.2918546759561011,-2.3850721645594484,-2.8583911796016563,0.3100118684877892,0.4334067916507901,-0.3979385166160264,-0.4428288960957345,-0.4707930406580968,-0.6690946745933952,1.2705033254105087,1.5871584262647285,-0.4082017021754551,-0.1237295177142134,-0.4468600416302046,0.0215740263974991,-1.29202916004389,-1.2405873242511127,-0.857212595388293,-0.8078479519575905,-0.0968220911557739,0.2635860368637701,0.3444810100939022,0.5659777259640906
Styxhexenhammer,videos,1,@Styxhexenhammer666,380,0.7763360739133025,1.0060987308129388,-0.6046429270469553,-0.466668276688129,-0.5105072681385098,-0.464020119553936,-0.1418751252616443,-0.1683254625697112,-0.3335727865448849,-0.3034562784403191,-0.4728007223824212,-0.6138563766073988,-0.9668437041075336,-0.6440699113800414,-0.3792950605155773,-0.3530831098900438,-0.5082812104312819,-0.5699350469980417,-0.8553462872979855,-0.5379169323129208,-0.7803640394981239,-0.4912766441299545,-0.0791423278244333,0.08570663696071791
Sydney Watson,videos,1,@SydneyWatson,57,-0.6682693816257862,-0.0921698846837045,0.9883871875261516,1.1948163532089533,-0.3589686311634276,-0.5507708769826273,0.9360591204221748,1.052043674356642,-0.7654954970103716,-0.5975305384539941,-0.5719247468618239,-0.6538548524403501,0.8228317641314882,0.7242601107975688,-0.4088917261650439,-0.5633154063656429,-0.4504155778733787,-0.3981027079392953,-0.8360294025387762,-0.5929719128936767,-2.1861345577842086,-2.18953961462502,-0.9613131129846839,-1.563842213055492
TYT Network,streams,2,@TheDamageReport; @TheYoungTurks,662,-0.6518717735072324,-0.925926476293925,-0.10719700421160853,-0.14844317460868606,-0.2575665807869983,-0.24889599910111024,-0.11346851930785637,-0.1323934740564765,-0.19490580797490548,-0.42750652209349305,1.0771167228832554,1.4749715353091235,-0.4861906097389062,-0.2793263616279287,-0.11431902741849359,-0.12118337057304367,-0.2215701540419358,-0.16018299008703046,-0.352425521238447,-0.1216126033598348,0.26100176019281457,0.3702164118823552,-0.28126109029030855,0.0005599962619664804
TYT Network,videos,3,@RebelHQ; @TheDamageReport; @TheYoungTurks,6911,-0.7953279330070216,-0.872597293764261,-0.387107437176489,-1.1553389683412745,-0.3656218849457319,-0.35806524038104776,-0.30217038108217587,-0.39143155125067364,-0.3032916951766724,-0.6665038738764265,-0.12849063721874227,-0.20600374115734532,-0.3977689491783916,-0.5970224157295221,-0.42620125723344443,0.8752507116168176,-0.765997124390224,-0.18689387880120903,-0.6469157223232296,-0.7603216845904051,-0.1613025121895563,-0.632639531084857,-0.5233365270057896,-0.5764437267168879
Tabitha Speaks,streams,1,@TheRealTabithaSpeaks,3,2.378371703247615,3.278398835090346,-1.373363296228363,-2.3458908233477502,-0.2071820375230032,0.2645276546865961,3.3061911632230836,3.150990016161833,0.0031006970475309,-0.4419104058928296,1.3165347526891131,1.6014342345170565,0.1550133159798077,-0.0815994461443954,-2.0610030501881456,-1.3158792623332,0.4437440940585568,0.1660434117321844,-1.0281403770014763,-1.0887901343255806,2.075068825734642,2.0373349765180357,0.3824642739499298,-0.1327622697961771
Tabitha Speaks,videos,1,@TheRealTabithaSpeaks,431,0.8929554953953744,0.9843701672359465,0.111790002491937,0.2735426540838307,-0.2745806673206089,-0.3571262858997296,0.6769327449146848,0.7460488183529809,0.2660896244512934,0.1450960073095679,-0.1927496118821572,-0.1339775764667397,-1.238041895028216,-1.1602105289870963,-0.1252059240100203,-0.2054836748577307,-0.8901516121485326,-0.8873358311522924,-0.6229753576364255,-0.51391788213962,0.1750272582796086,0.2874987562414499,0.1142180532097367,-0.0865928992831249
Tariq Nasheed,streams,1,@MrTariqNasheed,16,0.1387673866457317,0.3095888291507762,0.3528334292864494,0.6651149051240594,-0.2858751093231613,-0.4299467789013032,-0.2646577807210096,-0.4029179635169512,1.988590886386991,2.1864682832913456,-0.0540638767218577,-0.297908678711386,-0.5574244612521911,-0.3627263717957105,-0.2481799975869014,-0.3330606238821548,-0.0365992179042907,-0.3015127118578175,-0.4294572527552054,-0.0990683235540966,-0.5550097998396798,-0.451682275219056,-0.1624026610745199,-0.1300034559396398
Tariq Nasheed,videos,1,@MrTariqNasheed,354,0.1221167348197408,0.1316532264355454,0.5768897124351445,0.9455415499367474,-0.1462071575650071,-0.3682105045922225,-0.09440234373370532,-0.23225595801779036,1.4321151533752938,1.677572174718473,-0.1693735613697607,-0.4909049920256308,-0.5403024057067795,-0.4154469870980013,-0.3159202918284451,-0.4810482045336001,-0.2504011462467859,-0.6582509012686348,-0.5263146697229895,-0.3038511088487217,-0.6355987555929707,-0.6247318385185021,-0.1797332347226295,-0.1508171674283385
TechCrunch,videos,1,@TechCrunch,139,0.9237858076457666,1.9524638348750005,0.7952510378708357,0.6592731555638349,-0.1401166481071092,-0.1575041037383075,0.2063991608721556,-0.0397884510696394,1.561119247107798,2.1059946318981817,-0.238364943896366,-0.5940077590629457,0.4921124231620973,0.7957792806472405,-0.4940990611850773,0.1129244039400724,-0.067636317843418,-0.12433035193576598,0.0345491290964661,0.0248283965414234,0.7209472105792522,1.2726694321147003,-0.0283675089791012,0.1306192900342379
The Atlantic,streams,1,@TheAtlantic,5,0.716537005135975,1.413162303622149,-1.206713183862868,-1.848185143668,0.629209905667792,0.6486417887621924,-0.2162855051332932,-0.2890065918664868,0.1064675428670768,0.1171893257313232,-2.6329047059668618,-2.4800722055762128,-0.3499826812862974,-0.5748513039804088,-1.4603519360415498,-0.9642799856102068,-0.6330049035448112,-0.7541986542234402,-1.0805843479906236,-0.7711910681342727,0.0231856337303399,-0.0898571446631062,-0.3364433104449268,-0.5577814594904794
The Atlantic,videos,1,@TheAtlantic,157,0.7290625214103177,1.0047747177102246,-0.4625399280940659,-0.390120541119117,-0.2939988371312259,-0.2589460839252144,-0.1470254908095046,-0.2216974468140353,2.2101500420935007,2.3245699507773327,-0.7284405512786738,-1.0309169252779973,-0.8325749611812617,-0.5159030619105971,-0.5814764003736371,-0.5005581227065746,-0.2533511796378007,-0.2487938672234065,-1.025814629552915,-0.7485474762326925,-1.000065224817862,-0.6457478078972465,0.0869137474390306,0.3525156195927925
The Bulwark,streams,1,@bulwarkmedia,223,0.0630553424026145,-0.2513961850329135,-0.3886313274237684,-0.3633317184426242,0.5824431536793401,0.6655816789536196,-0.4258100090466272,-0.4452218285730884,-0.0025224155440557,-0.2933989247808995,0.7917369475669516,0.8963107625909162,-0.6184130912154547,-0.2759683938476089,0.1099106400455796,0.1171656491506293,-1.338915103702792,-1.3787586964240897,-0.6127265928347484,-0.4024463916243437,-0.3117168595986945,-0.0859050492419143,0.0007819707438061,0.3032942859381395
The Bulwark,videos,1,@bulwarkmedia,1730,0.1628800394352504,0.1489190663884305,0.823013595373684,0.7691576292050252,-0.127322283814608,-0.015359061391749,-0.148094172763597,-0.1779697533253747,0.2609555181200013,0.1001473297038386,0.9643074484431792,1.3215713192779528,-0.9399718058868866,-0.8076304112369115,0.0793963383028979,0.0733623575926772,-0.8236770625770802,-0.7977830963762024,-0.4784037023592028,-0.4280418235811962,-0.3192098452706055,-0.1699604700951674,0.5465764081109745,0.7072456484874139
The Crucible,streams,1,@The_Crucible,5,0.3302301982412369,1.1633133910001716,-0.45311593481773527,-0.7893195143549319,0.1937593456154251,0.2178035653809575,-0.0923058692794313,-0.11891254928863751,-0.5072616445919028,-0.3687845953210265,1.895907554392874,2.182283765512493,0.1084580201907753,-0.088573165531599,-0.5126237113302599,-0.441796913099998,-0.0453943449429622,0.1411135858570993,-0.6283563224912294,-0.6938906835618395,-0.3800214554550494,-0.1154464792167627,0.4219847412963439,-0.2326567561000763
The Crucible,videos,1,@The_Crucible,218,-0.3683084051416487,-0.11218598266388098,-0.3798825407434824,-0.1893469702924094,-0.3244225249204612,-0.5266137454472277,0.7994390719035294,0.8656857160735671,-0.2974138789042416,-0.188135291555268,-0.9262743048567572,-0.918569938670333,-0.1937608967346903,-0.2986923948591776,-0.1339514664299437,-0.3837018569070713,-0.3973472034294916,-0.3037233467990569,-0.4202014437877855,-0.4074799833068747,-0.7944158477314328,-0.8426929153283484,-1.314480062332713,-1.7907354794397712
The Economist,videos,1,@TheEconomist,130,0.657484752318401,0.7381944338341473,1.083518431886321,1.2211838834470623,-0.3971426494975362,-0.3235513701576725,-0.4751242205222804,-0.5627354047395358,4.6658498701672215,4.76399001353225,-0.8998350912041786,-1.136324215306631,0.8186507294536105,1.246872322162019,-0.8549437540007802,-0.7425781455329744,0.0607590351265275,0.073585732189285,-0.6534086744058313,-0.2224826084071817,-0.9087263116962412,-0.5831736943053127,1.6173231358874989,2.337133885159243
The Fifth Column,streams,1,@wethefifth,2,0.6282075499313811,1.67745943113753,-1.7726123018494608,-3.779011214228819,-1.2199637549936757,-0.7739445185308375,-1.5912897437239035,-0.7734371978236166,-0.6204784119221897,-1.034173603945178,0.7128198664594309,-0.7051140226922087,0.3099766514612018,-0.6857690571552365,-0.53935135151791,0.5110700762434291,0.3094621527051268,0.421447337301631,0.4411770009258772,-0.5795385555882765,3.4386719914967396,1.868443674396013,-0.6432867808910682,-0.8334415846410637
The Fifth Column,videos,1,@wethefifth,107,0.9507677414166248,1.146794072458165,-0.2646666323604441,-0.2385784003834754,-0.4113846619466593,-0.357949127516371,-0.16821046313833768,-0.2223286301294023,0.8000680515856569,0.7870320590471338,0.45916488239946535,0.6294176190335701,-1.0616476313429544,-0.9250480900657906,0.2250230422290194,0.2046315987109393,-0.7670955013400856,-0.6211629712271137,-0.3079697511552819,-0.0208704995749475,-0.0493216492350766,0.1831124246161568,-0.1329144928021832,0.0955536605374808
The Grayzone,streams,1,@thegrayzone7996,35,1.575562181604932,1.6146952661772966,-0.5718307738262698,-0.3696918505915841,-0.4757799870791761,-0.48145449008846963,-0.2609148617852083,-0.1788300532521529,-0.3026585081765081,-0.23079411869705743,-0.7262561229563679,-1.1026118987352302,1.2374881821344663,1.4319048327976975,-0.6588957679980666,-0.6934337180241578,-0.720335853801111,-0.6596499179941738,-0.9046380332294122,-0.6216273947929077,-0.2200039902601327,0.0063747146022159,-0.4539585233086239,-0.1905140381207839
The Grayzone,videos,1,@thegrayzone7996,144,0.5344054723867875,0.1922248547913558,0.11451977236085181,0.1928001445547323,-0.7962859506744446,-0.7044966964033165,-0.1395679599796029,-0.2512109699395526,-0.2109931949502706,-0.2621810265238445,-0.4948459020749709,-0.5808127284388894,1.5713957644304997,2.16912265464624,-0.7630595639058092,-0.6892512890992406,-0.1069549571540239,-0.2315893609967642,0.4727316773967003,1.0926312335229629,-0.3178489769417807,-0.1519829733802978,-0.0447299519127181,0.7529752741734251
The Guardian,videos,1,@theGuardian,38,0.4739732129989949,0.7556048752151286,0.331132376282057,0.4449762144997827,0.22220960889497868,0.3033896239828762,0.1263260656486234,0.0105252968981784,1.9973431245607145,2.181649688363522,-0.2686673159110399,-0.459513751462964,1.304043086555302,1.8509607783879825,-0.0879982070231872,-0.0831165974147472,0.0121340200164521,-0.0792197837878374,0.3922624870913084,0.809985373873646,-0.42967879336703385,-0.2691264690981368,-0.46984152272002033,-0.1675120902311082
The Hill,streams,1,@thehill,490,0.2254911590020403,0.6480587447155661,-0.3193320573609992,-0.4195777643570615,-0.5042582214195601,0.1175730225776281,-0.311873134259532,-0.4912018244528807,-0.5319879805578877,-0.992893881434206,-0.2751705662151965,0.1361792196332278,0.9043408399746224,1.577939450389545,0.1854195892943503,0.3201794767695663,-0.9783462124811044,-1.2730457442631176,-0.8261584510145643,-0.6943072735970142,-0.438677506279176,0.0483740709000184,0.0389831479190909,0.2704193184288502
The Hill,videos,1,@thehill,4045,0.1845311280311413,0.060631421414471,0.020641845961166,0.0785180509814097,-0.1104517688907108,-0.0157345070511985,-0.2575948916183967,-0.3622816501524314,-0.2548625363230459,-0.5060034466202615,0.5903932864100963,0.916096990007869,0.6350484723037527,1.047009760989525,0.3452649259525802,0.3700193170384394,-0.0555788027605831,-0.1428083502794418,0.2767860008022604,0.6435057626233821,0.5107684068800502,0.8000132206200268,0.4056435604178831,0.7764880123877496
The Lever,streams,1,@LeverNews,9,0.027788522307186196,0.1358604416383581,1.5121641482444923,1.4024185371421158,1.901910387638613,2.0850357168526,-0.1428210335208402,-0.3129798161978525,-0.3699426882886748,-0.4394181628921644,1.0048261647567078,1.210401462144674,-2.60744593075645,-2.4811805425840276,-0.6671146206947223,-0.5120208825178626,-0.5310341711473902,-0.6937099394420638,-0.2116431425000486,-0.11487344850803799,-1.830688846480706,-1.6881825021755936,1.1120153998167308,1.339229291650974
The Lever,videos,1,@LeverNews,71,0.2491510826948964,0.6698305252809069,0.4569187647118332,0.4406437795154543,-0.3362660981322388,-0.3513172540566837,0.1516733049005238,0.0213366941480045,1.880633300122722,1.9120365857982367,0.9188517233753863,0.936141188769802,-1.2675416397697572,-1.0847340591052068,0.3760177308650627,0.4043156189114634,-0.1222872882322163,-0.1573660383508351,-0.22639310355440231,0.0263431468377908,-1.2104455129622715,-0.7934106092630088,0.9208388773239194,1.0700653709174024
The New Yorker,videos,1,@newyorker,50,0.938620292935572,1.7698071346628061,-1.1422650346066856,-1.457402450983832,-0.4555732373323669,-0.45089128611491813,-0.2316709658153612,-0.3934663002687628,-0.01781646267203,-0.0852551108395037,0.8074566864732249,1.0365854141806228,-0.7430279811781998,-0.6156509542742344,0.0435726624736325,0.2167717083740936,-0.3463962578309292,-0.5057127742878598,0.2229965053316245,0.508947738861222,-0.4404784277066078,0.021726986088734003,-0.2952664082810748,-0.5586982691374621
The Rest Is Politics US,streams,1,@RestPoliticsUS,5,-0.8684406031332246,-0.8584162992121026,0.3439996329348013,0.3999454030933577,-0.4850398001405307,-0.0494676899460582,-1.052502404416752,-1.1015486449439889,-0.5715322979328963,-0.8599569422277418,-1.0824761425458416,-1.0454069257263223,0.6988524323745058,1.3103133324506298,-0.9643411439735866,-0.8222433934652333,1.1184051971761837,0.9717056078280596,-1.3690264250050437,-0.5401628731139301,-1.3184796057772517,-0.8342281875856454,-2.294874479437003,-1.146642363158927
The Rest Is Politics US,videos,1,@RestPoliticsUS,208,-0.1482388219649052,-0.5244051385759055,-0.0869011305172973,0.0211730314076197,-0.2479216717137138,-0.17882995885505176,-0.1564736632575055,-0.0032008776526302,2.460036441033134,2.2317864616220597,-0.3937539809964019,-0.3427714266579584,-0.8880078038413948,-0.5462207408187199,-0.3681389381145003,-0.4168667113244954,0.7381676165832656,0.8238618918848845,-0.8103343032061843,-0.4378403956152418,-0.5507349993769098,-0.4040526277015124,-0.3244760103955388,0.2678650476501619
TheQuartering,videos,1,@TheQuartering,637,-0.3485146712019163,-0.2757750954038049,0.111706269031585,0.7150993267296385,-0.6383986797222085,-0.7382777416384813,-0.5586512845277061,-0.1079763605084329,-0.5646440394977087,-0.6342536999712409,-0.4442022877113767,-1.0072746502779586,0.2088018578621268,0.2749849455648694,-0.43234120867987835,-0.6919571565856097,2.577784667309736,2.859438096213703,-0.6879286377206174,-0.6988498216007353,-0.0765024233398969,-0.4721700200654267,-0.6585232318731374,-1.089513963114789
Thom Hartmann,videos,1,@thomhartmann,760,0.2029348473601685,0.05697290719018399,0.5712404409410654,0.7233402655978891,-0.3930213205064615,-0.3667654376076175,-0.0146413618692407,0.0174317738017819,1.4451979745189254,1.3665049994833025,-0.5741680290263581,-0.8221971498108352,-0.6942700047183542,-0.4030075275759409,-0.1306589890768327,-0.1305482588487448,-0.4376989034928107,-0.4638217756651084,-0.5383271755452599,-0.2906796030438967,-0.5370360872154964,-0.2713563870622749,0.0760069246016733,0.3898219400708297
Tim Black,streams,1,@Tim_Black,16,0.5814560210628104,0.4204840916847248,-1.5737501068060356,-1.6110316919204477,-0.2541972985390469,-0.4232918855869885,-0.0565917009274179,-0.2150810400764971,0.0670399672113727,-0.0304097919885204,0.91788742680221,1.0156506018285705,-1.1588328277077051,-1.068640342888585,-0.699273795886679,-0.6269613877652926,-0.767361107781717,-1.0548145306689702,-0.2161375585693105,0.0052407349491674,-0.3265351512263729,-0.2216585277462323,-0.3293903883707796,-0.6219166429794779
Tim Black,videos,1,@Tim_Black,311,0.4033749903384881,0.2405480948089401,1.5582745344790887,1.7139089849995266,-0.4013728710633825,-0.5649114150609724,0.4180455414651031,0.3605323879194513,0.8299063236622676,0.7011677220470766,0.20826049267381558,0.4317025407924003,-1.3453736037879185,-1.3523382550262275,0.1977360452025987,0.0368302413911042,-0.4842822828831191,-0.7264229694799877,0.1894290629320432,0.5179584853342988,-0.0494817890047742,0.1613365472932975,0.1095104410107061,-0.1469292350367224
Tim Dillon,videos,1,@TimDillonShow,66,1.0813831376271266,1.5384847245551212,-2.102605208482049,-2.3281574608023368,-0.6094355905989063,-0.54294967458086,0.1955078409603914,0.1568458066390844,-0.4668226504027116,-0.5441785037161675,-0.222687937314549,0.1227258995249454,-1.1192974122531056,-1.002574248618436,0.1389332233323594,0.3151490822641516,-0.802768887276928,-0.6570452249900661,-1.0060675284404517,-0.7951646577463168,0.2103003542125317,0.2985912963424175,-0.3573534721654161,-0.4621378252513631
Timcast,streams,3,@Timcast; @TimcastIRL; @TimcastNews,162,-1.121149094576228,-1.3154456938981594,-0.25710527373140835,-0.17022929104327383,-0.23723210737610834,-0.22570791925067427,-0.36537687684040077,-0.32194648418529026,-0.6689104401424816,-0.877150518545573,0.1675023758084523,0.28632196422681505,-0.47110941854439947,-0.241790200988702,0.786990517031939,0.7394118379424376,2.1090785923584323,2.181376581882341,-0.7981428502547228,-0.5619959359619445,-0.7765930757229446,-0.6494401387404038,0.8106776002159956,0.8287263162011692
Timcast,videos,3,@Timcast; @TimcastIRL; @TimcastNews,1517,-0.21213283746708483,0.09771843552015776,0.7303468104103659,1.6602709923903594,-0.4573933150715132,-0.5697029077869542,-0.5439908293391283,0.20252753714316957,-0.6237404583105103,-0.6432066112706147,-0.646339536574498,-1.5437874637004432,-0.40075105450544646,-0.4688510422188627,-0.2728453202324275,-0.6010805742502346,2.36987775315343,2.921514679258268,-0.6695642397229858,-0.7985169062751308,-0.6909238640660814,-1.1830353277724328,0.4748729480671053,0.1318233509850154
Times Group,streams,2,@TimesNowWorld; @timesofindia,4921,-0.908129267027993,-1.1192723097928385,-0.061622114446535224,-0.042201978351422344,0.8113441070668674,1.2602133150755255,0.159610395372767,0.026723163171797595,-0.4567184682818619,-0.7979706781911349,0.8063410578185055,1.0744248625579607,-0.6475674007668258,0.0042668173974680125,0.4387063964253181,0.6176786253446099,0.10897027918235923,-0.02284972448733984,1.0134519640157649,1.4951153397248709,0.6994043347078257,1.0534284563054086,0.9235438215620263,1.5838216849472122
Times Group,videos,2,@TimesNowWorld; @timesofindia,17861,-1.0175112545208642,-1.659998838736225,-0.5058758439891579,-0.46080541057487234,0.8053461256723438,1.1195722296507762,0.08140488872486838,-0.030473948926000867,-0.42699059323400823,-0.7021294535389448,0.36829511555352834,0.4492808982633885,-0.8765496319456954,-0.1815565221115112,0.41574487220966777,0.6677653319556205,0.32439832623811404,0.18982803136411888,2.110965712898069,2.861516395780122,0.8409172002853756,1.1747358954390053,0.23236386965296355,1.3544000400999232
Tomi Lahren,videos,1,@TomiLahrenIsFearless,113,0.268945968022712,0.4066921227809598,0.3069373393647248,0.4069784252635443,-0.2919829567215935,-0.3307196086159699,-0.07457995410543809,-0.145833654295515,0.3816986026787697,0.3309888768729207,0.8019153442450794,1.1224291578620953,-0.9293305841687736,-0.8142451279440946,-0.1490844351198793,-0.207011323359474,-0.6503801435318106,-0.7226069143024637,0.6581055968594152,0.9623088176645394,-0.1818724261486222,0.0956895021006258,-0.3354498631472571,-0.5443094365939453
Triggernometry,streams,1,@triggerpod,6,1.6816377150520063,1.6509396827267435,-2.9576835385008864,-2.781551174627293,0.4176602631418788,0.7775188072400994,0.0544399286260891,-0.0341853356124533,-0.6116334481961533,-0.5677587949607839,1.7286674865067522,1.5344777499148397,-1.7739460954609765,-1.0769824980158726,-0.6217502265770317,-0.6764341195245187,-0.0607165806623316,-0.1426783883634768,-1.528207684799925,-0.808577064252176,0.0668500185302226,0.3192096291596584,-2.3149492705135573,-1.530461111412401
Triggernometry,videos,1,@triggerpod,143,-0.0733154398550784,0.472883466319525,-1.60298620444975,-1.9085481997212328,-0.3641791765822236,-0.3170128596580023,-0.4641405278501204,-0.5639639218996386,0.6524067098744133,0.7564144902565599,0.743631328880099,0.8010024161646283,-0.5912894133261892,-0.6124585910245963,-0.7809078248844274,-0.4696555198913252,-0.9515827622927896,-1.0112939379350212,-0.4138745355851088,-0.2289822490333325,-0.4397393487430361,-0.5745424035782208,-0.5897738167340533,-0.6181813226888887
Tucker Carlson Network,videos,1,@TuckerCarlson,113,-1.1475927323790782,-1.1716598244580414,-0.0372865871102725,0.0492930646060913,-0.1547247526570528,-0.18170356151752,0.1835309440702512,0.1120287605465952,0.061745155700082,0.1755556862972496,0.7324888531169655,0.7036500550529201,-0.8808012002765669,-0.6448579768595405,-0.0914426870330076,-0.0732785074031664,-0.7915363586484779,-0.803360542979326,-0.7303740417640572,-0.3927916106959303,1.2651925634132044,1.4872456382137678,0.2899545450607247,0.4704244725211727
Turning Point USA,streams,1,@turningpointusa,13,0.7680506011496865,1.119571945752179,-0.9991410714322864,-1.2097444383948637,2.618300744477513,2.7256890304831867,-0.0651608813365303,-0.2123509499991214,-0.7848723970374181,-0.7542363276235574,-0.2896251423497222,0.5648725430356001,0.045546022011034,0.0062519577711196,2.0595371206712794,2.3707764811656693,0.504353453002316,0.5606583005975474,-1.2281838196799986,-1.1370339911198062,-1.1171943318287103,-1.002872374289329,0.1679836616381595,-0.0864535191053096
Turning Point USA,videos,2,@RealAlexClark; @turningpointusa,225,1.066464986392424,1.5868509981513046,-0.513487580388987,-0.3603958297289584,-0.16376192126135702,-0.16843799710731983,-0.3511278661741887,-0.4506474316700909,1.4903381495853854,1.8459952812767748,1.2561314623691133,0.9621840799636703,-0.46623005959408903,-0.2326201215967072,0.19418703861743228,0.14311259673826907,0.007231446549090303,-0.22720629333959108,-0.7023571418717741,-0.42039160623552774,0.6030462876146016,0.936078256485758,0.3305019747463655,0.1571344587943955
USA Today,streams,1,@USATODAY,396,0.4501171937966697,0.7958785495686816,0.5035297308036049,0.4216633498306266,0.8553778290943543,1.5243527674582402,-0.20841579487258738,-0.4050308926257785,-0.374913651442736,-0.8304722992274929,0.4367895105888763,0.9046063901843264,1.467702987811859,2.2279339674591014,0.2010638319283111,0.3684871159294715,-0.581019015141175,-0.7876258183143521,-0.6660029106127596,-0.5079383462633008,-0.4349395131545913,-0.053439184093580505,0.102374810739357,0.2570036378527437
USA Today,videos,1,@USATODAY,2135,0.4410959251432286,0.5313830041945903,0.7142401089258734,0.748405573985324,-0.6799678463298194,-0.4277046853273366,-0.2040589240240234,-0.3305017511845928,-0.078957515980132,-0.3379461891749293,0.3074053729054423,0.4746138909992624,1.4947060367467937,2.1097181349375975,0.2898271432105324,0.5031744906664223,-0.592802113344346,-0.7541491638674926,1.0514141405414112,1.3474017114027317,0.3180219588389342,0.6199343016738975,0.4627163785471596,0.682972681069215
UnHerd,streams,1,@UnHerd,16,-0.2925995460251948,0.685370527340147,-0.8362563869832953,-1.0914868214381432,0.5697476722159202,0.5292226685629277,-0.8661891583214745,-0.9466323302145284,-0.2108709106882293,-0.0224751794525782,0.3406190178402262,0.454550846136191,-0.185388506593539,-0.0866525938392453,-0.5976078509686163,-0.6534978440937912,-0.8543532573079965,-0.8083896668395716,-0.9799394890255057,-0.6863757463763804,-1.7530915472301716,-1.404835681423489,0.8784852774037533,0.6893443060513771
UnHerd,videos,1,@UnHerd,76,0.2729431665417045,0.3919903648276814,1.3477976998078611,1.521440736376546,-0.4762365354397528,-0.343334154504876,-0.23499762555047007,-0.239919388706273,1.162990548470341,1.241231905059864,-0.6559173340052092,-0.6892473002818186,0.148424372013304,0.4964529027027382,-0.8387608410568973,-0.8565076864879867,-0.5534185225896753,-0.5752706710102669,-1.0891057408947749,-0.5619273180852881,-1.2593510571124875,-0.9853306662249494,0.2667511296980171,0.8462334511452552
Under the Desk News,streams,1,@underthedesknews,115,-0.2387843056860657,0.2568234444537305,-1.9098670946740623,-2.127887886464033,0.0545140132941846,0.1591924476908637,0.0456430860975311,0.010386343607813603,-0.2908652044775093,-0.3072574095880803,-0.4319008504954602,-0.3498570701767605,-0.0966638524714253,0.0407931394402211,-0.5053685502213217,-0.2373007858244071,-0.7295432369290077,-0.6479419055259009,-0.6812680315002102,-0.6456401957478658,0.2707366706831888,0.5952945547267801,-0.6205956317962709,-0.6044162812889371
Under the Desk News,videos,1,@underthedesknews,74,0.8957708721393706,1.1283777021319592,-1.1315696870530398,-1.2361078485148602,-0.1025390729754262,-0.061319368010545106,0.1509046718003579,0.05508420641782189,0.2811545443232199,0.2349855718101101,-0.1700739927388529,0.0087590517196305,-0.5228073137061933,-0.3390089918498619,-0.1206921501476412,-0.0321558471358429,-0.3698372632173001,-0.3604660455812324,-0.332965135387884,-0.1279504862154579,0.4870424136859332,0.7239880583186918,-0.1794915961445525,-0.2353103234508601
Unpacked,videos,1,@Unpacked,38,0.8298213251863854,0.689256450615625,0.9209212952121547,0.8875216100562222,-0.2550717294620634,-0.328915298859882,-0.0358883469758895,-0.2086591777973552,2.814079817660037,2.849633005317281,-1.4534496694148662,-1.577272040464713,-0.6908492278812343,-0.2713016050041865,-0.0897521195619876,-0.21202942381664816,-0.2811499857085654,-0.3675625937391277,-0.8668771684051745,-0.390048838142456,-0.2457568795646646,-0.1559128389454167,-1.606679882945137,-1.2179613599997343
Useful Idiots,streams,1,@usefulidiots,11,-0.1560080349724246,0.3687032627156653,-0.6967722679308898,-1.4913046134136965,-0.2280191330172662,-0.0402778321811563,-0.2074059585776307,-0.2358047014747945,-0.7380752410219585,-0.6417430466477099,3.5706002635164187,3.1124473705404636,-0.5329334068641937,-0.672574337192414,-1.4800778170674584,-0.5707276273086207,0.1131880941574772,0.057569514634383,-0.8098905241235289,-0.719172645132982,0.3469890013206571,-0.0750244872017744,-0.0303899719529061,0.2511187467825497
Useful Idiots,videos,1,@usefulidiots,179,-1.126649444660772,-1.5368401575091866,-0.7158539211588081,-0.6852723254514038,-0.6442128711698683,-0.6056443523031254,-0.2350532535009747,-0.3208200082478442,-0.166275305998407,-0.3809865800361636,0.1820833796376161,0.4672246111582559,-0.6171613039914898,-0.2726423742080052,-0.2556847735626743,-0.3392163499113942,-0.9520992921310768,-0.922171609865588,0.1884350539870558,0.6544722974648921,-0.4725786213059483,-0.3799899912946417,-0.8788268623209039,-0.3185101701572297
Valuetainment,streams,1,@PBDPodcast,111,-0.2324613947496492,-0.45205600210071784,-2.0707279985831866,-2.073085417826636,-0.6660802577954633,-0.5939141580167677,-0.3733635599606556,-0.484665623387764,-0.545167490172352,-0.7530534596488424,0.3760801521564074,0.7645660124312382,-0.7181836717114379,-0.3729113949831941,0.4041219295197481,0.4957779043245383,-0.8384735518475726,-0.8545512784486515,-0.3542537493779585,0.023489779618067,-0.0491216617462532,0.2055032997931417,-0.6349983149074166,-0.2259481137607264
Valuetainment,videos,1,@PBDPodcast,34,0.3028024300517491,0.5903189222733586,-0.3869855969124778,-0.4284133251812212,-0.3307099272267852,-0.3572105484329011,-0.3234656183924026,-0.3972320272588861,0.1586721344440748,0.323516781861405,0.0922335054232775,0.234372215565627,-0.7296931283880514,-0.5975222912619141,0.997049986766304,0.976368274566813,-1.1475096193640724,-1.2127750706676497,0.3949561764352886,0.5738124808613971,-0.656669451667594,-0.4244289989869873,-0.7419285958050811,-0.715553412157662
Vaush,streams,1,@Vaush,1,-1.7693894454133303,-3.566555356095744,-1.279565780105657,-1.418103000906091,-0.2558394735250525,0.0851880670575628,0.0136800848483973,-0.1608340881761023,0.1252419219318847,-0.5342424220354034,-1.5550919602895763,-2.079345753507788,-0.4522124592667178,0.9457106516651348,6.681695524947689,6.987779857342219,0.9532693659538584,0.5441648143630794,-1.3629918673368917,-0.7423183052631996,-3.0057021441136307,-3.047863662631167,2.645678840781078,4.626980734987496
Vaush,videos,1,@Vaush,431,0.5109118787466981,0.5962482545281739,0.7686913323818946,1.208062015553696,-0.4759109871185528,-0.5362972854910673,-0.0121371100758478,0.2795171807245818,-0.0184018334934771,-0.0916578582902658,-0.9035019604873664,-1.327028217068897,-0.34431660868026287,-0.2050214467684614,-0.4194230240722087,-0.4843522227413558,0.9652957699344956,1.2434162005495926,-0.5860656480202217,-0.5567873714719986,-0.9071037855260776,-1.0514356133081173,0.1795950120573303,0.2319060167630708
Viva Frei,streams,1,@VivaFrei,49,0.24380665023162,0.1252011105391257,-0.49189303353541325,-0.8893504636979892,-0.227885433368726,-0.2265278689142589,0.371088824865749,0.2143553213143236,-0.2387048135211196,-0.6011812462533056,1.2934051968658549,2.097769024918852,-0.4455067223020405,-0.1941448668473419,-0.0152961653666744,0.23213540865107313,0.4048733789275682,0.5241340617592373,-0.6089844243685926,-0.6263356327098502,1.4033291838801663,1.8416546245684384,-0.611485786633349,-0.4750293458216861
Viva Frei,videos,1,@VivaFrei,310,-0.3174905015975942,-0.591773973247059,0.2293321966498602,0.308338224160826,-0.1832300673317863,-0.2177338193732509,-0.2841860469553576,-0.4047747187563382,0.3073015692134971,0.1331536055076347,0.8629844322940656,1.1528447049760413,-1.077530044158666,-0.6658224324435954,0.23562923742198594,0.2233080957020125,-0.2681586433453855,-0.4242497949661603,0.9487830220422214,1.257105687000298,1.3041346491951198,1.4326316133570127,-0.552082548070802,-0.5799703465186833
Vox,videos,1,@Vox,127,0.7828848870471814,1.2735844515201733,0.8500555790989912,1.0745048271895707,-0.1869905898957941,-0.2259146583652497,0.2008123331129392,0.2049453171631064,2.815732663102208,3.085955710630503,-0.9353296345780252,-1.376011320200859,0.9572325100770136,1.1890491935759344,-0.4900794552534003,-0.3689690784004851,-0.1580674842561767,-0.1973021849717342,-0.3759318164476172,-0.2260644402973072,-0.7850977713006807,-0.5203445084156523,0.1906046785594461,0.2246687841105056
Wall Street Journal,streams,1,@wsj,10,1.1520579042597672,1.8440370663774488,-1.0502062504689946,-1.3154364800242573,1.2665958356341964,1.72040268695705,0.4897597779161941,0.4297582773444879,-0.1859565163853847,-0.2594532925159979,1.0906989985722757,1.331696765819384,-1.2971679280807973,-0.9681907272880463,-1.1787530474889625,-0.6962277759799161,0.3997182770999258,0.2750904294526381,1.8538472869479343,2.17776110321456,-1.6549665045326063,-1.025378333031473,0.6923877407109369,0.9707466582550696
Wall Street Journal,videos,1,@wsj,104,0.1816978403939388,0.3660829350966403,0.0402123893641237,0.0690502041893856,-0.2814602260872499,-0.1630229212141184,-0.020863064424466702,-0.1814433275693711,4.386843567351108,4.450985476326656,-1.018804455116934,-1.1706788391931728,-0.6605642004006054,-0.062351910004815596,0.6656995302533867,0.9878053334494876,-0.9974544528535352,-1.1964017379058955,-0.4196838221305246,-0.0798270754994259,-0.5592367067239881,-0.1796733086909941,-0.4613270346248176,0.0439426043559455
War Room,videos,1,https://rumble.com/c/BannonsWarRoom,4506,0.797903395127621,0.9630598366726443,1.1556504455467214,1.187000849439295,0.6549732933712573,0.811529547764356,0.4094501675261639,0.3362555997612416,-0.0183695431778559,-0.0528352727416858,0.7894560098464022,0.8292907462210749,-1.03488695689917,-0.7559351038264236,0.4166691551220663,0.5273526003150117,-0.2737125004003397,-0.3764180307877968,0.8300555822397117,1.203547334747934,2.7046976968124192,3.1095384463809332,1.1565151182436824,1.5175043032228304
Winston Marshall,videos,1,@winston_marshall,104,0.0212031341317165,0.2567459389851169,-0.5038974392262745,-0.2395805806852992,-0.2887544202871661,-0.28790053518913,0.3548827259523642,0.3292036940699636,0.5189042327419785,0.763660700598794,-0.3590941659110101,-0.5743126216082735,-0.8242009157789985,-0.5996079297207133,-0.16355178940406528,-0.2770412240649849,-0.1396089597822383,-0.2766799845393503,0.4591757944331064,0.8204038121242732,0.0440535679882105,0.2054450707803675,-0.6453004686844598,-0.5189268763167898
X22 Report,videos,1,@X22Report-y5y,379,0.4134777222690156,0.5504484829715741,1.2631999985009552,1.9387094929469724,-0.3609852446851547,-0.426832247649491,-0.2629552175029953,-0.233791628690118,-0.12030717924751912,-0.2710924302561374,0.2589096276272126,-0.0464137114183533,-1.2314094875561683,-1.2623685010471069,-0.0072548565415719,0.1734709953252445,-0.0931737807083459,-0.042933924687963,-0.755824712996711,-0.8109319729667259,0.8684582954314621,1.6028659737403357,0.6536437479297873,1.3697045278196034
Xanderhal,streams,1,@Xanderhal,101,-0.4723876997174941,-0.6224261244824163,0.9655967299149883,0.655157712717545,-0.5826415018695498,-0.6846380668003855,0.1132918281359638,0.04615061588381429,-0.5061678489981499,-0.806959039487474,0.7840704061554356,1.4529363787452825,1.2247112706871892,1.3757949176657975,0.4630123280941774,0.64330126876568,4.284789183152299,4.461148161082355,0.4162408749355251,0.3346729028169646,0.4751068630892136,0.8209603508669939,-0.6346516768557026,-0.6836439375819424
Xanderhal,videos,1,@Xanderhal,289,-0.11875123369853452,-0.056600032831468604,0.6681773751493616,0.9544392830708452,-0.4810395084989624,-0.6377598043410454,0.1395470591232325,0.2208777620313967,-0.1057464225105111,-0.0825939806074867,-0.3431249111308047,-0.5338895447348766,-0.7445263686739128,-0.6302284775740946,-0.3747663529048471,-0.5797874684843709,-0.4507529849167027,-0.3241673415404107,-0.077166631355638,-0.0132877938575737,-0.9591815267183115,-1.1190250833052349,-0.4739483027815973,-0.8049137387931907
Zeteo,streams,1,@zeteo,24,0.6298770931102475,0.7325198389936861,-0.855617679009388,-0.8317434443690453,0.5318535228608496,0.6864606342881233,0.0237991296729899,-0.11087936832508578,0.6013166236871733,0.5441563354875261,-0.0526176935295605,0.04177209938537,-0.7701525294842785,-0.3512484543846572,-0.814275427905336,-0.7116731988571345,-0.139914968078116,-0.1499944982192288,0.2064887890440185,0.7190496657069967,-0.4496989784325324,-0.10723625205519531,-1.174610887099098,-0.5424943444755235
Zeteo,videos,1,@zeteo,198,0.45656339213834835,0.3770790325439044,0.39618586525318544,0.4478756520839496,-0.2218240593213806,-0.2504554715407872,-0.1759750390194511,-0.2569539349584011,1.454136584105006,1.3931422285975563,-0.4596806668388381,-0.4013431872755888,-0.7538038835767255,-0.4695968642291907,-0.2971687238922108,-0.39970670821354665,-0.3353190328543344,-0.3672325355197279,1.1930886070998388,1.5024730975784453,-0.228940442690037,-0.044748377833991104,0.3237773923918639,0.5061808230381802
Zuby,videos,1,@ZubyMusic,130,-0.149895564063174,0.2973691243582993,0.7122825210309077,0.9662185311963412,-0.338041591814345,-0.4000512807096848,-0.310204616726235,-0.3030768529859618,1.166651570453057,1.5297365000924823,-0.883121566979088,-1.4053965547825324,-0.9378337597738284,-0.6978263060333589,-0.0171116607311075,-0.0857763637336672,-0.3367598712554844,-0.4823620798533515,-0.5876995316767549,-0.3873138272771975,-0.7464253525536835,-0.5424533535386614,-0.2897650914120603,-0.3744053406726759
notsoErudite,streams,1,@notsoErudite,20,0.959661264706398,1.666129617278904,-1.0762961985071038,-1.820277006636037,-0.4489041404458948,-0.1796408815723892,-0.035608891410539,-0.1471481201189992,-0.4315315758631139,-0.4232768220732438,-1.3640283596104124,-1.2189317727042184,0.6444006902250932,0.324925988888764,-0.6115675567974934,-0.1736924640570855,-0.43205252016633044,-0.3851988972071898,-0.7554106181134712,-0.8768631206658501,-1.398292665840589,-1.7758070772859988,-0.8998095249112307,-1.0797968646774794
notsoErudite,videos,1,@notsoErudite,42,0.0092523419871442,0.38484310060881777,0.7090107626214379,0.8961280532981039,-0.3662493115927095,-0.4758976068756927,-0.2181772601560412,-0.0838521436150566,0.5221578097415455,0.6797389445897776,-0.6244230324777643,-0.8811624563031056,-0.4700945839950159,-0.4805135707883724,-0.4845407854452011,-0.6650903190583742,-0.6425831741981037,-0.5398553113398987,-0.6425949230159246,-0.584511667873028,-0.569173984410124,-0.6186759526295589,-0.1655998509777034,-0.5273766650341882
nous,videos,1,@nousnetwork,152,0.1206992013762918,0.3270764792449783,-0.6107910019803864,-0.5063966992686086,-0.5445502281836113,0.1855751898836973,-0.3591221449754077,-0.5347214254743026,2.5030971907908297,2.2321466219225305,-0.145948609550588,0.3425176087713668,-0.1659770813689367,0.4307930456178266,-0.1374690608218556,0.0681615641176133,-0.3344151107069451,-0.7304990482684565,-0.6738605829821463,-0.1952307351174429,-0.49126723257838284,0.1556381147626718,0.0267605968159118,0.4573734419497757
