left_creator,right_creator,distance,distance_percentile_all_pairs
@FarronBalanced,@JesseKellyDC,0.8202761621041607,0.003968253968253968
@FarronBalanced,@SaltyCracker,0.8448581536811618,0.007936507936507936
@Forthepeoplepodcast305,@chicksonright,0.9265069373140629,0.011904761904761904
@PTLRadioShow,@chicksonright,0.9546103508148954,0.015873015873015872
@DropSiteNews,@MichaelKnowles,0.9998918888032322,0.01984126984126984
@RebelHQ,@chicksonright,1.016578476643873,0.023809523809523808
@JackCocchiarellaShow,@SaltyCracker,1.112015596702685,0.03968253968253968
@thomhartmann,@MrTariqNasheed,1.1709533539995491,0.06349206349206349
@Xanderhal,@CamHigby,1.1886881143206156,0.06746031746031747
@OwenReport,@JesseKellyDC,1.2026400156563597,0.07142857142857142
@thomhartmann,@ZubyMusic,1.2759872142100073,0.13095238095238096
@TheMajorityReport,@JesseKellyDC,1.2768776034805902,0.13492063492063494
@LeejaMiller,@theisabelbrown,1.278231885417551,0.1388888888888889
@SMN,@JillianMichaels,1.2914845201681795,0.14285714285714285
@NovaraMedia,@JesseKellyDC,1.3027309140745835,0.1626984126984127
@Xanderhal,@RileyGaines,1.310146451923678,0.16666666666666669
@Forthepeoplepodcast305,@GrahamAllen,1.346053661842884,0.19444444444444445
@PTLRadioShow,@SaltyCracker,1.364762873473862,0.2222222222222222
@OwenReport,@SaltyCracker,1.370742527322958,0.2341269841269841
@destiny,@AlexStein99,1.3781239645035361,0.25396825396825395
@TheYoungTurks,@JesseKellyDC,1.4077545571602696,0.2777777777777778
@FarronBalanced,@chicksonright,1.4255505816413387,0.30952380952380953
@TheMajorityReport,@SaltyCracker,1.4285831847892156,0.3134920634920635
@Forthepeoplepodcast305,@SaltyCracker,1.4294717600529239,0.31746031746031744
@thomhartmann,@morebridgetphetasy,1.4505479076151582,0.3373015873015873
@TheDonLemonShow,@fightbackpodcast,1.4618317787646786,0.3412698412698413
@franifio,@ThePodcastoftheLotusEaters,1.4671961219111702,0.35317460317460314
@judgingfreedom,@fightbackpodcast,1.4755388021021885,0.376984126984127
@franifio,@BenShapiro,1.4776662433138568,0.38095238095238093
@LegalAFMTN,@TheOfficerTatum,1.4880638449475612,0.3928571428571429
@destiny,@JesseKellyDC,1.4948112079229816,0.41269841269841273
@TheDonLemonShow,@clayandbuck,1.5058533746495746,0.4285714285714286
@thomhartmann,@theisabelbrown,1.5072592055143736,0.44047619047619047
@BadEmpanadaLive,@AlexStein99,1.5090648283078545,0.4444444444444444
@NovaraMedia,@SaltyCracker,1.5112477347633873,0.44841269841269843
@DropSiteNews,@nypost,1.5228157560272793,0.4642857142857143
@Forthepeoplepodcast305,@AnthonyBrianLogan,1.5239602797852183,0.4682539682539682
@JackCocchiarellaShow,@chicksonright,1.532274577485784,0.4880952380952381
@GlennKirschner2,@JesseKellyDC,1.5573404012461434,0.5317460317460317
@judgingfreedom,@MrTariqNasheed,1.5583047977530107,0.5357142857142857
@GlennKirschner2,@nypost,1.561972128801363,0.5396825396825398
@franifio,@StevenCrowder,1.5690461768452681,0.5515873015873016
@FarronBalanced,@GrahamAllen,1.5699515693803392,0.5555555555555556
@BadEmpanadaLive,@BenShapiro,1.5746060433766784,0.5634920634920635
@NovaraMedia,@fightbackpodcast,1.5776709889359781,0.5793650793650793
@thomhartmann,@AndrewKlavan,1.5797058937641915,0.5833333333333334
@PTLRadioShow,@MyronGainesX,1.5824223013982648,0.5952380952380952
@nousnetwork,@AndrewKlavan,1.5880963199976237,0.6150793650793651
@Politicon,@AndrewKlavan,1.5887161063442095,0.623015873015873
@franifio,@Styxhexenhammer666,1.5901349510504763,0.626984126984127
@NovaraMedia,@chicksonright,1.5917454119537942,0.638888888888889
@TheMajorityReport,@AlexStein99,1.5963426580631306,0.6428571428571428
@DylanBurnsLIVE,@Styxhexenhammer666,1.5984465985728447,0.6547619047619048
@podsaveamerica,@fightbackpodcast,1.5996430040402572,0.6587301587301587
@rolandsmartin,@MLChristiansen,1.60202845893595,0.6626984126984127
@Xanderhal,@SaltyCracker,1.605586884075705,0.6785714285714286
@dollemore,@RealAmericasVoice,1.6056723922922744,0.6825396825396826
@NovaraMedia,@MichaelKnowles,1.610409274446498,0.6904761904761905
@chriscuomo,@MrTariqNasheed,1.613651318339796,0.7023809523809524
@destiny,@SaltyCracker,1.6153253349748191,0.7063492063492063
@EzraKleinShow,@theisabelbrown,1.6160547370784084,0.7142857142857143
@GlennKirschner2,@GrahamAllen,1.6192596524020753,0.7182539682539683
@destiny,@JustPearlyThings,1.6210575855177938,0.7301587301587302
@TheMichaelCohenShow,@chicksonright,1.6327606334584182,0.7658730158730159
@thomhartmann,@BenShapiro,1.639139131511312,0.7738095238095238
https://rumble.com/c/GGreenwald,@clayandbuck,1.6416487437319878,0.7777777777777778
@SMN,@JustPearlyThings,1.643560592728815,0.7857142857142858
@BadEmpanadaLive,@JesseKellyDC,1.6542591247321188,0.7976190476190477
@destiny,@Styxhexenhammer666,1.6544478156876339,0.8015873015873016
@therationalnational,@marklevinshow,1.658867294886967,0.8095238095238094
@thomhartmann,@bbrettcooper,1.663180713392093,0.8253968253968255
@LegalEagle,@JesseKellyDC,1.6640415866794116,0.8293650793650794
@Forthepeoplepodcast305,@XAVIAER,1.6648886345974263,0.8333333333333334
@Vaush,@JustPearlyThings,1.6651342984115576,0.8373015873015872
@LeejaMiller,@BenShapiro,1.6724918279575631,0.8690476190476191
@PTLRadioShow,@RubinReport,1.677140506484649,0.8809523809523809
@Forthepeoplepodcast305,@MyronGainesX,1.6814177712120075,0.8928571428571428
@TheMichaelCohenShow,@CamHigby,1.6817216676083286,0.8968253968253969
@TheJoyReidShow,@Styxhexenhammer666,1.6842321261844615,0.9047619047619048
@OwenReport,@GrahamAllen,1.6936931212724957,0.9206349206349206
@TheMichaelCohenShow,@GrahamAllen,1.6948557583169443,0.9246031746031746
@TheJoyReidShow,@clayandbuck,1.6982513761377742,0.9484126984126984
@samharrisorg,@theisabelbrown,1.699045256333088,0.9563492063492064
@PTLRadioShow,@GrahamAllen,1.7009453508109023,0.9603174603174603
@TheYoungTurks,@chicksonright,1.702948781090958,0.9761904761904762
@NovaraMedia,@AlexStein99,1.708111979300714,0.992063492063492
@PTLRadioShow,@fightbackpodcast,1.7081391365666834,0.996031746031746
@destiny,@GrahamAllen,1.7093351241676997,1.007936507936508
@OwenReport,@Styxhexenhammer666,1.7119694798426723,1.0119047619047619
@LegalEagle,@AlexStein99,1.7130376269256178,1.0198412698412698
@Xanderhal,@TheAmalaEkpunobi,1.7139107724014127,1.0317460317460316
@Forthepeoplepodcast305,@JesseKellyDC,1.7185585528505647,1.0396825396825398
@DemocracyDocket,@clayandbuck,1.7186137511600177,1.0436507936507937
@LeejaMiller,@StevenCrowder,1.7188988628889583,1.0476190476190477
@NovaraMedia,@BenShapiro,1.7218271134755898,1.0674603174603174
@Politicon,@RufoandLomez,1.7255217202355109,1.0793650793650795
@TheYoungTurks,@fightbackpodcast,1.7265367907569726,1.0833333333333335
@TheYoungTurks,@MichaelKnowles,1.7304793960103044,1.0992063492063493
@TheHumanistReport,@ChadPrather1,1.7347206217908582,1.107142857142857
@TheJoyReidShow,@MichaelKnowles,1.7352497049944977,1.1111111111111112
@DylanBurnsLIVE,@PartOfTheProblem,1.738848213155455,1.123015873015873
@DropSiteNews,@winston_marshall,1.7464290186020193,1.1468253968253967
@thomhartmann,@RileyGaines,1.749215788942237,1.1547619047619049
@TheMichaelCohenShow,@fightbackpodcast,1.7550520632832527,1.1746031746031746
@TheMajorityReport,@Styxhexenhammer666,1.7553532335921713,1.1785714285714286
@TheMichaelCohenShow,@SaltyCracker,1.7573130630631757,1.1865079365079365
@franifio,@AlexStein99,1.7609873052377827,1.1984126984126984
@TheJoyReidShow,@DarkHorsePod,1.7613348875037018,1.2023809523809523
@Xanderhal,@AlexStein99,1.7616457581351554,1.2103174603174605
@PTLRadioShow,@XAVIAER,1.7636525700769825,1.2222222222222223
@destiny,@BenShapiro,1.7643970865501972,1.234126984126984
@TheAtlantic,@theisabelbrown,1.7648173487009935,1.242063492063492
@SMN,@RileyGaines,1.7652970024893557,1.25
@TheYoungTurks,@AlexStein99,1.772598366513445,1.257936507936508
@thomhartmann,@StevenCrowder,1.7753284500756237,1.2658730158730158
@RebelHQ,@SaltyCracker,1.7762729506684092,1.2698412698412698
@SMN,@BenShapiro,1.7775426728224661,1.2817460317460319
@TheJoyReidShow,@XAVIAER,1.7779868246181116,1.2857142857142856
@DropSiteNews,@fightbackpodcast,1.778594612139611,1.2936507936507937
@TheDonLemonShow,@BenShapiro,1.7788126985814738,1.3015873015873016
@DropSiteNews,@DarkHorsePod,1.7792706450366103,1.3055555555555556
@samharrisorg,@AndrewKlavan,1.7821400352334749,1.3253968253968254
@BadEmpanadaLive,@Styxhexenhammer666,1.7834635372912715,1.3333333333333335
@UnHerd,@bbrettcooper,1.7841531148693746,1.3373015873015874
https://rumble.com/c/GGreenwald,@RubinReport,1.7847370476205904,1.3412698412698412
@therationalnational,@winston_marshall,1.787171393025431,1.3531746031746033
@TheAtlantic,@AndrewKlavan,1.7886034934446946,1.3650793650793651
@lovettorleaveitpodcast,@TheAdamCarollaShow1,1.7887846984975464,1.369047619047619
@NovaraMedia,@GrahamAllen,1.7906663520803194,1.380952380952381
@TheMajorityReport,@MichaelKnowles,1.7907438220022174,1.3849206349206349
@DropSiteNews,@HangOutwithSeanHannity,1.7916991974291943,1.3968253968253967
@JackCocchiarellaShow,@GrahamAllen,1.792706051588301,1.4047619047619049
@NovaraMedia,@XAVIAER,1.7928779045959624,1.4087301587301588
@thomhartmann,@JillianMichaels,1.7961856835823846,1.4285714285714286
@TheLincolnProject,@AlexStein99,1.7963452489695557,1.4325396825396826
@TheYoungTurks,@BenShapiro,1.7967437802390989,1.4365079365079365
@NYTPodcasts,@AndrewKlavan,1.7970360269389065,1.4404761904761905
@podsaveamerica,@chicksonright,1.799148534587746,1.4523809523809523
@JackCocchiarellaShow,@JesseKellyDC,1.8025316977104127,1.4642857142857144
@DropSiteNews,@oann,1.8054250476634268,1.472222222222222
@Xanderhal,@GrahamAllen,1.8093793155415836,1.488095238095238
@OwenReport,@JustPearlyThings,1.8110063623491235,1.492063492063492
@TheDonLemonShow,@JesseKellyDC,1.8117676315659756,1.496031746031746
@TheMichaelCohenShow,@JustPearlyThings,1.8149224272919158,1.507936507936508
@TheYoungTurks,@GrahamAllen,1.8156771881927667,1.5119047619047619
@EzraKleinShow,@AndrewKlavan,1.8162000359669392,1.5158730158730158
@TheHumanistReport,@FreshFitMiami,1.8185056616530444,1.5238095238095237
@TheMichaelCohenShow,@AnthonyBrianLogan,1.8216515716268447,1.5396825396825398
@TheYoungTurks,@SaltyCracker,1.8231457159148763,1.5555555555555556
@Xanderhal,@chicksonright,1.823783279439154,1.5634920634920633
@Forthepeoplepodcast305,@MichaelKnowles,1.8239385218899158,1.5674603174603174
@zeteo,@TheBrianKilmeadeShow,1.8264076791316917,1.5793650793650793
@GlennKirschner2,@SaltyCracker,1.8280958535981389,1.5873015873015872
@OwenReport,@clayandbuck,1.8286087916317169,1.5912698412698414
@LeejaMiller,@bbrettcooper,1.8362239245166323,1.6031746031746033
@podsaveamerica,@MyronGainesX,1.837090532830168,1.6111111111111112
@DylanBurnsLIVE,@ThePodcastoftheLotusEaters,1.8392048407166615,1.623015873015873
@TheMajorityReport,@XAVIAER,1.8395306576759392,1.6269841269841272
@underthedesknews,@DarkHorsePod,1.8403567806927759,1.6349206349206349
@deanwithrs,@TheOfficerTatum,1.8419864133183437,1.6428571428571428
@TheLincolnProject,@JesseKellyDC,1.851507798881731,1.6865079365079365
@RebelHQ,@MyronGainesX,1.8520697351814492,1.6904761904761905
@TheLincolnProject,@GrahamAllen,1.852354833129938,1.6944444444444446
@SMN,@theisabelbrown,1.8524963262899579,1.6984126984126984
@jimacosta,@Tim_Black,1.8528897931819541,1.7023809523809526
@franifio,@RealDanBongino,1.8533451681356232,1.7103174603174602
@podsaveamerica,@MichaelKnowles,1.8626376013515833,1.7380952380952381
@TheMajorityReport,@GrahamAllen,1.8663391186694434,1.7619047619047619
@DropSiteNews,@clayandbuck,1.8675296090879074,1.7777777777777777
@TheYoungTurks,@JustPearlyThings,1.8720248499115675,1.8095238095238095
@PTLRadioShow,@TheAdamCarollaShow1,1.8759743784493936,1.8214285714285714
@EzraKleinShow,@MrTariqNasheed,1.8782812687426589,1.8373015873015874
@therationalnational,@lizwheeler,1.883362953540537,1.8650793650793651
@DueDissidence,https://rumble.com/c/nickjfuentes,1.8835068425656096,1.869047619047619
@OwenReport,@AlexStein99,1.8847065751918883,1.8809523809523812
@TheDonLemonShow,@Styxhexenhammer666,1.8858666696989577,1.892857142857143
@chriscuomo,@AndrewKlavan,1.8875012521379884,1.8968253968253967
@TheYoungTurks,@XAVIAER,1.89035997425877,1.9047619047619049
@PTLRadioShow,@MichaelKnowles,1.8950729178437489,1.9325396825396826
@BadEmpanadaLive,@RealDanBongino,1.8954140178557495,1.9444444444444444
@TheMichaelCohenShow,@RileyGaines,1.9000825112699737,1.972222222222222
@TheMajorityReport,@BenShapiro,1.9016132618505912,1.984126984126984
@Forthepeoplepodcast305,@fightbackpodcast,1.903032624753597,1.9880952380952381
@SMN,@RealDanBongino,1.9044756861736338,1.992063492063492
@NovaraMedia,@JustPearlyThings,1.9054593674074018,1.996031746031746
@DropSiteNews,@XAVIAER,1.905476927200509,2.0
@TheLincolnProject,@Styxhexenhammer666,1.9069022219669023,2.003968253968254
@EzraKleinShow,@BenShapiro,1.9108288411225478,2.0198412698412698
@BadEmpanadaLive,@ThePodcastoftheLotusEaters,1.9129707705955354,2.035714285714286
@LegalEagle,@Styxhexenhammer666,1.9135901081383924,2.0396825396825395
@TheMajorityReport,@chicksonright,1.917020381446867,2.055555555555556
@OwenJonesTalks,@chicksonright,1.9232187846414686,2.0873015873015874
@thomhartmann,@RealDanBongino,1.9233012090960209,2.0912698412698414
@SkyNews,@RebelNewsOnline,1.9246773859279689,2.107142857142857
@thomhartmann,@glennbeck,1.9247108552919903,2.111111111111111
@deanwithrs,@TheQuartering,1.924734616084672,2.115079365079365
@EzraKleinShow,@RealDanBongino,1.9251834682204132,2.123015873015873
@thedavidpakmanshow,@RebelNewsOnline,1.9281878832290396,2.138888888888889
@marclamonthillnetwork,@TheAdamCarollaShow1,1.9284245648980687,2.1507936507936507
@rolandsmartin,@TomiLahrenIsFearless,1.9333802355000298,2.1706349206349205
@podsaveamerica,@JesseKellyDC,1.934452025441658,2.178571428571429
@judgingfreedom,@XAVIAER,1.9346027443159162,2.1825396825396823
@DropSiteNews,@RealAmericasVoice,1.9395158115968267,2.214285714285714
@LeejaMiller,@AndrewKlavan,1.9399492486814995,2.2182539682539684
@Xanderhal,@BenShapiro,1.9419087366485306,2.2222222222222223
@TheYoungTurks,@lizwheeler,1.9421404654348884,2.2261904761904763
@therationalnational,@XAVIAER,1.9434747119725575,2.2301587301587302
@TheJoyReidShow,@BenShapiro,1.9447496578577246,2.238095238095238
@podsaveamerica,@XAVIAER,1.944942784108309,2.242063492063492
@SMN,@morebridgetphetasy,1.9458368996060107,2.246031746031746
@TheMichaelCohenShow,@BenShapiro,1.9476134534871374,2.253968253968254
@DueDissidence,@RealAmericasVoice,1.9479463775114993,2.261904761904762
@TheJoyReidShow,@lizwheeler,1.9487067513958631,2.2738095238095237
@destiny,@ThePodcastoftheLotusEaters,1.949812310799783,2.2857142857142856
@LeejaMiller,@MrTariqNasheed,1.9508643935094487,2.2936507936507935
@DropSiteNews,@TomiLahrenIsFearless,1.9525727352157982,2.301587301587302
@destiny,@MichaelKnowles,1.9556271079306673,2.317460317460317
@NovaraMedia,@Styxhexenhammer666,1.9563597213698243,2.325396825396825
@marclamonthillnetwork,@oann,1.9563933182801605,2.3293650793650795
@LegalEagle,@SaltyCracker,1.959278827536953,2.361111111111111
@therationalnational,@MichaelKnowles,1.960331016207097,2.365079365079365
@LegalEagle,@GrahamAllen,1.9606338110069585,2.373015873015873
@underthedesknews,@marklevinshow,1.9649334254594857,2.384920634920635
@Xanderhal,@OfficialSaharTV,1.965556299548193,2.392857142857143
@TheLincolnProject,@MichaelKnowles,1.9657164039470392,2.400793650793651
@judgingfreedom,@JillianMichaels,1.9659471406747553,2.4087301587301586
@OwenReport,@BenShapiro,1.966964701973554,2.412698412698413
@DropSiteNews,@SaltyCracker,1.9677139021508088,2.4166666666666665
@TheMichaelCohenShow,@RubinReport,1.9683500262598983,2.420634920634921
@ajplus,@theisabelbrown,1.9686072837821254,2.4246031746031744
@TheMichaelCohenShow,@MichaelKnowles,1.968984437648257,2.4404761904761907
@nousnetwork,@RufoandLomez,1.9692580747583615,2.4444444444444446
@Forthepeoplepodcast305,@nypost,1.9725261715459284,2.4642857142857144
@TheJoyReidShow,@RealDanBongino,1.972777301264078,2.4801587301587302
@TheJoyReidShow,@AlexStein99,1.9754080166369972,2.5
@BadEmpanadaLive,@JustPearlyThings,1.9763915620929433,2.503968253968254
@DylanBurnsLIVE,@JesseKellyDC,1.9775122597041914,2.507936507936508
@TheJoyReidShow,@oann,1.9818097843995575,2.543650793650794
@TheDailyBeast,@nationalreview,1.9838071236495511,2.555555555555556
@usefulidiots,@chicksonright,1.9856213801506382,2.571428571428571
@dollemore,@TheAdamCarollaShow1,1.9862434165597265,2.5753968253968256
@dollemore,@AnthonyBrianLogan,1.987113145614995,2.579365079365079
@judgingfreedom,@RufoandLomez,1.9894815094325657,2.591269841269841
https://rumble.com/c/GGreenwald,@ChadPrather1,1.989684220993562,2.5952380952380953
@OwenJonesTalks,@SaltyCracker,1.992615926975462,2.615079365079365
@TheJoyReidShow,@JustPearlyThings,1.992730508570832,2.619047619047619
@marclamonthillnetwork,@MegynKelly,1.993191963325536,2.623015873015873
@judgingfreedom,@ColemanHughesOfficial,1.9947282460868885,2.638888888888889
@chriscuomo,@RufoandLomez,1.998722164544958,2.6507936507936507
@BadEmpanadaLive,@lizwheeler,2.000588165355527,2.6626984126984126
@judgingfreedom,@theisabelbrown,2.0014943849024522,2.666666666666667
@GlennKirschner2,@Styxhexenhammer666,2.001631235683113,2.674603174603175
@TheDonLemonShow,@SaltyCracker,2.0034824049122095,2.6904761904761902
@PTLRadioShow,@JesseKellyDC,2.003744191918318,2.6944444444444446
@PTLRadioShow,@TomiLahrenIsFearless,2.0038446399381895,2.6984126984126986
@OwenJonesTalks,@BenShapiro,2.004823832684385,2.7103174603174605
@SMN,@MrTariqNasheed,2.005894150617524,2.7261904761904763
@dollemore,@fightbackpodcast,2.0061663376224668,2.7301587301587302
@TheMichaelCohenShow,@XAVIAER,2.0062839549635685,2.734126984126984
@DropSiteNews,@JesseKellyDC,2.0068205549301266,2.738095238095238
@TheDonLemonShow,@MrTariqNasheed,2.0093319543204538,2.757936507936508
@PTLRadioShow,@AnthonyBrianLogan,2.0170826733141447,2.7936507936507935
@franifio,@JustPearlyThings,2.0176371953852197,2.8015873015873014
@PoliticsJOE,@XAVIAER,2.0185367880061564,2.8174603174603177
@Vaush,@bbrettcooper,2.0198113918632754,2.821428571428571
@Politicon,@BenShapiro,2.022248363899952,2.8412698412698414
@TheLincolnProject,@XAVIAER,2.023198503733145,2.845238095238095
@chriscuomo,@theisabelbrown,2.0235085091782,2.8492063492063493
@TheDonLemonShow,@RileyGaines,2.0289048912319108,2.884920634920635
@TheDonLemonShow,@AndrewKlavan,2.0301569135794835,2.892857142857143
@RebelHQ,@JesseKellyDC,2.0328890092618366,2.908730158730159
@RestPoliticsUS,@MrTariqNasheed,2.036545879366676,2.9365079365079363
@FarronBalanced,@AlexStein99,2.0406204304949007,2.9603174603174605
@SMN,@ChadPrather1,2.0453212665144056,2.984126984126984
@thomhartmann,@GrahamAllen,2.046188917024376,2.988095238095238
@TheMajorityReport,@fightbackpodcast,2.0491197153156473,3.003968253968254
@TheMichaelCohenShow,@JillianMichaels,2.05147812438851,3.01984126984127
@TheJoyReidShow,@fightbackpodcast,2.051542408393093,3.0238095238095237
@franifio,@theisabelbrown,2.0516700749833565,3.0277777777777777
@TheDonLemonShow,@MichaelKnowles,2.0531932499774506,3.0476190476190474
@TheLincolnProject,@SaltyCracker,2.054044284270553,3.0555555555555554
@DemocracyNow,@MLChristiansen,2.0565182890231375,3.0634920634920637
@DropSiteNews,@MLChristiansen,2.057035648244224,3.0714285714285716
@OwenJonesTalks,@JesseKellyDC,2.0581305888130563,3.0833333333333335
@TheJoyReidShow,@marklevinshow,2.058349964469372,3.087301587301587
@TheDonLemonShow,@XAVIAER,2.059413194662553,3.0952380952380953
@OwenJonesTalks,@fightbackpodcast,2.0605757016179553,3.115079365079365
@dollemore,@oann,2.0613147633323865,3.119047619047619
@samharrisorg,@RealDanBongino,2.0622628784746313,3.123015873015873
@samharrisorg,@MrTariqNasheed,2.063256766902564,3.134920634920635
@marclamonthillnetwork,@clayandbuck,2.065052761766784,3.1507936507936507
@BadEmpanadaLive,@TheAmalaEkpunobi,2.066145234208782,3.1587301587301586
@TheYoungTurks,@marklevinshow,2.0668873787228237,3.166666666666667
@TheMichaelCohenShow,@RealAmericasVoice,2.067215042057506,3.182539682539683
@PTLRadioShow,@clayandbuck,2.068597224342836,3.194444444444444
@DropSiteNews,@chicksonright,2.0691542931660774,3.198412698412698
@TheDonLemonShow,@GrahamAllen,2.069186363318404,3.2023809523809526
@TheDamageReport,@chicksonright,2.06932276444839,3.2063492063492065
@Xanderhal,@StevenCrowder,2.070035322921962,3.2103174603174605
@PoliticsJOE,@fightbackpodcast,2.070207122782995,3.214285714285714
@TheYoungTurks,@RealDanBongino,2.070826204779487,3.218253968253968
@therationalnational,@nypost,2.0708685844821404,3.2222222222222223
@therationalnational,@GrahamAllen,2.071340565933539,3.2301587301587302
@TheYoungTurks,@Styxhexenhammer666,2.071612850636993,3.2341269841269846
@Forthepeoplepodcast305,@winston_marshall,2.076352820441847,3.265873015873016
@OwenReport,@MichaelKnowles,2.0786665028672076,3.2857142857142856
@podsaveamerica,@SaltyCracker,2.0825860817826185,3.3055555555555554
@TheDonLemonShow,@JustPearlyThings,2.083100959402182,3.3134920634920637
@TheJoyReidShow,@nypost,2.083126089608798,3.3174603174603177
@BreakThroughNews,@HangOutwithSeanHannity,2.0836052496545174,3.325396825396825
@TheDonLemonShow,@TheAdamCarollaShow1,2.0839190693379996,3.329365079365079
@RebelHQ,@GrahamAllen,2.0852437585717003,3.3412698412698414
@marclamonthillnetwork,@MLChristiansen,2.085908075172969,3.349206349206349
@LegalEagle,@StevenCrowder,2.0878771961859597,3.3650793650793656
@podsaveamerica,@GrahamAllen,2.090830366438608,3.3849206349206353
@thedavidpakmanshow,@JustPearlyThings,2.091497404947852,3.392857142857143
@MeidasTouch,@TheOfficerTatum,2.0919516729166814,3.3968253968253967
@TheJoyReidShow,@RileyGaines,2.0931765691927495,3.4126984126984126
@Xanderhal,@HangOutwithSeanHannity,2.0938526069153585,3.4166666666666665
@NovaraMedia,@RileyGaines,2.0957514471752536,3.428571428571429
@TheMichaelCohenShow,@OfficialSaharTV,2.0984081185443886,3.456349206349206
@GlennKirschner2,@AnthonyBrianLogan,2.100071553334006,3.4642857142857144
@NYTPodcasts,@BenShapiro,2.102669893114167,3.484126984126984
@LegalEagle,@BenShapiro,2.1026914515133224,3.488095238095238
@cafedotcom,@MegynKelly,2.1034393807496974,3.5000000000000004
@RestPoliticsUS,@AndrewKlavan,2.1069772356444987,3.5238095238095237
@deanwithrs,@TimcastNews,2.108146134199234,3.5357142857142856
@BadEmpanadaLive,@GrahamAllen,2.108456118497114,3.5476190476190474
@destiny,@RealDanBongino,2.1087752169558547,3.5515873015873014
@zeteo,@JillianMichaels,2.109153373175506,3.5555555555555554
@chriscuomo,@ZubyMusic,2.1117092796240837,3.567460317460317
@judgingfreedom,@BenShapiro,2.1125500258540186,3.575396825396825
@franifio,@JesseKellyDC,2.1125648453032086,3.5793650793650795
@TheDonLemonShow,@RealDanBongino,2.1131774781112322,3.5873015873015874
@OwenReport,@nypost,2.1144365366962843,3.595238095238095
@judgingfreedom,@RileyGaines,2.114869493293694,3.6031746031746033
@LeejaMiller,@RealDanBongino,2.1179477336265764,3.6111111111111107
@Xanderhal,@RealDanBongino,2.119045804694855,3.619047619047619
https://rumble.com/c/GGreenwald,@MegynKelly,2.1222338179512477,3.6468253968253967
@marclamonthillnetwork,@nypost,2.1230029531560795,3.6587301587301586
@BreakThroughNews,@TomiLahrenIsFearless,2.123063435519317,3.6626984126984126
@judgingfreedom,@AndrewKlavan,2.1232625086594594,3.6666666666666665
@TheDonLemonShow,@theisabelbrown,2.1235807744897572,3.670634920634921
@chriscuomo,@ColemanHughesOfficial,2.125581054863489,3.6785714285714284
@samharrisorg,@BenShapiro,2.126961099228141,3.6984126984126986
@TheLincolnProject,@BenShapiro,2.1275124750928507,3.702380952380952
@LegalEagle,@RealDanBongino,2.1275964648309227,3.706349206349206
@TheSerfTimes,@chicksonright,2.1277263570408524,3.7103174603174605
@franifio,@bbrettcooper,2.130231764126921,3.734126984126984
@TheHumanistReport,@RubinReport,2.1325945298906532,3.753968253968254
@TheDonLemonShow,@JillianMichaels,2.1341048526812867,3.7619047619047623
@therationalnational,@JesseKellyDC,2.1361107881869557,3.7738095238095237
@OwenReport,@RealDanBongino,2.1378752289527663,3.7896825396825395
@DropSiteNews,@GrahamAllen,2.138076912595414,3.7936507936507935
@NovaraMedia,@RealDanBongino,2.1398151247177495,3.805555555555556
@TheLincolnProject,@ThePodcastoftheLotusEaters,2.1403962613215106,3.8134920634920633
@PTLRadioShow,@HangOutwithSeanHannity,2.1424042726734087,3.8214285714285716
@PTLRadioShow,@nypost,2.143573586450888,3.8293650793650795
@TheAtlantic,@BenShapiro,2.1461731696521844,3.8571428571428568
@thomhartmann,@CamHigby,2.1472213152667647,3.869047619047619
@TheMichaelCohenShow,@winston_marshall,2.149804752889097,3.888888888888889
@TheLincolnProject,@lizwheeler,2.15063209266306,3.9047619047619047
@EzraKleinShow,@RileyGaines,2.1508572289792625,3.916666666666667
@OwenReport,@chicksonright,2.15106316595485,3.9246031746031744
https://rumble.com/c/GGreenwald,@FreshFitMiami,2.15272707847475,3.932539682539683
@TheMajorityReport,@JustPearlyThings,2.153436771321137,3.9365079365079367
@Xanderhal,@ZubyMusic,2.154089869008298,3.9404761904761907
@EzraKleinShow,@StevenCrowder,2.157454547787083,3.9563492063492065
@GlennKirschner2,@clayandbuck,2.1592578095555903,3.9722222222222223
@TheDonLemonShow,@RubinReport,2.162025218407873,4.0
https://rumble.com/c/GGreenwald,@fightbackpodcast,2.162067181632056,4.003968253968254
@underthedesknews,@nypost,2.16534028168384,4.0396825396825395
@TheYoungTurks,@winston_marshall,2.1687270008985977,4.063492063492063
@chriscuomo,@StevenCrowder,2.169474807579335,4.067460317460317
@DropSiteNews,@AlexStein99,2.1696257486049175,4.071428571428572
@PTLRadioShow,@oann,2.172551335410813,4.087301587301587
@PTLRadioShow,@RileyGaines,2.1729260829733104,4.099206349206349
@podsaveamerica,@marklevinshow,2.173505920063989,4.115079365079366
@NYTPodcasts,@RealDanBongino,2.173935223668103,4.119047619047619
@LegalEagle,@ThePodcastoftheLotusEaters,2.1741251853578265,4.1269841269841265
@OwenReport,@fightbackpodcast,2.1744582569105875,4.130952380952381
@katiephangnews,@TheOfficerTatum,2.1745634992128884,4.134920634920635
@TheJoyReidShow,@JesseKellyDC,2.176881982527038,4.142857142857142
@Xanderhal,@MrTariqNasheed,2.1778128114611497,4.150793650793651
@podsaveamerica,@nypost,2.1780418036772016,4.154761904761905
@therationalnational,@chicksonright,2.1783081795556662,4.158730158730159
@TheDonLemonShow,@nypost,2.1788182147933024,4.170634920634921
@TheLincolnProject,@RealDanBongino,2.180004184234979,4.178571428571429
@thomhartmann,@RufoandLomez,2.180261499587089,4.186507936507936
@BadEmpanadaLive,@StevenCrowder,2.1811055096280594,4.2023809523809526
@TheSerfTimes,@fightbackpodcast,2.1815630809890423,4.2103174603174605
@TheSerfTimes,@JesseKellyDC,2.1820449264370914,4.214285714285714
@lovettorleaveitpodcast,@MyronGainesX,2.1821301467580083,4.218253968253968
@DropSiteNews,@RufoandLomez,2.1822219069883277,4.222222222222222
@therationalnational,@RealDanBongino,2.183708153318336,4.238095238095238
@DueDissidence,@RobertGouveiaEsq,2.184826389108872,4.242063492063492
@TheJoyReidShow,@GrahamAllen,2.184830383422168,4.246031746031746
@Vaush,@StevenCrowder,2.18572074309407,4.253968253968254
@TheMajorityReport,@RealDanBongino,2.1858773309396597,4.257936507936508
@SecularTalk,@TheOfficerTatum,2.1876483820701753,4.265873015873016
@RestPoliticsUS,@ColemanHughesOfficial,2.1876641869295685,4.26984126984127
@TheDonLemonShow,@AlexStein99,2.188769774119885,4.2896825396825395
@TheMichaelCohenShow,@AlexStein99,2.1890134996080133,4.301587301587301
@PTLRadioShow,@RealAmericasVoice,2.1892603530844363,4.305555555555555
@Xanderhal,@bbrettcooper,2.189980213303897,4.309523809523809
@chriscuomo,@BenShapiro,2.193432622075269,4.325396825396825
@TheMichaelCohenShow,@MrTariqNasheed,2.19600816349138,4.349206349206349
@destiny,@StevenCrowder,2.19700139013432,4.365079365079365
@OwenReport,@RileyGaines,2.1974662690882396,4.376984126984127
@EzraKleinShow,@RufoandLomez,2.1992910705980764,4.380952380952381
@TheMichaelCohenShow,@morebridgetphetasy,2.1995387831171893,4.388888888888888
@FarronBalanced,@MichaelKnowles,2.2017167079888953,4.412698412698413
@TheMichaelCohenShow,@JesseKellyDC,2.2020725762486735,4.416666666666667
@GlennKirschner2,@MLChristiansen,2.2025541124148837,4.428571428571428
@BadEmpanadaLive,@SaltyCracker,2.2031428319690933,4.440476190476191
@FarronBalanced,@Styxhexenhammer666,2.2036217427280707,4.448412698412699
@OwenJonesTalks,@GrahamAllen,2.205012865811209,4.472222222222221
@TheDonLemonShow,@lizwheeler,2.2050931296304537,4.476190476190476
https://rumble.com/c/GGreenwald,@JillianMichaels,2.2053052570348757,4.48015873015873
@underthedesknews,@clayandbuck,2.2069980925157586,4.488095238095238
@Xanderhal,@JesseKellyDC,2.2084053469925142,4.496031746031746
@SMN,@glennbeck,2.20875856992357,4.503968253968254
@TheDonLemonShow,@DarkHorsePod,2.2102172135332543,4.515873015873016
@GlennKirschner2,@oann,2.211021286543091,4.523809523809524
@underthedesknews,@lizwheeler,2.2121285679211673,4.5396825396825395
@TheMajorityReport,@RileyGaines,2.2121708970024425,4.5436507936507935
@NovaraMedia,@lizwheeler,2.2152365422649343,4.567460317460317
@TheDonLemonShow,@RufoandLomez,2.216006175146135,4.575396825396825
@thomhartmann,@JustPearlyThings,2.216119204046128,4.57936507936508
@bulwarkmedia,@clayandbuck,2.2218835273394792,4.59920634920635
@Forthepeoplepodcast305,@oann,2.2224373514006563,4.607142857142857
@RestPoliticsUS,@theisabelbrown,2.2250816849667157,4.6269841269841265
@DropSiteNews,@AnthonyBrianLogan,2.225619275272488,4.634920634920634
@Xanderhal,@JustPearlyThings,2.2257764688985358,4.642857142857143
@SMN,@AlexStein99,2.22716428142645,4.65079365079365
@podsaveamerica,@clayandbuck,2.227382394902365,4.654761904761904
@LeejaMiller,@ZubyMusic,2.22751714948522,4.658730158730159
@DropSiteNews,@RileyGaines,2.227785948583584,4.662698412698413
@podsaveamerica,@AnthonyBrianLogan,2.229949041640092,4.678571428571429
@TheDonLemonShow,@chicksonright,2.233743415051312,4.686507936507937
@SMN,@MichaelKnowles,2.237973206473931,4.734126984126984
@Vaush,@TheAmalaEkpunobi,2.238598961357539,4.738095238095238
@Forthepeoplepodcast305,@lizwheeler,2.241058462311659,4.75
@LeejaMiller,@morebridgetphetasy,2.2433658108920467,4.761904761904762
@DueDissidence,@AnthonyBrianLogan,2.244825826791373,4.777777777777778
@SMN,@StevenCrowder,2.246291860719889,4.7896825396825395
@GlennKirschner2,@lizwheeler,2.24710550078166,4.7936507936507935
@franifio,@AndrewKlavan,2.2493478437858045,4.809523809523809
@TheRealTabithaSpeaks,@morebridgetphetasy,2.2494403881864273,4.813492063492063
@SabbySabs,@ActualJusticeWarrior,2.2507449123997674,4.821428571428572
@PTLRadioShow,@OfficialSaharTV,2.251107215993366,4.829365079365079
@NovaraMedia,@MrTariqNasheed,2.2520981924039107,4.837301587301587
@TheMajorityReport,@lizwheeler,2.256453671542248,4.8690476190476195
@breakingpoints,@RobertGouveiaEsq,2.25844006575337,4.888888888888889
@nytimes,@nationalreview,2.258633165569081,4.896825396825396
@therationalnational,@AlexStein99,2.259111253998319,4.904761904761905
@podsaveamerica,@TheAdamCarollaShow1,2.2592762088330116,4.908730158730159
@LegalEagle,@TheAmalaEkpunobi,2.260280223642713,4.924603174603175
@LegalEagle,@chicksonright,2.2606226189162375,4.928571428571429
@BreakThroughNews,@RedactedNews,2.2612480261340004,4.936507936507936
@TheMichaelCohenShow,@MyronGainesX,2.261472907969055,4.944444444444445
@OwenReport,@ThePodcastoftheLotusEaters,2.261732011146236,4.9563492063492065
@podsaveamerica,@DarkHorsePod,2.2619542219880997,4.9603174603174605
@Xanderhal,@JillianMichaels,2.262058315369198,4.964285714285714
@NYTPodcasts,@JillianMichaels,2.262316798836394,4.968253968253968
@DylanBurnsLIVE,@lizwheeler,2.263035366087216,4.976190476190476
@BadEmpanadaLive,@RileyGaines,2.263066421427466,4.98015873015873
@SMN,@winston_marshall,2.2632447062456986,4.984126984126984
@destiny,@XAVIAER,2.263377452586105,4.992063492063492
@LegalAFMTN,https://rumble.com/c/nickjfuentes,2.263497343289919,4.996031746031746
@GlennKirschner2,@winston_marshall,2.264044070582377,5.0
@NovaraMedia,@StevenCrowder,2.2655801468121797,5.011904761904762
@DropSiteNews,@BenShapiro,2.266100716800048,5.027777777777778
@Vaush,@BenShapiro,2.266436079375713,5.031746031746032
@DemocracyDocket,@RileyGaines,2.2673899435975775,5.0396825396825395
@TheRealTabithaSpeaks,@RileyGaines,2.269234648931295,5.063492063492063
@judgingfreedom,@RubinReport,2.269405357106816,5.067460317460318
@FarronBalanced,@JustPearlyThings,2.2708849812390612,5.083333333333333
@Xanderhal,@glennbeck,2.270906331327654,5.087301587301588
@samharrisorg,@RufoandLomez,2.2721334021650543,5.095238095238095
@FarronBalanced,@AnthonyBrianLogan,2.2737983354890163,5.115079365079365
@NYTPodcasts,@morebridgetphetasy,2.2738157240598995,5.119047619047619
@NYTPodcasts,@lizwheeler,2.274096241102877,5.130952380952381
@FarronBalanced,@BenShapiro,2.275293055752955,5.142857142857142
@DropSiteNews,@JillianMichaels,2.275430355294662,5.146825396825397
@TheDonLemonShow,@AnthonyBrianLogan,2.277838155019272,5.162698412698412
@Xanderhal,@RubinReport,2.2814346335714815,5.198412698412699
@TheJoyReidShow,@AndrewKlavan,2.2844546029398636,5.214285714285714
@TheRealTabithaSpeaks,@clayandbuck,2.2844677747945155,5.218253968253968
@DylanBurnsLIVE,@AlexStein99,2.2859149782717645,5.234126984126984
@TheMajorityReport,@RufoandLomez,2.2864714741131613,5.246031746031746
@TheYoungTurks,@RileyGaines,2.288095204801484,5.253968253968254
@chriscuomo,@morebridgetphetasy,2.288588047891581,5.26984126984127
@TheHumanistReport,@GrahamAllen,2.2886973494699077,5.273809523809524
@rolandsmartin,@VivaFrei,2.2891620222041547,5.281746031746032
@TheMichaelCohenShow,@ZubyMusic,2.289290113462388,5.285714285714286
@franifio,@RileyGaines,2.289328638177477,5.2896825396825395
@judgingfreedom,@RealDanBongino,2.290621020828988,5.305555555555555
@Politicon,@DarkHorsePod,2.290709986537324,5.30952380952381
@FarronBalanced,@fightbackpodcast,2.2912851186894425,5.325396825396825
@TheMajorityReport,@ThePodcastoftheLotusEaters,2.297083469213392,5.392857142857143
@therationalnational,@oann,2.2977618425203725,5.40079365079365
@franifio,@MrTariqNasheed,2.2981180813783424,5.404761904761904
@LeejaMiller,@RileyGaines,2.2997945911681046,5.420634920634921
@underthedesknews,@oann,2.3002556005311536,5.428571428571429
@TheLincolnProject,@JustPearlyThings,2.3038920707569717,5.440476190476191
@TheDonLemonShow,@morebridgetphetasy,2.304043223997463,5.444444444444444
@PoliticsJOE,@MrTariqNasheed,2.305559086401323,5.4563492063492065
@rolandsmartin,@RealAmericasVoice,2.306214020640391,5.464285714285714
@Politicon,@XAVIAER,2.3065296631007906,5.468253968253968
@Politicon,@MichaelKnowles,2.306993157795416,5.48015873015873
@samharrisorg,@DarkHorsePod,2.3071819188886247,5.484126984126984
@Forthepeoplepodcast305,@RubinReport,2.3072017760628367,5.488095238095238
@TheJoyReidShow,@JillianMichaels,2.307654291827577,5.492063492063492
@thomhartmann,@RubinReport,2.3078588588750177,5.5
@NovaraMedia,@MyronGainesX,2.309075641739652,5.51984126984127
@destiny,@lizwheeler,2.3099304169694235,5.535714285714286
@DemocracyDocket,@MichaelKnowles,2.3099971852676253,5.5396825396825395
@EzraKleinShow,@AlexStein99,2.310469721955209,5.5436507936507935
@TheHumanistReport,@MarkDice,2.311274917656767,5.555555555555555
@judgingfreedom,@MyronGainesX,2.311383026567527,5.559523809523809
@GlennKirschner2,@MichaelKnowles,2.3133901122140643,5.591269841269842
@GlennKirschner2,@AlexStein99,2.31348553621222,5.595238095238096
@RebelHQ,@fightbackpodcast,2.313590353896118,5.599206349206349
@underthedesknews,@winston_marshall,2.3170079206169505,5.630952380952381
@TheDamageReport,@MyronGainesX,2.3176188332490617,5.638888888888889
@judgingfreedom,@marklevinshow,2.318980870338099,5.646825396825396
@CNN,@RebelNewsOnline,2.319701388377239,5.658730158730159
@podsaveamerica,@winston_marshall,2.320387317731115,5.666666666666666
@JackCocchiarellaShow,@AlexStein99,2.3204069649003856,5.670634920634921
@dollemore,@TheOfficerTatum,2.3204229033418184,5.674603174603175
@judgingfreedom,@clayandbuck,2.3212862643438363,5.69047619047619
@Xanderhal,@MichaelKnowles,2.3225809045822965,5.694444444444445
@DemocracyDocket,@DarkHorsePod,2.3226046511117207,5.698412698412699
@NovaraMedia,@marklevinshow,2.3243052790393928,5.722222222222222
@NYTPodcasts,@theisabelbrown,2.3248418539922184,5.726190476190476
@TheYoungTurks,@ThePodcastoftheLotusEaters,2.3256339507474095,5.734126984126984
@destiny,@chicksonright,2.3260744151471187,5.742063492063492
@judgingfreedom,@morebridgetphetasy,2.3270608636866337,5.753968253968254
@TheJoyReidShow,@AnthonyBrianLogan,2.32718591693818,5.757936507936508
@Politicon,@MrTariqNasheed,2.3287586586153335,5.773809523809524
@TheMajorityReport,@nypost,2.3291552693517645,5.781746031746032
@TheDonLemonShow,@marklevinshow,2.330530810948041,5.805555555555555
@TheMajorityReport,@StevenCrowder,2.330641870052754,5.809523809523809
@therationalnational,@ChadPrather1,2.3309092399288014,5.829365079365079
@OwenReport,@StevenCrowder,2.3309953648397994,5.833333333333333
@TheAtlantic,@StevenCrowder,2.3313294708095937,5.841269841269842
@Forthepeoplepodcast305,@BenShapiro,2.333381460280138,5.849206349206349
@katiephangnews,@BlackConservativePerspective,2.3342366563579304,5.865079365079365
@NYTPodcasts,@GrahamAllen,2.3350809652521574,5.873015873015873
@EzraKleinShow,@ColemanHughesOfficial,2.336285000512559,5.888888888888888
@zeteo,@RileyGaines,2.338442345141616,5.904761904761905
@OwenReport,@XAVIAER,2.339468480652508,5.916666666666667
https://rumble.com/c/GGreenwald,@TomiLahrenIsFearless,2.3395525471881555,5.920634920634921
@samharrisorg,@JillianMichaels,2.3407597071806787,5.936507936507937
@TheJoyReidShow,@MrTariqNasheed,2.3408759723759287,5.940476190476191
@PiscoLitty,https://rumble.com/c/nickjfuentes,2.34151052249707,5.948412698412699
@SMN,https://rumble.com/c/TheAlexJonesShowLive,2.3430731811236356,5.964285714285714
@judgingfreedom,@lizwheeler,2.3434825633157166,5.972222222222222
@PTLRadioShow,@MLChristiansen,2.344198700479963,5.984126984126984
@chriscuomo,@bbrettcooper,2.344794237498948,5.988095238095238
@rolandsmartin,@nypost,2.3484496537317683,6.027777777777778
@NovaraMedia,@ThePodcastoftheLotusEaters,2.3485591148445035,6.031746031746032
@DueDissidence,@oann,2.3492630891113335,6.0436507936507935
@adammockler,@The_Crucible,2.3497670654719895,6.0476190476190474
@EzraKleinShow,@JillianMichaels,2.354706572930728,6.071428571428571
@GlennKirschner2,@chicksonright,2.3548496724076347,6.075396825396825
@TheYoungTurks,@AnthonyBrianLogan,2.355675211838934,6.087301587301587
@GlennKirschner2,@RealDanBongino,2.356173700750608,6.095238095238095
@HasanAbi,@TimcastNews,2.3577070413981986,6.1190476190476195
@BreakThroughNews,@clayandbuck,2.3617618899797663,6.146825396825397
@DropSiteNews,@TheAdamCarollaShow1,2.363011758288145,6.162698412698413
@SMN,@RubinReport,2.3634106792142195,6.166666666666667
@BreakThroughNews,@MichaelKnowles,2.363717428342537,6.178571428571429
@NovaraMedia,@AnthonyBrianLogan,2.3638507538129367,6.182539682539683
@TheHumanistReport,@chicksonright,2.364513016350635,6.190476190476191
@podsaveamerica,@lizwheeler,2.3652892514218573,6.2023809523809526
@TheJoyReidShow,@winston_marshall,2.3658227090009083,6.2063492063492065
@BreakThroughNews,@RileyGaines,2.3662490402092224,6.218253968253968
@Forthepeoplepodcast305,@RealAmericasVoice,2.3669197421082044,6.226190476190476
@thomhartmann,@XAVIAER,2.367579616672371,6.238095238095238
@bulwarkmedia,@RubinReport,2.3680146851120996,6.246031746031746
@nytimes,@theisabelbrown,2.3683632411480033,6.253968253968253
@NovaraMedia,@RubinReport,2.369198564988142,6.261904761904762
@TheAtlantic,@RealDanBongino,2.3708178782137246,6.281746031746032
@therationalnational,@MLChristiansen,2.371832197475032,6.2857142857142865
@OwenReport,@RubinReport,2.3727863511778486,6.305555555555556
@TheJoyReidShow,@morebridgetphetasy,2.372849591774666,6.309523809523809
@RebelHQ,@RubinReport,2.373208423741596,6.321428571428571
@TheDonLemonShow,@oann,2.373474998906092,6.333333333333334
@Vaush,@morebridgetphetasy,2.374601466735908,6.357142857142857
@TheYoungTurks,@MyronGainesX,2.3753599111914347,6.361111111111111
@NYTPodcasts,@Styxhexenhammer666,2.3763250230058506,6.365079365079366
@nousnetwork,@ColemanHughesOfficial,2.3803257412828787,6.384920634920635
@podsaveamerica,@oann,2.3804228749959995,6.388888888888888
@NovaraMedia,@clayandbuck,2.3815261793059066,6.396825396825396
@TheMichaelCohenShow,@ChadPrather1,2.38203404683861,6.404761904761905
@Forthepeoplepodcast305,@clayandbuck,2.3830414810254483,6.416666666666666
@FarronBalanced,@XAVIAER,2.3832037975319036,6.420634920634921
@DylanBurnsLIVE,@BenShapiro,2.3833449186064533,6.428571428571428
@RestPoliticsUS,@JillianMichaels,2.3841416910874087,6.444444444444445
@FarronBalanced,@nypost,2.3853680593918023,6.468253968253969
@PTLRadioShow,@MrTariqNasheed,2.386298551328916,6.484126984126984
@OwenReport,@AnthonyBrianLogan,2.386894318487553,6.492063492063492
@thomhartmann,@ChadPrather1,2.387899835403446,6.5
@Politicon,@RealDanBongino,2.389823001515657,6.523809523809524
@usefulidiots,@MyronGainesX,2.3901305323509674,6.531746031746032
@bulwarkmedia,@X22Report-y5y,2.390530324395403,6.5357142857142865
@TheRealTabithaSpeaks,@RealDanBongino,2.3913411557705047,6.5436507936507935
@TheDonLemonShow,@ChadPrather1,2.391873197265749,6.547619047619048
@NovaraMedia,@winston_marshall,2.3924194271722845,6.555555555555556
@SMN,@AndrewKlavan,2.392433603675622,6.559523809523809
@DropSiteNews,@lizwheeler,2.3926807826660754,6.563492063492063
@PTLRadioShow,@CamHigby,2.394334666950708,6.579365079365079
@OwenReport,@oann,2.3945453043773006,6.583333333333333
@Forthepeoplepodcast305,@TheAdamCarollaShow1,2.397061953945815,6.615079365079366
@TheDonLemonShow,@winston_marshall,2.3974216728368463,6.619047619047619
@samharrisorg,@StevenCrowder,2.3979043887007623,6.6230158730158735
@TheAtlantic,@ThePodcastoftheLotusEaters,2.398991802955554,6.634920634920635
@judgingfreedom,@MichaelKnowles,2.399661468559173,6.642857142857143
@PTLRadioShow,@winston_marshall,2.4007027922115722,6.65079365079365
@TheJoyReidShow,@SaltyCracker,2.400865789724639,6.654761904761905
@OwenJonesTalks,@MyronGainesX,2.402295759345453,6.662698412698413
@Forthepeoplepodcast305,@RileyGaines,2.4032946138699787,6.674603174603175
@nousnetwork,@MrTariqNasheed,2.4041456883399333,6.686507936507937
@bulwarkmedia,@TomiLahrenIsFearless,2.404246996680805,6.690476190476192
@judgingfreedom,@HangOutwithSeanHannity,2.405554790031736,6.7063492063492065
@TheJoyReidShow,@StevenCrowder,2.4079960150276647,6.7182539682539675
@Politicon,@theisabelbrown,2.408760558872432,6.730158730158731
@DropSiteNews,@MyronGainesX,2.4094292671441186,6.738095238095237
@TheMichaelCohenShow,@RealDanBongino,2.4098880638727707,6.75
@destiny,@RileyGaines,2.4104307695589284,6.753968253968254
@podsaveamerica,@RubinReport,2.4125239526902886,6.765873015873016
@therationalnational,@clayandbuck,2.413384099179474,6.781746031746032
@dollemore,@nypost,2.414513031882636,6.7936507936507935
@TheDonLemonShow,@TomiLahrenIsFearless,2.414545926907223,6.797619047619048
@LeejaMiller,@JustPearlyThings,2.415327126364885,6.805555555555555
@TheMajorityReport,@HangOutwithSeanHannity,2.415437398616861,6.80952380952381
@BadEmpanadaLive,@winston_marshall,2.4155754280157486,6.817460317460318
@JackCocchiarellaShow,@XAVIAER,2.416247892218143,6.821428571428571
@TheYoungTurks,@JillianMichaels,2.417029000651019,6.837301587301588
@TheLincolnProject,@nypost,2.4174194705983756,6.845238095238096
@DueDissidence,@TheOfficerTatum,2.4186386916399507,6.857142857142858
@LeejaMiller,@JillianMichaels,2.4196238160274697,6.873015873015873
@EzraKleinShow,@morebridgetphetasy,2.419883026932425,6.8809523809523805
@FarronBalanced,@RileyGaines,2.419897600208539,6.884920634920635
@MikeFromPA,@JillianMichaels,2.4199806798864305,6.888888888888889
@PoliticsJOE,@chicksonright,2.420044572741727,6.892857142857142
@TheDonLemonShow,@StevenCrowder,2.420140487034763,6.896825396825397
@SMN,@fightbackpodcast,2.4206707443176314,6.90079365079365
@TheJoyReidShow,@ThePodcastoftheLotusEaters,2.421488361662713,6.912698412698412
@TheMichaelCohenShow,https://rumble.com/c/nickjfuentes,2.4223275709410044,6.916666666666667
@GlennKirschner2,@BenShapiro,2.422430640676542,6.92063492063492
https://rumble.com/c/GGreenwald,@MrTariqNasheed,2.4225513491277293,6.928571428571429
@TheMajorityReport,@MrTariqNasheed,2.422806754442313,6.932539682539683
@TheAtlantic,@MrTariqNasheed,2.422867934944512,6.936507936507937
@TheJoyReidShow,@ChadPrather1,2.4228957106175364,6.94047619047619
@TheMajorityReport,@clayandbuck,2.4229473791364353,6.944444444444445
@usefulidiots,@SaltyCracker,2.4232730676030187,6.948412698412698
@TheHumanistReport,@morebridgetphetasy,2.423710760212644,6.968253968253968
@lovettorleaveitpodcast,@chicksonright,2.4239377248043845,6.972222222222222
@Forthepeoplepodcast305,@HangOutwithSeanHannity,2.4249654987539335,6.988095238095237
@SMN,@TheAmalaEkpunobi,2.42629897564069,6.992063492063492
@thomhartmann,@AlexStein99,2.4275418998248934,7.003968253968254
@Politicon,@StevenCrowder,2.4280250372828704,7.007936507936508
@rolandsmartin,@lonerboxlive,2.429589574894819,7.027777777777777
@BadEmpanadaLive,@chicksonright,2.430556384412002,7.03968253968254
@therationalnational,@RileyGaines,2.430864771673163,7.0436507936507935
@chriscuomo,@RileyGaines,2.432266779959406,7.055555555555555
@HasanAbi,@JustPearlyThings,2.4334349717077304,7.063492063492063
@SMN,@ZubyMusic,2.4350526333791973,7.083333333333333
@Vaush,@TimcastNews,2.435897076400845,7.09920634920635
@TheJoyReidShow,@RufoandLomez,2.436014881038851,7.103174603174603
@TheYoungTurks,@StevenCrowder,2.436222773645193,7.111111111111111
@TheMichaelCohenShow,@LiberalHivemind,2.437116635021375,7.126984126984127
@JackCocchiarellaShow,@RileyGaines,2.4418397369586042,7.162698412698412
@nytimes,@AndrewKlavan,2.4431188737098566,7.178571428571429
@chriscuomo,@RealDanBongino,2.443530903257265,7.182539682539682
@destiny,@AnthonyBrianLogan,2.445744866196045,7.2063492063492065
@DueDissidence,@fightbackpodcast,2.4464052778399177,7.226190476190476
@therationalnational,@SaltyCracker,2.4483026742758423,7.234126984126984
@therationalnational,@Styxhexenhammer666,2.449663554368132,7.249999999999999
@Xanderhal,@winston_marshall,2.449691696391917,7.253968253968254
@TheYoungTurks,@ActualJusticeWarrior,2.4497179275614744,7.257936507936508
@NYTPodcasts,@winston_marshall,2.450970115551602,7.261904761904763
@breakingpoints,https://rumble.com/c/nickjfuentes,2.451535278520447,7.265873015873016
@PoliticsJOE,@MyronGainesX,2.451803132433533,7.269841269841269
@SMN,@clayandbuck,2.4523005103429054,7.2817460317460325
@TheDonLemonShow,@MyronGainesX,2.453143732963527,7.285714285714286
@FarronBalanced,@ActualJusticeWarrior,2.4533505791620005,7.2936507936507935
https://rumble.com/c/GGreenwald,@DarkHorsePod,2.453529047885521,7.301587301587302
@TheMichaelCohenShow,@HangOutwithSeanHannity,2.4539876998859027,7.30952380952381
@franifio,@TheAmalaEkpunobi,2.45541872078292,7.32936507936508
@TheDonLemonShow,@HangOutwithSeanHannity,2.455685211425277,7.333333333333333
@judgingfreedom,@DarkHorsePod,2.456155393120819,7.337301587301587
@jimacosta,@TomiLahrenIsFearless,2.456331172532187,7.345238095238095
@TheRealTabithaSpeaks,@Styxhexenhammer666,2.4569819313334476,7.34920634920635
@LegalEagle,@RileyGaines,2.459024207007002,7.365079365079365
@TheYoungTurks,@MrTariqNasheed,2.459168865770325,7.3690476190476195
@therationalnational,@DarkHorsePod,2.459234664028762,7.373015873015873
@destiny,@nypost,2.459498313213967,7.380952380952381
@TheMichaelCohenShow,@Styxhexenhammer666,2.4596283350249344,7.388888888888889
@cafedotcom,@RealAlexClark,2.459844813801552,7.396825396825397
@Politicon,@GrahamAllen,2.4598790779170843,7.400793650793651
@GlennKirschner2,@marklevinshow,2.460805123296368,7.408730158730159
@RestPoliticsUS,@BenShapiro,2.461858581350497,7.428571428571429
@chriscuomo,@XAVIAER,2.4637370614406207,7.452380952380952
@bulwarkmedia,@Tim_Black,2.4645143300442673,7.464285714285715
@franifio,@SaltyCracker,2.4651242786380947,7.476190476190476
@NovaraMedia,@RufoandLomez,2.4656785764058617,7.484126984126985
@SMN,@bbrettcooper,2.4666205013305014,7.488095238095238
@samharrisorg,@RileyGaines,2.467117746026511,7.5
@RestPoliticsUS,@RufoandLomez,2.467419485985056,7.503968253968255
@PoliticsGirl,@theisabelbrown,2.468699528125004,7.511904761904761
@JackCocchiarellaShow,@MichaelKnowles,2.468891586442939,7.515873015873016
@BreakThroughNews,@JillianMichaels,2.4689248237250325,7.51984126984127
https://rumble.com/c/GGreenwald,@TheAdamCarollaShow1,2.469050209719675,7.523809523809525
@podsaveamerica,@triggerpod,2.4695212868250205,7.527777777777778
@TheMichaelCohenShow,@RebelNewsOnline,2.470562929861024,7.535714285714286
https://rumble.com/c/GGreenwald,@MyronGainesX,2.471037261784724,7.543650793650794
@judgingfreedom,@ChadPrather1,2.471100067975627,7.5476190476190474
@NovaraMedia,@nypost,2.472146562808133,7.559523809523809
@PoliticsJOE,@RubinReport,2.4732002085718925,7.575396825396825
@TheLincolnProject,@StevenCrowder,2.473715972840043,7.587301587301587
@TheSerfTimes,@RealAmericasVoice,2.474539595147068,7.595238095238095
@BadEmpanadaLive,@MichaelKnowles,2.4754002060351112,7.603174603174604
@TheRealTabithaSpeaks,@glennbeck,2.4756689524692534,7.607142857142857
@NovaraMedia,@TheAdamCarollaShow1,2.4776811701564627,7.615079365079365
@EzraKleinShow,@bbrettcooper,2.4787043791685246,7.6269841269841265
@TheMichaelCohenShow,@StevenCrowder,2.4787379380994485,7.630952380952381
@nousnetwork,@nationalreview,2.479499509827502,7.634920634920634
@SMN,@DarkHorsePod,2.4805994666229476,7.642857142857143
@Politicon,@JustPearlyThings,2.480659275178387,7.646825396825396
@NovaraMedia,@HangOutwithSeanHannity,2.483559516208274,7.682539682539683
@therationalnational,@fightbackpodcast,2.483628553673048,7.690476190476191
@DropSiteNews,@TheBrianKilmeadeShow,2.483854589485931,7.694444444444444
@Forthepeoplepodcast305,@AlexStein99,2.483925442060137,7.698412698412699
@TheSerfTimes,@SaltyCracker,2.484684271549151,7.718253968253968
@NovaraMedia,@JillianMichaels,2.4854031355969637,7.722222222222222
@Xanderhal,@morebridgetphetasy,2.4880687532925903,7.761904761904762
@RebelHQ,@ActualJusticeWarrior,2.488561663745306,7.76984126984127
https://rumble.com/c/GGreenwald,@MichaelKnowles,2.4891620901623215,7.773809523809525
@Politicon,@AlexStein99,2.489814486056315,7.781746031746032
@OwenJonesTalks,@AlexStein99,2.489961372120803,7.7857142857142865
@Politicon,@Styxhexenhammer666,2.492015215194167,7.7976190476190474
@zeteo,@theisabelbrown,2.492505205124641,7.805555555555556
@therationalnational,@AnthonyBrianLogan,2.4927962024113275,7.809523809523809
@RestPoliticsUS,@ZubyMusic,2.4930059392627584,7.813492063492064
@thomhartmann,@SaltyCracker,2.4942256994602627,7.833333333333334
@JackCocchiarellaShow,@MyronGainesX,2.495417297536233,7.845238095238096
https://rumble.com/c/GGreenwald,@PragerU,2.4958115356245387,7.857142857142857
@TheMajorityReport,@winston_marshall,2.4971389279678924,7.869047619047619
@Forthepeoplepodcast305,@ZubyMusic,2.4974653908011044,7.8730158730158735
@TheMichaelCohenShow,@TheAmalaEkpunobi,2.49752697029975,7.8769841269841265
@Forthepeoplepodcast305,@JillianMichaels,2.4982332835630934,7.896825396825396
https://rumble.com/c/GGreenwald,@oann,2.4986827622355645,7.908730158730158
@OwenJonesTalks,@ZubyMusic,2.499385223542278,7.920634920634921
@RebelHQ,@AnthonyBrianLogan,2.50127459881947,7.940476190476191
@destiny,@winston_marshall,2.5041927081139685,7.992063492063492
@DemocracyDocket,@RubinReport,2.504559431692464,8.003968253968253
@judgingfreedom,@chicksonright,2.5046901800330668,8.007936507936508
@TheDonLemonShow,@ThePodcastoftheLotusEaters,2.507113775844087,8.03968253968254
@Forthepeoplepodcast305,@ChadPrather1,2.5076531883816155,8.047619047619047
@LegalEagle,@lizwheeler,2.5080424756498094,8.0515873015873
@SMN,@CamHigby,2.50843192711393,8.055555555555555
@UnHerd,@StevenCrowder,2.5089990572347958,8.063492063492063
@Xanderhal,@XAVIAER,2.509381467921505,8.071428571428571
@ajplus,@StevenCrowder,2.510345236218559,8.09126984126984
@zeteo,@MrTariqNasheed,2.512187025365209,8.11111111111111
@samharrisorg,@JustPearlyThings,2.512660201548738,8.126984126984127
@underthedesknews,@XAVIAER,2.513063844147509,8.13095238095238
@Forthepeoplepodcast305,@Styxhexenhammer666,2.515238266349042,8.15079365079365
@TheHumanistReport,@RileyGaines,2.5153224508384953,8.154761904761905
@TheRealTabithaSpeaks,@theisabelbrown,2.5164658222494642,8.170634920634921
@SMN,@TheBrianKilmeadeShow,2.5180151098943293,8.198412698412698
@Vaush,@AlexStein99,2.518280006462624,8.202380952380953
@BadEmpanadaLive,@JillianMichaels,2.5184570939930015,8.206349206349206
@TheMichaelCohenShow,@glennbeck,2.5202357419734644,8.242063492063492
@JackCocchiarellaShow,@BenShapiro,2.5205995237984253,8.246031746031745
@Forthepeoplepodcast305,@CamHigby,2.5220919359235143,8.257936507936508
@GlennKirschner2,@XAVIAER,2.522262650140423,8.261904761904763
@SMN,@GrahamAllen,2.5226159559055197,8.273809523809524
@OwenJonesTalks,@ActualJusticeWarrior,2.522702549801692,8.277777777777779
@OwenReport,@TheAdamCarollaShow1,2.5237906111972994,8.285714285714285
@usefulidiots,@RobertGouveiaEsq,2.52400474362359,8.293650793650793
@JackCocchiarellaShow,@CamHigby,2.5243458324506207,8.305555555555555
@TheJoyReidShow,@TomiLahrenIsFearless,2.525005459963432,8.317460317460318
@OwenReport,@MrTariqNasheed,2.525395004608777,8.321428571428571
@PTLRadioShow,@ChadPrather1,2.5257272585476094,8.325396825396826
@DemocracyDocket,@TomiLahrenIsFearless,2.5258874839822174,8.333333333333332
@TheYoungTurks,@nypost,2.5266292724027815,8.341269841269842
@NYTPodcasts,@ChadPrather1,2.5278758183397247,8.365079365079366
@PoliticsJOE,@MichaelKnowles,2.528162017118468,8.373015873015872
@TheMajorityReport,@DarkHorsePod,2.5286865625284136,8.376984126984127
@dollemore,@MyronGainesX,2.5289139899253947,8.38888888888889
@therationalnational,@JillianMichaels,2.5291043998193836,8.392857142857142
@TheJoyReidShow,@theisabelbrown,2.5294811440150506,8.40079365079365
@judgingfreedom,@TheAdamCarollaShow1,2.5300636375330945,8.416666666666666
@franifio,@GrahamAllen,2.5307946826543875,8.432539682539684
@BreakThroughNews,@MrTariqNasheed,2.530807055799658,8.436507936507937
@TheYoungTurks,@RubinReport,2.531164972506806,8.452380952380953
@DropSiteNews,@MrTariqNasheed,2.5312333124133084,8.456349206349206
@BadEmpanadaLive,@marklevinshow,2.5316174908282205,8.468253968253968
@judgingfreedom,@TomiLahrenIsFearless,2.531935602654359,8.480158730158731
@TheSerfTimes,@XAVIAER,2.5321704885574055,8.484126984126984
@Forthepeoplepodcast305,@MLChristiansen,2.532525934253733,8.488095238095237
@TheMajorityReport,@AnthonyBrianLogan,2.533079430632293,8.5
@ajplus,@bbrettcooper,2.5341670687152797,8.515873015873016
@NovaraMedia,@DarkHorsePod,2.5362807731025234,8.551587301587302
https://rumble.com/c/GGreenwald,@AfterPartyEmily,2.5383018694120696,8.571428571428571
@LegalEagle,@CamHigby,2.538471517911358,8.575396825396824
@DemocracyDocket,@JustPearlyThings,2.539585913713574,8.61111111111111
@EzraKleinShow,@lizwheeler,2.5398456978441706,8.623015873015873
@DylanBurnsLIVE,@SaltyCracker,2.540648940174091,8.63888888888889
@TheMajorityReport,@triggerpod,2.5413808429524214,8.654761904761905
@Vaush,@RealDanBongino,2.541805539529464,8.658730158730158
@nytimes,@MrTariqNasheed,2.54288837804556,8.670634920634921
@TheMichaelCohenShow,@MarkDice,2.543144597727338,8.674603174603176
@FarronBalanced,@RealAmericasVoice,2.5433201292804544,8.686507936507937
@DropSiteNews,@Styxhexenhammer666,2.5439671184429256,8.694444444444445
@TheRealTabithaSpeaks,@JillianMichaels,2.5440350618645073,8.698412698412698
@Vaush,@CamHigby,2.545291847802982,8.718253968253968
@TheAtlantic,@RufoandLomez,2.546290507416912,8.726190476190476
@judgingfreedom,@winston_marshall,2.5463739437959223,8.73015873015873
@podsaveamerica,@BenShapiro,2.5479672170553904,8.742063492063492
@Xanderhal,@MarkDice,2.5479815260076784,8.746031746031747
@deanwithrs,@RealAmericasVoice,2.5488555652897658,8.753968253968255
@TheMajorityReport,@oann,2.550629976723357,8.765873015873016
@Xanderhal,@fightbackpodcast,2.5517748671482616,8.781746031746032
@TheSerfTimes,@JustPearlyThings,2.5543640582055716,8.797619047619047
@TheMichaelCohenShow,@nypost,2.5547799460902594,8.805555555555555
@JackCocchiarellaShow,@RubinReport,2.5547931562322708,8.80952380952381
@destiny,@TheAmalaEkpunobi,2.5555952079225115,8.817460317460316
@breakingpoints,@RealAmericasVoice,2.5557735050416395,8.825396825396826
@DylanBurnsLIVE,@GrahamAllen,2.556897563152411,8.841269841269842
@TheHumanistReport,@RebelNewsOnline,2.5571264622932763,8.845238095238095
@TheMichaelCohenShow,@oann,2.5577593145229436,8.84920634920635
@OwenJonesTalks,@MichaelKnowles,2.558113604404809,8.853174603174603
@TheRealTabithaSpeaks,@BenShapiro,2.5592219966200878,8.857142857142856
@MeidasTouch,https://rumble.com/c/nickjfuentes,2.5606617155579516,8.876984126984128
@underthedesknews,@MichaelKnowles,2.5610397021569278,8.884920634920634
@OwenJonesTalks,@RileyGaines,2.5612087299452435,8.88888888888889
@DemocracyDocket,@oann,2.561420439289146,8.896825396825397
@underthedesknews,@Styxhexenhammer666,2.5620771597444087,8.904761904761905
@OwenJonesTalks,@JustPearlyThings,2.562922690132775,8.916666666666668
@GlennKirschner2,@JustPearlyThings,2.5634496516395284,8.932539682539682
@Xanderhal,@TomiLahrenIsFearless,2.563983880457183,8.936507936507937
@LeejaMiller,@AlexStein99,2.5649134798151816,8.948412698412698
@JackCocchiarellaShow,@fightbackpodcast,2.565024095395626,8.952380952380953
@LegalEagle,@JustPearlyThings,2.5659258344798337,8.96031746031746
@cafedotcom,@PragerU,2.5659999622937084,8.968253968253968
@ajplus,@BenShapiro,2.566173305117465,8.98015873015873
@TheMajorityReport,@marklevinshow,2.56683983943967,8.992063492063492
@DemocracyDocket,@morebridgetphetasy,2.568530086547839,9.019841269841269
@TheHumanistReport,@OfficialSaharTV,2.568973781332846,9.023809523809524
@FarronBalanced,@RubinReport,2.5690975030626113,9.027777777777777
@Vaush,@RileyGaines,2.5716314273220733,9.055555555555555
@NovaraMedia,@ZubyMusic,2.5716662416332485,9.059523809523808
@SMN,@MarkDice,2.5720935720758433,9.067460317460316
https://rumble.com/c/GGreenwald,@MLChristiansen,2.5728117730957396,9.079365079365079
@PoliticsGirl,@ThePodcastoftheLotusEaters,2.5730398877996143,9.083333333333334
@Forthepeoplepodcast305,@TomiLahrenIsFearless,2.573247345116253,9.087301587301587
@DropSiteNews,@JustPearlyThings,2.5734053143785585,9.091269841269842
@lovettorleaveitpodcast,@fightbackpodcast,2.5747901735118646,9.11111111111111
@TheJoyReidShow,https://rumble.com/c/TheAlexJonesShowLive,2.5753768555089005,9.11904761904762
https://rumble.com/c/GGreenwald,@morebridgetphetasy,2.5765320745317797,9.134920634920634
@NYTPodcasts,@JustPearlyThings,2.576682442523805,9.142857142857142
@DropSiteNews,@marklevinshow,2.5769230556166445,9.146825396825395
@TheDamageReport,@SaltyCracker,2.5777291028800504,9.166666666666666
@LegalEagle,@XAVIAER,2.577993361387626,9.170634920634921
@adammockler,@fightbackpodcast,2.578332727516136,9.178571428571429
@FarronBalanced,@RealDanBongino,2.57880990354788,9.186507936507937
@EzraKleinShow,@HangOutwithSeanHannity,2.578918273500838,9.19047619047619
@TheLincolnProject,@chicksonright,2.5790127411594925,9.194444444444445
@OwenReport,@MLChristiansen,2.580357686336718,9.214285714285714
@rolandsmartin,@HangOutwithSeanHannity,2.581015724884397,9.222222222222221
@TheRealTabithaSpeaks,@GrahamAllen,2.582173756734425,9.23015873015873
@TheJoyReidShow,@HangOutwithSeanHannity,2.5839308771396245,9.25
@LeejaMiller,@TheAmalaEkpunobi,2.5844189959203256,9.265873015873016
@dollemore,@clayandbuck,2.584573693460516,9.273809523809524
@StatusCoup,@RealAmericasVoice,2.5846074388572915,9.277777777777779
@TheMichaelCohenShow,@TomiLahrenIsFearless,2.584651457980122,9.281746031746032
@MikeFromPA,@fightbackpodcast,2.5849129297730618,9.285714285714286
@LeejaMiller,@ThePodcastoftheLotusEaters,2.585644753843122,9.297619047619047
@TheHumanistReport,@JillianMichaels,2.5858725022685256,9.313492063492063
@BreakThroughNews,@TheBrianKilmeadeShow,2.5874248014771384,9.321428571428571
@TheMichaelCohenShow,@lizwheeler,2.587873583155409,9.329365079365079
@DueDissidence,@nypost,2.588559797188934,9.337301587301587
@FarronBalanced,@MyronGainesX,2.5885877673077973,9.341269841269842
@PTLRadioShow,@FreshFitMiami,2.5889963212734,9.345238095238095
@JackCocchiarellaShow,@Styxhexenhammer666,2.5895395304694477,9.353174603174603
@usefulidiots,@JesseKellyDC,2.5914663323715983,9.396825396825397
@Politicon,@ThePodcastoftheLotusEaters,2.5917434445641065,9.400793650793652
@EzraKleinShow,@ZubyMusic,2.5919276097314876,9.404761904761905
@zeteo,@morebridgetphetasy,2.59272117041151,9.416666666666666
@thomhartmann,@fightbackpodcast,2.593376906145922,9.428571428571429
@TheYoungTurks,@RealAmericasVoice,2.596180078165753,9.452380952380953
@OwenReport,@AndrewKlavan,2.59657148210053,9.464285714285714
@TheHumanistReport,@glennbeck,2.596707426208104,9.468253968253968
@TheHumanistReport,@CamHigby,2.5969825715898684,9.480158730158731
@marclamonthillnetwork,@PragerU,2.597101988894224,9.484126984126984
@EzraKleinShow,@Styxhexenhammer666,2.597570304456689,9.492063492063492
https://rumble.com/c/GGreenwald,@nypost,2.5984597673960423,9.503968253968253
@samharrisorg,@AlexStein99,2.5989380283684187,9.511904761904761
@thomhartmann,@MichaelKnowles,2.5994240376610103,9.51984126984127
@ajplus,@MrTariqNasheed,2.600057392324029,9.535714285714286
@nousnetwork,@theisabelbrown,2.6019213083118977,9.5515873015873
@Xanderhal,@Styxhexenhammer666,2.602642253694925,9.55952380952381
@TheLincolnProject,@RufoandLomez,2.6030788916917738,9.567460317460318
@NovaraMedia,@triggerpod,2.6037361048984238,9.583333333333334
@TheLincolnProject,@oann,2.604629755718223,9.587301587301587
@podsaveamerica,@RufoandLomez,2.6048439571357527,9.59126984126984
@thomhartmann,@MattWalsh,2.6058882600929185,9.59920634920635
@LeejaMiller,@glennbeck,2.6061386288773645,9.603174603174605
@NYTPodcasts,@XAVIAER,2.6061855166597563,9.607142857142858
@Politicon,@ZubyMusic,2.6066073340621783,9.615079365079366
@OwenJonesTalks,@MrTariqNasheed,2.6069260395121456,9.623015873015873
@dollemore,https://rumble.com/c/nickjfuentes,2.608198627728572,9.626984126984127
@dollemore,@chicksonright,2.6083352531621777,9.63095238095238
@nytimes,@ColemanHughesOfficial,2.6088816662091636,9.634920634920634
@NYTPodcasts,@AnthonyBrianLogan,2.6091904017586796,9.63888888888889
@destiny,@fightbackpodcast,2.6093675076562817,9.642857142857144
@judgingfreedom,@glennbeck,2.6098730706195554,9.646825396825397
@PTLRadioShow,@JillianMichaels,2.610765461876243,9.662698412698413
@thomhartmann,@TheAmalaEkpunobi,2.6109250257292214,9.666666666666666
@BadEmpanadaLive,@CamHigby,2.611442814876944,9.682539682539684
@judgingfreedom,@ZubyMusic,2.6123970668924232,9.706349206349206
@TheJoyReidShow,@chicksonright,2.6131637997222716,9.714285714285714
@PTLRadioShow,@AlexStein99,2.613168420297422,9.718253968253968
@OwenReport,@lizwheeler,2.6138280219517207,9.726190476190476
@franifio,@lizwheeler,2.6148891441763746,9.734126984126984
@OwenReport,@DarkHorsePod,2.6160637037335626,9.742063492063492
@RestPoliticsUS,@fightbackpodcast,2.6166848288533826,9.753968253968253
@NovaraMedia,@ActualJusticeWarrior,2.616795447998441,9.761904761904763
@FarronBalanced,@clayandbuck,2.6175485143275745,9.765873015873016
@TheMichaelCohenShow,@clayandbuck,2.6181501428228544,9.777777777777779
@OwenJonesTalks,@JillianMichaels,2.6182341157066475,9.781746031746032
@SMN,@Styxhexenhammer666,2.6192545647740157,9.797619047619047
@zeteo,@RedactedNews,2.6195188012214685,9.801587301587302
@NovaraMedia,@TheAmalaEkpunobi,2.6198543743396954,9.805555555555557
@TheMichaelCohenShow,@TheAdamCarollaShow1,2.6205341555123787,9.813492063492063
@thedavidpakmanshow,@bbrettcooper,2.6211875939768943,9.817460317460318
@BadEmpanadaLive,@fightbackpodcast,2.6212242964996784,9.821428571428571
@TheLincolnProject,@winston_marshall,2.621461052289611,9.825396825396826
@thomhartmann,@Tim_Black,2.6225221384620294,9.845238095238095
@Xanderhal,@MattWalsh,2.6226987845093492,9.84920634920635
@NovaraMedia,@RealAmericasVoice,2.6228996253404997,9.857142857142858
@underthedesknews,@PragerU,2.622990327536027,9.86111111111111
@Forthepeoplepodcast305,@RufoandLomez,2.623486913301864,9.865079365079366
@podsaveamerica,@JustPearlyThings,2.624101831650493,9.869047619047619
@marclamonthillnetwork,@TomiLahrenIsFearless,2.624335225821213,9.873015873015872
@therationalnational,@BenShapiro,2.6250194167695824,9.88888888888889
@TheJoyReidShow,@RealAmericasVoice,2.625246984285505,9.892857142857144
@GlennKirschner2,@ThePodcastoftheLotusEaters,2.6252958848823047,9.896825396825397
@breakingpoints,@MichaelKnowles,2.626776957309913,9.90079365079365
@therationalnational,@TomiLahrenIsFearless,2.6271389052616287,9.904761904761905
https://rumble.com/c/GGreenwald,@AndrewKlavan,2.627979292598654,9.916666666666666
@DropSiteNews,@RubinReport,2.6284010934951993,9.924603174603174
@Forthepeoplepodcast305,@RealDanBongino,2.629505350879681,9.94047619047619
@DemocracyDocket,@nypost,2.6295962127925545,9.944444444444445
@TheYoungTurks,@clayandbuck,2.630576605549373,9.948412698412698
@DropSiteNews,@RealDanBongino,2.630902525292072,9.956349206349206
@LegalEagle,@PartOfTheProblem,2.6315344422796763,9.976190476190476
@therationalnational,@RealAmericasVoice,2.6320938406447816,9.980158730158731
@TheYoungTurks,@DarkHorsePod,2.6325472502618075,9.988095238095237
@FarronBalanced,@TheAdamCarollaShow1,2.632672898431245,9.992063492063492
@NovaraMedia,@oann,2.6340239904165323,9.996031746031745
@TheMajorityReport,@TheAdamCarollaShow1,2.6347142236868355,10.0
@RonPlacone,@clayandbuck,2.63472221063056,10.003968253968253
@TheLincolnProject,@DarkHorsePod,2.6362699060219357,10.031746031746032
@thomhartmann,@HangOutwithSeanHannity,2.6366549291646324,10.03968253968254
@NYTPodcasts,@nypost,2.6367199759766713,10.043650793650794
@DemocracyDocket,@MrTariqNasheed,2.637282204594807,10.051587301587302
@OwenJonesTalks,@RubinReport,2.639626974562273,10.075396825396824
@RebelHQ,@XAVIAER,2.6396571908646598,10.079365079365079
@DemocracyDocket,@ChadPrather1,2.641640267807639,10.083333333333332
@PTLRadioShow,@RufoandLomez,2.6421861106370303,10.09920634920635
@FarronBalanced,@StevenCrowder,2.6423198664735272,10.103174603174603
@adammockler,@JustPearlyThings,2.642419127059225,10.107142857142858
@BadEmpanadaLive,@PartOfTheProblem,2.642428855017974,10.11111111111111
@rolandsmartin,@oann,2.6428867137958347,10.115079365079364
@breakingpoints,@ActualJusticeWarrior,2.6429486187375706,10.119047619047619
@TheHumanistReport,@MyronGainesX,2.643025615931816,10.123015873015873
@chriscuomo,@nationalreview,2.6431870958302937,10.126984126984127
@OwenJonesTalks,@XAVIAER,2.643361485657751,10.130952380952381
@TheYoungTurks,@TheAmalaEkpunobi,2.6437526410473344,10.13888888888889
https://rumble.com/c/GGreenwald,@VivaFrei,2.6439174115270565,10.142857142857142
@TheHumanistReport,@XAVIAER,2.644017402652938,10.15079365079365
@msnow,@FoxNews,2.6442195138345364,10.162698412698411
@NovaraMedia,@CamHigby,2.64432305602268,10.166666666666666
@adammockler,https://rumble.com/c/nickjfuentes,2.645540157529232,10.186507936507937
@judgingfreedom,@StevenCrowder,2.6468314635054897,10.202380952380953
@Forthepeoplepodcast305,@FreshFitMiami,2.6475461479421956,10.214285714285715
@TheSerfTimes,@GrahamAllen,2.647612584662638,10.218253968253968
@ajplus,@AndrewKlavan,2.647768007514187,10.222222222222223
@EzraKleinShow,@ThePodcastoftheLotusEaters,2.6480258413658766,10.23015873015873
@Vaush,@TimcastIRL,2.648138275355154,10.238095238095237
@judgingfreedom,@FreshFitMiami,2.6482595916782947,10.242063492063492
@PTLRadioShow,@JustPearlyThings,2.648660250653735,10.246031746031745
@TheHumanistReport,@RealDanBongino,2.6488676807724554,10.25
@DropSiteNews,@triggerpod,2.649107741596843,10.257936507936508
@RestPoliticsUS,@nationalreview,2.649244438535607,10.261904761904763
@TheJoyReidShow,@RubinReport,2.6501171836616644,10.281746031746032
@underthedesknews,https://rumble.com/c/TheAlexJonesShowLive,2.652262099752271,10.305555555555555
@nytimes,@JillianMichaels,2.6523554213694993,10.30952380952381
@TheRealTabithaSpeaks,@RubinReport,2.6532025233841146,10.313492063492063
@samharrisorg,@morebridgetphetasy,2.6541305462099647,10.325396825396824
@FarronBalanced,@oann,2.6545032695629542,10.329365079365079
@underthedesknews,@fightbackpodcast,2.6550855253366894,10.337301587301587
@TheJoyReidShow,@PragerU,2.6558545218548435,10.353174603174603
@TheYoungTurks,https://rumble.com/c/nickjfuentes,2.656169076405415,10.357142857142858
@LegalAFMTN,@fightbackpodcast,2.6563910925465706,10.365079365079364
@usefulidiots,@ActualJusticeWarrior,2.6566406896531762,10.376984126984128
@Forthepeoplepodcast305,https://rumble.com/c/nickjfuentes,2.6574636822513074,10.384920634920634
@GlennKirschner2,@ChadPrather1,2.658090641389286,10.408730158730158
@bulwarkmedia,@TheAdamCarollaShow1,2.6582522011692356,10.412698412698413
@NYTPodcasts,@ZubyMusic,2.658351791004723,10.420634920634921
@HasanAbi,@LiberalHivemind,2.658847116129515,10.432539682539682
@TheLincolnProject,@marklevinshow,2.659605970617748,10.444444444444445
@Forthepeoplepodcast305,@marklevinshow,2.659877760828398,10.448412698412698
@NYTPodcasts,@MichaelKnowles,2.6599117750413397,10.452380952380953
@breakingpoints,@fightbackpodcast,2.6609822855433345,10.464285714285715
@deanwithrs,@JustPearlyThings,2.6611684315175967,10.476190476190476
@PTLRadioShow,@BenShapiro,2.6626581032884875,10.507936507936508
@zeteo,@ChadPrather1,2.66270230285686,10.515873015873016
@NYTPodcasts,@RileyGaines,2.6630051566274235,10.523809523809524
@TheJoyReidShow,@TheAdamCarollaShow1,2.66396715066919,10.531746031746032
@RebelHQ,@TheAdamCarollaShow1,2.664420019518478,10.53968253968254
@adammockler,@chicksonright,2.664495199840574,10.543650793650794
@OwenJonesTalks,@StevenCrowder,2.6653448972174085,10.551587301587302
@DemocracyDocket,@MLChristiansen,2.666163242945664,10.555555555555555
@thomhartmann,@ColemanHughesOfficial,2.66771877976471,10.571428571428571
@TheRealTabithaSpeaks,@ChadPrather1,2.6691265979837713,10.591269841269842
@DylanBurnsLIVE,@RealDanBongino,2.669640416211733,10.595238095238095
@TheYoungTurks,@ChadPrather1,2.669706748718054,10.59920634920635
@BreakThroughNews,@RufoandLomez,2.6697591500231366,10.603174603174603
@TheLincolnProject,@AnthonyBrianLogan,2.6739388050903856,10.65079365079365
@DemocracyDocket,@JillianMichaels,2.6742777285936103,10.65873015873016
@destiny,@oann,2.674749536234902,10.674603174603174
@destiny,@RealAmericasVoice,2.6750237748223267,10.678571428571429
@underthedesknews,@AnthonyBrianLogan,2.675500189803442,10.69047619047619
@therationalnational,@lonerboxlive,2.675508427501402,10.694444444444445
@nousnetwork,@XAVIAER,2.6757206111752674,10.702380952380953
@DylanBurnsLIVE,@StevenCrowder,2.676689780065534,10.722222222222221
@chriscuomo,@JillianMichaels,2.6776921756827683,10.738095238095239
@FarronBalanced,@CamHigby,2.679531360719565,10.761904761904761
@TheHumanistReport,@winston_marshall,2.6806167782324652,10.777777777777779
@samharrisorg,@MichaelKnowles,2.68079723691652,10.785714285714286
@NYTPodcasts,@AlexStein99,2.680971323981568,10.797619047619047
@Vaush,@theisabelbrown,2.6819337692497536,10.8015873015873
@NYTPodcasts,@clayandbuck,2.682520410038121,10.813492063492063
@BadEmpanadaLive,@XAVIAER,2.682697676555438,10.821428571428573
@TheDamageReport,@JesseKellyDC,2.6827065176303058,10.825396825396826
@franifio,@RufoandLomez,2.683074986692905,10.829365079365079
https://rumble.com/c/GGreenwald,@X22Report-y5y,2.6831046156956178,10.833333333333334
@Politicon,@RileyGaines,2.6832415338561195,10.837301587301587
@TheDonLemonShow,@ZubyMusic,2.683428347251279,10.841269841269842
@UnHerd,@MrTariqNasheed,2.684222274529325,10.853174603174603
@OwenJonesTalks,@CamHigby,2.6843615821902196,10.865079365079366
@Xanderhal,@RebelNewsOnline,2.6844948660697914,10.869047619047619
@Politicon,@clayandbuck,2.6853839301377818,10.873015873015873
@JackCocchiarellaShow,@OfficialSaharTV,2.6856428173077487,10.884920634920634
@JackCocchiarellaShow,@RealDanBongino,2.685920349350745,10.888888888888888
@underthedesknews,@RealDanBongino,2.687027291974975,10.912698412698413
@franifio,@morebridgetphetasy,2.6874306041056126,10.920634920634921
@NYTPodcasts,@StevenCrowder,2.6887767394061557,10.9484126984127
@EzraKleinShow,@XAVIAER,2.688833994483974,10.952380952380953
@OwenJonesTalks,@RealDanBongino,2.689490803320106,10.956349206349206
@therationalnational,@MyronGainesX,2.689906872724501,10.96031746031746
@TheYoungTurks,@ZubyMusic,2.690029676812987,10.964285714285714
@destiny,@CamHigby,2.6902485525633275,10.968253968253968
@judgingfreedom,@GrahamAllen,2.690614983238246,10.984126984126984
https://rumble.com/c/GGreenwald,@XAVIAER,2.6909493060883034,10.988095238095239
@TheSerfTimes,@MyronGainesX,2.691188998698051,10.992063492063492
@TheSerfTimes,@MichaelKnowles,2.6918160778835722,11.0
@SMN,@LiberalHivemind,2.6932551791706447,11.011904761904761
@therationalnational,@HangOutwithSeanHannity,2.693500192768656,11.015873015873016
@DemocracyDocket,@PragerU,2.693875839476145,11.023809523809524
@OwenReport,@ChadPrather1,2.6946403016891978,11.03968253968254
@thomhartmann,@chicksonright,2.6953307688434074,11.043650793650793
@rolandsmartin,@clayandbuck,2.6978114880840294,11.071428571428571
@podsaveamerica,@Styxhexenhammer666,2.69823451656532,11.079365079365079
@judgingfreedom,@AlexStein99,2.698952859049951,11.087301587301587
@OwenJonesTalks,@Styxhexenhammer666,2.6992212736668857,11.09126984126984
@MikeFromPA,@MrTariqNasheed,2.6995505544896057,11.095238095238095
@thedavidpakmanshow,@morebridgetphetasy,2.699648731854467,11.09920634920635
@adammockler,@winston_marshall,2.6999162484015287,11.103174603174605
@podsaveamerica,@AlexStein99,2.7002883716621793,11.107142857142858
@NYTPodcasts,@DarkHorsePod,2.701045530409171,11.115079365079366
@Politicon,@SaltyCracker,2.701448983177597,11.123015873015873
@SMN,@XAVIAER,2.7020647665740634,11.13095238095238
@zeteo,@glennbeck,2.7020783422056045,11.134920634920634
@OwenReport,@morebridgetphetasy,2.70216399924937,11.142857142857142
@samharrisorg,@XAVIAER,2.70292683017152,11.154761904761905
@Forthepeoplepodcast305,@MrTariqNasheed,2.703452888535101,11.162698412698413
@OwenReport,@JillianMichaels,2.703969553861365,11.170634920634921
@TheMichaelCohenShow,@bbrettcooper,2.7041085443947974,11.174603174603174
https://rumble.com/c/GGreenwald,@RileyGaines,2.7048231741064406,11.182539682539684
@DemocracyDocket,@GrahamAllen,2.7052736862367337,11.190476190476192
@SabbySabs,@lizwheeler,2.7057622957100538,11.198412698412698
@TheYoungTurks,@triggerpod,2.706670505017571,11.214285714285714
@judgingfreedom,@Styxhexenhammer666,2.7068691849900954,11.226190476190476
@TheYoungTurks,@oann,2.7076853490896324,11.238095238095239
@zeteo,@TomiLahrenIsFearless,2.708112868987336,11.253968253968253
@TheRealTabithaSpeaks,@Tim_Black,2.708390044270253,11.261904761904763
@OwenJonesTalks,@AnthonyBrianLogan,2.7087924280807676,11.273809523809524
@dollemore,@RubinReport,2.708994031222,11.281746031746032
@BreakThroughNews,@fightbackpodcast,2.709092582159494,11.28968253968254
@zeteo,@HangOutwithSeanHannity,2.7111695951190513,11.305555555555555
@nytimes,@TheBrianKilmeadeShow,2.7113316621521606,11.30952380952381
@TheAtlantic,@ColemanHughesOfficial,2.7127796766660084,11.337301587301587
@OwenReport,@winston_marshall,2.712953902723494,11.341269841269842
@PTLRadioShow,@morebridgetphetasy,2.713279021242387,11.353174603174603
@GlennKirschner2,@RileyGaines,2.7132841514877986,11.357142857142858
@podsaveamerica,@RealAmericasVoice,2.7141131898628315,11.369047619047619
@podsaveamerica,@JillianMichaels,2.71451463768305,11.373015873015873
@NYTPodcasts,@ThePodcastoftheLotusEaters,2.7146975413513945,11.38095238095238
@DemocracyNow,@nypost,2.7151136804361147,11.38888888888889
@LeejaMiller,@RufoandLomez,2.7162232718613124,11.408730158730158
@DemocracyDocket,@X22Report-y5y,2.7187024107740116,11.44047619047619
@LegalAFMTN,@TheQuartering,2.719155265142136,11.448412698412698
@TheAtlantic,@nationalreview,2.720206486787244,11.464285714285714
@Forthepeoplepodcast305,@JustPearlyThings,2.720259507032513,11.468253968253968
@TheLincolnProject,@RileyGaines,2.7205213199486815,11.472222222222223
@OwenReport,@marklevinshow,2.7206609606350214,11.480158730158731
@franifio,@PartOfTheProblem,2.721239200096439,11.488095238095237
@DemocracyDocket,@RealDanBongino,2.721966347511547,11.5
@TheYoungTurks,@CamHigby,2.722934216184481,11.515873015873016
@TheJoyReidShow,@MLChristiansen,2.72341934627171,11.527777777777779
@BadEmpanadaLive,@AnthonyBrianLogan,2.7246830346207327,11.531746031746032
@OwenReport,@RufoandLomez,2.7253242570650986,11.53968253968254
@franifio,@ZubyMusic,2.725778017911101,11.543650793650793
@OwenReport,@TheAmalaEkpunobi,2.726639851845357,11.547619047619047
@PoliticsJOE,@TheAdamCarollaShow1,2.72693820883158,11.555555555555555
@DueDissidence,@MichaelKnowles,2.727571774238473,11.567460317460318
@msnow,@NewsmaxTV,2.7288952006729366,11.579365079365079
@RebelHQ,@OfficialSaharTV,2.7290339708692732,11.583333333333332
@judgingfreedom,@JustPearlyThings,2.7292809531202944,11.59920634920635
@OwenJonesTalks,@TheAmalaEkpunobi,2.730009234968936,11.607142857142858
@Vaush,@RebelNewsOnline,2.730236853638189,11.61111111111111
@FarronBalanced,@HangOutwithSeanHannity,2.730483926149016,11.615079365079366
@TheMajorityReport,@MyronGainesX,2.7307166452642275,11.623015873015872
@OwenJonesTalks,@winston_marshall,2.7308593190469637,11.626984126984127
@DropSiteNews,@lonerboxlive,2.731353489747818,11.630952380952381
@Xanderhal,@ChadPrather1,2.7316839405646203,11.634920634920636
@Xanderhal,@RedactedNews,2.7319083714705883,11.63888888888889
@FarronBalanced,@lizwheeler,2.73199649333706,11.65079365079365
@TheDonLemonShow,@triggerpod,2.732761846812091,11.658730158730158
@JackCocchiarellaShow,@StevenCrowder,2.7336430062010777,11.678571428571429
@DropSiteNews,@ChadPrather1,2.735541299086555,11.69047619047619
@thomhartmann,@MarkDice,2.7356210006764328,11.694444444444445
@podsaveamerica,@ChadPrather1,2.7359570776134254,11.698412698412698
@TheMajorityReport,@TomiLahrenIsFearless,2.7359830516814605,11.706349206349206
@TheLincolnProject,@AndrewKlavan,2.7374689450236245,11.722222222222223
@podsaveamerica,@MLChristiansen,2.7376486810134546,11.73015873015873
@TheDonLemonShow,@RealAmericasVoice,2.7382904368685064,11.738095238095237
@OwenReport,@theisabelbrown,2.7388422442983846,11.753968253968255
@FarronBalanced,@ThePodcastoftheLotusEaters,2.7396022375797386,11.76984126984127
@Vaush,@MrTariqNasheed,2.742270283947249,11.813492063492063
@PoliticsJOE,@RufoandLomez,2.742541237182285,11.817460317460316
@FarronBalanced,@winston_marshall,2.7429492598391048,11.821428571428571
@adammockler,https://rumble.com/c/russellbrand,2.743334379176967,11.825396825396824
@TheMajorityReport,@RealAmericasVoice,2.74346167797474,11.829365079365079
@deanwithrs,@fightbackpodcast,2.743776344810822,11.837301587301589
@DemocracyDocket,@XAVIAER,2.7451706207748225,11.84920634920635
@therationalnational,@JustPearlyThings,2.7464382943862904,11.876984126984128
@TheSerfTimes,@RebelNewsOnline,2.7470063141950316,11.896825396825397
@marclamonthillnetwork,@VivaFrei,2.747297667023538,11.90079365079365
@PTLRadioShow,@ZubyMusic,2.7494355304463327,11.936507936507937
@GlennKirschner2,@fightbackpodcast,2.7500206605255073,11.944444444444445
@OwenReport,@bbrettcooper,2.7500660669086,11.948412698412698
@TheYoungTurks,@TheAdamCarollaShow1,2.7503612655903695,11.952380952380953
@destiny,https://rumble.com/c/nickjfuentes,2.7504209710425704,11.956349206349207
@JackCocchiarellaShow,@JustPearlyThings,2.750442463673334,11.96031746031746
@BreakThroughNews,@nypost,2.7510118110579613,11.968253968253968
@BreakThroughNews,@DarkHorsePod,2.751431219399238,11.976190476190476
@TheYoungTurks,@The_Crucible,2.7526039843525316,12.011904761904763
@BadEmpanadaLive,@ZubyMusic,2.752809338059308,12.015873015873016
@Forthepeoplepodcast305,@RobertGouveiaEsq,2.753295735419868,12.027777777777777
@TheRealTabithaSpeaks,@JustPearlyThings,2.754097134804958,12.03968253968254
@TheDonLemonShow,@bbrettcooper,2.7545437962440515,12.051587301587302
@DemocracyDocket,@AlexStein99,2.7549033453484997,12.063492063492063
@samharrisorg,@ThePodcastoftheLotusEaters,2.7574897083147563,12.075396825396826
@adammockler,@TheOfficerTatum,2.7597491001775944,12.091269841269842
@jimacosta,@RedactedNews,2.759973619210134,12.103174603174603
@LegalEagle,@ZubyMusic,2.760331809901517,12.107142857142856
@OwenReport,@RealAmericasVoice,2.760348526938422,12.11111111111111
@TheMichaelCohenShow,@The_Crucible,2.761197870379159,12.126984126984127
@SabbySabs,@fightbackpodcast,2.761905273148096,12.130952380952381
@therationalnational,@FreshFitMiami,2.763704219208089,12.146825396825395
@thomhartmann,@winston_marshall,2.764332641134644,12.154761904761905
@GlennKirschner2,@DarkHorsePod,2.7646541889877323,12.162698412698413
@DemocracyDocket,@BenShapiro,2.7649487641693336,12.170634920634921
@franifio,@XAVIAER,2.7660371338031116,12.182539682539682
@Politicon,@fightbackpodcast,2.766155902849387,12.186507936507937
@Politicon,@lizwheeler,2.7661783211616906,12.19047619047619
@Politicon,@JillianMichaels,2.7684001579066293,12.226190476190476
@podsaveamerica,https://rumble.com/c/nickjfuentes,2.7690467901943623,12.238095238095239
@TheSerfTimes,@MrTariqNasheed,2.769782502496945,12.242063492063492
@podsaveamerica,@RealDanBongino,2.7701682615744128,12.25
@BreakThroughNews,@Tim_Black,2.770325285625676,12.257936507936508
@LeejaMiller,@Styxhexenhammer666,2.770658396200065,12.265873015873016
@TheYoungTurks,@HangOutwithSeanHannity,2.771432264206085,12.281746031746032
@judgingfreedom,@JesseKellyDC,2.7720546303247726,12.297619047619047
@BreakThroughNews,@RubinReport,2.772314060015166,12.305555555555555
@TheRealTabithaSpeaks,@CamHigby,2.7731529268798374,12.313492063492063
@BreakThroughNews,@SaltyCracker,2.773469856389939,12.321428571428573
@TheYoungTurks,@RufoandLomez,2.7741485797105385,12.337301587301587
@deanwithrs,https://rumble.com/c/nickjfuentes,2.7746568843926895,12.353174603174603
https://rumble.com/c/GGreenwald,https://rumble.com/c/TheAlexJonesShowLive,2.7757162938234887,12.365079365079366
@PoliticsGirl,@JustPearlyThings,2.775759740434773,12.369047619047619
@RebelHQ,@CamHigby,2.7781534956023366,12.404761904761905
@Xanderhal,@The_Crucible,2.7785724141805956,12.40873015873016
@JackCocchiarellaShow,@TheAmalaEkpunobi,2.779266907435156,12.420634920634921
@DemocracyDocket,@SaltyCracker,2.780877088292774,12.44047619047619
@TheSerfTimes,@TheAdamCarollaShow1,2.781058424339813,12.452380952380953
@destiny,@PartOfTheProblem,2.78142173666512,12.46031746031746
@FarronBalanced,@TheAmalaEkpunobi,2.781506919363428,12.464285714285714
@FarronBalanced,@MLChristiansen,2.7838543242800227,12.488095238095239
@SabbySabs,@JesseKellyDC,2.7843628520936874,12.496031746031747
@SabbySabs,@RobertGouveiaEsq,2.7861021585732995,12.515873015873016
@underthedesknews,@ChadPrather1,2.786374539397207,12.519841269841269
@TheSerfTimes,@RubinReport,2.7885295195253454,12.53968253968254
@TheRealTabithaSpeaks,@MarkDice,2.7885309026996272,12.543650793650793
@NovaraMedia,@ChadPrather1,2.789356196712298,12.55952380952381
@TheDamageReport,@GrahamAllen,2.790033242793297,12.567460317460316
@podsaveamerica,@RobertGouveiaEsq,2.790472902014095,12.575396825396826
@OwenJonesTalks,@lizwheeler,2.7907623555702,12.579365079365079
@zeteo,@RealDanBongino,2.791577225562981,12.603174603174603
@TheRealTabithaSpeaks,@winston_marshall,2.7916798633515048,12.611111111111112
@TheDamageReport,@ActualJusticeWarrior,2.7919078441203524,12.615079365079366
@nytimes,@RufoandLomez,2.7920472249651214,12.619047619047619
@RebelHQ,@MichaelKnowles,2.7932258215096604,12.634920634920634
@RonPlacone,@MegynKelly,2.7937363534678203,12.642857142857142
@NYTPodcasts,@RufoandLomez,2.7952423508116375,12.666666666666668
@NovaraMedia,@TomiLahrenIsFearless,2.7953662856486705,12.670634920634921
@underthedesknews,@MichaelMaliceofficial,2.797575128018217,12.71031746031746
@BreakThroughNews,@BenShapiro,2.79773043751944,12.726190476190476
@Forthepeoplepodcast305,@The_Crucible,2.7977537288956755,12.730158730158731
@TheLincolnProject,@PartOfTheProblem,2.799294681511462,12.734126984126984
@nousnetwork,@lizwheeler,2.8001068172339547,12.75
@bulwarkmedia,@RileyGaines,2.800601181029414,12.753968253968253
@adammockler,@OfficialSaharTV,2.801493790509533,12.765873015873016
@marclamonthillnetwork,@RealAmericasVoice,2.801850961390906,12.785714285714286
@adammockler,@LiberalHivemind,2.802529542224811,12.801587301587302
@podsaveamerica,@MrTariqNasheed,2.8029932497887557,12.80952380952381
https://rumble.com/c/GGreenwald,@RufoandLomez,2.8044184560796883,12.821428571428573
@Vaush,@ZubyMusic,2.8050798962359895,12.833333333333332
@TheDonLemonShow,@MLChristiansen,2.8055756782750363,12.84920634920635
@PTLRadioShow,@RealDanBongino,2.805818710722388,12.857142857142856
@EzraKleinShow,@JustPearlyThings,2.8074018559007525,12.865079365079366
@TheMajorityReport,@RubinReport,2.808329618279569,12.876984126984127
@OwenReport,@TomiLahrenIsFearless,2.8086638534105703,12.880952380952381
@destiny,@MrTariqNasheed,2.8094979045776722,12.896825396825399
@BreakThroughNews,@RealAmericasVoice,2.8103719179098694,12.904761904761905
@ajplus,@ZubyMusic,2.8109837839615714,12.908730158730158
@JamarlThomas,@TheAdamCarollaShow1,2.811667592234538,12.928571428571429
@JackCocchiarellaShow,@HangOutwithSeanHannity,2.8117974041478386,12.932539682539682
@GlennKirschner2,@RealAmericasVoice,2.8118403842767608,12.936507936507939
@BreakThroughNews,@MLChristiansen,2.8120776135770513,12.948412698412698
@DemocracyDocket,https://rumble.com/c/TheAlexJonesShowLive,2.812136618710491,12.95238095238095
@Vaush,@ThePodcastoftheLotusEaters,2.8124762637502636,12.956349206349207
@dollemore,@JesseKellyDC,2.812498228481712,12.96031746031746
https://rumble.com/c/GGreenwald,@winston_marshall,2.813439845042944,12.980158730158731
@LegalEagle,@MichaelKnowles,2.8140142784209496,12.988095238095237
@SMN,@RedactedNews,2.814397284118878,13.003968253968253
@thedavidpakmanshow,@RealDanBongino,2.8155397089483034,13.01984126984127
@nousnetwork,@BenShapiro,2.8159428385857646,13.03174603174603
@destiny,@ZubyMusic,2.816854339102609,13.043650793650793
@PTLRadioShow,@RebelNewsOnline,2.816947805424781,13.05952380952381
@samharrisorg,@Styxhexenhammer666,2.8171304876175327,13.063492063492063
@thomhartmann,@Styxhexenhammer666,2.817693230129533,13.075396825396826
@zeteo,@winston_marshall,2.8181407844235116,13.091269841269842
@samharrisorg,@ColemanHughesOfficial,2.8183759709029497,13.095238095238097
@TheJoyReidShow,@turningpointusa,2.8197512039612245,13.115079365079366
@OwenReport,@HangOutwithSeanHannity,2.8199758550760246,13.123015873015872
@DemocracyDocket,@Styxhexenhammer666,2.820190739215528,13.126984126984127
@PTLRadioShow,@DarkHorsePod,2.820300530757531,13.130952380952381
@destiny,@The_Crucible,2.820627319517926,13.142857142857142
@usefulidiots,@winston_marshall,2.8206523348356467,13.146825396825395
@franifio,@fightbackpodcast,2.8219695071642805,13.166666666666666
@NYTPodcasts,@MrTariqNasheed,2.8220007838702768,13.170634920634921
@DemocracyDocket,@StevenCrowder,2.823686830457357,13.186507936507935
@Xanderhal,@MyronGainesX,2.8239579588262136,13.194444444444445
@thomhartmann,@RedactedNews,2.824046134921467,13.198412698412698
@nousnetwork,@fightbackpodcast,2.8243126550039395,13.20238095238095
@JackCocchiarellaShow,@AnthonyBrianLogan,2.8270838665157263,13.238095238095237
@ajplus,@RealDanBongino,2.82804852881001,13.261904761904761
@zeteo,@MarkDice,2.828329477357663,13.265873015873018
@jimacosta,@clayandbuck,2.828901256851856,13.28174603174603
@thomhartmann,@RebelNewsOnline,2.8297725289298183,13.297619047619047
https://rumble.com/c/GGreenwald,@GrahamAllen,2.8300635836075494,13.305555555555557
@underthedesknews,@GrahamAllen,2.830097632970645,13.313492063492063
@samharrisorg,@bbrettcooper,2.830568811914561,13.317460317460316
@NovaraMedia,@AndrewKlavan,2.830879033270097,13.325396825396826
@HasanAbi,@BenShapiro,2.831009936346659,13.329365079365079
@DemocracyNow,@lonerboxlive,2.8311289584288217,13.333333333333334
@SMN,@MattWalsh,2.831543803967095,13.34126984126984
@PTLRadioShow,@Styxhexenhammer666,2.831738257011409,13.345238095238097
@TheMajorityReport,@AndrewKlavan,2.832037131448444,13.34920634920635
@bulwarkmedia,@HangOutwithSeanHannity,2.832508244113283,13.361111111111112
https://rumble.com/c/GGreenwald,@RealAmericasVoice,2.8326213673566016,13.365079365079366
@RonPlacone,@MichaelMaliceofficial,2.8327317572444732,13.373015873015873
@usefulidiots,@GrahamAllen,2.8330122890287046,13.376984126984127
@DemocracyDocket,@AndrewKlavan,2.83340997570981,13.396825396825395
@TheMajorityReport,@TheAmalaEkpunobi,2.8340380882269787,13.408730158730158
@underthedesknews,@AndrewKlavan,2.8359335504770034,13.448412698412698
@franifio,@MichaelKnowles,2.8365213736559336,13.460317460317462
@BadEmpanadaLive,@MrTariqNasheed,2.8367734504267066,13.464285714285715
@Forthepeoplepodcast305,@OfficialSaharTV,2.8370643421679276,13.468253968253968
@rolandsmartin,@RubinReport,2.8379019799052854,13.484126984126984
@TheRealTabithaSpeaks,@SaltyCracker,2.8385994438291138,13.492063492063492
@zeteo,@AndrewKlavan,2.8388319004608973,13.5
@SMN,@HangOutwithSeanHannity,2.8394615188315258,13.511904761904761
@GlennKirschner2,@JillianMichaels,2.839637728307954,13.515873015873018
@FarronBalanced,@MrTariqNasheed,2.8405830855665575,13.527777777777777
@GlennKirschner2,@AndrewKlavan,2.840805916282536,13.535714285714286
@DemocracyDocket,@HangOutwithSeanHannity,2.84146767965286,13.543650793650794
@usefulidiots,@MichaelKnowles,2.8415452502507503,13.547619047619047
@Vaush,@Timcast,2.8419908216598184,13.555555555555557
@JackCocchiarellaShow,@MrTariqNasheed,2.8425097055660036,13.567460317460316
@DropSiteNews,@ZubyMusic,2.8436478224786486,13.583333333333334
@TheRealTabithaSpeaks,@AlexStein99,2.843822586047647,13.59126984126984
@rolandsmartin,@RedactedNews,2.8439304673926014,13.595238095238097
@SMN,@TomiLahrenIsFearless,2.8449170873310368,13.59920634920635
@Vaush,@JillianMichaels,2.845713286097076,13.607142857142856
@TheRealTabithaSpeaks,@nypost,2.846028215265058,13.61111111111111
@TheDonLemonShow,@ColemanHughesOfficial,2.8460549030031643,13.615079365079366
@TheDonLemonShow,@FreshFitMiami,2.8464231642637077,13.623015873015873
@rolandsmartin,@SaltyCracker,2.846827614456295,13.63888888888889
@breakingpoints,@TheOfficerTatum,2.8469938915973194,13.646825396825395
@DueDissidence,@TheAdamCarollaShow1,2.8475027154054127,13.654761904761905
@TheMajorityReport,@CamHigby,2.8484285018806372,13.662698412698413
@thomhartmann,@FreshFitMiami,2.849550185244633,13.694444444444445
https://rumble.com/c/GGreenwald,@HangOutwithSeanHannity,2.849792073251157,13.6984126984127
@OwenReport,@MyronGainesX,2.8499775849549227,13.702380952380953
@FarronBalanced,@ZubyMusic,2.85024085435892,13.710317460317462
@BadEmpanadaLive,@ActualJusticeWarrior,2.8518009128344532,13.730158730158731
@TheRealTabithaSpeaks,@MrTariqNasheed,2.8518085672461218,13.734126984126984
@underthedesknews,@MLChristiansen,2.8523583989199817,13.738095238095237
@thomhartmann,@JesseKellyDC,2.8526190268530085,13.742063492063492
@OwenReport,@ZubyMusic,2.8528357944071083,13.750000000000002
@TheAtlantic,@AlexStein99,2.8529301844430455,13.757936507936508
@underthedesknews,@JustPearlyThings,2.8530237906296896,13.761904761904761
@therationalnational,@RubinReport,2.853254524680859,13.765873015873014
@podsaveamerica,@RileyGaines,2.854376791838941,13.785714285714285
@samharrisorg,@marklevinshow,2.8544772428829157,13.789682539682541
@Politicon,@JesseKellyDC,2.8546475264677063,13.793650793650794
@NYTPodcasts,@marklevinshow,2.855345385508408,13.805555555555554
@therationalnational,@TheBrianKilmeadeShow,2.8554795487034537,13.80952380952381
@underthedesknews,@JillianMichaels,2.8558129425253633,13.821428571428571
https://rumble.com/c/GGreenwald,@chicksonright,2.8571476364529316,13.84126984126984
@judgingfreedom,@SaltyCracker,2.8572710802612358,13.84920634920635
@podsaveamerica,@ActualJusticeWarrior,2.857613687648572,13.853174603174603
@BreakThroughNews,@winston_marshall,2.8579322039333968,13.865079365079366
@samharrisorg,@ZubyMusic,2.8586782816973653,13.873015873015873
@DoubleDownNews,@DrSteveTurleyTV,2.8608038333021453,13.92063492063492
@SMN,@ThePodcastoftheLotusEaters,2.860905915981875,13.924603174603176
@Politicon,@morebridgetphetasy,2.8618666107563038,13.94047619047619
@rolandsmartin,@chicksonright,2.862404284752531,13.952380952380953
@rolandsmartin,@winston_marshall,2.862544772119866,13.960317460317459
@EzraKleinShow,@nationalreview,2.864322571540618,13.984126984126984
@TheAtlantic,@bbrettcooper,2.8646195576324316,14.000000000000002
@rolandsmartin,@MichaelKnowles,2.865327189181017,14.01984126984127
@dollemore,@MichaelKnowles,2.86581590807329,14.023809523809524
@EzraKleinShow,@MichaelKnowles,2.866341466396469,14.039682539682541
@TheMajorityReport,@ZubyMusic,2.8663757921188187,14.043650793650794
@Forthepeoplepodcast305,@morebridgetphetasy,2.8665298209083905,14.047619047619047
@Vaush,@Styxhexenhammer666,2.8666092346788044,14.0515873015873
@chriscuomo,@AlexStein99,2.867043223600102,14.055555555555554
@NYTPodcasts,@glennbeck,2.8673815920816645,14.05952380952381
@TheHumanistReport,@BlazeTV,2.867515283079913,14.063492063492063
@chriscuomo,@glennbeck,2.8680849720032646,14.071428571428571
@dollemore,@MLChristiansen,2.8691373110293004,14.087301587301587
@Forthepeoplepodcast305,@DarkHorsePod,2.8693615788671076,14.09126984126984
@DropSiteNews,@AndrewKlavan,2.8694605859827442,14.095238095238095
@adammockler,@GrahamAllen,2.8695857971389587,14.09920634920635
@rolandsmartin,@MegynKelly,2.8697580930937345,14.107142857142858
@usefulidiots,@fightbackpodcast,2.869861399302674,14.11904761904762
@TheRealTabithaSpeaks,@TheAmalaEkpunobi,2.8699756495506428,14.126984126984127
@deanwithrs,@ChadPrather1,2.8700539934204987,14.13095238095238
@usefulidiots,@nypost,2.870213941043843,14.134920634920633
@TheAtlantic,@lizwheeler,2.8707535310958874,14.142857142857142
@JamarlThomas,@TomiLahrenIsFearless,2.871276680525418,14.15079365079365
@PiscoLitty,@AnthonyBrianLogan,2.8718177265377816,14.166666666666666
@DemocracyNow,@TheBrianKilmeadeShow,2.87307844775114,14.178571428571429
@chriscuomo,@HangOutwithSeanHannity,2.873693022889759,14.19047619047619
@TheRealTabithaSpeaks,@AndrewKlavan,2.8759560004629154,14.218253968253968
@EzraKleinShow,@winston_marshall,2.876459437842871,14.222222222222221
@bulwarkmedia,@fightbackpodcast,2.876643504345878,14.226190476190476
@SMN,@lizwheeler,2.8766974163573087,14.23015873015873
@LeejaMiller,@CamHigby,2.8768747772958836,14.249999999999998
@fastpoliticspodcast,@TheAdamCarollaShow1,2.876916042569243,14.253968253968255
@adammockler,@SaltyCracker,2.8770138643763663,14.257936507936508
@thedavidpakmanshow,@FoxNews,2.877270414750584,14.265873015873016
@TheDonLemonShow,@glennbeck,2.8778989236844774,14.277777777777779
@TheRealTabithaSpeaks,@TomiLahrenIsFearless,2.878794085022822,14.293650793650794
@TheMajorityReport,@JillianMichaels,2.8789963128259966,14.305555555555555
@Politicon,@nypost,2.8791012239286586,14.30952380952381
@TheHumanistReport,@TomiLahrenIsFearless,2.8791514033096663,14.313492063492065
@DueDissidence,@winston_marshall,2.8793326149226615,14.317460317460318
@NYTPodcasts,@oann,2.8796107485210194,14.321428571428571
@OwenJonesTalks,@ThePodcastoftheLotusEaters,2.8821568499772763,14.345238095238095
@TheRealTabithaSpeaks,@DarkHorsePod,2.8837546005151307,14.376984126984127
@lovettorleaveitpodcast,@clayandbuck,2.885535421248253,14.404761904761903
@JackCocchiarellaShow,@ZubyMusic,2.886246437556368,14.40873015873016
@DropSiteNews,https://rumble.com/c/TheAlexJonesShowLive,2.8863708557361387,14.412698412698413
@TheRealTabithaSpeaks,@StevenCrowder,2.886784579152808,14.432539682539684
@destiny,@DarkHorsePod,2.8871421360135723,14.436507936507937
@LegalEagle,@bbrettcooper,2.8878275034853487,14.456349206349206
@Xanderhal,@AnthonyBrianLogan,2.888348516364559,14.464285714285715
@thomhartmann,@OfficialSaharTV,2.889092409237076,14.48015873015873
@DemocracyDocket,@fightbackpodcast,2.8894946707770006,14.488095238095239
@samharrisorg,@clayandbuck,2.889647061333218,14.492063492063492
@TheJoyReidShow,@ZubyMusic,2.8900906368686554,14.503968253968255
@DemocracyDocket,@RufoandLomez,2.890290529617432,14.511904761904763
@judgingfreedom,@bbrettcooper,2.8903483660211418,14.515873015873016
@bulwarkmedia,@MrTariqNasheed,2.890730451314453,14.519841269841269
@ponderingpolitics,https://rumble.com/c/nickjfuentes,2.890778847103703,14.523809523809526
@TheMajorityReport,@PartOfTheProblem,2.891331375866848,14.543650793650794
@MikeFromPA,@ColemanHughesOfficial,2.891763909390933,14.551587301587302
@Xanderhal,@RealAmericasVoice,2.8920511585011135,14.555555555555555
@samharrisorg,@fightbackpodcast,2.8927669673390137,14.563492063492065
@thomhartmann,@clayandbuck,2.8931744448478596,14.571428571428571
@BadEmpanadaLive,@theisabelbrown,2.89376977635434,14.579365079365077
@Vaush,@GrahamAllen,2.8939263285517116,14.587301587301587
@Politicon,@winston_marshall,2.8947015883017118,14.595238095238095
@lovettorleaveitpodcast,@SaltyCracker,2.896585676961166,14.623015873015873
@destiny,@clayandbuck,2.897119796221908,14.630952380952381
@LegalAFMTN,@AnthonyBrianLogan,2.8972940366677995,14.634920634920634
@TheLincolnProject,@clayandbuck,2.8982142103741593,14.646825396825397
https://rumble.com/c/GGreenwald,@theisabelbrown,2.899041498129929,14.666666666666666
@marclamonthillnetwork,@DarkHorsePod,2.899692115375527,14.674603174603174
@zeteo,@BenShapiro,2.900342830989463,14.69047619047619
@UnHerd,@theisabelbrown,2.9004667616219164,14.6984126984127
@destiny,@marklevinshow,2.90084936602938,14.706349206349206
@therationalnational,https://rumble.com/c/TheAlexJonesShowLive,2.90099848739228,14.71031746031746
@PoliticsJOE,@DarkHorsePod,2.9039935017083476,14.753968253968253
@StatusCoup,@lonerboxlive,2.904304792949889,14.75793650793651
@LeejaMiller,@ColemanHughesOfficial,2.9056933728285492,14.785714285714285
@TheSerfTimes,@AlexStein99,2.906871057925351,14.797619047619047
@Vaush,@LiberalHivemind,2.90691914419,14.801587301587302
@LegalEagle,@The_Crucible,2.9072783141548926,14.809523809523808
@RebelHQ,@RealAmericasVoice,2.9080730460008013,14.841269841269842
@DylanBurnsLIVE,@XAVIAER,2.908146175513668,14.845238095238095
@adammockler,@MyronGainesX,2.9104422757709747,14.869047619047619
@SabbySabs,@marklevinshow,2.9104572821913974,14.873015873015873
@RebelHQ,@The_Crucible,2.9122288062920627,14.912698412698413
@judgingfreedom,@triggerpod,2.9126798626480137,14.92857142857143
@NovaraMedia,https://rumble.com/c/nickjfuentes,2.9128261969286973,14.94047619047619
@deanwithrs,@Timcast,2.9137978427824756,14.956349206349206
@destiny,@JillianMichaels,2.9141516961167406,14.964285714285714
@rolandsmartin,@TheAdamCarollaShow1,2.9142148729639166,14.96825396825397
https://rumble.com/c/GGreenwald,@AnthonyBrianLogan,2.9142217549364435,14.972222222222223
@TheHumanistReport,@SaltyCracker,2.9144767305698576,14.98015873015873
@therationalnational,@triggerpod,2.914610898412919,14.984126984126982
@TheRealTabithaSpeaks,@X22Report-y5y,2.915499821903028,15.0
@TheAtlantic,@Styxhexenhammer666,2.915536990208811,15.003968253968253
@jimacosta,@HangOutwithSeanHannity,2.9156299397175403,15.011904761904763
@zeteo,@clayandbuck,2.9158049899836493,15.015873015873016
@JackCocchiarellaShow,@nypost,2.9162450965748055,15.019841269841269
@SMN,@SaltyCracker,2.916282062238025,15.023809523809522
@EzraKleinShow,@GrahamAllen,2.9169910904172154,15.04761904761905
@breakingpoints,@oann,2.9174012546994237,15.055555555555555
@TheMichaelCohenShow,@TimcastNews,2.917599966658202,15.059523809523808
@TheLincolnProject,@fightbackpodcast,2.9191106478404802,15.103174603174605
@podsaveamerica,@AndrewKlavan,2.9192791445157993,15.115079365079364
@TheYoungTurks,@AndrewKlavan,2.9201027335559346,15.130952380952381
@NovaraMedia,@bbrettcooper,2.9207325307781535,15.138888888888888
@underthedesknews,@BenShapiro,2.920749552767527,15.142857142857144
@NovaraMedia,@theisabelbrown,2.921828878665984,15.154761904761905
https://rumble.com/c/GGreenwald,@glennbeck,2.9224644822730275,15.162698412698413
@franifio,@JillianMichaels,2.9228452977033434,15.170634920634921
@TheHumanistReport,@MrTariqNasheed,2.9233745674078757,15.186507936507937
@zeteo,@bbrettcooper,2.923564641541932,15.194444444444443
@EzraKleinShow,@fightbackpodcast,2.9235969556115315,15.198412698412698
@TheDonLemonShow,@TheAmalaEkpunobi,2.925374245537979,15.222222222222223
@PTLRadioShow,@glennbeck,2.9262842230662653,15.234126984126984
@BadFaithPodcast,@MegynKelly,2.926550048197749,15.238095238095239
@RestPoliticsUS,@XAVIAER,2.927190592682825,15.25
@DemocracyDocket,@Tim_Black,2.9276460973987706,15.253968253968253
@samharrisorg,@lizwheeler,2.928129397565147,15.265873015873016
@BadEmpanadaLive,@The_Crucible,2.928689648783743,15.273809523809522
@OwenReport,@CamHigby,2.929599956842198,15.28968253968254
@RebelHQ,@winston_marshall,2.9296774616823464,15.293650793650793
@PTLRadioShow,@lizwheeler,2.930214998446762,15.309523809523808
@TheSerfTimes,@AnthonyBrianLogan,2.930251932091236,15.313492063492063
@JackCocchiarellaShow,@RufoandLomez,2.9308074803777107,15.321428571428571
@MeidasTouch,@MyronGainesX,2.931237489611335,15.329365079365079
@breakingpoints,@JesseKellyDC,2.9318139810559884,15.333333333333332
@NovaraMedia,@morebridgetphetasy,2.9335605843106523,15.36111111111111
@EzraKleinShow,@JesseKellyDC,2.93442449001735,15.376984126984128
@JackCocchiarellaShow,@The_Crucible,2.9348163797492823,15.380952380952381
@thedavidpakmanshow,@StevenCrowder,2.9349401672081044,15.384920634920634
@deanwithrs,@RebelNewsOnline,2.935970080754635,15.388888888888888
@TheRealTabithaSpeaks,@OfficialSaharTV,2.936528949867491,15.408730158730158
@judgingfreedom,@AfterPartyEmily,2.936616092357319,15.412698412698415
@briantylercohen,@FoxNews,2.936910026634696,15.420634920634921
@Forthepeoplepodcast305,@glennbeck,2.937345215450914,15.432539682539684
@JackCocchiarellaShow,@TheAdamCarollaShow1,2.9377015790259082,15.44047619047619
@EzraKleinShow,@glennbeck,2.9386074826238677,15.452380952380954
@PoliticsJOE,@RileyGaines,2.9397319711922463,15.464285714285714
@HasanAbi,@RebelNewsOnline,2.940177171307412,15.472222222222223
@nousnetwork,@ZubyMusic,2.940418552613089,15.476190476190476
@BadEmpanadaLive,@morebridgetphetasy,2.940901731045302,15.48015873015873
@TheMichaelCohenShow,@theisabelbrown,2.941996594200123,15.507936507936506
@DueDissidence,@chicksonright,2.9429280549081733,15.527777777777777
@BadEmpanadaLive,@ChadPrather1,2.943137328839932,15.531746031746033
@TheLincolnProject,@ZubyMusic,2.943178594673391,15.535714285714286
@PoliticsGirl,@BenShapiro,2.94356020953909,15.53968253968254
@rolandsmartin,@BlazeTV,2.943610073400843,15.543650793650793
@PoliticsJOE,@SaltyCracker,2.9438534727844936,15.54761904761905
@deanwithrs,@RubinReport,2.9439013452383165,15.551587301587302
@BadEmpanadaLive,@bbrettcooper,2.946167549295023,15.575396825396826
@thedavidpakmanshow,@MrTariqNasheed,2.9484593123537,15.619047619047619
https://rumble.com/c/GGreenwald,@RedactedNews,2.948482548830787,15.623015873015872
@FarronBalanced,@TomiLahrenIsFearless,2.9494031696517053,15.634920634920634
@Forthepeoplepodcast305,@StevenCrowder,2.949937576860067,15.642857142857142
@TheMajorityReport,@MLChristiansen,2.9504637973195336,15.654761904761905
@DemocracyNow,@oann,2.9506161090384633,15.662698412698411
@dollemore,@SaltyCracker,2.9514047975867808,15.674603174603174
@OwenJonesTalks,@RufoandLomez,2.951533227406048,15.682539682539682
@JackCocchiarellaShow,@clayandbuck,2.951984507549925,15.694444444444445
@TheJoyReidShow,@FreshFitMiami,2.9520247899018726,15.698412698412698
@DemocracyDocket,@theisabelbrown,2.9528396269950417,15.722222222222223
@therationalnational,@The_Crucible,2.9536949630768152,15.730158730158731
@destiny,@RufoandLomez,2.9540136713842466,15.742063492063494
@TheAtlantic,@ZubyMusic,2.9543236311820347,15.746031746031747
@judgingfreedom,@AnthonyBrianLogan,2.9544881889776438,15.75
@RebelHQ,@RileyGaines,2.9549145910610672,15.765873015873016
@aljazeeraenglish,@RebelNewsOnline,2.9556812406671686,15.78968253968254
@thomhartmann,@ThePodcastoftheLotusEaters,2.9559360659236593,15.797619047619046
@SMN,@nypost,2.9567582582678504,15.829365079365079
@TheDonLemonShow,@CamHigby,2.9568322185490477,15.833333333333332
https://rumble.com/c/GGreenwald,@BlazeTV,2.9570480070216787,15.837301587301585
@SMN,@RufoandLomez,2.9587610834036266,15.865079365079366
@TheMichaelCohenShow,https://rumble.com/c/russellbrand,2.959030325619545,15.873015873015872
@DropSiteNews,@StevenCrowder,2.9601650419821386,15.88888888888889
@TheSerfTimes,@lizwheeler,2.960242628750286,15.892857142857142
@OwenJonesTalks,@HangOutwithSeanHannity,2.9605591716225246,15.896825396825399
@RestPoliticsUS,@lizwheeler,2.9607062206777566,15.900793650793652
@TheDamageReport,@RubinReport,2.960925427017256,15.912698412698411
@adammockler,@RebelNewsOnline,2.961185442494315,15.916666666666668
@TheRealTabithaSpeaks,@AnthonyBrianLogan,2.9616701307822693,15.936507936507937
@chriscuomo,@CamHigby,2.961730610930073,15.940476190476192
@samharrisorg,@winston_marshall,2.9621882457400077,15.956349206349207
@TheRealTabithaSpeaks,@XAVIAER,2.962982860922071,15.96031746031746
@JackCocchiarellaShow,@winston_marshall,2.963776441796038,15.972222222222221
@TheSerfTimes,@oann,2.9638952223160557,15.980158730158731
@dollemore,@winston_marshall,2.96442076262118,15.988095238095237
@dollemore,@ChadPrather1,2.9648215799899935,15.996031746031747
@BreakThroughNews,@AlexStein99,2.965578952733325,16.01190476190476
@PoliticsJOE,@JustPearlyThings,2.9655850515497773,16.015873015873016
@MeidasTouch,@TheQuartering,2.966577171108795,16.01984126984127
@RonPlacone,@nypost,2.9669374337804864,16.023809523809522
@SMN,@marklevinshow,2.9672216509205267,16.03174603174603
@DemocracyNow,@RealAmericasVoice,2.9678395786225185,16.03968253968254
@breakingpoints,@AnthonyBrianLogan,2.967904217083437,16.043650793650794
@LegalAFMTN,@RealAmericasVoice,2.9685839873259456,16.055555555555557
@underthedesknews,@AlexStein99,2.9701662745019535,16.067460317460316
@TheLincolnProject,@MrTariqNasheed,2.970814963684121,16.07936507936508
@lovettorleaveitpodcast,@JesseKellyDC,2.9708654502281697,16.083333333333332
@MikeFromPA,@theisabelbrown,2.9709614347711217,16.087301587301585
@SecularTalk,https://rumble.com/c/TheAlexJonesShowLive,2.971326814780505,16.095238095238095
@thomhartmann,@lizwheeler,2.9714530824692633,16.1031746031746
@BreakThroughNews,@glennbeck,2.971588708183151,16.107142857142858
@deanwithrs,@JillianMichaels,2.9721186353937936,16.11904761904762
@TheMajorityReport,@bbrettcooper,2.9740586920437577,16.166666666666664
@DemocracyDocket,@MegynKelly,2.9741984807758697,16.17063492063492
@zeteo,@ZubyMusic,2.9745561897906296,16.18253968253968
@DemocracyNow,@VivaFrei,2.9745567814118443,16.186507936507937
@TheSerfTimes,https://rumble.com/c/nickjfuentes,2.974675742342941,16.19047619047619
@JackCocchiarellaShow,@ActualJusticeWarrior,2.97597902810613,16.210317460317462
@DemocracyDocket,@bbrettcooper,2.9759864579291913,16.214285714285715
@TheYoungTurks,@RobertGouveiaEsq,2.9760079652054494,16.22222222222222
@OwenJonesTalks,@glennbeck,2.9760427792008373,16.23015873015873
@TheHumanistReport,@MLChristiansen,2.9761184166865453,16.234126984126984
@DueDissidence,@lizwheeler,2.9761314456156867,16.238095238095237
@BadEmpanadaLive,@nypost,2.977281179701707,16.253968253968253
@TheRealTabithaSpeaks,@bbrettcooper,2.9772944576885885,16.257936507936506
@GlennKirschner2,@RubinReport,2.9773842060194764,16.26190476190476
@adammockler,@CamHigby,2.979389923918705,16.28174603174603
@destiny,@bbrettcooper,2.9795162128330106,16.28571428571429
@usefulidiots,@triggerpod,2.9797669433815694,16.293650793650794
@TheYoungTurks,@theisabelbrown,2.9799390617415598,16.297619047619047
@BreakThroughNews,@JustPearlyThings,2.980226493356918,16.305555555555557
@DemocracyNow,@MegynKelly,2.980353175594252,16.317460317460316
@podsaveamerica,https://rumble.com/c/TheAlexJonesShowLive,2.9806769481845232,16.325396825396826
@TheHumanistReport,@clayandbuck,2.9809105514009424,16.32936507936508
@BreakThroughNews,@ZubyMusic,2.9816741482917006,16.349206349206348
@thegrayzone7996,@RebelNewsOnline,2.98186837598724,16.357142857142858
@samharrisorg,https://rumble.com/c/TheAlexJonesShowLive,2.982730757214361,16.373015873015873
@TheMichaelCohenShow,@TheOfficerTatum,2.983189919543431,16.380952380952383
@StatusCoup,https://rumble.com/c/TheAlexJonesShowLive,2.983529595123337,16.384920634920636
@lovettorleaveitpodcast,@triggerpod,2.983742051497404,16.392857142857142
@LegalAFMTN,@DrSteveTurleyTV,2.9842467314760714,16.42063492063492
@DueDissidence,@MyronGainesX,2.984307835381103,16.424603174603174
@marclamonthillnetwork,@AnthonyBrianLogan,2.984536373852549,16.432539682539684
@underthedesknews,@JesseKellyDC,2.985328308391272,16.4484126984127
@Xanderhal,@theisabelbrown,2.985447743263107,16.456349206349206
@podsaveamerica,@TomiLahrenIsFearless,2.9860890967465314,16.47222222222222
@katiephangnews,@TheQuartering,2.98673399771416,16.488095238095237
@SecularTalk,@TimcastNews,2.9870721613347895,16.49206349206349
@samharrisorg,@glennbeck,2.9871429956095397,16.5
@BadEmpanadaLive,@HangOutwithSeanHannity,2.9883713288014966,16.52777777777778
@franifio,@clayandbuck,2.9884565792028135,16.53174603174603
@jimacosta,@RileyGaines,2.9886161489506775,16.543650793650794
@NYTPodcasts,@FreshFitMiami,2.9886462008849586,16.547619047619047
@ajplus,@JillianMichaels,2.9893687610578077,16.563492063492063
@TheJoyReidShow,@MyronGainesX,2.9895297461838433,16.57142857142857
@deanwithrs,@chicksonright,2.989534666304486,16.575396825396826
@thomhartmann,@TomiLahrenIsFearless,2.9899952345728247,16.57936507936508
@therationalnational,@MrTariqNasheed,2.9906115734550687,16.595238095238095
@lovettorleaveitpodcast,@AnthonyBrianLogan,2.990907039885221,16.599206349206348
@Politicon,@PragerU,2.991301633420885,16.615079365079367
@DueDissidence,@JesseKellyDC,2.9926516069747735,16.63888888888889
@SMN,@AnthonyBrianLogan,2.992656261422975,16.642857142857142
@destiny,@HangOutwithSeanHannity,2.9929048918154444,16.650793650793652
@DylanBurnsLIVE,@JustPearlyThings,2.9935046640560965,16.66269841269841
@Xanderhal,@LiberalHivemind,2.9940347597283896,16.674603174603174
@judgingfreedom,@CamHigby,2.994466705620208,16.686507936507937
@TheMichaelCohenShow,@RufoandLomez,2.994664380749344,16.694444444444446
@podsaveamerica,@FreshFitMiami,2.994756365189415,16.702380952380953
@TheYoungTurks,https://rumble.com/c/TheAlexJonesShowLive,2.9948954287308918,16.706349206349206
@GlennKirschner2,@MyronGainesX,2.9952249416403176,16.714285714285715
@BadEmpanadaLive,@RealAmericasVoice,2.995768591404659,16.726190476190474
@SMN,@RealAmericasVoice,2.996344983931788,16.738095238095237
@TheYoungTurks,@morebridgetphetasy,2.997661796722567,16.761904761904763
@zeteo,@Tim_Black,2.998249134378018,16.769841269841272
@SabbySabs,@TheOfficerTatum,2.998806944696125,16.77777777777778
@samharrisorg,@ChadPrather1,2.9993148493666384,16.793650793650794
@TheSerfTimes,@BenShapiro,2.9994849714260616,16.805555555555557
@PoliticsJOE,@JesseKellyDC,3.0011533377508135,16.837301587301585
@NovaraMedia,@MLChristiansen,3.0020635426711983,16.853174603174605
@UnHerd,@RealDanBongino,3.002082489132386,16.857142857142858
@marclamonthillnetwork,@fightbackpodcast,3.00211930722731,16.86111111111111
@DropSiteNews,@BlazeTV,3.0023845066510364,16.865079365079367
@thedavidpakmanshow,@LiberalHivemind,3.0027984363783093,16.876984126984127
@podsaveamerica,@HangOutwithSeanHannity,3.0030213909844705,16.88095238095238
@TheRealTabithaSpeaks,@fightbackpodcast,3.003131824530047,16.88888888888889
@MikeFromPA,@winston_marshall,3.0034250589204485,16.892857142857142
@destiny,@AndrewKlavan,3.003680200485076,16.896825396825395
@TheSerfTimes,@ActualJusticeWarrior,3.003950294810038,16.904761904761905
@FarronBalanced,@JillianMichaels,3.004182486846182,16.92063492063492
@usefulidiots,@AnthonyBrianLogan,3.0049666755618256,16.936507936507937
@GlennKirschner2,@StevenCrowder,3.0052826705917,16.944444444444446
@EzraKleinShow,@TheBrianKilmeadeShow,3.005360897371078,16.952380952380953
@breakingpoints,@nypost,3.0057159274390624,16.964285714285715
@jimacosta,@X22Report-y5y,3.006390458856495,16.96825396825397
@adammockler,@AnthonyBrianLogan,3.0079368770890165,16.988095238095237
@BreakThroughNews,@oann,3.0088250780545622,17.011904761904763
@SMN,@RebelNewsOnline,3.0095719958237273,17.02777777777778
@PTLRadioShow,@MarkDice,3.010097158987642,17.03174603174603
@OwenReport,@triggerpod,3.0102095886262585,17.035714285714285
@zeteo,@MichaelKnowles,3.0115744198240813,17.05952380952381
@bulwarkmedia,@SaltyCracker,3.011819817207799,17.063492063492063
@TheMichaelCohenShow,@MLChristiansen,3.0121161206383116,17.067460317460316
@TheJoyReidShow,@TheAmalaEkpunobi,3.012256033128462,17.075396825396822
@therationalnational,@TheAdamCarollaShow1,3.013476990934443,17.08730158730159
@cafedotcom,@AfterPartyEmily,3.013621472544585,17.091269841269842
@RebelHQ,@RobertGouveiaEsq,3.0137687519703955,17.095238095238095
@PoliticsGirl,@RealDanBongino,3.014235296644936,17.107142857142858
@GlennKirschner2,@TheAdamCarollaShow1,3.014529321874915,17.11904761904762
@Politicon,@bbrettcooper,3.014548921426598,17.123015873015873
@chriscuomo,@lizwheeler,3.01457996955215,17.126984126984127
@TheJoyReidShow,@CamHigby,3.015057753474684,17.134920634920636
@PoliticsJOE,@clayandbuck,3.015096587883539,17.13888888888889
@HasanAbi,@dineshdsouza,3.015143086259655,17.142857142857142
@TheDamageReport,@fightbackpodcast,3.016337486851165,17.16269841269841
@adammockler,@XAVIAER,3.016616466811614,17.166666666666668
@PoliticsJOE,@GrahamAllen,3.017473926001343,17.174603174603178
@DropSiteNews,https://rumble.com/c/nickjfuentes,3.017739657099451,17.17857142857143
@LeejaMiller,@MattWalsh,3.0177409666858783,17.182539682539684
@MikeFromPA,@morebridgetphetasy,3.0178679027776387,17.186507936507937
@Vox,@nationalreview,3.0178902838052237,17.194444444444446
@OwenJonesTalks,@TheAdamCarollaShow1,3.018058242160409,17.1984126984127
@underthedesknews,@turningpointusa,3.0184427429588823,17.202380952380953
@LegalAFMTN,@TimcastNews,3.018769314371444,17.21825396825397
@deanwithrs,https://rumble.com/c/TheAlexJonesShowLive,3.018846708230619,17.226190476190474
@rolandsmartin,@MyronGainesX,3.0191443236919437,17.238095238095237
@HasanAbi,@AlexStein99,3.0199178674036284,17.246031746031747
@Forthepeoplepodcast305,@AndrewKlavan,3.0205817885109347,17.261904761904763
@thedavidpakmanshow,@ChadPrather1,3.021841596087217,17.273809523809526
@RonPlacone,@PragerU,3.0233050300294684,17.293650793650794
@RonPlacone,@turningpointusa,3.0233160094920484,17.297619047619047
@therationalnational,@morebridgetphetasy,3.0235007428486935,17.3015873015873
@TheJoyReidShow,@bbrettcooper,3.023980082842546,17.317460317460316
@zeteo,@JustPearlyThings,3.0240094561895883,17.32936507936508
@EzraKleinShow,@TheAmalaEkpunobi,3.0247803422143957,17.36904761904762
@TheMichaelCohenShow,@DarkHorsePod,3.0265849787600216,17.392857142857142
@RestPoliticsUS,@morebridgetphetasy,3.027183829115864,17.40079365079365
@dollemore,@TheQuartering,3.0275252429850608,17.416666666666668
@lovettorleaveitpodcast,@nypost,3.029352326560852,17.432539682539684
@TheMajorityReport,@ActualJusticeWarrior,3.029434108871168,17.436507936507937
@FarronBalanced,@ChadPrather1,3.0297419014151994,17.44047619047619
@LegalAFMTN,@MyronGainesX,3.0316570687094773,17.476190476190474
@TheMichaelCohenShow,@FreshFitMiami,3.0320500523897183,17.484126984126984
@Forthepeoplepodcast305,@MarkDice,3.0326907350521353,17.496031746031747
@TheMajorityReport,@theisabelbrown,3.0327359380022445,17.5
@zeteo,@AlexStein99,3.032820575411191,17.503968253968257
@ajplus,@RileyGaines,3.033243021006239,17.50793650793651
@DropSiteNews,@MegynKelly,3.0339615552095265,17.51984126984127
@adammockler,@BenShapiro,3.0340617801080096,17.523809523809526
@PTLRadioShow,@StevenCrowder,3.0340641398388044,17.52777777777778
@TheRealTabithaSpeaks,@MichaelKnowles,3.034232950463131,17.535714285714285
@SMN,@Tim_Black,3.034283268863286,17.539682539682538
@RebelHQ,@BenShapiro,3.034334727509628,17.543650793650794
@HasanAbi,@TheQuartering,3.035049333720862,17.575396825396826
@ajplus,@nationalreview,3.0359179748496308,17.58730158730159
@marclamonthillnetwork,@MyronGainesX,3.035991513288474,17.591269841269842
@underthedesknews,@MegynKelly,3.0366848130769792,17.603174603174605
@underthedesknews,@FreshFitMiami,3.0372727072212444,17.615079365079364
@chriscuomo,@GrahamAllen,3.037308765152038,17.61904761904762
@SabbySabs,@TheQuartering,3.0373092181375805,17.623015873015873
@SMN,@JesseKellyDC,3.038292591785888,17.642857142857142
@DropSiteNews,@PragerU,3.038490111247867,17.650793650793652
@RebelHQ,@nypost,3.0390956061019847,17.662698412698415
@usefulidiots,@HangOutwithSeanHannity,3.039293724201366,17.666666666666668
https://rumble.com/c/GGreenwald,@JustPearlyThings,3.0394931891612234,17.674603174603174
https://rumble.com/c/GGreenwald,@SaltyCracker,3.0407298860225365,17.6984126984127
@SkyNews,@FoxNews,3.041566885986343,17.71031746031746
@NYTPodcasts,@TheBrianKilmeadeShow,3.0415686261372534,17.71428571428571
@NYTPodcasts,@JesseKellyDC,3.0420733355386202,17.730158730158728
@franifio,@marklevinshow,3.042390890317589,17.734126984126984
@DropSiteNews,@CamHigby,3.043401727671738,17.765873015873016
@Politicon,@oann,3.044977760930388,17.80952380952381
@thomhartmann,@MyronGainesX,3.045390438244397,17.817460317460316
@NYTPodcasts,@SaltyCracker,3.045580279411498,17.825396825396826
@dollemore,@GrahamAllen,3.04604609065842,17.82936507936508
@GlennKirschner2,@TomiLahrenIsFearless,3.046259086775374,17.83730158730159
@NovaraMedia,@The_Crucible,3.046465641382137,17.845238095238095
@dollemore,@JustPearlyThings,3.047173461221668,17.853174603174605
@GlennKirschner2,@morebridgetphetasy,3.047248532023777,17.857142857142858
@adammockler,@JesseKellyDC,3.047489051091828,17.865079365079364
@bulwarkmedia,@MichaelKnowles,3.048388714346783,17.876984126984127
@RestPoliticsUS,@glennbeck,3.0484049490614487,17.88095238095238
@Vaush,@JesseKellyDC,3.0488632126341266,17.884920634920633
@TheYoungTurks,@TomiLahrenIsFearless,3.0500901052619125,17.900793650793652
@DylanBurnsLIVE,@marklevinshow,3.0506970545689396,17.92063492063492
@thomhartmann,@AnthonyBrianLogan,3.0516769257486387,17.936507936507937
@zeteo,@RubinReport,3.052289535189745,17.9484126984127
@HasanAbi,@StevenCrowder,3.0537382952534147,17.96428571428571
@TheHumanistReport,@MattWalsh,3.053904737489811,17.976190476190474
@TheMichaelCohenShow,@Tim_Black,3.0544259589505343,17.996031746031747
@usefulidiots,@XAVIAER,3.0547521637729895,18.003968253968253
@therationalnational,@CamHigby,3.0548292820515894,18.00793650793651
@LegalEagle,@AnthonyBrianLogan,3.0551123305754833,18.011904761904763
@LegalEagle,@marklevinshow,3.055456382785237,18.015873015873016
@SkyNews,@morebridgetphetasy,3.0555096755122664,18.01984126984127
@SecularTalk,@RealAmericasVoice,3.056052626530683,18.023809523809522
@EzraKleinShow,@marklevinshow,3.056860150269843,18.04365079365079
@LeejaMiller,@GrahamAllen,3.057369097011512,18.0515873015873
https://rumble.com/c/GGreenwald,@Tim_Black,3.057615633886683,18.05952380952381
@TheLincolnProject,https://rumble.com/c/nickjfuentes,3.0578906652697646,18.063492063492063
@EzraKleinShow,@TomiLahrenIsFearless,3.0579736071189227,18.06746031746032
@thedavidpakmanshow,@TimcastNews,3.0581545523845017,18.07936507936508
@EzraKleinShow,@clayandbuck,3.0584669384906964,18.08730158730159
@RestPoliticsUS,@RealDanBongino,3.0587188593944172,18.095238095238095
@NYTPodcasts,@MarkDice,3.059097935983293,18.099206349206348
@fastpoliticspodcast,@ColemanHughesOfficial,3.0598154297794005,18.115079365079364
@usefulidiots,@TheAdamCarollaShow1,3.0603689100872713,18.134920634920633
@destiny,@morebridgetphetasy,3.0606485908299224,18.13888888888889
@RonPlacone,@TheAdamCarollaShow1,3.0621115230865192,18.166666666666668
@RebelHQ,@AlexStein99,3.0633501004699344,18.178571428571427
@HasanAbi,@Timcast,3.0636681128573637,18.186507936507937
@bulwarkmedia,@MegynKelly,3.065425948255213,18.206349206349206
@TheAtlantic,@JustPearlyThings,3.065893825036419,18.21825396825397
@StatusCoup,@winston_marshall,3.06606271328901,18.226190476190478
@LegalEagle,@MrTariqNasheed,3.066362074908925,18.234126984126984
@deanwithrs,@LiberalHivemind,3.0668598719118196,18.242063492063494
@JackCocchiarellaShow,@TomiLahrenIsFearless,3.067275991830825,18.25
@TheAtlantic,@RileyGaines,3.0673611628994357,18.253968253968253
@TheDonLemonShow,@turningpointusa,3.0676615638967086,18.265873015873016
@RebelHQ,@ChadPrather1,3.068109705567186,18.27777777777778
@PoliticsJOE,@HangOutwithSeanHannity,3.068135048632205,18.28174603174603
@destiny,@RebelNewsOnline,3.068558210294836,18.285714285714285
@TheMichaelCohenShow,@RedactedNews,3.0691893074087195,18.3015873015873
@adammockler,@AlexStein99,3.069205981316689,18.305555555555557
@NYTPodcasts,@fightbackpodcast,3.0696963831777118,18.313492063492063
@TheMajorityReport,@morebridgetphetasy,3.069718472562609,18.31746031746032
https://rumble.com/c/GGreenwald,@TheBrianKilmeadeShow,3.0700377321759187,18.325396825396826
@TheHumanistReport,@LiberalHivemind,3.0702156015168756,18.32936507936508
@RestPoliticsUS,@StevenCrowder,3.070409647295066,18.333333333333332
@Xanderhal,@clayandbuck,3.070532284246188,18.341269841269842
@therationalnational,@RufoandLomez,3.0710102628754887,18.345238095238095
@RonPlacone,@oann,3.0710163851265824,18.349206349206348
@TheYoungTurks,@MLChristiansen,3.0711634323405215,18.3531746031746
@TheJoyReidShow,@TheBrianKilmeadeShow,3.0719273079849736,18.392857142857146
@DueDissidence,@TheQuartering,3.0720849336120315,18.3968253968254
@MikeFromPA,@RileyGaines,3.072329111479846,18.408730158730158
@EzraKleinShow,@ChadPrather1,3.073165231343539,18.42063492063492
@thedavidpakmanshow,@TheAmalaEkpunobi,3.0736012022075294,18.428571428571427
@HasanAbi,@MrTariqNasheed,3.073901837554492,18.436507936507937
@DylanBurnsLIVE,@AnthonyBrianLogan,3.0742341889073814,18.44047619047619
@thedavidpakmanshow,@theisabelbrown,3.0742670322147485,18.444444444444443
https://rumble.com/c/GGreenwald,@ZubyMusic,3.074885769539835,18.456349206349206
@adammockler,@MichaelKnowles,3.0750145385761405,18.46825396825397
@RebelHQ,@JustPearlyThings,3.0755656337938877,18.476190476190478
@lovettorleaveitpodcast,@TomiLahrenIsFearless,3.0761147772669095,18.492063492063494
@BreakThroughNews,@GrahamAllen,3.0763523709920624,18.5
@TheLincolnProject,@newdiscourses,3.0763918278717854,18.503968253968253
@OwenJonesTalks,@marklevinshow,3.0770082732698283,18.52777777777778
@adammockler,@RubinReport,3.0774425299965222,18.535714285714285
@OwenJonesTalks,@theisabelbrown,3.078235828757789,18.543650793650794
@MikeFromPA,@ChadPrather1,3.07877271817409,18.555555555555557
@FarronBalanced,@bbrettcooper,3.0788001369522355,18.55952380952381
@TheYoungTurks,@PartOfTheProblem,3.0788754954272988,18.563492063492063
@chriscuomo,@JustPearlyThings,3.0806476171472097,18.599206349206348
@UnHerd,@TheAmalaEkpunobi,3.0809872900546122,18.607142857142858
@TheLincolnProject,@RealAmericasVoice,3.08204250524105,18.63095238095238
@TheHumanistReport,@MichaelKnowles,3.083568504878477,18.654761904761905
@deanwithrs,@AnthonyBrianLogan,3.0844796295615784,18.67063492063492
@DemocracyDocket,@ZubyMusic,3.084582416527334,18.674603174603174
@JamarlThomas,@HangOutwithSeanHannity,3.084636111919618,18.678571428571427
@DylanBurnsLIVE,@chicksonright,3.084673441032762,18.682539682539684
@Xanderhal,@Tim_Black,3.085022790158802,18.686507936507937
@DemocracyNow,@TomiLahrenIsFearless,3.085078795394265,18.69047619047619
@deanwithrs,@winston_marshall,3.0860299532038273,18.706349206349206
@fastpoliticspodcast,@fightbackpodcast,3.086326144410247,18.710317460317462
@TheMichaelCohenShow,@AndrewKlavan,3.0865617387890305,18.71825396825397
@breakingpoints,@chicksonright,3.0866175480733795,18.722222222222225
@ajplus,@glennbeck,3.0866914379376955,18.726190476190478
@usefulidiots,@RealAmericasVoice,3.087094681996213,18.734126984126984
@underthedesknews,@TheAdamCarollaShow1,3.0873993129195507,18.746031746031747
@Politicon,@AnthonyBrianLogan,3.0880055936826114,18.75
@PTLRadioShow,@RedactedNews,3.0883435909870265,18.753968253968253
@PoliticsJOE,@TomiLahrenIsFearless,3.088705430639906,18.761904761904763
@TheSerfTimes,@winston_marshall,3.0888274346209688,18.765873015873016
@GlennKirschner2,@RufoandLomez,3.089190170221449,18.777777777777775
@OwenJonesTalks,@OfficialSaharTV,3.089221602019964,18.785714285714285
@StatusCoup,@TheOfficerTatum,3.0899845747769907,18.793650793650794
@CNN,@FoxNews,3.09002257409935,18.797619047619047
@TheSerfTimes,@RileyGaines,3.0901094050056974,18.801587301587304
@TheAtlantic,@JillianMichaels,3.0902207929865035,18.805555555555557
@NovaraMedia,@OfficialSaharTV,3.090779068874415,18.817460317460316
@Xanderhal,@RufoandLomez,3.0908018677473112,18.821428571428573
@FarronBalanced,@RufoandLomez,3.091447768114602,18.833333333333332
@RonPlacone,@DarkHorsePod,3.091804111099229,18.83730158730159
@Vaush,@SaltyCracker,3.0918711388260527,18.841269841269842
@lovettorleaveitpodcast,@RubinReport,3.0922248026681403,18.845238095238095
@therationalnational,@ThePodcastoftheLotusEaters,3.0923337855944464,18.849206349206348
@PoliticsJOE,@ColemanHughesOfficial,3.093604727963928,18.857142857142858
@PoliticsJOE,@RebelNewsOnline,3.093612304341474,18.86111111111111
@chriscuomo,@fightbackpodcast,3.094086914899803,18.86904761904762
@LegalEagle,@ActualJusticeWarrior,3.0945940890841186,18.880952380952383
@chriscuomo,@MichaelKnowles,3.094673562931001,18.884920634920636
@therationalnational,@MarkDice,3.095487639188096,18.8968253968254
@Xanderhal,https://rumble.com/c/russellbrand,3.096234350058746,18.908730158730158
@judgingfreedom,@nypost,3.096664902789942,18.916666666666668
@bulwarkmedia,@PragerU,3.096775584109638,18.92063492063492
@Xanderhal,@ThePodcastoftheLotusEaters,3.096992486297303,18.924603174603174
@PoliticsGirl,@StevenCrowder,3.097415579955629,18.928571428571427
@SMN,@oann,3.0983636890544863,18.948412698412696
@franifio,@chicksonright,3.098834953698288,18.960317460317462
@bulwarkmedia,@morebridgetphetasy,3.0996495019687393,18.98015873015873
@FarronBalanced,@triggerpod,3.100241459029017,19.0
@podsaveamerica,@ZubyMusic,3.1009665497888617,19.003968253968253
@UnHerd,@RileyGaines,3.101014183597017,19.007936507936506
@TheLincolnProject,@The_Crucible,3.101030143015921,19.011904761904763
@PiscoLitty,@RealAmericasVoice,3.1013278894194003,19.01984126984127
@franifio,@CamHigby,3.1017156686305185,19.023809523809522
@HasanAbi,@CamHigby,3.101757948567915,19.02777777777778
@StatusCoup,@MichaelKnowles,3.1026811824255254,19.063492063492063
@nousnetwork,@JillianMichaels,3.103978868847699,19.087301587301585
@rolandsmartin,@TheBrianKilmeadeShow,3.1049081593075183,19.107142857142854
@BreakThroughNews,@theisabelbrown,3.105099646373329,19.11111111111111
@rolandsmartin,@AnthonyBrianLogan,3.1051961048609518,19.11904761904762
@rolandsmartin,@MarkDice,3.105274417994662,19.123015873015873
@TheMajorityReport,@The_Crucible,3.1057406844660855,19.126984126984127
@EzraKleinShow,@DarkHorsePod,3.1060786439625345,19.13888888888889
@SabbySabs,@triggerpod,3.1063173523119985,19.1468253968254
@FarronBalanced,@marklevinshow,3.1077986378238136,19.174603174603174
@usefulidiots,@MLChristiansen,3.1086211268840938,19.194444444444443
@DemocracyDocket,@JesseKellyDC,3.109843700574357,19.20634920634921
@Xanderhal,@nypost,3.110181836731337,19.210317460317462
@MeidasTouch,@chicksonright,3.110254221483707,19.21825396825397
@UnHerd,@morebridgetphetasy,3.110406078633039,19.226190476190478
@Forthepeoplepodcast305,@triggerpod,3.110560965704545,19.23015873015873
@JackCocchiarellaShow,@bbrettcooper,3.1107585696124027,19.238095238095237
@NPR,@MichaelMaliceofficial,3.111565015729582,19.257936507936506
@thedavidpakmanshow,@RileyGaines,3.111754886011706,19.265873015873016
@TheHumanistReport,@ZubyMusic,3.112049128727819,19.273809523809522
@TheMichaelCohenShow,@ThePodcastoftheLotusEaters,3.112195021217182,19.27777777777778
@GlennKirschner2,@FreshFitMiami,3.1123699164945458,19.28571428571429
@Politicon,@HangOutwithSeanHannity,3.112557713621266,19.293650793650794
@TheLincolnProject,@MLChristiansen,3.1133169391372038,19.301587301587304
@SMN,@OfficialSaharTV,3.113456286869595,19.305555555555557
@bulwarkmedia,@RedactedNews,3.113704046436478,19.30952380952381
@TheLincolnProject,@HangOutwithSeanHannity,3.1144265520397902,19.317460317460316
@NovaraMedia,@PartOfTheProblem,3.114613294677194,19.32936507936508
@dollemore,@XAVIAER,3.114803146127161,19.333333333333332
@samharrisorg,@GrahamAllen,3.1148411589762945,19.337301587301585
@jimacosta,@JillianMichaels,3.1152244988137854,19.345238095238095
@nytimes,@RealDanBongino,3.115265380514955,19.349206349206348
@TheAtlantic,@morebridgetphetasy,3.1156816315122775,19.3531746031746
@TheRealTabithaSpeaks,@FreshFitMiami,3.115806175437687,19.365079365079367
@PoliticsGirl,@Styxhexenhammer666,3.1158808737330315,19.373015873015873
@TheDonLemonShow,@PragerU,3.116107938063657,19.380952380952383
@RebelHQ,@ZubyMusic,3.116182540614688,19.384920634920636
@DemocracyNow,@clayandbuck,3.116377484396886,19.392857142857142
@PTLRadioShow,@MegynKelly,3.116871999217924,19.404761904761905
@zeteo,@StevenCrowder,3.116938275363213,19.408730158730158
@SkyNews,@MrTariqNasheed,3.1172548033539798,19.41269841269841
@therationalnational,@StevenCrowder,3.117363318442372,19.416666666666664
@TheRealTabithaSpeaks,@LiberalHivemind,3.1177580537076306,19.428571428571427
@underthedesknews,@RileyGaines,3.1178428174747004,19.43253968253968
@Xanderhal,@lizwheeler,3.117894719055413,19.44047619047619
@destiny,@MLChristiansen,3.1179706283320425,19.444444444444446
@TheDailyBeast,@RufoandLomez,3.1182934056124,19.4484126984127
@chriscuomo,@Styxhexenhammer666,3.1190296223983514,19.45634920634921
@podsaveamerica,@ThePodcastoftheLotusEaters,3.1191280772247256,19.460317460317462
@thedavidpakmanshow,@RubinReport,3.119193488689637,19.464285714285715
@GlennKirschner2,@PartOfTheProblem,3.119372953298321,19.46825396825397
@JackCocchiarellaShow,@ThePodcastoftheLotusEaters,3.1197669057351436,19.476190476190478
@thedavidpakmanshow,@CamHigby,3.1201249427401483,19.49206349206349
@ajplus,@MattWalsh,3.1211358174255985,19.507936507936506
@MeidasTouch,@BlackConservativePerspective,3.121530762864307,19.523809523809526
@MikeFromPA,@BenShapiro,3.121814284197798,19.53174603174603
@FarronBalanced,@OfficialSaharTV,3.1219181433624157,19.53571428571429
https://rumble.com/c/GGreenwald,@MarkDice,3.1220228446117226,19.53968253968254
@BreakThroughNews,@AndrewKlavan,3.1221193919733534,19.543650793650794
@OwenJonesTalks,@bbrettcooper,3.1227809553472823,19.5515873015873
@judgingfreedom,@MattWalsh,3.1239637072992785,19.563492063492063
@SabbySabs,https://rumble.com/c/nickjfuentes,3.12399236553586,19.567460317460316
@TheHumanistReport,@fightbackpodcast,3.124696394424502,19.583333333333332
@BreakThroughNews,@TheAdamCarollaShow1,3.1247733319973756,19.59126984126984
@DemocracyDocket,@RedactedNews,3.124785226841177,19.595238095238095
@fastpoliticspodcast,@RufoandLomez,3.125291661049416,19.599206349206348
@FarronBalanced,@morebridgetphetasy,3.1263202464661224,19.611111111111114
@TheHumanistReport,@AnthonyBrianLogan,3.1265327074562728,19.61904761904762
https://rumble.com/c/GGreenwald,@ColemanHughesOfficial,3.126740531508805,19.623015873015873
@MikeFromPA,@TheOfficerTatum,3.127109111493561,19.630952380952383
@TheDonLemonShow,@X22Report-y5y,3.1274613424774724,19.63888888888889
@DemocracyDocket,@AnthonyBrianLogan,3.128530598555627,19.654761904761905
@GlennKirschner2,@HangOutwithSeanHannity,3.1288889121721866,19.66269841269841
@rolandsmartin,@OfficialSaharTV,3.1293337094582103,19.666666666666664
@underthedesknews,@RealAmericasVoice,3.129399589357015,19.67063492063492
@DropSiteNews,@morebridgetphetasy,3.1298308121291485,19.674603174603174
@BreakThroughNews,@morebridgetphetasy,3.1301065610981,19.678571428571427
@destiny,@RubinReport,3.1303534972291405,19.682539682539684
@HasanAbi,@morebridgetphetasy,3.1308257723811654,19.69047619047619
@thedavidpakmanshow,@GrahamAllen,3.1312144052800086,19.702380952380953
@underthedesknews,@RufoandLomez,3.131468360717527,19.710317460317462
@cafedotcom,@clayandbuck,3.1320218106866444,19.726190476190474
@PTLRadioShow,https://rumble.com/c/nickjfuentes,3.133180744519725,19.73015873015873
@underthedesknews,@morebridgetphetasy,3.1334376573558558,19.738095238095237
@franifio,@HangOutwithSeanHannity,3.1334822606984516,19.74206349206349
@dollemore,@JillianMichaels,3.1336481827654246,19.75
@GlennKirschner2,@triggerpod,3.1358101060397017,19.793650793650794
@thomhartmann,@nationalreview,3.136792034043235,19.817460317460316
@FarronBalanced,@The_Crucible,3.1376692685024494,19.833333333333332
@OwenJonesTalks,@ChadPrather1,3.1376769077472986,19.837301587301585
@TheSerfTimes,@TheQuartering,3.1380428543836656,19.845238095238095
@underthedesknews,@theisabelbrown,3.138414824215902,19.857142857142858
@bulwarkmedia,@oann,3.1387212214039186,19.865079365079367
@RebelHQ,@HangOutwithSeanHannity,3.1391790609023773,19.88888888888889
@destiny,@ActualJusticeWarrior,3.139991619361617,19.896825396825395
@marclamonthillnetwork,@MichaelKnowles,3.140376411451037,19.916666666666664
@DueDissidence,@XAVIAER,3.1413938385851794,19.940476190476193
@usefulidiots,@The_Crucible,3.141572424217613,19.952380952380953
@judgingfreedom,@oann,3.1419888904346904,19.960317460317462
@TheLincolnProject,@JillianMichaels,3.1424874106754337,19.96825396825397
@judgingfreedom,@ThePodcastoftheLotusEaters,3.143015563573413,19.988095238095237
@PTLRadioShow,@marklevinshow,3.144735712930799,20.019841269841272
@thedavidpakmanshow,@BenShapiro,3.1447990328547233,20.023809523809526
@LegalEagle,@HangOutwithSeanHannity,3.145570239510928,20.03968253968254
@TheDamageReport,@XAVIAER,3.145768262621742,20.055555555555554
@RebelHQ,@MrTariqNasheed,3.147392276146059,20.07142857142857
@SMN,@chicksonright,3.148122208230461,20.091269841269842
@SMN,@X22Report-y5y,3.1482073254694516,20.095238095238095
@SecularTalk,@Timcast,3.148842282053483,20.09920634920635
@OwenJonesTalks,https://rumble.com/c/nickjfuentes,3.1504439698050115,20.13095238095238
@MikeFromPA,@lizwheeler,3.1506281248575467,20.134920634920636
@HasanAbi,@bbrettcooper,3.150929530298642,20.142857142857142
@DemocracyDocket,@TheAdamCarollaShow1,3.1517403049694868,20.158730158730158
@RestPoliticsUS,@RileyGaines,3.151900498819333,20.166666666666664
@dollemore,@TomiLahrenIsFearless,3.152542502345512,20.174603174603174
@OwenJonesTalks,@AndrewKlavan,3.1528164149028344,20.182539682539684
@TheDamageReport,@TheAdamCarollaShow1,3.152946327585119,20.186507936507937
@TheYoungTurks,@bbrettcooper,3.1535300240688966,20.194444444444446
@TheRealTabithaSpeaks,@marklevinshow,3.1538924814803875,20.206349206349206
@samharrisorg,@TheBrianKilmeadeShow,3.1547727263701293,20.21825396825397
@TheLincolnProject,@TheAmalaEkpunobi,3.1554466032172788,20.230158730158728
https://rumble.com/c/GGreenwald,@BenShapiro,3.1555754354757894,20.234126984126984
@PoliticsJOE,@RealDanBongino,3.1560888343866225,20.238095238095237
@thedavidpakmanshow,@AlexStein99,3.156580967672363,20.24206349206349
@Forthepeoplepodcast305,@ActualJusticeWarrior,3.1566204588091775,20.246031746031747
@OwenJonesTalks,@The_Crucible,3.1591873202799836,20.27777777777778
@DropSiteNews,@ThePodcastoftheLotusEaters,3.1592851409560923,20.293650793650794
@PoliticsJOE,@AlexStein99,3.1594554154457115,20.30952380952381
@Vaush,@ChadPrather1,3.1601631635013105,20.325396825396822
@underthedesknews,@TomiLahrenIsFearless,3.160710498989211,20.345238095238095
@BreakThroughNews,@bbrettcooper,3.1612267115379487,20.36111111111111
@TheSerfTimes,@RealDanBongino,3.162556345671507,20.392857142857142
@TheJoyReidShow,@triggerpod,3.1635787085380245,20.408730158730158
@DropSiteNews,@glennbeck,3.16420503992873,20.42063492063492
@NovaraMedia,@glennbeck,3.1657189300023494,20.444444444444446
@ajplus,@morebridgetphetasy,3.165729426639326,20.452380952380953
@PTLRadioShow,@Tim_Black,3.1668643143957182,20.480158730158728
@TheRealTabithaSpeaks,@RufoandLomez,3.1668918587840365,20.484126984126984
@fastpoliticspodcast,@triggerpod,3.1672397123574694,20.5
@adammockler,@RealAmericasVoice,3.16754181481857,20.503968253968257
@BadEmpanadaLive,@AndrewKlavan,3.167604006377203,20.50793650793651
@RestPoliticsUS,@winston_marshall,3.1678230175494937,20.515873015873016
@destiny,@theisabelbrown,3.1678550057892494,20.523809523809526
@samharrisorg,@nationalreview,3.1687105948751273,20.53174603174603
@jimacosta,@RubinReport,3.168916309117328,20.535714285714285
@LegalEagle,@morebridgetphetasy,3.169323894637839,20.539682539682538
@PTLRadioShow,@The_Crucible,3.1694843608231063,20.543650793650794
@DemocracyDocket,@glennbeck,3.1702007333420994,20.57142857142857
@DueDissidence,@DarkHorsePod,3.170272636367698,20.575396825396826
@DropSiteNews,@FreshFitMiami,3.170711525151599,20.583333333333336
@nousnetwork,@RealDanBongino,3.1707415288193856,20.58730158730159
@LeverNews,@Tim_Black,3.171187534495018,20.595238095238095
@TheMichaelCohenShow,@marklevinshow,3.1712946691829518,20.59920634920635
@EzraKleinShow,@SaltyCracker,3.1716518478318756,20.607142857142858
@DylanBurnsLIVE,@MichaelKnowles,3.171854037523052,20.61904761904762
@TheDailyBeast,@AndrewKlavan,3.17239976828089,20.623015873015873
@OwenReport,@PartOfTheProblem,3.1729720146054246,20.63095238095238
@adammockler,@lizwheeler,3.1739512803381333,20.63888888888889
@OwenJonesTalks,@clayandbuck,3.1739578589221784,20.642857142857142
@DemocracyDocket,@RealAmericasVoice,3.1740371068570963,20.646825396825395
@Forthepeoplepodcast305,@TheAmalaEkpunobi,3.1746375123684856,20.658730158730158
@nousnetwork,@morebridgetphetasy,3.1746552242937645,20.662698412698415
@JamarlThomas,@fightbackpodcast,3.1746782625716734,20.666666666666668
https://rumble.com/c/GGreenwald,@RealDanBongino,3.17470760038316,20.67063492063492
@TheSerfTimes,@TheOfficerTatum,3.174739013996061,20.674603174603174
@HasanAbi,@RealDanBongino,3.1759590059888225,20.6984126984127
@judgingfreedom,@OfficialSaharTV,3.178612239540728,20.765873015873016
@breakingpoints,@DarkHorsePod,3.1786963569238518,20.773809523809526
@rolandsmartin,@GrahamAllen,3.1801128207203315,20.793650793650794
@Politicon,@marklevinshow,3.1803533918597466,20.797619047619047
@MikeFromPA,@HangOutwithSeanHannity,3.1805255531473082,20.8015873015873
@NYTPodcasts,@CamHigby,3.1811366573603137,20.809523809523807
@LeejaMiller,@XAVIAER,3.181860776754689,20.825396825396826
@FarronBalanced,https://rumble.com/c/nickjfuentes,3.1820028177107247,20.82936507936508
@HasanAbi,@RileyGaines,3.1829590769644094,20.841269841269842
@judgingfreedom,@MarkDice,3.1839545431816445,20.86111111111111
@GlennKirschner2,@ZubyMusic,3.1842845874726335,20.86904761904762
@jimacosta,@morebridgetphetasy,3.1843556702745284,20.873015873015873
@therationalnational,@BlazeTV,3.18480203084091,20.876984126984127
@UnHerd,@ZubyMusic,3.185576484050802,20.884920634920633
@RebelHQ,@JillianMichaels,3.186994501117245,20.92063492063492
@JackCocchiarellaShow,@MLChristiansen,3.1870484473488774,20.924603174603174
@BadEmpanadaLive,https://rumble.com/c/nickjfuentes,3.187566471126313,20.932539682539684
@DemocracyDocket,@winston_marshall,3.18768688807358,20.936507936507937
@TheMajorityReport,@ChadPrather1,3.1880158491787887,20.9484126984127
@UnHerd,@BenShapiro,3.188749794427091,20.96428571428571
@TheHumanistReport,@JesseKellyDC,3.1895121260454746,20.976190476190474
@TheLincolnProject,@CamHigby,3.1902326209583456,20.992063492063494
@NovaraMedia,https://rumble.com/c/TheAlexJonesShowLive,3.1903236037873612,20.996031746031747
@nousnetwork,@MichaelKnowles,3.190588677785745,21.003968253968253
@TheAtlantic,@XAVIAER,3.19077970813592,21.00793650793651
@PTLRadioShow,@bbrettcooper,3.191102043711664,21.011904761904763
@zeteo,@GrahamAllen,3.1911070327157254,21.015873015873016
@DemocracyDocket,@CamHigby,3.1912883103629817,21.01984126984127
@therationalnational,@TheAmalaEkpunobi,3.193449257290776,21.043650793650794
@TheSerfTimes,@nypost,3.1935695191830815,21.047619047619047
@FarronBalanced,@RobertGouveiaEsq,3.1936085274247246,21.0515873015873
@zeteo,@BlazeTV,3.1937098288950296,21.055555555555554
@TheRealTabithaSpeaks,@MLChristiansen,3.1941253602843096,21.071428571428573
@underthedesknews,@ThePodcastoftheLotusEaters,3.19428938788117,21.07936507936508
@TheJoyReidShow,@glennbeck,3.194566665512662,21.08730158730159
@MeidasTouch,@fightbackpodcast,3.194605663989498,21.091269841269842
@GlennKirschner2,@TheAmalaEkpunobi,3.1964660977083477,21.123015873015873
@HasanAbi,@TheAmalaEkpunobi,3.1973463483084608,21.134920634920633
@RebelHQ,@lizwheeler,3.197373557208817,21.13888888888889
@DueDissidence,https://rumble.com/c/TheAlexJonesShowLive,3.197815778513425,21.1468253968254
@TheHumanistReport,@HangOutwithSeanHannity,3.1980810912802418,21.150793650793652
@jimacosta,@glennbeck,3.1981431021422244,21.154761904761905
@TheMajorityReport,https://rumble.com/c/nickjfuentes,3.1989178137100045,21.166666666666668
@Vox,@MrTariqNasheed,3.2002295396734914,21.202380952380953
@zeteo,@MLChristiansen,3.200304687967258,21.206349206349206
@OwenJonesTalks,@nypost,3.2003849761041057,21.21031746031746
@LegalEagle,@winston_marshall,3.201002657453728,21.234126984126984
@BadEmpanadaLive,@RubinReport,3.2012857616679633,21.246031746031747
@MikeFromPA,@TheQuartering,3.202262038194719,21.261904761904763
@RebelHQ,@TheOfficerTatum,3.202853347264834,21.26984126984127
@RebelHQ,https://rumble.com/c/nickjfuentes,3.2029216161059386,21.273809523809522
@BreakThroughNews,@StevenCrowder,3.2029856775947003,21.27777777777778
@rolandsmartin,@RileyGaines,3.2034426685044877,21.285714285714285
@MikeFromPA,@RealAmericasVoice,3.2037966117304473,21.289682539682538
@PTLRadioShow,@PragerU,3.2038532545152862,21.29365079365079
@Vaush,@RubinReport,3.203996826756069,21.297619047619047
@judgingfreedom,@TheAmalaEkpunobi,3.204055729164333,21.3015873015873
@breakingpoints,@TheAdamCarollaShow1,3.204194241803082,21.305555555555557
@TheMichaelCohenShow,https://rumble.com/c/TheAlexJonesShowLive,3.205047586045687,21.325396825396826
@jimacosta,@MegynKelly,3.2057708489020253,21.33730158730159
@nousnetwork,@GrahamAllen,3.2061560137385996,21.349206349206348
@TheHumanistReport,@nypost,3.2068090624060104,21.365079365079364
@DemocracyDocket,@TheBrianKilmeadeShow,3.207124707504779,21.376984126984127
@samharrisorg,@RubinReport,3.207254178898829,21.38095238095238
@deanwithrs,@GrahamAllen,3.207866224848445,21.384920634920633
@JackCocchiarellaShow,@lizwheeler,3.208379170959229,21.404761904761905
@chriscuomo,@ThePodcastoftheLotusEaters,3.208872391123293,21.416666666666668
@thedavidpakmanshow,@JillianMichaels,3.2090518365413794,21.424603174603174
@TheYoungTurks,@OfficialSaharTV,3.20941478448306,21.436507936507937
https://rumble.com/c/GGreenwald,@turningpointusa,3.2097143100171563,21.44047619047619
@RebelHQ,@clayandbuck,3.2099557672337906,21.452380952380953
@nytimes,@RileyGaines,3.2109378518623695,21.464285714285715
@TheYoungTurks,@glennbeck,3.211496078841041,21.48015873015873
@PTLRadioShow,@VivaFrei,3.211541138285502,21.484126984126984
@BadEmpanadaLive,@clayandbuck,3.211596297794282,21.48809523809524
@Politicon,@chicksonright,3.211802596065291,21.496031746031747
@OwenJonesTalks,@morebridgetphetasy,3.21182216001735,21.5
@destiny,@ChadPrather1,3.2124138679169567,21.515873015873016
@deanwithrs,@MyronGainesX,3.212562382607916,21.51984126984127
@BadEmpanadaLive,@glennbeck,3.2127863349236274,21.523809523809522
@PoliticsJOE,@BenShapiro,3.2136258174798065,21.539682539682538
@fastpoliticspodcast,@clayandbuck,3.2137400393098488,21.547619047619047
@TheHumanistReport,@marklevinshow,3.2141724169107464,21.55952380952381
@nytimes,@morebridgetphetasy,3.214205767965797,21.56746031746032
@HasanAbi,@JillianMichaels,3.2146231833746275,21.57936507936508
@TheRealTabithaSpeaks,@ZubyMusic,3.2152195902857663,21.58730158730159
@PoliticsGirl,@AndrewKlavan,3.2158533016567437,21.6031746031746
@TheRealTabithaSpeaks,@HangOutwithSeanHannity,3.2169195014712195,21.623015873015873
@underthedesknews,@SaltyCracker,3.2175474678168854,21.634920634920636
@Politicon,@RubinReport,3.217635289220296,21.642857142857146
@SkyNews,@JustPearlyThings,3.218183163402663,21.658730158730158
@dollemore,@RobertGouveiaEsq,3.2184143748316223,21.67063492063492
@jimacosta,@TheBrianKilmeadeShow,3.2190451287140256,21.682539682539684
@UnHerd,@JustPearlyThings,3.220458824053377,21.694444444444443
@adammockler,@RealDanBongino,3.2209020458733835,21.71031746031746
@deanwithrs,@MichaelKnowles,3.2211822401513355,21.71825396825397
@samharrisorg,@TheAmalaEkpunobi,3.221362065488634,21.722222222222225
@breakingpoints,@winston_marshall,3.223329408251443,21.734126984126984
@Forthepeoplepodcast305,@lonerboxlive,3.223370673443394,21.738095238095237
@Forthepeoplepodcast305,@ThePodcastoftheLotusEaters,3.224344568321031,21.753968253968253
@LegalEagle,@fightbackpodcast,3.224442316017346,21.757936507936506
@OwenJonesTalks,@triggerpod,3.224718356604444,21.761904761904763
@jimacosta,@MarkDice,3.2259012879724693,21.785714285714285
@Vox,@theisabelbrown,3.2267299265356737,21.805555555555557
@lovettorleaveitpodcast,@oann,3.2270156469883693,21.813492063492063
@Xanderhal,@MLChristiansen,3.2275654638439986,21.82936507936508
@ajplus,@TheAmalaEkpunobi,3.2278191741774758,21.83730158730159
@SMN,@FreshFitMiami,3.2288800514797473,21.865079365079364
@RestPoliticsUS,@MichaelKnowles,3.2292287496565133,21.873015873015873
@TheDamageReport,@triggerpod,3.229657413276928,21.880952380952383
https://rumble.com/c/GGreenwald,@JesseKellyDC,3.229839343298084,21.8968253968254
@JackCocchiarellaShow,@JillianMichaels,3.2304564988623197,21.908730158730158
@PoliticsJOE,@oann,3.2305600548186284,21.91269841269841
@DemocracyDocket,@FreshFitMiami,3.23132351182058,21.924603174603174
@TheSerfTimes,@clayandbuck,3.231568453406224,21.93253968253968
@PTLRadioShow,@TheAmalaEkpunobi,3.2316132592411373,21.936507936507937
@EzraKleinShow,@CamHigby,3.2316450582367975,21.94047619047619
@podsaveamerica,@StevenCrowder,3.2317502002349014,21.944444444444443
@franifio,@ColemanHughesOfficial,3.232139380862989,21.956349206349206
@bulwarkmedia,@MLChristiansen,3.234621768012627,22.003968253968253
@therationalnational,@AndrewKlavan,3.235143643397469,22.01984126984127
@JackCocchiarellaShow,@triggerpod,3.2352880159108217,22.03174603174603
@PoliticsJOE,@marklevinshow,3.235401498347367,22.03968253968254
@TheDamageReport,@MichaelKnowles,3.2357088413903874,22.051587301587304
@cafedotcom,@TomiLahrenIsFearless,3.236653462489694,22.067460317460316
@DropSiteNews,@VivaFrei,3.236718714882919,22.071428571428573
@PTLRadioShow,@BlazeTV,3.23680084749748,22.075396825396826
@DylanBurnsLIVE,@TheAmalaEkpunobi,3.23761505414392,22.07936507936508
@harryjsisson,https://rumble.com/c/nickjfuentes,3.2377543854465927,22.083333333333332
@TheDailyBeast,@MrTariqNasheed,3.237782138077964,22.087301587301585
@dollemore,@TimcastNews,3.2382694137068544,22.091269841269842
@BreakThroughNews,@CamHigby,3.2384637377512204,22.095238095238095
@PoliticsJOE,@OfficialSaharTV,3.238679609636612,22.107142857142854
@adammockler,@JillianMichaels,3.2387392311555185,22.11111111111111
@DropSiteNews,@theisabelbrown,3.23879779694258,22.115079365079364
https://rumble.com/c/GGreenwald,@RealAlexClark,3.2389544450692322,22.123015873015873
@marclamonthillnetwork,@MichaelMaliceofficial,3.2393373419262637,22.126984126984127
@dollemore,@lizwheeler,3.2396292090587053,22.130952380952383
@bulwarkmedia,@RufoandLomez,3.2410377058259217,22.186507936507937
@JamarlThomas,@clayandbuck,3.2412286314490144,22.19047619047619
@zeteo,@RufoandLomez,3.2421191141884766,22.194444444444443
https://rumble.com/c/GGreenwald,@MichaelMaliceofficial,3.2435652648991793,22.22222222222222
@SMN,@MLChristiansen,3.243714762597701,22.23015873015873
@PoliticsJOE,@PragerU,3.243721883157678,22.234126984126984
@marclamonthillnetwork,@turningpointusa,3.2439899990689978,22.246031746031747
@BreakThroughNews,@ChadPrather1,3.244579236427523,22.253968253968253
@DropSiteNews,@RedactedNews,3.244635481238196,22.257936507936506
@GlennKirschner2,@theisabelbrown,3.24489715869666,22.26190476190476
@TheJoyReidShow,https://rumble.com/c/nickjfuentes,3.245123803295694,22.273809523809522
@TheSerfTimes,@HangOutwithSeanHannity,3.2451319792014752,22.27777777777778
@RebelHQ,@RealDanBongino,3.245563983461334,22.28174603174603
@samharrisorg,@HangOutwithSeanHannity,3.246597453660906,22.28968253968254
@breakingpoints,https://rumble.com/c/TheAlexJonesShowLive,3.247004652268687,22.313492063492063
@LeejaMiller,@MichaelKnowles,3.2477220706756533,22.325396825396826
@PoliticsJOE,https://rumble.com/c/TheAlexJonesShowLive,3.2479201379900355,22.32936507936508
@TheSerfTimes,@ChadPrather1,3.248076741777536,22.337301587301585
@RebelHQ,@oann,3.2488882606495646,22.357142857142858
@SecularTalk,@fightbackpodcast,3.248922587675594,22.36111111111111
@TheRealTabithaSpeaks,@oann,3.249370129874937,22.373015873015873
@nytimes,@BenShapiro,3.250227388839815,22.380952380952383
@bulwarkmedia,@OfficialSaharTV,3.2504972054732844,22.384920634920636
@BreakThroughNews,@XAVIAER,3.2507430528206642,22.392857142857142
@breakingpoints,@SaltyCracker,3.251326569138426,22.404761904761905
@TheYoungTurks,@TheOfficerTatum,3.2513575969639676,22.408730158730158
@rolandsmartin,@fightbackpodcast,3.2516138807857042,22.41269841269841
@NovaraMedia,@RobertGouveiaEsq,3.2518077033112407,22.42063492063492
@TheSerfTimes,@JillianMichaels,3.252145383560792,22.43253968253968
@RebelHQ,@TomiLahrenIsFearless,3.253291341012023,22.464285714285715
@PTLRadioShow,@AndrewKlavan,3.253430550595153,22.46825396825397
@TheRealTabithaSpeaks,@lizwheeler,3.2537899982917393,22.47222222222222
@underthedesknews,@RubinReport,3.254227009708636,22.48015873015873
@LeejaMiller,@fightbackpodcast,3.2548444916319297,22.5
@MikeFromPA,@TimcastNews,3.2549933174044625,22.507936507936506
@TheJoyReidShow,@MegynKelly,3.2558797120099854,22.51190476190476
@nytimes,@glennbeck,3.2558866584596347,22.515873015873016
@TheDonLemonShow,https://rumble.com/c/TheAlexJonesShowLive,3.256350777795854,22.523809523809526
@GlennKirschner2,@MrTariqNasheed,3.2567281742514416,22.52777777777778
@bulwarkmedia,@DarkHorsePod,3.258446760931373,22.547619047619047
@PoliticsGirl,@bbrettcooper,3.2588454465346643,22.555555555555557
@usefulidiots,@TomiLahrenIsFearless,3.260254919852599,22.563492063492063
@GlennKirschner2,@CamHigby,3.260665531610812,22.57142857142857
@DemocracyDocket,@chicksonright,3.2614659442442018,22.587301587301585
@OwenJonesTalks,@MattWalsh,3.263691242713877,22.634920634920636
@Politicon,@ColemanHughesOfficial,3.264076989414526,22.63888888888889
@PoliticsJOE,@FreshFitMiami,3.26419415918209,22.646825396825395
@DylanBurnsLIVE,@AndrewKlavan,3.264292114322512,22.650793650793652
@SabbySabs,@Styxhexenhammer666,3.264378415582948,22.658730158730158
@RebelHQ,@MLChristiansen,3.2648035104440574,22.66269841269841
@StatusCoup,https://rumble.com/c/nickjfuentes,3.2648679170344,22.67063492063492
@DueDissidence,@SaltyCracker,3.2649856869888856,22.674603174603174
@PoliticsJOE,@JillianMichaels,3.2651805046241225,22.682539682539684
@TheMichaelCohenShow,@MattWalsh,3.266394519022534,22.6984126984127
@LegalAFMTN,https://rumble.com/c/TheAlexJonesShowLive,3.266615534318743,22.702380952380953
@JackCocchiarellaShow,@glennbeck,3.266787118242636,22.710317460317462
@DropSiteNews,@RobertGouveiaEsq,3.2668295401166767,22.714285714285715
@therationalnational,@ZubyMusic,3.2670133168414464,22.72222222222222
@TheLincolnProject,@morebridgetphetasy,3.267584053301575,22.734126984126984
@OwenJonesTalks,@RealAmericasVoice,3.2675984553640776,22.738095238095237
@TheSerfTimes,@Styxhexenhammer666,3.267981660172953,22.74206349206349
@BreakThroughNews,@JesseKellyDC,3.2679858449985115,22.746031746031747
@StatusCoup,@TheBrianKilmeadeShow,3.268212592470555,22.753968253968253
@MeidasTouch,@The_Crucible,3.268787890514466,22.773809523809526
@DylanBurnsLIVE,@RileyGaines,3.269082847791452,22.77777777777778
@DropSiteNews,@MarkDice,3.2690923468136597,22.78174603174603
@NYTPodcasts,@PragerU,3.270192949824746,22.78968253968254
@RestPoliticsUS,@JustPearlyThings,3.270622559603793,22.8015873015873
@PoliticsJOE,@ChadPrather1,3.271037232628682,22.805555555555557
@SabbySabs,@AnthonyBrianLogan,3.2727827096257385,22.857142857142858
@underthedesknews,@MyronGainesX,3.2733370023788644,22.865079365079367
@NYTPodcasts,@TheAmalaEkpunobi,3.2742629083513117,22.892857142857142
@Forthepeoplepodcast305,@BlazeTV,3.274854122161594,22.908730158730158
@Politicon,@glennbeck,3.274994173988134,22.91269841269841
@adammockler,@RileyGaines,3.275338278189372,22.916666666666664
@breakingpoints,@MyronGainesX,3.275767918894312,22.928571428571427
@MikeFromPA,@MarkDice,3.2758404629951157,22.932539682539684
@deanwithrs,@JesseKellyDC,3.2758925697965418,22.936507936507937
@OwenReport,@RebelNewsOnline,3.2760467669556546,22.940476190476193
@nousnetwork,@JesseKellyDC,3.2762297590550062,22.944444444444446
@franifio,@DarkHorsePod,3.276484965291797,22.9484126984127
@ajplus,@RufoandLomez,3.2770277006951396,22.964285714285715
@NYTPodcasts,@RubinReport,3.277207662577713,22.96825396825397
@SabbySabs,@chicksonright,3.277892453831322,22.976190476190474
@ajplus,@AlexStein99,3.2788660406370425,22.99206349206349
@BreakThroughNews,@MegynKelly,3.278883760404285,22.996031746031743
@TheDonLemonShow,@OfficialSaharTV,3.279697903250135,23.015873015873016
@TheDonLemonShow,@MegynKelly,3.2798849275750865,23.019841269841272
@NYTPodcasts,@bbrettcooper,3.2803176204196025,23.023809523809526
@dollemore,@FreshFitMiami,3.2804160164113143,23.02777777777778
@PoliticsJOE,@RealAmericasVoice,3.2805282239716784,23.03968253968254
@dollemore,@DarkHorsePod,3.2812297690741796,23.063492063492063
@DylanBurnsLIVE,@nypost,3.281346765223769,23.067460317460316
@LegalAFMTN,@Timcast,3.281515940513059,23.075396825396826
@TheJoyReidShow,@RebelNewsOnline,3.281638068995225,23.07936507936508
@thomhartmann,@DarkHorsePod,3.2816576930943344,23.083333333333332
@Politicon,@ChadPrather1,3.2821440768548067,23.095238095238095
@TheDailyBeast,@ColemanHughesOfficial,3.282792754152912,23.107142857142858
@RonPlacone,@marklevinshow,3.283082003804777,23.115079365079367
@destiny,@MyronGainesX,3.283230255207649,23.11904761904762
@TheRealTabithaSpeaks,@JesseKellyDC,3.2833505259165388,23.123015873015873
@marclamonthillnetwork,@RubinReport,3.283489654519911,23.126984126984127
@cafedotcom,@MichaelMaliceofficial,3.2835565702023155,23.13095238095238
@jimacosta,@MrTariqNasheed,3.283895222755655,23.142857142857142
@RestPoliticsUS,@MattWalsh,3.2842923176407925,23.154761904761905
@RebelHQ,@Styxhexenhammer666,3.284354470618625,23.158730158730158
@LegalAFMTN,@BlackConservativePerspective,3.284471862127946,23.166666666666664
@TheLincolnProject,@triggerpod,3.2852507053686724,23.19047619047619
@DemocracyDocket,@turningpointusa,3.285328893921746,23.1984126984127
@TheMajorityReport,@OfficialSaharTV,3.28548702024291,23.210317460317462
@BreakThroughNews,@chicksonright,3.2855149590151638,23.214285714285715
@rolandsmartin,@Tim_Black,3.285698607641568,23.21825396825397
@dollemore,@Timcast,3.285716478512476,23.22222222222222
@JackCocchiarellaShow,@marklevinshow,3.2859989495137487,23.23015873015873
@FarronBalanced,@PartOfTheProblem,3.2860413143594047,23.24206349206349
@therationalnational,@RebelNewsOnline,3.2869912753249677,23.253968253968253
@zeteo,@RebelNewsOnline,3.2872581318212704,23.261904761904763
@marclamonthillnetwork,@chicksonright,3.2877957458180704,23.269841269841272
@judgingfreedom,@PragerU,3.287860875221176,23.27777777777778
@underthedesknews,@chicksonright,3.2879392448433276,23.28174603174603
@TheJoyReidShow,@ColemanHughesOfficial,3.2888097694235605,23.293650793650794
@fastpoliticspodcast,@HangOutwithSeanHannity,3.2888395952210807,23.297619047619047
@DueDissidence,@JustPearlyThings,3.2892112571963033,23.305555555555554
@OwenReport,@glennbeck,3.289668165407406,23.313492063492063
@TheDonLemonShow,@MarkDice,3.289763268965142,23.32142857142857
@franifio,@RubinReport,3.2897648307807477,23.325396825396822
@ajplus,@ColemanHughesOfficial,3.290128874724265,23.32936507936508
@judgingfreedom,@turningpointusa,3.290201435475385,23.33730158730159
@therationalnational,@glennbeck,3.2904176786294363,23.341269841269842
@dollemore,@VivaFrei,3.291825840538507,23.365079365079367
@nytimes,@winston_marshall,3.2920165053398565,23.373015873015873
@TheRealTabithaSpeaks,@chicksonright,3.292236355441517,23.38888888888889
@TheRealTabithaSpeaks,@ThePodcastoftheLotusEaters,3.292343443583417,23.392857142857142
@dollemore,https://rumble.com/c/TheAlexJonesShowLive,3.292540452288148,23.396825396825395
@nytimes,@DarkHorsePod,3.2940794185144324,23.41269841269841
@harryjsisson,@TheOfficerTatum,3.294408383651587,23.424603174603178
@LeejaMiller,@nationalreview,3.294715425374246,23.432539682539684
@podsaveamerica,@PragerU,3.294724822682567,23.436507936507937
@judgingfreedom,@BlazeTV,3.295060675103132,23.4484126984127
@underthedesknews,@MrTariqNasheed,3.295801338513584,23.464285714285715
@Vaush,@glennbeck,3.2961440285944934,23.46825396825397
@bulwarkmedia,@nypost,3.2962539162762052,23.47222222222222
@TheHumanistReport,@AlexStein99,3.296292254677694,23.480158730158728
@chriscuomo,@Tim_Black,3.2964881783547084,23.488095238095237
@thomhartmann,@TheBrianKilmeadeShow,3.2968017181955944,23.49206349206349
@TheHumanistReport,@JustPearlyThings,3.298336026232104,23.523809523809526
@nousnetwork,@StevenCrowder,3.298769674572661,23.53968253968254
@OwenReport,@ActualJusticeWarrior,3.299091634110045,23.543650793650794
@bulwarkmedia,@bbrettcooper,3.299477873798744,23.5515873015873
@FarronBalanced,@RebelNewsOnline,3.2997458708429854,23.555555555555554
@NYTPodcasts,https://rumble.com/c/TheAlexJonesShowLive,3.3003593425497297,23.563492063492063
@underthedesknews,@TheBrianKilmeadeShow,3.3003939836804634,23.567460317460316
@bulwarkmedia,@XAVIAER,3.3009450326665277,23.57142857142857
@rolandsmartin,@ChadPrather1,3.30095839115303,23.575396825396826
@MikeFromPA,@JustPearlyThings,3.3010385369581696,23.57936507936508
@RonPlacone,@MLChristiansen,3.3010404136553464,23.583333333333336
@PTLRadioShow,@triggerpod,3.301151698244306,23.595238095238095
@JackCocchiarellaShow,@oann,3.3013817692386467,23.59920634920635
@TheJoyReidShow,@MichaelMaliceofficial,3.3014165246017657,23.603174603174605
@LegalAFMTN,@TheAdamCarollaShow1,3.301749999459034,23.615079365079364
@TheMajorityReport,@RebelNewsOnline,3.3018801834984495,23.61904761904762
@podsaveamerica,@The_Crucible,3.3020871469676956,23.623015873015873
@LeejaMiller,@lizwheeler,3.3021341140504874,23.634920634920633
@GlennKirschner2,@RobertGouveiaEsq,3.3021582278797936,23.63888888888889
@LeejaMiller,@ChadPrather1,3.302464880715634,23.642857142857142
@breakingpoints,@XAVIAER,3.3026619951786236,23.658730158730158
@bulwarkmedia,@chicksonright,3.3031715536769335,23.666666666666668
@TheLincolnProject,@ChadPrather1,3.30345720308156,23.67063492063492
@breakingpoints,@JustPearlyThings,3.3040070209252534,23.69047619047619
@TheSerfTimes,@TimcastNews,3.3044686087637167,23.702380952380953
@TheDamageReport,@RobertGouveiaEsq,3.3055660481069005,23.71825396825397
@DueDissidence,@MLChristiansen,3.3062103290086005,23.734126984126984
@thomhartmann,@X22Report-y5y,3.306845751959923,23.75
@BadEmpanadaLive,@oann,3.307193782387537,23.753968253968257
@HasanAbi,@TimcastIRL,3.307451805656146,23.76984126984127
@BreakThroughNews,@RealDanBongino,3.3075181129224354,23.77777777777778
@lovettorleaveitpodcast,@MLChristiansen,3.3075986912686886,23.78174603174603
@TheJoyReidShow,@MarkDice,3.3087512311068816,23.797619047619047
@TheLincolnProject,@theisabelbrown,3.3095873673495317,23.817460317460316
@LegalEagle,@JillianMichaels,3.3100590366693887,23.83730158730159
@TheHumanistReport,@lizwheeler,3.3101681768125646,23.841269841269842
@DueDissidence,@GrahamAllen,3.310247195278542,23.845238095238095
@thedavidpakmanshow,@ZubyMusic,3.31027061068751,23.853174603174605
@Xanderhal,@TheAdamCarollaShow1,3.3112644581537407,23.86904761904762
@DueDissidence,@clayandbuck,3.3113955498353134,23.876984126984127
@adammockler,@TheQuartering,3.3129425897357687,23.908730158730158
@zeteo,@nypost,3.313201950370076,23.916666666666668
@BreakThroughNews,@MarkDice,3.313267249364878,23.92063492063492
@SkyNews,@ChadPrather1,3.3135209559271144,23.924603174603174
@breakingpoints,@lizwheeler,3.313713004557147,23.932539682539684
@adammockler,@TheAmalaEkpunobi,3.3142863460512575,23.94047619047619
@MikeFromPA,@RubinReport,3.3158439173771677,23.956349206349206
@zeteo,@CamHigby,3.3163983843968303,23.96428571428571
@destiny,@TomiLahrenIsFearless,3.3165427426944687,23.97222222222222
@fastpoliticspodcast,@TomiLahrenIsFearless,3.317545743221377,23.984126984126984
@DueDissidence,@ActualJusticeWarrior,3.3177204147662214,23.988095238095237
@RebelHQ,@FreshFitMiami,3.31830385506517,24.003968253968257
@UnHerd,@AlexStein99,3.318445371226382,24.011904761904763
@FarronBalanced,@DarkHorsePod,3.3188649527752734,24.015873015873016
@nousnetwork,@DarkHorsePod,3.3194971151260293,24.01984126984127
@bulwarkmedia,@JillianMichaels,3.319958821309857,24.02777777777778
@chriscuomo,@MattWalsh,3.3201092895054543,24.035714285714285
@OwenReport,@FreshFitMiami,3.3206929652619444,24.0515873015873
@ajplus,@JustPearlyThings,3.320710870673559,24.055555555555554
@adammockler,@Styxhexenhammer666,3.3220396429812915,24.063492063492063
@BadEmpanadaLive,@dineshdsouza,3.322095688748224,24.067460317460316
@RestPoliticsUS,@MyronGainesX,3.3225170849141703,24.071428571428573
@TheSerfTimes,@morebridgetphetasy,3.3241054132939776,24.091269841269842
@franifio,@winston_marshall,3.3242010581477928,24.095238095238095
@therationalnational,https://rumble.com/c/nickjfuentes,3.324441824542581,24.099206349206348
@TheHumanistReport,@oann,3.3255061125009098,24.107142857142858
@deanwithrs,@TimcastIRL,3.3256711293583137,24.11111111111111
@judgingfreedom,@RealAmericasVoice,3.3256780653596074,24.115079365079364
@GlennKirschner2,https://rumble.com/c/nickjfuentes,3.3257675621325045,24.119047619047617
@PoliticsJOE,@lizwheeler,3.3260594825605074,24.13095238095238
@TheAtlantic,@marklevinshow,3.3260841317782672,24.134920634920633
@BreakThroughNews,@ColemanHughesOfficial,3.3262717657450076,24.146825396825395
@SabbySabs,@dineshdsouza,3.327394533362334,24.154761904761905
@BadFaithPodcast,@MichaelMaliceofficial,3.327996981454003,24.186507936507937
@PoliticsGirl,@AlexStein99,3.3284934118168947,24.1984126984127
@HasanAbi,@fightbackpodcast,3.329079887278371,24.21825396825397
@LeverNews,@RufoandLomez,3.329825457460078,24.22222222222222
@BadEmpanadaLive,@MyronGainesX,3.330043526196112,24.226190476190474
@marclamonthillnetwork,@SaltyCracker,3.3303001388485693,24.23809523809524
@usefulidiots,@oann,3.3305285741174955,24.246031746031747
@TheSerfTimes,@CamHigby,3.3306341569510067,24.25
@SkyNews,@GrahamAllen,3.3310269355752604,24.25793650793651
@cafedotcom,@Tim_Black,3.3317930880453552,24.26984126984127
@HasanAbi,@theisabelbrown,3.3323081177178335,24.27777777777778
@fastpoliticspodcast,@DarkHorsePod,3.3324223186525583,24.285714285714285
@SMN,@ColemanHughesOfficial,3.332631637983027,24.297619047619047
@SMN,@MyronGainesX,3.3326415782733223,24.3015873015873
@chriscuomo,@TheAmalaEkpunobi,3.3328309928810183,24.313492063492063
@dollemore,@PragerU,3.3332823385920403,24.31746031746032
@TheMichaelCohenShow,@lonerboxlive,3.3336560788664773,24.325396825396826
@FarronBalanced,@AndrewKlavan,3.33384652887807,24.32936507936508
@JackCocchiarellaShow,@RealAmericasVoice,3.33445266431122,24.345238095238095
@RestPoliticsUS,@bbrettcooper,3.3354995006198345,24.365079365079364
@DemocracyNow,@MichaelKnowles,3.3369693473640445,24.384920634920633
@LegalAFMTN,@RubinReport,3.3371081243122975,24.3968253968254
@TheMichaelCohenShow,@X22Report-y5y,3.337359875209606,24.404761904761905
@TheHumanistReport,@TheAmalaEkpunobi,3.3373640811264926,24.408730158730158
@lovettorleaveitpodcast,@HangOutwithSeanHannity,3.337540223337955,24.416666666666668
@PoliticsJOE,@triggerpod,3.338124651509148,24.436507936507937
@DemocracyNow,@DarkHorsePod,3.3396176480949045,24.46428571428571
@bulwarkmedia,@MyronGainesX,3.339816815934671,24.476190476190478
@rolandsmartin,@JillianMichaels,3.33998665822392,24.48015873015873
@JackCocchiarellaShow,@ChadPrather1,3.3412572294757896,24.492063492063494
@SkyNews,@bbrettcooper,3.3412766871313266,24.496031746031747
@DemocracyDocket,@NewsmaxTV,3.3415410373987426,24.5
@SMN,@DrSteveTurleyTV,3.3420680879420166,24.51984126984127
@BreakThroughNews,@BlazeTV,3.3426238716347267,24.535714285714285
@TheSerfTimes,@StevenCrowder,3.3436893475809413,24.56746031746032
@podsaveamerica,@morebridgetphetasy,3.344015040142436,24.575396825396826
@PoliticsJOE,@morebridgetphetasy,3.34408327984108,24.57936507936508
@usefulidiots,@lonerboxlive,3.3441226607820544,24.583333333333332
@DropSiteNews,@TheAmalaEkpunobi,3.3442747622617146,24.591269841269842
@RebelHQ,@TheAmalaEkpunobi,3.3444427051958736,24.599206349206348
@DemocracyDocket,@TheAmalaEkpunobi,3.3444474067509744,24.6031746031746
@zeteo,@MattWalsh,3.3445470235233703,24.607142857142858
@harryjsisson,@The_Crucible,3.345080502544183,24.615079365079364
@LeejaMiller,@RubinReport,3.3458922883945266,24.623015873015873
@nousnetwork,@winston_marshall,3.3460280034547725,24.63095238095238
@destiny,@TheAdamCarollaShow1,3.3464905255025568,24.6468253968254
@thomhartmann,@nypost,3.346723823715412,24.654761904761905
@cafedotcom,@turningpointusa,3.3467717515092934,24.658730158730158
@PoliticsJOE,@StevenCrowder,3.347211481741107,24.666666666666668
@zeteo,@DarkHorsePod,3.347425713964581,24.67063492063492
@nousnetwork,@MyronGainesX,3.3477796209332027,24.69047619047619
@podsaveamerica,@CamHigby,3.348757011338925,24.714285714285715
@thomhartmann,@LiberalHivemind,3.349328824703011,24.734126984126984
@adammockler,@MrTariqNasheed,3.3493641957375107,24.738095238095237
@nousnetwork,@FreshFitMiami,3.3494511309420303,24.742063492063494
@PoliticsJOE,@winston_marshall,3.350016693156286,24.757936507936506
@harryjsisson,https://rumble.com/c/russellbrand,3.350054256358521,24.761904761904763
@podsaveamerica,@theisabelbrown,3.35071957985889,24.78174603174603
@NYTPodcasts,@newdiscourses,3.3509039683464836,24.785714285714285
@NYTPodcasts,@MLChristiansen,3.3515629713549075,24.789682539682538
@cafedotcom,@VivaFrei,3.352233188212488,24.793650793650794
@TheHumanistReport,@VivaFrei,3.352287273978391,24.797619047619047
@TheHumanistReport,@BenShapiro,3.353281663981984,24.80952380952381
@TheRealTabithaSpeaks,@TheAdamCarollaShow1,3.3543891083349195,24.821428571428573
@Vaush,@fightbackpodcast,3.3554144562307124,24.841269841269842
@MikeFromPA,@TomiLahrenIsFearless,3.3555272734014863,24.845238095238095
@LegalAFMTN,@JustPearlyThings,3.3559381198785094,24.849206349206348
@NYTPodcasts,@HangOutwithSeanHannity,3.356164707535153,24.8531746031746
@deanwithrs,@morebridgetphetasy,3.356221610346979,24.857142857142858
@OwenReport,@RedactedNews,3.3566118106861675,24.86111111111111
@Xanderhal,@TheBrianKilmeadeShow,3.356897988190907,24.869047619047617
@LeejaMiller,@Tim_Black,3.356938803579024,24.873015873015873
@zeteo,@RealAmericasVoice,3.3575398324553687,24.884920634920636
@NYTPodcasts,@chicksonright,3.3578804645886735,24.900793650793652
@Politicon,@TomiLahrenIsFearless,3.3588801036190774,24.936507936507937
@TheYoungTurks,@RebelNewsOnline,3.3592549894752675,24.952380952380953
@timesofindia,@jlptalk,3.3593803731292886,24.956349206349206
@TheSerfTimes,@TomiLahrenIsFearless,3.3597103103475074,24.964285714285715
@LeejaMiller,@HangOutwithSeanHannity,3.35979402670186,24.976190476190478
@JackCocchiarellaShow,@morebridgetphetasy,3.3605288739142782,24.988095238095237
@OwenJonesTalks,@TheOfficerTatum,3.3611280382568225,25.003968253968257
@BreakThroughNews,@AnthonyBrianLogan,3.361610242542802,25.01984126984127
@TheDamageReport,@nypost,3.363134755650268,25.063492063492067
@SkyNews,@RileyGaines,3.3636845308252292,25.07936507936508
@OwenJonesTalks,@RobertGouveiaEsq,3.364240938862133,25.087301587301585
@TheMichaelCohenShow,@Timcast,3.364316070230045,25.091269841269842
@TheHumanistReport,@Tim_Black,3.3644743940340804,25.099206349206348
@SMN,@BlazeTV,3.3663868394425323,25.11904761904762
@Vaush,@AndrewKlavan,3.366686729616601,25.123015873015873
@MikeFromPA,@glennbeck,3.367246604943321,25.126984126984127
@OwenReport,https://rumble.com/c/TheAlexJonesShowLive,3.370131727841641,25.178571428571427
@OwenReport,@OfficialSaharTV,3.370400545282068,25.186507936507933
@PTLRadioShow,@AfterPartyEmily,3.3706412639882606,25.202380952380953
@Politicon,@CamHigby,3.3706505589107785,25.206349206349206
@nytimes,@ZubyMusic,3.370876458800865,25.210317460317462
@TheDonLemonShow,@TheBrianKilmeadeShow,3.37147662661192,25.226190476190474
@MeidasTouch,@TimcastNews,3.3717670624881046,25.23015873015873
@MikeFromPA,@RealDanBongino,3.371919661256352,25.238095238095237
@chriscuomo,@ChadPrather1,3.3727811744480616,25.246031746031743
@franifio,@AnthonyBrianLogan,3.3730915901116894,25.25
@TheYoungTurks,@FreshFitMiami,3.3739949827709754,25.26984126984127
@LeejaMiller,@SaltyCracker,3.374185276104537,25.27777777777778
@underthedesknews,@newdiscourses,3.3758345212020897,25.305555555555554
@nousnetwork,@HangOutwithSeanHannity,3.3760185304881265,25.30952380952381
@TheDonLemonShow,https://rumble.com/c/nickjfuentes,3.3766163468934827,25.317460317460316
@samharrisorg,@PragerU,3.3773086701500827,25.333333333333336
@ajplus,@ThePodcastoftheLotusEaters,3.377389312067783,25.337301587301585
@SkyNews,@RubinReport,3.377484618533983,25.34523809523809
@BadEmpanadaLive,@MarkDice,3.3784084897627493,25.36904761904762
@GlennKirschner2,@TheBrianKilmeadeShow,3.3785082408289093,25.376984126984127
@DropSiteNews,@OfficialSaharTV,3.3792573301461664,25.392857142857146
@lovettorleaveitpodcast,@XAVIAER,3.3792833685134163,25.396825396825395
@BadEmpanadaLive,@triggerpod,3.3800523131476434,25.4047619047619
@briantylercohen,https://rumble.com/c/TheAlexJonesShowLive,3.3800939939420886,25.408730158730158
@franifio,@ChadPrather1,3.3801183852927243,25.416666666666664
@therationalnational,@theisabelbrown,3.380394891982497,25.42460317460317
@LegalAFMTN,@winston_marshall,3.3804060464572587,25.428571428571427
@MeidasTouch,@DrSteveTurleyTV,3.381240171276279,25.4484126984127
@destiny,https://rumble.com/c/TheAlexJonesShowLive,3.3813322829048187,25.452380952380953
@PiscoLitty,@oann,3.3814352844140587,25.460317460317462
@jimacosta,@MLChristiansen,3.381451366166619,25.46428571428571
@deanwithrs,@XAVIAER,3.3821246898333537,25.484126984126988
@PTLRadioShow,@lonerboxlive,3.3822967187001503,25.492063492063494
@DylanBurnsLIVE,@RufoandLomez,3.3825548457276544,25.496031746031743
@PTLRadioShow,@X22Report-y5y,3.383766624395514,25.523809523809526
@bulwarkmedia,@GrahamAllen,3.3839664117632475,25.52777777777778
https://rumble.com/c/GGreenwald,@marklevinshow,3.383968578658723,25.53174603174603
@underthedesknews,https://rumble.com/c/nickjfuentes,3.384059605730466,25.535714285714285
@judgingfreedom,@nationalreview,3.384175266885899,25.543650793650798
@fastpoliticspodcast,@turningpointusa,3.3846485136625124,25.55952380952381
@TheDamageReport,@MLChristiansen,3.384939521844423,25.567460317460316
@EzraKleinShow,@chicksonright,3.3855760794982,25.575396825396822
@TheRealTabithaSpeaks,@RebelNewsOnline,3.3858860667585917,25.583333333333336
@EzraKleinShow,@RubinReport,3.3865717864081146,25.595238095238095
@chriscuomo,@RubinReport,3.38659517189454,25.599206349206348
@TheDamageReport,@AnthonyBrianLogan,3.3867197590649205,25.603174603174605
@TheJoyReidShow,@X22Report-y5y,3.3870794493723984,25.607142857142858
@nousnetwork,@chicksonright,3.387399739771452,25.615079365079364
@SabbySabs,@ThePodcastoftheLotusEaters,3.3874916713818912,25.61904761904762
@underthedesknews,@triggerpod,3.3874920001525615,25.623015873015873
@RestPoliticsUS,@HangOutwithSeanHannity,3.3875569207700034,25.626984126984127
@OwenJonesTalks,@TomiLahrenIsFearless,3.3877570298835367,25.630952380952383
@thomhartmann,https://rumble.com/c/russellbrand,3.387966325314032,25.634920634920633
@Xanderhal,@BlazeTV,3.388861959448807,25.650793650793652
@BadEmpanadaLive,@RufoandLomez,3.390297213677271,25.67460317460317
@podsaveamerica,@MegynKelly,3.3909255317129214,25.686507936507937
@TheRealTabithaSpeaks,@MegynKelly,3.3915358257535115,25.6984126984127
@NYTPodcasts,https://rumble.com/c/nickjfuentes,3.3916822727047613,25.702380952380956
@TheLincolnProject,@MyronGainesX,3.392099156926784,25.710317460317462
@RestPoliticsUS,@ChadPrather1,3.3932828484689987,25.73015873015873
@SabbySabs,@BenShapiro,3.393499194969124,25.73412698412698
@zeteo,@ColemanHughesOfficial,3.39486128518205,25.746031746031743
@judgingfreedom,@Tim_Black,3.3956403757397404,25.765873015873016
@bulwarkmedia,@ChadPrather1,3.396449043195266,25.76984126984127
@HasanAbi,https://rumble.com/c/nickjfuentes,3.3966041061316563,25.773809523809522
@DemocracyDocket,@MarkDice,3.397606003828991,25.78968253968254
@MikeFromPA,@XAVIAER,3.397865564440246,25.793650793650798
@TheLincolnProject,@bbrettcooper,3.3980261200801767,25.801587301587304
@NovaraMedia,@FreshFitMiami,3.398085899239032,25.80952380952381
@nousnetwork,@turningpointusa,3.3987406230977077,25.825396825396822
@UnHerd,@CamHigby,3.398984311240934,25.82936507936508
@LegalAFMTN,@chicksonright,3.3991909239574167,25.837301587301585
@HasanAbi,https://rumble.com/c/russellbrand,3.400058238391708,25.853174603174605
@deanwithrs,@CamHigby,3.400285617966352,25.857142857142858
@LegalEagle,@nypost,3.4003696192978947,25.861111111111114
@DemocracyNow,@winston_marshall,3.4004185264313116,25.865079365079364
@MikeFromPA,@TheBrianKilmeadeShow,3.4006346709474333,25.873015873015877
@zeteo,@fightbackpodcast,3.400674612757186,25.876984126984127
@NYTPodcasts,@TomiLahrenIsFearless,3.400796889415579,25.880952380952383
@TheLincolnProject,https://rumble.com/c/TheAlexJonesShowLive,3.40102986355485,25.896825396825395
@PoliticsJOE,@AndrewKlavan,3.401360028507482,25.9047619047619
@chriscuomo,@SaltyCracker,3.4014029483779766,25.908730158730158
@judgingfreedom,https://rumble.com/c/TheAlexJonesShowLive,3.401460474521742,25.916666666666664
@bulwarkmedia,@RealAmericasVoice,3.4031361413126255,25.936507936507937
@franifio,@nypost,3.4033364041022955,25.94047619047619
@TheSerfTimes,@ZubyMusic,3.4035008571155303,25.9484126984127
@deanwithrs,@lizwheeler,3.4037975005562084,25.952380952380956
@lovettorleaveitpodcast,@GrahamAllen,3.4038928212400448,25.956349206349206
@SabbySabs,@TheAdamCarollaShow1,3.404302262958698,25.96825396825397
@zeteo,@TheAmalaEkpunobi,3.40467814450623,25.972222222222225
@GlennKirschner2,@lonerboxlive,3.405066257873704,25.976190476190474
@Politicon,@newdiscourses,3.4056138696225657,25.98015873015873
@SkyNews,@JillianMichaels,3.4062020364042462,25.988095238095237
@Forthepeoplepodcast305,@VivaFrei,3.4073669620536937,26.019841269841272
@DueDissidence,@TimcastNews,3.408386419599086,26.031746031746035
@therationalnational,@RobertGouveiaEsq,3.4097871619898097,26.05952380952381
@SkyNews,@RealAmericasVoice,3.409890300224578,26.067460317460316
@TheJoyReidShow,@LiberalHivemind,3.4108344134512754,26.095238095238095
@LegalAFMTN,@RobertGouveiaEsq,3.4110387567264873,26.099206349206348
@TheDonLemonShow,@Tim_Black,3.4110625604948583,26.103174603174605
@PoliticsJOE,@ZubyMusic,3.4112648233883864,26.107142857142858
@samharrisorg,@MattWalsh,3.4112906202235163,26.111111111111114
@HasanAbi,@Styxhexenhammer666,3.4129960877649,26.146825396825395
@TheMichaelCohenShow,@TheQuartering,3.413039579345107,26.150793650793652
@PoliticsGirl,@TheAmalaEkpunobi,3.4134983176417246,26.158730158730158
@adammockler,@marklevinshow,3.4137596544954634,26.166666666666664
@TheSerfTimes,@RufoandLomez,3.415856189252993,26.190476190476193
@SabbySabs,@JustPearlyThings,3.415969809033971,26.194444444444443
@Xanderhal,@oann,3.416442359607294,26.202380952380956
@LeejaMiller,@winston_marshall,3.416785746415078,26.210317460317462
@samharrisorg,@TomiLahrenIsFearless,3.416969277670009,26.21428571428571
@PTLRadioShow,@theisabelbrown,3.4181911391706725,26.222222222222225
@franifio,@glennbeck,3.418970721825135,26.242063492063494
@Xanderhal,@lonerboxlive,3.4190240516142723,26.246031746031743
@Forthepeoplepodcast305,@theisabelbrown,3.4194482307128786,26.25
@RebelHQ,@glennbeck,3.4195227660587513,26.253968253968253
@chriscuomo,@chicksonright,3.4195284648832986,26.257936507936506
@deanwithrs,@oann,3.4198828594729838,26.265873015873016
@bulwarkmedia,@CamHigby,3.420798902900328,26.27777777777778
@TheHumanistReport,@RealAmericasVoice,3.42096068337706,26.281746031746035
@nousnetwork,@RileyGaines,3.4212786777139774,26.285714285714285
@PoliticsJOE,@CamHigby,3.4215401806510184,26.29365079365079
@bulwarkmedia,@JustPearlyThings,3.4216547564000703,26.301587301587304
@OwenReport,@X22Report-y5y,3.4218523524126248,26.305555555555554
@chriscuomo,@winston_marshall,3.4218878313604253,26.30952380952381
@LegalEagle,@ChadPrather1,3.4224869922919257,26.317460317460316
@deanwithrs,@BenShapiro,3.4227785283517607,26.32936507936508
@JackCocchiarellaShow,@RedactedNews,3.4227954410339807,26.333333333333332
@SecularTalk,https://rumble.com/c/nickjfuentes,3.423241129875157,26.341269841269842
@adammockler,@TheAdamCarollaShow1,3.423336178834888,26.3531746031746
@deanwithrs,@FoxNews,3.4238870809043798,26.357142857142858
@RebelHQ,@marklevinshow,3.4242448748996512,26.365079365079364
@UnHerd,@RebelNewsOnline,3.4242645919426558,26.36904761904762
@EzraKleinShow,@MattWalsh,3.424486583581385,26.380952380952383
@deanwithrs,@MrTariqNasheed,3.424602082011092,26.38888888888889
@TheHumanistReport,@theisabelbrown,3.4248380946341883,26.39285714285714
@NovaraMedia,@RebelNewsOnline,3.425229425462924,26.400793650793652
@Vaush,@MichaelKnowles,3.425449215355146,26.408730158730158
@HasanAbi,@lizwheeler,3.4264485607200306,26.42063492063492
@BadEmpanadaLive,@TomiLahrenIsFearless,3.426671528079233,26.42857142857143
@SabbySabs,@PartOfTheProblem,3.42779094386789,26.460317460317462
@TheLincolnProject,@TomiLahrenIsFearless,3.4278350897410492,26.46428571428571
@lovettorleaveitpodcast,@RealAmericasVoice,3.42785629847999,26.46825396825397
@MeidasTouch,@RubinReport,3.4280631239161745,26.472222222222225
@judgingfreedom,@MegynKelly,3.4280868023747884,26.476190476190474
@LegalEagle,@RufoandLomez,3.4288791079458267,26.496031746031747
@TheMichaelCohenShow,@DrSteveTurleyTV,3.4291832163345153,26.50793650793651
@BadEmpanadaLive,@DarkHorsePod,3.429608383021244,26.519841269841272
@usefulidiots,@RubinReport,3.4296850096691243,26.531746031746035
@TheAtlantic,@TheAmalaEkpunobi,3.4307420182379333,26.551587301587304
@MikeFromPA,@MichaelKnowles,3.4311220687920647,26.55952380952381
@GlennKirschner2,@glennbeck,3.431736547831215,26.567460317460316
@Politicon,https://rumble.com/c/TheAlexJonesShowLive,3.432170010912208,26.57936507936508
@therationalnational,@OfficialSaharTV,3.4328153638704952,26.591269841269842
@DylanBurnsLIVE,@ZubyMusic,3.4330004516215733,26.59920634920635
@BreakThroughNews,@MyronGainesX,3.433340548071865,26.62301587301587
@judgingfreedom,@TheBrianKilmeadeShow,3.4338372602999256,26.634920634920633
@TheDonLemonShow,@RebelNewsOnline,3.4349993377804684,26.66269841269841
@zeteo,@SaltyCracker,3.435067268718901,26.666666666666668
@TheRealTabithaSpeaks,@MyronGainesX,3.435461098971961,26.686507936507937
@franifio,@triggerpod,3.4365824251543486,26.706349206349206
@NYTPodcasts,@RealAmericasVoice,3.438676267689894,26.738095238095237
@destiny,@OfficialSaharTV,3.439577643807168,26.75
@Vox,@bbrettcooper,3.4400009883762186,26.761904761904766
@TheLincolnProject,@RubinReport,3.4400593893378475,26.765873015873016
@nousnetwork,@clayandbuck,3.44056445604009,26.769841269841272
@LegalAFMTN,@oann,3.4408589996984977,26.785714285714285
@podsaveamerica,@OfficialSaharTV,3.4410825550609396,26.79365079365079
@Politicon,@turningpointusa,3.441267737299818,26.801587301587304
@nytimes,@HangOutwithSeanHannity,3.441751395337949,26.813492063492063
https://rumble.com/c/GGreenwald,@OfficialSaharTV,3.442214759952475,26.82936507936508
@TheSerfTimes,@The_Crucible,3.4426863203078546,26.83730158730159
@destiny,@RobertGouveiaEsq,3.4442077800492985,26.865079365079364
@TheAtlantic,@fightbackpodcast,3.4444301852336316,26.86904761904762
@Politicon,@MyronGainesX,3.4446456508810224,26.876984126984127
@DropSiteNews,@The_Crucible,3.445360541213436,26.884920634920633
@podsaveamerica,@glennbeck,3.44589189636888,26.88888888888889
@OwenReport,https://rumble.com/c/nickjfuentes,3.4461511315470625,26.896825396825395
@PiscoLitty,@lonerboxlive,3.446592776016653,26.908730158730158
@TheMajorityReport,@glennbeck,3.4467805885564724,26.91269841269841
@TheRealTabithaSpeaks,@RedactedNews,3.4470699758398093,26.924603174603174
@TheDonLemonShow,@RedactedNews,3.447103687322256,26.92857142857143
@TheRealTabithaSpeaks,@PragerU,3.4473791302926573,26.936507936507937
@SecularTalk,@TheQuartering,3.4474213906425533,26.940476190476193
@TheDamageReport,@winston_marshall,3.4476100975357644,26.9484126984127
@DueDissidence,@marklevinshow,3.448207408733306,26.960317460317462
@HasanAbi,@ZubyMusic,3.4491633924819562,26.97222222222222
@Xanderhal,@AndrewKlavan,3.4495511434893755,26.98015873015873
@thomhartmann,@RealAmericasVoice,3.450300968665583,27.00793650793651
@RestPoliticsUS,@RubinReport,3.451050732895118,27.02777777777778
@DueDissidence,@lonerboxlive,3.451439723401752,27.04365079365079
@usefulidiots,@lizwheeler,3.451501078106151,27.051587301587304
@marclamonthillnetwork,@HangOutwithSeanHannity,3.4526645000778164,27.079365079365083
@FarronBalanced,@theisabelbrown,3.45290455649783,27.08730158730159
@chriscuomo,@TomiLahrenIsFearless,3.4533439693178094,27.091269841269845
@HasanAbi,@ThePodcastoftheLotusEaters,3.4533458670003574,27.095238095238095
@EzraKleinShow,@MarkDice,3.4533756050560864,27.09920634920635
@DylanBurnsLIVE,@ActualJusticeWarrior,3.454526343744611,27.126984126984127
@Vaush,@chicksonright,3.454740261037712,27.13888888888889
@TheJoyReidShow,@PartOfTheProblem,3.455296275754677,27.16269841269841
@DemocracyDocket,@ThePodcastoftheLotusEaters,3.455547098969314,27.170634920634924
@Politicon,@TheAmalaEkpunobi,3.4556169035568303,27.17857142857143
@TheRealTabithaSpeaks,@MattWalsh,3.4562253700150647,27.1984126984127
@RebelHQ,@morebridgetphetasy,3.4567723687275285,27.21428571428571
@LeverNews,@ColemanHughesOfficial,3.4571416960023007,27.23809523809524
@judgingfreedom,@X22Report-y5y,3.457145256377045,27.24206349206349
@LegalEagle,@RubinReport,3.457205122050802,27.246031746031747
@FarronBalanced,@glennbeck,3.4576275038701394,27.253968253968253
@DemocracyDocket,@marklevinshow,3.4579084270323226,27.273809523809522
@TheSerfTimes,@OfficialSaharTV,3.4588314918938803,27.29365079365079
@RebelHQ,@StevenCrowder,3.459840642680254,27.317460317460316
@SkyNews,@NewsmaxTV,3.460131808804435,27.329365079365083
@marclamonthillnetwork,@XAVIAER,3.460191015663906,27.333333333333332
@dollemore,@morebridgetphetasy,3.460642822663699,27.34920634920635
@cafedotcom,@TheAdamCarollaShow1,3.460674087437524,27.3531746031746
@LegalEagle,@theisabelbrown,3.4609038013937687,27.361111111111114
@samharrisorg,@CamHigby,3.461047248012655,27.365079365079364
@podsaveamerica,@TheOfficerTatum,3.461256803112406,27.37301587301587
@samharrisorg,@JesseKellyDC,3.4616544760262347,27.384920634920633
@nytimes,@BlazeTV,3.462612652977482,27.40873015873016
@lovettorleaveitpodcast,@FreshFitMiami,3.462832881043893,27.416666666666668
@RestPoliticsUS,@AlexStein99,3.463327304147988,27.42857142857143
@JackCocchiarellaShow,@DarkHorsePod,3.4635124048464814,27.43253968253968
@TheRealTabithaSpeaks,https://rumble.com/c/russellbrand,3.4640335070927284,27.440476190476193
@bulwarkmedia,@AnthonyBrianLogan,3.4640891370787483,27.444444444444443
@NPR,@TomiLahrenIsFearless,3.464101560109707,27.4484126984127
@bulwarkmedia,@glennbeck,3.464151782140335,27.45238095238095
@Vaush,@TheQuartering,3.4641589682516143,27.456349206349206
@StatusCoup,@nypost,3.464426278479928,27.460317460317462
@PiscoLitty,@XAVIAER,3.4646406249213557,27.46428571428571
@TheDamageReport,@clayandbuck,3.4653558562638085,27.47222222222222
@destiny,https://rumble.com/c/russellbrand,3.4656554464642464,27.476190476190474
@BreakThroughNews,@OfficialSaharTV,3.465809556970115,27.484126984126984
@chriscuomo,@FreshFitMiami,3.466048445375604,27.48809523809524
@deanwithrs,@SaltyCracker,3.466189456655165,27.496031746031747
@RonPlacone,@FreshFitMiami,3.4663269236674594,27.503968253968253
@MikeFromPA,@MyronGainesX,3.466891267716087,27.515873015873016
@TheHumanistReport,@AfterPartyEmily,3.4678724511455163,27.531746031746028
@TheMichaelCohenShow,@TheBrianKilmeadeShow,3.468214764550157,27.53968253968254
@lovettorleaveitpodcast,@AfterPartyEmily,3.4683694601067114,27.547619047619047
@breakingpoints,@triggerpod,3.4687692085243262,27.5515873015873
@TheHumanistReport,@The_Crucible,3.469276214749966,27.55952380952381
@Forthepeoplepodcast305,@RebelNewsOnline,3.4700800526037896,27.57142857142857
@nytimes,@ChadPrather1,3.471372903477798,27.59920634920635
@RebelHQ,@triggerpod,3.472334627416255,27.626984126984127
@adammockler,@TimcastNews,3.47448884739361,27.65079365079365
@TheDonLemonShow,@PartOfTheProblem,3.4744950145561795,27.654761904761905
@TheHumanistReport,@bbrettcooper,3.4747990593627867,27.66269841269841
@BadEmpanadaLive,@TimcastNews,3.4748134690450523,27.666666666666668
@TheLincolnProject,@RebelNewsOnline,3.475078743697077,27.670634920634924
@PiscoLitty,@MichaelKnowles,3.4750871085328203,27.674603174603174
@SMN,@TheAdamCarollaShow1,3.475199836758356,27.68253968253968
@deanwithrs,@RileyGaines,3.475365001877392,27.686507936507937
@zeteo,@FreshFitMiami,3.475823624177007,27.706349206349206
@HasanAbi,@RealAmericasVoice,3.4768263130480705,27.726190476190478
@TheJoyReidShow,@newdiscourses,3.4775372220175713,27.73015873015873
@nousnetwork,@JustPearlyThings,3.4777368959332406,27.73809523809524
@TheHumanistReport,@StevenCrowder,3.477868477284363,27.746031746031747
@Xanderhal,@marklevinshow,3.478107430031128,27.750000000000004
@TheSerfTimes,@triggerpod,3.4783238436534836,27.76190476190476
@usefulidiots,@AlexStein99,3.478390167034388,27.769841269841272
@thomhartmann,@oann,3.479038406262609,27.77777777777778
@NPR,@RebelNewsOnline,3.4790866055527863,27.781746031746028
@destiny,@triggerpod,3.4791792248484867,27.785714285714285
@Forthepeoplepodcast305,@MegynKelly,3.479960639096462,27.79365079365079
@TheHumanistReport,@lonerboxlive,3.48068926275451,27.805555555555557
@dollemore,@MegynKelly,3.481096181291405,27.81746031746032
@GlennKirschner2,@MarkDice,3.481710116095635,27.82142857142857
@thedavidpakmanshow,@TimcastIRL,3.481856682469046,27.825396825396826
@TheSerfTimes,@marklevinshow,3.4819781261066964,27.829365079365083
@EzraKleinShow,@nypost,3.4827171710282676,27.84126984126984
@DemocracyDocket,@RebelNewsOnline,3.482949595948351,27.845238095238095
@podsaveamerica,@BlazeTV,3.483728374940952,27.865079365079364
@PoliticsJOE,@bbrettcooper,3.484007004193737,27.876984126984127
@bulwarkmedia,@turningpointusa,3.484532711865669,27.884920634920636
@GlennKirschner2,@The_Crucible,3.484825808270597,27.8968253968254
https://rumble.com/c/GGreenwald,@lizwheeler,3.4854123732695372,27.904761904761905
@therationalnational,@LiberalHivemind,3.485961012022133,27.924603174603174
@DylanBurnsLIVE,@triggerpod,3.4863261818676707,27.93253968253968
@Vaush,@MarkDice,3.48644311128437,27.936507936507937
@TheDamageReport,@marklevinshow,3.4879232269344005,27.96825396825397
@breakingpoints,@marklevinshow,3.488618693724187,27.976190476190478
@StatusCoup,@JillianMichaels,3.488739505241754,27.980158730158735
@SMN,@PragerU,3.489139575842629,27.99206349206349
@MikeFromPA,@ZubyMusic,3.489476563812835,27.996031746031747
@nousnetwork,@SaltyCracker,3.4895705659621874,28.000000000000004
@bulwarkmedia,@AfterPartyEmily,3.4913319972606933,28.03968253968254
@nousnetwork,@AlexStein99,3.4914143229217136,28.047619047619047
@PoliticsJOE,@AnthonyBrianLogan,3.4917433498511192,28.055555555555557
@PiscoLitty,@GrahamAllen,3.492244226571161,28.07142857142857
@SMN,https://rumble.com/c/nickjfuentes,3.493749268898891,28.095238095238095
@BreakThroughNews,@PragerU,3.493900016133147,28.09920634920635
@breakingpoints,@GrahamAllen,3.4939709358654696,28.107142857142858
@thedavidpakmanshow,@JesseKellyDC,3.4943023991141167,28.11904761904762
@adammockler,@nypost,3.4953627190686287,28.142857142857142
@DoubleDownNews,@TheOfficerTatum,3.4956086645297484,28.15079365079365
@Forthepeoplepodcast305,@bbrettcooper,3.495619368437936,28.154761904761905
@JackCocchiarellaShow,@RebelNewsOnline,3.4957583261497343,28.15873015873016
@TheSerfTimes,@bbrettcooper,3.4959565289306584,28.16269841269841
@GeopoliticalEconomyReport,@bbrettcooper,3.4961322703520668,28.166666666666668
@OwenJonesTalks,@DarkHorsePod,3.4972692732188584,28.19047619047619
@SkyNews,@RedactedNews,3.4974236271552916,28.194444444444443
@Vox,@AndrewKlavan,3.4976187186114904,28.202380952380953
@samharrisorg,@SaltyCracker,3.4978872818578526,28.21825396825397
@Vox,@RebelNewsOnline,3.498239194553363,28.230158730158728
@RestPoliticsUS,@GrahamAllen,3.4985157234842,28.24206349206349
@rolandsmartin,@CamHigby,3.4986320824542467,28.249999999999996
@MikeFromPA,@AndrewKlavan,3.4990450586004367,28.26190476190476
@bulwarkmedia,@NewsmaxTV,3.500419478206401,28.273809523809522
@HasanAbi,@XAVIAER,3.500698914506044,28.27777777777778
@thegrayzone7996,@JesseKellyDC,3.5018646824919064,28.285714285714285
@Vaush,@lizwheeler,3.502753152268407,28.31746031746032
@EzraKleinShow,@FreshFitMiami,3.502984954815286,28.329365079365083
@RonPlacone,@fightbackpodcast,3.5043379884283157,28.365079365079364
@NovaraMedia,@RedactedNews,3.504339335143735,28.36904761904762
@BadFaithPodcast,@RealAlexClark,3.5048713054675527,28.38095238095238
@BreakThroughNews,@Styxhexenhammer666,3.5051342683389204,28.388888888888893
https://rumble.com/c/GGreenwald,@CamHigby,3.5051679899005466,28.392857142857142
@RebelHQ,@RebelNewsOnline,3.505214568092019,28.3968253968254
https://rumble.com/c/GGreenwald,@AlexStein99,3.505327222866212,28.404761904761905
@deanwithrs,@DrSteveTurleyTV,3.5053365701014987,28.40873015873016
@DylanBurnsLIVE,@fightbackpodcast,3.5060746503540905,28.43253968253968
@Politicon,https://rumble.com/c/nickjfuentes,3.506449256347882,28.444444444444443
@LegalEagle,@AndrewKlavan,3.50652039098838,28.4484126984127
@TheMajorityReport,@RobertGouveiaEsq,3.5075574364018873,28.47222222222222
@BadEmpanadaLive,@TheBrianKilmeadeShow,3.50823995500093,28.484126984126984
@Vaush,@OfficialSaharTV,3.5090417694771276,28.49206349206349
@PTLRadioShow,https://rumble.com/c/TheAlexJonesShowLive,3.509824204151891,28.496031746031747
https://rumble.com/c/GGreenwald,@RebelNewsOnline,3.5101023187663727,28.503968253968253
@thomhartmann,@BlazeTV,3.510217192977521,28.50793650793651
@TheHumanistReport,@RedactedNews,3.510410375759804,28.523809523809522
@GlennKirschner2,@ActualJusticeWarrior,3.5115969891292993,28.5515873015873
@underthedesknews,@HangOutwithSeanHannity,3.512249821842292,28.555555555555557
@SabbySabs,@MichaelKnowles,3.512281029739533,28.559523809523807
@RonPlacone,@AnthonyBrianLogan,3.512283013854318,28.563492063492063
@StatusCoup,@fightbackpodcast,3.513116904810066,28.575396825396826
@TheHumanistReport,@TheBrianKilmeadeShow,3.513166513560635,28.579365079365076
@MikeFromPA,@chicksonright,3.514065340905337,28.61904761904762
@SkyNews,@RealDanBongino,3.5141536706054226,28.62698412698413
@chriscuomo,@DarkHorsePod,3.5141775243777253,28.63095238095238
@StatusCoup,@oann,3.514311430915835,28.634920634920636
@rolandsmartin,@FreshFitMiami,3.514668341528935,28.642857142857142
@TheAtlantic,@MichaelKnowles,3.5147672121285134,28.6468253968254
@HasanAbi,@MichaelKnowles,3.514904856837976,28.65079365079365
@TheHumanistReport,@TheAdamCarollaShow1,3.5156010638119675,28.66269841269841
@DropSiteNews,@ColemanHughesOfficial,3.5159870825127215,28.674603174603174
@FarronBalanced,@RedactedNews,3.516434308077865,28.686507936507937
@LeejaMiller,@JesseKellyDC,3.5165028964424456,28.69047619047619
@nousnetwork,@ThePodcastoftheLotusEaters,3.516700652846016,28.694444444444443
@PiscoLitty,@winston_marshall,3.516770596977236,28.6984126984127
@SabbySabs,@MyronGainesX,3.517002429251016,28.70634920634921
@OwenJonesTalks,@RedactedNews,3.5180808452894126,28.730158730158728
@PoliticsJOE,@theisabelbrown,3.518349542318787,28.734126984126984
@bulwarkmedia,@ZubyMusic,3.519408282085315,28.75793650793651
@Vaush,@RealAmericasVoice,3.51941998589898,28.76190476190476
@LeverNews,@MrTariqNasheed,3.5195555058553336,28.765873015873016
@NovaraMedia,@ColemanHughesOfficial,3.5205854193138606,28.77777777777778
@thedavidpakmanshow,@Timcast,3.520666386925309,28.78174603174603
@NYTPodcasts,@LiberalHivemind,3.5212352591368705,28.789682539682538
@LukeBeasley,@DrSteveTurleyTV,3.521423807941055,28.793650793650794
@Xanderhal,@SydneyWatson,3.521528414950844,28.79761904761905
@jimacosta,@ChadPrather1,3.523650648046991,28.84126984126984
@RestPoliticsUS,@DarkHorsePod,3.524273546381483,28.857142857142858
@LegalAFMTN,@MichaelKnowles,3.5245715679443843,28.865079365079367
@MikeFromPA,@LiberalHivemind,3.524667211102757,28.869047619047617
https://rumble.com/c/GGreenwald,@bbrettcooper,3.525242725825467,28.87698412698413
@usefulidiots,@clayandbuck,3.525515592397917,28.88095238095238
@dollemore,@BenShapiro,3.525861289163115,28.888888888888886
@therationalnational,@MegynKelly,3.525890870189054,28.892857142857142
@HasanAbi,@GrahamAllen,3.52618526529554,28.8968253968254
@SabbySabs,@XAVIAER,3.526332825169439,28.91269841269841
@TheAtlantic,@GrahamAllen,3.5263516544840727,28.916666666666668
@NPR,@NewsmaxTV,3.526637780969256,28.924603174603174
@thedavidpakmanshow,https://rumble.com/c/TheAlexJonesShowLive,3.5270094417984605,28.936507936507937
@Xanderhal,@FreshFitMiami,3.5273992792752056,28.9484126984127
@PoliticsJOE,@AfterPartyEmily,3.5274033807540506,28.952380952380953
@TheSerfTimes,@DarkHorsePod,3.527465560157985,28.95634920634921
@SecularTalk,@MichaelKnowles,3.527513703768992,28.96031746031746
@EzraKleinShow,@triggerpod,3.5279645208407446,28.97222222222222
@BadEmpanadaLive,@OfficialSaharTV,3.528101967755752,28.984126984126984
@DylanBurnsLIVE,@winston_marshall,3.5283620838809933,28.99206349206349
@Politicon,@TheBrianKilmeadeShow,3.5284402326169917,28.996031746031747
@judgingfreedom,@DrSteveTurleyTV,3.5285424896148725,28.999999999999996
@LegalAFMTN,@JillianMichaels,3.528864009365855,29.00793650793651
@destiny,@glennbeck,3.5291301598681195,29.01190476190476
@LeejaMiller,@clayandbuck,3.529471465832389,29.015873015873016
@BadEmpanadaLive,@RebelNewsOnline,3.529727695915035,29.023809523809526
@dollemore,@HangOutwithSeanHannity,3.5297379408375176,29.02777777777778
@NYTPodcasts,@Tim_Black,3.5299177651970566,29.03174603174603
@adammockler,@ChadPrather1,3.530279394213256,29.043650793650794
@adammockler,@ActualJusticeWarrior,3.5303088237403153,29.04761904761905
@rolandsmartin,@JesseKellyDC,3.530393273367649,29.0515873015873
@BadEmpanadaLive,@LiberalHivemind,3.530492057485712,29.059523809523807
@TheSerfTimes,@AndrewKlavan,3.530507810516525,29.063492063492063
@BadEmpanadaLive,@MLChristiansen,3.531257396409125,29.083333333333332
@nytimes,@XAVIAER,3.5320593370646938,29.11111111111111
@marclamonthillnetwork,@FreshFitMiami,3.5321440329655585,29.115079365079367
@DylanBurnsLIVE,@oann,3.532203324052126,29.119047619047617
@destiny,@dineshdsouza,3.532350885450993,29.123015873015873
@DemocracyDocket,@MyronGainesX,3.5325339595199643,29.138888888888886
@TheYoungTurks,@TheBrianKilmeadeShow,3.532679101929931,29.142857142857142
@bulwarkmedia,@ColemanHughesOfficial,3.533112470093182,29.154761904761905
@OwenJonesTalks,@PartOfTheProblem,3.5338945212369675,29.174603174603174
@Forthepeoplepodcast305,@RedactedNews,3.5347263848210098,29.194444444444446
@BadEmpanadaLive,@RobertGouveiaEsq,3.535500926301034,29.21031746031746
@destiny,@LiberalHivemind,3.5359137378917778,29.22222222222222
@LeejaMiller,@MarkDice,3.5359310867120635,29.226190476190478
@LegalEagle,@MyronGainesX,3.536506980329064,29.253968253968253
@TheYoungTurks,@MarkDice,3.5370995337423636,29.265873015873016
@breakingpoints,@AlexStein99,3.537622187521753,29.28174603174603
@NYTPodcasts,@turningpointusa,3.5376982819685536,29.28571428571429
@LeejaMiller,@DarkHorsePod,3.538167272088823,29.29761904761905
@rolandsmartin,@DarkHorsePod,3.5384158836904573,29.3015873015873
@Vaush,@XAVIAER,3.538515886169724,29.305555555555557
@chriscuomo,@JesseKellyDC,3.539059623831452,29.313492063492063
@TheAtlantic,@JesseKellyDC,3.539071663161588,29.31746031746032
@Politicon,@FreshFitMiami,3.5393272036198886,29.333333333333332
@nytimes,@MichaelKnowles,3.5399823077068233,29.341269841269842
@nytimes,@StevenCrowder,3.540228267777746,29.349206349206348
@SabbySabs,@RealAmericasVoice,3.5406202761195757,29.36111111111111
@usefulidiots,@RufoandLomez,3.5408586801197286,29.369047619047617
@NovaraMedia,@TheOfficerTatum,3.5413351475773798,29.37698412698413
@TheSerfTimes,@ThePodcastoftheLotusEaters,3.5419895890763406,29.3968253968254
@deanwithrs,@AlexStein99,3.5420030576816597,29.40079365079365
@DueDissidence,@dineshdsouza,3.5427866625804048,29.424603174603174
@MeidasTouch,@AnthonyBrianLogan,3.5433531679774886,29.44047619047619
@Vaush,@AnthonyBrianLogan,3.5439153428892745,29.444444444444446
@PTLRadioShow,@LiberalHivemind,3.543976861111301,29.45634920634921
@RestPoliticsUS,@chicksonright,3.544168914341623,29.464285714285715
@samharrisorg,@nypost,3.5445889652914975,29.476190476190478
@nousnetwork,@Styxhexenhammer666,3.5447226836498738,29.488095238095234
@jimacosta,@NewsmaxTV,3.5448902123933133,29.5
@OwenReport,@PragerU,3.545702353126001,29.511904761904763
@franifio,@TomiLahrenIsFearless,3.545857456428729,29.51984126984127
@JamarlThomas,@RubinReport,3.546628091516759,29.54761904761905
@StatusCoup,@MLChristiansen,3.5466404918389314,29.555555555555557
@deanwithrs,@RealDanBongino,3.5471433276737785,29.559523809523807
@TheLincolnProject,@RobertGouveiaEsq,3.547706457756764,29.575396825396826
@BadEmpanadaLive,@MattWalsh,3.5477090449581734,29.57936507936508
@TheJoyReidShow,@OfficialSaharTV,3.5478788397783805,29.591269841269842
@msnow,@RebelNewsOnline,3.5480190906593503,29.595238095238095
@BadEmpanadaLive,@TheAdamCarollaShow1,3.54805170357922,29.599206349206348
@usefulidiots,@BlazeTV,3.548132543168846,29.603174603174605
@dollemore,@MrTariqNasheed,3.548176202402576,29.60714285714286
@LegalEagle,@OfficialSaharTV,3.54828059214544,29.61111111111111
@DueDissidence,@JillianMichaels,3.548389207160804,29.615079365079367
@bulwarkmedia,@BenShapiro,3.5486760512949376,29.623015873015873
@SecularTalk,@RubinReport,3.550463592355234,29.65079365079365
@PoliticsJOE,@Styxhexenhammer666,3.550929471031409,29.658730158730158
@thedavidpakmanshow,@SaltyCracker,3.5511764102627756,29.66269841269841
@TheMichaelCohenShow,@BlazeTV,3.5515256460150044,29.67063492063492
@SMN,@FoxNews,3.5519747636163825,29.682539682539684
@DropSiteNews,@bbrettcooper,3.5526999474187555,29.70634920634921
@MikeFromPA,@AlexStein99,3.5527944836037757,29.71031746031746
@PoliticsJOE,@nypost,3.552845677758776,29.714285714285715
@Politicon,@nationalreview,3.5533692775339403,29.72222222222222
@lovettorleaveitpodcast,@MichaelKnowles,3.55467755667298,29.74206349206349
@TheSerfTimes,@MLChristiansen,3.5548430786613596,29.746031746031747
@SabbySabs,@AlexStein99,3.5550133001517508,29.757936507936506
@GlennKirschner2,https://rumble.com/c/TheAlexJonesShowLive,3.555070094485657,29.761904761904763
@DemocracyDocket,@OfficialSaharTV,3.555116557898053,29.76587301587302
@TheAtlantic,@DarkHorsePod,3.5552072418432275,29.76984126984127
@SecularTalk,@JillianMichaels,3.5554205337844267,29.773809523809526
@Forthepeoplepodcast305,@TheBrianKilmeadeShow,3.55699202953574,29.797619047619044
@podsaveamerica,@TheAmalaEkpunobi,3.557741690653742,29.813492063492063
@deanwithrs,@TheAdamCarollaShow1,3.5580412954664564,29.817460317460316
@FarronBalanced,@FreshFitMiami,3.5595251296722767,29.833333333333336
@NPR,@morebridgetphetasy,3.5598755495209153,29.837301587301585
@zeteo,@XAVIAER,3.5605952537273224,29.86111111111111
@OwenJonesTalks,@oann,3.560962836573812,29.87698412698413
@TheMajorityReport,@ColemanHughesOfficial,3.5609748273240722,29.88095238095238
@GeopoliticalEconomyReport,@theisabelbrown,3.5610177219731933,29.884920634920636
@Forthepeoplepodcast305,@PragerU,3.5612770663348736,29.90079365079365
@HasanAbi,@winston_marshall,3.5622305344806993,29.91269841269841
@thedavidpakmanshow,@ThePodcastoftheLotusEaters,3.562701963366011,29.92063492063492
@therationalnational,@VivaFrei,3.563096070147369,29.924603174603178
@DropSiteNews,@ActualJusticeWarrior,3.5636271772951695,29.93650793650794
@usefulidiots,@RileyGaines,3.564247297033575,29.948412698412696
@RebelHQ,@RufoandLomez,3.564539496910919,29.95634920634921
@nousnetwork,@AnthonyBrianLogan,3.5654917132961566,29.968253968253965
@underthedesknews,@StevenCrowder,3.565702695323801,29.976190476190478
@SabbySabs,@winston_marshall,3.5658379257329607,29.984126984126984
@UnHerd,@ThePodcastoftheLotusEaters,3.565894510181129,29.988095238095237
@TheSerfTimes,@FreshFitMiami,3.566105658996842,29.992063492063494
@SabbySabs,@SaltyCracker,3.566395419264761,30.0
@chriscuomo,@MarkDice,3.5666199236930605,30.003968253968257
@BreakThroughNews,@TheAmalaEkpunobi,3.5671296490705147,30.01587301587302
@deanwithrs,@OfficialSaharTV,3.567500658026116,30.03174603174603
@therationalnational,@PragerU,3.5690542731263837,30.047619047619044
@breakingpoints,@TheQuartering,3.571225786969674,30.091269841269842
@PiscoLitty,@chicksonright,3.571320544473173,30.0952380952381
@SkyNews,@theisabelbrown,3.571539096543572,30.103174603174605
https://rumble.com/c/GGreenwald,@StevenCrowder,3.571548804456376,30.107142857142854
@zeteo,@oann,3.5728909525541113,30.142857142857142
@TheDamageReport,@ChadPrather1,3.573148848158975,30.146825396825395
@nousnetwork,@triggerpod,3.573783360641741,30.158730158730158
@JackCocchiarellaShow,@AndrewKlavan,3.5742161378160193,30.17063492063492
@cafedotcom,@X22Report-y5y,3.5744096777546104,30.174603174603178
@TheYoungTurks,@lonerboxlive,3.574535409439768,30.178571428571427
@PTLRadioShow,@RobertGouveiaEsq,3.5746097684301312,30.182539682539684
@TheHumanistReport,@MegynKelly,3.575045805293602,30.194444444444446
@TheYoungTurks,@MattWalsh,3.5756585845322655,30.20634920634921
@rolandsmartin,@XAVIAER,3.5764389440477515,30.22222222222222
@TheYoungTurks,@TimcastNews,3.5766837335849675,30.234126984126984
@TheJoyReidShow,@Tim_Black,3.5767287658049156,30.238095238095237
@NYTPodcasts,@MichaelMaliceofficial,3.5768581086383247,30.242063492063494
@zeteo,@JesseKellyDC,3.5771982512150156,30.257936507936506
@lovettorleaveitpodcast,@VivaFrei,3.57725105893155,30.261904761904763
@LegalAFMTN,@ChadPrather1,3.5773730136087574,30.26587301587302
@samharrisorg,@FreshFitMiami,3.577465468297212,30.26984126984127
@SMN,@TimcastNews,3.577846388007173,30.277777777777775
@TheHumanistReport,@X22Report-y5y,3.5784653798967696,30.28571428571429
@MikeFromPA,@CamHigby,3.578740687732516,30.293650793650794
@TheDonLemonShow,@AfterPartyEmily,3.578773885433865,30.297619047619044
@SMN,https://rumble.com/c/russellbrand,3.579516710459042,30.305555555555557
@LegalEagle,@RealAmericasVoice,3.5798712418700096,30.30952380952381
@DemocracyDocket,@lizwheeler,3.580183283859465,30.313492063492063
@marclamonthillnetwork,@JesseKellyDC,3.5814750885134647,30.333333333333336
@Politicon,@MLChristiansen,3.58160918384005,30.341269841269842
@breakingpoints,@clayandbuck,3.583690413247823,30.38095238095238
@SkyNews,@ZubyMusic,3.5840077224837343,30.384920634920636
@adammockler,@RobertGouveiaEsq,3.584208709395638,30.388888888888886
@nousnetwork,@bbrettcooper,3.5847962184461903,30.400793650793652
@DemocracyNow,https://rumble.com/c/TheAlexJonesShowLive,3.584799306672552,30.404761904761905
@TheLincolnProject,@TheAdamCarollaShow1,3.5851968156940974,30.42063492063492
@nousnetwork,@ChadPrather1,3.585538734545254,30.432539682539684
@jimacosta,@bbrettcooper,3.586033313750893,30.44047619047619
@TheMajorityReport,@FreshFitMiami,3.5860566438003003,30.444444444444446
https://rumble.com/c/GGreenwald,@NewsmaxTV,3.5876648417997363,30.464285714285715
@Politicon,@TheAdamCarollaShow1,3.5877776933369527,30.47222222222222
@dollemore,@RileyGaines,3.5879441326682153,30.484126984126984
@TheHumanistReport,@AndrewKlavan,3.58798284170997,30.488095238095237
@deanwithrs,@MarkDice,3.58814308247089,30.496031746031747
@LegalEagle,@glennbeck,3.588382144308854,30.503968253968257
@TheDamageReport,@The_Crucible,3.588403283239759,30.507936507936506
@breakingpoints,@MLChristiansen,3.588596499581417,30.51984126984127
@chriscuomo,https://rumble.com/c/russellbrand,3.5886852718347972,30.527777777777775
@RestPoliticsUS,@marklevinshow,3.588825610167507,30.53174603174603
@NovaraMedia,@MattWalsh,3.5894465525308985,30.543650793650794
@judgingfreedom,@MLChristiansen,3.5895063927889352,30.547619047619044
@UnHerd,@AndrewKlavan,3.5907944460958543,30.571428571428573
@TheDailyBeast,@theisabelbrown,3.5913013633404893,30.591269841269842
@DemocracyNow,@RedactedNews,3.5916834987489947,30.603174603174605
@jimacosta,@theisabelbrown,3.5917566470310778,30.607142857142854
@chriscuomo,@clayandbuck,3.5919080651383144,30.61111111111111
@thomhartmann,@marklevinshow,3.591935970351442,30.615079365079367
@TheMajorityReport,https://rumble.com/c/TheAlexJonesShowLive,3.5923142438641373,30.626984126984127
@adammockler,@SydneyWatson,3.5923776701575387,30.63095238095238
@nousnetwork,@PragerU,3.5924742943236962,30.634920634920636
@bulwarkmedia,@FreshFitMiami,3.5927551988528905,30.63888888888889
@chriscuomo,@RebelNewsOnline,3.593092249332851,30.642857142857142
@LegalEagle,@RebelNewsOnline,3.593157807549511,30.650793650793652
@breakingpoints,@BenShapiro,3.5932143906257408,30.658730158730158
@MeidasTouch,@RobertGouveiaEsq,3.5934371532928897,30.666666666666664
@TheLincolnProject,@ActualJusticeWarrior,3.5937533963946726,30.686507936507933
@Forthepeoplepodcast305,https://rumble.com/c/TheAlexJonesShowLive,3.5942285151932936,30.702380952380953
@LeverNews,@HangOutwithSeanHannity,3.5943130489068102,30.706349206349202
@NovaraMedia,@MarkDice,3.5944074869498346,30.71031746031746
@Xanderhal,@DarkHorsePod,3.595112747396091,30.726190476190474
@thomhartmann,@TheAdamCarollaShow1,3.595304250544958,30.738095238095237
@nytimes,@MattWalsh,3.5954805203524787,30.742063492063494
@TheLincolnProject,@TheBrianKilmeadeShow,3.5957068760640896,30.75
@SkyNews,@CamHigby,3.59638198177929,30.761904761904763
@TheSerfTimes,@RobertGouveiaEsq,3.596554340262781,30.765873015873012
@BadFaithPodcast,@VivaFrei,3.5970896212926404,30.78174603174603
@PoliticsGirl,@morebridgetphetasy,3.599116386690771,30.813492063492063
@RebelHQ,@MarkDice,3.5998142866223053,30.82539682539683
@usefulidiots,@marklevinshow,3.600247270309302,30.833333333333336
@DueDissidence,@BenShapiro,3.6004886924902184,30.841269841269842
@rolandsmartin,@glennbeck,3.6007593442297865,30.853174603174605
@Politicon,@RealAmericasVoice,3.600814297429681,30.857142857142854
@NYTPodcasts,@MyronGainesX,3.6009432163456134,30.865079365079367
@RestPoliticsUS,@CamHigby,3.601174395784503,30.873015873015873
@franifio,@oann,3.601375131255183,30.876984126984127
@PTLRadioShow,https://rumble.com/c/russellbrand,3.601553211935461,30.884920634920636
@thedavidpakmanshow,@AndrewKlavan,3.6019340799537773,30.908730158730158
@RestPoliticsUS,@ThePodcastoftheLotusEaters,3.601941844552438,30.912698412698415
@TheAtlantic,@PartOfTheProblem,3.6019940745352206,30.92063492063492
@TheAtlantic,@glennbeck,3.6021784011467464,30.924603174603178
@LegalEagle,@clayandbuck,3.602325900463583,30.928571428571427
@TheMichaelCohenShow,@PragerU,3.602478593374691,30.932539682539684
@usefulidiots,https://rumble.com/c/nickjfuentes,3.603337637367292,30.956349206349206
@MikeFromPA,@TheAdamCarollaShow1,3.603386656503405,30.96031746031746
@dollemore,@X22Report-y5y,3.603525068131718,30.964285714285715
@MeidasTouch,@GrahamAllen,3.604025907182202,30.984126984126988
@marclamonthillnetwork,@winston_marshall,3.6046737235634385,30.996031746031743
@JackCocchiarellaShow,@theisabelbrown,3.6054856373046342,31.007936507936506
@SkyNews,@SaltyCracker,3.6056601530907098,31.011904761904763
@TheDamageReport,@FreshFitMiami,3.605720170086689,31.015873015873012
@MeidasTouch,@XAVIAER,3.6064820078172355,31.023809523809526
@JackCocchiarellaShow,@PartOfTheProblem,3.6066921715772593,31.03174603174603
@TheSerfTimes,@Timcast,3.606870641095305,31.039682539682538
@lovettorleaveitpodcast,@MegynKelly,3.6073537222789542,31.051587301587304
@franifio,@TheAdamCarollaShow1,3.607710535663772,31.067460317460316
@Vox,@ColemanHughesOfficial,3.6079471613371075,31.075396825396822
@LeejaMiller,@RedactedNews,3.6081126665901837,31.07936507936508
@DylanBurnsLIVE,@bbrettcooper,3.6094993824490014,31.123015873015873
@BreakThroughNews,@X22Report-y5y,3.6102292602651946,31.150793650793652
@jimacosta,@nypost,3.6104538254660037,31.162698412698415
@TheSerfTimes,@theisabelbrown,3.6117027884988575,31.186507936507933
@OwenJonesTalks,@MarkDice,3.611999610706823,31.194444444444446
@nousnetwork,@marklevinshow,3.6122759461235314,31.198412698412696
@zeteo,https://rumble.com/c/TheAlexJonesShowLive,3.6125678480442973,31.206349206349206
@destiny,@lonerboxlive,3.6125861722547894,31.210317460317462
@bulwarkmedia,@StevenCrowder,3.614086316629742,31.23015873015873
@LegalAFMTN,@nypost,3.6141135912332523,31.238095238095237
@DylanBurnsLIVE,@theisabelbrown,3.61422672579341,31.242063492063494
@TheYoungTurks,@LiberalHivemind,3.614459473565855,31.246031746031743
@dollemore,@MichaelMaliceofficial,3.614618713777129,31.253968253968257
@ajplus,@CamHigby,3.6146683267336366,31.261904761904763
@DropSiteNews,@MichaelMaliceofficial,3.6149489159553276,31.273809523809526
@TheRealTabithaSpeaks,@TheBrianKilmeadeShow,3.6150139237132786,31.277777777777775
@DylanBurnsLIVE,@CamHigby,3.615616837882592,31.289682539682538
@TheHumanistReport,@Styxhexenhammer666,3.6165003585903794,31.297619047619047
@dollemore,@Styxhexenhammer666,3.6170432126804637,31.301587301587304
@marclamonthillnetwork,@AfterPartyEmily,3.6174077291940168,31.317460317460316
@DemocracyNow,@BlazeTV,3.6180226712458885,31.34523809523809
@dollemore,@RebelNewsOnline,3.6197460651318423,31.376984126984127
@Vaush,@winston_marshall,3.6198797513962715,31.384920634920633
@usefulidiots,@BenShapiro,3.620118398649904,31.38888888888889
@adammockler,@StevenCrowder,3.6207941610500183,31.400793650793652
@adammockler,@glennbeck,3.621116292996113,31.42063492063492
@JamarlThomas,@Tim_Black,3.6213596294408044,31.428571428571427
@GlennKirschner2,@MegynKelly,3.6221105982906594,31.444444444444446
@GlennKirschner2,@RebelNewsOnline,3.6223109998129197,31.448412698412696
@adammockler,@dineshdsouza,3.6234060005900983,31.472222222222225
@LegalEagle,@oann,3.6236934350257646,31.48015873015873
@underthedesknews,@LiberalHivemind,3.62383807869283,31.484126984126988
@harryjsisson,@LiberalHivemind,3.6239638810865595,31.488095238095237
@StatusCoup,@DarkHorsePod,3.624157009037337,31.496031746031743
@PiscoLitty,@The_Crucible,3.6241675748655755,31.5
@SecularTalk,@JustPearlyThings,3.624201654238095,31.503968253968257
@nousnetwork,@RubinReport,3.6242779740574234,31.511904761904763
@PTLRadioShow,@ColemanHughesOfficial,3.6248033732235436,31.51984126984127
@Forthepeoplepodcast305,@MattWalsh,3.6253874808576385,31.543650793650794
@TheDailyBeast,@ZubyMusic,3.626319380234072,31.575396825396822
@judgingfreedom,@RebelNewsOnline,3.6265157791417715,31.583333333333336
@DemocracyNow,@MichaelMaliceofficial,3.6265544650542014,31.587301587301585
@BadEmpanadaLive,@TheQuartering,3.626631133948302,31.591269841269842
@BreakThroughNews,https://rumble.com/c/TheAlexJonesShowLive,3.6268387436987193,31.603174603174605
@cafedotcom,@RubinReport,3.6274206365333037,31.61904761904762
@DylanBurnsLIVE,@MrTariqNasheed,3.627468921159248,31.623015873015873
@HasanAbi,@JesseKellyDC,3.6277065103829096,31.63888888888889
@NovaraMedia,@TheBrianKilmeadeShow,3.628072468729129,31.642857142857146
@TheLincolnProject,@PragerU,3.628122311033647,31.646825396825395
@adammockler,@morebridgetphetasy,3.6283873373504147,31.6547619047619
@NYTPodcasts,@MegynKelly,3.630755162674475,31.694444444444443
@RestPoliticsUS,https://rumble.com/c/nickjfuentes,3.630835490406002,31.6984126984127
@GlennKirschner2,@bbrettcooper,3.6313340941211085,31.706349206349206
@katiephangnews,https://rumble.com/c/nickjfuentes,3.6314578196953176,31.710317460317462
@DropSiteNews,@RebelNewsOnline,3.6325773504724874,31.734126984126988
@zeteo,@lonerboxlive,3.633850622880036,31.753968253968257
@EzraKleinShow,@Tim_Black,3.6347511763264144,31.773809523809526
@BreakThroughNews,@VivaFrei,3.6356559416494956,31.785714285714285
@PTLRadioShow,@TheBrianKilmeadeShow,3.635853454834491,31.793650793650798
@nytimes,@bbrettcooper,3.6361678352575213,31.801587301587304
@DueDissidence,@RubinReport,3.6363028750141537,31.805555555555554
@jimacosta,@MichaelKnowles,3.636826044699431,31.821428571428573
@UnHerd,@ColemanHughesOfficial,3.637457883981403,31.833333333333336
@nousnetwork,@oann,3.6380821364256115,31.857142857142858
@TheMajorityReport,@PragerU,3.6388811857901917,31.865079365079364
@TheDamageReport,@OfficialSaharTV,3.638890009709026,31.86904761904762
@PiscoLitty,@LiberalHivemind,3.6401949650049534,31.88888888888889
@MikeFromPA,@RebelNewsOnline,3.6406946658357806,31.900793650793652
@adammockler,@DarkHorsePod,3.641137950588385,31.908730158730158
@PTLRadioShow,@ActualJusticeWarrior,3.641151790046894,31.912698412698415
@TheSerfTimes,https://rumble.com/c/TheAlexJonesShowLive,3.6414326036035627,31.936507936507937
@PoliticsGirl,@MrTariqNasheed,3.641639364424804,31.944444444444443
@EzraKleinShow,@RebelNewsOnline,3.641883753860176,31.952380952380956
@Xanderhal,https://rumble.com/c/nickjfuentes,3.6422274960958454,31.960317460317462
@destiny,@TheBrianKilmeadeShow,3.6430822636875853,31.96428571428571
@usefulidiots,@OfficialSaharTV,3.643784080161818,31.988095238095237
@PTLRadioShow,@ThePodcastoftheLotusEaters,3.6443435352048144,32.0
@harryjsisson,@fightbackpodcast,3.6445243614738305,32.007936507936506
@therationalnational,@PartOfTheProblem,3.645477847024399,32.03968253968254
@TheHumanistReport,https://rumble.com/c/russellbrand,3.6465306021611537,32.047619047619044
@DylanBurnsLIVE,@clayandbuck,3.647112994528287,32.07142857142857
@TheMichaelCohenShow,@RobertGouveiaEsq,3.648158286754016,32.10317460317461
@SecularTalk,@DrSteveTurleyTV,3.6484637421162867,32.107142857142854
@DylanBurnsLIVE,@The_Crucible,3.648514394167723,32.111111111111114
@BadEmpanadaLive,@lonerboxlive,3.6489832277906,32.12698412698413
@nousnetwork,@nypost,3.649559235495314,32.138888888888886
https://rumble.com/c/GGreenwald,@DrSteveTurleyTV,3.6495697838368235,32.142857142857146
@deanwithrs,@nypost,3.650257953022373,32.166666666666664
@MeidasTouch,@OfficialSaharTV,3.650340022596424,32.170634920634924
@Forthepeoplepodcast305,@TheOfficerTatum,3.651059773971079,32.18650793650794
@podsaveamerica,@VivaFrei,3.6522454501345436,32.202380952380956
@OwenReport,@MarkDice,3.652369799956013,32.2063492063492
@jimacosta,@VivaFrei,3.6528818082813523,32.214285714285715
@RonPlacone,@winston_marshall,3.652993342822787,32.21825396825397
@underthedesknews,@RebelNewsOnline,3.653078272048839,32.230158730158735
@DueDissidence,@Styxhexenhammer666,3.653313347175239,32.242063492063494
@TheHumanistReport,https://rumble.com/c/TheAlexJonesShowLive,3.6544166085005103,32.26984126984127
@MikeFromPA,@bbrettcooper,3.6548632498185656,32.27777777777778
@TheDonLemonShow,@MattWalsh,3.655685301239056,32.301587301587304
@lovettorleaveitpodcast,@RufoandLomez,3.656416967111061,32.317460317460316
@LeejaMiller,@LiberalHivemind,3.656826118166521,32.32539682539682
@cafedotcom,@oann,3.657141187717206,32.33333333333333
@TheRealTabithaSpeaks,@turningpointusa,3.6573930132235937,32.34126984126984
@MikeFromPA,@marklevinshow,3.658196427834893,32.36904761904762
@UnHerd,@GrahamAllen,3.658599196597714,32.37698412698413
@dollemore,@marklevinshow,3.65863169165363,32.38095238095238
@DemocracyDocket,@MichaelMaliceofficial,3.658709713392295,32.38492063492063
@NYTPodcasts,@RebelNewsOnline,3.6590775217519527,32.392857142857146
https://rumble.com/c/GGreenwald,@Styxhexenhammer666,3.6593325508202894,32.3968253968254
@Politicon,@RedactedNews,3.659745141322779,32.404761904761905
@underthedesknews,@MarkDice,3.659759403641669,32.40873015873016
@LegalEagle,@triggerpod,3.659916051794409,32.41269841269842
@NPR,@Tim_Black,3.659971717929497,32.416666666666664
@TheMajorityReport,@TheBrianKilmeadeShow,3.660399383091506,32.42857142857143
@RestPoliticsUS,@FreshFitMiami,3.660629338450201,32.43650793650794
@TheMichaelCohenShow,@ColemanHughesOfficial,3.6619698724324468,32.480158730158735
@DylanBurnsLIVE,@morebridgetphetasy,3.6620858201244557,32.48809523809524
@adammockler,@DrSteveTurleyTV,3.6623928307368234,32.5
@lovettorleaveitpodcast,@RobertGouveiaEsq,3.662764120116991,32.511904761904766
@bulwarkmedia,@JesseKellyDC,3.6630075711870176,32.52380952380952
@DoubleDownNews,@RedactedNews,3.663299594552683,32.52777777777778
@adammockler,@oann,3.663309343431343,32.53174603174603
@thedavidpakmanshow,@chicksonright,3.6637508851897915,32.53968253968254
@JackCocchiarellaShow,https://rumble.com/c/nickjfuentes,3.6641337254734645,32.57142857142858
@SkyNews,@AndrewKlavan,3.664568614046062,32.57936507936508
@bulwarkmedia,@theisabelbrown,3.6659193579035665,32.595238095238095
@MeidasTouch,@RealAmericasVoice,3.666638266046779,32.61507936507936
@PoliticsJOE,https://rumble.com/c/nickjfuentes,3.666780012467701,32.61904761904762
@TheMajorityReport,https://rumble.com/c/russellbrand,3.6676128913850183,32.64285714285714
@MikeFromPA,@FreshFitMiami,3.6677077581875093,32.6468253968254
@adammockler,https://rumble.com/c/TheAlexJonesShowLive,3.6678495829905002,32.654761904761905
@TheYoungTurks,@RedactedNews,3.667903120666393,32.65873015873016
@msnow,@TheBrianKilmeadeShow,3.6682424676611523,32.66269841269842
@FarronBalanced,@MarkDice,3.668327416088132,32.670634920634924
@JackCocchiarellaShow,@MattWalsh,3.668446424838948,32.67460317460317
@RonPlacone,@ChadPrather1,3.6688562951796095,32.682539682539684
@NPR,@turningpointusa,3.6696603788736306,32.69444444444444
@samharrisorg,@oann,3.669799182328551,32.702380952380956
@deanwithrs,@The_Crucible,3.670171273850442,32.71031746031746
@adammockler,@ThePodcastoftheLotusEaters,3.670251013681033,32.714285714285715
@JackCocchiarellaShow,@FreshFitMiami,3.670477716124207,32.726190476190474
@thedavidpakmanshow,@glennbeck,3.6708419566570556,32.730158730158735
@Forthepeoplepodcast305,@Tim_Black,3.671046767528185,32.73809523809524
@thedavidpakmanshow,@XAVIAER,3.671050186102338,32.742063492063494
@SkyNews,@winston_marshall,3.6712467333420666,32.74603174603175
@PTLRadioShow,@MattWalsh,3.6716623228972187,32.75
@nytimes,@fightbackpodcast,3.6719862280750935,32.757936507936506
@lovettorleaveitpodcast,@ActualJusticeWarrior,3.6722845421947548,32.76984126984127
@OwenJonesTalks,@DrSteveTurleyTV,3.6726909592533117,32.785714285714285
@underthedesknews,@lonerboxlive,3.6742628842216156,32.83333333333333
@Vox,@morebridgetphetasy,3.6744953721958282,32.84126984126984
@nytimes,@TomiLahrenIsFearless,3.6745590794267704,32.845238095238095
@cafedotcom,@DarkHorsePod,3.6747391733414805,32.84920634920635
@Politicon,@MegynKelly,3.6748406082206633,32.8531746031746
@OwenReport,@TheBrianKilmeadeShow,3.674973513832898,32.861111111111114
@MeidasTouch,@JustPearlyThings,3.6750793557573425,32.86904761904762
@TheYoungTurks,@dineshdsouza,3.675344968255906,32.87698412698413
@TheYoungTurks,@TheQuartering,3.676070901717231,32.88095238095238
@TheDamageReport,@oann,3.676074583958485,32.88492063492063
@EzraKleinShow,@oann,3.677070963948573,32.90873015873016
@LeverNews,@TomiLahrenIsFearless,3.6775940626742227,32.92460317460317
@DueDissidence,@ChadPrather1,3.677922448465671,32.93253968253968
@UnHerd,@JesseKellyDC,3.6785067629984955,32.94047619047619
@deanwithrs,@dineshdsouza,3.6791995470278933,32.96031746031746
@PTLRadioShow,@TheOfficerTatum,3.6803596206312923,32.98412698412698
@franifio,@RebelNewsOnline,3.680479824609527,32.98809523809524
@MikeFromPA,@StevenCrowder,3.6811994349055466,33.011904761904766
@EzraKleinShow,@AnthonyBrianLogan,3.681908361940321,33.03174603174603
@Vaush,@MattWalsh,3.6820754228353683,33.03968253968254
@OwenReport,@turningpointusa,3.682543704102821,33.051587301587304
@thomhartmann,https://rumble.com/c/nickjfuentes,3.683514608994332,33.07142857142858
@SkyNews,@AlexStein99,3.683576749173765,33.07539682539682
@SecularTalk,@BlackConservativePerspective,3.6837968465184723,33.07936507936508
@bulwarkmedia,@AndrewKlavan,3.685010458052196,33.1031746031746
@MeidasTouch,@winston_marshall,3.685044860384886,33.107142857142854
@LegalAFMTN,@XAVIAER,3.685320326510405,33.111111111111114
@usefulidiots,@JillianMichaels,3.685363701615648,33.11507936507937
@thedavidpakmanshow,@OfficialSaharTV,3.6860284286773575,33.12301587301587
@SabbySabs,@GrahamAllen,3.686674330329242,33.13888888888889
@TheAtlantic,@winston_marshall,3.6872696591887477,33.15873015873016
@underthedesknews,@glennbeck,3.6874294092040794,33.16269841269841
@LukeBeasley,https://rumble.com/c/TheAlexJonesShowLive,3.6881826170965897,33.182539682539684
@DropSiteNews,@Tim_Black,3.6883301978518297,33.18650793650794
@RebelHQ,@RedactedNews,3.6883625472170394,33.19047619047619
@TheYoungTurks,@BlazeTV,3.689248100012088,33.20634920634921
@bulwarkmedia,@VivaFrei,3.689547476685245,33.21031746031746
@harryjsisson,@DrSteveTurleyTV,3.6901338390447123,33.214285714285715
@lovettorleaveitpodcast,@winston_marshall,3.690680801861919,33.226190476190474
@TheSerfTimes,@TheAmalaEkpunobi,3.6907937811566858,33.23412698412698
@JackCocchiarellaShow,@RobertGouveiaEsq,3.691309806614403,33.23809523809524
@DemocracyDocket,@ColemanHughesOfficial,3.691402378643903,33.24603174603175
@PoliticsJOE,@FoxNews,3.692349632555938,33.25396825396825
@fastpoliticspodcast,@MichaelKnowles,3.692929086865322,33.26984126984127
@harryjsisson,@winston_marshall,3.693788688316632,33.28174603174603
@nousnetwork,@TheAdamCarollaShow1,3.6941828390694256,33.301587301587304
@DueDissidence,@PragerU,3.6947478795816595,33.32142857142858
@LegalEagle,@TomiLahrenIsFearless,3.694783836928635,33.32539682539682
@Politicon,@triggerpod,3.6948475621797985,33.32936507936508
@RebelHQ,@bbrettcooper,3.695005788545764,33.33730158730159
@judgingfreedom,https://rumble.com/c/nickjfuentes,3.695007913656129,33.34126984126984
@bulwarkmedia,@AlexStein99,3.69513253912053,33.34920634920635
@LegalAFMTN,@GrahamAllen,3.696301943478364,33.39285714285714
@MeidasTouch,@RebelNewsOnline,3.696323903028111,33.3968253968254
@chriscuomo,@MyronGainesX,3.696457041551184,33.40873015873016
@judgingfreedom,@LiberalHivemind,3.69768115922214,33.42460317460317
@DylanBurnsLIVE,@HangOutwithSeanHannity,3.697743421649501,33.42857142857143
@DemocracyNow,@HangOutwithSeanHannity,3.697986598455407,33.43650793650794
@marclamonthillnetwork,@GrahamAllen,3.698081881889145,33.44047619047619
@SabbySabs,@nypost,3.6985991868652612,33.45634920634921
@CNN,@morebridgetphetasy,3.6991573342869457,33.464285714285715
@usefulidiots,@CamHigby,3.6991781857126296,33.46825396825397
@TheSerfTimes,@FoxNews,3.6993785089288695,33.47222222222222
@SecularTalk,@winston_marshall,3.700370058299532,33.49603174603175
@TheJoyReidShow,@lonerboxlive,3.7009147540647516,33.51190476190476
@nytimes,@lizwheeler,3.701171745837339,33.51984126984127
@TheHumanistReport,@RufoandLomez,3.7014079435969514,33.539682539682545
@GlennKirschner2,@PragerU,3.701671636233262,33.54365079365079
@chriscuomo,@OfficialSaharTV,3.7018566374037927,33.54761904761905
@PiscoLitty,@RobertGouveiaEsq,3.7019716631622033,33.5515873015873
@thedavidpakmanshow,@MichaelKnowles,3.7037007176018744,33.57936507936508
@thedavidpakmanshow,@fightbackpodcast,3.7040772312604284,33.58730158730159
@BadFaithPodcast,@PragerU,3.7053871427051885,33.59920634920635
@podsaveamerica,@PartOfTheProblem,3.70586854868795,33.611111111111114
@UnHerd,@RubinReport,3.7067199619822895,33.6468253968254
@DueDissidence,@AlexStein99,3.7074732151266954,33.65873015873016
@StatusCoup,@JustPearlyThings,3.7075693386300106,33.66269841269841
@CNN,@RealAmericasVoice,3.7077607690771717,33.666666666666664
@breakingpoints,@Styxhexenhammer666,3.707810881127763,33.670634920634924
@Xanderhal,@ActualJusticeWarrior,3.707890159787333,33.67857142857143
@nytimes,@AlexStein99,3.7083431087699696,33.6984126984127
@CNN,@GrahamAllen,3.7084928438415283,33.70634920634921
@JamarlThomas,@MichaelKnowles,3.7085685762005056,33.71031746031746
@BreakThroughNews,@lonerboxlive,3.7087708237915957,33.72222222222222
@zeteo,@NewsmaxTV,3.710626365986655,33.77777777777778
@SkyNews,@MichaelKnowles,3.7109760118236625,33.79761904761905
@RonPlacone,@TomiLahrenIsFearless,3.711050958656422,33.8015873015873
@MikeFromPA,@clayandbuck,3.71157070414011,33.80952380952381
@TheLincolnProject,@lonerboxlive,3.711579420163806,33.817460317460316
@MikeFromPA,@AnthonyBrianLogan,3.711608521112191,33.82142857142857
@HasanAbi,@SaltyCracker,3.7118239650309137,33.83730158730159
@TheLincolnProject,@FreshFitMiami,3.7119152687351495,33.84920634920635
@deanwithrs,@ZubyMusic,3.7120399430495197,33.8531746031746
@deanwithrs,@FreshFitMiami,3.71214059341829,33.85714285714286
@SkyNews,@FreshFitMiami,3.7122415667482866,33.86111111111111
https://rumble.com/c/GGreenwald,@MattWalsh,3.7123563421013848,33.86507936507937
@TheDamageReport,@RileyGaines,3.713060446180245,33.88492063492063
@breakingpoints,@TimcastNews,3.71306228798974,33.88888888888889
@LegalAFMTN,@lizwheeler,3.7144901105303214,33.920634920634924
@fastpoliticspodcast,@MrTariqNasheed,3.7145965982811795,33.92857142857143
@TheDonLemonShow,@ActualJusticeWarrior,3.7150317662341297,33.94444444444444
@TheMajorityReport,@RedactedNews,3.7150771062841987,33.9484126984127
@StatusCoup,@AnthonyBrianLogan,3.7152841133895556,33.95238095238095
@MikeFromPA,@JesseKellyDC,3.715605447795752,33.964285714285715
@TheHumanistReport,@DarkHorsePod,3.7159255356258662,33.96825396825397
@DoubleDownNews,@JillianMichaels,3.716277345998722,33.976190476190474
@OwenJonesTalks,@MLChristiansen,3.7165006921490056,33.98412698412698
@dollemore,@turningpointusa,3.7165424576689365,33.98809523809524
@UnHerd,@SaltyCracker,3.717193158772011,33.99206349206349
@TheMichaelCohenShow,@ActualJusticeWarrior,3.71768979612886,34.007936507936506
@dollemore,@lonerboxlive,3.718239610946776,34.023809523809526
@jimacosta,@DarkHorsePod,3.7183685478061292,34.03174603174603
@HasanAbi,@TheOfficerTatum,3.718753722065889,34.039682539682545
@PoliticsGirl,@RileyGaines,3.7187551169842212,34.04365079365079
@PTLRadioShow,@turningpointusa,3.7190968706960463,34.04761904761905
@SkyNews,@TheBrianKilmeadeShow,3.719110119478958,34.0515873015873
@SkyNews,@chicksonright,3.719397638345517,34.06349206349206
@LeejaMiller,@RebelNewsOnline,3.719418612292579,34.067460317460316
@SkyNews,@MarkDice,3.72133682354093,34.10714285714286
@jimacosta,@AfterPartyEmily,3.721637711812445,34.11111111111111
@destiny,@RedactedNews,3.7218104144746142,34.11904761904762
@NPR,@RealAmericasVoice,3.7219619486088016,34.12301587301587
@StatusCoup,@TimcastNews,3.722372393064639,34.13888888888889
@Vaush,@dineshdsouza,3.7227071586003686,34.150793650793645
@podsaveamerica,@RedactedNews,3.72351740186049,34.166666666666664
@zeteo,@Styxhexenhammer666,3.7235791496144013,34.17460317460318
@PoliticsGirl,@JillianMichaels,3.7243367172652655,34.1984126984127
@jimacosta,@RealAlexClark,3.7252494125701574,34.214285714285715
@thomhartmann,@MLChristiansen,3.725320448826598,34.21825396825397
@SMN,@lonerboxlive,3.7259478074847756,34.226190476190474
@jimacosta,@RealAmericasVoice,3.726343791876439,34.23412698412698
@LeejaMiller,https://rumble.com/c/russellbrand,3.7269378439655636,34.242063492063494
@thedavidpakmanshow,@Styxhexenhammer666,3.7273277770439535,34.24603174603175
@TheDamageReport,@AlexStein99,3.7291776983192233,34.27777777777778
@chriscuomo,@marklevinshow,3.729371218249932,34.28174603174603
@Politicon,@PartOfTheProblem,3.7296017607049254,34.289682539682545
@deanwithrs,@clayandbuck,3.7302249624009893,34.29365079365079
@GeopoliticalEconomyReport,@RebelNewsOnline,3.731119828078719,34.3015873015873
@LegalEagle,https://rumble.com/c/nickjfuentes,3.731478840294205,34.317460317460316
@TheRealTabithaSpeaks,https://rumble.com/c/TheAlexJonesShowLive,3.7317919876994985,34.333333333333336
@rolandsmartin,@RebelNewsOnline,3.731805758520983,34.33730158730159
@Vaush,@RedactedNews,3.731910858460902,34.34126984126984
@jimacosta,@RufoandLomez,3.732004661659132,34.345238095238095
@jimacosta,@oann,3.7328137069622414,34.36111111111111
@BadEmpanadaLive,https://rumble.com/c/TheAlexJonesShowLive,3.732950996428878,34.36507936507937
@PoliticsJOE,@turningpointusa,3.733409449845725,34.37301587301587
@samharrisorg,@MarkDice,3.7334968345482404,34.38095238095238
@TheAtlantic,@HangOutwithSeanHannity,3.733705630553358,34.38888888888889
@DropSiteNews,@AfterPartyEmily,3.734149553842786,34.400793650793645
@judgingfreedom,@RedactedNews,3.734517749231274,34.416666666666664
@OwenJonesTalks,@FreshFitMiami,3.734801475112216,34.42063492063492
@HasanAbi,@chicksonright,3.734878303432949,34.42460317460318
@samharrisorg,@RedactedNews,3.7355150409445796,34.43650793650794
@nousnetwork,@glennbeck,3.73596149722438,34.44444444444444
@JamarlThomas,@RileyGaines,3.7361275681657595,34.4484126984127
@NYTPodcasts,@X22Report-y5y,3.736762586333379,34.464285714285715
@Politicon,@RebelNewsOnline,3.738399763909114,34.48809523809524
@podsaveamerica,@TheBrianKilmeadeShow,3.7384024951723127,34.492063492063494
@SkyNews,@JesseKellyDC,3.738495550508702,34.49603174603175
@jimacosta,@fightbackpodcast,3.7394391583558915,34.53174603174603
@nousnetwork,@TomiLahrenIsFearless,3.739489028715274,34.535714285714285
@LeejaMiller,@OfficialSaharTV,3.7406584872305735,34.57936507936508
@adammockler,@ZubyMusic,3.7431648205157484,34.6031746031746
@bulwarkmedia,@MarkDice,3.7431688803674508,34.60714285714286
@samharrisorg,@chicksonright,3.7432846593157043,34.61507936507937
@marclamonthillnetwork,@triggerpod,3.7436057181178803,34.62301587301587
@TheSerfTimes,@ColemanHughesOfficial,3.743879605315739,34.62698412698413
@NovaraMedia,@BlazeTV,3.7439857886976187,34.63095238095238
@PiscoLitty,@nypost,3.7439975582491805,34.63492063492063
@JackCocchiarellaShow,https://rumble.com/c/russellbrand,3.7440029940969053,34.63888888888889
@TheDonLemonShow,@BlazeTV,3.7441028417994704,34.6468253968254
@TheDonLemonShow,@MichaelMaliceofficial,3.746138574577831,34.67460317460318
@dollemore,@AlexStein99,3.7465750713983716,34.68650793650794
@DropSiteNews,@turningpointusa,3.746740417410288,34.6984126984127
@HasanAbi,@AnthonyBrianLogan,3.746991985243083,34.70238095238095
@bulwarkmedia,@RealAlexClark,3.747448350461318,34.710317460317455
@TheYoungTurks,https://rumble.com/c/russellbrand,3.7475176752071317,34.714285714285715
@jimacosta,@PragerU,3.7477861169296527,34.726190476190474
@SkyNews,@StevenCrowder,3.7479175878988995,34.73412698412698
@SabbySabs,@oann,3.747935926613998,34.73809523809524
@bulwarkmedia,@Styxhexenhammer666,3.7480270002784373,34.74603174603175
@thomhartmann,@PragerU,3.748265046410646,34.75793650793651
@jimacosta,@CamHigby,3.7484770178443423,34.76587301587302
@samharrisorg,@turningpointusa,3.748500256179474,34.769841269841265
@LeejaMiller,@TheBrianKilmeadeShow,3.750214400730798,34.79761904761905
@MikeFromPA,@MattWalsh,3.750309087498129,34.8015873015873
@LeverNews,@clayandbuck,3.750411968161937,34.80952380952381
@TheDamageReport,@RealAmericasVoice,3.7506601811834877,34.81349206349206
@SMN,@MegynKelly,3.751282421829386,34.829365079365076
@Vox,@RealDanBongino,3.7515339373320042,34.83730158730159
@FarronBalanced,@lonerboxlive,3.751807374158036,34.84126984126984
@BadEmpanadaLive,@TheOfficerTatum,3.752246841078653,34.8531746031746
@OwenReport,@MegynKelly,3.7528564760272447,34.86111111111111
@CNN,@JustPearlyThings,3.7529130188326763,34.86507936507937
@nytimes,@FreshFitMiami,3.752927126227564,34.86904761904762
@LeverNews,@PragerU,3.7530472129772368,34.87301587301587
@NovaraMedia,@PragerU,3.753846859535188,34.87698412698413
@dollemore,@MarkDice,3.755021342360664,34.904761904761905
@destiny,@TimcastNews,3.7554268834761553,34.91269841269841
@DylanBurnsLIVE,https://rumble.com/c/nickjfuentes,3.7556911097495753,34.91666666666667
@GlennKirschner2,@OfficialSaharTV,3.755736794862604,34.92063492063492
@SkyNews,@BenShapiro,3.7557710643112037,34.92460317460318
@HasanAbi,@OfficialSaharTV,3.756079971928214,34.932539682539684
@HasanAbi,@ChadPrather1,3.7561113741247465,34.93650793650794
@jimacosta,@OfficialSaharTV,3.7562921629855097,34.94444444444444
@dollemore,@ActualJusticeWarrior,3.756419863513167,34.95634920634921
@EzraKleinShow,@MyronGainesX,3.757035166679615,34.96825396825397
@destiny,@MarkDice,3.75826426374129,34.98809523809524
@dollemore,@OfficialSaharTV,3.759080647108311,35.019841269841265
@podsaveamerica,@lonerboxlive,3.759112072087258,35.023809523809526
@JamarlThomas,@MrTariqNasheed,3.759272814572474,35.02777777777778
@zeteo,@chicksonright,3.759401870674622,35.035714285714285
@SkyNews,@XAVIAER,3.7596183785715147,35.0515873015873
@thedavidpakmanshow,@RedactedNews,3.759933455911257,35.05555555555556
@DueDissidence,@TomiLahrenIsFearless,3.7606909231977084,35.079365079365076
@thomhartmann,@AfterPartyEmily,3.7608967575973655,35.083333333333336
@UnHerd,@MattWalsh,3.761944705689069,35.1031746031746
@TheRealTabithaSpeaks,@RealAmericasVoice,3.7626246957915397,35.11904761904761
@jimacosta,@ColemanHughesOfficial,3.762751120223963,35.12698412698413
@TheLincolnProject,@glennbeck,3.7628820454953456,35.13095238095238
@Xanderhal,@TimcastNews,3.76303717165373,35.13492063492063
@SkyNews,@TomiLahrenIsFearless,3.763255620698294,35.138888888888886
@chriscuomo,@turningpointusa,3.7639149594275065,35.16269841269841
@NYTPodcasts,@MattWalsh,3.764112968030468,35.17063492063492
@OwenReport,@ColemanHughesOfficial,3.7642689108650025,35.17460317460318
@DueDissidence,@The_Crucible,3.7645456412295135,35.17857142857143
@zeteo,@MegynKelly,3.765241750710627,35.20238095238095
@OwenReport,@The_Crucible,3.7657622215869737,35.214285714285715
@samharrisorg,@RebelNewsOnline,3.7663770890481048,35.24603174603175
@PoliticsJOE,@MLChristiansen,3.7669066125358412,35.25396825396825
@thomhartmann,https://rumble.com/c/TheAlexJonesShowLive,3.7669399202895533,35.25793650793651
@DemocracyNow,@PragerU,3.7672776781277446,35.26587301587302
@StatusCoup,@RedactedNews,3.767554950128116,35.285714285714285
@adammockler,@clayandbuck,3.767649790010632,35.28968253968254
@JackCocchiarellaShow,@SydneyWatson,3.768240391234177,35.30555555555556
@JackCocchiarellaShow,@MarkDice,3.768589874803636,35.31349206349206
@jimacosta,@TheAdamCarollaShow1,3.7687507989429947,35.32142857142857
@LeejaMiller,@marklevinshow,3.7695769481236563,35.33730158730159
@NovaraMedia,@TimcastNews,3.7697975719584056,35.345238095238095
@Vaush,@X22Report-y5y,3.76989651180585,35.34920634920635
@deanwithrs,@TheAmalaEkpunobi,3.77094568501157,35.36904761904761
@TheDamageReport,@RealDanBongino,3.770958902654965,35.37301587301587
@JamarlThomas,@SaltyCracker,3.7711524222246102,35.38095238095238
@RestPoliticsUS,@DrSteveTurleyTV,3.771237374080988,35.38492063492063
@EzraKleinShow,@PartOfTheProblem,3.7713399147024633,35.3968253968254
@HasanAbi,@RubinReport,3.7714228229904525,35.40079365079365
@TheDamageReport,@TomiLahrenIsFearless,3.771576144709112,35.41269841269841
@TheYoungTurks,@ColemanHughesOfficial,3.771840212936306,35.42063492063492
@TheMichaelCohenShow,@VivaFrei,3.772785725797438,35.44047619047619
@therationalnational,@ActualJusticeWarrior,3.772915130974511,35.448412698412696
@Forthepeoplepodcast305,@PartOfTheProblem,3.7736554105571973,35.45634920634921
@chriscuomo,@AnthonyBrianLogan,3.7737698503616444,35.460317460317455
@Forthepeoplepodcast305,@LiberalHivemind,3.775070533304363,35.48412698412699
@adammockler,@MarkDice,3.7752081317526534,35.492063492063494
@deanwithrs,@BlackConservativePerspective,3.7764097978170774,35.523809523809526
@Politicon,@Tim_Black,3.7764920851034556,35.53968253968254
@RestPoliticsUS,@JesseKellyDC,3.7766772141979437,35.54365079365079
@EzraKleinShow,@turningpointusa,3.777153042573165,35.54761904761905
@SecularTalk,@FoxNews,3.7779321326974373,35.57142857142857
@franifio,@RealAmericasVoice,3.778156043822531,35.579365079365076
@therationalnational,@bbrettcooper,3.7783544491382024,35.595238095238095
@HasanAbi,@FoxNews,3.779146814153867,35.61904761904762
@Vaush,@HangOutwithSeanHannity,3.779348388952385,35.62698412698413
@BreakThroughNews,@MattWalsh,3.779538270277036,35.63492063492063
@MikeFromPA,@RufoandLomez,3.7796195092305265,35.638888888888886
@TheLincolnProject,https://rumble.com/c/russellbrand,3.779898048841088,35.654761904761905
@RonPlacone,@RubinReport,3.7800390205526258,35.65873015873016
@SecularTalk,@MyronGainesX,3.7805611230928444,35.66666666666667
@TheDamageReport,@lizwheeler,3.780948978641362,35.682539682539684
@rolandsmartin,@AfterPartyEmily,3.781422615755397,35.69047619047619
@harryjsisson,@OfficialSaharTV,3.782241918416768,35.72222222222222
@DemocracyDocket,@VivaFrei,3.7824795550205947,35.72619047619048
@Forthepeoplepodcast305,https://rumble.com/c/russellbrand,3.783003401524617,35.73015873015873
@PiscoLitty,https://rumble.com/c/TheAlexJonesShowLive,3.7831397947966545,35.738095238095234
@DueDissidence,@Timcast,3.783181873749335,35.74603174603175
@LeverNews,@AndrewKlavan,3.783812459141388,35.76587301587302
@therationalnational,@FoxNews,3.784271863222292,35.773809523809526
@Vaush,https://rumble.com/c/nickjfuentes,3.7843623800045036,35.77777777777777
@TheMajorityReport,@lonerboxlive,3.78459022251233,35.78174603174603
@nousnetwork,@AfterPartyEmily,3.78556043707745,35.80555555555556
@podsaveamerica,@AfterPartyEmily,3.7861481171641427,35.829365079365076
@nytimes,@JustPearlyThings,3.786225078339746,35.833333333333336
@LeverNews,@RealAlexClark,3.7862493985463717,35.83730158730159
@jimacosta,@ZubyMusic,3.786939297108211,35.84920634920635
@JamarlThomas,@RealAmericasVoice,3.7873705276866367,35.85714285714286
@deanwithrs,@marklevinshow,3.787680674189722,35.86507936507937
@TheMichaelCohenShow,@TimcastIRL,3.7881102222351197,35.87698412698413
@RestPoliticsUS,@TheBrianKilmeadeShow,3.7889495374511863,35.892857142857146
@usefulidiots,@DarkHorsePod,3.7891521063384626,35.8968253968254
@RestPoliticsUS,@Styxhexenhammer666,3.7899208054968825,35.904761904761905
@franifio,@MyronGainesX,3.790034569124343,35.90873015873016
@BreakThroughNews,@AfterPartyEmily,3.790515679202417,35.92857142857142
@dollemore,@TimcastIRL,3.7912735508548328,35.94047619047619
@NovaraMedia,@lonerboxlive,3.791862997212575,35.94444444444444
@deanwithrs,@lonerboxlive,3.7919738742222253,35.948412698412696
@RonPlacone,@MyronGainesX,3.7920145420754645,35.95634920634921
@LeejaMiller,@TomiLahrenIsFearless,3.7922705321271253,35.97222222222222
@samharrisorg,@MyronGainesX,3.7927783736223604,35.98015873015873
@LegalAFMTN,@DarkHorsePod,3.792856079065747,35.98412698412699
@RestPoliticsUS,@BlazeTV,3.7931154015911748,35.99603174603175
@nytimes,@MarkDice,3.793262638522567,36.00396825396825
@MikeFromPA,@GrahamAllen,3.794040159022279,36.01190476190476
@samharrisorg,@Tim_Black,3.7943823262965335,36.019841269841265
@PiscoLitty,@MyronGainesX,3.7949237295105434,36.02777777777778
@podsaveamerica,@DrSteveTurleyTV,3.7949495848895687,36.03174603174603
@OwenReport,@Tim_Black,3.7949733133948635,36.035714285714285
@LegalAFMTN,@clayandbuck,3.795931114748286,36.06349206349206
@NovaraMedia,@LiberalHivemind,3.7976370593653033,36.08730158730158
@BreakThroughNews,@RebelNewsOnline,3.7981347705448965,36.095238095238095
@samharrisorg,@LiberalHivemind,3.798288760454622,36.09920634920635
@RebelHQ,@ThePodcastoftheLotusEaters,3.7992834149763617,36.11507936507937
@EzraKleinShow,@RealAmericasVoice,3.8000197033119574,36.12698412698413
@PiscoLitty,@ChadPrather1,3.800797816744948,36.154761904761905
@LeejaMiller,@chicksonright,3.8011991752745127,36.17063492063492
@JamarlThomas,@RufoandLomez,3.801904387617299,36.18650793650794
@samharrisorg,@AnthonyBrianLogan,3.801951451095821,36.19047619047619
@GlennKirschner2,@RedactedNews,3.8020552226656243,36.19444444444444
@nousnetwork,https://rumble.com/c/nickjfuentes,3.8023865153192737,36.20634920634921
@fastpoliticspodcast,@oann,3.8036905555820533,36.23015873015873
@OwenJonesTalks,@ColemanHughesOfficial,3.803804169981495,36.23412698412699
@LegalAFMTN,@dineshdsouza,3.804004762688351,36.238095238095234
@marclamonthillnetwork,@ChadPrather1,3.805320463308306,36.26587301587302
@DueDissidence,@triggerpod,3.8056010187669895,36.269841269841265
@PoliticsJOE,@glennbeck,3.806060672396128,36.28174603174603
@LegalAFMTN,@JesseKellyDC,3.806162021054233,36.285714285714285
@nytimes,@AfterPartyEmily,3.80634231097993,36.2936507936508
@therationalnational,https://rumble.com/c/russellbrand,3.8065772757072582,36.297619047619044
@fastpoliticspodcast,@PragerU,3.8067114139987273,36.301587301587304
@RebelHQ,@BlazeTV,3.8070898989060082,36.30952380952381
@OwenJonesTalks,@TimcastNews,3.807446389710716,36.31349206349206
@MeidasTouch,@LiberalHivemind,3.8079554065251933,36.317460317460316
@SkyNews,@HangOutwithSeanHannity,3.8083268989958534,36.333333333333336
@TheMajorityReport,@MarkDice,3.808750667141081,36.3531746031746
@TheDamageReport,@HangOutwithSeanHannity,3.808994769324861,36.361111111111114
@podsaveamerica,@MarkDice,3.8091141732056344,36.36904761904762
@PoliticsJOE,@The_Crucible,3.8093349240590864,36.38095238095238
@JamarlThomas,@DarkHorsePod,3.8094473887696276,36.388888888888886
@NPR,@clayandbuck,3.809570218081446,36.39682539682539
@usefulidiots,@ZubyMusic,3.81043588940594,36.41269841269841
@TheJoyReidShow,@The_Crucible,3.81073838308428,36.41666666666667
@BadEmpanadaLive,https://rumble.com/c/russellbrand,3.81111739276098,36.432539682539684
@DropSiteNews,@PartOfTheProblem,3.8122836104044016,36.48412698412699
@RebelHQ,@MattWalsh,3.812695209725734,36.49603174603175
@dollemore,@AndrewKlavan,3.8133729280347795,36.52777777777778
@HasanAbi,@The_Crucible,3.8135172614621586,36.53174603174603
@RestPoliticsUS,@AnthonyBrianLogan,3.8142959632749913,36.551587301587304
@SabbySabs,@TimcastNews,3.8145554034954534,36.56349206349206
@therationalnational,@MattWalsh,3.8145613527811806,36.567460317460316
@chriscuomo,@TheBrianKilmeadeShow,3.815167933682215,36.583333333333336
@NYTPodcasts,@dineshdsouza,3.815667739005982,36.6031746031746
@thedavidpakmanshow,@TheQuartering,3.8161729679544023,36.61507936507937
@LegalEagle,@MarkDice,3.816355938828819,36.62301587301587
@nytimes,@clayandbuck,3.8169072108217366,36.64682539682539
@PoliticsJOE,@MegynKelly,3.817054375494802,36.65079365079365
@zeteo,@OfficialSaharTV,3.8170943426853317,36.654761904761905
@podsaveamerica,@bbrettcooper,3.817252139387158,36.65873015873016
@adammockler,@theisabelbrown,3.8177838977492677,36.666666666666664
@Vaush,@clayandbuck,3.818930569877922,36.7063492063492
@podsaveamerica,@RebelNewsOnline,3.819125955999369,36.714285714285715
@thedavidpakmanshow,@RealAmericasVoice,3.8196958873763815,36.72619047619048
@dollemore,@DrSteveTurleyTV,3.820320494588911,36.75
@destiny,@newdiscourses,3.8204377648209062,36.75396825396825
@Xanderhal,@ColemanHughesOfficial,3.820461975495572,36.757936507936506
@katiephangnews,@TimcastNews,3.8205293067666766,36.76190476190476
@jimacosta,@MichaelMaliceofficial,3.8208078625915722,36.77777777777778
@TheDamageReport,@RufoandLomez,3.820877928311586,36.78174603174603
@chriscuomo,@LiberalHivemind,3.8212232486043365,36.78968253968254
@Vaush,https://rumble.com/c/russellbrand,3.8213139780612293,36.7936507936508
@TheDamageReport,@MrTariqNasheed,3.821538334376337,36.80952380952381
@zeteo,@nationalreview,3.821591044523098,36.817460317460316
@Forthepeoplepodcast305,@AfterPartyEmily,3.8219328251112845,36.82539682539683
@BreakThroughNews,@NewsmaxTV,3.8221371927456635,36.833333333333336
@LegalAFMTN,@TimcastIRL,3.8221613943921517,36.84126984126984
@zeteo,@lizwheeler,3.8225861422420238,36.845238095238095
@breakingpoints,@lonerboxlive,3.8228838318888747,36.84920634920635
@cafedotcom,@fightbackpodcast,3.8233348458888368,36.86904761904762
@SecularTalk,@RedactedNews,3.8239105688220243,36.90079365079365
@MikeFromPA,@TheAmalaEkpunobi,3.824223645550465,36.91269841269841
@adammockler,@HangOutwithSeanHannity,3.8253187157049204,36.94444444444444
@NPR,@MarkDice,3.8253197221924236,36.948412698412696
@CNN,@NewsmaxTV,3.825783978604021,36.96031746031746
@breakingpoints,@The_Crucible,3.825926827655914,36.964285714285715
@usefulidiots,@Styxhexenhammer666,3.8276059941499847,36.992063492063494
@TheMajorityReport,@turningpointusa,3.8280472007862203,37.01190476190476
@MikeFromPA,@BlazeTV,3.8282146777611548,37.02777777777778
@SkyNews,@LiberalHivemind,3.8286383502000536,37.047619047619044
@ajplus,@Styxhexenhammer666,3.8287089546240067,37.051587301587304
@HasanAbi,@AndrewKlavan,3.828835644692209,37.05555555555556
@TheJoyReidShow,@RedactedNews,3.8289116747965766,37.05952380952381
@MeidasTouch,@MichaelKnowles,3.82984796630122,37.083333333333336
@Vox,@StevenCrowder,3.830031060873062,37.09126984126984
@SkyNews,@glennbeck,3.8310043771575675,37.111111111111114
@bulwarkmedia,@RealDanBongino,3.831906805122483,37.142857142857146
@HasanAbi,@glennbeck,3.833132341354176,37.18650793650794
@LukeBeasley,@TheOfficerTatum,3.8333488733795202,37.19444444444445
@dollemore,@CamHigby,3.8334864048301713,37.198412698412696
@RonPlacone,@lizwheeler,3.8338689114115834,37.214285714285715
@cafedotcom,@MLChristiansen,3.8347475536905686,37.24603174603175
@DylanBurnsLIVE,@DarkHorsePod,3.83508291320484,37.25
@jimacosta,@winston_marshall,3.835160199969944,37.25396825396825
@TheDamageReport,@BenShapiro,3.8354237871703294,37.26587301587301
@RestPoliticsUS,@MarkDice,3.8381129961809073,37.317460317460316
@JamarlThomas,@ColemanHughesOfficial,3.8384093562888406,37.329365079365076
@LegalEagle,@MattWalsh,3.838619342228943,37.33730158730159
@MikeFromPA,@DarkHorsePod,3.8389037521328,37.34920634920635
@judgingfreedom,@VivaFrei,3.8391125798395813,37.357142857142854
@lovettorleaveitpodcast,@ChadPrather1,3.839520989759062,37.36904761904762
@breakingpoints,@JillianMichaels,3.8396072816849336,37.38095238095238
@EzraKleinShow,@TheAdamCarollaShow1,3.839774864523422,37.38492063492064
@Forthepeoplepodcast305,@X22Report-y5y,3.8400048157547784,37.388888888888886
@NovaraMedia,https://rumble.com/c/russellbrand,3.8402840845414077,37.40079365079365
@BreakThroughNews,@FreshFitMiami,3.8402867517776595,37.404761904761905
@NYTPodcasts,@ColemanHughesOfficial,3.8408592168062072,37.432539682539684
@DueDissidence,@HangOutwithSeanHannity,3.840899399363106,37.43650793650794
@NYTPodcasts,@TheAdamCarollaShow1,3.841344360431827,37.44047619047619
@nytimes,https://rumble.com/c/TheAlexJonesShowLive,3.84136823938572,37.44444444444445
@PiscoLitty,@lizwheeler,3.84212978245798,37.46825396825397
@thedavidpakmanshow,@MarkDice,3.84217457595004,37.47222222222222
@TheDonLemonShow,@VivaFrei,3.842198101877667,37.476190476190474
@underthedesknews,@CamHigby,3.842452973518852,37.48015873015873
@MikeFromPA,https://rumble.com/c/TheAlexJonesShowLive,3.842677777560977,37.492063492063494
@MeidasTouch,@ChadPrather1,3.8432869541445873,37.507936507936506
@TheAtlantic,@MattWalsh,3.8433907768033477,37.511904761904766
@DemocracyNow,@jlptalk,3.8434311294648142,37.51587301587301
@TheMichaelCohenShow,@dineshdsouza,3.8434696499827883,37.51984126984127
@Vaush,@Tim_Black,3.8439749000422347,37.52777777777778
@zeteo,@X22Report-y5y,3.845350672001904,37.53968253968254
@samharrisorg,@BlazeTV,3.845828305262302,37.55952380952381
@LegalAFMTN,@SaltyCracker,3.8459118436275195,37.56349206349206
@fastpoliticspodcast,@XAVIAER,3.8465253521461573,37.57539682539682
@jimacosta,@BlazeTV,3.846548996706534,37.579365079365076
@TheAtlantic,@ChadPrather1,3.846902605930954,37.58730158730159
@TheDonLemonShow,@LiberalHivemind,3.847145873490222,37.595238095238095
@rolandsmartin,@PragerU,3.8476561454812472,37.607142857142854
@lovettorleaveitpodcast,@lizwheeler,3.848147409679753,37.61507936507936
@DylanBurnsLIVE,@JillianMichaels,3.848205733187786,37.62301587301587
@deanwithrs,@glennbeck,3.8487456292043674,37.62698412698413
@DylanBurnsLIVE,@RobertGouveiaEsq,3.848992391675066,37.63492063492063
@thegrayzone7996,@JustPearlyThings,3.8490318182293866,37.638888888888886
@NYTPodcasts,https://rumble.com/c/russellbrand,3.8491762160339316,37.642857142857146
@SMN,@MichaelMaliceofficial,3.850105005594087,37.654761904761905
@PoliticsJOE,@BlazeTV,3.85018219750424,37.65873015873016
@UnHerd,@glennbeck,3.850436121328183,37.66269841269841
@jimacosta,@SaltyCracker,3.850864155060592,37.666666666666664
@zeteo,@FoxNews,3.851619026046724,37.67857142857143
@DylanBurnsLIVE,@newdiscourses,3.8516230662383446,37.682539682539684
@NPR,@ChadPrather1,3.8517402490802777,37.68650793650794
@LegalEagle,@MLChristiansen,3.85237654803144,37.714285714285715
@MeidasTouch,@ActualJusticeWarrior,3.8524566718876603,37.71825396825397
@cafedotcom,@FreshFitMiami,3.85250797550983,37.72222222222222
@PiscoLitty,@CamHigby,3.8526221554517597,37.726190476190474
@jimacosta,@AndrewKlavan,3.8529102246953753,37.73412698412699
@SabbySabs,@RealDanBongino,3.8539506874753786,37.75396825396825
@TheAtlantic,@SaltyCracker,3.8540992467218906,37.761904761904766
@OwenJonesTalks,@BlazeTV,3.8546339161483645,37.76984126984127
@OwenReport,@RobertGouveiaEsq,3.8548167349851172,37.773809523809526
@adammockler,@TomiLahrenIsFearless,3.8558603206143527,37.78968253968254
@usefulidiots,@MrTariqNasheed,3.8559695117025337,37.801587301587304
@NYTPodcasts,@PartOfTheProblem,3.855970637654433,37.80555555555555
@rolandsmartin,@MrTariqNasheed,3.8562818153918745,37.81349206349206
@podsaveamerica,@ColemanHughesOfficial,3.856459249566756,37.82142857142857
@TheDamageReport,@JustPearlyThings,3.8567577924042364,37.82539682539682
@NPR,@oann,3.856776279214327,37.82936507936508
@judgingfreedom,https://rumble.com/c/russellbrand,3.8572360914659845,37.84126984126984
@TheJoyReidShow,@BlazeTV,3.8572624403136064,37.845238095238095
@UnHerd,@JillianMichaels,3.8574590454530626,37.861111111111114
@underthedesknews,@ZubyMusic,3.857593023109502,37.86507936507936
@UnHerd,@Styxhexenhammer666,3.85782117953552,37.86904761904762
@TheDamageReport,@CamHigby,3.859156323242684,37.89682539682539
@JamarlThomas,@RedactedNews,3.860231717990565,37.91269841269841
@DemocracyDocket,@LiberalHivemind,3.8605610278478446,37.920634920634924
@MikeFromPA,@OfficialSaharTV,3.861312922241909,37.948412698412696
@rolandsmartin,@AlexStein99,3.861375451692353,37.9563492063492
@adammockler,@FoxNews,3.8616542355739756,37.96031746031746
@SkyNews,@oann,3.8619391287554605,37.96825396825397
@Politicon,https://rumble.com/c/russellbrand,3.8621585770591325,37.976190476190474
@deanwithrs,@MLChristiansen,3.8623241627016434,37.98015873015873
@usefulidiots,@ChadPrather1,3.8623811826913745,37.98412698412699
@therationalnational,@MichaelMaliceofficial,3.8625601935588647,37.98809523809524
@Xanderhal,@X22Report-y5y,3.862661304479247,37.992063492063494
@thedavidpakmanshow,@winston_marshall,3.8630789392529503,38.00396825396825
@RestPoliticsUS,@TheAmalaEkpunobi,3.863493610427303,38.01984126984127
@ajplus,@TheBrianKilmeadeShow,3.865127542321739,38.03174603174603
@HasanAbi,@MarkDice,3.865143715331699,38.035714285714285
@marclamonthillnetwork,@RufoandLomez,3.8656784111869924,38.047619047619044
@LeejaMiller,@X22Report-y5y,3.866087094521291,38.05952380952381
https://rumble.com/c/GGreenwald,@triggerpod,3.8661739808571847,38.06349206349206
@NPR,@FreshFitMiami,3.8664392872939164,38.07142857142857
@thomhartmann,@The_Crucible,3.8672676955316696,38.107142857142854
@DemocracyDocket,@BlazeTV,3.867636889755945,38.12301587301587
@TheMichaelCohenShow,@FoxNews,3.868508712453714,38.15079365079365
@PoliticsGirl,@lizwheeler,3.8689067318285684,38.15873015873016
@JamarlThomas,@MyronGainesX,3.869185233285286,38.16269841269842
@DropSiteNews,@MattWalsh,3.8695068342803878,38.166666666666664
@MeidasTouch,@SaltyCracker,3.8702497446138406,38.182539682539684
@lovettorleaveitpodcast,@marklevinshow,3.8703076426168495,38.18650793650794
@TheRealTabithaSpeaks,@MichaelMaliceofficial,3.8706043420980016,38.19047619047619
@fastpoliticspodcast,@RealAlexClark,3.8719596341170592,38.226190476190474
@breakingpoints,@RubinReport,3.8719873930225157,38.23015873015873
@underthedesknews,@TheAmalaEkpunobi,3.8727930437552645,38.24603174603175
@LeverNews,@fightbackpodcast,3.8738055021506685,38.257936507936506
@BadFaithPodcast,@TomiLahrenIsFearless,3.8743197234853883,38.27380952380952
@RestPoliticsUS,@SaltyCracker,3.8757650085124227,38.297619047619044
@StatusCoup,@BlazeTV,3.875844771854747,38.301587301587304
@PiscoLitty,@MarkDice,3.8772267751032374,38.33730158730159
@lovettorleaveitpodcast,@RileyGaines,3.8777839993252914,38.34920634920635
@MikeFromPA,https://rumble.com/c/nickjfuentes,3.877931726494361,38.357142857142854
@deanwithrs,@ActualJusticeWarrior,3.8789461650022843,38.37301587301587
@SabbySabs,@DarkHorsePod,3.879446303071268,38.38492063492063
@GeopoliticalEconomyReport,@RealDanBongino,3.879563671064386,38.388888888888886
@CNN,@MrTariqNasheed,3.879566231296602,38.392857142857146
@TheSerfTimes,@LiberalHivemind,3.879597900921023,38.3968253968254
@LeejaMiller,@AnthonyBrianLogan,3.879694163669293,38.40079365079365
@MikeFromPA,@DrSteveTurleyTV,3.8799726499995955,38.40873015873016
@FarronBalanced,@TheOfficerTatum,3.880153661646827,38.416666666666664
@franifio,@MattWalsh,3.8801542627386745,38.420634920634924
@DemocracyNow,@TheAdamCarollaShow1,3.8807606041908884,38.44047619047619
@bulwarkmedia,@RebelNewsOnline,3.881032106632989,38.44444444444444
@TheDamageReport,@JillianMichaels,3.8812154649911568,38.452380952380956
@SkyNews,@fightbackpodcast,3.8814035570143224,38.4563492063492
@samharrisorg,@triggerpod,3.881429698158477,38.464285714285715
@GeopoliticalEconomyReport,@morebridgetphetasy,3.882877413107904,38.480158730158735
@destiny,@FoxNews,3.884125270506834,38.50396825396825
@jimacosta,@BenShapiro,3.884708914404309,38.511904761904766
@HasanAbi,https://rumble.com/c/TheAlexJonesShowLive,3.8849641363285494,38.52380952380952
@TheDamageReport,@BlazeTV,3.8854900201763103,38.535714285714285
@SkyNews,@OfficialSaharTV,3.885596201473924,38.53968253968254
@LegalEagle,@TheAdamCarollaShow1,3.885912648040521,38.547619047619044
@therationalnational,@newdiscourses,3.8862204949351713,38.551587301587304
@TheAtlantic,@CamHigby,3.886977065783176,38.57142857142858
@TheMichaelCohenShow,@MegynKelly,3.88735735389121,38.57936507936508
@deanwithrs,@theisabelbrown,3.888281400419076,38.59920634920635
@lovettorleaveitpodcast,@MrTariqNasheed,3.8900014610884694,38.638888888888886
@thedavidpakmanshow,@NewsmaxTV,3.8902152506357703,38.6468253968254
@LegalEagle,https://rumble.com/c/russellbrand,3.890863396755952,38.66269841269842
@usefulidiots,@RealDanBongino,3.8917704658845906,38.670634920634924
@SecularTalk,@TimcastIRL,3.891776981869667,38.67460317460317
@fastpoliticspodcast,@nypost,3.8920325053791935,38.682539682539684
@franifio,@ActualJusticeWarrior,3.8930763554515284,38.7063492063492
@RonPlacone,@XAVIAER,3.893349380336139,38.714285714285715
@StatusCoup,@FoxNews,3.8937808854275486,38.726190476190474
@RonPlacone,@VivaFrei,3.8944228976817152,38.73809523809524
@GeopoliticalEconomyReport,@MrTariqNasheed,3.8946306721653654,38.75396825396825
@RebelHQ,@TheQuartering,3.894676469663317,38.757936507936506
@adammockler,@bbrettcooper,3.894870138193318,38.761904761904766
@RestPoliticsUS,@clayandbuck,3.8950214123745455,38.76984126984127
@cafedotcom,@nypost,3.8950552013318345,38.77380952380952
@nousnetwork,@RealAmericasVoice,3.895233927751442,38.77777777777778
@TheJoyReidShow,https://rumble.com/c/russellbrand,3.8960028959171358,38.79365079365079
@PiscoLitty,@JillianMichaels,3.896287304829272,38.801587301587304
@RebelHQ,@DarkHorsePod,3.8966590443962,38.82142857142858
@TheYoungTurks,@DrSteveTurleyTV,3.8974270784259604,38.845238095238095
@zeteo,@MichaelMaliceofficial,3.8980582823226197,38.86904761904762
@MeidasTouch,@JillianMichaels,3.898157112856569,38.87301587301587
@CNN,@XAVIAER,3.8981892302209467,38.87698412698413
@thedavidpakmanshow,@MattWalsh,3.8989471033633825,38.89285714285714
@DropSiteNews,@newdiscourses,3.8991142511749315,38.90079365079365
@TheJoyReidShow,@dineshdsouza,3.900326551368723,38.916666666666664
@TheAtlantic,@clayandbuck,3.900777527652382,38.92857142857143
@cafedotcom,@RufoandLomez,3.901905197317584,38.964285714285715
@CNN,@oann,3.9024074508554745,38.98412698412698
@EzraKleinShow,@BlazeTV,3.90372530952616,39.0
@chriscuomo,@PragerU,3.9038108462135304,39.007936507936506
@usefulidiots,@VivaFrei,3.9039597991022195,39.01587301587301
@deanwithrs,@StevenCrowder,3.9040392875591077,39.02380952380952
@HasanAbi,@HangOutwithSeanHannity,3.905012912011194,39.03968253968254
@zeteo,@AnthonyBrianLogan,3.9052692914189353,39.04761904761905
@PoliticsJOE,https://rumble.com/c/russellbrand,3.905562389842481,39.06349206349206
@DropSiteNews,@TheOfficerTatum,3.9056779547681404,39.067460317460316
@DylanBurnsLIVE,@RealAmericasVoice,3.9064370387691656,39.07936507936508
@thedavidpakmanshow,https://rumble.com/c/russellbrand,3.906679119040658,39.08333333333333
https://rumble.com/c/GGreenwald,https://rumble.com/c/nickjfuentes,3.9070134251446897,39.095238095238095
@NYTPodcasts,@RedactedNews,3.907094436496048,39.09920634920635
@SkyNews,@MLChristiansen,3.9073771001015754,39.111111111111114
@LegalAFMTN,@BenShapiro,3.9086092191090462,39.1468253968254
@PoliticsGirl,@PartOfTheProblem,3.9091286565733396,39.15873015873016
@PoliticsJOE,@ThePodcastoftheLotusEaters,3.909481898789385,39.170634920634924
@LegalEagle,@RobertGouveiaEsq,3.9103477783182097,39.19047619047619
@BadEmpanadaLive,@FreshFitMiami,3.9106861880735297,39.20634920634921
@SkyNews,@clayandbuck,3.9107747896315757,39.21031746031746
@TheHumanistReport,@FoxNews,3.912262874505988,39.23809523809524
@deanwithrs,@Styxhexenhammer666,3.9122904704373913,39.242063492063494
@dollemore,@ZubyMusic,3.9123478493343833,39.25
@DoubleDownNews,@RubinReport,3.912644857806748,39.261904761904766
@LegalAFMTN,@LiberalHivemind,3.9128940351790087,39.26984126984127
@RebelHQ,@lonerboxlive,3.913307624256968,39.27777777777778
@underthedesknews,@dineshdsouza,3.913587823290162,39.285714285714285
@TheLincolnProject,@dineshdsouza,3.91373391904155,39.28968253968254
@nytimes,@marklevinshow,3.913851986441331,39.29365079365079
@GlennKirschner2,@newdiscourses,3.914257606521526,39.301587301587304
@LeverNews,@RileyGaines,3.914574331836454,39.30555555555556
@TheJoyReidShow,@VivaFrei,3.9146320487590427,39.31349206349206
@PoliticsGirl,@JesseKellyDC,3.91497318820308,39.317460317460316
@cafedotcom,@NewsmaxTV,3.9150718229560946,39.32539682539682
@RestPoliticsUS,@TomiLahrenIsFearless,3.915264208588198,39.32936507936508
@TheDonLemonShow,@DrSteveTurleyTV,3.9162067085101255,39.34920634920635
@destiny,@FreshFitMiami,3.9165039669829436,39.37301587301587
@TheYoungTurks,@PragerU,3.9165065335807756,39.37698412698413
@judgingfreedom,@MichaelMaliceofficial,3.916562023877647,39.38095238095238
@MeidasTouch,@CamHigby,3.916781801837268,39.38492063492063
@SkyNews,@Tim_Black,3.917114383611488,39.38888888888889
@MikeFromPA,@oann,3.917607190821534,39.40079365079365
@breakingpoints,@HangOutwithSeanHannity,3.9176501109534163,39.404761904761905
@rolandsmartin,@morebridgetphetasy,3.9180705546654027,39.41269841269841
@MeidasTouch,https://rumble.com/c/TheAlexJonesShowLive,3.9181906135968836,39.420634920634924
@MikeFromPA,@Timcast,3.9183326376123944,39.432539682539684
@lovettorleaveitpodcast,@OfficialSaharTV,3.9184500088564507,39.43650793650794
@PoliticsJOE,@TheAmalaEkpunobi,3.9186314943898948,39.44444444444444
@deanwithrs,@TomiLahrenIsFearless,3.918798357943442,39.448412698412696
@TheLincolnProject,@OfficialSaharTV,3.9191362532880785,39.45238095238095
@cafedotcom,@HangOutwithSeanHannity,3.919793198809594,39.47222222222222
@PiscoLitty,@ZubyMusic,3.9200033997176473,39.476190476190474
@adammockler,@lonerboxlive,3.920016332207888,39.48412698412698
@samharrisorg,https://rumble.com/c/russellbrand,3.9200363160528364,39.48809523809524
@RonPlacone,https://rumble.com/c/TheAlexJonesShowLive,3.9202627741458107,39.49206349206349
@DylanBurnsLIVE,@dineshdsouza,3.920321626313302,39.49603174603175
@FarronBalanced,https://rumble.com/c/TheAlexJonesShowLive,3.920373375330522,39.5
@underthedesknews,@PartOfTheProblem,3.9211532595144862,39.51587301587301
@PoliticsJOE,@NewsmaxTV,3.9215218794016007,39.52777777777778
@ajplus,@HangOutwithSeanHannity,3.921714092139188,39.53174603174603
@samharrisorg,@MegynKelly,3.9219031797752577,39.54365079365079
@marclamonthillnetwork,@X22Report-y5y,3.921950790303246,39.54761904761905
@deanwithrs,@RobertGouveiaEsq,3.9222675291799045,39.56349206349206
@PoliticsJOE,@LiberalHivemind,3.922609028796527,39.567460317460316
@DemocracyDocket,@AfterPartyEmily,3.922916891085747,39.58333333333333
@TheDamageReport,@ZubyMusic,3.923003989155,39.58730158730159
@thegrayzone7996,@FoxNews,3.923292355113629,39.59126984126984
@underthedesknews,@The_Crucible,3.923332609048477,39.595238095238095
@franifio,@OfficialSaharTV,3.9233603441025413,39.59920634920635
@BreakThroughNews,@MichaelMaliceofficial,3.9237742848543045,39.61507936507937
@ajplus,@RedactedNews,3.9239032550408512,39.62301587301587
@nytimes,@RubinReport,3.9239384283904046,39.62698412698413
@StatusCoup,@VivaFrei,3.92414106423483,39.63492063492063
@RebelHQ,@AndrewKlavan,3.9257641678675905,39.65873015873016
@TheRealTabithaSpeaks,@BlazeTV,3.9258276740402946,39.66269841269841
@LegalEagle,@SydneyWatson,3.926525521824447,39.67460317460317
@TheSerfTimes,@SydneyWatson,3.9266037459297984,39.67857142857143
@DueDissidence,@VivaFrei,3.9266113376612046,39.682539682539684
@jimacosta,@FreshFitMiami,3.926704060567982,39.69444444444444
@Politicon,@OfficialSaharTV,3.92693983804022,39.70238095238095
@TheDonLemonShow,@The_Crucible,3.926971931014114,39.70634920634921
@Vaush,https://rumble.com/c/TheAlexJonesShowLive,3.9269876459363484,39.71031746031746
@underthedesknews,@VivaFrei,3.9274654288816517,39.726190476190474
@bulwarkmedia,@winston_marshall,3.9279126853548236,39.74603174603175
@SecularTalk,@ChadPrather1,3.928839421529794,39.75
@MikeFromPA,@Styxhexenhammer666,3.929827674745479,39.773809523809526
@NovaraMedia,@X22Report-y5y,3.9315794038993848,39.80555555555556
@SMN,@dineshdsouza,3.9316322762517766,39.81349206349206
@breakingpoints,@dineshdsouza,3.9330357245459244,39.88095238095239
@SMN,@The_Crucible,3.9331166154643995,39.88888888888889
@MikeFromPA,@dineshdsouza,3.9332671198845963,39.90079365079365
@SMN,@TheOfficerTatum,3.9335544115434122,39.916666666666664
@EzraKleinShow,@RedactedNews,3.9342370525901043,39.92857142857143
@dollemore,@RealDanBongino,3.9343261585138234,39.932539682539684
@lovettorleaveitpodcast,@DarkHorsePod,3.934526918544469,39.94047619047619
@TheRealTabithaSpeaks,@ColemanHughesOfficial,3.934908688312498,39.95238095238095
@CNN,@ChadPrather1,3.9353296236844595,39.96825396825397
@PiscoLitty,@TimcastNews,3.93569400325206,39.976190476190474
@PiscoLitty,@TheOfficerTatum,3.936004201805936,39.98809523809524
@usefulidiots,@FreshFitMiami,3.936315869826849,39.99206349206349
@SabbySabs,@The_Crucible,3.936433858669258,40.0
@StatusCoup,@TomiLahrenIsFearless,3.9375827494032216,40.007936507936506
@NYTPodcasts,@BlazeTV,3.937743809987035,40.01587301587301
@PiscoLitty,@FreshFitMiami,3.9390793613634734,40.04761904761905
@RonPlacone,@Styxhexenhammer666,3.9395545763761035,40.06349206349206
@DemocracyNow,@JillianMichaels,3.9398319739227547,40.07936507936508
@marclamonthillnetwork,https://rumble.com/c/TheAlexJonesShowLive,3.939896952747268,40.09126984126984
@zeteo,@ThePodcastoftheLotusEaters,3.9400867899179848,40.095238095238095
@NYTPodcasts,@OfficialSaharTV,3.940147600401521,40.09920634920635
@UnHerd,@chicksonright,3.940360993464322,40.10714285714286
@TheJoyReidShow,@FoxNews,3.941837322441752,40.13888888888889
@SabbySabs,@clayandbuck,3.9422713730180465,40.150793650793645
@BadFaithPodcast,@clayandbuck,3.9424917010782794,40.15873015873016
@SMN,@Timcast,3.942499991559563,40.16269841269841
@DemocracyNow,@NewsmaxTV,3.9432771791503347,40.17460317460318
@JamarlThomas,@MegynKelly,3.943705310843352,40.182539682539684
@JamarlThomas,@oann,3.9440614666574496,40.18650793650794
@GlennKirschner2,@BlazeTV,3.944833473036644,40.1984126984127
@PoliticsJOE,@TheOfficerTatum,3.9452280941309215,40.21031746031746
@TheAtlantic,@triggerpod,3.9452672096971737,40.214285714285715
@DemocracyDocket,@MattWalsh,3.94552341164222,40.22222222222222
@BadFaithPodcast,@TheAdamCarollaShow1,3.9457384134725744,40.23412698412698
@NYTPodcasts,@lonerboxlive,3.9472096019773826,40.26984126984127
@adammockler,@Timcast,3.947541510710109,40.273809523809526
@GlennKirschner2,@turningpointusa,3.9476868958168256,40.28174603174603
@RebelHQ,@SydneyWatson,3.948472239966401,40.31349206349206
@Xanderhal,@TheOfficerTatum,3.948481518888651,40.317460317460316
@RonPlacone,@RealAlexClark,3.948849023272155,40.32539682539682
@JackCocchiarellaShow,@BlazeTV,3.9489151322583638,40.32936507936508
@podsaveamerica,@turningpointusa,3.949327446811265,40.33333333333333
@Forthepeoplepodcast305,@ColemanHughesOfficial,3.949388435799158,40.33730158730159
@thedavidpakmanshow,@lizwheeler,3.949718833521357,40.34920634920635
@samharrisorg,@TheAdamCarollaShow1,3.9499919393282306,40.3531746031746
@TheMajorityReport,@LiberalHivemind,3.9503331536420947,40.35714285714286
@SabbySabs,@JillianMichaels,3.9509003022331415,40.36904761904762
@destiny,@PragerU,3.9514753072670556,40.37698412698413
@LegalEagle,@LiberalHivemind,3.9516608033772886,40.38492063492063
@ajplus,@GrahamAllen,3.9519334046428543,40.39285714285714
@TheJoyReidShow,@MattWalsh,3.952187147446309,40.41269841269841
@TheDamageReport,@Styxhexenhammer666,3.952810742111165,40.432539682539684
@TheRealTabithaSpeaks,@DrSteveTurleyTV,3.9531439580603482,40.43650793650794
@DemocracyNow,@ChadPrather1,3.953271140362285,40.44444444444444
@underthedesknews,@BlazeTV,3.9539035958651048,40.45238095238095
@judgingfreedom,@TheOfficerTatum,3.9543036818657025,40.47222222222222
@SMN,@NewsmaxTV,3.954471647402258,40.480158730158735
@harryjsisson,@MyronGainesX,3.955378984426272,40.52777777777778
@BreakThroughNews,@lizwheeler,3.9556864213646574,40.535714285714285
@judgingfreedom,@The_Crucible,3.956092487977477,40.54365079365079
@JamarlThomas,@nypost,3.9566511368944135,40.55952380952381
@Xanderhal,@triggerpod,3.956767686083321,40.56349206349206
@RestPoliticsUS,@AfterPartyEmily,3.957218225975133,40.57539682539682
@Politicon,@MarkDice,3.957242454882457,40.57936507936508
@jimacosta,@JustPearlyThings,3.957300546152,40.583333333333336
@judgingfreedom,@RealAlexClark,3.957954022940212,40.595238095238095
@dollemore,@triggerpod,3.9594754051525776,40.63095238095238
@DemocracyNow,@RubinReport,3.959801313012498,40.63888888888889
@LeverNews,@RedactedNews,3.9599095635728085,40.650793650793645
@adammockler,@RufoandLomez,3.9603656934240026,40.67460317460318
@Xanderhal,https://rumble.com/c/TheAlexJonesShowLive,3.96044200759378,40.67857142857143
@breakingpoints,@ThePodcastoftheLotusEaters,3.9612845036292503,40.70634920634921
@dollemore,@BlackConservativePerspective,3.961584294554404,40.71825396825397
@marclamonthillnetwork,@lonerboxlive,3.961934096220306,40.73412698412698
@Vox,@ZubyMusic,3.9623200543848984,40.75
@fastpoliticspodcast,@JesseKellyDC,3.962683946614749,40.76190476190476
@nytimes,@MichaelMaliceofficial,3.9629135418783568,40.773809523809526
@harryjsisson,@MichaelKnowles,3.963107728328046,40.77777777777778
@BadEmpanadaLive,@RedactedNews,3.964775572300681,40.81349206349206
@breakingpoints,@Timcast,3.9655503630777136,40.833333333333336
@TheDamageReport,@DarkHorsePod,3.9659428146543387,40.845238095238095
@RebelHQ,@theisabelbrown,3.96644379202081,40.86507936507937
@lovettorleaveitpodcast,@JillianMichaels,3.9668638952055297,40.87698412698413
@TheDonLemonShow,@TheOfficerTatum,3.967784923646354,40.91269841269841
@timesofindia,@VivaFrei,3.9681254653727076,40.91666666666667
@TheMichaelCohenShow,@triggerpod,3.9681403976058207,40.92063492063492
@thegrayzone7996,@RealDanBongino,3.968223688137873,40.92460317460318
@adammockler,@MLChristiansen,3.968265117634943,40.92857142857143
@Forthepeoplepodcast305,@DrSteveTurleyTV,3.9684676273830006,40.93650793650794
@aljazeeraenglish,@JustPearlyThings,3.968949634143695,40.95238095238095
@usefulidiots,@TheOfficerTatum,3.9704928813555056,40.98015873015873
@FarronBalanced,@TimcastNews,3.9712725085529517,41.00396825396825
@FarronBalanced,@TheBrianKilmeadeShow,3.9714481712594454,41.00793650793651
@thomhartmann,@turningpointusa,3.9715414651054166,41.01587301587302
@underthedesknews,https://rumble.com/c/russellbrand,3.972031122134089,41.019841269841265
@EzraKleinShow,@MLChristiansen,3.972180851211251,41.02777777777778
@dollemore,@RufoandLomez,3.9722591320686145,41.035714285714285
@thegrayzone7996,@AlexStein99,3.97247397376784,41.04761904761905
@RestPoliticsUS,@dineshdsouza,3.9725898367454135,41.05555555555556
@thomhartmann,@MegynKelly,3.9726583394542763,41.05952380952381
@deanwithrs,@DarkHorsePod,3.9728216114226242,41.07142857142857
@TheHumanistReport,@DrSteveTurleyTV,3.972981524653155,41.079365079365076
@TheMichaelCohenShow,@SydneyWatson,3.9734382687656704,41.1031746031746
@LeverNews,@ZubyMusic,3.973583227861393,41.10714285714286
@OwenJonesTalks,@TheQuartering,3.9739396374093983,41.12301587301587
@LeverNews,@DarkHorsePod,3.974653588420028,41.1468253968254
@JamarlThomas,@X22Report-y5y,3.975094285473366,41.15873015873016
@JamarlThomas,@OfficialSaharTV,3.9756448171866987,41.17460317460318
@OwenJonesTalks,@RebelNewsOnline,3.9758100721567,41.17857142857143
@PoliticsGirl,@marklevinshow,3.9758303455676702,41.182539682539684
@ajplus,@MichaelKnowles,3.9765542313593643,41.20238095238095
@OwenReport,@MattWalsh,3.976610911537032,41.20634920634921
@jimacosta,@GrahamAllen,3.976909643294702,41.21825396825397
@zeteo,@VivaFrei,3.9776163666945097,41.23015873015873
@zeteo,@AfterPartyEmily,3.97783455737787,41.24603174603175
@rolandsmartin,@RufoandLomez,3.9779837676626677,41.25793650793651
@DemocracyDocket,@RealAlexClark,3.9791666869541547,41.29761904761905
@EzraKleinShow,@OfficialSaharTV,3.9793032391601604,41.3015873015873
@podsaveamerica,@MattWalsh,3.9799769965627467,41.32539682539683
@StatusCoup,@RobertGouveiaEsq,3.9804304410272606,41.333333333333336
@SMN,@VivaFrei,3.9816559152320776,41.34126984126984
@BreakThroughNews,@ThePodcastoftheLotusEaters,3.9818563698490266,41.345238095238095
@thegrayzone7996,@GrahamAllen,3.982410089666871,41.36904761904761
@SkyNews,@nypost,3.9829581969188492,41.39285714285714
@TheDonLemonShow,@RobertGouveiaEsq,3.983230809279486,41.404761904761905
@LegalEagle,@DarkHorsePod,3.9834496759218045,41.40873015873016
https://rumble.com/c/GGreenwald,@lonerboxlive,3.9840599997221195,41.43650793650794
@LeverNews,@MichaelKnowles,3.984209205018869,41.45238095238095
@zeteo,@LiberalHivemind,3.9842666431647125,41.45634920634921
@StatusCoup,@HangOutwithSeanHannity,3.9847034937556347,41.46825396825397
@nytimes,@Tim_Black,3.984782377917756,41.47222222222222
@EzraKleinShow,https://rumble.com/c/russellbrand,3.985404126262549,41.48412698412699
@PoliticsJOE,@RedactedNews,3.9854932614241756,41.48809523809524
@LegalAFMTN,@marklevinshow,3.986535931651763,41.51190476190476
@GeopoliticalEconomyReport,@JustPearlyThings,3.986827267001015,41.519841269841265
@ajplus,@winston_marshall,3.986892058459226,41.523809523809526
@TheSerfTimes,@glennbeck,3.9871023981458737,41.53968253968254
@TheSerfTimes,https://rumble.com/c/russellbrand,3.988486035321059,41.583333333333336
@thomhartmann,@DrSteveTurleyTV,3.9886327629147376,41.58730158730159
@nousnetwork,@TheBrianKilmeadeShow,3.98880618737911,41.595238095238095
@harryjsisson,@JustPearlyThings,3.988915666211885,41.6031746031746
@usefulidiots,@JustPearlyThings,3.9918217582294955,41.66666666666667
@TheSerfTimes,@PragerU,3.9925235491442077,41.682539682539684
@briantylercohen,@RebelNewsOnline,3.9925870548498223,41.68650793650794
@msnow,@RedactedNews,3.993507356589128,41.70634920634921
@UnHerd,@XAVIAER,3.993957351021708,41.714285714285715
@bulwarkmedia,https://rumble.com/c/TheAlexJonesShowLive,3.9944751098107805,41.72222222222222
@samharrisorg,@OfficialSaharTV,3.9947826780733937,41.74603174603175
@MeidasTouch,@Timcast,3.994817018527455,41.75
@GeopoliticalEconomyReport,@AndrewKlavan,3.9949191584665864,41.75396825396825
@samharrisorg,@X22Report-y5y,3.9950004134149864,41.75793650793651
@nytimes,@PragerU,3.995088629614421,41.76190476190476
@DoubleDownNews,https://rumble.com/c/TheAlexJonesShowLive,3.996181481301451,41.79365079365079
@Politicon,@MattWalsh,3.9968045917845694,41.80555555555556
@MeidasTouch,@JesseKellyDC,3.997610444466611,41.82539682539683
@deanwithrs,@HangOutwithSeanHannity,3.9976244860258845,41.829365079365076
@DropSiteNews,@LiberalHivemind,3.998527613105803,41.845238095238095
@SecularTalk,@DarkHorsePod,3.999064376059404,41.86111111111111
@MikeFromPA,@SaltyCracker,3.999091989085119,41.86904761904762
@rolandsmartin,@JustPearlyThings,3.9995717908043007,41.88492063492063
@JackCocchiarellaShow,@Tim_Black,3.999832789198758,41.892857142857146
@StatusCoup,@RubinReport,3.9999318071718584,41.8968253968254
@PiscoLitty,@fightbackpodcast,4.000064861246458,41.904761904761905
@NPR,@MegynKelly,4.0002212603264455,41.91269841269841
@StatusCoup,@ChadPrather1,4.000810126849121,41.92857142857142
@aljazeeraenglish,@FoxNews,4.001071494585725,41.93650793650794
@samharrisorg,@MLChristiansen,4.00121349073178,41.94047619047619
@therationalnational,@RedactedNews,4.001711902520293,41.95238095238095
@zeteo,@MyronGainesX,4.00260833053113,41.95634920634921
@DemocracyNow,@AnthonyBrianLogan,4.002724647994562,41.96031746031746
@LeverNews,@theisabelbrown,4.003566803455844,41.988095238095234
@SMN,@TimcastIRL,4.003942736549011,42.00396825396825
@therationalnational,@turningpointusa,4.004887835957534,42.023809523809526
@TheMajorityReport,@MegynKelly,4.005084304561907,42.02777777777777
@bulwarkmedia,@TheAmalaEkpunobi,4.0051617947003075,42.035714285714285
@JamarlThomas,@chicksonright,4.005272533081836,42.03968253968254
@StatusCoup,@MyronGainesX,4.005921898331537,42.05555555555556
@deanwithrs,@bbrettcooper,4.007523282128076,42.07539682539683
@thegrayzone7996,@SaltyCracker,4.0076171108815934,42.079365079365076
@NYTPodcasts,@The_Crucible,4.007633166493335,42.083333333333336
@StatusCoup,@chicksonright,4.008983223801522,42.11111111111111
@Vaush,@FoxNews,4.009842703375267,42.12698412698413
@franifio,@MLChristiansen,4.009949949462047,42.13095238095238
@lovettorleaveitpodcast,@Styxhexenhammer666,4.010604541840871,42.154761904761905
@aljazeeraenglish,@GrahamAllen,4.010780501206892,42.15873015873016
@franifio,@turningpointusa,4.0112613100476135,42.17857142857142
https://rumble.com/c/GGreenwald,@TheAmalaEkpunobi,4.011313353454667,42.18650793650794
@SecularTalk,@chicksonright,4.011663813369882,42.20238095238095
@thedavidpakmanshow,@FreshFitMiami,4.0122435193422845,42.22619047619048
@RonPlacone,@RealAmericasVoice,4.013335210117655,42.242063492063494
@PoliticsGirl,@dineshdsouza,4.01334766471313,42.24603174603175
@FarronBalanced,@MattWalsh,4.014882359716822,42.285714285714285
@DylanBurnsLIVE,@TheAdamCarollaShow1,4.01556623709326,42.301587301587304
@RebelHQ,@VivaFrei,4.015745539507746,42.30952380952381
@adammockler,@RedactedNews,4.016050068420198,42.32142857142857
@SecularTalk,@oann,4.016394783169892,42.32539682539683
@TheMajorityReport,@newdiscourses,4.016455292314717,42.329365079365076
@DoubleDownNews,@BlackConservativePerspective,4.016733577059052,42.345238095238095
@TheRealTabithaSpeaks,@AfterPartyEmily,4.017259314004643,42.3531746031746
@GlennKirschner2,@VivaFrei,4.017793038268616,42.36507936507937
@LeejaMiller,@FreshFitMiami,4.018532886844035,42.37698412698413
@MikeFromPA,@nypost,4.018746792910906,42.38095238095238
@RestPoliticsUS,https://rumble.com/c/TheAlexJonesShowLive,4.018995614995267,42.388888888888886
@DueDissidence,@FleccasTalks,4.019083580446296,42.3968253968254
@SecularTalk,@TheAdamCarollaShow1,4.019690245015378,42.40079365079365
@cafedotcom,@MyronGainesX,4.020179138129359,42.41269841269841
@StatusCoup,@clayandbuck,4.020549616800415,42.41666666666667
@FarronBalanced,@X22Report-y5y,4.020876932914601,42.42460317460318
@LegalAFMTN,@FreshFitMiami,4.0208958076227495,42.42857142857142
@breakingpoints,@RufoandLomez,4.021636907433574,42.44444444444444
@OwenJonesTalks,https://rumble.com/c/russellbrand,4.022008457995867,42.448412698412696
@RebelHQ,@DrSteveTurleyTV,4.022503579726875,42.464285714285715
@DueDissidence,@RileyGaines,4.0229637398019875,42.47222222222222
@TheSerfTimes,@RedactedNews,4.023389003077139,42.48412698412699
@samharrisorg,@MichaelMaliceofficial,4.023445516413696,42.488095238095234
@MeidasTouch,@MrTariqNasheed,4.023453458364019,42.492063492063494
@TheDamageReport,https://rumble.com/c/nickjfuentes,4.024624098848006,42.507936507936506
@NovaraMedia,@TheQuartering,4.024904699848104,42.519841269841265
@TheLincolnProject,@MarkDice,4.025140918641282,42.52777777777778
@TheMajorityReport,@BlazeTV,4.025375329044256,42.535714285714285
@chriscuomo,@AfterPartyEmily,4.025388016815489,42.53968253968254
@TheMajorityReport,@MattWalsh,4.026152098019249,42.567460317460316
@GlennKirschner2,@X22Report-y5y,4.026993270755452,42.57539682539683
@TheJoyReidShow,@AfterPartyEmily,4.027336987891737,42.579365079365076
@MeidasTouch,https://rumble.com/c/russellbrand,4.027399031681817,42.583333333333336
@nytimes,@RedactedNews,4.027731566027377,42.59920634920635
@chriscuomo,@oann,4.028001865679154,42.611111111111114
@TheHumanistReport,@PragerU,4.028915062862267,42.61507936507937
@franifio,@TheBrianKilmeadeShow,4.02959367572467,42.63492063492064
@dollemore,@LiberalHivemind,4.030775817900617,42.67063492063492
@SecularTalk,@MrTariqNasheed,4.030852386111955,42.67857142857142
@marclamonthillnetwork,@RileyGaines,4.031033967728235,42.68650793650794
@DemocracyNow,@SaltyCracker,4.031069994261334,42.69444444444444
@breakingpoints,@TomiLahrenIsFearless,4.031096926166498,42.702380952380956
@TheLincolnProject,@LiberalHivemind,4.0313537851439225,42.70634920634921
@CNN,@MichaelKnowles,4.031426458089619,42.71031746031746
@LeverNews,@BenShapiro,4.031543841875199,42.714285714285715
@LeverNews,@bbrettcooper,4.031990943386938,42.73015873015873
@samharrisorg,@RealAmericasVoice,4.03201987297508,42.73412698412699
@TheLincolnProject,@turningpointusa,4.032063390164824,42.738095238095234
@LeverNews,@X22Report-y5y,4.032261790676131,42.742063492063494
@LegalEagle,@FreshFitMiami,4.03267481870144,42.74603174603175
@LegalAFMTN,@ActualJusticeWarrior,4.032897858744506,42.757936507936506
@Politicon,@MichaelMaliceofficial,4.032978999365604,42.76190476190476
@JamarlThomas,@RealAlexClark,4.033043735001514,42.769841269841265
@marclamonthillnetwork,@marklevinshow,4.033047558823625,42.773809523809526
@dollemore,@theisabelbrown,4.033070479909063,42.77777777777778
@franifio,@RedactedNews,4.033236991134663,42.785714285714285
@RonPlacone,@X22Report-y5y,4.034309289875152,42.7936507936508
@franifio,https://rumble.com/c/nickjfuentes,4.034931692807419,42.81349206349206
@ajplus,@Tim_Black,4.034974837973792,42.817460317460316
@UnHerd,@ChadPrather1,4.035414621011294,42.829365079365076
@LeverNews,@turningpointusa,4.035755391311308,42.83730158730158
@TheSerfTimes,@lonerboxlive,4.036378821633737,42.8531746031746
@SecularTalk,@AnthonyBrianLogan,4.036569706831854,42.861111111111114
@MeidasTouch,@lizwheeler,4.036776990892083,42.87301587301587
@RonPlacone,@MichaelKnowles,4.037076763475176,42.88492063492064
@underthedesknews,@OfficialSaharTV,4.037186421565428,42.888888888888886
@rolandsmartin,@ZubyMusic,4.03719806179723,42.892857142857146
@LeverNews,@morebridgetphetasy,4.037515031760829,42.89682539682539
@NovaraMedia,@MegynKelly,4.037791085931308,42.904761904761905
@usefulidiots,@glennbeck,4.0387587429038785,42.92460317460318
@rolandsmartin,https://rumble.com/c/TheAlexJonesShowLive,4.038778040437078,42.92857142857143
@harryjsisson,@bennyjohnson,4.0387972392134,42.932539682539684
@TheYoungTurks,@FoxNews,4.03884524911518,42.93650793650794
@ajplus,@ChadPrather1,4.038864641141299,42.94444444444444
@podsaveamerica,@X22Report-y5y,4.039320555884804,42.9563492063492
@JamarlThomas,@MLChristiansen,4.039681860316684,42.96825396825397
@OwenReport,@LiberalHivemind,4.039861847412682,42.97222222222222
@NovaraMedia,@Tim_Black,4.0400303261859065,42.97619047619048
@marclamonthillnetwork,@RealAlexClark,4.040162742956094,42.988095238095234
@NPR,@HangOutwithSeanHannity,4.0406461844109245,43.00396825396825
@LeverNews,@JillianMichaels,4.040890189007111,43.007936507936506
@NPR,@TheBrianKilmeadeShow,4.04108285396041,43.01190476190476
@fastpoliticspodcast,@AndrewKlavan,4.042269734043582,43.03174603174603
@MeidasTouch,@TheAdamCarollaShow1,4.042325141061497,43.03571428571429
@deanwithrs,@RedactedNews,4.042375855301467,43.03968253968254
@rolandsmartin,@MichaelMaliceofficial,4.042431509442365,43.0436507936508
@nytimes,@GrahamAllen,4.042732045018989,43.06349206349206
@rolandsmartin,@X22Report-y5y,4.043818804009972,43.08730158730158
@Xanderhal,@PartOfTheProblem,4.044154029302178,43.09920634920635
@underthedesknews,@FoxNews,4.044389792428046,43.1031746031746
@underthedesknews,@X22Report-y5y,4.044476964096229,43.11904761904762
@DylanBurnsLIVE,@ChadPrather1,4.044538147822334,43.12301587301587
@RestPoliticsUS,@TheAdamCarollaShow1,4.044842746435957,43.13095238095238
@TheSerfTimes,@TimcastIRL,4.045442251946292,43.154761904761905
@NovaraMedia,@DrSteveTurleyTV,4.045741563871394,43.17857142857143
@franifio,@MarkDice,4.045897490599893,43.18650793650794
@LegalAFMTN,@MrTariqNasheed,4.046388672247922,43.19444444444444
@dollemore,@RedactedNews,4.046573327720092,43.202380952380956
@ajplus,@XAVIAER,4.046927829031406,43.2063492063492
@Forthepeoplepodcast305,@turningpointusa,4.047116671494375,43.214285714285715
@fastpoliticspodcast,@MegynKelly,4.047214029017792,43.21825396825397
@DropSiteNews,@X22Report-y5y,4.047534214885351,43.226190476190474
@Vaush,@TomiLahrenIsFearless,4.047695913320826,43.23015873015873
@fastpoliticspodcast,@SaltyCracker,4.0483687013770115,43.25
@UnHerd,@RufoandLomez,4.048801688823909,43.25396825396825
@LegalAFMTN,@OfficialSaharTV,4.048935056899102,43.257936507936506
@DueDissidence,@MrTariqNasheed,4.04901959425882,43.26190476190476
@DemocracyNow,@fightbackpodcast,4.049134393930169,43.26587301587301
@franifio,@FreshFitMiami,4.049407415581099,43.26984126984127
@GeopoliticalEconomyReport,@ZubyMusic,4.05061149363019,43.2936507936508
@cafedotcom,@ColemanHughesOfficial,4.050902280012538,43.301587301587304
@DylanBurnsLIVE,@MyronGainesX,4.0509254148715605,43.30555555555556
@Vaush,@oann,4.051502604153027,43.31349206349206
@LegalAFMTN,@PragerU,4.052087166484275,43.329365079365076
@CNN,@RealDanBongino,4.052113028196794,43.333333333333336
@TheMajorityReport,@Tim_Black,4.052223214250567,43.33730158730159
@BadFaithPodcast,@turningpointusa,4.052245263318744,43.34126984126984
@GeopoliticalEconomyReport,@StevenCrowder,4.052308415245341,43.345238095238095
@DueDissidence,@MichaelMaliceofficial,4.052880089058048,43.34920634920635
@franifio,@X22Report-y5y,4.053165709856489,43.35317460317461
@NPR,@JillianMichaels,4.053487113120386,43.357142857142854
@jimacosta,@StevenCrowder,4.054586503189382,43.37698412698413
@zeteo,@TheAdamCarollaShow1,4.054592392918362,43.38095238095238
@cafedotcom,@RedactedNews,4.054698986261379,43.38492063492064
@RestPoliticsUS,@TimcastNews,4.0556093869665135,43.42460317460318
@OwenReport,@lonerboxlive,4.056029561384043,43.43650793650794
@TheDonLemonShow,@nationalreview,4.056428043170601,43.452380952380956
@fastpoliticspodcast,@RileyGaines,4.056744676662977,43.464285714285715
@dollemore,@glennbeck,4.056753464934815,43.46825396825397
@CNN,@SaltyCracker,4.056833801226403,43.47222222222222
@thomhartmann,@TimcastNews,4.0583479341655915,43.51190476190476
@NovaraMedia,@Timcast,4.059220407129138,43.52777777777778
@DueDissidence,@FreshFitMiami,4.059874080835023,43.53968253968254
@franifio,@nationalreview,4.0600617373961105,43.5436507936508
@TheDonLemonShow,https://rumble.com/c/russellbrand,4.060190787295036,43.547619047619044
@EzraKleinShow,@LiberalHivemind,4.061311560773579,43.579365079365076
@thedavidpakmanshow,@X22Report-y5y,4.061407894536171,43.583333333333336
@nousnetwork,@MegynKelly,4.0620649890274505,43.59126984126984
@RestPoliticsUS,@RealAmericasVoice,4.0626740612787895,43.59920634920635
@thedavidpakmanshow,@clayandbuck,4.063627939564057,43.61904761904762
@PiscoLitty,@SaltyCracker,4.0638419505028684,43.62698412698413
@EzraKleinShow,https://rumble.com/c/TheAlexJonesShowLive,4.064166668741896,43.63492063492064
@SecularTalk,@LiberalHivemind,4.064559605094269,43.642857142857146
@BreakThroughNews,@RealAlexClark,4.064853104401407,43.65079365079365
@chriscuomo,@nypost,4.065124588196048,43.65873015873016
@DoubleDownNews,@glennbeck,4.065696024846874,43.67857142857143
@RebelHQ,@TimcastNews,4.066161818577475,43.68650793650794
@CNN,@RileyGaines,4.06636373538184,43.69444444444445
@EzraKleinShow,@PragerU,4.066493735158025,43.698412698412696
@DueDissidence,@RufoandLomez,4.066704172581519,43.702380952380956
@TheYoungTurks,@Timcast,4.066789520795077,43.7063492063492
@DemocracyDocket,@FoxNews,4.0668526678747074,43.714285714285715
@thedavidpakmanshow,https://rumble.com/c/nickjfuentes,4.066875318974989,43.71825396825397
@PTLRadioShow,@DrSteveTurleyTV,4.067448338825396,43.73015873015873
@harryjsisson,https://rumble.com/c/TheAlexJonesShowLive,4.067748478063248,43.742063492063494
@TheDonLemonShow,@lonerboxlive,4.067811920724458,43.75
@zeteo,@PragerU,4.068008265903439,43.761904761904766
@adammockler,@FreshFitMiami,4.068093635380096,43.76587301587301
@adammockler,@MattWalsh,4.068972291099906,43.773809523809526
@dollemore,@TheBrianKilmeadeShow,4.069013591692353,43.77777777777778
@CNN,@FreshFitMiami,4.069208374551985,43.78174603174603
@fastpoliticspodcast,@MyronGainesX,4.07025749469261,43.785714285714285
@deanwithrs,@TheBrianKilmeadeShow,4.070476047733833,43.7936507936508
@DropSiteNews,https://rumble.com/c/russellbrand,4.070491301953495,43.797619047619044
@NPR,@MLChristiansen,4.071290826041461,43.817460317460316
@TheSerfTimes,@MarkDice,4.0727529958094255,43.845238095238095
@StatusCoup,@SaltyCracker,4.073516560527983,43.87301587301587
@underthedesknews,@ColemanHughesOfficial,4.0736440657783595,43.88095238095238
@StatusCoup,@Timcast,4.073875013996549,43.88492063492063
@nousnetwork,@CamHigby,4.073976979954792,43.888888888888886
@FarronBalanced,https://rumble.com/c/russellbrand,4.074990334539376,43.920634920634924
@cafedotcom,@MrTariqNasheed,4.0751196097424,43.92857142857143
@chriscuomo,@RedactedNews,4.07607501684684,43.96031746031746
@StatusCoup,@GrahamAllen,4.076546120347419,43.98015873015873
@FarronBalanced,@Tim_Black,4.0766991638542365,43.98809523809524
@RebelHQ,https://rumble.com/c/russellbrand,4.077253370551357,44.00396825396825
@TheAtlantic,@RubinReport,4.077433138979589,44.01587301587301
@katiephangnews,@Timcast,4.0778203320440545,44.03174603174603
@franifio,@Tim_Black,4.078260197028662,44.035714285714285
@Vaush,@TheOfficerTatum,4.078447092765607,44.03968253968254
@DoubleDownNews,https://rumble.com/c/nickjfuentes,4.078854497784639,44.05555555555555
@therationalnational,@AfterPartyEmily,4.079362303082075,44.067460317460316
@BadEmpanadaLive,@TimcastIRL,4.079490423036869,44.07539682539682
@samharrisorg,@AfterPartyEmily,4.080028817638632,44.09126984126984
@underthedesknews,@RobertGouveiaEsq,4.080367255637152,44.107142857142854
@Politicon,@The_Crucible,4.0806927145895155,44.12698412698413
@thedavidpakmanshow,@AnthonyBrianLogan,4.080893057044799,44.13492063492063
@MeidasTouch,@FreshFitMiami,4.081073463191774,44.138888888888886
@lovettorleaveitpodcast,@BenShapiro,4.081203794637385,44.142857142857146
@MikeFromPA,@Tim_Black,4.081436840408322,44.15079365079365
@fastpoliticspodcast,@Styxhexenhammer666,4.082842386864791,44.17857142857143
@UnHerd,@OfficialSaharTV,4.082853750985895,44.182539682539684
@nousnetwork,@newdiscourses,4.083099899509216,44.19047619047619
@Vaush,@nypost,4.083408284392006,44.19444444444444
@HasanAbi,@ColemanHughesOfficial,4.083813897654817,44.2063492063492
@NovaraMedia,@dineshdsouza,4.084114302893856,44.21428571428571
@BadFaithPodcast,@oann,4.086002950244143,44.242063492063494
@Politicon,@X22Report-y5y,4.08615982037897,44.25
@ponderingpolitics,https://rumble.com/c/TheAlexJonesShowLive,4.087623743362367,44.273809523809526
@thegrayzone7996,@chicksonright,4.087679444415255,44.27777777777778
@TheAtlantic,@chicksonright,4.087699578053689,44.28174603174603
@RestPoliticsUS,@OfficialSaharTV,4.088100808602557,44.28968253968254
@LeejaMiller,https://rumble.com/c/TheAlexJonesShowLive,4.088348575991437,44.297619047619044
@PiscoLitty,@JustPearlyThings,4.088451529927173,44.30555555555556
@EzraKleinShow,@AfterPartyEmily,4.088886338786113,44.31349206349206
@jimacosta,@RealDanBongino,4.089300305880647,44.317460317460316
@PoliticsJOE,@ActualJusticeWarrior,4.089674147898767,44.333333333333336
@LeejaMiller,@nypost,4.090760150631418,44.35317460317461
@DropSiteNews,@FoxNews,4.090973133463108,44.357142857142854
@RestPoliticsUS,@triggerpod,4.091011757294284,44.361111111111114
@OwenJonesTalks,https://rumble.com/c/TheAlexJonesShowLive,4.091032653276842,44.36507936507936
@TheAtlantic,@dineshdsouza,4.091538703405133,44.37698412698413
@CNN,@LiberalHivemind,4.09170683900216,44.38492063492063
@jimacosta,@AlexStein99,4.092247933742006,44.404761904761905
@LeverNews,@MegynKelly,4.092469444307351,44.40873015873016
@breakingpoints,@RileyGaines,4.093418925481179,44.42460317460317
@FarronBalanced,@LiberalHivemind,4.094187196997596,44.432539682539684
@TheAtlantic,@TheBrianKilmeadeShow,4.094486441292273,44.43650793650794
@TheLincolnProject,@FoxNews,4.09453723359919,44.44047619047619
@jimacosta,@RebelNewsOnline,4.094759963368701,44.448412698412696
@fastpoliticspodcast,@BenShapiro,4.0953875353506355,44.47222222222222
@Vaush,@The_Crucible,4.095941904065788,44.48809523809524
@TheLincolnProject,@RedactedNews,4.096005840998325,44.492063492063494
@NYTPodcasts,@nationalreview,4.096079962563199,44.5
@SMN,@turningpointusa,4.096203134134892,44.511904761904766
@PiscoLitty,@newdiscourses,4.096356424195676,44.51587301587301
@usefulidiots,@RedactedNews,4.097126758454774,44.535714285714285
@JamarlThomas,@PragerU,4.097787695878771,44.547619047619044
@LegalAFMTN,@The_Crucible,4.098795358512588,44.57142857142857
@NPR,@RileyGaines,4.098883552208081,44.57539682539682
@cafedotcom,@RealAmericasVoice,4.099361590215628,44.59126984126984
@RonPlacone,@GrahamAllen,4.099545356054598,44.607142857142854
@TheDailyBeast,@JillianMichaels,4.100285538497448,44.62698412698413
@zeteo,@marklevinshow,4.100874453374553,44.638888888888886
@NPR,@PragerU,4.101608764326941,44.654761904761905
@RestPoliticsUS,@TheOfficerTatum,4.101696055642408,44.65873015873016
@marclamonthillnetwork,@JillianMichaels,4.101758964026133,44.666666666666664
@LeverNews,@RubinReport,4.101941293838716,44.69047619047619
@NPR,@X22Report-y5y,4.102023863109024,44.69444444444444
@cafedotcom,@MichaelKnowles,4.102275449418909,44.7063492063492
@rolandsmartin,@NewsmaxTV,4.1023557406613325,44.714285714285715
@NPR,@RubinReport,4.102977498365659,44.74603174603175
@ajplus,@MarkDice,4.1030462866548785,44.75
@Politicon,@BlazeTV,4.103078294141886,44.75396825396825
@franifio,@dineshdsouza,4.103165468343699,44.761904761904766
@MikeFromPA,@lonerboxlive,4.10337531805488,44.77380952380952
@JamarlThomas,@AfterPartyEmily,4.104339335127838,44.77777777777778
@SkyNews,@TheAmalaEkpunobi,4.10451400910581,44.78968253968254
@PoliticsGirl,@fightbackpodcast,4.104922720824874,44.797619047619044
@LegalAFMTN,@RebelNewsOnline,4.105094599037998,44.801587301587304
@TheMichaelCohenShow,@turningpointusa,4.1051433393103745,44.80555555555556
@OwenJonesTalks,@TheBrianKilmeadeShow,4.10516045997945,44.80952380952381
@BreakThroughNews,@triggerpod,4.105178904495359,44.81349206349206
@LegalAFMTN,@morebridgetphetasy,4.105205568221901,44.817460317460316
@Vaush,@ColemanHughesOfficial,4.105575921972579,44.82936507936508
@PoliticsGirl,@TimcastIRL,4.105918195747132,44.84126984126984
@Xanderhal,@FoxNews,4.106496654849182,44.857142857142854
@TheDailyBeast,@StevenCrowder,4.106576895333574,44.861111111111114
@franifio,https://rumble.com/c/TheAlexJonesShowLive,4.1066797651946105,44.86507936507936
@Vox,@BenShapiro,4.106980040283769,44.87301587301587
@LeverNews,@TheAdamCarollaShow1,4.107034066619582,44.87698412698413
@CNN,@RubinReport,4.107834651231466,44.91269841269842
@RonPlacone,@AfterPartyEmily,4.107900350633086,44.916666666666664
https://rumble.com/c/GGreenwald,@TheOfficerTatum,4.108595968198181,44.94444444444444
@FarronBalanced,@SydneyWatson,4.108760034369596,44.948412698412696
@nousnetwork,@RebelNewsOnline,4.108766033831517,44.952380952380956
@RonPlacone,@JillianMichaels,4.1096988483022825,44.96825396825397
@OwenJonesTalks,@Timcast,4.109860788372296,44.97222222222222
@RestPoliticsUS,https://rumble.com/c/russellbrand,4.110075730968324,44.980158730158735
@StatusCoup,@CashJordan,4.110881663868762,44.99603174603175
@RebelHQ,@LiberalHivemind,4.110990250551871,45.00396825396825
@adammockler,@AndrewKlavan,4.1119154316945865,45.02777777777778
@TheDailyBeast,@bbrettcooper,4.112173533582605,45.035714285714285
@StatusCoup,@AlexStein99,4.11236475305325,45.03968253968254
@SkyNews,@RufoandLomez,4.112394719430998,45.04365079365079
@ajplus,@lizwheeler,4.113263214522025,45.05555555555556
@SkyNews,@AnthonyBrianLogan,4.113611597879734,45.06349206349206
@breakingpoints,@ChadPrather1,4.114461774084465,45.07936507936508
@CNN,@chicksonright,4.115153147578809,45.1031746031746
@DoubleDownNews,@TimcastNews,4.115393727304694,45.107142857142854
https://rumble.com/c/GGreenwald,@LiberalHivemind,4.115410882616478,45.111111111111114
@chriscuomo,@BlazeTV,4.116042599370575,45.13095238095238
@destiny,@MattWalsh,4.116984388948488,45.13888888888889
@deanwithrs,@AndrewKlavan,4.117836068129039,45.170634920634924
@TheJoyReidShow,@RobertGouveiaEsq,4.117878576649414,45.17460317460317
@DylanBurnsLIVE,@MLChristiansen,4.118203566614728,45.19047619047619
https://rumble.com/c/GGreenwald,@nationalreview,4.118296126776924,45.19444444444444
@LeejaMiller,@MyronGainesX,4.118410591303464,45.198412698412696
@rolandsmartin,@BenShapiro,4.118536056076814,45.21031746031746
@DueDissidence,@MegynKelly,4.118675592937063,45.21825396825397
@fastpoliticspodcast,@RealAmericasVoice,4.118677524372501,45.22222222222222
@destiny,@SydneyWatson,4.119095127397912,45.23809523809524
@jimacosta,@AnthonyBrianLogan,4.11924824751848,45.25
@chriscuomo,@TheAdamCarollaShow1,4.119642558274041,45.25396825396825
@DueDissidence,@RealDanBongino,4.120709344384293,45.27380952380952
@msnow,@lonerboxlive,4.122262813315062,45.30555555555556
@TheDamageReport,@glennbeck,4.122852291618279,45.317460317460316
@fastpoliticspodcast,@AfterPartyEmily,4.123422401227432,45.34126984126984
@MeidasTouch,@ZubyMusic,4.124401859768058,45.36507936507937
@MikeFromPA,@TimcastIRL,4.1245304673357825,45.37301587301587
@briantylercohen,@JustPearlyThings,4.124685408561595,45.38095238095238
@underthedesknews,@bbrettcooper,4.124714066547316,45.38492063492063
@destiny,@Timcast,4.125274682921143,45.404761904761905
@LegalAFMTN,@MLChristiansen,4.125537058720333,45.41269841269841
@NovaraMedia,@turningpointusa,4.125745774661928,45.416666666666664
@breakingpoints,@MrTariqNasheed,4.126185584380255,45.42857142857143
@TheJoyReidShow,@NewsmaxTV,4.1264387425363145,45.44047619047619
@JackCocchiarellaShow,@lonerboxlive,4.1265053190269105,45.44444444444444
@franifio,https://rumble.com/c/russellbrand,4.126542057465855,45.448412698412696
@RonPlacone,@triggerpod,4.126848749161645,45.46031746031746
@thegrayzone7996,@RealAmericasVoice,4.127086662300812,45.464285714285715
@therationalnational,@TheOfficerTatum,4.127087579756005,45.46825396825397
@StatusCoup,@BenShapiro,4.128129903505858,45.48809523809524
@SabbySabs,@MrTariqNasheed,4.128890929534918,45.51587301587301
@franifio,@The_Crucible,4.12935337852487,45.51984126984127
@SabbySabs,@RubinReport,4.130028721985563,45.53174603174603
@Forthepeoplepodcast305,@newdiscourses,4.13004126463127,45.535714285714285
@nytimes,@RebelNewsOnline,4.130118558255474,45.53968253968254
@TheDamageReport,@RedactedNews,4.130325695561889,45.551587301587304
@BadEmpanadaLive,@ColemanHughesOfficial,4.13064511696347,45.55952380952381
@PoliticsJOE,@MattWalsh,4.130792071003164,45.567460317460316
@harryjsisson,@DarkHorsePod,4.131116528396265,45.57936507936508
@PiscoLitty,@RebelNewsOnline,4.131197725289462,45.58333333333333
@Vaush,@RufoandLomez,4.131301070343253,45.58730158730159
@FarronBalanced,@BlazeTV,4.1314242518056865,45.59126984126984
@SecularTalk,@lonerboxlive,4.131529192040533,45.595238095238095
@PoliticsGirl,@clayandbuck,4.133045123489196,45.61507936507937
@samharrisorg,@RealAlexClark,4.133294449123085,45.62698412698413
@GlennKirschner2,@MichaelMaliceofficial,4.133810761318808,45.63492063492063
@Vox,@JustPearlyThings,4.133860417300368,45.63888888888889
@timesofindia,@lonerboxlive,4.13443093517778,45.666666666666664
@TheRealTabithaSpeaks,@The_Crucible,4.134596144439294,45.67460317460317
@LeejaMiller,@PartOfTheProblem,4.135585961577004,45.682539682539684
@StatusCoup,@TheQuartering,4.136005500116103,45.69444444444444
@SkyNews,https://rumble.com/c/russellbrand,4.136305757286711,45.70238095238095
@CNN,@AlexStein99,4.13669893618949,45.72222222222222
@usefulidiots,@MarkDice,4.136821707400882,45.730158730158735
@OwenJonesTalks,@LiberalHivemind,4.13685480289842,45.73412698412698
@Vox,@RileyGaines,4.137043231353803,45.73809523809524
@DueDissidence,@ThePodcastoftheLotusEaters,4.1377184036315215,45.76190476190476
@SecularTalk,@OfficialSaharTV,4.137899856629888,45.76587301587301
@PoliticsGirl,@GrahamAllen,4.138029694468392,45.76984126984127
@BadEmpanadaLive,@Timcast,4.138033781105498,45.773809523809526
@samharrisorg,@FoxNews,4.139272238456267,45.789682539682545
@SkyNews,https://rumble.com/c/TheAlexJonesShowLive,4.139562580138724,45.801587301587304
@RonPlacone,@morebridgetphetasy,4.140289097921756,45.81349206349206
@deanwithrs,@ThePodcastoftheLotusEaters,4.1405474663999255,45.82936507936508
@nytimes,@MegynKelly,4.141677396747152,45.86507936507937
@PTLRadioShow,@MichaelMaliceofficial,4.142574604682539,45.88492063492063
@RestPoliticsUS,@RedactedNews,4.142600141715888,45.88888888888889
@DoubleDownNews,@ChadPrather1,4.143673264978364,45.916666666666664
@FarronBalanced,@TheQuartering,4.14390124690185,45.920634920634924
@UnHerd,@HangOutwithSeanHannity,4.144120607259851,45.92460317460317
@judgingfreedom,@PartOfTheProblem,4.144321210073074,45.93650793650794
@StatusCoup,@RileyGaines,4.145096165396189,45.95238095238095
@UnHerd,@fightbackpodcast,4.145410094081409,45.964285714285715
@SecularTalk,@RebelNewsOnline,4.1454219349870485,45.96825396825397
@CNN,@bbrettcooper,4.1458454163085054,45.98412698412698
@CNN,@JesseKellyDC,4.147219504021414,46.007936507936506
@ajplus,@fightbackpodcast,4.14731329917001,46.01587301587301
@DueDissidence,@TheBrianKilmeadeShow,4.147695110498993,46.02777777777778
@RonPlacone,@JesseKellyDC,4.148198404984261,46.035714285714285
@OwenReport,@BlazeTV,4.148412936705372,46.05555555555556
@therationalnational,@ColemanHughesOfficial,4.148509783954217,46.05952380952381
@TheDamageReport,@TheOfficerTatum,4.1488982739347975,46.07539682539682
@samharrisorg,@PartOfTheProblem,4.150155526386209,46.1031746031746
@HasanAbi,@oann,4.150349061721174,46.111111111111114
@TheRealTabithaSpeaks,@VivaFrei,4.152812055252082,46.15079365079365
@GlennKirschner2,@Tim_Black,4.1532269041810395,46.15873015873016
@TheMichaelCohenShow,@PartOfTheProblem,4.153541088864999,46.170634920634924
@DylanBurnsLIVE,@TomiLahrenIsFearless,4.154050974243181,46.17460317460317
@adammockler,@triggerpod,4.154264050748305,46.17857142857143
@aljazeeraenglish,@JesseKellyDC,4.154614669232496,46.19047619047619
@jimacosta,@turningpointusa,4.155016441848255,46.1984126984127
@PiscoLitty,@MLChristiansen,4.15517401418182,46.20238095238095
@nytimes,@CamHigby,4.15551119910898,46.21031746031746
@MeidasTouch,@BenShapiro,4.155519677519741,46.214285714285715
@PoliticsJOE,@X22Report-y5y,4.155795458298516,46.226190476190474
@SabbySabs,@StevenCrowder,4.155964672349105,46.23412698412698
@jimacosta,@MattWalsh,4.1560618206712165,46.23809523809524
@SMN,@AfterPartyEmily,4.156331488168639,46.24603174603175
@breakingpoints,@RealDanBongino,4.157203460956273,46.26984126984127
@PTLRadioShow,@FoxNews,4.157652954566896,46.28174603174603
@underthedesknews,@AfterPartyEmily,4.157792510018313,46.29365079365079
@samharrisorg,https://rumble.com/c/nickjfuentes,4.157892708515858,46.3015873015873
@DemocracyNow,@GrahamAllen,4.158052391677071,46.30555555555556
@chriscuomo,@RealAmericasVoice,4.158345266472989,46.30952380952381
@JackCocchiarellaShow,@LiberalHivemind,4.1584306447256365,46.31349206349206
@JamarlThomas,@JillianMichaels,4.1592073379721475,46.33333333333333
@usefulidiots,@TheBrianKilmeadeShow,4.159460336873446,46.33730158730159
@deanwithrs,https://rumble.com/c/russellbrand,4.159551352122052,46.34126984126984
@NPR,@MrTariqNasheed,4.160115405953407,46.34920634920635
@TheHumanistReport,https://rumble.com/c/nickjfuentes,4.160282961939406,46.3531746031746
@Vox,@RufoandLomez,4.161395959539668,46.38492063492063
@OwenJonesTalks,@Tim_Black,4.162933263522309,46.40873015873016
@marclamonthillnetwork,@Styxhexenhammer666,4.163176181480572,46.416666666666664
@BadFaithPodcast,@MLChristiansen,4.163674497781595,46.42460317460318
@MikeFromPA,@ThePodcastoftheLotusEaters,4.16383992498923,46.42857142857143
@SabbySabs,@RileyGaines,4.1640245774091476,46.432539682539684
@CNN,@CamHigby,4.164849237879718,46.4484126984127
@PoliticsGirl,@ChadPrather1,4.165402938074756,46.45634920634921
@Vaush,@marklevinshow,4.16625923798119,46.46031746031746
@DoubleDownNews,@ZubyMusic,4.166923089582457,46.47222222222222
@TheDonLemonShow,@TimcastNews,4.167047617969658,46.480158730158735
@DemocracyNow,@RileyGaines,4.168218851146419,46.507936507936506
@DueDissidence,@AndrewKlavan,4.168384286959105,46.51190476190476
@StatusCoup,@TheAdamCarollaShow1,4.168776798760539,46.52777777777778
@NPR,@nypost,4.169015685163393,46.535714285714285
@harryjsisson,@XAVIAER,4.169126920355414,46.54365079365079
@franifio,@LiberalHivemind,4.169199415129626,46.54761904761905
@FarronBalanced,@Timcast,4.169847048734002,46.55555555555556
@GlennKirschner2,@LiberalHivemind,4.170866312064288,46.58730158730159
@TheYoungTurks,@X22Report-y5y,4.170887706193694,46.59126984126984
@TheDonLemonShow,@RealAlexClark,4.172605657453866,46.63095238095238
@SabbySabs,@ChadPrather1,4.173609466505529,46.65873015873016
@lovettorleaveitpodcast,@turningpointusa,4.173640433944533,46.66269841269841
@jimacosta,@XAVIAER,4.173886064855707,46.67460317460318
@UnHerd,@nationalreview,4.174094032878982,46.682539682539684
@bulwarkmedia,@BlazeTV,4.174256177579431,46.68650793650794
@GeopoliticalEconomyReport,@RubinReport,4.174583215800848,46.70238095238095
@msnow,@MLChristiansen,4.175759393758355,46.72222222222222
@DemocracyDocket,@lonerboxlive,4.175810347417614,46.730158730158735
@chriscuomo,@X22Report-y5y,4.1766533482633195,46.75
@SecularTalk,@TheBrianKilmeadeShow,4.177258973263732,46.76587301587302
@BreakThroughNews,@turningpointusa,4.177328639691274,46.773809523809526
@MikeFromPA,@AfterPartyEmily,4.1783929467390735,46.79365079365079
@RestPoliticsUS,@Tim_Black,4.178623773383983,46.79761904761905
@SecularTalk,@BlazeTV,4.178884977483611,46.80555555555556
@Vox,@JillianMichaels,4.1789129927527835,46.80952380952381
@FarronBalanced,@ColemanHughesOfficial,4.179076384806011,46.81349206349206
@TheSerfTimes,@turningpointusa,4.17996350032041,46.82539682539682
@Politicon,@LiberalHivemind,4.18006691927707,46.833333333333336
@briantylercohen,https://rumble.com/c/nickjfuentes,4.180526219129605,46.845238095238095
@GeopoliticalEconomyReport,@GrahamAllen,4.180704405542235,46.8531746031746
@NovaraMedia,@VivaFrei,4.181017222581984,46.86111111111111
@OwenReport,https://rumble.com/c/russellbrand,4.1818836721657044,46.87301587301587
https://rumble.com/c/GGreenwald,@ThePodcastoftheLotusEaters,4.182037376726914,46.88492063492063
@nytimes,@RealAlexClark,4.182515888942596,46.91269841269841
@SkyNews,@lonerboxlive,4.182683122537337,46.92063492063492
@PiscoLitty,@morebridgetphetasy,4.183620384493975,46.9484126984127
@aljazeeraenglish,@SaltyCracker,4.183676801193042,46.95238095238095
@Vaush,@TheBrianKilmeadeShow,4.183745844740059,46.95634920634921
@nousnetwork,@MichaelMaliceofficial,4.184995772282624,46.97222222222222
@harryjsisson,@CamHigby,4.185050617725446,46.98015873015873
@cafedotcom,@JillianMichaels,4.185168721670465,46.98412698412698
@TheSerfTimes,@dineshdsouza,4.185795677684418,46.992063492063494
@TheMichaelCohenShow,@AfterPartyEmily,4.185892914309771,46.99603174603175
@PiscoLitty,@RubinReport,4.186752578164025,47.01587301587302
@SecularTalk,@VivaFrei,4.187037538578871,47.03174603174603
@breakingpoints,@PragerU,4.187084992693244,47.035714285714285
@SkyNews,@MyronGainesX,4.187148287574951,47.039682539682545
@TheDamageReport,@VivaFrei,4.1875897928439745,47.0515873015873
@DoubleDownNews,@fightbackpodcast,4.187851112930258,47.05952380952381
@destiny,@TheOfficerTatum,4.188438558043328,47.07142857142857
@PoliticsGirl,@ZubyMusic,4.188790478894887,47.083333333333336
@TheJoyReidShow,@TimcastNews,4.189928946228445,47.11904761904762
@bulwarkmedia,@TheBrianKilmeadeShow,4.190017976737793,47.12301587301587
@PiscoLitty,@PragerU,4.190090208282321,47.13095238095238
@nytimes,@ThePodcastoftheLotusEaters,4.190353617520133,47.13492063492063
@therationalnational,@Tim_Black,4.190512415854239,47.14285714285714
@SkyNews,@ColemanHughesOfficial,4.190603678919904,47.15079365079365
@Xanderhal,@DrSteveTurleyTV,4.190983999385885,47.15873015873016
@PoliticsGirl,@DarkHorsePod,4.191399905483107,47.17460317460318
@BadEmpanadaLive,@BlazeTV,4.191425976478962,47.17857142857143
@StatusCoup,@XAVIAER,4.1917501809949895,47.19444444444444
@StatusCoup,@MarkDice,4.1920393135380225,47.20238095238095
@destiny,@TheQuartering,4.192883787771953,47.21825396825397
@CNN,@winston_marshall,4.193338899166269,47.226190476190474
@samharrisorg,@newdiscourses,4.193489840590424,47.23412698412698
@TheDamageReport,@TheAmalaEkpunobi,4.1935326055418685,47.23809523809524
@SMN,@nationalreview,4.194293988333717,47.25
@ajplus,@RubinReport,4.194576945307887,47.26190476190476
@usefulidiots,@TheAmalaEkpunobi,4.19499551882022,47.26587301587302
@RonPlacone,@chicksonright,4.195109420282531,47.27777777777778
@DueDissidence,@CamHigby,4.195437066596768,47.285714285714285
@TheYoungTurks,@MegynKelly,4.197141843698877,47.31349206349206
@bulwarkmedia,@MichaelMaliceofficial,4.197527680572221,47.329365079365076
@rolandsmartin,@RealDanBongino,4.197785238628066,47.333333333333336
@PoliticsJOE,@MarkDice,4.198113180731686,47.345238095238095
@LegalEagle,@lonerboxlive,4.198117535751807,47.349206349206355
@fastpoliticspodcast,@chicksonright,4.198371126369373,47.36507936507937
@marclamonthillnetwork,@BlazeTV,4.199404519606465,47.38492063492063
@BreakThroughNews,@marklevinshow,4.199581858749453,47.39285714285714
@katiephangnews,@DrSteveTurleyTV,4.200180943958284,47.40873015873016
@HasanAbi,@RufoandLomez,4.200601167859054,47.42063492063492
@GeopoliticalEconomyReport,@ChadPrather1,4.200696657734754,47.42460317460318
@LeverNews,@glennbeck,4.200864070339662,47.432539682539684
@DueDissidence,@ZubyMusic,4.200938640135446,47.44444444444444
@GeopoliticalEconomyReport,@MattWalsh,4.202072416699511,47.464285714285715
https://rumble.com/c/GGreenwald,@FoxNews,4.202497756274568,47.48015873015873
@TheDailyBeast,@BenShapiro,4.203197762035184,47.49603174603175
@DylanBurnsLIVE,@RubinReport,4.203470529375904,47.50793650793651
@OwenJonesTalks,@X22Report-y5y,4.2037520573590434,47.51190476190476
@Xanderhal,@Timcast,4.203807280650146,47.519841269841265
@PiscoLitty,@VivaFrei,4.204015707711117,47.523809523809526
@SabbySabs,https://rumble.com/c/TheAlexJonesShowLive,4.204392262187784,47.53174603174603
@HasanAbi,@marklevinshow,4.204403194973824,47.535714285714285
@JamarlThomas,@XAVIAER,4.2046575307845035,47.5515873015873
@chriscuomo,https://rumble.com/c/nickjfuentes,4.204959265508338,47.55952380952381
@BreakThroughNews,https://rumble.com/c/nickjfuentes,4.205181788015363,47.567460317460316
@StatusCoup,@JesseKellyDC,4.205485206833885,47.57539682539683
@TheDamageReport,@StevenCrowder,4.205506710839671,47.579365079365076
@RebelHQ,@X22Report-y5y,4.206845664801794,47.61904761904761
@NPR,@TheAdamCarollaShow1,4.207285633649714,47.63095238095238
@RestPoliticsUS,@LiberalHivemind,4.207325088396865,47.63492063492063
@CNN,@ZubyMusic,4.207855867235375,47.64285714285714
@Vaush,@MyronGainesX,4.2083428509229455,47.654761904761905
@LegalAFMTN,@CamHigby,4.20991356370336,47.69444444444444
@CNN,@AndrewKlavan,4.210289173961593,47.6984126984127
@PTLRadioShow,@TimcastNews,4.210483237633526,47.70634920634921
@TheYoungTurks,@VivaFrei,4.211677004327668,47.726190476190474
@FarronBalanced,@PragerU,4.211722370296046,47.73015873015873
@MikeFromPA,@MichaelMaliceofficial,4.21173189729265,47.73412698412699
@TheLincolnProject,@MegynKelly,4.212480344042178,47.76190476190476
@katiephangnews,@RobertGouveiaEsq,4.2125164038765694,47.76587301587302
@HasanAbi,@DarkHorsePod,4.212853562677465,47.785714285714285
@podsaveamerica,@LiberalHivemind,4.2133857727152035,47.80952380952381
@LegalAFMTN,@VivaFrei,4.21460153245998,47.845238095238095
@SecularTalk,@TomiLahrenIsFearless,4.215091890203992,47.86904761904761
@Forthepeoplepodcast305,@TimcastNews,4.215177482961842,47.87301587301587
@lovettorleaveitpodcast,@TheOfficerTatum,4.215229035486235,47.88095238095238
@SabbySabs,@AndrewKlavan,4.2156842330877335,47.888888888888886
@JackCocchiarellaShow,@X22Report-y5y,4.2159111641612155,47.8968253968254
@TheMajorityReport,@dineshdsouza,4.216612556408725,47.92460317460318
@harryjsisson,@JillianMichaels,4.216874857177676,47.932539682539684
@GlennKirschner2,@MattWalsh,4.217001755820477,47.94444444444444
@podsaveamerica,https://rumble.com/c/russellbrand,4.217779515594169,47.96825396825397
@HasanAbi,@TomiLahrenIsFearless,4.21895154103243,48.00396825396825
@CNN,@JillianMichaels,4.219033360710084,48.00793650793651
@SecularTalk,@clayandbuck,4.219094921052746,48.01190476190476
@harryjsisson,@chicksonright,4.221109995779451,48.05555555555556
@briantylercohen,@TheOfficerTatum,4.22141452310773,48.067460317460316
@DemocracyDocket,@triggerpod,4.221792724731268,48.07142857142857
@SecularTalk,@XAVIAER,4.223227793619134,48.09920634920635
@SecularTalk,@nypost,4.224262060450875,48.11904761904762
@NovaraMedia,@AfterPartyEmily,4.2251052450028626,48.12698412698413
@EzraKleinShow,@MichaelMaliceofficial,4.225925862094929,48.15079365079365
@TheDailyBeast,@RealDanBongino,4.225981758598927,48.154761904761905
@marclamonthillnetwork,@lizwheeler,4.226459156780227,48.15873015873016
@SecularTalk,@RileyGaines,4.226950706228111,48.16269841269841
@DemocracyNow,@MarkDice,4.227161545190762,48.17063492063492
@lovettorleaveitpodcast,@morebridgetphetasy,4.227623729916851,48.182539682539684
@harryjsisson,@BenShapiro,4.227957759193188,48.198412698412696
@podsaveamerica,@newdiscourses,4.2281148528950006,48.21031746031746
@RonPlacone,@AndrewKlavan,4.228228779070477,48.214285714285715
@TheSerfTimes,@TheBrianKilmeadeShow,4.228569616062789,48.21825396825397
@TheHumanistReport,@ThePodcastoftheLotusEaters,4.2290759575583605,48.22619047619048
@dollemore,@Tim_Black,4.229503901206349,48.238095238095234
@TheMajorityReport,@X22Report-y5y,4.2296147695471955,48.25
@fastpoliticspodcast,@RubinReport,4.229931454407306,48.26190476190476
@thedavidpakmanshow,@The_Crucible,4.230375842380382,48.26587301587302
@nousnetwork,@BlazeTV,4.230505293446631,48.269841269841265
@HasanAbi,@MattWalsh,4.230982864995618,48.28174603174603
@ajplus,https://rumble.com/c/russellbrand,4.2310639566923145,48.285714285714285
@TheRealTabithaSpeaks,https://rumble.com/c/nickjfuentes,4.2311773548493905,48.28968253968254
@DemocracyNow,@MyronGainesX,4.232150630667748,48.329365079365076
@usefulidiots,@StevenCrowder,4.232319554374922,48.333333333333336
@OwenReport,@TimcastNews,4.232769452639672,48.345238095238095
@SabbySabs,@Timcast,4.233074697977803,48.3531746031746
@underthedesknews,@RealAlexClark,4.233577237268174,48.37301587301587
@dollemore,@StevenCrowder,4.233759543285568,48.38095238095238
@JamarlThomas,@AnthonyBrianLogan,4.234005991095742,48.388888888888886
@RonPlacone,@SaltyCracker,4.234250919098131,48.3968253968254
@TheMajorityReport,@FoxNews,4.235187254336482,48.40873015873016
@TheMajorityReport,@SydneyWatson,4.235210937076767,48.41666666666667
@Politicon,@AfterPartyEmily,4.235951091848361,48.432539682539684
@DoubleDownNews,@MyronGainesX,4.236378432004013,48.44444444444444
@fastpoliticspodcast,@AlexStein99,4.236831843724607,48.464285714285715
@destiny,@Tim_Black,4.23683764610924,48.46825396825397
@DueDissidence,@morebridgetphetasy,4.237499007074426,48.488095238095234
@SMN,@triggerpod,4.2376483960726565,48.492063492063494
@deanwithrs,@BlazeTV,4.237662962707783,48.49603174603175
@marclamonthillnetwork,@RobertGouveiaEsq,4.237993765975965,48.507936507936506
@PTLRadioShow,@NewsmaxTV,4.238865522133932,48.523809523809526
@DemocracyDocket,https://rumble.com/c/nickjfuentes,4.239201100189268,48.52777777777778
@CNN,@nypost,4.2396424322494966,48.53968253968254
@lovettorleaveitpodcast,@ColemanHughesOfficial,4.241393138244329,48.567460317460316
@deanwithrs,@X22Report-y5y,4.241626086247228,48.57539682539683
@lovettorleaveitpodcast,@X22Report-y5y,4.241662014520756,48.579365079365076
@HasanAbi,@SydneyWatson,4.242032492947653,48.59126984126984
@DoubleDownNews,@MattWalsh,4.242359040440227,48.59920634920635
@marclamonthillnetwork,@Tim_Black,4.2427981132002435,48.60714285714286
@therationalnational,@dineshdsouza,4.243122578147846,48.62301587301587
@RestPoliticsUS,@nypost,4.24359475666908,48.63492063492064
@marclamonthillnetwork,@OfficialSaharTV,4.243648852900396,48.638888888888886
@destiny,@ColemanHughesOfficial,4.244066104449365,48.6468253968254
@OwenJonesTalks,@TimcastIRL,4.244204324419767,48.65079365079365
@RestPoliticsUS,@RebelNewsOnline,4.244512208995105,48.65873015873016
@lovettorleaveitpodcast,@BlazeTV,4.245440596490506,48.67460317460318
@PoliticsJOE,@Tim_Black,4.24623222624294,48.698412698412696
@NovaraMedia,@FoxNews,4.246370651186612,48.70634920634921
@SkyNews,@TimcastNews,4.2463899468330615,48.71031746031746
@SabbySabs,@TheAmalaEkpunobi,4.247350120734419,48.72222222222222
@TheDamageReport,@AfterPartyEmily,4.247571341676436,48.73412698412699
@ajplus,@DarkHorsePod,4.247707066078031,48.75
@TheJoyReidShow,@RealAlexClark,4.247736355749787,48.75396825396825
@lovettorleaveitpodcast,@PragerU,4.247746650350273,48.757936507936506
@CNN,@MLChristiansen,4.247845629203313,48.76190476190476
@RestPoliticsUS,@PragerU,4.248985558951873,48.77777777777778
@nytimes,@Styxhexenhammer666,4.249747993036886,48.78968253968254
@jimacosta,@MyronGainesX,4.25008722297012,48.801587301587304
@thegrayzone7996,@morebridgetphetasy,4.2501438081388265,48.80555555555556
@GlennKirschner2,https://rumble.com/c/russellbrand,4.250246859198414,48.817460317460316
@Xanderhal,@VivaFrei,4.250254182501254,48.82142857142857
@TheLincolnProject,@ColemanHughesOfficial,4.250313525999114,48.829365079365076
@harryjsisson,@AnthonyBrianLogan,4.250864233750552,48.83730158730158
@MikeFromPA,@triggerpod,4.251130347863896,48.845238095238095
@thedavidpakmanshow,@oann,4.251292006327889,48.857142857142854
@lovettorleaveitpodcast,@AndrewKlavan,4.251484510818897,48.86904761904762
@MikeFromPA,@RedactedNews,4.252245194652422,48.892857142857146
@cafedotcom,@ChadPrather1,4.252267620462361,48.90079365079365
@adammockler,@BlazeTV,4.252537429542876,48.90873015873016
@harryjsisson,@dineshdsouza,4.25277764900213,48.91666666666667
@DueDissidence,@DrSteveTurleyTV,4.252845050352329,48.92063492063492
@MeidasTouch,@oann,4.252936078502825,48.92460317460318
@dollemore,@BlazeTV,4.25402194892615,48.952380952380956
@TheDailyBeast,@glennbeck,4.254777562230765,48.96825396825397
@thegrayzone7996,@RileyGaines,4.255314981594472,48.98015873015873
@dollemore,@AfterPartyEmily,4.25539851611595,48.988095238095234
@DoubleDownNews,@BlazeTV,4.2554927536329945,48.992063492063494
@dollemore,@The_Crucible,4.255907581502682,48.99603174603175
@marclamonthillnetwork,@NewsmaxTV,4.255911037877776,49.0
@HasanAbi,@MyronGainesX,4.256275532015603,49.007936507936506
@DemocracyNow,@chicksonright,4.256448094131065,49.01587301587302
@TheMichaelCohenShow,@MichaelMaliceofficial,4.256485345867524,49.023809523809526
@PiscoLitty,@BenShapiro,4.256652076662828,49.02777777777778
@deanwithrs,@MattWalsh,4.256660999945234,49.03174603174603
@JackCocchiarellaShow,@ColemanHughesOfficial,4.256686075228984,49.035714285714285
@PiscoLitty,@OfficialSaharTV,4.256853850044407,49.0436507936508
@thedavidpakmanshow,@MyronGainesX,4.256886256920859,49.047619047619044
@jimacosta,@chicksonright,4.256928364196126,49.051587301587304
@deanwithrs,@VivaFrei,4.256941833467928,49.05555555555556
@PTLRadioShow,@SydneyWatson,4.2575983355442855,49.07142857142857
@NYTPodcasts,@triggerpod,4.257858530203126,49.07539682539683
@PoliticsJOE,@VivaFrei,4.258068986864548,49.083333333333336
@OwenReport,@VivaFrei,4.258124946470214,49.08730158730158
@jimacosta,@TheAmalaEkpunobi,4.258127249512647,49.09126984126984
@MikeFromPA,https://rumble.com/c/russellbrand,4.258581402991075,49.09920634920635
@OwenReport,@Timcast,4.258631026349077,49.1031746031746
@lovettorleaveitpodcast,@AlexStein99,4.2593686489036395,49.12301587301587
@DueDissidence,@RebelNewsOnline,4.2601849648777,49.13492063492064
@SMN,@RealAlexClark,4.260454070209622,49.138888888888886
@TheDonLemonShow,@Timcast,4.260943988146453,49.15079365079365
@cafedotcom,@morebridgetphetasy,4.262555602182692,49.19047619047619
@aljazeeraenglish,@morebridgetphetasy,4.263212292775567,49.198412698412696
@OwenJonesTalks,@lonerboxlive,4.264165072274198,49.22222222222222
@RebelHQ,https://rumble.com/c/TheAlexJonesShowLive,4.264226774211665,49.23015873015873
@nytimes,@TheAmalaEkpunobi,4.264317767815014,49.24603174603175
@RebelHQ,@Tim_Black,4.264526523868981,49.25
@RonPlacone,@RealDanBongino,4.2652682310836685,49.273809523809526
@LeverNews,@StevenCrowder,4.265869835668907,49.27777777777778
@lovettorleaveitpodcast,@ZubyMusic,4.266572822540965,49.31349206349206
@TheDailyBeast,@RileyGaines,4.2666040638392095,49.317460317460316
@TheJoyReidShow,@ActualJusticeWarrior,4.26737288313021,49.329365079365076
@SkyNews,@lizwheeler,4.267586185067239,49.33730158730158
@underthedesknews,@Tim_Black,4.267616099380741,49.34126984126984
@Vaush,@TheAdamCarollaShow1,4.267617056634546,49.345238095238095
@dollemore,@ThePodcastoftheLotusEaters,4.268067022223139,49.357142857142854
@thedavidpakmanshow,@TheOfficerTatum,4.268161254618914,49.361111111111114
@marclamonthillnetwork,@MrTariqNasheed,4.268705011898717,49.37698412698413
@LegalEagle,@TimcastNews,4.26903163463149,49.38492063492064
@TheDailyBeast,@MattWalsh,4.269186741158834,49.392857142857146
@TheMajorityReport,@TheOfficerTatum,4.269416138603527,49.39682539682539
@TheAtlantic,@TomiLahrenIsFearless,4.26967930328762,49.41269841269841
@thegrayzone7996,@ChadPrather1,4.2696855047858335,49.416666666666664
@NYTPodcasts,@DrSteveTurleyTV,4.269985753012659,49.42857142857143
@RebelHQ,@AfterPartyEmily,4.270499818749308,49.44047619047619
@aljazeeraenglish,@RubinReport,4.271387169824534,49.4563492063492
@LeverNews,@SaltyCracker,4.272334073402511,49.488095238095234
@fastpoliticspodcast,@theisabelbrown,4.27237703076811,49.492063492063494
@TheLincolnProject,@BlazeTV,4.273018228259348,49.50396825396825
@marclamonthillnetwork,@TheBrianKilmeadeShow,4.273049114917322,49.507936507936506
@TheDonLemonShow,@dineshdsouza,4.2739167464940815,49.52777777777778
@TheHumanistReport,@ColemanHughesOfficial,4.275274055674903,49.551587301587304
@PiscoLitty,@TheQuartering,4.275552906058803,49.56349206349206
@dollemore,@ColemanHughesOfficial,4.275995643399647,49.567460317460316
@RestPoliticsUS,@oann,4.276395014847137,49.57539682539683
@EzraKleinShow,@X22Report-y5y,4.276661189130978,49.583333333333336
@JackCocchiarellaShow,https://rumble.com/c/TheAlexJonesShowLive,4.277050338243303,49.595238095238095
@JamarlThomas,@BenShapiro,4.277128654435381,49.59920634920635
@breakingpoints,@PartOfTheProblem,4.277275325577202,49.60317460317461
@TheJoyReidShow,@DrSteveTurleyTV,4.278996937882896,49.62698412698413
@TheAtlantic,@FreshFitMiami,4.280488320015134,49.66269841269841
@LeejaMiller,@oann,4.2808111858608076,49.67857142857143
@SecularTalk,@MLChristiansen,4.281110529402677,49.68650793650794
@LeverNews,@XAVIAER,4.282142534296727,49.71031746031746
@LegalEagle,@TheBrianKilmeadeShow,4.282182441573919,49.714285714285715
@OwenReport,@TheOfficerTatum,4.282347746118874,49.71825396825397
@chriscuomo,@The_Crucible,4.282474910638635,49.726190476190474
@HasanAbi,@clayandbuck,4.282590640737056,49.73412698412699
@judgingfreedom,@ActualJusticeWarrior,4.282913495151562,49.742063492063494
@lovettorleaveitpodcast,@glennbeck,4.283254901594192,49.75
@breakingpoints,@ZubyMusic,4.2846981283062355,49.773809523809526
@lovettorleaveitpodcast,@CamHigby,4.285183198946954,49.797619047619044
@JamarlThomas,@VivaFrei,4.285198374497305,49.801587301587304
@TheDailyBeast,@XAVIAER,4.285304666262849,49.80952380952381
@MikeFromPA,@nationalreview,4.285443577540421,49.817460317460316
@timesofindia,@MLChristiansen,4.285475776667729,49.82142857142857
@NPR,@LiberalHivemind,4.2858795726701455,49.833333333333336
@SecularTalk,@CamHigby,4.286000393563121,49.845238095238095
@Vaush,@FreshFitMiami,4.286195928537866,49.857142857142854
@bulwarkmedia,@MattWalsh,4.2866476557603725,49.86904761904762
@dollemore,@dineshdsouza,4.287271744126571,49.87698412698413
@LegalAFMTN,@AndrewKlavan,4.28861668954454,49.90079365079365
@SabbySabs,@theisabelbrown,4.288953253626624,49.91269841269841
@DueDissidence,@LiberalHivemind,4.289233256316036,49.920634920634924
@TheYoungTurks,@TimcastIRL,4.289361995572612,49.932539682539684
@LegalAFMTN,@ZubyMusic,4.289381558953639,49.93650793650794
@SabbySabs,@RufoandLomez,4.289619051270289,49.948412698412696
@FarronBalanced,@MegynKelly,4.290290682130415,49.96031746031746
@RebelHQ,@PartOfTheProblem,4.2907755156616085,49.97222222222222
@HasanAbi,@TheBrianKilmeadeShow,4.291050260500868,49.976190476190474
@SecularTalk,@BenShapiro,4.291652509438163,49.992063492063494
@destiny,@TimcastIRL,4.2920122712889865,50.00396825396825
@LeejaMiller,@dineshdsouza,4.292133175735076,50.00793650793651
@MikeFromPA,@VivaFrei,4.292151615860191,50.01190476190476
@PoliticsJOE,@SydneyWatson,4.2924171570652865,50.027777777777786
@Vaush,@DarkHorsePod,4.292718259029776,50.035714285714285
@LegalEagle,@dineshdsouza,4.292842169025233,50.0436507936508
@DemocracyNow,@FoxNews,4.292857901261607,50.04761904761905
@NPR,@VivaFrei,4.292920573465522,50.05555555555555
@therationalnational,@X22Report-y5y,4.293378820535474,50.06746031746032
@UnHerd,@RedactedNews,4.293634838115845,50.083333333333336
@podsaveamerica,@MichaelMaliceofficial,4.29367409182945,50.091269841269835
@DoubleDownNews,@Timcast,4.2941007819705534,50.09920634920635
@ajplus,@SaltyCracker,4.294139663994891,50.10317460317461
@thegrayzone7996,@bbrettcooper,4.294715783281101,50.10714285714286
@ponderingpolitics,@RealAmericasVoice,4.294769953255161,50.11111111111111
@thomhartmann,@triggerpod,4.294864939183364,50.11507936507936
@LegalAFMTN,@RileyGaines,4.295826215305976,50.15873015873016
@TheAtlantic,@turningpointusa,4.296070554281214,50.17063492063492
@CNN,@StevenCrowder,4.296210912346193,50.17460317460317
@samharrisorg,@DrSteveTurleyTV,4.296851540976888,50.19444444444444
@Xanderhal,@RobertGouveiaEsq,4.2969324461247025,50.202380952380956
@LeejaMiller,https://rumble.com/c/nickjfuentes,4.297246138418363,50.210317460317455
@cafedotcom,@XAVIAER,4.298694333994565,50.24603174603175
@franifio,@TimcastNews,4.298731607913085,50.24999999999999
@LeverNews,@oann,4.298736698591747,50.25396825396825
@EzraKleinShow,@MegynKelly,4.298918377393971,50.257936507936506
@GeopoliticalEconomyReport,@glennbeck,4.299507152617993,50.28174603174603
@LegalAFMTN,@Styxhexenhammer666,4.299791553635999,50.297619047619044
@nytimes,@nypost,4.299839857719843,50.301587301587304
@DoubleDownNews,@winston_marshall,4.299848907106456,50.30555555555556
@Xanderhal,@TheQuartering,4.3010965101153165,50.32936507936508
@msnow,https://rumble.com/c/TheAlexJonesShowLive,4.30158360245794,50.3452380952381
@TheRealTabithaSpeaks,@lonerboxlive,4.301819572542569,50.357142857142854
@TheAtlantic,@AnthonyBrianLogan,4.301995271129092,50.36507936507937
@RonPlacone,@JustPearlyThings,4.302588548926853,50.38095238095238
@PoliticsGirl,@ColemanHughesOfficial,4.303201600965651,50.40079365079365
@RestPoliticsUS,@The_Crucible,4.304107811526734,50.42460317460318
@PiscoLitty,@dineshdsouza,4.304273857805023,50.43253968253968
@PoliticsJOE,@TheBrianKilmeadeShow,4.30496714523131,50.43650793650794
@harryjsisson,@RubinReport,4.305047673047189,50.44444444444445
@GeopoliticalEconomyReport,@TheAmalaEkpunobi,4.3057201390198845,50.46031746031746
@marclamonthillnetwork,@JustPearlyThings,4.3057691220758665,50.468253968253975
@DylanBurnsLIVE,@glennbeck,4.306671247739196,50.48809523809524
@TheMajorityReport,@TimcastNews,4.3070103584105865,50.49603174603175
@TheDailyBeast,@morebridgetphetasy,4.307381497209018,50.51190476190476
@OwenReport,@FoxNews,4.3075459491043615,50.51984126984127
@OwenReport,@NewsmaxTV,4.308728426813983,50.54761904761905
@TheYoungTurks,@Tim_Black,4.309306836220681,50.57142857142857
@TheDamageReport,@RebelNewsOnline,4.309504059728959,50.57936507936508
@franifio,@TimcastIRL,4.309975613022807,50.583333333333336
@NYTPodcasts,@VivaFrei,4.310010626605046,50.591269841269835
@EzraKleinShow,@The_Crucible,4.3100683825602735,50.595238095238095
@TheSerfTimes,@BlazeTV,4.310455290335661,50.59920634920635
@LeejaMiller,@RealAmericasVoice,4.310760131617546,50.61111111111111
@JackCocchiarellaShow,@TheBrianKilmeadeShow,4.310916954912173,50.61904761904762
@JamarlThomas,@JesseKellyDC,4.311237244684057,50.62301587301587
@cafedotcom,@AndrewKlavan,4.311275937949323,50.626984126984134
@LegalAFMTN,@MarkDice,4.312027882857613,50.6468253968254
@ponderingpolitics,@PragerU,4.31292125370789,50.66666666666667
@chriscuomo,@newdiscourses,4.313180697110635,50.67857142857143
@usefulidiots,@MegynKelly,4.31318432259495,50.682539682539684
@rolandsmartin,https://rumble.com/c/nickjfuentes,4.313477448260714,50.69444444444444
@NPR,@ColemanHughesOfficial,4.313577735732324,50.698412698412696
@MeidasTouch,@morebridgetphetasy,4.3138517686767806,50.702380952380956
@NovaraMedia,@SydneyWatson,4.315154539919808,50.73809523809524
@aljazeeraenglish,@chicksonright,4.315369093715515,50.742063492063494
@NPR,@winston_marshall,4.315592626100004,50.74999999999999
@TheDamageReport,@morebridgetphetasy,4.315970736107604,50.769841269841265
@cafedotcom,@BlazeTV,4.31656812608142,50.78968253968254
@TheJoyReidShow,@TheOfficerTatum,4.316891005570395,50.797619047619044
@nousnetwork,@MarkDice,4.317550868311455,50.817460317460316
@ponderingpolitics,@TimcastNews,4.318216817908089,50.82142857142857
@rolandsmartin,@bennyjohnson,4.318250789540048,50.82539682539683
@PoliticsGirl,@glennbeck,4.318354277757507,50.829365079365076
@Vaush,@PartOfTheProblem,4.318498587837241,50.84126984126984
@TheAtlantic,https://rumble.com/c/russellbrand,4.320005297457341,50.8531746031746
@TheDamageReport,@AndrewKlavan,4.320103565029238,50.861111111111114
@FarronBalanced,@VivaFrei,4.320190264021314,50.86507936507937
@HasanAbi,@nypost,4.320552518764682,50.88095238095238
@PoliticsGirl,@SaltyCracker,4.3206755444836125,50.88492063492064
@cafedotcom,@AnthonyBrianLogan,4.3207668599556355,50.888888888888886
@NovaraMedia,@TimcastIRL,4.321034586480616,50.90873015873015
@CNN,@AnthonyBrianLogan,4.321082612144663,50.91269841269841
@OwenReport,@TimcastIRL,4.3215960839877905,50.93253968253968
@marclamonthillnetwork,https://rumble.com/c/nickjfuentes,4.321796098336408,50.93650793650794
@GeopoliticalEconomyReport,@BenShapiro,4.321987294212739,50.94444444444445
@DueDissidence,@OfficialSaharTV,4.322220896462339,50.95238095238095
@samharrisorg,@dineshdsouza,4.322608143591314,50.964285714285715
@CNN,@PragerU,4.323205348934088,50.99206349206349
@DoubleDownNews,@JustPearlyThings,4.323458705574379,51.0
@briantylercohen,@XAVIAER,4.32370092555344,51.01190476190476
@NPR,@fightbackpodcast,4.323755180757923,51.01984126984127
@DropSiteNews,@TimcastNews,4.3241920232589255,51.027777777777786
@OwenReport,@AfterPartyEmily,4.324275457639566,51.03968253968254
@briantylercohen,@MichaelKnowles,4.325426270072986,51.05952380952381
@judgingfreedom,@lonerboxlive,4.325648411499929,51.07936507936508
@nousnetwork,@Tim_Black,4.326724751120428,51.10714285714286
@franifio,@PragerU,4.326922568701132,51.11904761904762
@SecularTalk,@HangOutwithSeanHannity,4.326989511685871,51.12301587301587
@BreakThroughNews,@LiberalHivemind,4.327094066822399,51.13095238095238
@cafedotcom,https://rumble.com/c/BannonsWarRoom,4.327120760089037,51.13492063492063
@TheYoungTurks,@newdiscourses,4.32716982350037,51.138888888888886
@PoliticsGirl,@MichaelKnowles,4.327634103882088,51.15873015873016
@SecularTalk,@GrahamAllen,4.32805462382932,51.17063492063492
@DemocracyNow,@JesseKellyDC,4.328149497456702,51.17857142857143
@LegalAFMTN,@AlexStein99,4.3281499535251164,51.182539682539684
@rolandsmartin,@Styxhexenhammer666,4.328182560707637,51.186507936507944
@lovettorleaveitpodcast,https://rumble.com/c/nickjfuentes,4.328897209186956,51.198412698412696
@SkyNews,@BlazeTV,4.329080559381132,51.202380952380956
@nytimes,@MyronGainesX,4.329615754533834,51.214285714285715
@nytimes,@turningpointusa,4.329757857016839,51.23015873015873
@TheRealTabithaSpeaks,@PartOfTheProblem,4.32976503398674,51.23412698412698
@underthedesknews,@DrSteveTurleyTV,4.329783386999755,51.23809523809524
@StatusCoup,@CamHigby,4.329897790454976,51.242063492063494
@SabbySabs,@HangOutwithSeanHannity,4.329902533249843,51.24603174603175
@chriscuomo,https://rumble.com/c/TheAlexJonesShowLive,4.330130095504242,51.261904761904766
@destiny,@turningpointusa,4.330153094470836,51.26587301587302
@Forthepeoplepodcast305,@TheQuartering,4.330913096673079,51.28968253968254
@aljazeeraenglish,@NewsmaxTV,4.331599047394009,51.301587301587304
@thegrayzone7996,@lizwheeler,4.3317992592896015,51.3095238095238
@StatusCoup,@LiberalHivemind,4.332036642365394,51.33730158730159
@CNN,@TomiLahrenIsFearless,4.3322985218859404,51.34920634920634
@msnow,@TomiLahrenIsFearless,4.33268227642149,51.361111111111114
@adammockler,@TimcastIRL,4.333454674050017,51.37301587301587
@thomhartmann,@FoxNews,4.335211744026561,51.416666666666664
@PiscoLitty,@JesseKellyDC,4.335313233562292,51.420634920634924
@Politicon,@dineshdsouza,4.335810600212339,51.43253968253968
@UnHerd,@SydneyWatson,4.338562696628343,51.49206349206349
@DueDissidence,@newdiscourses,4.338688931688516,51.49603174603175
@thedavidpakmanshow,@HangOutwithSeanHannity,4.338821906541015,51.5
@breakingpoints,@StevenCrowder,4.338963586016622,51.50396825396826
@TheYoungTurks,@SydneyWatson,4.338993452053179,51.507936507936506
@TheDamageReport,@ThePodcastoftheLotusEaters,4.339125413709102,51.51587301587301
@SecularTalk,@SaltyCracker,4.339136296936845,51.51984126984127
@rolandsmartin,@The_Crucible,4.3392408932588635,51.52777777777777
@thedavidpakmanshow,@Tim_Black,4.339393603372457,51.53174603174603
@PoliticsGirl,@winston_marshall,4.3395825018118535,51.5436507936508
@TheDonLemonShow,@newdiscourses,4.33986645706206,51.5515873015873
@LeejaMiller,@DrSteveTurleyTV,4.340509231493731,51.56746031746032
@RonPlacone,@RileyGaines,4.340884762058481,51.57936507936508
@CNN,https://rumble.com/c/TheAlexJonesShowLive,4.341267954890891,51.587301587301596
@marclamonthillnetwork,@RedactedNews,4.341446176857014,51.591269841269835
@DueDissidence,@TimcastIRL,4.341860737265121,51.60317460317461
@Vox,@FoxNews,4.342153157933878,51.61507936507937
@breakingpoints,@TheBrianKilmeadeShow,4.342218238460354,51.61904761904762
@fastpoliticspodcast,@lizwheeler,4.34242313598457,51.63095238095238
@thedavidpakmanshow,@marklevinshow,4.3425670184320575,51.63492063492063
@TheRealTabithaSpeaks,@triggerpod,4.343744710661333,51.650793650793645
@DueDissidence,@MarkDice,4.343906124378779,51.65873015873016
@LegalAFMTN,@glennbeck,4.344431973215689,51.67857142857143
@LeejaMiller,@TimcastNews,4.345830953292896,51.70634920634921
@harryjsisson,@RealAmericasVoice,4.346264777638428,51.714285714285715
@TheLincolnProject,@MattWalsh,4.34637359668856,51.71825396825397
@thedavidpakmanshow,@dineshdsouza,4.346878508823415,51.72619047619048
@MeidasTouch,@glennbeck,4.347381392614631,51.742063492063494
@timesofindia,@TheBrianKilmeadeShow,4.3481597843182715,51.746031746031754
@LegalEagle,@RedactedNews,4.348620382476524,51.75396825396825
@thomhartmann,@lonerboxlive,4.349170655227762,51.76587301587302
@PiscoLitty,https://rumble.com/c/russellbrand,4.349404832270632,51.78174603174603
@TheAtlantic,@MyronGainesX,4.349708827173981,51.79761904761905
@UnHerd,@MichaelKnowles,4.34971609000575,51.801587301587304
@OwenJonesTalks,@dineshdsouza,4.350091303956394,51.80555555555556
@TheYoungTurks,@turningpointusa,4.350387602425561,51.8095238095238
@StatusCoup,@The_Crucible,4.351063535551071,51.829365079365076
@thegrayzone7996,@Styxhexenhammer666,4.351072430076129,51.83333333333333
@chriscuomo,@triggerpod,4.35144746661472,51.83730158730159
@StatusCoup,@MrTariqNasheed,4.352301927544041,51.84920634920635
@TheSerfTimes,@PartOfTheProblem,4.352334927886952,51.8531746031746
@SMN,@PartOfTheProblem,4.352449046346343,51.857142857142854
@EzraKleinShow,https://rumble.com/c/nickjfuentes,4.352464230224016,51.861111111111114
@thedavidpakmanshow,@TheBrianKilmeadeShow,4.35269045409732,51.86904761904761
@nousnetwork,@MattWalsh,4.354438231280606,51.94047619047619
@nousnetwork,https://rumble.com/c/TheAlexJonesShowLive,4.354628087266258,51.948412698412696
@harryjsisson,@TimcastNews,4.355056659611572,51.95238095238095
@destiny,@BlazeTV,4.355234661319426,51.964285714285715
@LegalAFMTN,@RealDanBongino,4.355648282482685,51.976190476190474
@podsaveamerica,@TimcastNews,4.355753732610413,51.98412698412699
@MeidasTouch,@SydneyWatson,4.355845699297218,51.99206349206349
@ajplus,@LiberalHivemind,4.356156583305329,52.0
@MeidasTouch,@FoxNews,4.356206589802947,52.00396825396826
@MeidasTouch,@marklevinshow,4.356303902005122,52.007936507936506
@LeejaMiller,@TheAdamCarollaShow1,4.356993303787091,52.01190476190476
@nousnetwork,@MLChristiansen,4.357138942710323,52.01984126984127
@TheAtlantic,@nypost,4.357353891606219,52.03174603174603
@JamarlThomas,@JustPearlyThings,4.357582124732059,52.035714285714285
@RonPlacone,@theisabelbrown,4.357694553861508,52.047619047619044
@usefulidiots,@ThePodcastoftheLotusEaters,4.358067343028526,52.05952380952381
@Vaush,@DrSteveTurleyTV,4.358545915006425,52.07142857142857
@rolandsmartin,@TheAmalaEkpunobi,4.358557697632297,52.07539682539682
@CNN,@BenShapiro,4.3587084939659455,52.083333333333336
@PoliticsGirl,https://rumble.com/c/TheAlexJonesShowLive,4.358736821756311,52.08730158730158
@ponderingpolitics,@TheOfficerTatum,4.358889050379967,52.095238095238095
@DemocracyNow,@FreshFitMiami,4.359054488059806,52.09920634920635
@dollemore,@TheAmalaEkpunobi,4.359078598115324,52.10317460317461
@OwenReport,@MichaelMaliceofficial,4.35921504709764,52.11111111111111
@rolandsmartin,@jlptalk,4.35948970058827,52.11507936507937
@PoliticsJOE,@TimcastNews,4.359823286314496,52.11904761904762
@ponderingpolitics,@FleccasTalks,4.359909390823164,52.13095238095238
@NPR,@theisabelbrown,4.359924352680134,52.13492063492063
@DylanBurnsLIVE,@RebelNewsOnline,4.360073883239621,52.150793650793645
@LeverNews,@JustPearlyThings,4.360130661401102,52.154761904761905
@JackCocchiarellaShow,@MegynKelly,4.3605079106924585,52.16269841269842
@RebelHQ,@BlackConservativePerspective,4.360779160825302,52.166666666666664
@SkyNews,@Styxhexenhammer666,4.361065921049361,52.17857142857143
@CNN,@TheBrianKilmeadeShow,4.361242704234521,52.18650793650793
@TheDamageReport,@MegynKelly,4.361774834434908,52.198412698412696
@fastpoliticspodcast,@AnthonyBrianLogan,4.362464958071697,52.214285714285715
@FarronBalanced,@TimcastIRL,4.362694086803085,52.22222222222223
@BadFaithPodcast,@nypost,4.363297060468362,52.23412698412698
@BadEmpanadaLive,@DrSteveTurleyTV,4.3633485233625855,52.242063492063494
@SecularTalk,@MarkDice,4.3640083316021805,52.26587301587302
@LeejaMiller,@PragerU,4.364562170001317,52.27777777777778
@nytimes,https://rumble.com/c/russellbrand,4.36464895599365,52.28174603174603
@LegalAFMTN,@TomiLahrenIsFearless,4.364805378293685,52.28571428571429
@podsaveamerica,@Tim_Black,4.36490953987198,52.28968253968254
@MeidasTouch,@dineshdsouza,4.365544023510357,52.29365079365079
@CNN,https://rumble.com/c/russellbrand,4.36563089494908,52.29761904761905
@JamarlThomas,@CamHigby,4.366514656429831,52.32539682539683
@MeidasTouch,@RealDanBongino,4.366723697131945,52.329365079365076
@LeverNews,@nypost,4.366807597673768,52.33730158730159
@nytimes,@LiberalHivemind,4.366976742375705,52.34920634920635
@TheMajorityReport,@AfterPartyEmily,4.367016725671948,52.3531746031746
@Vox,@XAVIAER,4.367108420792419,52.35714285714286
@fastpoliticspodcast,@MichaelMaliceofficial,4.367236688242389,52.36507936507937
@TheDamageReport,@lonerboxlive,4.367630832122636,52.36904761904761
@TheDamageReport,@MattWalsh,4.367660758279152,52.37301587301587
@TheDonLemonShow,@TimcastIRL,4.36821795000656,52.38095238095239
@thegrayzone7996,@MrTariqNasheed,4.368416264199576,52.38492063492064
@fastpoliticspodcast,@MLChristiansen,4.368659723267493,52.388888888888886
@JackCocchiarellaShow,@TheOfficerTatum,4.368861013820737,52.39285714285714
@BadEmpanadaLive,@Tim_Black,4.368868961022236,52.3968253968254
@MikeFromPA,@MLChristiansen,4.369315046311853,52.40873015873015
@rolandsmartin,@LiberalHivemind,4.370330795298698,52.420634920634924
@judgingfreedom,@TimcastNews,4.371082540788079,52.42857142857142
@HasanAbi,@TheAdamCarollaShow1,4.371728468691251,52.44444444444445
@MikeFromPA,@FoxNews,4.371808469472835,52.448412698412696
@PiscoLitty,@DarkHorsePod,4.372504201730206,52.46031746031746
@MikeFromPA,@X22Report-y5y,4.372829733605487,52.47222222222222
@nytimes,@FoxNews,4.372941371395656,52.476190476190474
@marclamonthillnetwork,@morebridgetphetasy,4.373605328405025,52.48412698412699
@fastpoliticspodcast,@marklevinshow,4.373669141905712,52.488095238095234
@DueDissidence,@BlackConservativePerspective,4.37375267501666,52.49603174603175
@marclamonthillnetwork,@AlexStein99,4.373983815375475,52.51190476190476
@aljazeeraenglish,@RealAmericasVoice,4.374309402088255,52.51587301587301
@TheSerfTimes,@NewsmaxTV,4.374421025602571,52.523809523809526
@PoliticsGirl,@RufoandLomez,4.375062499585593,52.535714285714285
@ajplus,@RebelNewsOnline,4.3751601115517245,52.539682539682545
@dollemore,@bbrettcooper,4.375272632819863,52.5436507936508
@PoliticsJOE,@DrSteveTurleyTV,4.375731824092886,52.55555555555556
@EzraKleinShow,@dineshdsouza,4.375900576657063,52.567460317460316
@HasanAbi,@Tim_Black,4.376886599624886,52.58730158730158
@podsaveamerica,@TheQuartering,4.3771687649937085,52.59920634920635
@underthedesknews,@RedactedNews,4.3772405716920835,52.60317460317461
@Vox,@AlexStein99,4.377275333210235,52.607142857142854
@JamarlThomas,@bbrettcooper,4.377363309857381,52.61507936507937
@adammockler,@PartOfTheProblem,4.378072890562178,52.63888888888889
@ponderingpolitics,@AnthonyBrianLogan,4.378367931420628,52.654761904761905
@fastpoliticspodcast,@JillianMichaels,4.379086028964238,52.682539682539684
@LukeBeasley,@TimcastNews,4.380414424635581,52.71825396825397
@Forthepeoplepodcast305,@MichaelMaliceofficial,4.381388918784989,52.742063492063494
@nousnetwork,@TheAmalaEkpunobi,4.381747764433701,52.75
@MeidasTouch,@nypost,4.381967717331034,52.761904761904766
@breakingpoints,@CamHigby,4.382007318243131,52.769841269841265
@DoubleDownNews,@MichaelKnowles,4.382419837027354,52.78968253968254
@ponderingpolitics,@MichaelKnowles,4.382943082381606,52.79761904761905
@jimacosta,@Styxhexenhammer666,4.3831187743412645,52.801587301587304
@thomhartmann,@Timcast,4.383241859514449,52.80555555555555
@DemocracyNow,@XAVIAER,4.384469814621581,52.82142857142858
@StatusCoup,@lizwheeler,4.385392914285764,52.83730158730159
@NovaraMedia,@newdiscourses,4.3857749309155185,52.8452380952381
@aljazeeraenglish,@MrTariqNasheed,4.3858317433981595,52.84920634920635
@thomhartmann,@VivaFrei,4.3858802837202,52.8531746031746
@lovettorleaveitpodcast,@RealDanBongino,4.386923515922497,52.86507936507937
@SabbySabs,@TimcastIRL,4.386979631585892,52.86904761904761
@destiny,@X22Report-y5y,4.387010656933809,52.87698412698413
@jimacosta,https://rumble.com/c/TheAlexJonesShowLive,4.387405292392988,52.88095238095239
@breakingpoints,@AndrewKlavan,4.387838707248136,52.888888888888886
@thedavidpakmanshow,@TomiLahrenIsFearless,4.387976521747367,52.8968253968254
@Vox,@glennbeck,4.388493875125716,52.90476190476191
@cafedotcom,@RileyGaines,4.388763242443043,52.91269841269841
@TheDonLemonShow,@NewsmaxTV,4.389124515171103,52.92460317460318
@lovettorleaveitpodcast,@JustPearlyThings,4.389996390109745,52.94047619047619
@SkyNews,@PragerU,4.390188213364414,52.948412698412696
@TheEconomist,@nationalreview,4.391011164550087,52.97222222222222
@aljazeeraenglish,@bbrettcooper,4.391033287487221,52.976190476190474
@CNN,@clayandbuck,4.391496864001252,52.988095238095234
@JamarlThomas,@AlexStein99,4.39150626761174,52.992063492063494
@SkyNews,@DarkHorsePod,4.391970160606281,53.0
@ponderingpolitics,@LiberalHivemind,4.3920568885028715,53.00396825396826
@EzraKleinShow,@lonerboxlive,4.392786202100197,53.01587301587302
@lovettorleaveitpodcast,@MarkDice,4.3933175759945,53.023809523809526
@BreakThroughNews,@nationalreview,4.393646524097231,53.02777777777777
@MikeFromPA,@The_Crucible,4.394319107322653,53.035714285714285
@TheHumanistReport,@triggerpod,4.395095406909487,53.05952380952381
@PoliticsGirl,@RubinReport,4.396229165737792,53.083333333333336
@msnow,@RealAmericasVoice,4.396669565939017,53.095238095238095
@PiscoLitty,@RileyGaines,4.397019474725467,53.099206349206355
@LegalAFMTN,@theisabelbrown,4.397052234128635,53.107142857142854
@CNN,@HangOutwithSeanHannity,4.397200011852617,53.11111111111111
@thedavidpakmanshow,@nypost,4.397230659548066,53.11507936507937
@TheAtlantic,@RebelNewsOnline,4.3972565133814685,53.12301587301588
@usefulidiots,@AfterPartyEmily,4.397453797498525,53.13095238095238
@TheAtlantic,https://rumble.com/c/TheAlexJonesShowLive,4.397456568357417,53.13492063492063
@GlennKirschner2,@dineshdsouza,4.398152348558217,53.14682539682539
@OwenJonesTalks,@SydneyWatson,4.399183534944019,53.17857142857143
@GeopoliticalEconomyReport,@JillianMichaels,4.400105881872217,53.19047619047619
@DueDissidence,@turningpointusa,4.40015848720671,53.19444444444444
@TheDailyBeast,@HangOutwithSeanHannity,4.400720165290651,53.202380952380956
@PoliticsJOE,@nationalreview,4.401524630722432,53.226190476190474
@SkyNews,https://rumble.com/c/nickjfuentes,4.401589363890738,53.23015873015873
@CNN,@MarkDice,4.40163883951939,53.23412698412698
@JackCocchiarellaShow,@PragerU,4.401991001465292,53.25396825396825
@SecularTalk,@glennbeck,4.402092078252014,53.257936507936506
@RebelHQ,@MegynKelly,4.402469440924798,53.273809523809526
@thedavidpakmanshow,@SydneyWatson,4.4036244716901525,53.317460317460316
@PTLRadioShow,@PartOfTheProblem,4.403641228146404,53.32142857142858
@HasanAbi,@RedactedNews,4.404092571586154,53.333333333333336
@Vox,https://rumble.com/c/russellbrand,4.404147895513905,53.33730158730159
@bulwarkmedia,@LiberalHivemind,4.4046383166806535,53.34920634920635
@Vaush,@SydneyWatson,4.404656131745698,53.3531746031746
@podsaveamerica,@dineshdsouza,4.404656978674252,53.35714285714286
@samharrisorg,@NewsmaxTV,4.404791720264666,53.36507936507936
@Xanderhal,@AfterPartyEmily,4.405171630100397,53.36904761904761
@JackCocchiarellaShow,@AfterPartyEmily,4.406450231272456,53.39285714285714
@usefulidiots,@AndrewKlavan,4.406722085054196,53.4047619047619
@LeverNews,@RealAmericasVoice,4.407445459174456,53.41666666666667
@TheSerfTimes,@X22Report-y5y,4.407555925798589,53.420634920634924
@RebelHQ,@Timcast,4.408018752766832,53.42857142857142
@usefulidiots,@PartOfTheProblem,4.408149164031529,53.432539682539684
@PTLRadioShow,@Timcast,4.408322942462644,53.4404761904762
@MeidasTouch,@RileyGaines,4.408325754058609,53.44444444444445
@LeejaMiller,@turningpointusa,4.408341830463367,53.448412698412696
@TheJoyReidShow,@nationalreview,4.408837911839777,53.45634920634921
@thomhartmann,@PartOfTheProblem,4.4100867023348655,53.488095238095234
@thegrayzone7996,@RubinReport,4.410428341066766,53.492063492063494
@Xanderhal,@TimcastIRL,4.410632673370693,53.5
@NPR,@RealAlexClark,4.4106899907230925,53.50396825396826
@JamarlThomas,@glennbeck,4.41088994651192,53.51587301587302
@SecularTalk,@ZubyMusic,4.411760238570317,53.539682539682545
@ajplus,@JesseKellyDC,4.412018025534789,53.55952380952381
@nytimes,@oann,4.412442501759364,53.57142857142857
@SkyNews,@TheAdamCarollaShow1,4.412680043839439,53.57539682539682
@msnow,@ChadPrather1,4.413574250595759,53.58730158730158
@LeejaMiller,@BlazeTV,4.413706036126906,53.599206349206355
@BadFaithPodcast,@AfterPartyEmily,4.413733940092905,53.60317460317461
@CNN,@lonerboxlive,4.413894976058161,53.61507936507937
@TheYoungTurks,@AfterPartyEmily,4.4139274834765585,53.61904761904762
@thedavidpakmanshow,@ColemanHughesOfficial,4.414050399722166,53.63095238095238
@DylanBurnsLIVE,https://rumble.com/c/russellbrand,4.414307434964008,53.63888888888889
@katiephangnews,@MyronGainesX,4.414382436904801,53.65079365079365
@JamarlThomas,@turningpointusa,4.414726990364762,53.654761904761905
@DropSiteNews,@DrSteveTurleyTV,4.414948204144126,53.66269841269842
@LeverNews,@AfterPartyEmily,4.416953529106754,53.710317460317455
@Vaush,@MLChristiansen,4.419192010031459,53.742063492063494
@LegalAFMTN,@lonerboxlive,4.419329940290974,53.75396825396825
@harryjsisson,@GrahamAllen,4.42032623087634,53.773809523809526
@OwenReport,@newdiscourses,4.4203816822895545,53.77777777777778
@rolandsmartin,@RobertGouveiaEsq,4.421744069100582,53.79761904761905
@briantylercohen,@fightbackpodcast,4.42185718634924,53.80555555555555
@BreakThroughNews,@FoxNews,4.422896238357122,53.829365079365076
@UnHerd,@Tim_Black,4.423489486241005,53.83730158730159
@UnHerd,@lizwheeler,4.424393580564112,53.85714285714286
@harryjsisson,@SaltyCracker,4.424731818597356,53.86904761904761
@DropSiteNews,@dineshdsouza,4.426390361570274,53.89285714285714
@RonPlacone,@RufoandLomez,4.42650368090459,53.9047619047619
@NYTPodcasts,@AfterPartyEmily,4.426740281765314,53.90873015873016
@StatusCoup,@ZubyMusic,4.427911703598406,53.91269841269841
@zeteo,https://rumble.com/c/russellbrand,4.4281235324823,53.91666666666667
@RebelHQ,@ColemanHughesOfficial,4.428174957638201,53.920634920634924
@thedavidpakmanshow,@DarkHorsePod,4.428225441292193,53.92460317460317
@FarronBalanced,@turningpointusa,4.428374428462042,53.9404761904762
@LegalAFMTN,@X22Report-y5y,4.428661715610712,53.95238095238095
@SkyNews,@MattWalsh,4.429208147900141,53.980158730158735
@TheDailyBeast,@TheBrianKilmeadeShow,4.429482911178268,53.988095238095234
@CNN,@theisabelbrown,4.429555748505456,53.99603174603175
@StatusCoup,@glennbeck,4.430557964435874,54.01587301587302
@DylanBurnsLIVE,@FreshFitMiami,4.430963513581614,54.035714285714285
@katiephangnews,@fightbackpodcast,4.43119018751507,54.04365079365079
@PiscoLitty,@glennbeck,4.431951827282689,54.05555555555556
@PiscoLitty,@BlazeTV,4.432598288152179,54.07142857142857
@SabbySabs,@ZubyMusic,4.4328940164418205,54.07539682539683
@PiscoLitty,@TheBrianKilmeadeShow,4.43334664456919,54.083333333333336
@JamarlThomas,@winston_marshall,4.43344831594491,54.08730158730158
@TheSerfTimes,@MegynKelly,4.43352120745533,54.09126984126984
@TheDamageReport,https://rumble.com/c/TheAlexJonesShowLive,4.433801230307969,54.095238095238095
@marclamonthillnetwork,@MarkDice,4.434258678253898,54.10317460317461
@nousnetwork,@RedactedNews,4.435011183797001,54.12301587301588
@therationalnational,@DrSteveTurleyTV,4.435078176727736,54.12698412698413
@DemocracyDocket,@newdiscourses,4.435404204225768,54.13492063492063
@thedavidpakmanshow,@RufoandLomez,4.435426709870282,54.13888888888889
@samharrisorg,@The_Crucible,4.43611884611744,54.14682539682539
@rolandsmartin,@FoxNews,4.437058346359028,54.158730158730165
@BadEmpanadaLive,@FoxNews,4.4372432438463125,54.166666666666664
@SMN,@TheQuartering,4.437551380666595,54.17460317460318
@PiscoLitty,@AlexStein99,4.43759165531886,54.18253968253969
@TheHumanistReport,@TheOfficerTatum,4.437777171155153,54.18650793650793
@nousnetwork,@PartOfTheProblem,4.438125920623603,54.19444444444444
@LegalAFMTN,@MegynKelly,4.438513328991682,54.202380952380956
@rolandsmartin,@lizwheeler,4.438631777949625,54.2063492063492
@adammockler,@TheBrianKilmeadeShow,4.438661051774197,54.210317460317455
@DueDissidence,@StevenCrowder,4.439132316305049,54.22222222222223
@NPR,@AnthonyBrianLogan,4.440641773505399,54.25
@thegrayzone7996,@winston_marshall,4.441210385688205,54.261904761904766
@DemocracyNow,@JustPearlyThings,4.441265903929,54.26587301587301
@aljazeeraenglish,@ChadPrather1,4.441299984399108,54.27777777777778
@StatusCoup,@OfficialSaharTV,4.441606218445348,54.28174603174604
@rolandsmartin,@TheOfficerTatum,4.442052244225593,54.301587301587304
@EzraKleinShow,@newdiscourses,4.442424772303869,54.30555555555555
@thegrayzone7996,@StevenCrowder,4.44287972043985,54.32142857142858
@LukeBeasley,@JustPearlyThings,4.443017269536971,54.329365079365076
@franifio,@Timcast,4.443495347297688,54.361111111111114
@PoliticsGirl,@CamHigby,4.443496651906517,54.36507936507936
@MeidasTouch,@AlexStein99,4.443793629145578,54.37698412698413
@StatusCoup,@DrSteveTurleyTV,4.443842193163951,54.38095238095239
@harryjsisson,@AlexStein99,4.444064168501706,54.38492063492063
@GeopoliticalEconomyReport,@RedactedNews,4.444450585355599,54.4047619047619
@OwenJonesTalks,@AfterPartyEmily,4.444921791253221,54.420634920634924
@PTLRadioShow,@TheQuartering,4.446058952701939,54.432539682539684
@rolandsmartin,@MattWalsh,4.447162912695928,54.448412698412696
@dollemore,@FoxNews,4.447252485872597,54.45238095238095
@thegrayzone7996,@TheAmalaEkpunobi,4.447470645782051,54.45634920634921
@deanwithrs,@PragerU,4.447588958849659,54.46825396825397
@usefulidiots,@morebridgetphetasy,4.44782294207724,54.47222222222222
@TheHumanistReport,@MichaelMaliceofficial,4.447980713598376,54.47619047619048
@TheAtlantic,@MarkDice,4.448159961580117,54.48412698412698
@LegalEagle,@ColemanHughesOfficial,4.448664893733123,54.492063492063494
@DropSiteNews,@NewsmaxTV,4.448901372446663,54.503968253968246
@jimacosta,@JesseKellyDC,4.449308508590459,54.51190476190476
@harryjsisson,@RobertGouveiaEsq,4.449366770316962,54.51587301587302
@dollemore,@RealAlexClark,4.44960291378731,54.51984126984127
@RonPlacone,@MarkDice,4.450120821707853,54.52777777777777
@PiscoLitty,@HangOutwithSeanHannity,4.450124915286333,54.53174603174603
@BadFaithPodcast,@DarkHorsePod,4.450141741092083,54.535714285714285
@SkyNews,@X22Report-y5y,4.450481214901348,54.547619047619044
@CNN,@fightbackpodcast,4.45092784819977,54.55555555555556
@JamarlThomas,@NewsmaxTV,4.450940166921679,54.55952380952381
@podsaveamerica,@FoxNews,4.451119786693393,54.567460317460316
@BadEmpanadaLive,@X22Report-y5y,4.451137922985327,54.57142857142857
@CNN,https://rumble.com/c/nickjfuentes,4.451621569923199,54.599206349206355
@LeverNews,@AnthonyBrianLogan,4.452736900435199,54.61904761904762
@StatusCoup,@RebelNewsOnline,4.4530862332911125,54.63492063492063
@RestPoliticsUS,@TheQuartering,4.453455878762868,54.64285714285714
@TheDamageReport,@MarkDice,4.453555058138958,54.64682539682539
@ponderingpolitics,@XAVIAER,4.455220610874727,54.67063492063492
@GeopoliticalEconomyReport,@RileyGaines,4.455600258836456,54.68253968253968
@TheMajorityReport,@MichaelMaliceofficial,4.455951744499168,54.69444444444444
@SabbySabs,@MLChristiansen,4.456238792818699,54.6984126984127
@thomhartmann,@TimcastIRL,4.456779091903413,54.7063492063492
@fastpoliticspodcast,@winston_marshall,4.456868538328151,54.714285714285715
@BreakThroughNews,@Timcast,4.457001993587095,54.71825396825397
@zeteo,@turningpointusa,4.4574143161259805,54.73015873015873
@thegrayzone7996,@BenShapiro,4.457516005206654,54.73809523809524
@usefulidiots,@MattWalsh,4.459057400942075,54.769841269841265
@nousnetwork,https://rumble.com/c/russellbrand,4.459946729598061,54.77777777777778
@harryjsisson,@MrTariqNasheed,4.46017803362509,54.7936507936508
@judgingfreedom,@dineshdsouza,4.461996884606109,54.84920634920635
@rolandsmartin,@triggerpod,4.462075791510381,54.85714285714286
@GeopoliticalEconomyReport,@CamHigby,4.462727437351015,54.86507936507936
@LeverNews,@CamHigby,4.462817959073912,54.86904761904762
@DemocracyNow,@AlexStein99,4.462892466968384,54.87698412698413
@RebelHQ,@TheBrianKilmeadeShow,4.462905149600084,54.88492063492063
@DylanBurnsLIVE,@turningpointusa,4.463031306917493,54.892857142857146
@thegrayzone7996,@ThePodcastoftheLotusEaters,4.463659991628539,54.90079365079366
@cafedotcom,@glennbeck,4.463919398864505,54.90873015873016
@jimacosta,@lonerboxlive,4.464540557346997,54.91666666666667
@LeejaMiller,@The_Crucible,4.464725737797047,54.92460317460317
@BadEmpanadaLive,@SydneyWatson,4.464929065040479,54.932539682539684
@thomhartmann,@MichaelMaliceofficial,4.465419259204813,54.94444444444444
@chriscuomo,@MegynKelly,4.465589487634286,54.948412698412696
@chriscuomo,@PartOfTheProblem,4.465694458382659,54.95634920634921
@TheMajorityReport,@VivaFrei,4.466417411044453,54.96825396825397
@SecularTalk,@AlexStein99,4.467397978132138,54.988095238095234
@breakingpoints,@VivaFrei,4.46807354109173,55.007936507936506
@LegalEagle,https://rumble.com/c/TheAlexJonesShowLive,4.468620755324431,55.035714285714285
@TheDonLemonShow,@TheQuartering,4.468674245758079,55.039682539682545
@TheHumanistReport,@turningpointusa,4.468980459575158,55.05952380952381
@TheHumanistReport,@NewsmaxTV,4.469020832075669,55.063492063492056
@adammockler,@PragerU,4.469343997761492,55.07142857142857
@MeidasTouch,@MarkDice,4.470148531543391,55.111111111111114
@CNN,@lizwheeler,4.470205775800348,55.11507936507937
@PoliticsJOE,@RobertGouveiaEsq,4.4702260113030325,55.11904761904762
@TheLincolnProject,@MichaelMaliceofficial,4.470282347448831,55.123015873015866
@LeejaMiller,@TimcastIRL,4.470609600670999,55.12698412698413
@TheDailyBeast,@MichaelKnowles,4.470866040528786,55.13095238095238
@TheLincolnProject,@Tim_Black,4.4710246960802245,55.13492063492064
@GlennKirschner2,@ColemanHughesOfficial,4.471546843084169,55.158730158730165
@breakingpoints,@FleccasTalks,4.471832404325587,55.162698412698404
@PoliticsGirl,@RebelNewsOnline,4.472317331954203,55.166666666666664
@ajplus,@OfficialSaharTV,4.472494359958656,55.17063492063492
@msnow,@BlazeTV,4.473308301842406,55.19047619047619
@DueDissidence,@BlazeTV,4.4735620653487125,55.19444444444444
@briantylercohen,@TheQuartering,4.473713738099645,55.1984126984127
@TheDailyBeast,@BlazeTV,4.473721876836505,55.20238095238095
@thedavidpakmanshow,@MLChristiansen,4.473985508143482,55.21031746031746
@DoubleDownNews,@MarkDice,4.474090972010497,55.218253968253975
@fastpoliticspodcast,@JustPearlyThings,4.474498840817104,55.23412698412699
@RestPoliticsUS,@turningpointusa,4.475273986654748,55.25396825396825
@marclamonthillnetwork,@AndrewKlavan,4.475636896671194,55.26587301587301
@ajplus,@clayandbuck,4.475668776312406,55.269841269841265
@TheSerfTimes,@MattWalsh,4.475753341072474,55.27777777777778
@PoliticsGirl,@XAVIAER,4.475874707181518,55.281746031746025
@nytimes,@chicksonright,4.4779779145973055,55.34126984126985
@Vox,@ChadPrather1,4.478167644494129,55.34920634920635
@judgingfreedom,@RobertGouveiaEsq,4.4783412838633225,55.35714285714286
@NPR,@AfterPartyEmily,4.4787215635547435,55.36507936507936
@nytimes,@JesseKellyDC,4.479745460579804,55.37698412698413
@TheRealTabithaSpeaks,@NewsmaxTV,4.479864318754624,55.38492063492063
@CNN,@RedactedNews,4.4798909404354985,55.388888888888886
@nytimes,@RealAmericasVoice,4.480231917993885,55.3968253968254
@jimacosta,@LiberalHivemind,4.480971627766306,55.41269841269841
@DemocracyDocket,https://rumble.com/c/russellbrand,4.481019791529234,55.41666666666667
@lovettorleaveitpodcast,@Tim_Black,4.481220125717663,55.420634920634924
@DemocracyNow,@Tim_Black,4.481356398218388,55.42460317460317
@JamarlThomas,@morebridgetphetasy,4.481658635182181,55.42857142857143
@TheSerfTimes,@AfterPartyEmily,4.4821330907428605,55.4404761904762
@StatusCoup,@PragerU,4.482142788014122,55.44444444444444
@OwenReport,@DrSteveTurleyTV,4.484447892567683,55.49603174603175
@cafedotcom,@TheBrianKilmeadeShow,4.484684321155115,55.50396825396825
@briantylercohen,@The_Crucible,4.48511981825083,55.51984126984127
@LegalEagle,@Tim_Black,4.485490583039921,55.52777777777778
@ajplus,@TomiLahrenIsFearless,4.485529596843597,55.53571428571429
@BreakThroughNews,https://rumble.com/c/russellbrand,4.486022804611184,55.55952380952382
@PoliticsJOE,@MichaelMaliceofficial,4.487297842268576,55.58333333333333
@usefulidiots,@RebelNewsOnline,4.487412338336188,55.58730158730158
@briantylercohen,@chicksonright,4.487612085779834,55.595238095238095
@TheMichaelCohenShow,@NewsmaxTV,4.488154834572198,55.6031746031746
@DoubleDownNews,@MrTariqNasheed,4.488747396985112,55.61507936507937
@TheSerfTimes,@VivaFrei,4.489062091648952,55.623015873015866
@SecularTalk,@PragerU,4.489091154795304,55.62698412698413
@LegalAFMTN,@RedactedNews,4.490006791252677,55.63888888888889
@destiny,@MegynKelly,4.490431968721012,55.64682539682539
@CNN,@OfficialSaharTV,4.49128889514829,55.66269841269841
@Vox,@MattWalsh,4.49183763440067,55.67063492063492
@JamarlThomas,@triggerpod,4.491849243465895,55.67857142857143
@SabbySabs,@CamHigby,4.492194393528068,55.68650793650794
@adammockler,@bennyjohnson,4.492497657855524,55.6984126984127
@MeidasTouch,@BlazeTV,4.492927573281049,55.71031746031746
@SecularTalk,@morebridgetphetasy,4.493362942831499,55.722222222222214
@Politicon,@lonerboxlive,4.493674249597357,55.73809523809524
@thegrayzone7996,@XAVIAER,4.494061471876176,55.75
@PiscoLitty,@CashJordan,4.494513994926619,55.76984126984127
@underthedesknews,@NewsmaxTV,4.494882269858799,55.773809523809526
@nousnetwork,@OfficialSaharTV,4.495637415771806,55.79761904761905
@OwenJonesTalks,@VivaFrei,4.49567392013927,55.8015873015873
@SecularTalk,@JesseKellyDC,4.495822887662602,55.80555555555555
@Politicon,@FoxNews,4.495951475851018,55.80952380952381
@HasanAbi,@DrSteveTurleyTV,4.496100760143342,55.81349206349206
@marclamonthillnetwork,@BenShapiro,4.497115538578188,55.841269841269835
@MikeFromPA,@turningpointusa,4.498496274255013,55.86904761904762
@LukeBeasley,@LiberalHivemind,4.498713564680297,55.87301587301587
@bulwarkmedia,@marklevinshow,4.499541304339297,55.888888888888886
@JackCocchiarellaShow,@VivaFrei,4.500372627498159,55.91666666666667
@breakingpoints,@TimcastIRL,4.500408543648061,55.92460317460317
@Forthepeoplepodcast305,@dineshdsouza,4.500416854353467,55.92857142857143
@harryjsisson,@glennbeck,4.500712492338957,55.93650793650794
@thegrayzone7996,@TheQuartering,4.500818035762687,55.94444444444444
@harryjsisson,@TheQuartering,4.501385378216358,55.96031746031747
@bulwarkmedia,@lizwheeler,4.5020997738496105,55.97619047619048
@msnow,@RileyGaines,4.502793216893301,55.99603174603175
@deanwithrs,@RufoandLomez,4.502999103538387,56.00396825396825
@TheDailyBeast,@AfterPartyEmily,4.503762786572257,56.02777777777778
@TheJoyReidShow,@Timcast,4.50395697229667,56.03174603174603
@SabbySabs,@morebridgetphetasy,4.504116825942745,56.039682539682545
@PiscoLitty,@TomiLahrenIsFearless,4.506037197264725,56.067460317460316
@nytimes,@SaltyCracker,4.506081360835713,56.07142857142857
@nousnetwork,@dineshdsouza,4.506190961853531,56.07539682539683
@LegalEagle,@TheQuartering,4.506469709222972,56.07936507936508
@fastpoliticspodcast,@StevenCrowder,4.506688600706289,56.08730158730159
@rolandsmartin,@marklevinshow,4.506994299124159,56.099206349206355
@briantylercohen,@RubinReport,4.507328611305986,56.11507936507937
@TheRealTabithaSpeaks,@RealAlexClark,4.508847701932876,56.16269841269841
@OwenReport,@dineshdsouza,4.5090202321730875,56.170634920634924
@JamarlThomas,@GrahamAllen,4.509042025128939,56.17460317460318
@NPR,@FoxNews,4.510199609410471,56.1984126984127
@SkyNews,@MichaelMaliceofficial,4.510311428251201,56.20238095238095
@SabbySabs,@TomiLahrenIsFearless,4.510379528327944,56.2063492063492
@SkyNews,@ThePodcastoftheLotusEaters,4.511808763533658,56.23015873015873
@thegrayzone7996,@oann,4.512063244816203,56.23412698412699
@StatusCoup,@MegynKelly,4.5122856864923255,56.23809523809524
@Xanderhal,@MegynKelly,4.512609237575909,56.24603174603175
@TheAtlantic,@oann,4.512626764733832,56.25
@FarronBalanced,@FoxNews,4.512939773405943,56.25396825396825
@MikeFromPA,@PragerU,4.512982215428964,56.26190476190476
@Vaush,@ActualJusticeWarrior,4.513418132953542,56.277777777777786
@Vox,@CamHigby,4.51358119507012,56.285714285714285
@thedavidpakmanshow,@DrSteveTurleyTV,4.513730465287788,56.2936507936508
@GlennKirschner2,@AfterPartyEmily,4.514552428523147,56.31746031746032
@underthedesknews,@TheOfficerTatum,4.5147613611711925,56.32142857142857
@GeopoliticalEconomyReport,@nationalreview,4.516203268530468,56.34920634920635
@DemocracyNow,@RufoandLomez,4.517012097554107,56.36904761904762
@PTLRadioShow,@bennyjohnson,4.517647821456998,56.388888888888886
@DylanBurnsLIVE,@OfficialSaharTV,4.518589382183037,56.41269841269841
@underthedesknews,@MattWalsh,4.51893658912796,56.41666666666667
@TheAtlantic,@newdiscourses,4.519061664501504,56.42460317460317
@TheAtlantic,https://rumble.com/c/nickjfuentes,4.51907317573372,56.42857142857143
@DoubleDownNews,@OfficialSaharTV,4.5194997088026865,56.43650793650794
@TheDonLemonShow,@FoxNews,4.519912765739923,56.452380952380956
@DoubleDownNews,@RealAmericasVoice,4.52084518988926,56.47619047619048
@cafedotcom,https://rumble.com/c/TheAlexJonesShowLive,4.520896288898113,56.48015873015873
@thegrayzone7996,@fightbackpodcast,4.521048473558196,56.48809523809524
@lovettorleaveitpodcast,@RedactedNews,4.521251461409963,56.49999999999999
@aljazeeraenglish,@XAVIAER,4.522261012142645,56.511904761904766
@dollemore,@NewsmaxTV,4.52299983315921,56.52380952380952
@PoliticsJOE,@lonerboxlive,4.523217135243316,56.52777777777778
@ajplus,@marklevinshow,4.523847148343769,56.54365079365079
@JamarlThomas,@Styxhexenhammer666,4.524931627908095,56.57142857142857
@RonPlacone,@BenShapiro,4.525136704038536,56.57539682539683
@SabbySabs,@DrSteveTurleyTV,4.525215404354151,56.57936507936508
@breakingpoints,@TheAmalaEkpunobi,4.525424459877266,56.5952380952381
@PiscoLitty,@clayandbuck,4.5259435610079475,56.6031746031746
@aljazeeraenglish,@oann,4.526382596238006,56.61904761904763
@thegrayzone7996,@MLChristiansen,4.526488984137165,56.623015873015866
@Politicon,@RealAlexClark,4.526623889140441,56.62698412698413
@cafedotcom,@winston_marshall,4.52724795756014,56.65079365079365
@zeteo,@RealAlexClark,4.529271897780815,56.670634920634924
@PiscoLitty,@RealDanBongino,4.529805270028109,56.67857142857143
@NPR,@lonerboxlive,4.530089538955984,56.69047619047619
@TheMajorityReport,@Timcast,4.530273962529882,56.69444444444445
@breakingpoints,@BlackConservativePerspective,4.530375054746639,56.6984126984127
@TheMichaelCohenShow,@newdiscourses,4.530489801637332,56.70238095238095
@PiscoLitty,@MrTariqNasheed,4.531013085151149,56.718253968253975
@TheSerfTimes,@Tim_Black,4.531176634188609,56.73015873015873
@rolandsmartin,@bbrettcooper,4.531994115668434,56.74603174603175
@katiephangnews,@RealAmericasVoice,4.534194657720388,56.79761904761905
@DemocracyDocket,@DrSteveTurleyTV,4.534274673240707,56.8015873015873
@thegrayzone7996,@nypost,4.536501395688188,56.86111111111111
@cafedotcom,@MarkDice,4.536507242093512,56.86507936507936
@DoubleDownNews,@CamHigby,4.536607796956828,56.86904761904762
@LeverNews,@MichaelMaliceofficial,4.53691199702993,56.88095238095238
@TheDamageReport,@bbrettcooper,4.536956461054663,56.88492063492063
@MeidasTouch,@DarkHorsePod,4.538064976178955,56.91269841269842
@NYTPodcasts,@RobertGouveiaEsq,4.5383676911802,56.92857142857143
@RonPlacone,@MrTariqNasheed,4.5384251519987595,56.932539682539684
@LukeBeasley,@FoxNews,4.5391780101385635,56.948412698412696
@DueDissidence,@FoxNews,4.539655982782796,56.96825396825397
@UnHerd,@LiberalHivemind,4.540604540049808,56.99603174603175
@NPR,@XAVIAER,4.5408844929445245,57.00396825396825
@rolandsmartin,@StevenCrowder,4.541445530107038,57.01587301587302
@briantylercohen,@ChadPrather1,4.541882856828937,57.02380952380952
@CNN,@RufoandLomez,4.542832364095031,57.0595238095238
@briantylercohen,@RealAmericasVoice,4.543002322511344,57.06349206349206
@LukeBeasley,@Timcast,4.543835070653669,57.07539682539683
@PiscoLitty,@DrSteveTurleyTV,4.5446728285299605,57.0952380952381
@RonPlacone,@HangOutwithSeanHannity,4.544801459749302,57.1031746031746
@lovettorleaveitpodcast,@theisabelbrown,4.544895898710315,57.107142857142854
@NPR,@glennbeck,4.545164911280721,57.11507936507937
@bulwarkmedia,@ThePodcastoftheLotusEaters,4.545345542042402,57.12698412698413
@LeverNews,@GrahamAllen,4.546365140562619,57.1468253968254
@PoliticsJOE,@RealAlexClark,4.546776378167676,57.154761904761905
@harryjsisson,@lizwheeler,4.547034190706999,57.17460317460318
@harryjsisson,@RebelNewsOnline,4.5478691727716445,57.19444444444445
@thegrayzone7996,@theisabelbrown,4.548743644614134,57.21031746031746
@NPR,@JustPearlyThings,4.549260189889001,57.22222222222222
@harryjsisson,@RileyGaines,4.551022937468459,57.26587301587301
@PoliticsJOE,@TheQuartering,4.552455049890059,57.29761904761905
@SkyNews,@Timcast,4.55255620993798,57.3015873015873
@Vox,@GrahamAllen,4.55366066695561,57.31746031746032
@PoliticsGirl,@LiberalHivemind,4.554327054410466,57.333333333333336
@UnHerd,@MarkDice,4.554383029471059,57.341269841269835
@TheDamageReport,@theisabelbrown,4.554427939897538,57.345238095238095
@LegalAFMTN,@RufoandLomez,4.555139153201888,57.35714285714286
@LegalAFMTN,@MichaelMaliceofficial,4.555420921249222,57.36507936507936
@SecularTalk,@NewsmaxTV,4.5561282759197,57.38095238095238
@msnow,@JillianMichaels,4.556223769886775,57.38492063492063
@LeverNews,@AlexStein99,4.556559099063228,57.388888888888886
@TheMajorityReport,@TheQuartering,4.5572366390364465,57.400793650793645
@PoliticsJOE,@Timcast,4.5583588140217195,57.42857142857143
@DoubleDownNews,@AnthonyBrianLogan,4.5599131625884395,57.460317460317455
@aljazeeraenglish,@RealDanBongino,4.560185658645197,57.464285714285715
@LukeBeasley,@fightbackpodcast,4.560734068612069,57.47619047619048
@thomhartmann,@NewsmaxTV,4.561394065307444,57.48809523809524
@HasanAbi,@lonerboxlive,4.561645660635403,57.492063492063494
@UnHerd,https://rumble.com/c/russellbrand,4.561937813685574,57.50396825396825
@DylanBurnsLIVE,@MarkDice,4.5621771443791745,57.507936507936506
@TheAtlantic,@PragerU,4.562921095384678,57.519841269841265
@msnow,@RubinReport,4.56316022811119,57.52777777777778
@RonPlacone,@RebelNewsOnline,4.563201659521508,57.53571428571429
@cafedotcom,@OfficialSaharTV,4.563278418856849,57.53968253968254
@JamarlThomas,@ZubyMusic,4.563639178417926,57.55555555555556
@DueDissidence,@theisabelbrown,4.563809514984154,57.5595238095238
@GlennKirschner2,@TheOfficerTatum,4.563913256164965,57.56349206349206
@GlennKirschner2,@FoxNews,4.564626348450858,57.57539682539683
@DropSiteNews,@RealAlexClark,4.565758412771088,57.58730158730159
@StatusCoup,@RealDanBongino,4.566772219162819,57.611111111111114
@DemocracyNow,@AfterPartyEmily,4.567153256388615,57.62698412698413
@nousnetwork,@The_Crucible,4.5688742005238945,57.65079365079365
@thegrayzone7996,@CamHigby,4.569842053287817,57.68253968253968
@katiephangnews,@TimcastIRL,4.569915171166441,57.68650793650794
@thomhartmann,@dineshdsouza,4.569944286741365,57.69444444444445
@StatusCoup,@MichaelMaliceofficial,4.570348491059146,57.71031746031746
@briantylercohen,@MyronGainesX,4.570837970315165,57.73412698412699
@TheAtlantic,@Tim_Black,4.570874072220357,57.738095238095234
@nytimes,@triggerpod,4.570961053091071,57.74206349206349
@CNN,@MichaelMaliceofficial,4.572862124308433,57.76190476190476
@LegalAFMTN,@HangOutwithSeanHannity,4.573056984685554,57.76984126984127
@DueDissidence,@PartOfTheProblem,4.573113354943045,57.77777777777777
@harryjsisson,@marklevinshow,4.573354256372713,57.78174603174603
@MeidasTouch,@RedactedNews,4.573834323129563,57.785714285714285
@briantylercohen,@TimcastNews,4.573868032211329,57.78968253968254
@timesofindia,@BlazeTV,4.574479229182513,57.80952380952381
@DueDissidence,@glennbeck,4.5751616488789075,57.82142857142857
@franifio,@newdiscourses,4.575266868611782,57.82936507936508
@LegalAFMTN,@FoxNews,4.57543180463321,57.837301587301596
@marclamonthillnetwork,@RebelNewsOnline,4.575511512835862,57.841269841269835
@NPR,@AndrewKlavan,4.5758950397101446,57.84920634920635
@LeverNews,@OfficialSaharTV,4.57601313638341,57.85714285714286
@nytimes,@MLChristiansen,4.576428481500426,57.86904761904762
@deanwithrs,@ColemanHughesOfficial,4.576624548650073,57.876984126984134
@nytimes,@OfficialSaharTV,4.5770454201718636,57.88492063492063
@NPR,@MichaelKnowles,4.578102435704753,57.900793650793645
@FarronBalanced,@dineshdsouza,4.578437408852872,57.91666666666667
@msnow,@winston_marshall,4.57860025978053,57.92857142857143
@breakingpoints,@OfficialSaharTV,4.579330365466943,57.94047619047619
@TheAtlantic,@LiberalHivemind,4.5798262613691465,57.952380952380956
@NYTPodcasts,@FoxNews,4.58132209241152,58.00396825396825
@bulwarkmedia,@DrSteveTurleyTV,4.58155543678084,58.007936507936506
@TheAtlantic,@TheAdamCarollaShow1,4.581669111467535,58.011904761904766
@RestPoliticsUS,@Timcast,4.581785474271717,58.02380952380952
@nousnetwork,@RealAlexClark,4.58252496233878,58.04761904761905
@thedavidpakmanshow,@TheAdamCarollaShow1,4.583148648256358,58.06349206349206
@harryjsisson,@TheAdamCarollaShow1,4.58382396438605,58.08333333333333
@MeidasTouch,@TimcastIRL,4.584266682041703,58.0952380952381
@NPR,@bbrettcooper,4.584467203274796,58.09920634920635
@StatusCoup,@dineshdsouza,4.584491895655018,58.1031746031746
@Xanderhal,@PragerU,4.584914757573307,58.12301587301587
@UnHerd,@X22Report-y5y,4.585801904593345,58.1468253968254
@bulwarkmedia,@triggerpod,4.58611935179614,58.15079365079365
@DoubleDownNews,@BenShapiro,4.586194952026912,58.15873015873015
@HasanAbi,@FreshFitMiami,4.586564275900502,58.170634920634924
@RonPlacone,@AlexStein99,4.586737373244247,58.17857142857142
@SkyNews,@nationalreview,4.586805445265829,58.182539682539684
@RebelHQ,@PragerU,4.587461957844464,58.198412698412696
@UnHerd,@clayandbuck,4.587735392974705,58.20238095238095
@SkyNews,@MegynKelly,4.58819137641804,58.214285714285715
@UnHerd,@TomiLahrenIsFearless,4.588479312727349,58.226190476190474
@DoubleDownNews,@GrahamAllen,4.588950002007937,58.238095238095234
@ponderingpolitics,@oann,4.589431675294973,58.24603174603175
@aljazeeraenglish,@FreshFitMiami,4.590008186446152,58.26190476190476
@UnHerd,@TimcastNews,4.590782706636925,58.27777777777777
@DylanBurnsLIVE,@ColemanHughesOfficial,4.591214444461365,58.285714285714285
@LeverNews,@nationalreview,4.591451400660119,58.2936507936508
@LeejaMiller,@Timcast,4.59226964786727,58.31349206349207
@zeteo,@triggerpod,4.593316827686435,58.35317460317461
@thomhartmann,@TheOfficerTatum,4.59341950754031,58.357142857142854
@DueDissidence,@TheAmalaEkpunobi,4.594593650715861,58.37301587301587
@aaronparnas1,@RSBN,4.595062624272601,58.38492063492063
@briantylercohen,@winston_marshall,4.595158561217492,58.38888888888889
@LegalAFMTN,https://rumble.com/c/russellbrand,4.595620394868961,58.39682539682539
@CNN,@Tim_Black,4.595749453583923,58.404761904761905
@cafedotcom,@SaltyCracker,4.596467431001446,58.41269841269842
@aljazeeraenglish,@AndrewKlavan,4.596507943865423,58.416666666666664
@katiephangnews,@AnthonyBrianLogan,4.596642414935925,58.42063492063492
@LeverNews,@MyronGainesX,4.597420449462725,58.44047619047619
@StatusCoup,@marklevinshow,4.5982865056741975,58.452380952380956
@cafedotcom,@chicksonright,4.598705921868623,58.460317460317455
@msnow,@MarkDice,4.599057553723984,58.47619047619048
@bulwarkmedia,@Timcast,4.600392757268892,58.48412698412698
@TheLincolnProject,@TimcastNews,4.600444888096643,58.48809523809524
@SkyNews,@The_Crucible,4.600487547145944,58.496031746031754
@thegrayzone7996,@ActualJusticeWarrior,4.600534637524744,58.5
@Politicon,@RobertGouveiaEsq,4.600560706993633,58.50396825396825
@StatusCoup,@TimcastIRL,4.600607114860254,58.511904761904766
@TheDailyBeast,@RedactedNews,4.600629111775245,58.51587301587302
@JamarlThomas,@StevenCrowder,4.600877965730263,58.52777777777778
@adammockler,@Tim_Black,4.601266134974633,58.54365079365079
@DropSiteNews,@nationalreview,4.6022355596363935,58.567460317460316
@JackCocchiarellaShow,@DrSteveTurleyTV,4.602447816887776,58.57142857142858
@timesofindia,@MegynKelly,4.603118828307714,58.59920634920635
@TheDailyBeast,@DarkHorsePod,4.603200562849229,58.6031746031746
@LegalAFMTN,@BlazeTV,4.6038256317269814,58.62301587301587
@chriscuomo,@MichaelMaliceofficial,4.603892031352787,58.63095238095239
@LeejaMiller,@MLChristiansen,4.604037464049469,58.63492063492064
@JamarlThomas,@theisabelbrown,4.6040428178082395,58.638888888888886
@briantylercohen,@GrahamAllen,4.604133341427314,58.64285714285714
@LukeBeasley,@JillianMichaels,4.604373288146301,58.65079365079365
@PoliticsGirl,@TimcastNews,4.6044510433655645,58.65476190476191
@PTLRadioShow,@newdiscourses,4.604461520427129,58.65873015873015
@chriscuomo,@MLChristiansen,4.605062566829242,58.67857142857142
@chriscuomo,@dineshdsouza,4.6050631168915785,58.682539682539684
@UnHerd,@TimcastIRL,4.60571587438696,58.698412698412696
@BreakThroughNews,@TimcastNews,4.606000340657929,58.71428571428572
@TheMajorityReport,@nationalreview,4.607044073757527,58.73412698412699
@judgingfreedom,@TheQuartering,4.607395585362796,58.74206349206349
@PiscoLitty,@TheAdamCarollaShow1,4.608902544842635,58.78174603174603
@ajplus,@BlazeTV,4.609424558701731,58.7936507936508
https://rumble.com/c/GGreenwald,@TimcastNews,4.611578143315644,58.817460317460316
@TheDamageReport,@DrSteveTurleyTV,4.611736206804757,58.82142857142857
@EzraKleinShow,@FoxNews,4.612513244364943,58.845238095238095
@usefulidiots,https://rumble.com/c/russellbrand,4.612684599109592,58.85317460317461
@deanwithrs,@NewsmaxTV,4.612864846366306,58.857142857142854
@therationalnational,@TheQuartering,4.613928998349348,58.88492063492063
@judgingfreedom,@newdiscourses,4.614109253351401,58.88888888888889
@DoubleDownNews,@TimcastIRL,4.6158719213887895,58.916666666666664
@Vox,@RubinReport,4.616510291026173,58.93650793650793
@TheSerfTimes,@DrSteveTurleyTV,4.616819215953736,58.952380952380956
@MeidasTouch,@clayandbuck,4.617075651301738,58.97222222222223
@thegrayzone7996,@MichaelKnowles,4.61724482979077,58.97619047619047
@DemocracyNow,@glennbeck,4.617278376371292,58.98015873015873
@RonPlacone,@TheBrianKilmeadeShow,4.617307404704225,58.98412698412698
@FarronBalanced,@AfterPartyEmily,4.617341686752064,58.98809523809524
@MeidasTouch,@MattWalsh,4.617538356414304,58.99603174603174
@LegalAFMTN,@ThePodcastoftheLotusEaters,4.619216027587754,59.02777777777778
@DemocracyNow,@RebelNewsOnline,4.619501887918089,59.03571428571428
@NPR,@GrahamAllen,4.619713072383827,59.03968253968254
@marclamonthillnetwork,@RealDanBongino,4.620133798280306,59.04761904761905
@breakingpoints,@FoxNews,4.622021257175701,59.067460317460316
@breakingpoints,@BlazeTV,4.62265979511162,59.08333333333333
@fastpoliticspodcast,@GrahamAllen,4.623127269959434,59.10714285714286
@therationalnational,@TimcastNews,4.623245922830243,59.111111111111114
@breakingpoints,@DrSteveTurleyTV,4.623583266458274,59.11507936507937
@LukeBeasley,@RubinReport,4.624097400582727,59.13095238095239
@DropSiteNews,@Timcast,4.625170239120004,59.16269841269841
@OwenReport,@TheQuartering,4.625246740074264,59.170634920634924
@LegalEagle,@BlazeTV,4.62667564525924,59.182539682539684
@breakingpoints,@MegynKelly,4.6267659503400855,59.18650793650794
@LeverNews,@TheBrianKilmeadeShow,4.626771348006158,59.19047619047619
@deanwithrs,@Tim_Black,4.627778996895113,59.22222222222222
@katiephangnews,@ActualJusticeWarrior,4.627965449239931,59.230158730158735
@UnHerd,@FreshFitMiami,4.628136332297613,59.238095238095234
@SecularTalk,@RobertGouveiaEsq,4.628561065252157,59.24603174603175
@thegrayzone7996,@clayandbuck,4.628638780032291,59.25
@nousnetwork,@ActualJusticeWarrior,4.629204781075898,59.26190476190476
@RestPoliticsUS,@X22Report-y5y,4.629360437062681,59.26587301587302
@PiscoLitty,@Styxhexenhammer666,4.630997885002211,59.31349206349207
@podsaveamerica,@Timcast,4.631457738890901,59.317460317460316
@fastpoliticspodcast,@RealDanBongino,4.631988015120495,59.32539682539682
@TheSerfTimes,@MichaelMaliceofficial,4.632208967523363,59.32936507936508
@MikeFromPA,@MegynKelly,4.632625746880109,59.349206349206355
@adammockler,@ColemanHughesOfficial,4.633425883811312,59.36507936507937
@CNN,@turningpointusa,4.634766156997357,59.39682539682539
@LeverNews,@Styxhexenhammer666,4.634777936208253,59.400793650793645
@NPR,@OfficialSaharTV,4.635054460181667,59.41269841269842
@PoliticsGirl,@Timcast,4.635473972862321,59.416666666666664
@RonPlacone,@OfficialSaharTV,4.635623005899877,59.42063492063492
@PiscoLitty,@FoxNews,4.636254275643787,59.43650793650793
@harryjsisson,@TheAmalaEkpunobi,4.636456102335603,59.44047619047619
@Vox,@ThePodcastoftheLotusEaters,4.636929318670976,59.44444444444444
@PiscoLitty,@marklevinshow,4.636976811675866,59.4484126984127
@StatusCoup,@ActualJusticeWarrior,4.63700045654375,59.452380952380956
@RestPoliticsUS,@MegynKelly,4.637420349570058,59.4563492063492
@NYTPodcasts,@TimcastNews,4.6383205364374085,59.46825396825397
@LegalEagle,@newdiscourses,4.6384160403935635,59.476190476190474
@MeidasTouch,@lonerboxlive,4.638539233167265,59.48015873015873
@usefulidiots,https://rumble.com/c/TheAlexJonesShowLive,4.638606314338933,59.48412698412698
@thomhartmann,@newdiscourses,4.639116143916821,59.492063492063494
@nytimes,@lonerboxlive,4.639161771892294,59.49603174603174
@SMN,@newdiscourses,4.640443588575314,59.519841269841265
@Vaush,@NewsmaxTV,4.640526097052082,59.523809523809526
@RonPlacone,@LiberalHivemind,4.640777385397521,59.52777777777778
@thegrayzone7996,@JillianMichaels,4.641175394176859,59.53968253968254
@harryjsisson,@SydneyWatson,4.641782467682292,59.551587301587304
@thegrayzone7996,@NewsmaxTV,4.642152372478638,59.567460317460316
@OwenJonesTalks,@PragerU,4.642382178373905,59.57142857142858
@GeopoliticalEconomyReport,@ThePodcastoftheLotusEaters,4.6423912848724465,59.57539682539682
@Vox,@TheAmalaEkpunobi,4.642474559283761,59.583333333333336
@HasanAbi,@X22Report-y5y,4.642538842590705,59.58730158730159
@TheJoyReidShow,@TheQuartering,4.642779444521346,59.59523809523809
@DylanBurnsLIVE,@TheBrianKilmeadeShow,4.642841841852509,59.59920634920635
@judgingfreedom,@FoxNews,4.642968521021607,59.60714285714286
@LeejaMiller,@triggerpod,4.642975327527252,59.611111111111114
@timesofindia,@RedactedNews,4.643121432822571,59.61507936507936
@NPR,@RealDanBongino,4.643160314772753,59.62301587301587
@rolandsmartin,@AndrewKlavan,4.644896401766014,59.65079365079365
@TheDamageReport,@PartOfTheProblem,4.645294962231234,59.66269841269841
@OwenJonesTalks,@MegynKelly,4.6454782436838675,59.66666666666667
@NPR,@DarkHorsePod,4.6456369389335554,59.670634920634924
@FarronBalanced,@DrSteveTurleyTV,4.645807618404092,59.67857142857142
@breakingpoints,@RedactedNews,4.6462154124786466,59.682539682539684
@MeidasTouch,@TheAmalaEkpunobi,4.6464014447033835,59.6904761904762
@briantylercohen,@marklevinshow,4.646591807602012,59.698412698412696
@ponderingpolitics,@CashJordan,4.647050341293964,59.71825396825396
@PoliticsGirl,@X22Report-y5y,4.647070232157248,59.72222222222222
@DemocracyNow,@MrTariqNasheed,4.647420106098368,59.730158730158735
@fastpoliticspodcast,@bbrettcooper,4.6476637792443665,59.73412698412699
@DueDissidence,@RedactedNews,4.6484390514369345,59.74603174603175
@BadFaithPodcast,@RealAmericasVoice,4.648561035762226,59.75
@Vox,@LiberalHivemind,4.649609272471292,59.77380952380953
@lovettorleaveitpodcast,@StevenCrowder,4.650976084977925,59.8015873015873
@StatusCoup,@RufoandLomez,4.6523192743787725,59.833333333333336
@marclamonthillnetwork,@CamHigby,4.652528325595195,59.83730158730158
@breakingpoints,@newdiscourses,4.652606372156588,59.84126984126984
@Politicon,@ActualJusticeWarrior,4.653544547521514,59.857142857142854
@DropSiteNews,@TheQuartering,4.653822707572985,59.86111111111111
@NPR,@CamHigby,4.653937207070087,59.86507936507937
@RonPlacone,@glennbeck,4.6544809440283235,59.87301587301588
@Forthepeoplepodcast305,@SydneyWatson,4.655521023124627,59.88888888888889
@fastpoliticspodcast,@ThePodcastoftheLotusEaters,4.656188250427113,59.904761904761905
@msnow,@MichaelKnowles,4.658121101564479,59.92857142857143
@TheRealTabithaSpeaks,@newdiscourses,4.658811463070033,59.93650793650793
@MeidasTouch,@AndrewKlavan,4.659267682350552,59.9484126984127
@lovettorleaveitpodcast,@lonerboxlive,4.6597526952863815,59.964285714285715
@SecularTalk,@The_Crucible,4.660394488104699,59.98412698412699
@CNN,@Styxhexenhammer666,4.660407527005986,59.98809523809524
@CNN,@MyronGainesX,4.660595191139095,59.99603174603174
@destiny,@MichaelMaliceofficial,4.661186480474171,60.01587301587301
@TheDamageReport,@BlackConservativePerspective,4.661595918501078,60.023809523809526
@LeverNews,@winston_marshall,4.661752047274666,60.03968253968254
@GeopoliticalEconomyReport,@SaltyCracker,4.661881562285179,60.04761904761905
@fastpoliticspodcast,@morebridgetphetasy,4.662052212623955,60.05555555555555
@harryjsisson,@RealDanBongino,4.662189813645641,60.05952380952381
@MikeFromPA,@RealAlexClark,4.662231483967677,60.06349206349206
@RestPoliticsUS,@RealAlexClark,4.662243268708872,60.067460317460316
@NovaraMedia,@MichaelMaliceofficial,4.66237916083637,60.07142857142858
@samharrisorg,@lonerboxlive,4.663167568698079,60.083333333333336
@breakingpoints,@FreshFitMiami,4.663511100436457,60.09523809523809
@Vox,@FreshFitMiami,4.664312289315683,60.10714285714286
@nytimes,@AnthonyBrianLogan,4.664527616303309,60.11507936507936
@ponderingpolitics,@The_Crucible,4.664556388428683,60.11904761904761
@TheLincolnProject,@X22Report-y5y,4.664688825232759,60.12698412698413
@GeopoliticalEconomyReport,@AlexStein99,4.665171544891199,60.14285714285714
@UnHerd,@MyronGainesX,4.665255521315459,60.15079365079365
@TheYoungTurks,@MichaelMaliceofficial,4.665833748021076,60.16269841269841
@CNN,@DarkHorsePod,4.666864419114559,60.18650793650794
@aljazeeraenglish,@AlexStein99,4.667017997538199,60.19444444444444
@PoliticsGirl,@MattWalsh,4.667887517141371,60.21031746031746
@harryjsisson,@nypost,4.667895079426081,60.21428571428571
@PiscoLitty,@MegynKelly,4.667938835643234,60.21825396825397
https://rumble.com/c/GGreenwald,@Timcast,4.668203338157396,60.22222222222222
@TheAtlantic,@RedactedNews,4.668998937530738,60.25
@DoubleDownNews,@chicksonright,4.669091357725951,60.253968253968246
@marclamonthillnetwork,@glennbeck,4.669199842711734,60.257936507936506
@BadEmpanadaLive,@newdiscourses,4.669384939385372,60.26587301587302
@RonPlacone,https://rumble.com/c/nickjfuentes,4.669735250448998,60.27777777777777
@Forthepeoplepodcast305,@Timcast,4.669866109050811,60.285714285714285
@TheAtlantic,@The_Crucible,4.669946894257779,60.29365079365079
@Forthepeoplepodcast305,@FoxNews,4.670693967612378,60.30555555555556
@TheMajorityReport,@NewsmaxTV,4.670940993815143,60.30952380952381
@PiscoLitty,@FleccasTalks,4.671478456898464,60.32936507936508
@nousnetwork,@RobertGouveiaEsq,4.671485158391508,60.333333333333336
@DoubleDownNews,@VivaFrei,4.672852938466969,60.37301587301588
@BreakThroughNews,@TheOfficerTatum,4.6750313940730726,60.42460317460318
@HasanAbi,@PartOfTheProblem,4.675183008965866,60.43253968253969
@DylanBurnsLIVE,@LiberalHivemind,4.6755581403566,60.44047619047619
@ajplus,@chicksonright,4.675891595098171,60.4484126984127
@CNN,@glennbeck,4.677724052955178,60.47222222222223
@ponderingpolitics,@fightbackpodcast,4.677964591917786,60.476190476190474
@harryjsisson,@FoxNews,4.6783531051737555,60.48412698412699
@PoliticsGirl,@nypost,4.678597104009076,60.492063492063494
@MeidasTouch,@StevenCrowder,4.680189938438062,60.519841269841265
@briantylercohen,@DarkHorsePod,4.680823311665608,60.53174603174604
@DemocracyDocket,@PartOfTheProblem,4.681863749369842,60.55555555555555
@cafedotcom,@theisabelbrown,4.682046702341146,60.567460317460316
@BreakThroughNews,@DrSteveTurleyTV,4.68206442835084,60.57142857142858
@LegalAFMTN,@StevenCrowder,4.682230425898861,60.579365079365076
@aljazeeraenglish,@StevenCrowder,4.682437696098988,60.583333333333336
@SkyNews,@turningpointusa,4.682597475355903,60.59126984126985
@LegalAFMTN,@TheAmalaEkpunobi,4.682627297042906,60.59523809523809
@MeidasTouch,@RufoandLomez,4.682803518949174,60.59920634920635
@breakingpoints,@RebelNewsOnline,4.6831532722574565,60.6031746031746
@rolandsmartin,https://rumble.com/c/russellbrand,4.683167152054417,60.60714285714286
@TheRealTabithaSpeaks,@nationalreview,4.684907132411413,60.63095238095239
@ajplus,https://rumble.com/c/TheAlexJonesShowLive,4.685268952844742,60.638888888888886
@lovettorleaveitpodcast,@The_Crucible,4.685433004385244,60.6468253968254
@zeteo,https://rumble.com/c/nickjfuentes,4.685628914807744,60.6547619047619
@TheAtlantic,@OfficialSaharTV,4.686137884238582,60.66269841269841
@NovaraMedia,@nationalreview,4.687093918961509,60.698412698412696
@LegalEagle,@X22Report-y5y,4.687423461614841,60.70634920634921
https://rumble.com/c/GGreenwald,https://rumble.com/c/russellbrand,4.687478369667211,60.71031746031746
@harryjsisson,@Timcast,4.687584088434814,60.71825396825397
@GeopoliticalEconomyReport,@JesseKellyDC,4.688275834896404,60.73412698412698
@nousnetwork,@X22Report-y5y,4.688957595800279,60.75000000000001
@judgingfreedom,@Timcast,4.689917002647015,60.76587301587302
@usefulidiots,@theisabelbrown,4.690272336137073,60.76984126984127
@RestPoliticsUS,@ActualJusticeWarrior,4.691169329344638,60.785714285714285
@SabbySabs,@FreshFitMiami,4.692095527424534,60.789682539682545
@harryjsisson,@RedactedNews,4.692503979469192,60.813492063492056
@briantylercohen,@RealDanBongino,4.69405818018186,60.83333333333333
@PiscoLitty,@AndrewKlavan,4.6943940068056245,60.83730158730158
@briantylercohen,@MrTariqNasheed,4.694518609294443,60.849206349206355
@judgingfreedom,@NewsmaxTV,4.694916159943695,60.857142857142854
@DemocracyDocket,@nationalreview,4.696633148878845,60.904761904761905
@TheDailyBeast,@AlexStein99,4.6971923242564975,60.92857142857143
@deanwithrs,@MichaelMaliceofficial,4.697449583479611,60.93253968253968
@chriscuomo,@TimcastNews,4.698659748615197,60.96825396825397
@thegrayzone7996,@TomiLahrenIsFearless,4.69872632035093,60.976190476190474
@cafedotcom,@GrahamAllen,4.699713630276892,61.0
@TheRealTabithaSpeaks,@FoxNews,4.701195879864472,61.019841269841265
@LeverNews,@chicksonright,4.701587252378552,61.02777777777778
@breakingpoints,@morebridgetphetasy,4.7023103755522495,61.051587301587304
@SecularTalk,@RealDanBongino,4.703000196193838,61.06349206349206
@LeejaMiller,@AfterPartyEmily,4.704002661099263,61.083333333333336
@StatusCoup,@morebridgetphetasy,4.706052102518702,61.11904761904762
@aljazeeraenglish,@ZubyMusic,4.706752917278036,61.13492063492063
@SecularTalk,@FreshFitMiami,4.706826331837443,61.138888888888886
@JamarlThomas,@MarkDice,4.707078184820687,61.142857142857146
@JackCocchiarellaShow,@TimcastNews,4.707203823791863,61.1547619047619
@GeopoliticalEconomyReport,@FreshFitMiami,4.707512829302114,61.15873015873016
@rolandsmartin,@theisabelbrown,4.707648296240502,61.16666666666667
@DemocracyNow,@OfficialSaharTV,4.708074257351885,61.182539682539684
@NPR,@chicksonright,4.70839251843231,61.19444444444444
@SecularTalk,@lizwheeler,4.708514828283898,61.198412698412696
@usefulidiots,@bbrettcooper,4.709605343211438,61.21825396825397
@TheSerfTimes,@BlackConservativePerspective,4.709887583344521,61.22619047619048
@bulwarkmedia,https://rumble.com/c/nickjfuentes,4.7099391251675335,61.23412698412698
@PiscoLitty,@RufoandLomez,4.710315657758433,61.238095238095234
@PoliticsGirl,@AnthonyBrianLogan,4.710318450151549,61.242063492063494
@timesofindia,@RealAmericasVoice,4.710483548549778,61.25000000000001
@Vox,@lizwheeler,4.710844927026279,61.26587301587302
@msnow,@HangOutwithSeanHannity,4.711171514760226,61.27380952380952
@TheJoyReidShow,@TimcastIRL,4.711906087943771,61.29365079365079
@RonPlacone,@NewsmaxTV,4.712112742945549,61.301587301587304
@JamarlThomas,@ChadPrather1,4.7123508876513105,61.313492063492056
@CNN,@TimcastNews,4.712546306291772,61.32936507936508
@thegrayzone7996,@AnthonyBrianLogan,4.712663058101004,61.33333333333333
@LeverNews,@MarkDice,4.712844654170737,61.33730158730158
@DoubleDownNews,@morebridgetphetasy,4.712934240972276,61.34126984126984
@nytimes,@NewsmaxTV,4.713571068505567,61.349206349206355
@fastpoliticspodcast,@Tim_Black,4.714321655325183,61.373015873015866
@nytimes,@TheAdamCarollaShow1,4.714474002991503,61.37698412698413
@briantylercohen,@LiberalHivemind,4.7147231315470215,61.38492063492064
@harryjsisson,@RufoandLomez,4.715455562378305,61.39285714285714
@briantylercohen,@JesseKellyDC,4.715964473152742,61.408730158730165
@Xanderhal,@NewsmaxTV,4.716213073302009,61.42063492063492
@StatusCoup,@TheAmalaEkpunobi,4.7165424439569845,61.42857142857143
@SkyNews,@TimcastIRL,4.716595189930354,61.43650793650794
@RonPlacone,@lonerboxlive,4.716710400323125,61.44047619047619
@DylanBurnsLIVE,@lonerboxlive,4.717029106125921,61.4484126984127
@MeidasTouch,@MLChristiansen,4.718769260706403,61.46031746031746
@GlennKirschner2,@DrSteveTurleyTV,4.718817976990841,61.464285714285715
@deanwithrs,@triggerpod,4.71971605014808,61.472222222222214
@msnow,@JustPearlyThings,4.720479567213417,61.49206349206349
@BreakThroughNews,@The_Crucible,4.721161124856226,61.49603174603174
@aljazeeraenglish,@AnthonyBrianLogan,4.721377597485963,61.50396825396825
@ponderingpolitics,https://rumble.com/c/russellbrand,4.721394907394356,61.50793650793651
@BreakThroughNews,@TimcastIRL,4.722627657337064,61.53968253968254
@adammockler,@X22Report-y5y,4.723361538402163,61.55952380952381
@thomhartmann,@ActualJusticeWarrior,4.724184000954742,61.57142857142858
@therationalnational,@NewsmaxTV,4.724263219230213,61.579365079365076
@Politicon,@VivaFrei,4.724945951050028,61.59920634920635
@MikeFromPA,@ActualJusticeWarrior,4.7251554194487815,61.6031746031746
@zeteo,@TimcastNews,4.725406966231057,61.61507936507936
@usefulidiots,@bennyjohnson,4.725742769249204,61.61904761904762
@aljazeeraenglish,@MichaelKnowles,4.72624446679623,61.63095238095239
@TheAtlantic,@RealAmericasVoice,4.726828141718673,61.65079365079366
@thegrayzone7996,@FreshFitMiami,4.726882105088249,61.6547619047619
@LegalAFMTN,@triggerpod,4.727108320433514,61.65873015873016
@Xanderhal,@dineshdsouza,4.727528971996026,61.670634920634924
@RonPlacone,@DrSteveTurleyTV,4.728655964522918,61.6904761904762
@LegalEagle,@TheOfficerTatum,4.729819932591808,61.70634920634921
@JamarlThomas,@BlazeTV,4.730694439898683,61.72222222222222
@Politicon,@NewsmaxTV,4.73093417358681,61.72619047619048
@TheHumanistReport,@bennyjohnson,4.731236222956683,61.730158730158735
@MeidasTouch,@theisabelbrown,4.731608570766339,61.73412698412698
@TheHumanistReport,@RobertGouveiaEsq,4.731878984602891,61.75000000000001
@MeidasTouch,@bennyjohnson,4.732427233718756,61.757936507936506
@LeverNews,@MLChristiansen,4.733003002021641,61.78571428571429
@PoliticsGirl,@TheBrianKilmeadeShow,4.733659789385461,61.789682539682545
@StatusCoup,@BlackConservativePerspective,4.734359789397749,61.79365079365079
@SecularTalk,@MegynKelly,4.735754702171366,61.82936507936508
@aljazeeraenglish,@RileyGaines,4.73591948325208,61.83333333333333
@PoliticsGirl,@nationalreview,4.7367303269268275,61.86507936507937
@RonPlacone,@Tim_Black,4.737386034598901,61.88492063492064
https://rumble.com/c/GGreenwald,@RobertGouveiaEsq,4.737776483543233,61.89285714285714
@Politicon,@DrSteveTurleyTV,4.7381478385749185,61.91269841269841
@HasanAbi,@ActualJusticeWarrior,4.738265767950687,61.916666666666664
@adammockler,@BlackConservativePerspective,4.738593840886212,61.92460317460318
@CNN,@The_Crucible,4.740110955573755,61.93650793650794
@SabbySabs,@ColemanHughesOfficial,4.740277230921054,61.94047619047619
@SecularTalk,@theisabelbrown,4.740523153527277,61.94444444444444
@RestPoliticsUS,@TimcastIRL,4.740576283469247,61.9484126984127
@OwenReport,@nationalreview,4.741981318606732,61.98412698412699
@RebelHQ,@TimcastIRL,4.742588410013072,61.99206349206349
@TheDailyBeast,@FreshFitMiami,4.742940589637424,62.00396825396825
@DueDissidence,https://rumble.com/c/russellbrand,4.743407086804172,62.01190476190476
@deanwithrs,@SydneyWatson,4.74346485140709,62.01984126984127
@Vaush,@lonerboxlive,4.74355909928414,62.023809523809526
@thegrayzone7996,@LiberalHivemind,4.743583590000232,62.02777777777778
@UnHerd,@winston_marshall,4.743762459544844,62.035714285714285
@FarronBalanced,@newdiscourses,4.744305444006496,62.04761904761905
@TheLincolnProject,@SydneyWatson,4.745272556843727,62.05952380952381
@underthedesknews,@ActualJusticeWarrior,4.745459940819174,62.06746031746032
@thegrayzone7996,@The_Crucible,4.745813666461767,62.07539682539682
@DemocracyDocket,@The_Crucible,4.747205570530725,62.10317460317461
@harryjsisson,@lonerboxlive,4.747483794294664,62.11507936507936
@harryjsisson,@BlazeTV,4.747718253061974,62.13095238095237
@usefulidiots,@SydneyWatson,4.748759272287659,62.1547619047619
@DemocracyNow,@BenShapiro,4.749856334026696,62.16666666666667
@StatusCoup,@Styxhexenhammer666,4.750093726467885,62.182539682539684
@JamarlThomas,@TheBrianKilmeadeShow,4.75106384493902,62.21825396825397
@JamarlThomas,@AndrewKlavan,4.751466645520051,62.22619047619048
@JamarlThomas,@Timcast,4.75183743237998,62.23412698412698
@aljazeeraenglish,@fightbackpodcast,4.752141045900249,62.238095238095234
@thegrayzone7996,@HangOutwithSeanHannity,4.753476379421422,62.27380952380952
@fastpoliticspodcast,@ZubyMusic,4.754148163770254,62.28174603174603
@breakingpoints,@theisabelbrown,4.754299469729697,62.28571428571429
@PiscoLitty,@StevenCrowder,4.754866495007487,62.29365079365079
@TheDamageReport,@PragerU,4.7556976001896425,62.31349206349206
@dollemore,https://rumble.com/c/russellbrand,4.7557522564389965,62.32142857142857
https://rumble.com/c/GGreenwald,@The_Crucible,4.75585719448118,62.32936507936508
@SecularTalk,@MattWalsh,4.757056391929843,62.345238095238095
@PiscoLitty,@MichaelMaliceofficial,4.758293942941275,62.36507936507937
@NPR,@SaltyCracker,4.75874245572874,62.38492063492064
@RestPoliticsUS,@MichaelMaliceofficial,4.759436769873768,62.39285714285714
@thegrayzone7996,@TheAdamCarollaShow1,4.7600905911345635,62.416666666666664
@marclamonthillnetwork,@ColemanHughesOfficial,4.760182244577213,62.420634920634924
@SkyNews,@AfterPartyEmily,4.760567422172117,62.43253968253968
@MeidasTouch,@Styxhexenhammer666,4.760974304170514,62.44444444444445
@aljazeeraenglish,@CamHigby,4.7616987344611195,62.46031746031746
@TheDailyBeast,@ChadPrather1,4.761885573245073,62.464285714285715
@msnow,@clayandbuck,4.761977385626324,62.476190476190474
@msnow,@MrTariqNasheed,4.762071939182417,62.48015873015873
@ponderingpolitics,@newdiscourses,4.762577975525344,62.49206349206349
@marclamonthillnetwork,@TheOfficerTatum,4.762599239235464,62.49603174603175
@NPR,@RedactedNews,4.763250312955779,62.50396825396825
@LegalAFMTN,@TheBrianKilmeadeShow,4.763406378958422,62.51190476190476
@ponderingpolitics,@MyronGainesX,4.763935069482165,62.51984126984127
@deanwithrs,@MegynKelly,4.764444472589295,62.535714285714285
@TheLincolnProject,@nationalreview,4.7649638361356175,62.55555555555555
@RestPoliticsUS,@PartOfTheProblem,4.76507041251718,62.55952380952381
@ponderingpolitics,@Timcast,4.765111644867566,62.56349206349206
@LeverNews,@RealDanBongino,4.765768637767152,62.58730158730159
@DoubleDownNews,@RileyGaines,4.766145883952299,62.591269841269835
@BadEmpanadaLive,@PragerU,4.766950241750545,62.60317460317461
@usefulidiots,@PragerU,4.768892402730916,62.63095238095238
@NYTPodcasts,@RealAlexClark,4.76889540405132,62.63492063492063
@lovettorleaveitpodcast,@bbrettcooper,4.770378150968517,62.67857142857143
@DemocracyNow,@RealDanBongino,4.7713109758053385,62.69047619047618
@SabbySabs,@lonerboxlive,4.771565306513189,62.702380952380956
@briantylercohen,@lizwheeler,4.771635556095203,62.70634920634921
@adammockler,@VivaFrei,4.771759158195707,62.710317460317455
@DemocracyNow,@morebridgetphetasy,4.771900287855226,62.71825396825397
@cafedotcom,@ZubyMusic,4.772384271834438,62.73015873015873
@RonPlacone,@BlazeTV,4.772536694359583,62.73809523809524
@TheMichaelCohenShow,@bennyjohnson,4.772763087867767,62.74603174603175
@harryjsisson,@Styxhexenhammer666,4.772876474667401,62.75396825396825
@UnHerd,@Timcast,4.773595341847129,62.76587301587302
@EzraKleinShow,@TimcastNews,4.774053807065746,62.78174603174603
@TheMajorityReport,@TimcastIRL,4.774692942225785,62.79365079365079
@TheDailyBeast,@GrahamAllen,4.77671973571563,62.82936507936508
@underthedesknews,@nationalreview,4.776759388289283,62.83333333333333
@DylanBurnsLIVE,https://rumble.com/c/TheAlexJonesShowLive,4.77710762302,62.84126984126984
@katiephangnews,@chicksonright,4.778026642374581,62.861111111111114
@thegrayzone7996,@marklevinshow,4.778160064881617,62.86507936507937
@TheDailyBeast,@RubinReport,4.778315997109864,62.86904761904763
@DemocracyNow,@RealAlexClark,4.7792452086448085,62.89285714285714
@samharrisorg,@VivaFrei,4.780465835181858,62.908730158730165
@SkyNews,@TheQuartering,4.781206593954933,62.916666666666664
@DoubleDownNews,@TheBrianKilmeadeShow,4.782469000745802,62.93650793650794
@SecularTalk,@dineshdsouza,4.782630488500833,62.94047619047619
@podsaveamerica,@nationalreview,4.782673532701726,62.94444444444445
@thegrayzone7996,@SydneyWatson,4.782739299876102,62.9484126984127
@thomhartmann,@RealAlexClark,4.7832544151056196,62.95238095238095
@lovettorleaveitpodcast,@DrSteveTurleyTV,4.783350074037864,62.9563492063492
@harryjsisson,@ZubyMusic,4.783363795058405,62.96031746031746
@ajplus,@FreshFitMiami,4.7849132525867955,62.98412698412699
@SecularTalk,@TheAmalaEkpunobi,4.785180760602918,62.98809523809524
@OwenJonesTalks,@nationalreview,4.785415692825651,62.99603174603175
@TheAtlantic,@BlazeTV,4.786370786277794,63.00793650793651
@CNN,@TheAmalaEkpunobi,4.786674175020865,63.01984126984127
@LukeBeasley,https://rumble.com/c/nickjfuentes,4.786763453402921,63.027777777777786
@ponderingpolitics,@FoxNews,4.7870330110643815,63.035714285714285
@Vox,@fightbackpodcast,4.7878552409431,63.0515873015873
@rolandsmartin,@turningpointusa,4.788264841382331,63.06746031746032
@LeverNews,@ChadPrather1,4.7883530250932695,63.07142857142857
@franifio,@BlazeTV,4.788656366638212,63.07539682539682
@nytimes,@VivaFrei,4.788878647968496,63.07936507936508
@SMN,@ActualJusticeWarrior,4.789076496736673,63.083333333333336
@NovaraMedia,@NewsmaxTV,4.789088281443706,63.08730158730159
@fastpoliticspodcast,@X22Report-y5y,4.789526568233716,63.091269841269835
@TheDailyBeast,@fightbackpodcast,4.789682541578181,63.09920634920635
@JamarlThomas,@MichaelMaliceofficial,4.792455484484337,63.150793650793645
@chriscuomo,@DrSteveTurleyTV,4.792764483504908,63.16269841269842
@DemocracyNow,@marklevinshow,4.793365141293203,63.17063492063492
@briantylercohen,@AlexStein99,4.793902978287137,63.182539682539684
@aljazeeraenglish,@clayandbuck,4.793938187726074,63.186507936507944
@JackCocchiarellaShow,@turningpointusa,4.793998983609974,63.19047619047618
@GlennKirschner2,@TimcastNews,4.794036678189743,63.19444444444444
@SabbySabs,@OfficialSaharTV,4.794048469489674,63.198412698412696
@MeidasTouch,@HangOutwithSeanHannity,4.794301461165799,63.20634920634921
@DemocracyNow,https://rumble.com/c/nickjfuentes,4.794486521559026,63.210317460317455
@msnow,@LiberalHivemind,4.794914419648348,63.21825396825397
@JackCocchiarellaShow,@FoxNews,4.795220811559738,63.23015873015873
@TheYoungTurks,@nationalreview,4.795366012074088,63.23809523809524
@DylanBurnsLIVE,@PragerU,4.795683679445419,63.24603174603175
@franifio,@RobertGouveiaEsq,4.79608811897525,63.24999999999999
@DemocracyDocket,@Timcast,4.796564203014451,63.261904761904766
@SecularTalk,@RufoandLomez,4.797369086342312,63.27380952380952
@MeidasTouch,@VivaFrei,4.797781582871162,63.28174603174603
@GeopoliticalEconomyReport,@chicksonright,4.79801038734292,63.297619047619044
@franifio,@FoxNews,4.798060386409301,63.301587301587304
@destiny,@DrSteveTurleyTV,4.799483943862594,63.32539682539683
@TheMajorityReport,@DrSteveTurleyTV,4.799653652944387,63.34126984126984
@HasanAbi,@PragerU,4.799983816587286,63.3452380952381
@TheLincolnProject,@VivaFrei,4.800230062264925,63.3531746031746
@GeopoliticalEconomyReport,@OfficialSaharTV,4.800387769435975,63.357142857142854
@NPR,@MyronGainesX,4.8004645518824125,63.361111111111114
@MeidasTouch,@TomiLahrenIsFearless,4.800645373954423,63.37301587301587
@DueDissidence,@X22Report-y5y,4.800931809758677,63.38095238095238
@ponderingpolitics,@JustPearlyThings,4.801806451064427,63.40079365079365
@SabbySabs,@bbrettcooper,4.8027632776323115,63.42460317460318
@PoliticsJOE,@newdiscourses,4.803573915487785,63.4484126984127
@SecularTalk,@X22Report-y5y,4.803945561470521,63.4563492063492
@lovettorleaveitpodcast,@TheAmalaEkpunobi,4.804586331929474,63.464285714285715
@RebelHQ,@bennyjohnson,4.805058011972121,63.480158730158735
@fastpoliticspodcast,@TheBrianKilmeadeShow,4.805228103895764,63.48809523809524
@EzraKleinShow,@ActualJusticeWarrior,4.805372562513089,63.49206349206349
@aljazeeraenglish,@BenShapiro,4.805494805636137,63.5
@adammockler,@MegynKelly,4.805678117773514,63.51190476190476
@harryjsisson,@MattWalsh,4.806253746879039,63.535714285714285
@NPR,@JesseKellyDC,4.807918944702111,63.591269841269835
@NPR,@lizwheeler,4.807921211490161,63.595238095238095
@aljazeeraenglish,@theisabelbrown,4.808818611774981,63.61507936507936
@HasanAbi,@MLChristiansen,4.809873229849481,63.62301587301587
@msnow,@morebridgetphetasy,4.8100143718328745,63.626984126984134
@destiny,@NewsmaxTV,4.810134087301259,63.63095238095238
@SecularTalk,@ActualJusticeWarrior,4.810299713490531,63.63492063492063
https://rumble.com/c/GGreenwald,https://rumble.com/c/BannonsWarRoom,4.811062182977898,63.66666666666667
@PiscoLitty,@Tim_Black,4.812476151051599,63.67460317460317
@thegrayzone7996,@TimcastNews,4.8129009357719195,63.682539682539684
@TheDailyBeast,@JustPearlyThings,4.813179030802253,63.686507936507944
@SkyNews,@VivaFrei,4.813402367012624,63.69047619047619
@TheDailyBeast,@Tim_Black,4.813516780355049,63.69444444444444
@marclamonthillnetwork,@ZubyMusic,4.813908412719044,63.70634920634921
@briantylercohen,@BlackConservativePerspective,4.814151139708793,63.710317460317455
@aljazeeraenglish,@nypost,4.8148920910341975,63.73412698412698
@TheDamageReport,@TheBrianKilmeadeShow,4.815397751629369,63.74603174603175
@lovettorleaveitpodcast,@ThePodcastoftheLotusEaters,4.815417039818759,63.75396825396825
@DemocracyDocket,@TimcastNews,4.815679540063001,63.761904761904766
@NPR,https://rumble.com/c/TheAlexJonesShowLive,4.817332207752044,63.78571428571429
@DoubleDownNews,@theisabelbrown,4.817553855111924,63.78968253968254
@LukeBeasley,@BlackConservativePerspective,4.817651572335625,63.79365079365079
@MeidasTouch,@PragerU,4.817764622269414,63.79761904761905
@JamarlThomas,@TheAmalaEkpunobi,4.8178025950649985,63.80555555555556
@franifio,@MegynKelly,4.818496133258944,63.82142857142858
@briantylercohen,@JillianMichaels,4.8187686672946,63.829365079365076
@ponderingpolitics,@dineshdsouza,4.818855101933127,63.83333333333333
@DoubleDownNews,@LiberalHivemind,4.819925023991871,63.84126984126984
@destiny,@VivaFrei,4.8200797099750705,63.8452380952381
@harryjsisson,@oann,4.822283168335903,63.88492063492064
@samharrisorg,@TimcastNews,4.823827900127582,63.90476190476191
@thedavidpakmanshow,@PragerU,4.82474067295253,63.92460317460318
@ponderingpolitics,@DarkHorsePod,4.825013490668517,63.93650793650794
@BadEmpanadaLive,@VivaFrei,4.825532972886486,63.94444444444445
@BadFaithPodcast,@HangOutwithSeanHannity,4.82612162190558,63.9563492063492
@fastpoliticspodcast,@nationalreview,4.8275165941385705,63.980158730158735
@Vox,@HangOutwithSeanHannity,4.828005379849294,64.0079365079365
@LeejaMiller,@FoxNews,4.828018550816268,64.01190476190476
@harryjsisson,@JesseKellyDC,4.828295235488212,64.01984126984127
@jimacosta,https://rumble.com/c/BannonsWarRoom,4.828466402937804,64.02380952380953
@aljazeeraenglish,https://rumble.com/c/nickjfuentes,4.828902326854577,64.03571428571428
@DemocracyNow,@CamHigby,4.828902512934739,64.03968253968254
@TheDamageReport,@SydneyWatson,4.829366391156694,64.05952380952381
@UnHerd,@marklevinshow,4.8299331215428785,64.07539682539682
@NPR,@AlexStein99,4.830035518184976,64.07936507936508
@LeejaMiller,@MegynKelly,4.830367044771981,64.0873015873016
@RonPlacone,@ThePodcastoftheLotusEaters,4.830519638575296,64.09126984126983
@breakingpoints,@LiberalHivemind,4.830700910365373,64.09920634920636
@podsaveamerica,@BlackConservativePerspective,4.831792493360584,64.13095238095238
@LukeBeasley,@TheQuartering,4.831894721269449,64.13492063492063
@Vox,@winston_marshall,4.832252773676621,64.1468253968254
@StatusCoup,@StevenCrowder,4.832405090933946,64.15079365079364
@franifio,@TheQuartering,4.832739363903052,64.15873015873017
@aljazeeraenglish,@TimcastNews,4.833071693743579,64.16666666666667
@msnow,@oann,4.83371054400953,64.17460317460318
@DemocracyNow,@triggerpod,4.833713891050178,64.17857142857143
@TheDailyBeast,@winston_marshall,4.834178026700958,64.18650793650794
@aljazeeraenglish,@MLChristiansen,4.8347913603907084,64.19444444444444
@briantylercohen,@ActualJusticeWarrior,4.835813250320553,64.22222222222223
@thegrayzone7996,@AndrewKlavan,4.835864504047965,64.22619047619048
@briantylercohen,@oann,4.836227445504966,64.23412698412699
@Xanderhal,@bennyjohnson,4.8372423485281955,64.2579365079365
@harryjsisson,@MarkDice,4.837576975619961,64.26190476190476
@EzraKleinShow,@RealAlexClark,4.837742911247318,64.26587301587303
@SecularTalk,@marklevinshow,4.838013753223851,64.27380952380952
@NPR,@BenShapiro,4.838551595342337,64.28174603174604
@ajplus,@PartOfTheProblem,4.839108475964833,64.2936507936508
@DemocracyNow,@X22Report-y5y,4.841101830629573,64.33333333333333
@BadFaithPodcast,https://rumble.com/c/BannonsWarRoom,4.841347260553614,64.33730158730158
@StatusCoup,@FreshFitMiami,4.84233387245646,64.34920634920634
@DoubleDownNews,@AndrewKlavan,4.843254312636066,64.36111111111111
@zeteo,@The_Crucible,4.843945771114321,64.38095238095238
@SecularTalk,@StevenCrowder,4.844069729647913,64.38888888888889
@breakingpoints,@glennbeck,4.844171366692527,64.39285714285714
@DylanBurnsLIVE,@MattWalsh,4.844873380388888,64.40476190476191
@lovettorleaveitpodcast,@RebelNewsOnline,4.84502993460236,64.4126984126984
@jimacosta,@nationalreview,4.846416938004814,64.42857142857143
@bulwarkmedia,@lonerboxlive,4.84643928822341,64.43253968253968
@PoliticsGirl,@RedactedNews,4.846896123692806,64.46031746031747
@TheDamageReport,@X22Report-y5y,4.847065723121522,64.46825396825396
@PTLRadioShow,@RealAlexClark,4.848165282312073,64.47222222222221
@Vox,@MichaelKnowles,4.84860256042331,64.48015873015873
@thegrayzone7996,@OfficialSaharTV,4.849358229991495,64.5
@LeverNews,@JesseKellyDC,4.8498637335212615,64.51587301587301
@LeverNews,@NewsmaxTV,4.850732233780446,64.53571428571429
@thomhartmann,@SydneyWatson,4.8508086415348055,64.53968253968254
@LegalAFMTN,@FleccasTalks,4.851097505133103,64.5515873015873
@PoliticsJOE,@PartOfTheProblem,4.851300914679231,64.56349206349206
@nytimes,@X22Report-y5y,4.851367876771255,64.57539682539682
@EzraKleinShow,@VivaFrei,4.8514564151909125,64.57936507936508
@LegalEagle,@FoxNews,4.852231132885347,64.58730158730158
@thedavidpakmanshow,@BlazeTV,4.853099583008533,64.59920634920636
@usefulidiots,@ColemanHughesOfficial,4.853691878594451,64.60714285714285
@thegrayzone7996,@lonerboxlive,4.85378307788565,64.61111111111111
@ponderingpolitics,@winston_marshall,4.85415348267644,64.61904761904762
@zeteo,@DrSteveTurleyTV,4.854725946134208,64.62698412698413
@bulwarkmedia,https://rumble.com/c/russellbrand,4.854947253797638,64.63492063492063
@DueDissidence,@ColemanHughesOfficial,4.856293182793613,64.66269841269842
@CNN,@MegynKelly,4.8563120266984665,64.66666666666666
@thedavidpakmanshow,@ActualJusticeWarrior,4.856611919025943,64.67460317460318
@Politicon,@TimcastNews,4.856791919028472,64.67857142857143
@thomhartmann,@TheQuartering,4.857279913941968,64.69047619047619
@EzraKleinShow,@NewsmaxTV,4.85835778844173,64.71428571428571
@CNN,@TheAdamCarollaShow1,4.858439498119669,64.72222222222223
@harryjsisson,@HangOutwithSeanHannity,4.858902991408991,64.73809523809524
@podsaveamerica,@RealAlexClark,4.8591287369423375,64.74603174603175
@DoubleDownNews,@DarkHorsePod,4.860286768383846,64.76984126984127
@thedavidpakmanshow,@lonerboxlive,4.861187849230668,64.7936507936508
@TheAtlantic,@AfterPartyEmily,4.86156292692054,64.80555555555556
@SMN,@RobertGouveiaEsq,4.862342224784496,64.84126984126985
@StatusCoup,@AndrewKlavan,4.86251372097216,64.8452380952381
@lovettorleaveitpodcast,@MichaelMaliceofficial,4.862610553869488,64.84920634920634
@PoliticsGirl,@HangOutwithSeanHannity,4.862736301632909,64.85714285714286
@LegalAFMTN,@turningpointusa,4.864008520749294,64.88888888888889
@RebelHQ,@FoxNews,4.864702638862761,64.89682539682539
@ajplus,@dineshdsouza,4.866167330759876,64.92857142857143
@DylanBurnsLIVE,@TimcastNews,4.866278857068177,64.93253968253968
@msnow,@nypost,4.866436084598722,64.93650793650794
@MeidasTouch,@bbrettcooper,4.866666097543643,64.94047619047619
@RestPoliticsUS,@MLChristiansen,4.867165446148228,64.9484126984127
@SabbySabs,@LiberalHivemind,4.86743277804527,64.96031746031747
@SabbySabs,@glennbeck,4.868498785974899,64.97222222222221
@LegalEagle,@Timcast,4.868776149462597,64.98412698412699
@nousnetwork,@VivaFrei,4.869012818023984,64.99603174603175
@chriscuomo,@FoxNews,4.869198373926114,65.0
@PiscoLitty,@Timcast,4.872510212011663,65.03571428571429
@TheAtlantic,@X22Report-y5y,4.872779735584816,65.03968253968254
@PTLRadioShow,@TimcastIRL,4.87285161362738,65.0436507936508
@TheLincolnProject,@TheOfficerTatum,4.873935904833818,65.0515873015873
@thegrayzone7996,@MyronGainesX,4.874700292106619,65.06746031746032
@harryjsisson,@ChadPrather1,4.8750373561600195,65.07539682539682
@ajplus,@X22Report-y5y,4.875484329029515,65.07936507936508
@breakingpoints,@MichaelMaliceofficial,4.875670752646572,65.08333333333334
@RestPoliticsUS,@RobertGouveiaEsq,4.875911735155005,65.09126984126983
@BadEmpanadaLive,@turningpointusa,4.876422132920923,65.10317460317461
@RestPoliticsUS,@VivaFrei,4.876476294930899,65.10714285714285
@LukeBeasley,@MrTariqNasheed,4.876929446721858,65.11507936507937
@usefulidiots,@Tim_Black,4.877457179618232,65.13492063492063
@TheDamageReport,https://rumble.com/c/russellbrand,4.879318889867164,65.14682539682539
@SecularTalk,@AndrewKlavan,4.880016988622785,65.1547619047619
@PTLRadioShow,@nationalreview,4.880103798626321,65.15873015873017
@nousnetwork,@LiberalHivemind,4.880380786851727,65.17063492063492
@CNN,@ThePodcastoftheLotusEaters,4.880486004639114,65.17460317460318
@chriscuomo,@RealAlexClark,4.880673481502073,65.17857142857143
@nytimes,@newdiscourses,4.882049970031462,65.21825396825398
@aljazeeraenglish,@MyronGainesX,4.882946197547329,65.23015873015872
@RonPlacone,@newdiscourses,4.883411206801004,65.24603174603175
@DoubleDownNews,@X22Report-y5y,4.884326117219078,65.27380952380952
@JackCocchiarellaShow,@Timcast,4.88440496533874,65.28174603174604
@fastpoliticspodcast,@FreshFitMiami,4.885366064619208,65.3015873015873
@Forthepeoplepodcast305,@bennyjohnson,4.885984624563439,65.30555555555554
@Xanderhal,@nationalreview,4.886415010952991,65.30952380952381
@RestPoliticsUS,@newdiscourses,4.886465874596386,65.31349206349206
@Vox,@TheBrianKilmeadeShow,4.887417958274097,65.32142857142857
@aljazeeraenglish,@RedactedNews,4.887864066700744,65.33730158730158
@SabbySabs,@RebelNewsOnline,4.889063177326963,65.34920634920634
@JamarlThomas,@RealDanBongino,4.8891066548046265,65.35317460317461
@LeejaMiller,@newdiscourses,4.8891243910206255,65.36111111111111
@LeverNews,@FreshFitMiami,4.889200627081502,65.36904761904762
@DoubleDownNews,@FreshFitMiami,4.8895739120792445,65.38095238095238
@timesofindia,@TomiLahrenIsFearless,4.890229917804591,65.38888888888889
@PoliticsGirl,@oann,4.890243070953648,65.39285714285714
@DoubleDownNews,@TheQuartering,4.890319198541012,65.39682539682539
@OwenReport,@SydneyWatson,4.890466907433505,65.40476190476191
@HasanAbi,@NewsmaxTV,4.890688820113246,65.41666666666667
@DoubleDownNews,@SaltyCracker,4.891236483063975,65.44047619047619
@breakingpoints,@MarkDice,4.892738071842164,65.46825396825396
@cafedotcom,@RebelNewsOnline,4.892928785808808,65.47619047619048
@rolandsmartin,@ColemanHughesOfficial,4.893359318486397,65.48809523809524
@harryjsisson,@StevenCrowder,4.893875138694399,65.5
@NPR,@BlazeTV,4.895606351725564,65.52777777777777
@PoliticsGirl,@chicksonright,4.89676843193574,65.5515873015873
@usefulidiots,@TheQuartering,4.897178761256473,65.55952380952381
@PiscoLitty,@RedactedNews,4.898272140529399,65.58333333333334
@UnHerd,@PartOfTheProblem,4.898339982117218,65.58730158730158
@TheHumanistReport,@nationalreview,4.8984690157940625,65.59126984126983
@MikeFromPA,@RobertGouveiaEsq,4.900026103387127,65.61904761904762
@BadFaithPodcast,@NewsmaxTV,4.901044734665526,65.63492063492063
@PoliticsGirl,@triggerpod,4.903011594460819,65.68650793650794
@ponderingpolitics,@chicksonright,4.903653015593274,65.69444444444444
@SecularTalk,@bbrettcooper,4.903958254080355,65.7063492063492
@CNN,@ColemanHughesOfficial,4.904351737466703,65.71825396825398
@TheHumanistReport,@TimcastNews,4.906792969565544,65.75
@TheDailyBeast,@TomiLahrenIsFearless,4.906922255689295,65.7579365079365
@TheSerfTimes,@newdiscourses,4.906964812361733,65.76190476190476
@katiephangnews,@RubinReport,4.907136954139315,65.76587301587301
@franifio,@lonerboxlive,4.907140765027272,65.76984126984127
@ponderingpolitics,@RebelNewsOnline,4.907213539168877,65.77380952380952
@LukeBeasley,@ChadPrather1,4.908019042121275,65.77777777777779
@TheHumanistReport,@ActualJusticeWarrior,4.908270690974325,65.78968253968253
@fastpoliticspodcast,@VivaFrei,4.908567701707031,65.8015873015873
@DemocracyNow,@AndrewKlavan,4.909788372460184,65.80952380952381
@nytimes,https://rumble.com/c/nickjfuentes,4.909827335556529,65.81349206349206
@SkyNews,@marklevinshow,4.90993991144019,65.81746031746032
@LegalEagle,@TimcastIRL,4.910007306572806,65.82142857142857
@judgingfreedom,@TimcastIRL,4.9108568714424665,65.84920634920634
@DemocracyNow,@Styxhexenhammer666,4.910866289850275,65.85317460317461
@DemocracyNow,@lizwheeler,4.9109156106600365,65.85714285714286
@NPR,@RufoandLomez,4.911348196067977,65.86904761904762
@harryjsisson,@ActualJusticeWarrior,4.9117582919112825,65.87698412698413
@aljazeeraenglish,@Timcast,4.912150315953732,65.88095238095238
@LukeBeasley,@TimcastIRL,4.912891517780728,65.89682539682539
@fastpoliticspodcast,@ChadPrather1,4.9130818939906,65.90079365079366
@msnow,@RealDanBongino,4.913096705282193,65.9047619047619
@PoliticsGirl,@MarkDice,4.913115196021615,65.90873015873015
@MeidasTouch,@ThePodcastoftheLotusEaters,4.9142279528106,65.92857142857143
@UnHerd,@FoxNews,4.915685434061188,65.96031746031747
@ponderingpolitics,@RobertGouveiaEsq,4.915866841181458,65.96428571428572
@franifio,@AfterPartyEmily,4.915902865740219,65.96825396825396
@SecularTalk,https://rumble.com/c/russellbrand,4.916155990281073,65.97619047619048
@franifio,@SydneyWatson,4.916614499066038,65.98015873015873
@StatusCoup,@theisabelbrown,4.917092193412952,65.98809523809524
@LegalAFMTN,@bbrettcooper,4.917108730420274,65.9920634920635
@SkyNews,@SydneyWatson,4.91753856615901,66.00396825396825
@TheDailyBeast,@CamHigby,4.917550093467092,66.0079365079365
@Forthepeoplepodcast305,@nationalreview,4.917724349869531,66.01190476190476
@msnow,@Tim_Black,4.918250208471191,66.02777777777777
@timesofindia,@nypost,4.918270437079371,66.03174603174602
@LegalAFMTN,@ColemanHughesOfficial,4.918666472972969,66.03968253968254
@SecularTalk,@MichaelMaliceofficial,4.919254616254832,66.0515873015873
https://rumble.com/c/GGreenwald,@newdiscourses,4.920818617654506,66.07142857142857
@lovettorleaveitpodcast,@TheBrianKilmeadeShow,4.921417269961021,66.07936507936508
@harryjsisson,@TomiLahrenIsFearless,4.9218961723816985,66.08333333333334
@marclamonthillnetwork,@theisabelbrown,4.924041078946026,66.12698412698413
@MikeFromPA,@NewsmaxTV,4.925229389401371,66.14682539682539
@TheMichaelCohenShow,@nationalreview,4.925641436816537,66.15079365079364
@Vox,@RedactedNews,4.925647909469559,66.1547619047619
@BadFaithPodcast,@fightbackpodcast,4.927399559524745,66.18253968253968
@FarronBalanced,@NewsmaxTV,4.927893941646378,66.2063492063492
@msnow,@VivaFrei,4.928119303342774,66.21825396825398
@dollemore,@MattWalsh,4.928674177915476,66.23809523809524
@SecularTalk,@Tim_Black,4.928959801984758,66.26190476190476
@JackCocchiarellaShow,@bennyjohnson,4.929296368220339,66.27380952380952
@JamarlThomas,@FreshFitMiami,4.929816775851479,66.28174603174604
@DoubleDownNews,@clayandbuck,4.93048059713244,66.28968253968253
@cafedotcom,@JustPearlyThings,4.930810641453285,66.2936507936508
@ajplus,@AnthonyBrianLogan,4.932388506428939,66.32142857142857
@nousnetwork,@TimcastNews,4.932773308286408,66.33333333333333
https://rumble.com/c/GGreenwald,@ActualJusticeWarrior,4.933539608327833,66.34126984126985
@HasanAbi,@FleccasTalks,4.934506229168754,66.35714285714286
@msnow,@AlexStein99,4.934731032217686,66.36507936507937
@ajplus,@MyronGainesX,4.935252897804282,66.38095238095238
@NPR,@Styxhexenhammer666,4.9363915477283795,66.42460317460316
@Vox,@MarkDice,4.936718025623742,66.43650793650794
@thegrayzone7996,@MarkDice,4.936844744591975,66.44047619047619
@LeejaMiller,@MichaelMaliceofficial,4.936847794258051,66.44444444444444
@RestPoliticsUS,@lonerboxlive,4.936952367294553,66.4484126984127
@RonPlacone,@ColemanHughesOfficial,4.936963139355144,66.45238095238095
@briantylercohen,@SaltyCracker,4.937045795572543,66.46031746031747
@StatusCoup,@MattWalsh,4.937768150238883,66.46825396825396
@marclamonthillnetwork,@newdiscourses,4.938308796196552,66.47222222222223
@TheDamageReport,@bennyjohnson,4.938347066167584,66.47619047619048
@aljazeeraenglish,@JillianMichaels,4.938468413400056,66.48412698412697
@LukeBeasley,@DarkHorsePod,4.938552886265669,66.48809523809524
@JamarlThomas,https://rumble.com/c/TheAlexJonesShowLive,4.93889301924683,66.4920634920635
@underthedesknews,@TimcastNews,4.939745400153379,66.51190476190476
@PiscoLitty,@TheAmalaEkpunobi,4.940259022305906,66.51984126984128
@Vaush,@PragerU,4.9405512385293004,66.53174603174602
@SkyNews,@TheOfficerTatum,4.941046464407468,66.54365079365078
@podsaveamerica,@TimcastIRL,4.941727278533389,66.55555555555556
@harryjsisson,@clayandbuck,4.942045807143692,66.55952380952381
@UnHerd,@TheAdamCarollaShow1,4.942635406405612,66.57142857142857
@GlennKirschner2,@TheQuartering,4.944599644520725,66.61904761904762
@DemocracyNow,@ZubyMusic,4.944669774790746,66.62301587301587
@franifio,@DrSteveTurleyTV,4.945343183596002,66.62698412698413
@thegrayzone7996,@ZubyMusic,4.946505653123124,66.63888888888889
@rolandsmartin,@DrSteveTurleyTV,4.946602033722722,66.64285714285715
@TheYoungTurks,@NewsmaxTV,4.946894409495751,66.65079365079364
@SecularTalk,@ColemanHughesOfficial,4.947150857183961,66.65873015873017
@jimacosta,@lizwheeler,4.947196251449668,66.66666666666666
@nytimes,@DrSteveTurleyTV,4.947841416783098,66.67460317460318
@StatusCoup,@NewsmaxTV,4.948092053291353,66.67857142857143
@BreakThroughNews,@ActualJusticeWarrior,4.948175363485769,66.68253968253968
@msnow,@MichaelMaliceofficial,4.948764697593222,66.69047619047619
@TheDailyBeast,@PragerU,4.9487805846243615,66.69444444444444
@NPR,@ZubyMusic,4.948961928493113,66.6984126984127
@TheSerfTimes,@nationalreview,4.951485827075907,66.73809523809524
@JamarlThomas,@TheOfficerTatum,4.951947246305993,66.75
@nousnetwork,@lonerboxlive,4.952207858386536,66.75396825396825
@ponderingpolitics,@TheQuartering,4.952521755341096,66.76587301587301
@aljazeeraenglish,@OfficialSaharTV,4.953082472668919,66.78174603174604
@NYTPodcasts,@TheOfficerTatum,4.953267085227127,66.78571428571428
@ponderingpolitics,@GrahamAllen,4.953459214551591,66.7936507936508
@TheLincolnProject,@AfterPartyEmily,4.95402057056204,66.79761904761905
@briantylercohen,@NewsmaxTV,4.95420758736741,66.80555555555556
@Vox,@Tim_Black,4.954690296375647,66.81746031746032
@DoubleDownNews,@XAVIAER,4.955413004653464,66.83333333333333
@TheRealTabithaSpeaks,@dineshdsouza,4.9563562832069525,66.86111111111111
@SabbySabs,@BlackConservativePerspective,4.9565036255569614,66.86507936507937
@katiephangnews,@TheAdamCarollaShow1,4.956576367977342,66.86904761904762
@chriscuomo,@lonerboxlive,4.957438130307689,66.89285714285714
@franifio,@TheOfficerTatum,4.9574787822511714,66.89682539682539
@franifio,@MichaelMaliceofficial,4.95770354442953,66.90873015873015
@Vox,@JesseKellyDC,4.957737405021459,66.91269841269842
@JackCocchiarellaShow,@TheQuartering,4.957739314787339,66.91666666666667
@msnow,@MegynKelly,4.959151257140834,66.94047619047619
@podsaveamerica,@NewsmaxTV,4.959238843379877,66.94444444444444
https://rumble.com/c/GGreenwald,@TimcastIRL,4.959818130988357,66.9563492063492
@HasanAbi,@turningpointusa,4.959875072286323,66.96428571428571
@usefulidiots,@DrSteveTurleyTV,4.96017001649861,66.96825396825396
@StatusCoup,https://rumble.com/c/russellbrand,4.960205000527683,66.97222222222223
@PoliticsGirl,@TheAdamCarollaShow1,4.96151416602907,66.98809523809524
@PoliticsGirl,https://rumble.com/c/russellbrand,4.961515313947803,66.9920634920635
@zeteo,@TimcastIRL,4.962137301037495,67.00396825396825
@msnow,@OfficialSaharTV,4.962421105384745,67.01190476190476
@DemocracyNow,@RobertGouveiaEsq,4.962449886535833,67.01984126984128
@UnHerd,@The_Crucible,4.96316621574136,67.02777777777777
@timesofindia,@winston_marshall,4.964015943658727,67.03174603174602
@LegalAFMTN,@MattWalsh,4.964060241593406,67.03571428571429
@bulwarkmedia,@FoxNews,4.964941312665113,67.0515873015873
@dollemore,@newdiscourses,4.967073424612926,67.0952380952381
@harryjsisson,@PragerU,4.967725801949914,67.11111111111111
@dollemore,@FleccasTalks,4.967730225667082,67.11507936507937
@BadEmpanadaLive,@MegynKelly,4.967735759597311,67.11904761904762
@TheAtlantic,@ActualJusticeWarrior,4.969591397281791,67.14285714285714
@ajplus,@nypost,4.969749891096307,67.15079365079364
@thegrayzone7996,@triggerpod,4.970407476389099,67.15873015873017
@LegalAFMTN,@AfterPartyEmily,4.970982520924167,67.17063492063492
@Vox,@NewsmaxTV,4.971479193502043,67.17857142857143
@PoliticsGirl,@RealAmericasVoice,4.971693214608264,67.18253968253968
@therationalnational,@nationalreview,4.972357321870649,67.1984126984127
@TheDamageReport,@ColemanHughesOfficial,4.972637392023599,67.2063492063492
@UnHerd,@AnthonyBrianLogan,4.972906626157149,67.21031746031746
@Vaush,@turningpointusa,4.972956611841253,67.21428571428572
@briantylercohen,@FreshFitMiami,4.974391783167767,67.23809523809524
@PoliticsGirl,@turningpointusa,4.974483590307244,67.2420634920635
@msnow,@DarkHorsePod,4.974888656653801,67.25396825396825
@Xanderhal,@turningpointusa,4.974956078820088,67.2579365079365
@TheAtlantic,@TimcastNews,4.975429699165637,67.26587301587301
@SecularTalk,@RealAlexClark,4.97695843657938,67.28571428571428
@rolandsmartin,@ActualJusticeWarrior,4.978604341639691,67.3015873015873
@RebelHQ,@turningpointusa,4.9790565211326765,67.31349206349206
@DueDissidence,@bbrettcooper,4.979345130457939,67.31746031746032
@DropSiteNews,@TimcastIRL,4.9798933864766415,67.3373015873016
@thegrayzone7996,https://rumble.com/c/russellbrand,4.980112971507121,67.34523809523809
@EzraKleinShow,@DrSteveTurleyTV,4.980393665854037,67.34920634920634
@GeopoliticalEconomyReport,@FoxNews,4.981308865557068,67.36507936507937
@cafedotcom,@BenShapiro,4.981791492900869,67.37301587301587
@msnow,@GrahamAllen,4.982121687377508,67.38492063492063
@Vox,@OfficialSaharTV,4.9826022227832105,67.3968253968254
@OwenJonesTalks,@turningpointusa,4.983082535441758,67.40873015873015
@zeteo,@Timcast,4.983731730410628,67.42857142857143
@SabbySabs,@PragerU,4.9841540933630295,67.43650793650794
@franifio,@NewsmaxTV,4.9845572025497145,67.44047619047619
@timesofindia,https://rumble.com/c/TheAlexJonesShowLive,4.985211095660948,67.46031746031747
@deanwithrs,@FleccasTalks,4.985336319599289,67.46825396825396
@FarronBalanced,@MichaelMaliceofficial,4.986033177546003,67.47619047619048
@PoliticsGirl,@TomiLahrenIsFearless,4.986158137302572,67.48412698412697
@CNN,@newdiscourses,4.98659141772263,67.49603174603175
@harryjsisson,@theisabelbrown,4.986736768900553,67.50396825396825
@LeverNews,@VivaFrei,4.987466275090501,67.51190476190476
@TheLincolnProject,@TheQuartering,4.9876383931094495,67.52380952380952
@OwenJonesTalks,@BlackConservativePerspective,4.988103950782482,67.53571428571429
@msnow,@glennbeck,4.988660019827816,67.5515873015873
@jimacosta,@jlptalk,4.988840001733642,67.55555555555556
@Vaush,@BlazeTV,4.989231505660879,67.56746031746032
@lovettorleaveitpodcast,@MattWalsh,4.9900786928570575,67.57539682539682
@PoliticsGirl,https://rumble.com/c/nickjfuentes,4.990243201132971,67.58333333333333
@DoubleDownNews,@Tim_Black,4.991264171553547,67.6031746031746
@BadFaithPodcast,@X22Report-y5y,4.991735971758926,67.61111111111111
@Vox,@Styxhexenhammer666,4.991799210568403,67.61507936507937
@adammockler,@MichaelMaliceofficial,4.992110940672904,67.61904761904762
@fastpoliticspodcast,https://rumble.com/c/TheAlexJonesShowLive,4.993174687510445,67.63492063492063
@RonPlacone,@RobertGouveiaEsq,4.994283874887617,67.6626984126984
@msnow,@CamHigby,4.994457469653466,67.66666666666666
@CNN,@BlazeTV,4.9952453236564205,67.68253968253968
@bulwarkmedia,@TheOfficerTatum,4.995474073568317,67.69047619047619
@LeejaMiller,@RealAlexClark,4.995675124708343,67.70238095238095
@thomhartmann,@RobertGouveiaEsq,4.99649935179662,67.72222222222221
@RonPlacone,@CamHigby,4.997564538209021,67.73809523809524
@aljazeeraenglish,@Styxhexenhammer666,4.998372317130723,67.7579365079365
@bulwarkmedia,@TimcastNews,4.998568470600932,67.76190476190476
@DemocracyNow,@turningpointusa,4.999074358569374,67.76984126984127
@SabbySabs,@TheBrianKilmeadeShow,4.999185404535439,67.77380952380952
@thegrayzone7996,@TheBrianKilmeadeShow,4.999530213905984,67.78174603174602
@LegalEagle,@turningpointusa,4.999602274760066,67.78571428571428
@lovettorleaveitpodcast,@PartOfTheProblem,4.999884685319968,67.7936507936508
@ajplus,@DrSteveTurleyTV,4.999924228262292,67.79761904761905
@ajplus,@TimcastNews,5.000197949099285,67.80158730158729
@DylanBurnsLIVE,@Tim_Black,5.000746561041058,67.80555555555556
@LegalAFMTN,@RealAlexClark,5.000780597332104,67.80952380952381
@SabbySabs,@turningpointusa,5.00091474712242,67.81349206349206
@JamarlThomas,@RebelNewsOnline,5.001677813938828,67.83333333333333
@DylanBurnsLIVE,@SydneyWatson,5.002096419132101,67.84126984126985
@GeopoliticalEconomyReport,@XAVIAER,5.002520344402498,67.84523809523809
@deanwithrs,@turningpointusa,5.003505601180244,67.86507936507937
@ponderingpolitics,@DrSteveTurleyTV,5.004659516225962,67.88095238095238
@Forthepeoplepodcast305,@TimcastIRL,5.004668687582716,67.88492063492063
@deanwithrs,@AfterPartyEmily,5.005458607358033,67.90079365079366
@TheHumanistReport,@SydneyWatson,5.005538378518777,67.9047619047619
@Vox,@chicksonright,5.005734701734347,67.90873015873015
@nousnetwork,@TheOfficerTatum,5.006464284220157,67.92460317460318
@OwenReport,@RealAlexClark,5.0066372164457125,67.93650793650794
@breakingpoints,@bbrettcooper,5.006800380146458,67.94047619047619
@aljazeeraenglish,https://rumble.com/c/TheAlexJonesShowLive,5.007358786493406,67.9484126984127
@UnHerd,@RealAmericasVoice,5.007579491934493,67.95634920634922
@StatusCoup,@Tim_Black,5.007743726773414,67.96428571428571
@briantylercohen,@BenShapiro,5.008059721716441,67.97619047619048
@fastpoliticspodcast,@glennbeck,5.0082877526921745,67.98015873015873
@SabbySabs,@MarkDice,5.0084754325857235,67.98809523809524
@DoubleDownNews,@nypost,5.009507698806339,68.01190476190476
@aljazeeraenglish,@TheAdamCarollaShow1,5.009788522910259,68.01984126984128
@cafedotcom,@CamHigby,5.0099082346026345,68.02777777777777
@Vox,@SaltyCracker,5.0111107786271045,68.05952380952381
@thedavidpakmanshow,@nationalreview,5.01144923515558,68.06349206349206
@harryjsisson,@ThePodcastoftheLotusEaters,5.0117018236309985,68.06746031746032
@TheLincolnProject,@NewsmaxTV,5.011762872011668,68.07539682539682
@LeverNews,@TheAmalaEkpunobi,5.012459821760822,68.09920634920636
@marclamonthillnetwork,@StevenCrowder,5.012727260574273,68.1031746031746
@dollemore,@PartOfTheProblem,5.014941988891645,68.1388888888889
@breakingpoints,@ColemanHughesOfficial,5.01527496836882,68.14682539682539
@DemocracyDocket,@TimcastIRL,5.015678985009113,68.15476190476191
@nousnetwork,@DrSteveTurleyTV,5.0161350147909145,68.17063492063492
@Politicon,@Timcast,5.017176062508103,68.17460317460318
@TheMichaelCohenShow,@BlackConservativePerspective,5.0173038009338535,68.17857142857143
@jimacosta,@FoxNews,5.017830765685538,68.18650793650794
@adammockler,@AfterPartyEmily,5.017971360751287,68.19444444444444
@jimacosta,@DrSteveTurleyTV,5.017994060497502,68.1984126984127
@UnHerd,@ActualJusticeWarrior,5.018508714301521,68.21031746031746
@LukeBeasley,@winston_marshall,5.019120975779936,68.22619047619047
@StatusCoup,@triggerpod,5.02008330995654,68.2420634920635
@DylanBurnsLIVE,@TheQuartering,5.021086359196375,68.2579365079365
@breakingpoints,@turningpointusa,5.022254715533076,68.27777777777779
@briantylercohen,@RobertGouveiaEsq,5.023037423168687,68.29761904761905
@fastpoliticspodcast,@RedactedNews,5.023167632828409,68.30158730158729
@TheAtlantic,@MLChristiansen,5.023520151936921,68.30952380952381
@usefulidiots,@LiberalHivemind,5.0249614095824136,68.35714285714286
@HasanAbi,@BlazeTV,5.0253828989894975,68.36904761904762
@NPR,@StevenCrowder,5.02539553044314,68.37301587301587
@StatusCoup,@jlptalk,5.025599430788591,68.38095238095238
@PoliticsJOE,@bennyjohnson,5.025625884591741,68.38492063492063
@harryjsisson,@morebridgetphetasy,5.025680566633982,68.38888888888889
@BadFaithPodcast,@Tim_Black,5.025828208287838,68.39285714285714
@StatusCoup,@ThePodcastoftheLotusEaters,5.026009051025322,68.40079365079364
@msnow,@FreshFitMiami,5.026068608223279,68.4047619047619
@jimacosta,https://rumble.com/c/russellbrand,5.026706580077891,68.41666666666667
@HasanAbi,@MichaelMaliceofficial,5.027410543675521,68.43650793650794
@LegalEagle,@PragerU,5.0285762439916954,68.45634920634922
@LukeBeasley,@MichaelKnowles,5.029320259972123,68.46428571428571
@JackCocchiarellaShow,@newdiscourses,5.029815868081388,68.47619047619048
@marclamonthillnetwork,@ActualJusticeWarrior,5.030696577398084,68.49603174603175
@TheDailyBeast,@lizwheeler,5.030811343978183,68.5
@aljazeeraenglish,@LiberalHivemind,5.031025575618416,68.5079365079365
@GlennKirschner2,@NewsmaxTV,5.031104402894159,68.51190476190476
@bulwarkmedia,@TimcastIRL,5.031340029844863,68.51984126984128
@destiny,@FleccasTalks,5.03313297634604,68.53571428571429
@PTLRadioShow,@dineshdsouza,5.034521726586958,68.56349206349206
@aljazeeraenglish,@winston_marshall,5.035564168432614,68.57539682539682
@CNN,@X22Report-y5y,5.036005539727092,68.5952380952381
@nytimes,@dineshdsouza,5.036191789071795,68.59920634920636
@BreakThroughNews,@RobertGouveiaEsq,5.03640510225503,68.60714285714286
@ajplus,@The_Crucible,5.036939757945144,68.61507936507937
@LeverNews,@BlazeTV,5.037251291345457,68.62301587301587
@TheMichaelCohenShow,@RealAlexClark,5.038365019587943,68.6388888888889
@aljazeeraenglish,@ThePodcastoftheLotusEaters,5.039027820627904,68.65079365079364
@RebelHQ,@dineshdsouza,5.041032162428898,68.68253968253968
@TheLincolnProject,@Timcast,5.041312779200994,68.69444444444444
@aljazeeraenglish,@lizwheeler,5.042567776947932,68.72222222222221
@DueDissidence,@AfterPartyEmily,5.043844627970034,68.7579365079365
@BreakThroughNews,@PartOfTheProblem,5.044741009496041,68.77777777777779
@SabbySabs,@FleccasTalks,5.045079435916992,68.78571428571428
@PoliticsJOE,@dineshdsouza,5.045261350767802,68.80158730158729
@fastpoliticspodcast,@NewsmaxTV,5.0456275134694275,68.80555555555556
@rolandsmartin,@CashJordan,5.046511032448825,68.82142857142857
@LegalAFMTN,@Tim_Black,5.047072868832953,68.83333333333333
@LeverNews,@RebelNewsOnline,5.047935301603038,68.84126984126983
@UnHerd,@NewsmaxTV,5.048497068857455,68.86507936507937
@GeopoliticalEconomyReport,https://rumble.com/c/russellbrand,5.0502301336430255,68.89285714285714
@BadEmpanadaLive,@nationalreview,5.05062513526615,68.9047619047619
@katiephangnews,@dineshdsouza,5.051313033345823,68.90873015873015
@briantylercohen,@dineshdsouza,5.0517259993091495,68.91269841269842
@ponderingpolitics,@OfficialSaharTV,5.053362100174959,68.94047619047619
@fastpoliticspodcast,@PartOfTheProblem,5.05392983272513,68.95634920634922
@DylanBurnsLIVE,@X22Report-y5y,5.053934800001499,68.96031746031746
@PoliticsGirl,@FoxNews,5.055367983411643,68.98809523809524
@ponderingpolitics,@CamHigby,5.055902240309544,69.0079365079365
@GeopoliticalEconomyReport,@fightbackpodcast,5.056125023296288,69.01190476190476
@NYTPodcasts,@ActualJusticeWarrior,5.056149026345583,69.01587301587301
@TheRealTabithaSpeaks,@TheOfficerTatum,5.056415668574235,69.03571428571429
@TheHumanistReport,@TheQuartering,5.057313565304908,69.04761904761905
@fastpoliticspodcast,@OfficialSaharTV,5.058178407296617,69.06746031746032
@GeopoliticalEconomyReport,@MarkDice,5.058467288103492,69.07539682539682
@MeidasTouch,@triggerpod,5.058661826361662,69.07936507936509
@aljazeeraenglish,@PragerU,5.0598447836938645,69.10714285714286
@underthedesknews,@TheQuartering,5.060173851168283,69.11904761904762
@cafedotcom,@bbrettcooper,5.060427665996418,69.12698412698413
@LeejaMiller,@NewsmaxTV,5.0608917498929955,69.1388888888889
@breakingpoints,https://rumble.com/c/russellbrand,5.061495569543445,69.15079365079364
@GlennKirschner2,@nationalreview,5.0618298795261305,69.15476190476191
@TheAtlantic,@MichaelMaliceofficial,5.062669316710597,69.16666666666667
@RestPoliticsUS,@FoxNews,5.062822608399297,69.17063492063492
@TheDailyBeast,@clayandbuck,5.063126227594758,69.18650793650794
@DemocracyDocket,https://rumble.com/c/BannonsWarRoom,5.0631987994080605,69.19047619047619
@SecularTalk,@Styxhexenhammer666,5.063562113961314,69.2063492063492
@katiephangnews,@winston_marshall,5.064237047655789,69.21428571428572
@HasanAbi,@RobertGouveiaEsq,5.065875992271719,69.2420634920635
@destiny,@nationalreview,5.066305371549018,69.25
@TheDailyBeast,@ThePodcastoftheLotusEaters,5.067598465805876,69.26190476190476
@bulwarkmedia,@nationalreview,5.0684192014713165,69.28571428571428
@TheYoungTurks,@BlackConservativePerspective,5.069429826396382,69.31349206349206
@GeopoliticalEconomyReport,@ColemanHughesOfficial,5.069553219185321,69.31746031746032
@LukeBeasley,@theisabelbrown,5.0707128053278385,69.33333333333334
@msnow,@bbrettcooper,5.072618734877617,69.37301587301587
@BadEmpanadaLive,@MichaelMaliceofficial,5.073113710567264,69.38095238095238
@rolandsmartin,@RealAlexClark,5.073189170683609,69.38492063492063
@briantylercohen,https://rumble.com/c/russellbrand,5.073459261427067,69.39285714285714
@katiephangnews,@JustPearlyThings,5.073541505083225,69.3968253968254
@aljazeeraenglish,@TimcastIRL,5.074208492598746,69.41269841269842
@jimacosta,@ThePodcastoftheLotusEaters,5.07565327750355,69.43650793650794
@TheAtlantic,@DrSteveTurleyTV,5.075769994340414,69.44444444444444
@LeverNews,@Timcast,5.0772892717643865,69.46031746031746
@LeverNews,@MattWalsh,5.077621504733137,69.47222222222223
@Vaush,@nationalreview,5.07846571036705,69.48412698412699
@DoubleDownNews,@TheAmalaEkpunobi,5.080082163401762,69.51190476190476
@zeteo,@TheOfficerTatum,5.081947201140886,69.53571428571429
@SabbySabs,https://rumble.com/c/russellbrand,5.082020623530688,69.53968253968253
@lovettorleaveitpodcast,https://rumble.com/c/TheAlexJonesShowLive,5.082643680782426,69.55555555555556
@podsaveamerica,@SydneyWatson,5.083360163688565,69.56746031746032
@PiscoLitty,@MattWalsh,5.084089967315234,69.58730158730158
@LukeBeasley,@RebelNewsOnline,5.084354072014341,69.59920634920634
@GeopoliticalEconomyReport,@RufoandLomez,5.084523240084771,69.60714285714286
@briantylercohen,@RileyGaines,5.084586652631003,69.61111111111111
@nytimes,@The_Crucible,5.084800510856338,69.61904761904762
@TheDamageReport,@Tim_Black,5.085009545416918,69.62301587301587
@DylanBurnsLIVE,@RedactedNews,5.086111712704638,69.63888888888889
@katiephangnews,https://rumble.com/c/TheAlexJonesShowLive,5.086375775154391,69.64285714285714
@LeverNews,https://rumble.com/c/TheAlexJonesShowLive,5.086911786395214,69.65476190476191
@PoliticsGirl,@DrSteveTurleyTV,5.087720340547164,69.66666666666667
@briantylercohen,@AnthonyBrianLogan,5.087918902367212,69.67063492063492
@DemocracyDocket,@TheOfficerTatum,5.088254725059494,69.67857142857142
@chriscuomo,@VivaFrei,5.090070119763645,69.7063492063492
@RonPlacone,https://rumble.com/c/BannonsWarRoom,5.090276562736319,69.71031746031746
@LukeBeasley,@RedactedNews,5.090453701142254,69.72222222222221
https://rumble.com/c/GGreenwald,@TheQuartering,5.090574377920893,69.73015873015873
@DoubleDownNews,@RealDanBongino,5.092293869128444,69.75396825396825
@LukeBeasley,@MyronGainesX,5.092470195167469,69.76190476190476
@fastpoliticspodcast,@CamHigby,5.094967343038212,69.78968253968254
@ponderingpolitics,@RubinReport,5.095257484811847,69.7936507936508
@RonPlacone,@TheOfficerTatum,5.095349922803336,69.79761904761905
@moreperfectunion,@theisabelbrown,5.095541243817785,69.8015873015873
@GeopoliticalEconomyReport,@LiberalHivemind,5.095597959688476,69.80555555555556
@NYTPodcasts,@NewsmaxTV,5.095693988629277,69.81349206349206
@ponderingpolitics,@ZubyMusic,5.095756702064467,69.81746031746032
@LukeBeasley,@OfficialSaharTV,5.096664688627857,69.82936507936508
@aljazeeraenglish,@SydneyWatson,5.096883758764232,69.8373015873016
@ponderingpolitics,@nypost,5.097739593682292,69.84523809523809
@DoubleDownNews,@MLChristiansen,5.098058965398516,69.86111111111111
@timesofindia,@MichaelMaliceofficial,5.098677655515855,69.87698412698413
@samharrisorg,@TheOfficerTatum,5.098707569600441,69.88095238095238
@adammockler,@turningpointusa,5.09899871215382,69.9047619047619
@TheDailyBeast,@RebelNewsOnline,5.099931030076354,69.91269841269842
@RonPlacone,https://rumble.com/c/russellbrand,5.099938165268282,69.91666666666667
@PTLRadioShow,@BlackConservativePerspective,5.101662856283963,69.94047619047619
@briantylercohen,@PragerU,5.102709857531276,69.95634920634922
@jimacosta,@marklevinshow,5.1040132664351034,69.96428571428571
@podsaveamerica,@bennyjohnson,5.104440663536819,69.98015873015872
@thegrayzone7996,https://rumble.com/c/nickjfuentes,5.105157950756648,69.9920634920635
@CNN,@SydneyWatson,5.105369954018607,70.0
@PiscoLitty,@ThePodcastoftheLotusEaters,5.106366830395367,70.02777777777777
@moreperfectunion,@bbrettcooper,5.109942263020171,70.06349206349206
@TheDailyBeast,@MyronGainesX,5.110086642251467,70.06746031746032
@thewarningwithsteveschmidt,@bbrettcooper,5.110813295846133,70.09126984126985
@TheDamageReport,@LiberalHivemind,5.110873222412461,70.0952380952381
@DueDissidence,@Tim_Black,5.11144927311527,70.09920634920634
@DropSiteNews,@bennyjohnson,5.111594232414249,70.1031746031746
@SecularTalk,@AfterPartyEmily,5.111839079934578,70.10714285714286
@thedavidpakmanshow,@turningpointusa,5.112005263247101,70.11904761904762
@SecularTalk,@bennyjohnson,5.112295576303548,70.12698412698413
@RonPlacone,@StevenCrowder,5.112382601757823,70.13095238095238
@DoubleDownNews,@oann,5.112544900241884,70.13492063492063
@SecularTalk,@CashJordan,5.112653939574799,70.13888888888889
@aljazeeraenglish,@TheQuartering,5.113592638547733,70.15873015873015
@ajplus,https://rumble.com/c/nickjfuentes,5.113884108752657,70.16666666666667
@ajplus,@RealAmericasVoice,5.115369861001763,70.19047619047619
@therationalnational,@SydneyWatson,5.115631460857221,70.20238095238095
@samharrisorg,@Timcast,5.116902062145809,70.22619047619048
@NYTPodcasts,@TimcastIRL,5.117419508644217,70.23412698412699
@LeverNews,@ThePodcastoftheLotusEaters,5.117566299958547,70.2420634920635
@DoubleDownNews,@TheAdamCarollaShow1,5.118084118481325,70.24603174603175
@TheRealTabithaSpeaks,@TimcastNews,5.119104376763475,70.26984126984127
@timesofindia,@CashJordan,5.11911910396577,70.27380952380953
@PoliticsGirl,@Tim_Black,5.119362493899965,70.28174603174602
@PiscoLitty,@X22Report-y5y,5.120209111305856,70.28571428571428
@adammockler,@newdiscourses,5.120375983185103,70.28968253968254
@adammockler,@NewsmaxTV,5.1208134303254615,70.30555555555556
@TheDamageReport,@TheQuartering,5.121234646968263,70.31349206349206
@OwenJonesTalks,@FoxNews,5.123076382081354,70.32539682539682
@PoliticsGirl,@OfficialSaharTV,5.124133924838291,70.35714285714286
@CNN,@Timcast,5.12527817923194,70.38095238095238
@PoliticsJOE,@TimcastIRL,5.126689084445255,70.40873015873017
@MeidasTouch,@AfterPartyEmily,5.1268802377715215,70.41269841269842
@msnow,@SaltyCracker,5.1270897878292585,70.42063492063491
@NYTPodcasts,@Timcast,5.127205897203358,70.42460317460318
@chriscuomo,@Timcast,5.127328647735375,70.42857142857143
@ponderingpolitics,@JillianMichaels,5.127503055570536,70.43650793650794
@fastpoliticspodcast,@ActualJusticeWarrior,5.129298351188787,70.46031746031746
@SabbySabs,@newdiscourses,5.1301177662005815,70.47619047619048
@GeopoliticalEconomyReport,@MyronGainesX,5.130409426707851,70.48015873015872
@thedavidpakmanshow,@PartOfTheProblem,5.13114062609054,70.49603174603175
@JamarlThomas,@MattWalsh,5.131701757969535,70.5079365079365
@briantylercohen,@nypost,5.131819203421599,70.51190476190476
@TheSerfTimes,@FleccasTalks,5.131950643559269,70.51587301587303
@lovettorleaveitpodcast,@BlackConservativePerspective,5.132872638570736,70.53571428571429
@JackCocchiarellaShow,@TimcastIRL,5.133069613597298,70.53968253968253
@LeejaMiller,@lonerboxlive,5.133737298805322,70.54761904761905
@ajplus,@FoxNews,5.1337439484441,70.5515873015873
@thegrayzone7996,@TimcastIRL,5.133825371407701,70.55952380952381
@nousnetwork,@FoxNews,5.134477167508166,70.56349206349206
@GlennKirschner2,@Timcast,5.135461768479286,70.58333333333333
@DoubleDownNews,@RufoandLomez,5.135466370582826,70.58730158730158
@cafedotcom,@JesseKellyDC,5.135490253461282,70.59126984126985
@GeopoliticalEconomyReport,@winston_marshall,5.138158560107766,70.61507936507937
@ajplus,@TimcastIRL,5.139137808626749,70.63888888888889
@marclamonthillnetwork,@The_Crucible,5.140007739958096,70.65476190476191
@chriscuomo,@NewsmaxTV,5.140124139734449,70.6626984126984
@StatusCoup,@FleccasTalks,5.140374054587183,70.66666666666667
@briantylercohen,@lonerboxlive,5.140815940893851,70.68650793650794
@MeidasTouch,@X22Report-y5y,5.141611769971432,70.6984126984127
@GeopoliticalEconomyReport,@Styxhexenhammer666,5.141623687770885,70.70238095238095
@destiny,@AfterPartyEmily,5.141883091275289,70.7063492063492
@HasanAbi,@triggerpod,5.142457719725374,70.72222222222221
@thegrayzone7996,https://rumble.com/c/TheAlexJonesShowLive,5.143526022417141,70.73809523809523
@usefulidiots,@TimcastNews,5.1439321700134455,70.74603174603175
@LukeBeasley,@BenShapiro,5.144492222440393,70.75396825396825
@BadFaithPodcast,@MichaelKnowles,5.145392746421075,70.76984126984127
@DoubleDownNews,@StevenCrowder,5.145511875425823,70.77380952380953
@ponderingpolitics,@lonerboxlive,5.145547474289678,70.77777777777777
@UnHerd,@TheBrianKilmeadeShow,5.145715519934091,70.78174603174602
@cafedotcom,@nationalreview,5.145984261256728,70.78571428571429
@Vaush,@triggerpod,5.146619006084016,70.7936507936508
@aljazeeraenglish,@TheAmalaEkpunobi,5.1467144725433975,70.79761904761904
@briantylercohen,@OfficialSaharTV,5.147079050796404,70.8015873015873
@UnHerd,@triggerpod,5.147674175776986,70.82539682539682
@EzraKleinShow,@TimcastIRL,5.1484435458658435,70.83333333333334
@TheAtlantic,@MegynKelly,5.149087253694104,70.84126984126983
@aljazeeraenglish,@RufoandLomez,5.149416746267264,70.85317460317461
@DemocracyNow,@theisabelbrown,5.149504793197294,70.86111111111111
@LukeBeasley,@glennbeck,5.150071110696273,70.88095238095238
@Xanderhal,@MichaelMaliceofficial,5.150197058347205,70.88492063492063
@Vox,@TomiLahrenIsFearless,5.150484577232274,70.89285714285715
@LukeBeasley,@MattWalsh,5.152335930329086,70.9047619047619
@StatusCoup,@bennyjohnson,5.152524077619445,70.90873015873017
@UnHerd,@DarkHorsePod,5.153034926096631,70.91666666666666
@therationalnational,@bennyjohnson,5.153218495248754,70.92063492063491
@fastpoliticspodcast,@BlazeTV,5.153247358466026,70.92460317460318
@aljazeeraenglish,@turningpointusa,5.153621994776154,70.92857142857143
@GlennKirschner2,@TimcastIRL,5.153939239504113,70.93253968253968
@usefulidiots,@BlackConservativePerspective,5.155191230810652,70.9484126984127
@Politicon,@TheOfficerTatum,5.155383109856171,70.95238095238095
@LegalEagle,@DrSteveTurleyTV,5.156050763990471,70.96031746031746
@BreakThroughNews,@newdiscourses,5.156269543341654,70.96428571428571
@chriscuomo,@SydneyWatson,5.156655895299689,70.97222222222223
@harryjsisson,@MLChristiansen,5.156700874461716,70.97619047619048
@msnow,@jlptalk,5.159297409651059,71.01587301587303
@marclamonthillnetwork,@ThePodcastoftheLotusEaters,5.159637384098979,71.02777777777777
@TheDailyBeast,@SaltyCracker,5.159812653562875,71.03174603174604
@thegrayzone7996,@RedactedNews,5.1606155588956,71.0436507936508
@PoliticsGirl,@FreshFitMiami,5.161062756132505,71.0515873015873
@timesofindia,@oann,5.161393151518832,71.06349206349206
@MeidasTouch,@MegynKelly,5.161771911914409,71.06746031746032
@marclamonthillnetwork,@FoxNews,5.16237324832186,71.07142857142857
@LeverNews,https://rumble.com/c/nickjfuentes,5.162429199062136,71.07539682539684
@briantylercohen,@Timcast,5.162630059843013,71.07936507936508
@thegrayzone7996,@PartOfTheProblem,5.162891660531181,71.09126984126985
@DoubleDownNews,@RebelNewsOnline,5.1631487795451285,71.0952380952381
@DemocracyNow,@TheOfficerTatum,5.163351410803134,71.09920634920634
@LeverNews,@lizwheeler,5.164195922796287,71.11904761904762
@JamarlThomas,@lizwheeler,5.164491043226442,71.12301587301587
@samharrisorg,@TimcastIRL,5.165354255794542,71.13888888888889
@Politicon,@TimcastIRL,5.165662952577425,71.14285714285714
@HasanAbi,@newdiscourses,5.166524688006297,71.17063492063492
@BadFaithPodcast,@AnthonyBrianLogan,5.166628612927709,71.17857142857143
@harryjsisson,@BlackConservativePerspective,5.166693438667114,71.18253968253968
@briantylercohen,@CamHigby,5.167345907143857,71.19047619047619
@RonPlacone,@TheAmalaEkpunobi,5.167843975345997,71.20238095238095
@Vox,@DarkHorsePod,5.168101344879025,71.2063492063492
@aljazeeraenglish,@X22Report-y5y,5.168326135540891,71.21825396825396
@TheDailyBeast,https://rumble.com/c/TheAlexJonesShowLive,5.168646910760858,71.22619047619048
@NPR,https://rumble.com/c/russellbrand,5.169895710984458,71.24603174603175
@TheDailyBeast,@chicksonright,5.17038439941214,71.2579365079365
@nousnetwork,@TheQuartering,5.1708203579375045,71.26587301587301
@BadEmpanadaLive,@AfterPartyEmily,5.171197177663742,71.27380952380953
@briantylercohen,@MLChristiansen,5.1722869398611735,71.28571428571429
@DoubleDownNews,@bbrettcooper,5.173151845749564,71.2936507936508
@aljazeeraenglish,@TomiLahrenIsFearless,5.17458356885848,71.32539682539682
@thegrayzone7996,@glennbeck,5.174956332125155,71.33730158730158
@JamarlThomas,@marklevinshow,5.17573062401513,71.35317460317461
@RonPlacone,@RedactedNews,5.176350112322559,71.36507936507937
@JackCocchiarellaShow,@NewsmaxTV,5.176722691475847,71.36904761904762
@DropSiteNews,@SydneyWatson,5.177420465825719,71.37301587301587
@TheDailyBeast,@MarkDice,5.178485484140278,71.38492063492063
@StatusCoup,@bbrettcooper,5.179871403003051,71.39682539682539
@JackCocchiarellaShow,@nationalreview,5.181037208230465,71.41269841269842
@fastpoliticspodcast,https://rumble.com/c/nickjfuentes,5.181796832512723,71.41666666666666
@CNN,@TheQuartering,5.182157600856546,71.42063492063492
@DueDissidence,@CashJordan,5.1822777001927856,71.42460317460318
@JamarlThomas,https://rumble.com/c/nickjfuentes,5.182708791819134,71.44047619047619
@katiephangnews,@ChadPrather1,5.1827667701610025,71.44444444444444
@LeejaMiller,@TheOfficerTatum,5.183154681144269,71.46031746031746
@DoubleDownNews,@TomiLahrenIsFearless,5.183786812469138,71.47222222222223
@TheDamageReport,@FoxNews,5.184166359338549,71.48412698412699
@DoubleDownNews,@lonerboxlive,5.185793717154912,71.51587301587301
@HasanAbi,@nationalreview,5.187597727099498,71.54761904761905
@TheHumanistReport,@newdiscourses,5.187691649743089,71.5515873015873
@EzraKleinShow,@Timcast,5.1883279334414025,71.56746031746032
@bulwarkmedia,https://rumble.com/c/BannonsWarRoom,5.1900565245874,71.58333333333333
@BadFaithPodcast,@RubinReport,5.190075182090003,71.58730158730158
@harryjsisson,@TheBrianKilmeadeShow,5.190095265672403,71.59126984126985
@marclamonthillnetwork,@DrSteveTurleyTV,5.19009764596678,71.5952380952381
@briantylercohen,@StevenCrowder,5.190718181974188,71.61904761904762
@marclamonthillnetwork,@bbrettcooper,5.190966851247607,71.62698412698413
@CNN,@marklevinshow,5.191173090859115,71.63095238095238
@briantylercohen,@BlazeTV,5.191982987159881,71.64682539682539
@TheLincolnProject,@DrSteveTurleyTV,5.192219649538239,71.65079365079366
@DoubleDownNews,@HangOutwithSeanHannity,5.192859979853765,71.6626984126984
@briantylercohen,@clayandbuck,5.193037422542218,71.67063492063492
@Vox,https://rumble.com/c/TheAlexJonesShowLive,5.19326445272656,71.68253968253968
@TheEconomist,@theisabelbrown,5.193418822544728,71.68650793650794
@DueDissidence,@RealAlexClark,5.193456972792308,71.69047619047619
@fastpoliticspodcast,@TheAmalaEkpunobi,5.193508755744053,71.69444444444444
@briantylercohen,@morebridgetphetasy,5.194345519442062,71.7063492063492
@deanwithrs,@PartOfTheProblem,5.195144596644884,71.73015873015873
@MeidasTouch,@ColemanHughesOfficial,5.195409818252958,71.7420634920635
@marclamonthillnetwork,@LiberalHivemind,5.195722767546357,71.74603174603175
@harryjsisson,@AndrewKlavan,5.1961360608243155,71.75
@PoliticsGirl,@TheQuartering,5.196639984706519,71.75396825396825
@samharrisorg,@ActualJusticeWarrior,5.1966644579805426,71.7579365079365
@BadFaithPodcast,@FreshFitMiami,5.196696722990989,71.76190476190476
@cafedotcom,@DrSteveTurleyTV,5.1967138757457025,71.76587301587301
@thegrayzone7996,@Timcast,5.1975118553848905,71.78174603174602
@PoliticsGirl,@MLChristiansen,5.197927636057301,71.80555555555556
@aljazeeraenglish,https://rumble.com/c/russellbrand,5.199227701208685,71.82142857142857
@EzraKleinShow,@TheOfficerTatum,5.199524098758436,71.82539682539682
@BadFaithPodcast,@MyronGainesX,5.199645730875822,71.82936507936508
@NovaraMedia,@RealAlexClark,5.199693109599686,71.83730158730158
@ajplus,@AfterPartyEmily,5.199695055559747,71.84126984126983
@TheHumanistReport,@PartOfTheProblem,5.200302678803138,71.85714285714285
@Forthepeoplepodcast305,@BlackConservativePerspective,5.200945233049515,71.87301587301587
@lovettorleaveitpodcast,@TheQuartering,5.201040675399321,71.87698412698413
@TheAtlantic,@FoxNews,5.201424385881381,71.88888888888889
@EzraKleinShow,@RobertGouveiaEsq,5.201908082778837,71.90079365079364
@MikeFromPA,@PartOfTheProblem,5.202443097504285,71.90873015873017
@briantylercohen,@ZubyMusic,5.2033791093004895,71.92063492063492
@katiephangnews,@JillianMichaels,5.205639466459396,71.96031746031746
@GeopoliticalEconomyReport,@X22Report-y5y,5.206990862084039,71.98809523809524
@RonPlacone,@FoxNews,5.207810545526454,72.0079365079365
@JamarlThomas,@DrSteveTurleyTV,5.208006711502192,72.01190476190476
@rolandsmartin,@ThePodcastoftheLotusEaters,5.209089289148831,72.04761904761905
@lovettorleaveitpodcast,@RealAlexClark,5.210507218241601,72.06746031746032
https://rumble.com/c/GGreenwald,@BlackConservativePerspective,5.210798827824234,72.08333333333333
@timesofindia,@clayandbuck,5.211016125115976,72.09126984126985
@briantylercohen,@SydneyWatson,5.212137742354598,72.11507936507935
@TheDailyBeast,@TheAmalaEkpunobi,5.212166385567144,72.12301587301587
@jimacosta,@Timcast,5.2128196717268995,72.12698412698413
@DemocracyNow,@LiberalHivemind,5.213143523630696,72.13492063492063
@msnow,@PragerU,5.214004476329876,72.14682539682539
@rolandsmartin,@TimcastNews,5.214862079147166,72.15873015873015
@JamarlThomas,@lonerboxlive,5.214890864496279,72.16269841269842
@JackCocchiarellaShow,@dineshdsouza,5.215511050214007,72.17460317460316
@briantylercohen,@TheAdamCarollaShow1,5.216824076381768,72.19444444444446
@TheRealTabithaSpeaks,@RobertGouveiaEsq,5.218734109512888,72.21428571428572
@NYTPodcasts,@TheQuartering,5.218891410918183,72.21825396825396
@DemocracyNow,@CashJordan,5.21958270537783,72.22222222222221
@TheLincolnProject,@TimcastIRL,5.220446299334161,72.23015873015873
@PiscoLitty,@theisabelbrown,5.220500417309627,72.23412698412699
@cafedotcom,@RealDanBongino,5.221772396344963,72.25396825396825
@OwenJonesTalks,@newdiscourses,5.222488147541619,72.26587301587301
@briantylercohen,@AndrewKlavan,5.225754259285459,72.32539682539682
@DoubleDownNews,@MegynKelly,5.22603414504721,72.32936507936508
@ajplus,@PragerU,5.22730049809942,72.3452380952381
@NPR,@TheAmalaEkpunobi,5.228490504273362,72.36111111111111
@aaronparnas1,https://rumble.com/c/TheAlexJonesShowLive,5.228621515053472,72.36507936507937
@timesofindia,@NewsmaxTV,5.229493508775013,72.38095238095238
@DoubleDownNews,@AlexStein99,5.229569152057547,72.38492063492063
@ajplus,@oann,5.231301188158074,72.40079365079364
@TheAtlantic,@TimcastIRL,5.23220985805366,72.40873015873017
@cafedotcom,@lonerboxlive,5.233633151837575,72.43253968253968
@nousnetwork,@Timcast,5.2347151871493915,72.45238095238096
@Forthepeoplepodcast305,@NewsmaxTV,5.2359583977578446,72.47619047619047
@thegrayzone7996,@TheOfficerTatum,5.236586671176016,72.48412698412699
@marclamonthillnetwork,@TheAmalaEkpunobi,5.238544369659284,72.49603174603175
@PoliticsGirl,@PragerU,5.239268312167137,72.5079365079365
@UnHerd,@TheQuartering,5.239379016996951,72.51587301587301
@LeejaMiller,@ActualJusticeWarrior,5.240626216273278,72.54761904761905
@LukeBeasley,@dineshdsouza,5.241095808598138,72.55555555555556
@DemocracyDocket,@RobertGouveiaEsq,5.241265301213052,72.55952380952381
@zeteo,@PartOfTheProblem,5.241980061882586,72.56746031746032
@PoliticsGirl,@MyronGainesX,5.243006293857439,72.57539682539682
@ponderingpolitics,@SaltyCracker,5.244206495304284,72.59126984126985
@CNN,@VivaFrei,5.244509167424319,72.60317460317461
@EzraKleinShow,@TheQuartering,5.244930011976685,72.61111111111111
@ponderingpolitics,@MrTariqNasheed,5.245434643274229,72.61904761904762
@harryjsisson,@bbrettcooper,5.245459291076512,72.62301587301587
@SabbySabs,@MattWalsh,5.245620765853557,72.62698412698413
@FarronBalanced,@nationalreview,5.245949011134,72.63492063492063
@msnow,@theisabelbrown,5.246398447826004,72.65079365079366
@msnow,@XAVIAER,5.2466850238641864,72.65873015873015
@GeopoliticalEconomyReport,@TimcastIRL,5.2470684583700375,72.67063492063492
@UnHerd,@nypost,5.247101732137488,72.67460317460316
@RonPlacone,@The_Crucible,5.247612376881189,72.69444444444444
@katiephangnews,@GrahamAllen,5.247738447829967,72.6984126984127
@Vox,@clayandbuck,5.247789244047142,72.70238095238095
@GeopoliticalEconomyReport,@lizwheeler,5.248010103877061,72.7063492063492
@timesofindia,@DarkHorsePod,5.248313610428487,72.71031746031747
@DemocracyNow,@StevenCrowder,5.2483246076986605,72.71428571428571
@SabbySabs,@BlazeTV,5.248981745084482,72.72222222222223
@TheDailyBeast,@MegynKelly,5.2499057793409145,72.73809523809524
@briantylercohen,@ThePodcastoftheLotusEaters,5.250060416062377,72.7420634920635
@ajplus,@triggerpod,5.2507071106133525,72.75396825396825
@katiephangnews,@oann,5.2514395538001715,72.78571428571429
@PoliticsGirl,@ActualJusticeWarrior,5.252545387487195,72.80952380952381
@DoubleDownNews,@The_Crucible,5.253018238101776,72.82539682539682
@katiephangnews,@The_Crucible,5.253159876908202,72.83333333333334
@DannyHaiphongYT,@TheAdamCarollaShow1,5.2533057901333295,72.84126984126983
@DemocracyNow,@TheAmalaEkpunobi,5.253579963292388,72.84920634920636
@Vaush,@RobertGouveiaEsq,5.253581675629637,72.85317460317461
@MeidasTouch,@TheBrianKilmeadeShow,5.254151217378919,72.86904761904762
@briantylercohen,@DrSteveTurleyTV,5.255301344829348,72.88888888888889
@thegrayzone7996,@RufoandLomez,5.257179235509073,72.90476190476191
@TheAtlantic,@RealAlexClark,5.257468694091021,72.91269841269842
@DylanBurnsLIVE,@TimcastIRL,5.258949618503528,72.94047619047619
@usefulidiots,@newdiscourses,5.259913027681352,72.9484126984127
@DylanBurnsLIVE,@nationalreview,5.260277702424582,72.95238095238096
@PiscoLitty,@bbrettcooper,5.261041921715235,72.9563492063492
@Vox,@turningpointusa,5.262712087753083,72.98412698412699
@breakingpoints,@X22Report-y5y,5.262730179303447,72.98809523809524
@msnow,@chicksonright,5.2634164521913505,72.99603174603175
@SkyNews,@dineshdsouza,5.264300810861597,73.01190476190477
@UnHerd,@oann,5.264519239348507,73.01587301587301
@Vox,@MyronGainesX,5.26586933812437,73.02777777777779
@moreperfectunion,@X22Report-y5y,5.265888820648573,73.03174603174604
@Xanderhal,@newdiscourses,5.266844781888917,73.05555555555556
@StatusCoup,@X22Report-y5y,5.268266855721841,73.06349206349206
@Vox,@BlazeTV,5.268460033690584,73.07142857142857
@thegrayzone7996,@DarkHorsePod,5.269418039086352,73.07936507936508
@CNN,@nationalreview,5.272318760453707,73.09523809523809
@TheEconomist,@ColemanHughesOfficial,5.272784999630214,73.10317460317461
@TheRealTabithaSpeaks,@Timcast,5.272786405034848,73.10714285714286
@TheLincolnProject,@FleccasTalks,5.272812489992153,73.11111111111111
@PoliticsGirl,@NewsmaxTV,5.2731629109880975,73.12301587301587
@msnow,@fightbackpodcast,5.273758635072684,73.13492063492063
@PoliticsJOE,@BlackConservativePerspective,5.274137236911078,73.13888888888889
@ponderingpolitics,@lizwheeler,5.274615359753137,73.14285714285714
@PiscoLitty,@bennyjohnson,5.274929661849762,73.15079365079366
@DemocracyDocket,@ActualJusticeWarrior,5.274954489866516,73.1547619047619
@LegalEagle,@nationalreview,5.275641318456027,73.15873015873015
@TheMajorityReport,@RealAlexClark,5.27577787509045,73.16269841269842
@SecularTalk,@ThePodcastoftheLotusEaters,5.275939463604351,73.17063492063492
@SabbySabs,@VivaFrei,5.276738221239305,73.20238095238095
@LukeBeasley,@RealDanBongino,5.277162642437181,73.21428571428571
@BadFaithPodcast,@TheBrianKilmeadeShow,5.277851259110179,73.2420634920635
@PiscoLitty,@turningpointusa,5.278383589356303,73.2579365079365
@NPR,@marklevinshow,5.279074395282884,73.26587301587301
@Vox,@AfterPartyEmily,5.27966667987598,73.26984126984128
@aljazeeraenglish,@HangOutwithSeanHannity,5.280182052424026,73.27380952380952
@NovaraMedia,@BlackConservativePerspective,5.280536083349427,73.28174603174602
@PiscoLitty,@ActualJusticeWarrior,5.28157936772485,73.3015873015873
@zeteo,@jlptalk,5.2818721682528995,73.31349206349206
@LukeBeasley,@morebridgetphetasy,5.282162257293791,73.31746031746032
@bulwarkmedia,@The_Crucible,5.282766799574068,73.34126984126983
@LegalEagle,@VivaFrei,5.282976656421989,73.34920634920636
@katiephangnews,@JesseKellyDC,5.28463806892235,73.37698412698413
@LeejaMiller,@TheQuartering,5.284968356443085,73.38492063492063
@TheDonLemonShow,@SydneyWatson,5.284971590953414,73.38888888888889
@usefulidiots,@X22Report-y5y,5.285641425347048,73.40476190476191
@Vox,@marklevinshow,5.2862423288439055,73.41666666666666
@aljazeeraenglish,@The_Crucible,5.286562370386057,73.42063492063492
@thegrayzone7996,@ColemanHughesOfficial,5.286987931280741,73.42857142857143
@ponderingpolitics,@BenShapiro,5.28705497322776,73.43253968253968
@DylanBurnsLIVE,@MegynKelly,5.287464965107961,73.4484126984127
@harryjsisson,@triggerpod,5.287685385446547,73.4563492063492
@harryjsisson,@TimcastIRL,5.288177327051184,73.47619047619047
@NPR,@TimcastNews,5.289473938538446,73.48412698412699
@therationalnational,@Timcast,5.291270239794318,73.50396825396825
@RonPlacone,@ZubyMusic,5.291657442142861,73.51190476190477
@UnHerd,https://rumble.com/c/TheAlexJonesShowLive,5.291915568976881,73.51587301587301
@LegalEagle,@MegynKelly,5.293498984161276,73.53968253968254
@DylanBurnsLIVE,@Timcast,5.29394530660486,73.54761904761905
@chriscuomo,@TimcastIRL,5.294230272199395,73.55555555555556
@cafedotcom,@AlexStein99,5.295937348777172,73.57936507936508
@LukeBeasley,https://rumble.com/c/russellbrand,5.296077434487173,73.58333333333333
@zeteo,@dineshdsouza,5.296865353813458,73.60714285714286
@JamarlThomas,@ThePodcastoftheLotusEaters,5.296979943049492,73.61507936507937
@DemocracyNow,https://rumble.com/c/BannonsWarRoom,5.297938685271716,73.63888888888889
@DueDissidence,@MattWalsh,5.298191527514823,73.6468253968254
@GeopoliticalEconomyReport,@MichaelKnowles,5.298863757867387,73.66666666666667
@katiephangnews,@MichaelKnowles,5.30003682366502,73.68650793650794
@LukeBeasley,@RileyGaines,5.300191764049862,73.69047619047619
@BadFaithPodcast,@jlptalk,5.302361710288002,73.73412698412697
@JamarlThomas,@TimcastIRL,5.303842340019391,73.75396825396825
@DoubleDownNews,@JesseKellyDC,5.3047045503267505,73.76984126984128
@TheYoungTurks,@bennyjohnson,5.305802049255574,73.78174603174602
@LukeBeasley,@XAVIAER,5.3061976470308325,73.78968253968254
@TheDailyBeast,https://rumble.com/c/russellbrand,5.307404353709171,73.79761904761905
@thegrayzone7996,@dineshdsouza,5.307730997255711,73.80555555555556
@RonPlacone,@bbrettcooper,5.308787098615287,73.82539682539682
@rolandsmartin,@Timcast,5.308956874098946,73.82936507936509
@TheRealTabithaSpeaks,@TimcastIRL,5.31023254296963,73.8452380952381
@therationalnational,@RealAlexClark,5.311216030023422,73.85714285714286
@DoubleDownNews,@PragerU,5.311973972220062,73.86904761904762
@LeverNews,https://rumble.com/c/russellbrand,5.315491960467036,73.92460317460318
@judgingfreedom,@SydneyWatson,5.318706764842497,73.97222222222221
@cafedotcom,@Styxhexenhammer666,5.319295424328189,73.98412698412699
@CNN,@MattWalsh,5.3201110660575806,73.9920634920635
@RonPlacone,@PartOfTheProblem,5.320728723489177,74.0079365079365
@LukeBeasley,@CamHigby,5.322596303666868,74.03174603174602
@msnow,@TheAmalaEkpunobi,5.322735241293681,74.03968253968254
@ponderingpolitics,@RufoandLomez,5.322787844545799,74.0436507936508
@SecularTalk,@triggerpod,5.322853689012278,74.05158730158729
@Vaush,@MichaelMaliceofficial,5.322970108958004,74.05555555555556
@briantylercohen,@RufoandLomez,5.323577202581228,74.07142857142858
@usefulidiots,@FoxNews,5.323620986289079,74.07539682539682
@cafedotcom,@StevenCrowder,5.325551326109869,74.09523809523809
@underthedesknews,@Timcast,5.325690190164299,74.09920634920636
@DylanBurnsLIVE,@TheOfficerTatum,5.325760266975044,74.10317460317461
@briantylercohen,@theisabelbrown,5.325800572229491,74.10714285714286
@ponderingpolitics,@bennyjohnson,5.327253920660662,74.13095238095238
@NovaraMedia,@bennyjohnson,5.327868376958386,74.1468253968254
@cafedotcom,https://rumble.com/c/nickjfuentes,5.328057801689463,74.15079365079366
@breakingpoints,@MattWalsh,5.328198075290465,74.1547619047619
@ajplus,@Timcast,5.331499586411479,74.18253968253968
@thedavidpakmanshow,@MichaelMaliceofficial,5.332039321858756,74.20238095238095
@TheDamageReport,@turningpointusa,5.332215695977505,74.20634920634922
@aljazeeraenglish,@glennbeck,5.333361960622792,74.21428571428571
@TheDamageReport,@TimcastNews,5.334279355101422,74.22619047619048
@zeteo,@newdiscourses,5.334879504319947,74.23412698412697
@DoubleDownNews,@RobertGouveiaEsq,5.335195952895998,74.23809523809524
@aljazeeraenglish,@MarkDice,5.336077712831892,74.24603174603175
@JamarlThomas,@LiberalHivemind,5.3366048383833204,74.25396825396825
@timesofindia,@MichaelKnowles,5.337020094253544,74.26190476190476
@chriscuomo,@ActualJusticeWarrior,5.337578444662611,74.27380952380952
@SkyNews,@triggerpod,5.337906652481719,74.28174603174604
@chriscuomo,@TheOfficerTatum,5.337946836564137,74.28571428571429
@DoubleDownNews,@FoxNews,5.339138332419067,74.31349206349206
@TheDailyBeast,@JesseKellyDC,5.339622776749866,74.32142857142857
@SabbySabs,@X22Report-y5y,5.340329865759658,74.33730158730158
@DylanBurnsLIVE,@BlazeTV,5.3405931474960555,74.3452380952381
@LukeBeasley,@RealAmericasVoice,5.3411340328386,74.36507936507937
@jimacosta,@triggerpod,5.342499282048636,74.37698412698413
@LeverNews,@LiberalHivemind,5.344206056972157,74.3888888888889
@GeopoliticalEconomyReport,@TimcastNews,5.345078472957176,74.39682539682539
@LegalAFMTN,@newdiscourses,5.345641284149825,74.40079365079364
@DemocracyDocket,@dineshdsouza,5.347358637036829,74.42063492063492
https://rumble.com/c/GGreenwald,@PartOfTheProblem,5.348179337764866,74.43253968253968
@GeopoliticalEconomyReport,@clayandbuck,5.348328633210329,74.43650793650794
@ajplus,@TheAdamCarollaShow1,5.349237676109127,74.45238095238095
@FarronBalanced,@BlackConservativePerspective,5.349370939701913,74.4563492063492
@ponderingpolitics,@ChadPrather1,5.350639317123499,74.46031746031746
@msnow,@JesseKellyDC,5.350869557815402,74.46428571428572
@briantylercohen,@RedactedNews,5.351145441159667,74.47222222222221
@DemocracyNow,@The_Crucible,5.35273866855244,74.50396825396825
@CNN,@dineshdsouza,5.352969123154034,74.5079365079365
@harryjsisson,@FreshFitMiami,5.353726719933082,74.51587301587301
@marclamonthillnetwork,@bennyjohnson,5.354553758302044,74.53174603174602
@SabbySabs,@MichaelMaliceofficial,5.355191231806486,74.5436507936508
@jimacosta,https://rumble.com/c/nickjfuentes,5.356745881534888,74.56349206349206
@Forthepeoplepodcast305,@RealAlexClark,5.357595027571651,74.57539682539682
@TheSerfTimes,@RealAlexClark,5.360712302387935,74.6111111111111
@TheAtlantic,@Timcast,5.360758271920862,74.61507936507937
@breakingpoints,@SydneyWatson,5.36105857907877,74.61904761904762
@DoubleDownNews,@AfterPartyEmily,5.361977783924505,74.62698412698413
@LegalAFMTN,@NewsmaxTV,5.363585706470683,74.65873015873015
@CNN,@AfterPartyEmily,5.363717626837824,74.66666666666667
@thedavidpakmanshow,@MegynKelly,5.364102743086908,74.67063492063491
@UnHerd,@BlazeTV,5.364201191473767,74.67460317460318
@TheDailyBeast,@marklevinshow,5.365356072650767,74.69444444444444
@MeidasTouch,@Tim_Black,5.36543336496831,74.6984126984127
@katiephangnews,@SaltyCracker,5.365439426599819,74.70238095238095
@ajplus,@MLChristiansen,5.365603468994285,74.70634920634922
@Vox,@PragerU,5.365692016564784,74.71428571428571
@usefulidiots,@turningpointusa,5.366297584967779,74.73412698412699
@usefulidiots,@MichaelMaliceofficial,5.366798398867176,74.73809523809524
@msnow,@ZubyMusic,5.3674253180877285,74.74603174603175
@LukeBeasley,@marklevinshow,5.367538204816084,74.75
@Vox,@TimcastNews,5.368197759165114,74.7579365079365
@GeopoliticalEconomyReport,@Tim_Black,5.368389762855331,74.76587301587301
@briantylercohen,@TheBrianKilmeadeShow,5.368966968853364,74.77380952380952
@TheDailyBeast,@Styxhexenhammer666,5.372057388154514,74.81746031746032
@samharrisorg,@RobertGouveiaEsq,5.373378258074048,74.83333333333333
@adammockler,@FleccasTalks,5.373522576245885,74.83730158730158
@msnow,@MattWalsh,5.374000925834251,74.84126984126985
@katiephangnews,@lizwheeler,5.374001003675566,74.8452380952381
@JamarlThomas,@TimcastNews,5.374806305158274,74.86111111111111
@SabbySabs,@MegynKelly,5.376435568403411,74.89285714285714
@TheEconomist,@AndrewKlavan,5.37644922615484,74.89682539682539
@timesofindia,@JillianMichaels,5.377631815514066,74.91666666666667
@DylanBurnsLIVE,@MichaelMaliceofficial,5.378145324959921,74.92857142857143
@LegalAFMTN,@bennyjohnson,5.3787900962147726,74.93650793650794
@UnHerd,@AfterPartyEmily,5.379248691945264,74.94047619047619
@DueDissidence,@NewsmaxTV,5.379546793291676,74.94444444444444
@aljazeeraenglish,@DarkHorsePod,5.379808190821884,74.95238095238095
@LegalEagle,@AfterPartyEmily,5.380024375976337,74.9563492063492
@MikeFromPA,@BlackConservativePerspective,5.380117661204161,74.96428571428572
@DannyHaiphongYT,@BlackConservativePerspective,5.380865640428699,74.98412698412699
@LeejaMiller,@SydneyWatson,5.38234770461869,74.99603174603175
@breakingpoints,@AfterPartyEmily,5.382359837324314,75.0
@StatusCoup,@ColemanHughesOfficial,5.383188647175879,75.0079365079365
@timesofindia,@MarkDice,5.384596456161283,75.03571428571428
@briantylercohen,@TheAmalaEkpunobi,5.385717567514467,75.04761904761905
@msnow,@StevenCrowder,5.3862815359219995,75.05952380952381
@ponderingpolitics,@TheAdamCarollaShow1,5.386422238566336,75.06349206349206
@TheDailyBeast,@turningpointusa,5.386584536845353,75.07142857142857
@nousnetwork,@TimcastIRL,5.386618507511745,75.07539682539682
@cafedotcom,@lizwheeler,5.387589814977039,75.07936507936508
@TheDailyBeast,@OfficialSaharTV,5.388002124917595,75.08333333333333
@aljazeeraenglish,@ActualJusticeWarrior,5.390075739437554,75.11507936507937
@OwenJonesTalks,@bennyjohnson,5.391324936133758,75.14285714285714
@SkyNews,@ActualJusticeWarrior,5.392048693566348,75.15079365079364
@cafedotcom,@triggerpod,5.392130115558822,75.1547619047619
@BadFaithPodcast,@lonerboxlive,5.392273821896093,75.16666666666667
@TheDailyBeast,@RealAlexClark,5.393066894273805,75.17857142857143
@UnHerd,@MLChristiansen,5.393633653494163,75.19444444444444
@franifio,@VivaFrei,5.39385222619844,75.1984126984127
@SMN,@SydneyWatson,5.395079202471399,75.20634920634922
@TheYoungTurks,@RealAlexClark,5.395191658160093,75.21031746031746
@LeejaMiller,@VivaFrei,5.395792979018374,75.22619047619048
@fastpoliticspodcast,@MarkDice,5.396347444996882,75.23809523809524
@StatusCoup,@RealAlexClark,5.3980372513726955,75.27380952380952
@nousnetwork,@NewsmaxTV,5.398699103293782,75.28571428571429
@katiephangnews,@XAVIAER,5.399601116318832,75.29365079365078
@franifio,@RealAlexClark,5.400070002826578,75.3015873015873
@TheRealTabithaSpeaks,@ActualJusticeWarrior,5.400882715768161,75.31349206349206
@GeopoliticalEconomyReport,@DrSteveTurleyTV,5.401623787050998,75.32539682539682
@katiephangnews,@nypost,5.401742521075839,75.32936507936509
@PoliticsGirl,@The_Crucible,5.402516094889339,75.33730158730158
@briantylercohen,@triggerpod,5.402744982543209,75.34126984126985
@ajplus,@turningpointusa,5.4035753694452895,75.36111111111111
@TheJoyReidShow,@SydneyWatson,5.403656950489364,75.36507936507937
@chriscuomo,@TheQuartering,5.405366792945575,75.38095238095238
@briantylercohen,@Styxhexenhammer666,5.4055058983178865,75.3888888888889
@RebelHQ,@MichaelMaliceofficial,5.40651177453427,75.40079365079364
@thegrayzone7996,@turningpointusa,5.407797628135445,75.40873015873017
@msnow,@BenShapiro,5.408039364448745,75.41666666666667
@thedavidpakmanshow,@triggerpod,5.408096414410707,75.42460317460318
@StatusCoup,@AfterPartyEmily,5.408513260418978,75.43253968253968
@PiscoLitty,@jlptalk,5.409407165899377,75.44444444444444
@Vox,@The_Crucible,5.409621793021041,75.44841269841271
@aljazeeraenglish,@Tim_Black,5.412996158534589,75.4920634920635
@UnHerd,https://rumble.com/c/nickjfuentes,5.41362993113845,75.5
@SabbySabs,@SydneyWatson,5.414097096542751,75.5079365079365
@DemocracyNow,@bennyjohnson,5.414178257855423,75.51190476190476
@lovettorleaveitpodcast,https://rumble.com/c/russellbrand,5.414405587542806,75.51984126984127
@LukeBeasley,@BlazeTV,5.4150389363107925,75.52380952380953
@GeopoliticalEconomyReport,@The_Crucible,5.415694204047005,75.53968253968254
@BadFaithPodcast,https://rumble.com/c/TheAlexJonesShowLive,5.41765424907975,75.58333333333334
@DoubleDownNews,@lizwheeler,5.417670246230696,75.5873015873016
@BadFaithPodcast,@winston_marshall,5.41768905535938,75.59126984126983
@DemocracyNow,@bbrettcooper,5.418656372256678,75.61507936507937
@DemocracyNow,@MattWalsh,5.419815509577617,75.64285714285714
@moreperfectunion,@morebridgetphetasy,5.421998767521039,75.67857142857143
@jimacosta,@TimcastIRL,5.42242320711387,75.68650793650794
@SabbySabs,@RedactedNews,5.424226634606507,75.6984126984127
@PoliticsGirl,@MichaelMaliceofficial,5.425568019383172,75.71825396825396
@nytimes,@TimcastNews,5.426248683507771,75.72619047619048
@harryjsisson,@VivaFrei,5.42735422429021,75.73809523809524
@SabbySabs,@FoxNews,5.427459286249294,75.7420634920635
@OwenJonesTalks,@MichaelMaliceofficial,5.427651061122023,75.74603174603175
@timesofindia,https://rumble.com/c/BannonsWarRoom,5.428539173935594,75.7579365079365
@harryjsisson,@MegynKelly,5.428665334062691,75.76190476190476
@JackCocchiarellaShow,@MichaelMaliceofficial,5.429551461965032,75.76984126984127
@NPR,@nationalreview,5.4297632616751095,75.77777777777777
@aljazeeraenglish,@ColemanHughesOfficial,5.430130708925395,75.78174603174604
@LukeBeasley,@TheAmalaEkpunobi,5.430764784960785,75.78968253968253
@NPR,@Timcast,5.431757670169668,75.80555555555556
@msnow,https://rumble.com/c/russellbrand,5.431826521395999,75.80952380952381
https://rumble.com/c/GGreenwald,@dineshdsouza,5.4321464510477595,75.81349206349206
@UnHerd,@turningpointusa,5.432173361208077,75.81746031746032
@CNN,@TimcastIRL,5.432292086875395,75.82142857142857
@moreperfectunion,@RedactedNews,5.432678499096406,75.83333333333333
@fastpoliticspodcast,@RobertGouveiaEsq,5.433669950634504,75.85714285714286
@cafedotcom,@marklevinshow,5.434687340168798,75.88095238095238
@cafedotcom,@LiberalHivemind,5.435320193148734,75.90079365079364
@LukeBeasley,@ZubyMusic,5.436186628196586,75.9126984126984
@thedavidpakmanshow,@AfterPartyEmily,5.437221843084421,75.92857142857142
@RebelHQ,@newdiscourses,5.437340175172772,75.93253968253968
@NPR,https://rumble.com/c/nickjfuentes,5.4398511929333235,75.98412698412699
@fastpoliticspodcast,@RebelNewsOnline,5.4424032868093635,76.01984126984127
@DannyHaiphongYT,@MyronGainesX,5.442450984766088,76.02777777777779
@BadFaithPodcast,@BlazeTV,5.443450641270149,76.0515873015873
@RebelHQ,@NewsmaxTV,5.444047273820001,76.05952380952381
@jimacosta,@TimcastNews,5.4444022591861465,76.06349206349206
@MeidasTouch,@FleccasTalks,5.444814129887367,76.07142857142857
@GlennKirschner2,@SydneyWatson,5.445097567298606,76.07539682539682
@ponderingpolitics,@MegynKelly,5.445582353343591,76.08333333333334
@harryjsisson,@Tim_Black,5.446023343134622,76.09126984126983
https://rumble.com/c/GGreenwald,@bennyjohnson,5.446119681334726,76.09920634920636
@GeopoliticalEconomyReport,@SydneyWatson,5.446712537214223,76.11111111111111
@ponderingpolitics,@MichaelMaliceofficial,5.447402336685774,76.12301587301587
@LegalAFMTN,@PartOfTheProblem,5.448007538664525,76.13888888888889
@marclamonthillnetwork,https://rumble.com/c/BannonsWarRoom,5.448487958611367,76.15079365079364
@JamarlThomas,https://rumble.com/c/russellbrand,5.451640059701485,76.16666666666667
@ponderingpolitics,@FreshFitMiami,5.451866042354479,76.17460317460318
@BreakThroughNews,@TheQuartering,5.4537963200859485,76.21031746031746
@nytimes,@PartOfTheProblem,5.454790245743381,76.22222222222223
@thedavidpakmanshow,@VivaFrei,5.455216496808069,76.23015873015872
@ponderingpolitics,@morebridgetphetasy,5.456186561589285,76.24603174603175
@TheRealTabithaSpeaks,@bennyjohnson,5.457128438197054,76.25
@cafedotcom,@MattWalsh,5.457942125682907,76.2579365079365
@PiscoLitty,@BlackConservativePerspective,5.458942890804533,76.26587301587303
@DoubleDownNews,https://rumble.com/c/russellbrand,5.459104518819731,76.26984126984127
@moreperfectunion,@glennbeck,5.459188096634418,76.27380952380952
@BreakThroughNews,@dineshdsouza,5.45922283985264,76.27777777777777
@PoliticsGirl,@TheOfficerTatum,5.459436881536558,76.28571428571429
@BadEmpanadaLive,@NewsmaxTV,5.459742007599982,76.2936507936508
@Vox,@RealAmericasVoice,5.459978125083327,76.3015873015873
@cafedotcom,@jlptalk,5.461887749376832,76.31746031746032
@TheMichaelCohenShow,@CashJordan,5.462297953089023,76.32142857142857
@LeverNews,@TimcastIRL,5.4624718914320605,76.32539682539684
@TheHumanistReport,@RealAlexClark,5.463022335845141,76.34126984126985
@thegrayzone7996,@RobertGouveiaEsq,5.4633663914249295,76.3452380952381
@LeverNews,@triggerpod,5.466329910138467,76.37698412698413
@Vaush,@VivaFrei,5.466625070032042,76.38095238095238
@katiephangnews,@OfficialSaharTV,5.467166163381912,76.38888888888889
@Vaush,@MegynKelly,5.467501235194779,76.40476190476191
https://rumble.com/c/GGreenwald,@jlptalk,5.46801700415087,76.41666666666667
@SkyNews,@DrSteveTurleyTV,5.468445821054497,76.42857142857142
@fastpoliticspodcast,@newdiscourses,5.469955728458651,76.45238095238095
@briantylercohen,@bbrettcooper,5.470100481926101,76.4563492063492
@timesofindia,@RubinReport,5.471905139313317,76.48412698412699
@marclamonthillnetwork,https://rumble.com/c/russellbrand,5.4723232637652455,76.4920634920635
@SkyNews,@RealAlexClark,5.474580459870649,76.5436507936508
@deanwithrs,@RealAlexClark,5.475890746361621,76.55555555555556
@lovettorleaveitpodcast,@Timcast,5.476593617344704,76.57142857142857
@zeteo,@TheQuartering,5.477292060994405,76.58333333333334
@NPR,@jlptalk,5.4773250725143505,76.5873015873016
@usefulidiots,@dineshdsouza,5.478598692914731,76.61111111111111
@Vox,@SydneyWatson,5.47867871977307,76.61507936507937
@fastpoliticspodcast,@TheOfficerTatum,5.479248065366567,76.61904761904762
@zeteo,@ActualJusticeWarrior,5.47960284426079,76.62698412698413
@BreakThroughNews,@jlptalk,5.482432003443952,76.65079365079364
@fastpoliticspodcast,@Timcast,5.482716504539086,76.6547619047619
@timesofindia,@FoxNews,5.483321634108295,76.66269841269842
@GlennKirschner2,@RealAlexClark,5.483527231320349,76.66666666666667
@StatusCoup,@newdiscourses,5.484169327837563,76.67857142857143
@TheHumanistReport,@dineshdsouza,5.484200955316546,76.68253968253968
@TheAtlantic,@lonerboxlive,5.484260364121989,76.68650793650794
@deanwithrs,@bennyjohnson,5.485229440642219,76.70634920634922
@katiephangnews,@RebelNewsOnline,5.485611054963483,76.71031746031746
@LukeBeasley,@NewsmaxTV,5.486611497940996,76.73015873015872
@DemocracyNow,@newdiscourses,5.487420428089335,76.73809523809524
@LukeBeasley,@AndrewKlavan,5.487617300455837,76.7420634920635
@Politicon,@SydneyWatson,5.489244962149802,76.76587301587303
@MikeFromPA,@SydneyWatson,5.48973035980274,76.77777777777777
@DemocracyNow,@ColemanHughesOfficial,5.490347110363921,76.79761904761905
@deanwithrs,@newdiscourses,5.491139206643126,76.80555555555556
@TheDailyBeast,@FoxNews,5.491430050287767,76.80952380952381
@katiephangnews,@FleccasTalks,5.493237932838851,76.84126984126985
@SkyNews,@newdiscourses,5.493828110038934,76.85317460317461
@LukeBeasley,@clayandbuck,5.494112724129033,76.86111111111111
@LukeBeasley,@AlexStein99,5.494180990808382,76.86507936507937
@underthedesknews,@TimcastIRL,5.495024595665317,76.88095238095238
@Vaush,@newdiscourses,5.495056340559589,76.88492063492063
@Vox,@dineshdsouza,5.495411854869139,76.89285714285714
@LukeBeasley,@PragerU,5.495657738385469,76.90079365079366
@NPR,@MattWalsh,5.496288584582275,76.9126984126984
@TheMichaelCohenShow,@FleccasTalks,5.496468419781068,76.91666666666667
@GeopoliticalEconomyReport,https://rumble.com/c/TheAlexJonesShowLive,5.498620330772008,76.93650793650794
@katiephangnews,@FreshFitMiami,5.498829413123154,76.94047619047619
@PiscoLitty,@TimcastIRL,5.50078480677924,76.97222222222221
@msnow,@AfterPartyEmily,5.501013837050733,76.98015873015873
@TheAtlantic,@TheQuartering,5.502049951299724,76.98809523809523
@EzraKleinShow,@SydneyWatson,5.503484884490927,77.02777777777777
@CNN,@TheOfficerTatum,5.508400957823881,77.09126984126983
@NPR,https://rumble.com/c/BannonsWarRoom,5.508952754976599,77.09523809523809
@DylanBurnsLIVE,@FoxNews,5.509788691804091,77.10714285714285
@LeverNews,@DrSteveTurleyTV,5.510491292098484,77.11904761904762
@RebelHQ,@nationalreview,5.510789529450416,77.13095238095238
@lovettorleaveitpodcast,@LiberalHivemind,5.510890824765127,77.13492063492063
@TheMajorityReport,@bennyjohnson,5.510913780942319,77.13888888888889
@JamarlThomas,@ActualJusticeWarrior,5.512577489695983,77.15873015873017
@therationalnational,@TimcastIRL,5.513006944826422,77.16269841269842
@DannyHaiphongYT,@RubinReport,5.513649398695032,77.16666666666666
@BadFaithPodcast,@XAVIAER,5.51377168303385,77.17063492063491
@harryjsisson,@ColemanHughesOfficial,5.513847649664471,77.17460317460318
@LukeBeasley,@chicksonright,5.514105595163595,77.18253968253968
@lovettorleaveitpodcast,@TimcastNews,5.5170820707248085,77.22222222222223
@FarronBalanced,@bennyjohnson,5.518019635144586,77.23809523809524
@DoubleDownNews,@bennyjohnson,5.518309785651732,77.2420634920635
@ponderingpolitics,@VivaFrei,5.51920906833834,77.24603174603175
@GeopoliticalEconomyReport,@marklevinshow,5.521773990117481,77.28174603174604
@LukeBeasley,@GrahamAllen,5.522609556664781,77.28968253968253
@timesofindia,@HangOutwithSeanHannity,5.5226654270020346,77.2936507936508
@usefulidiots,@Timcast,5.523581845874171,77.30952380952381
@TheYoungTurks,@FleccasTalks,5.523938905875383,77.31349206349206
@RonPlacone,@dineshdsouza,5.524383450851573,77.32142857142857
@thewarningwithsteveschmidt,@X22Report-y5y,5.524631991816392,77.32539682539684
@LukeBeasley,@StevenCrowder,5.52927674266581,77.38888888888889
@chriscuomo,@RobertGouveiaEsq,5.52951796813488,77.39682539682539
@judgingfreedom,@bennyjohnson,5.529542766350279,77.40079365079366
@SecularTalk,@FleccasTalks,5.530370055906754,77.4126984126984
@katiephangnews,@LiberalHivemind,5.530439088598121,77.41666666666667
@ponderingpolitics,@AlexStein99,5.530866618526233,77.42063492063492
@BadFaithPodcast,@ChadPrather1,5.531197620169112,77.42857142857143
@msnow,@MyronGainesX,5.531726758612962,77.43253968253968
@TheRealTabithaSpeaks,https://rumble.com/c/BannonsWarRoom,5.533396036257285,77.45238095238095
@bulwarkmedia,@ActualJusticeWarrior,5.533999081656524,77.46428571428572
@TheDailyBeast,@triggerpod,5.534113242410409,77.46825396825396
@briantylercohen,@TomiLahrenIsFearless,5.535422407939758,77.48809523809524
@samharrisorg,@TheQuartering,5.535561927779449,77.4920634920635
@harryjsisson,@CashJordan,5.537190165727655,77.5079365079365
@TheHumanistReport,@Timcast,5.539105491720621,77.54761904761904
@msnow,@X22Report-y5y,5.543218871011594,77.60317460317461
@msnow,@AndrewKlavan,5.544028746558662,77.61507936507937
@breakingpoints,@NewsmaxTV,5.544474811076155,77.61904761904762
@NPR,@TheOfficerTatum,5.547550599200518,77.65079365079364
@DueDissidence,@SydneyWatson,5.547578696894785,77.6547619047619
@LukeBeasley,@RealAlexClark,5.548254289592163,77.66269841269842
@Politicon,@TheQuartering,5.548692268508942,77.67857142857143
@LukeBeasley,@bbrettcooper,5.550024314090673,77.69444444444444
@TheAtlantic,@RobertGouveiaEsq,5.550181325375124,77.6984126984127
@ponderingpolitics,@MarkDice,5.550531882632008,77.7063492063492
@LukeBeasley,@MarkDice,5.5508433304447005,77.71031746031746
@BadFaithPodcast,@RufoandLomez,5.551415896707439,77.71825396825398
@TheEconomist,@bbrettcooper,5.551569452153857,77.72222222222223
@BreakThroughNews,@bennyjohnson,5.551656351654934,77.72619047619047
@DemocracyNow,@ThePodcastoftheLotusEaters,5.55178703846623,77.73412698412699
@rolandsmartin,@TheQuartering,5.552206135414297,77.7420634920635
@DoubleDownNews,@marklevinshow,5.5523632690211,77.75
@LeverNews,@TimcastNews,5.5531097727387095,77.75396825396825
@HasanAbi,@MegynKelly,5.553452766299092,77.7579365079365
@LukeBeasley,@TheAdamCarollaShow1,5.555559553850757,77.78571428571428
@PiscoLitty,@AfterPartyEmily,5.555730977296615,77.7936507936508
@timesofindia,@ChadPrather1,5.55721019827197,77.81746031746032
@msnow,@RufoandLomez,5.558499100018852,77.8452380952381
@msnow,@TheAdamCarollaShow1,5.559448097858927,77.85317460317461
@fastpoliticspodcast,@lonerboxlive,5.560182181606298,77.86904761904762
@bulwarkmedia,@newdiscourses,5.560407285897713,77.87301587301587
@TheAtlantic,@TheOfficerTatum,5.560449877291494,77.88095238095238
@HasanAbi,@VivaFrei,5.560736216552534,77.88492063492065
@GeopoliticalEconomyReport,@BlazeTV,5.560999106769422,77.88888888888889
@SMN,@bennyjohnson,5.561707915900982,77.89285714285714
@Vox,https://rumble.com/c/nickjfuentes,5.563145951045537,77.9126984126984
@ajplus,@MegynKelly,5.564784059792359,77.92063492063492
@rolandsmartin,@BlackConservativePerspective,5.56512166412766,77.93253968253968
@ajplus,@RealAlexClark,5.56538221262968,77.93650793650794
@ajplus,@lonerboxlive,5.56583317350478,77.94444444444444
@ajplus,@NewsmaxTV,5.5664047092582924,77.9563492063492
@thedavidpakmanshow,@RobertGouveiaEsq,5.56764987111393,77.97222222222221
@thegrayzone7996,@X22Report-y5y,5.568326951052311,77.98015873015873
@moreperfectunion,@Tim_Black,5.568616874382999,77.98412698412699
@aljazeeraenglish,@TheOfficerTatum,5.570302533761293,78.02380952380953
@LukeBeasley,@The_Crucible,5.570762016624767,78.03174603174602
@NPR,@TheQuartering,5.570819018600365,78.03571428571429
@DueDissidence,@bennyjohnson,5.570860745520772,78.03968253968254
@breakingpoints,@Tim_Black,5.571458198071484,78.06349206349206
@ponderingpolitics,@RedactedNews,5.571849741800049,78.07142857142857
@GeopoliticalEconomyReport,@NewsmaxTV,5.5720112704112505,78.08333333333334
@UnHerd,@DrSteveTurleyTV,5.572224737294192,78.08730158730158
@briantylercohen,@glennbeck,5.57224599228473,78.09126984126983
@ponderingpolitics,@MLChristiansen,5.572468317803633,78.09920634920636
@timesofindia,@bennyjohnson,5.5726399985748225,78.10317460317461
@marclamonthillnetwork,@jlptalk,5.57338658992912,78.11507936507937
@aljazeeraenglish,@MegynKelly,5.574405977231274,78.13492063492063
@dollemore,@SydneyWatson,5.574510606907038,78.13888888888889
@ajplus,@newdiscourses,5.575019902285604,78.14682539682539
@GeopoliticalEconomyReport,@AnthonyBrianLogan,5.5755064038905315,78.1547619047619
@TheDailyBeast,@nypost,5.576042069179171,78.16666666666666
@ponderingpolitics,@RileyGaines,5.576180790176912,78.17063492063492
@PoliticsGirl,@RealAlexClark,5.576629758614947,78.17857142857143
@ponderingpolitics,@clayandbuck,5.576884387655241,78.19047619047619
@lovettorleaveitpodcast,@nationalreview,5.580651277930265,78.21428571428571
@DoubleDownNews,@ColemanHughesOfficial,5.580677647688941,78.21825396825398
@timesofindia,@PragerU,5.583013371502454,78.25396825396825
@rolandsmartin,@SydneyWatson,5.583820260050798,78.26587301587301
@thegrayzone7996,@MattWalsh,5.584137614116571,78.27380952380952
@briantylercohen,@HangOutwithSeanHannity,5.586764507324596,78.3015873015873
@SecularTalk,@SydneyWatson,5.586973086464652,78.30555555555556
@LukeBeasley,@AnthonyBrianLogan,5.587362246953413,78.31746031746032
@TheSerfTimes,@bennyjohnson,5.588226843069664,78.32539682539682
@LegalAFMTN,@SydneyWatson,5.589027214812085,78.34126984126985
@thedavidpakmanshow,@BlackConservativePerspective,5.5901087556024684,78.34920634920634
@bulwarkmedia,@bennyjohnson,5.590606534417528,78.35317460317461
@TheHumanistReport,@BlackConservativePerspective,5.592017557862652,78.36507936507935
@nytimes,@TheOfficerTatum,5.592769782703252,78.37698412698413
@cafedotcom,@FoxNews,5.592893016444545,78.38095238095238
@LukeBeasley,@X22Report-y5y,5.593535938012026,78.38888888888889
@marclamonthillnetwork,@PartOfTheProblem,5.593831752867617,78.39285714285714
@lovettorleaveitpodcast,@bennyjohnson,5.594559641903016,78.42063492063492
@Vox,@X22Report-y5y,5.595176397521497,78.42460317460316
@SabbySabs,@AfterPartyEmily,5.595863887537023,78.43650793650794
@katiephangnews,@BenShapiro,5.5969042064584835,78.4484126984127
@ponderingpolitics,@AndrewKlavan,5.5973927570526705,78.4563492063492
@GeopoliticalEconomyReport,@Timcast,5.598351445834536,78.46428571428572
@TheDamageReport,@Timcast,5.59856749392084,78.47222222222221
@thegrayzone7996,@MichaelMaliceofficial,5.5995029485311845,78.48809523809524
@aljazeeraenglish,@TheBrianKilmeadeShow,5.6018644366111925,78.5
@TheDailyBeast,@newdiscourses,5.602016482947464,78.51190476190476
@katiephangnews,@VivaFrei,5.60497418409199,78.54761904761904
@RestPoliticsUS,@SydneyWatson,5.605737426777542,78.56746031746032
@jimacosta,@TheOfficerTatum,5.606179857820504,78.57142857142857
@TheDailyBeast,@oann,5.606342143669894,78.57539682539682
@Vaush,@AfterPartyEmily,5.607130149065903,78.58730158730158
@dollemore,@bennyjohnson,5.607578062245769,78.60714285714285
@DoubleDownNews,@ActualJusticeWarrior,5.608523170714239,78.61507936507937
@underthedesknews,@FleccasTalks,5.609942466782976,78.64285714285715
@briantylercohen,@FleccasTalks,5.6110183674264,78.6547619047619
@TheJoyReidShow,@FleccasTalks,5.612658860490963,78.67460317460318
@ponderingpolitics,@BlazeTV,5.6129500867453475,78.67857142857143
@timesofindia,@TheAdamCarollaShow1,5.612986807375096,78.68253968253968
@rolandsmartin,@newdiscourses,5.613149638190159,78.68650793650794
@Vox,@oann,5.613647750183627,78.69444444444444
@marclamonthillnetwork,@Timcast,5.6138133380534985,78.6984126984127
@LeverNews,@newdiscourses,5.6138899555101816,78.7063492063492
@BadFaithPodcast,@JillianMichaels,5.614540413590934,78.72222222222223
@briantylercohen,@MattWalsh,5.615477294745642,78.73015873015873
@RonPlacone,@MattWalsh,5.615789087633397,78.73412698412699
@ponderingpolitics,@HangOutwithSeanHannity,5.616501331510683,78.73809523809524
@deanwithrs,@CashJordan,5.616955048487435,78.75396825396825
@MikeFromPA,@newdiscourses,5.617781319794656,78.76190476190476
@aljazeeraenglish,@lonerboxlive,5.617808561167207,78.76984126984127
@briantylercohen,@TimcastIRL,5.61876843318401,78.78968253968253
@bulwarkmedia,@PartOfTheProblem,5.6198147816309385,78.80555555555556
@BadEmpanadaLive,@FleccasTalks,5.620881435895042,78.81746031746032
@moreperfectunion,@MattWalsh,5.621386332322374,78.8373015873016
@adammockler,@nationalreview,5.624248005290665,78.88095238095238
@LeverNews,@marklevinshow,5.625311318230689,78.9047619047619
@ajplus,@MichaelMaliceofficial,5.626305228446281,78.91269841269842
@SkyNews,@RobertGouveiaEsq,5.626749284095384,78.91666666666667
@thegrayzone7996,@Tim_Black,5.627334630755484,78.93650793650794
@breakingpoints,@RealAlexClark,5.628726465739985,78.9563492063492
@CNN,@FleccasTalks,5.629037314757983,78.96428571428571
@Vox,@AnthonyBrianLogan,5.6301840809650345,78.98015873015873
@PiscoLitty,@SydneyWatson,5.635593889801594,79.02777777777777
@ponderingpolitics,@glennbeck,5.636512170559127,79.03968253968254
@marclamonthillnetwork,@MattWalsh,5.636700413282558,79.0515873015873
@bulwarkmedia,@RobertGouveiaEsq,5.637033408351688,79.05555555555556
@DemocracyNow,@DrSteveTurleyTV,5.637266516361744,79.05952380952381
@MeidasTouch,@MichaelMaliceofficial,5.639427351021266,79.08333333333334
@katiephangnews,@MrTariqNasheed,5.640346050129144,79.08730158730158
@UnHerd,@dineshdsouza,5.641853738905223,79.12698412698413
@thewarningwithsteveschmidt,@StevenCrowder,5.641924374337863,79.13492063492063
@DoubleDownNews,@dineshdsouza,5.642078175701729,79.14285714285715
@aljazeeraenglish,@marklevinshow,5.6461637798181465,79.18253968253968
@zeteo,@RobertGouveiaEsq,5.647961194033332,79.2063492063492
@DemocracyNow,https://rumble.com/c/russellbrand,5.649400181323598,79.21825396825398
@dollemore,@CashJordan,5.649585902041613,79.22222222222223
@TheEconomist,@MrTariqNasheed,5.650848778488917,79.23015873015873
@LukeBeasley,@lizwheeler,5.651176731801773,79.23809523809524
@thegrayzone7996,@BlazeTV,5.6520342526751985,79.25
@ponderingpolitics,@BlackConservativePerspective,5.652924348658557,79.27380952380952
@UnHerd,@TheOfficerTatum,5.654739720755486,79.29761904761905
@NPR,@ThePodcastoftheLotusEaters,5.655782217403707,79.30952380952381
@msnow,@AnthonyBrianLogan,5.657771173414627,79.32142857142857
@breakingpoints,@bennyjohnson,5.658068432247435,79.32539682539682
@ponderingpolitics,@TomiLahrenIsFearless,5.65862970462336,79.33333333333333
@GeopoliticalEconomyReport,@HangOutwithSeanHannity,5.658912815930729,79.3373015873016
@harryjsisson,@MichaelMaliceofficial,5.659946347442094,79.35317460317461
@TheRealTabithaSpeaks,@SydneyWatson,5.663952494138052,79.39682539682539
@NPR,@TimcastIRL,5.664947273886097,79.40873015873015
@GeopoliticalEconomyReport,@ActualJusticeWarrior,5.666649095191741,79.42460317460316
@aljazeeraenglish,@MichaelMaliceofficial,5.667119373694612,79.43253968253968
@BadFaithPodcast,@MarkDice,5.668059758070968,79.44444444444444
@PoliticsGirl,@newdiscourses,5.670221997000033,79.47222222222223
@LukeBeasley,@TheBrianKilmeadeShow,5.670882281953346,79.48015873015873
@JackCocchiarellaShow,@BlackConservativePerspective,5.674982626008385,79.51587301587301
@DoubleDownNews,@RealAlexClark,5.6754084981943596,79.52380952380952
@ponderingpolitics,@JesseKellyDC,5.6755105971031625,79.52777777777777
@harryjsisson,@PartOfTheProblem,5.676764491167948,79.54761904761905
@TheDamageReport,@newdiscourses,5.6778900823567255,79.56349206349206
@TheAtlantic,@NewsmaxTV,5.678083539611074,79.56746031746032
@DropSiteNews,@BlackConservativePerspective,5.680206492636065,79.58730158730158
@BreakThroughNews,@SydneyWatson,5.6802650831780355,79.59126984126983
@briantylercohen,@MarkDice,5.6802681279942036,79.5952380952381
@LukeBeasley,@FreshFitMiami,5.6814796466708675,79.61507936507937
@BadFaithPodcast,@RileyGaines,5.6823204980635955,79.61904761904762
@msnow,https://rumble.com/c/BannonsWarRoom,5.68275502915171,79.62698412698413
@katiephangnews,@ZubyMusic,5.683340595828354,79.63492063492063
@GeopoliticalEconomyReport,@TheBrianKilmeadeShow,5.684407215717988,79.64682539682539
@thedavidpakmanshow,@newdiscourses,5.6847937689010495,79.65476190476191
@HasanAbi,@AfterPartyEmily,5.685252831436132,79.6626984126984
@TheDamageReport,@NewsmaxTV,5.685454802421771,79.66666666666666
@breakingpoints,@CashJordan,5.688681751820412,79.6984126984127
@timesofindia,@fightbackpodcast,5.690119947426647,79.72222222222223
@harryjsisson,@newdiscourses,5.690227641132165,79.72619047619047
@DemocracyNow,@ActualJusticeWarrior,5.690403886949233,79.73412698412699
@DannyHaiphongYT,@RedactedNews,5.690627993771265,79.73809523809524
@fastpoliticspodcast,@MattWalsh,5.691230194692544,79.75
@GeopoliticalEconomyReport,https://rumble.com/c/nickjfuentes,5.691835131974742,79.76587301587301
@SecularTalk,@turningpointusa,5.692148390574034,79.76984126984127
@TheRealTabithaSpeaks,@TheQuartering,5.692280815686119,79.77380952380952
@DropSiteNews,@CashJordan,5.693413195938897,79.78571428571428
@TheDonLemonShow,@BlackConservativePerspective,5.693688902036117,79.78968253968254
@DylanBurnsLIVE,@FleccasTalks,5.695161594657465,79.79761904761905
@DemocracyDocket,@TheQuartering,5.695376731030408,79.8015873015873
@DropSiteNews,@FleccasTalks,5.696973666048061,79.82142857142858
@TheDailyBeast,@NewsmaxTV,5.697977889385837,79.83333333333333
@dollemore,@nationalreview,5.698981238315904,79.84126984126985
@katiephangnews,@CamHigby,5.699143927634501,79.84523809523809
@Vox,@nypost,5.69945974753871,79.85317460317461
@timesofindia,@RealAlexClark,5.699996940178401,79.86111111111111
@destiny,@bennyjohnson,5.700032253144693,79.86507936507937
@LegalEagle,@MichaelMaliceofficial,5.700496420894711,79.88492063492063
@Vox,@MichaelMaliceofficial,5.7009854401748035,79.8968253968254
@BadFaithPodcast,@ColemanHughesOfficial,5.702687075315028,79.91666666666667
@SMN,https://rumble.com/c/BannonsWarRoom,5.703250552050715,79.92857142857143
@katiephangnews,@clayandbuck,5.704342520154641,79.95238095238095
@DropSiteNews,@jlptalk,5.7043760530284695,79.9563492063492
@JamarlThomas,@bennyjohnson,5.7050953252841685,79.96428571428571
@BadFaithPodcast,@chicksonright,5.706170164444713,79.97222222222223
@BadFaithPodcast,@triggerpod,5.706204181034669,79.97619047619048
@MeidasTouch,@newdiscourses,5.707838067210707,79.9920634920635
@DylanBurnsLIVE,@DrSteveTurleyTV,5.708398963568982,80.0
@LukeBeasley,@ColemanHughesOfficial,5.709186357936922,80.0079365079365
@TheMajorityReport,@FleccasTalks,5.710386557240994,80.01587301587301
@LeejaMiller,@RobertGouveiaEsq,5.711777745258692,80.02777777777777
@MeidasTouch,@turningpointusa,5.712157599479439,80.03174603174602
@TheLincolnProject,@RealAlexClark,5.713034371481204,80.03968253968254
@CNN,@RobertGouveiaEsq,5.713770073671201,80.04365079365078
@thegrayzone7996,@PragerU,5.7154176164240855,80.06349206349206
@RestPoliticsUS,@NewsmaxTV,5.715564849001014,80.07142857142857
@cafedotcom,@TheOfficerTatum,5.716440916542626,80.0952380952381
@DemocracyDocket,@jlptalk,5.717390196696831,80.11111111111111
@OwenJonesTalks,@NewsmaxTV,5.718472001341762,80.11904761904762
@deanwithrs,@nationalreview,5.71994445176614,80.13888888888889
@underthedesknews,@bennyjohnson,5.719944659225291,80.14285714285714
@DylanBurnsLIVE,@VivaFrei,5.7206556225124165,80.14682539682539
@DoubleDownNews,@Styxhexenhammer666,5.720957491544918,80.15873015873017
@LeverNews,@lonerboxlive,5.721726302991058,80.17063492063492
@TheDamageReport,@nationalreview,5.722587950557261,80.17857142857143
@JamarlThomas,@nationalreview,5.723381644359554,80.19047619047619
@DoubleDownNews,@ThePodcastoftheLotusEaters,5.726133483351907,80.22619047619047
@TheDailyBeast,@RealAmericasVoice,5.726976407416843,80.23809523809524
@SMN,@jlptalk,5.729096026822246,80.25
@Xanderhal,@BlackConservativePerspective,5.729986635150908,80.27380952380952
@ponderingpolitics,@StevenCrowder,5.73171416409213,80.28571428571428
@DylanBurnsLIVE,@AfterPartyEmily,5.732059290809282,80.2936507936508
@adammockler,@CashJordan,5.735606427833247,80.32936507936508
@harryjsisson,@AfterPartyEmily,5.735768702424479,80.33333333333333
@TheDailyBeast,@MichaelMaliceofficial,5.737622360555107,80.34523809523809
@TheDamageReport,@MichaelMaliceofficial,5.7396347604688245,80.38095238095238
@PiscoLitty,@ColemanHughesOfficial,5.73977861487565,80.38492063492063
@cafedotcom,https://rumble.com/c/russellbrand,5.740311889927232,80.39285714285714
@moreperfectunion,@TheAmalaEkpunobi,5.741937586823852,80.41269841269842
@timesofindia,@TheOfficerTatum,5.7437751560889065,80.43253968253968
@rolandsmartin,https://rumble.com/c/BannonsWarRoom,5.74396720784048,80.43650793650794
@timesofindia,@MyronGainesX,5.744260058423051,80.44444444444444
@briantylercohen,@MegynKelly,5.744547117080227,80.4484126984127
@ponderingpolitics,@TimcastIRL,5.744934101099127,80.45634920634922
@HasanAbi,@RealAlexClark,5.745058196995026,80.46031746031747
@OwenJonesTalks,@RealAlexClark,5.745249906431664,80.46428571428571
@JamarlThomas,@RobertGouveiaEsq,5.74690518828323,80.48809523809524
@msnow,@ColemanHughesOfficial,5.747248435142559,80.49603174603175
@MeidasTouch,@PartOfTheProblem,5.748338538731865,80.51190476190476
@usefulidiots,@nationalreview,5.7484734736883585,80.51587301587301
@lovettorleaveitpodcast,@NewsmaxTV,5.749081747065622,80.52380952380952
@TheHumanistReport,@TimcastIRL,5.749353376072496,80.52777777777777
@UnHerd,@PragerU,5.75023710010599,80.53968253968254
@CNN,@triggerpod,5.75456860606187,80.58730158730158
@katiephangnews,@marklevinshow,5.754601951372688,80.59126984126983
@briantylercohen,@VivaFrei,5.7574563331466875,80.60714285714286
@JamarlThomas,@The_Crucible,5.759019184175011,80.62698412698413
@timesofindia,@Tim_Black,5.7591038191047526,80.63095238095238
@OwenReport,@BlackConservativePerspective,5.759279548743749,80.63492063492063
@LegalEagle,@NewsmaxTV,5.75963505533275,80.64285714285714
@destiny,@RealAlexClark,5.760677239389836,80.64682539682539
@TheDailyBeast,@AnthonyBrianLogan,5.7623711464628276,80.6626984126984
@Vaush,@FleccasTalks,5.763386891070045,80.67460317460318
@cafedotcom,@newdiscourses,5.763443987923602,80.67857142857143
@ponderingpolitics,@RealDanBongino,5.763499878286216,80.68650793650794
@NPR,@triggerpod,5.7638768896161325,80.6984126984127
@RonPlacone,@ActualJusticeWarrior,5.764490487626444,80.71428571428572
@TheHumanistReport,@jlptalk,5.765777467267712,80.72619047619047
@LukeBeasley,@RufoandLomez,5.7671685681912805,80.73809523809524
@katiephangnews,@morebridgetphetasy,5.768263940088937,80.74603174603175
@MeidasTouch,@NewsmaxTV,5.768926251557965,80.75396825396825
@HasanAbi,@CashJordan,5.769601197736058,80.76190476190476
@marclamonthillnetwork,@TimcastNews,5.771854812974773,80.78571428571428
@judgingfreedom,@BlackConservativePerspective,5.7732231966636,80.79761904761905
@TheDailyBeast,@X22Report-y5y,5.77396778749326,80.80555555555556
@adammockler,@RealAlexClark,5.775228241433308,80.82142857142857
@katiephangnews,@MLChristiansen,5.776588956532685,80.84126984126983
@bulwarkmedia,@SydneyWatson,5.776669746793488,80.84523809523809
@rolandsmartin,@TimcastIRL,5.777312145712092,80.85714285714286
@LukeBeasley,@oann,5.777594172529784,80.87698412698413
@GeopoliticalEconomyReport,@TomiLahrenIsFearless,5.777923466817489,80.88095238095238
@Vox,@TheAdamCarollaShow1,5.778239179407615,80.89285714285714
@lovettorleaveitpodcast,@newdiscourses,5.7788058326366505,80.91269841269842
@katiephangnews,@lonerboxlive,5.783850229295308,80.96031746031747
@LukeBeasley,@SaltyCracker,5.783990001198076,80.96428571428571
@GeopoliticalEconomyReport,@AfterPartyEmily,5.784288096197162,80.96825396825396
@thomhartmann,@bennyjohnson,5.784498029306907,80.97619047619048
@katiephangnews,@DarkHorsePod,5.785741845922161,80.98015873015873
@marclamonthillnetwork,@BlackConservativePerspective,5.785965510707882,80.98412698412699
@ponderingpolitics,@TheBrianKilmeadeShow,5.787180231234105,81.01190476190476
@aljazeeraenglish,@nationalreview,5.7883327823156225,81.02777777777777
@BadFaithPodcast,@SaltyCracker,5.790442674858496,81.04761904761905
@TheAtlantic,@SydneyWatson,5.791056396849142,81.0515873015873
@harryjsisson,@X22Report-y5y,5.791826922735167,81.06746031746032
@StatusCoup,@turningpointusa,5.793493869629041,81.09126984126985
@TheDailyBeast,@LiberalHivemind,5.794044519481681,81.10714285714286
@GeopoliticalEconomyReport,@TheQuartering,5.795978510584424,81.13095238095238
@DannyHaiphongYT,@fightbackpodcast,5.796678823560948,81.1388888888889
@harryjsisson,@FleccasTalks,5.797016005462643,81.14285714285714
@jimacosta,@The_Crucible,5.798256559747439,81.15476190476191
@TheDailyBeast,@MLChristiansen,5.79939143912593,81.17063492063492
@NovaraMedia,@FleccasTalks,5.799614138691813,81.17857142857143
@briantylercohen,@ColemanHughesOfficial,5.8008525168779075,81.19047619047619
@ponderingpolitics,@SydneyWatson,5.802033457066751,81.21031746031746
@TheDonLemonShow,@bennyjohnson,5.802047866375445,81.21428571428572
@nousnetwork,@SydneyWatson,5.8037285927185085,81.23809523809524
@ponderingpolitics,@Tim_Black,5.804695233176655,81.24603174603175
@ponderingpolitics,@Styxhexenhammer666,5.80503885295004,81.25
@TheDailyBeast,@TheAdamCarollaShow1,5.805319587264453,81.25396825396825
@GeopoliticalEconomyReport,@RealAmericasVoice,5.807035889425508,81.26587301587301
@PoliticsGirl,@MegynKelly,5.807847005412947,81.27380952380953
@LukeBeasley,@ThePodcastoftheLotusEaters,5.807933695096571,81.27777777777779
@Vox,@TimcastIRL,5.809253868875611,81.2936507936508
@GeopoliticalEconomyReport,@nypost,5.809405751075705,81.29761904761905
@thewarningwithsteveschmidt,@theisabelbrown,5.811877902105655,81.30952380952381
@SkyNews,@PartOfTheProblem,5.812424888417162,81.32142857142857
@DemocracyNow,@TimcastNews,5.8129949706507995,81.32539682539682
@katiephangnews,@RedactedNews,5.814268541086408,81.33333333333333
@Vox,@Timcast,5.815225533655321,81.34920634920636
@briantylercohen,@newdiscourses,5.815982848105192,81.3611111111111
@timesofindia,@AfterPartyEmily,5.816916166028021,81.37301587301587
@lovettorleaveitpodcast,@TimcastIRL,5.8174112910489955,81.38492063492063
@timesofindia,@AnthonyBrianLogan,5.818783272312814,81.39285714285714
@TheDailyBeast,https://rumble.com/c/nickjfuentes,5.819027532358017,81.40079365079364
@lovettorleaveitpodcast,@SydneyWatson,5.820442071712458,81.40873015873015
@BadEmpanadaLive,@BlackConservativePerspective,5.8220913347908585,81.42857142857143
@FarronBalanced,@RealAlexClark,5.822978455374625,81.43650793650794
@fastpoliticspodcast,https://rumble.com/c/russellbrand,5.8237769228500085,81.4484126984127
@PiscoLitty,@triggerpod,5.82602088820507,81.47222222222223
@thewarningwithsteveschmidt,@TimcastIRL,5.8269922701355386,81.48809523809524
@CNN,@ActualJusticeWarrior,5.827772330827639,81.49603174603175
@TheJoyReidShow,@bennyjohnson,5.828551588313564,81.51587301587301
@JamarlThomas,@FoxNews,5.831249803487278,81.54761904761905
@katiephangnews,@MarkDice,5.83226242695525,81.56349206349206
@bulwarkmedia,@TheQuartering,5.8328315117057175,81.56746031746032
@StatusCoup,@PartOfTheProblem,5.835175852252297,81.58333333333333
@cafedotcom,@TheAmalaEkpunobi,5.835398016444473,81.58730158730158
@DemocracyDocket,@bennyjohnson,5.837411694471453,81.5952380952381
@Vox,@triggerpod,5.839042291665407,81.60714285714286
@aljazeeraenglish,@RobertGouveiaEsq,5.840518841827608,81.61904761904762
@PoliticsGirl,@BlazeTV,5.84097043047133,81.62698412698413
@zeteo,https://rumble.com/c/BannonsWarRoom,5.841837441075801,81.65079365079364
@Xanderhal,@RealAlexClark,5.84330521150857,81.66666666666667
@samharrisorg,@SydneyWatson,5.845741504675524,81.69047619047619
@msnow,@The_Crucible,5.8472204406348,81.70238095238095
@GeopoliticalEconomyReport,@MLChristiansen,5.8472266176238215,81.7063492063492
@LegalAFMTN,@CashJordan,5.848509194489275,81.72619047619048
@fastpoliticspodcast,@TimcastNews,5.849202399360416,81.73412698412699
@DemocracyNow,@Timcast,5.850196921689686,81.73809523809524
@cafedotcom,@Timcast,5.851301445109525,81.76984126984127
@msnow,@Styxhexenhammer666,5.852117086062463,81.78571428571428
@GlennKirschner2,@bennyjohnson,5.852325282876825,81.78968253968254
@GeopoliticalEconomyReport,@DarkHorsePod,5.8532521381576155,81.8015873015873
@msnow,@TimcastNews,5.853597302365094,81.81349206349206
@DannyHaiphongYT,@VivaFrei,5.853904788747779,81.82142857142857
@SMN,@BlackConservativePerspective,5.853965557083307,81.82539682539682
@fastpoliticspodcast,@TimcastIRL,5.858543179699803,81.90079365079364
@therationalnational,@BlackConservativePerspective,5.858845060045231,81.9047619047619
@ajplus,@SydneyWatson,5.858923629017745,81.90873015873017
@BreakThroughNews,@CashJordan,5.860199819616983,81.92460317460318
@moreperfectunion,@JillianMichaels,5.86362306768932,81.95238095238095
@timesofindia,@glennbeck,5.864708819619458,81.96825396825396
@ponderingpolitics,@marklevinshow,5.864771319777491,81.97222222222223
@marclamonthillnetwork,@TheQuartering,5.86498736711314,81.98015873015872
@katiephangnews,@glennbeck,5.866689448459715,81.99603174603175
@TheAtlantic,@VivaFrei,5.867979134297649,82.02777777777777
@thewarningwithsteveschmidt,@JustPearlyThings,5.86812205971083,82.03174603174604
@aljazeeraenglish,@dineshdsouza,5.868373534933379,82.03571428571429
@RonPlacone,@nationalreview,5.869610483305923,82.04761904761905
@rolandsmartin,@PartOfTheProblem,5.872195497775962,82.05952380952381
@thedavidpakmanshow,@RealAlexClark,5.872252444443219,82.06349206349206
@ponderingpolitics,@turningpointusa,5.873892680529566,82.07142857142857
@timesofindia,@OfficialSaharTV,5.874573274426599,82.07936507936508
@BadFaithPodcast,@RedactedNews,5.874856459410647,82.08730158730158
@NYTPodcasts,@FleccasTalks,5.874884478603892,82.09126984126985
@Vaush,@RealAlexClark,5.8749579639303,82.0952380952381
@OwenReport,@bennyjohnson,5.877194392902597,82.14682539682539
@underthedesknews,https://rumble.com/c/BannonsWarRoom,5.8772749646549425,82.15079365079364
@podsaveamerica,@FleccasTalks,5.877531649275589,82.15476190476191
@thegrayzone7996,@MegynKelly,5.877687723467104,82.15873015873015
@LukeBeasley,@TomiLahrenIsFearless,5.878088912611225,82.16666666666667
@PiscoLitty,@PartOfTheProblem,5.878463379520626,82.17063492063492
@aljazeeraenglish,@MattWalsh,5.878507921867118,82.17460317460318
@ajplus,@TheOfficerTatum,5.879368426990265,82.18650793650794
@NYTPodcasts,@jlptalk,5.8811316405137175,82.21031746031746
@msnow,@lizwheeler,5.881249724627374,82.21428571428572
@LukeBeasley,@nypost,5.881740901202675,82.22222222222221
@SabbySabs,@Tim_Black,5.8823660627581935,82.23015873015873
@NPR,@DrSteveTurleyTV,5.883284210564046,82.2420634920635
@TheDamageReport,@TimcastIRL,5.886202143532118,82.2579365079365
@ajplus,@ActualJusticeWarrior,5.889395659793229,82.27777777777779
@nytimes,@Timcast,5.8899013344814275,82.28174603174602
@LukeBeasley,@JesseKellyDC,5.890814180299109,82.28571428571428
@msnow,@RealAlexClark,5.8920724982345085,82.2936507936508
@briantylercohen,@MichaelMaliceofficial,5.892649996283608,82.3015873015873
@msnow,@marklevinshow,5.893088909427858,82.30952380952381
@aljazeeraenglish,@AfterPartyEmily,5.893219920314123,82.31746031746032
@TheHumanistReport,https://rumble.com/c/BannonsWarRoom,5.895065827083223,82.3373015873016
@DannyHaiphongYT,@chicksonright,5.895364163660508,82.34126984126983
@usefulidiots,@TimcastIRL,5.89699565512838,82.35714285714286
@BadFaithPodcast,@MrTariqNasheed,5.898348223377904,82.38095238095238
@DemocracyDocket,@SydneyWatson,5.899942316651189,82.38888888888889
@GeopoliticalEconomyReport,@TheAdamCarollaShow1,5.900155086243612,82.3968253968254
@thewarningwithsteveschmidt,@Styxhexenhammer666,5.9031547402580795,82.41269841269842
@TheLincolnProject,@bennyjohnson,5.903336452583299,82.42063492063491
@briantylercohen,@bennyjohnson,5.9034400426730125,82.42460317460318
@LukeBeasley,@Styxhexenhammer666,5.905958301358645,82.47619047619048
@BadFaithPodcast,@morebridgetphetasy,5.908595754648236,82.4920634920635
@therationalnational,@jlptalk,5.908731967578904,82.5
@katiephangnews,@FoxNews,5.908746625522086,82.50396825396825
@Vox,@newdiscourses,5.90998828918148,82.51984126984127
@aljazeeraenglish,@BlazeTV,5.910122142094817,82.52380952380952
@FarronBalanced,@FleccasTalks,5.911111837688273,82.5436507936508
@fastpoliticspodcast,@DrSteveTurleyTV,5.9113439261751894,82.54761904761905
@moreperfectunion,@StevenCrowder,5.91458927714317,82.57936507936508
@fastpoliticspodcast,@The_Crucible,5.91518916942896,82.58730158730158
@therationalnational,@FleccasTalks,5.915597248461961,82.59126984126985
@GlennKirschner2,@FleccasTalks,5.916213086015957,82.6031746031746
@thewarningwithsteveschmidt,@clayandbuck,5.91796972624921,82.62301587301587
@katiephangnews,@AndrewKlavan,5.919650799329387,82.65079365079366
@LukeBeasley,@bennyjohnson,5.91973491052618,82.65476190476191
@Vox,@MegynKelly,5.9207939218966406,82.6626984126984
@TheDamageReport,@dineshdsouza,5.921685034815675,82.67460317460318
@cafedotcom,@bennyjohnson,5.922199867533866,82.68650793650794
@katiephangnews,@BlazeTV,5.9253447736648805,82.71031746031746
@Vox,@TheQuartering,5.927030094467949,82.72222222222221
@TheDailyBeast,@The_Crucible,5.928488224495746,82.73809523809523
@NPR,@newdiscourses,5.930724012301266,82.75396825396825
@Vox,@MLChristiansen,5.9310283337546625,82.76190476190476
@BadFaithPodcast,@marklevinshow,5.932794506606396,82.78571428571428
@aljazeeraenglish,@newdiscourses,5.934498331038718,82.79761904761904
@BadFaithPodcast,@OfficialSaharTV,5.934897216062785,82.81746031746032
@StatusCoup,@SydneyWatson,5.9356285416576196,82.82539682539682
@CNN,@RealAlexClark,5.936652511734208,82.84126984126983
@aljazeeraenglish,@triggerpod,5.936696409431841,82.84523809523809
@thegrayzone7996,@nationalreview,5.937507809679725,82.85317460317461
@RestPoliticsUS,@BlackConservativePerspective,5.941243070071672,82.88095238095238
@GeopoliticalEconomyReport,@TheOfficerTatum,5.942103496089717,82.88888888888889
@katiephangnews,@PragerU,5.943035527968493,82.9047619047619
@LukeBeasley,@VivaFrei,5.944263863428708,82.92460317460318
@SabbySabs,@nationalreview,5.944301228672577,82.92857142857143
@msnow,@CashJordan,5.944746293534676,82.93253968253968
@LeverNews,@TheOfficerTatum,5.945424216838211,82.94444444444444
@thegrayzone7996,@VivaFrei,5.946654602298268,82.96825396825398
@thewarningwithsteveschmidt,@RileyGaines,5.946998106418156,82.98015873015872
@harryjsisson,@RealAlexClark,5.947863367368165,82.99603174603175
@underthedesknews,@jlptalk,5.948356239989639,83.01190476190476
@Forthepeoplepodcast305,@FleccasTalks,5.95496215285729,83.08730158730158
@timesofindia,@RileyGaines,5.956574149815426,83.09126984126985
@briantylercohen,@AfterPartyEmily,5.95660960270388,83.0952380952381
@CNN,@CashJordan,5.958714290988984,83.11507936507937
@BreakThroughNews,https://rumble.com/c/BannonsWarRoom,5.9602702763472095,83.12301587301587
@RonPlacone,@TheQuartering,5.960387912925824,83.12698412698413
@Vox,@RealAlexClark,5.962248096518969,83.13888888888889
@nytimes,@TimcastIRL,5.9647501803585055,83.17460317460318
@destiny,@CashJordan,5.964860735026959,83.17857142857143
@Politicon,@FleccasTalks,5.965393319152411,83.18650793650794
@NPR,@The_Crucible,5.965472688406606,83.19047619047619
@thedavidpakmanshow,@FleccasTalks,5.967888366844847,83.21825396825396
@MikeFromPA,@FleccasTalks,5.9679606639683636,83.22222222222221
@moreperfectunion,@JustPearlyThings,5.97197129144478,83.24603174603175
@Vaush,@BlackConservativePerspective,5.97452847419316,83.26984126984127
@JamarlThomas,@TheQuartering,5.975059409416124,83.27380952380953
@dollemore,@jlptalk,5.97539616792273,83.28174603174602
@fastpoliticspodcast,@LiberalHivemind,5.976975407110013,83.28968253968254
@thewarningwithsteveschmidt,@ThePodcastoftheLotusEaters,5.977089947329231,83.2936507936508
@PoliticsGirl,@lonerboxlive,5.977848536284798,83.29761904761904
@moreperfectunion,@AndrewKlavan,5.978841834250388,83.30952380952381
@ajplus,@TheQuartering,5.978986601857906,83.31746031746032
@DannyHaiphongYT,@SaltyCracker,5.980405037703204,83.33333333333334
@BadEmpanadaLive,@bennyjohnson,5.981953879512401,83.35317460317461
@jimacosta,@newdiscourses,5.984961669648098,83.36507936507937
@jimacosta,@bennyjohnson,5.98593240527998,83.37698412698413
@SecularTalk,@jlptalk,5.986364675641144,83.38095238095238
@Xanderhal,@CashJordan,5.9874568772156715,83.39285714285715
@GeopoliticalEconomyReport,@oann,5.9884269024498655,83.39682539682539
@thegrayzone7996,@AfterPartyEmily,5.990698016420328,83.41269841269842
@aljazeeraenglish,@VivaFrei,5.9960769071113695,83.44444444444444
@LukeBeasley,@MegynKelly,5.996541444221411,83.45634920634922
@MeidasTouch,@nationalreview,5.998852387451979,83.47619047619048
@zeteo,@SydneyWatson,6.000683401696423,83.4920634920635
@RonPlacone,@bennyjohnson,6.00072973953323,83.49603174603175
@TheDailyBeast,@VivaFrei,6.001405275736415,83.5
@JackCocchiarellaShow,@RealAlexClark,6.002289305405709,83.51984126984127
@JamarlThomas,@PartOfTheProblem,6.00288234264168,83.52777777777777
@HasanAbi,@BlackConservativePerspective,6.004269430320972,83.54761904761905
@JamarlThomas,@SydneyWatson,6.004375882283731,83.5515873015873
@usefulidiots,@NewsmaxTV,6.008340438722305,83.57936507936508
@LukeBeasley,@HangOutwithSeanHannity,6.011738407519557,83.61111111111111
@LeverNews,@FoxNews,6.014677911724838,83.63888888888889
@moreperfectunion,@ZubyMusic,6.015170904889384,83.64285714285714
@rolandsmartin,@nationalreview,6.017006818201018,83.67063492063492
@nytimes,@TheQuartering,6.017016415601008,83.67460317460318
@thewarningwithsteveschmidt,@BenShapiro,6.0172417446294,83.67857142857143
@DoubleDownNews,@MichaelMaliceofficial,6.019436140169719,83.7063492063492
@katiephangnews,@RileyGaines,6.019976989726414,83.71031746031747
@katiephangnews,@AlexStein99,6.020909270545777,83.71825396825396
@msnow,https://rumble.com/c/nickjfuentes,6.023958758992315,83.73412698412699
@ponderingpolitics,@X22Report-y5y,6.024821490459819,83.73809523809524
@moreperfectunion,@ChadPrather1,6.02695540318847,83.75396825396825
@harryjsisson,@NewsmaxTV,6.027270079908382,83.7579365079365
@TheMajorityReport,@BlackConservativePerspective,6.028505641774549,83.76190476190476
@katiephangnews,https://rumble.com/c/russellbrand,6.0296663454361115,83.77380952380953
@LegalAFMTN,@nationalreview,6.030359909241417,83.78571428571429
@TheRealTabithaSpeaks,@jlptalk,6.031314275968428,83.78968253968254
@moreperfectunion,@RileyGaines,6.032118564100702,83.80952380952381
@DannyHaiphongYT,@TheOfficerTatum,6.033662654772453,83.81349206349206
@timesofindia,@FreshFitMiami,6.0342767772301125,83.81746031746032
@CNN,@PartOfTheProblem,6.035445239580925,83.82539682539682
@DoubleDownNews,@NewsmaxTV,6.035938351049341,83.82936507936508
@GlennKirschner2,@BlackConservativePerspective,6.036528155774448,83.83333333333334
@nousnetwork,@FleccasTalks,6.036837297842609,83.83730158730158
@NPR,@dineshdsouza,6.037742042014251,83.84126984126983
@destiny,@BlackConservativePerspective,6.039128714092897,83.85714285714285
@LukeBeasley,@MLChristiansen,6.040008343857905,83.86507936507937
@SkyNews,@CashJordan,6.040050174205668,83.86904761904762
@ajplus,@VivaFrei,6.041623928575405,83.87698412698413
@thewarningwithsteveschmidt,@TheAmalaEkpunobi,6.042178745444845,83.88095238095238
@TheEconomist,@morebridgetphetasy,6.042818579578592,83.88492063492063
@thewarningwithsteveschmidt,@morebridgetphetasy,6.042845002082154,83.88888888888889
@OwenReport,@FleccasTalks,6.042902770660901,83.89285714285715
@katiephangnews,@theisabelbrown,6.04509827178441,83.91666666666666
@underthedesknews,@SydneyWatson,6.046464206901716,83.93650793650794
@LukeBeasley,@AfterPartyEmily,6.051008182797472,83.9920634920635
@katiephangnews,@RealDanBongino,6.052006921590161,83.99603174603175
@UnHerd,@lonerboxlive,6.052417707218145,84.00396825396825
@Vox,@PartOfTheProblem,6.052546265486643,84.0079365079365
@RebelHQ,@RealAlexClark,6.0531136272071775,84.01190476190476
@PoliticsGirl,@AfterPartyEmily,6.053389487554578,84.01587301587301
@PTLRadioShow,@CashJordan,6.053391054371094,84.01984126984127
@GeopoliticalEconomyReport,@PartOfTheProblem,6.054669260627782,84.0436507936508
@BadFaithPodcast,@JesseKellyDC,6.056151943293007,84.05952380952381
@DannyHaiphongYT,@X22Report-y5y,6.056510409821755,84.06746031746032
@DannyHaiphongYT,@OfficialSaharTV,6.058439706762227,84.08730158730158
@Vox,@DrSteveTurleyTV,6.058471966091618,84.09126984126985
@SabbySabs,@RealAlexClark,6.05996678292422,84.09920634920634
@msnow,@TheOfficerTatum,6.061836360601917,84.11507936507937
@aljazeeraenglish,@FleccasTalks,6.062270405464171,84.12301587301587
@DannyHaiphongYT,@clayandbuck,6.062525109940565,84.13095238095238
@NYTPodcasts,@SydneyWatson,6.062545831160346,84.13492063492065
@MikeFromPA,@bennyjohnson,6.064423191418052,84.14682539682539
@PiscoLitty,@NewsmaxTV,6.06495296957392,84.15476190476191
@msnow,@turningpointusa,6.065475779942841,84.16666666666667
@DoubleDownNews,@nationalreview,6.067210804772183,84.17857142857143
@fastpoliticspodcast,@dineshdsouza,6.068943323477738,84.19444444444444
@thewarningwithsteveschmidt,@SaltyCracker,6.070398155766562,84.21428571428572
@katiephangnews,@X22Report-y5y,6.071305738244015,84.22222222222221
@cafedotcom,@ThePodcastoftheLotusEaters,6.071736333410347,84.23015873015873
@TheDailyBeast,@DrSteveTurleyTV,6.0746621560147736,84.26190476190476
@Vox,@lonerboxlive,6.076065947601027,84.27380952380953
@BadEmpanadaLive,@RealAlexClark,6.078664886344871,84.2936507936508
@timesofindia,@SaltyCracker,6.078701169730131,84.29761904761904
@BadFaithPodcast,@GrahamAllen,6.07891327997638,84.3015873015873
@moreperfectunion,@TimcastIRL,6.079432118557296,84.30952380952381
@LukeBeasley,@Tim_Black,6.0807658300677305,84.32539682539682
@thewarningwithsteveschmidt,@AlexStein99,6.082252687213226,84.33333333333334
@Politicon,@bennyjohnson,6.083382421477491,84.34126984126983
@DueDissidence,@nationalreview,6.084131581937644,84.35317460317461
@thewarningwithsteveschmidt,@JesseKellyDC,6.087857984297905,84.37698412698413
@fastpoliticspodcast,@FoxNews,6.091358990348271,84.41269841269842
@marclamonthillnetwork,@nationalreview,6.092341781918146,84.42063492063492
@UnHerd,@MegynKelly,6.094353345703064,84.42460317460318
@nytimes,@RobertGouveiaEsq,6.094635175257166,84.43253968253968
@ponderingpolitics,@ThePodcastoftheLotusEaters,6.094878299819656,84.43650793650794
@msnow,@Timcast,6.095416253611133,84.44444444444444
@DannyHaiphongYT,@MegynKelly,6.09668382398975,84.4484126984127
@briantylercohen,@turningpointusa,6.097156040098834,84.46031746031746
@moreperfectunion,@RubinReport,6.097628510840768,84.46428571428571
@katiephangnews,@TomiLahrenIsFearless,6.098367698274263,84.47619047619047
@moreperfectunion,@MarkDice,6.099062586218306,84.48809523809524
@fastpoliticspodcast,@TheQuartering,6.100460899829379,84.4920634920635
@TheDailyBeast,@lonerboxlive,6.100640450135729,84.49603174603175
@RonPlacone,@TimcastNews,6.101007442463178,84.50396825396825
@ponderingpolitics,@TheAmalaEkpunobi,6.102871702888771,84.52380952380952
@aaronparnas1,@FoxNews,6.102902420390275,84.52777777777779
@LegalEagle,@bennyjohnson,6.105441316889356,84.55952380952381
@nytimes,@ActualJusticeWarrior,6.105648795087611,84.56349206349206
@SkyNews,@FleccasTalks,6.107813127679664,84.57539682539682
@timesofindia,@chicksonright,6.109363440517352,84.5873015873016
@ponderingpolitics,@theisabelbrown,6.113488719281945,84.62301587301587
@moreperfectunion,@RealDanBongino,6.114050685686874,84.63492063492063
@PoliticsGirl,@RobertGouveiaEsq,6.115807076409055,84.64682539682539
@ponderingpolitics,@RealAlexClark,6.116048419799252,84.65079365079366
@ponderingpolitics,@bbrettcooper,6.118563717126762,84.68253968253968
@LukeBeasley,@lonerboxlive,6.118820748989481,84.68650793650794
@moreperfectunion,@MrTariqNasheed,6.118828120803907,84.69047619047619
@thewarningwithsteveschmidt,@Tim_Black,6.121303253205932,84.71428571428572
@moreperfectunion,@BenShapiro,6.1224247380866155,84.72619047619048
@thewarningwithsteveschmidt,@MrTariqNasheed,6.123580221763581,84.73412698412699
@TheMichaelCohenShow,@jlptalk,6.123985663333206,84.75
@marclamonthillnetwork,@TimcastIRL,6.124940106931529,84.75396825396825
@TheDonLemonShow,@FleccasTalks,6.125559648204147,84.7579365079365
@DannyHaiphongYT,@AfterPartyEmily,6.126230763016669,84.76587301587301
@katiephangnews,@Styxhexenhammer666,6.127061070076539,84.77777777777777
@BadFaithPodcast,@glennbeck,6.128601439433416,84.7936507936508
@ponderingpolitics,@NewsmaxTV,6.1290352043403225,84.8015873015873
@SMN,@FleccasTalks,6.129722147651208,84.80555555555556
@MeidasTouch,@RealAlexClark,6.131747204607784,84.83730158730158
@SkyNews,@BlackConservativePerspective,6.1318294625855145,84.84126984126983
@TheJoyReidShow,https://rumble.com/c/BannonsWarRoom,6.132699167618925,84.85317460317461
@LukeBeasley,@MichaelMaliceofficial,6.132976711930638,84.86111111111111
@zeteo,@bennyjohnson,6.133022874037104,84.86507936507937
@GeopoliticalEconomyReport,@dineshdsouza,6.134892723069617,84.88492063492063
@Forthepeoplepodcast305,@CashJordan,6.13521873150352,84.89285714285715
@DannyHaiphongYT,@RealAmericasVoice,6.135266200760873,84.89682539682539
https://rumble.com/c/GGreenwald,@SydneyWatson,6.135829725652383,84.9047619047619
@SecularTalk,@newdiscourses,6.1362767927612625,84.90873015873017
@msnow,@ThePodcastoftheLotusEaters,6.1368429746921285,84.91666666666666
@timesofindia,@RebelNewsOnline,6.1388501450005055,84.92857142857143
@msnow,@bennyjohnson,6.139634145762257,84.94444444444444
@aljazeeraenglish,@PartOfTheProblem,6.140057153239152,84.95238095238096
@TheEconomist,@StevenCrowder,6.141694922827686,84.96825396825398
@LeverNews,@The_Crucible,6.1423264853613775,84.97222222222223
@SecularTalk,@nationalreview,6.145071911456524,84.98809523809524
@MeidasTouch,@CashJordan,6.147935480089689,85.03174603174604
@timesofindia,@DrSteveTurleyTV,6.1486909280839885,85.0515873015873
@briantylercohen,@X22Report-y5y,6.149256300510295,85.06746031746032
@aljazeeraenglish,@BlackConservativePerspective,6.152111312425559,85.07936507936508
@CNN,@DrSteveTurleyTV,6.156756936111957,85.11111111111111
@RonPlacone,@jlptalk,6.1582651246948,85.12698412698413
@PTLRadioShow,@jlptalk,6.162293000332406,85.15873015873015
@katiephangnews,@triggerpod,6.163338295369047,85.17063492063492
@lovettorleaveitpodcast,@FoxNews,6.1653606020354825,85.18253968253968
@timesofindia,@GrahamAllen,6.165491011998949,85.19047619047619
@thewarningwithsteveschmidt,@AndrewKlavan,6.1680933399202384,85.21825396825396
@BadFaithPodcast,@Styxhexenhammer666,6.168639739062926,85.23015873015873
@DannyHaiphongYT,@TomiLahrenIsFearless,6.169158719457947,85.23809523809524
@katiephangnews,@MegynKelly,6.169431770044856,85.2420634920635
@lovettorleaveitpodcast,@dineshdsouza,6.169909862169754,85.24603174603175
@RonPlacone,@Timcast,6.170982841497572,85.25396825396825
@LukeBeasley,@ActualJusticeWarrior,6.171266197211165,85.2579365079365
@harryjsisson,@turningpointusa,6.175215631384604,85.29365079365078
@samharrisorg,@bennyjohnson,6.176891355404095,85.30952380952381
@GeopoliticalEconomyReport,@triggerpod,6.181600731407393,85.35714285714285
@LeverNews,@PartOfTheProblem,6.182283654673374,85.36111111111111
@SMN,@CashJordan,6.1854714199242,85.41269841269842
@bulwarkmedia,@jlptalk,6.1861064524425515,85.42063492063492
@GlennKirschner2,@jlptalk,6.1894937943829085,85.45238095238096
@BadFaithPodcast,@AndrewKlavan,6.189971375709396,85.46031746031746
@TheJoyReidShow,@jlptalk,6.190083736607139,85.46428571428571
@thegrayzone7996,@FleccasTalks,6.19156149018085,85.48015873015873
@DoubleDownNews,@jlptalk,6.192392209618741,85.48412698412699
@BadFaithPodcast,@lizwheeler,6.193094800142959,85.48809523809524
@LegalEagle,@FleccasTalks,6.193175605687607,85.4920634920635
@thomhartmann,@BlackConservativePerspective,6.1934110881312225,85.49603174603175
@briantylercohen,@PartOfTheProblem,6.197671376965827,85.53968253968253
@msnow,@nationalreview,6.198149629536888,85.5436507936508
@cafedotcom,@TimcastNews,6.198518258987614,85.5515873015873
@DemocracyNow,@BlackConservativePerspective,6.200020219056882,85.56746031746032
@TheSerfTimes,@CashJordan,6.200229763810322,85.57142857142857
@DannyHaiphongYT,@MLChristiansen,6.200746995587975,85.58333333333333
@SkyNews,@bennyjohnson,6.200854687981502,85.5873015873016
@breakingpoints,@nationalreview,6.202421085120194,85.59920634920634
@katiephangnews,@HangOutwithSeanHannity,6.204483613500625,85.61507936507937
@ponderingpolitics,@MattWalsh,6.205082685405593,85.61904761904762
@thegrayzone7996,@newdiscourses,6.205120853164366,85.62301587301587
@DylanBurnsLIVE,@NewsmaxTV,6.209925600579175,85.68253968253968
@katiephangnews,@RufoandLomez,6.210548721504739,85.69047619047619
@MikeFromPA,@CashJordan,6.2149392738510185,85.74603174603175
@timesofindia,https://rumble.com/c/nickjfuentes,6.216096997324703,85.76190476190476
@therationalnational,@CashJordan,6.217810903595141,85.77380952380952
@timesofindia,@JustPearlyThings,6.217825929528657,85.77777777777777
@moreperfectunion,@CamHigby,6.220449296881356,85.80952380952381
@HasanAbi,@bennyjohnson,6.220864271235823,85.81349206349206
@DemocracyNow,@TimcastIRL,6.220890250218699,85.81746031746032
@katiephangnews,@TheAmalaEkpunobi,6.22244179211302,85.83333333333333
@RestPoliticsUS,@bennyjohnson,6.223211275386138,85.8531746031746
@TheJoyReidShow,@BlackConservativePerspective,6.224366583115172,85.86507936507937
@Forthepeoplepodcast305,@jlptalk,6.228199688514238,85.88888888888889
@usefulidiots,@CashJordan,6.229078590491102,85.89285714285714
@SkyNews,@jlptalk,6.230994029751136,85.91666666666666
@NYTPodcasts,@bennyjohnson,6.2314268824200845,85.92063492063492
@bulwarkmedia,@BlackConservativePerspective,6.236292161350993,85.9563492063492
@NPR,@CashJordan,6.236527301861557,85.96031746031746
@DueDissidence,@jlptalk,6.2369821394780685,85.96428571428572
@franifio,@FleccasTalks,6.237368511929512,85.96825396825398
@ponderingpolitics,@ColemanHughesOfficial,6.238703093042665,85.97619047619047
@DemocracyNow,@TheQuartering,6.239383078705082,85.98809523809524
@PTLRadioShow,@FleccasTalks,6.239899220441285,85.9920634920635
@samharrisorg,https://rumble.com/c/BannonsWarRoom,6.241500564085038,86.0079365079365
@katiephangnews,@ThePodcastoftheLotusEaters,6.24181682069488,86.01984126984127
@dollemore,https://rumble.com/c/BannonsWarRoom,6.241846596954493,86.02380952380952
@ponderingpolitics,@ActualJusticeWarrior,6.2438400513075525,86.0436507936508
@PoliticsJOE,@FleccasTalks,6.245663775028803,86.0515873015873
@BreakThroughNews,@BlackConservativePerspective,6.246031198250605,86.05555555555556
@DannyHaiphongYT,@AnthonyBrianLogan,6.249105235376812,86.07142857142858
@DemocracyNow,@PartOfTheProblem,6.249213133729292,86.07539682539682
@timesofindia,@X22Report-y5y,6.253043739017371,86.10317460317461
@GeopoliticalEconomyReport,@PragerU,6.255491735087449,86.12698412698413
@jimacosta,@PartOfTheProblem,6.256997374392325,86.13095238095238
@TheDamageReport,@RealAlexClark,6.259075531161365,86.1468253968254
@PoliticsGirl,@SydneyWatson,6.259185055780232,86.1547619047619
@marclamonthillnetwork,@dineshdsouza,6.259731565293778,86.15873015873015
@timesofindia,@LiberalHivemind,6.261814307931571,86.18650793650794
@katiephangnews,@MattWalsh,6.264454881564852,86.1984126984127
@Vox,@TheOfficerTatum,6.270195927090565,86.23809523809524
@TheEconomist,@ZubyMusic,6.270828331312528,86.2420634920635
@RestPoliticsUS,@FleccasTalks,6.270962440543916,86.24603174603175
@PiscoLitty,@RealAlexClark,6.2729998415437676,86.26190476190476
@LukeBeasley,@RobertGouveiaEsq,6.2806615205032665,86.29761904761905
@zeteo,@CashJordan,6.281492408425782,86.30555555555556
@thewarningwithsteveschmidt,@RedactedNews,6.282374194868095,86.30952380952381
@briantylercohen,@nationalreview,6.282891931427548,86.32142857142857
@thewarningwithsteveschmidt,@Timcast,6.28872798063824,86.37301587301587
@bulwarkmedia,@dineshdsouza,6.290425668545474,86.39285714285714
@cafedotcom,@RobertGouveiaEsq,6.290822979512489,86.39682539682539
@usefulidiots,@RealAlexClark,6.293366761972965,86.42460317460318
@katiephangnews,@StevenCrowder,6.296830204005377,86.46031746031746
@NYTPodcasts,https://rumble.com/c/BannonsWarRoom,6.299397587574676,86.48015873015873
@DemocracyNow,@nationalreview,6.301978871907388,86.5
@thewarningwithsteveschmidt,@NewsmaxTV,6.302261364144327,86.50396825396825
@underthedesknews,@BlackConservativePerspective,6.302963243118373,86.51587301587301
@rolandsmartin,@dineshdsouza,6.303298613549694,86.51984126984127
@katiephangnews,@SydneyWatson,6.305846097612263,86.52777777777779
@SabbySabs,@NewsmaxTV,6.313282273660832,86.5873015873016
@DoubleDownNews,@triggerpod,6.321379734076342,86.6468253968254
@BadFaithPodcast,@JustPearlyThings,6.324893595909223,86.67460317460318
@chriscuomo,@bennyjohnson,6.3260276827679585,86.68253968253968
@timesofindia,@CamHigby,6.327974992073474,86.70238095238095
@TheDailyBeast,@PartOfTheProblem,6.3281241488603825,86.70634920634922
@katiephangnews,@bennyjohnson,6.328918920449238,86.71825396825396
@LeverNews,@dineshdsouza,6.33877375568946,86.78174603174604
@msnow,@TimcastIRL,6.338840727147036,86.78571428571429
@ponderingpolitics,@AfterPartyEmily,6.340118807559935,86.8015873015873
@msnow,@triggerpod,6.341624379562009,86.80555555555556
@thewarningwithsteveschmidt,@RealDanBongino,6.343488837322133,86.80952380952381
@thewarningwithsteveschmidt,@ColemanHughesOfficial,6.3447976282999505,86.81349206349206
@UnHerd,@VivaFrei,6.3456010199246,86.82539682539682
@TheDonLemonShow,https://rumble.com/c/BannonsWarRoom,6.345628630961478,86.82936507936509
@StatusCoup,@nationalreview,6.3503659367361145,86.86904761904762
@aljazeeraenglish,@DrSteveTurleyTV,6.352470543850584,86.88492063492063
@SecularTalk,@PartOfTheProblem,6.354343339834293,86.89285714285714
@msnow,@SydneyWatson,6.354589030533704,86.89682539682539
@katiephangnews,@AfterPartyEmily,6.355682826798566,86.90476190476191
@thedavidpakmanshow,@bennyjohnson,6.35820019279744,86.91666666666666
@BadFaithPodcast,@RebelNewsOnline,6.358397699439787,86.92460317460318
@RonPlacone,@TimcastIRL,6.359596357488863,86.95238095238095
@timesofindia,@MrTariqNasheed,6.362872688438755,86.96825396825398
@DannyHaiphongYT,@DrSteveTurleyTV,6.367410573620442,87.00396825396825
@BadFaithPodcast,@AlexStein99,6.3678861147225385,87.01190476190476
@nytimes,@jlptalk,6.368738931317719,87.01984126984127
@cafedotcom,@TimcastIRL,6.36917449249861,87.02380952380952
@OwenJonesTalks,@FleccasTalks,6.370613331262199,87.0436507936508
@TheEconomist,@RufoandLomez,6.370701683538734,87.04761904761905
@TheEconomist,@RealDanBongino,6.372315139385629,87.06746031746032
@GeopoliticalEconomyReport,@MegynKelly,6.373127130119085,87.07539682539682
@cafedotcom,@The_Crucible,6.375143321164853,87.08333333333333
@katiephangnews,@TheBrianKilmeadeShow,6.379402319042907,87.13492063492063
@DannyHaiphongYT,@nypost,6.380013634829912,87.13888888888889
@katiephangnews,@MichaelMaliceofficial,6.380044642367228,87.14285714285714
@GeopoliticalEconomyReport,@turningpointusa,6.381855023468961,87.1468253968254
@thewarningwithsteveschmidt,@RubinReport,6.3824007682220465,87.1547619047619
@jimacosta,@TheQuartering,6.3829617692795395,87.15873015873015
@timesofindia,@BlackConservativePerspective,6.385447348977469,87.18650793650794
@TheLincolnProject,@CashJordan,6.387519510082895,87.1984126984127
@JamarlThomas,@BlackConservativePerspective,6.388939062620072,87.20634920634922
@DannyHaiphongYT,@Timcast,6.389483058903909,87.21031746031747
@BadEmpanadaLive,@CashJordan,6.391844469559874,87.22619047619048
@DannyHaiphongYT,@oann,6.3921841081074495,87.23809523809524
@PTLRadioShow,https://rumble.com/c/BannonsWarRoom,6.392207721377896,87.2420634920635
@DemocracyNow,@dineshdsouza,6.394150553738889,87.26587301587301
@moreperfectunion,@DrSteveTurleyTV,6.3942276855766975,87.26984126984128
@deanwithrs,@jlptalk,6.395280059545453,87.28571428571429
@LeverNews,https://rumble.com/c/BannonsWarRoom,6.397422197686222,87.31349206349206
@JamarlThomas,@newdiscourses,6.398597310006283,87.31746031746032
@timesofindia,@XAVIAER,6.398998366019402,87.32539682539682
@harryjsisson,@nationalreview,6.399115418039031,87.32936507936509
@jimacosta,@RobertGouveiaEsq,6.399228894162568,87.33730158730158
@DoubleDownNews,@CashJordan,6.403543415120818,87.35714285714286
@TheYoungTurks,@CashJordan,6.404725868547445,87.36111111111111
@TheDailyBeast,@TimcastNews,6.404860678740958,87.36507936507937
@marclamonthillnetwork,@CashJordan,6.4059449104362765,87.38492063492063
@SecularTalk,https://rumble.com/c/BannonsWarRoom,6.407781361839552,87.39682539682539
@BadFaithPodcast,@BenShapiro,6.408953498723068,87.40873015873017
@jimacosta,@CashJordan,6.409873963088518,87.41666666666667
@LukeBeasley,@triggerpod,6.411828450940506,87.42857142857143
@thegrayzone7996,@BlackConservativePerspective,6.414455130401965,87.44444444444444
@Vox,@ActualJusticeWarrior,6.416269324267473,87.4563492063492
@LukeBeasley,@SydneyWatson,6.417415313896222,87.46428571428572
@thewarningwithsteveschmidt,@ZubyMusic,6.417852400080367,87.47222222222221
@katiephangnews,@ColemanHughesOfficial,6.418279549434983,87.47619047619047
@GeopoliticalEconomyReport,@BlackConservativePerspective,6.423037755153024,87.53571428571428
@JamarlThomas,https://rumble.com/c/BannonsWarRoom,6.425235024152724,87.55555555555556
@TheEconomist,@BenShapiro,6.4256629028419345,87.56746031746032
@katiephangnews,@bbrettcooper,6.4269912323079454,87.57936507936508
@RonPlacone,@BlackConservativePerspective,6.427557348215633,87.59126984126983
@BadFaithPodcast,https://rumble.com/c/nickjfuentes,6.430927811214999,87.62698412698413
@DannyHaiphongYT,@MichaelKnowles,6.431027508476504,87.63095238095238
@BadFaithPodcast,@theisabelbrown,6.4315189018840915,87.63492063492063
@CNN,@jlptalk,6.431770576155385,87.63888888888889
@UnHerd,@RobertGouveiaEsq,6.433639248897421,87.6547619047619
@aaronparnas1,@DarkHorsePod,6.435682422426644,87.67063492063491
@LukeBeasley,@nationalreview,6.435987480491828,87.67460317460318
@RebelHQ,@FleccasTalks,6.437016416263294,87.68650793650794
@FarronBalanced,@CashJordan,6.438391349868206,87.69047619047619
@LeverNews,@RobertGouveiaEsq,6.439246055961416,87.71428571428571
@PoliticsGirl,@VivaFrei,6.440177174674848,87.72222222222223
@BadFaithPodcast,@TheOfficerTatum,6.441642282222714,87.73809523809524
@DannyHaiphongYT,@Tim_Black,6.444560279464891,87.76190476190476
@UnHerd,@MichaelMaliceofficial,6.445522954896811,87.76984126984127
@msnow,@TheQuartering,6.448650280247605,87.78571428571429
@UnHerd,@newdiscourses,6.448697745554308,87.79365079365078
@nytimes,@bennyjohnson,6.451168489132452,87.81349206349206
@BadFaithPodcast,@CamHigby,6.4543233386058745,87.8531746031746
@thewarningwithsteveschmidt,@HangOutwithSeanHannity,6.455199777084204,87.86111111111111
@TheDailyBeast,@dineshdsouza,6.459774171083353,87.90476190476191
@thegrayzone7996,@DrSteveTurleyTV,6.464445934677654,87.96031746031746
@TheJoyReidShow,@CashJordan,6.466961671250529,87.96825396825398
@judgingfreedom,https://rumble.com/c/BannonsWarRoom,6.467031022778177,87.97222222222221
@TheMajorityReport,@CashJordan,6.467726760290489,87.98015873015873
@briantylercohen,@RealAlexClark,6.471251330210951,87.9920634920635
@timesofindia,@AlexStein99,6.471442449213608,87.99603174603175
@timesofindia,@morebridgetphetasy,6.472910656191413,88.00396825396825
@PiscoLitty,@nationalreview,6.473047587599213,88.0079365079365
@UnHerd,@RealAlexClark,6.474631181877132,88.02777777777779
@CNN,@bennyjohnson,6.477303156068971,88.03174603174602
@LegalEagle,@BlackConservativePerspective,6.478536693731505,88.03571428571428
@Xanderhal,@jlptalk,6.4786286851488075,88.03968253968254
@ajplus,@RobertGouveiaEsq,6.479546160038716,88.04761904761905
@Vaush,@CashJordan,6.482355060210375,88.07142857142857
@msnow,@DrSteveTurleyTV,6.486106492365942,88.11507936507937
@DannyHaiphongYT,@HangOutwithSeanHannity,6.487572303846027,88.13492063492063
@nytimes,https://rumble.com/c/BannonsWarRoom,6.488579605089139,88.1468253968254
@thewarningwithsteveschmidt,@TomiLahrenIsFearless,6.489349046000007,88.15079365079364
@timesofindia,@RufoandLomez,6.489462325188863,88.1547619047619
@nytimes,@SydneyWatson,6.4924510287611,88.16666666666667
@jimacosta,@ActualJusticeWarrior,6.497866865893536,88.22222222222223
@BadFaithPodcast,@newdiscourses,6.500803797523905,88.23809523809524
@timesofindia,@MattWalsh,6.505259766172353,88.26587301587303
@SabbySabs,@bennyjohnson,6.506360630405327,88.27777777777777
@timesofindia,@JesseKellyDC,6.50726515458947,88.29761904761905
@NPR,@RobertGouveiaEsq,6.509336330527902,88.31349206349206
@timesofindia,@RobertGouveiaEsq,6.511398782996053,88.32539682539682
@RonPlacone,@AndWeKnowOfficial-o9b,6.514158792410417,88.33730158730158
@TheEconomist,@JustPearlyThings,6.516978916819972,88.3531746031746
@SkyNews,https://rumble.com/c/BannonsWarRoom,6.51827858402394,88.36111111111111
@underthedesknews,@CashJordan,6.524879839115725,88.39285714285714
@jimacosta,@dineshdsouza,6.525431776922843,88.39682539682539
@DoubleDownNews,https://rumble.com/c/BannonsWarRoom,6.526326356136724,88.41666666666667
@marclamonthillnetwork,@SydneyWatson,6.526607123551323,88.42460317460318
@aljazeeraenglish,@RealAlexClark,6.5271422673997455,88.43253968253968
@Vox,@VivaFrei,6.5274038281792865,88.43650793650794
@LeverNews,@ActualJusticeWarrior,6.5275195548638285,88.44047619047619
@nousnetwork,@BlackConservativePerspective,6.528722667723008,88.44444444444444
@BadFaithPodcast,@LiberalHivemind,6.533702995941466,88.48412698412699
@thomhartmann,@jlptalk,6.537412451671462,88.51587301587301
@BadFaithPodcast,@DrSteveTurleyTV,6.539253797597192,88.52380952380953
@briantylercohen,@Tim_Black,6.5395344092155945,88.52777777777779
@NovaraMedia,@CashJordan,6.544411826400128,88.57142857142857
@GeopoliticalEconomyReport,@lonerboxlive,6.544505838124523,88.57539682539682
@BadFaithPodcast,@RealDanBongino,6.547657652921655,88.60714285714286
@DemocracyDocket,@BlackConservativePerspective,6.548608498604258,88.61507936507937
@EzraKleinShow,@bennyjohnson,6.552419281450007,88.63888888888889
@LeejaMiller,@bennyjohnson,6.552752478174509,88.6468253968254
@thewarningwithsteveschmidt,@GrahamAllen,6.5530145147537295,88.65079365079364
@Vaush,@bennyjohnson,6.553753109415247,88.6547619047619
@fastpoliticspodcast,@SydneyWatson,6.5554330131061755,88.66269841269842
@thomhartmann,https://rumble.com/c/BannonsWarRoom,6.5589483073020265,88.68650793650794
@TheLincolnProject,@BlackConservativePerspective,6.559662044366568,88.69444444444444
@samharrisorg,@FleccasTalks,6.559712829367791,88.6984126984127
@TheEconomist,@JillianMichaels,6.559727867685323,88.70238095238095
@NYTPodcasts,@CashJordan,6.563115250995368,88.72222222222223
@thomhartmann,@FleccasTalks,6.56753105260264,88.76190476190476
@usefulidiots,@FleccasTalks,6.568125128843258,88.76984126984127
@MikeFromPA,@jlptalk,6.573518147904407,88.8015873015873
@TheEconomist,@RebelNewsOnline,6.574919525565141,88.80952380952381
@RebelHQ,@CashJordan,6.574938378643155,88.81349206349206
@DylanBurnsLIVE,@RealAlexClark,6.57520757129257,88.81746031746032
@EzraKleinShow,@FleccasTalks,6.57653180168498,88.82539682539684
@PoliticsGirl,@FleccasTalks,6.5768812799643275,88.83730158730158
@GlennKirschner2,@CashJordan,6.579567537038814,88.85714285714286
@DropSiteNews,https://rumble.com/c/BannonsWarRoom,6.581807393112815,88.86904761904762
@thewarningwithsteveschmidt,@TheAdamCarollaShow1,6.58636715484788,88.88492063492063
@DoubleDownNews,@SydneyWatson,6.58809007962149,88.89285714285714
@LeverNews,@TheQuartering,6.588099429881992,88.89682539682539
@BadFaithPodcast,@bennyjohnson,6.589076290397367,88.90476190476191
@DannyHaiphongYT,@bennyjohnson,6.589188658687063,88.90873015873015
@LegalAFMTN,@jlptalk,6.5911215568479316,88.92063492063492
@moreperfectunion,@RebelNewsOnline,6.591202409739789,88.92460317460318
@TheDonLemonShow,@jlptalk,6.594401720563172,88.9563492063492
@timesofindia,@BenShapiro,6.59875377264797,88.98412698412699
@Xanderhal,@FleccasTalks,6.599830873519989,88.9920634920635
@DannyHaiphongYT,@GrahamAllen,6.6077423736886685,89.03571428571428
@LukeBeasley,https://rumble.com/c/BannonsWarRoom,6.614700019163574,89.06746031746032
@OwenReport,https://rumble.com/c/BannonsWarRoom,6.615993156475067,89.0873015873016
@aaronparnas1,@BlazeTV,6.617060937115868,89.09126984126983
@TheAtlantic,@FleccasTalks,6.617716618888863,89.09523809523809
@jimacosta,@SydneyWatson,6.6196469229309844,89.11507936507937
@katiephangnews,@CashJordan,6.620355741857193,89.12301587301587
@moreperfectunion,@GrahamAllen,6.623546132273983,89.14285714285714
@TheMichaelCohenShow,https://rumble.com/c/BannonsWarRoom,6.623578934371824,89.1468253968254
@judgingfreedom,@FleccasTalks,6.6242036855310165,89.15079365079364
@LukeBeasley,@turningpointusa,6.625679498460547,89.15873015873017
@DannyHaiphongYT,@PragerU,6.630702954705074,89.18253968253968
@zeteo,@BlackConservativePerspective,6.630902723265603,89.18650793650794
@moreperfectunion,@ThePodcastoftheLotusEaters,6.6314350134660796,89.19444444444444
@BadFaithPodcast,@FoxNews,6.632283328684247,89.20238095238095
@thewarningwithsteveschmidt,@turningpointusa,6.634279562037912,89.21825396825398
@moreperfectunion,@OfficialSaharTV,6.634437232356083,89.22222222222223
@aaronparnas1,@DrSteveTurleyTV,6.6371523086626345,89.23015873015872
@moreperfectunion,@clayandbuck,6.640009778356725,89.2579365079365
@PoliticsJOE,https://rumble.com/c/BannonsWarRoom,6.643400545011816,89.28174603174604
@TheEconomist,@RileyGaines,6.643833559413086,89.28968253968253
@JamarlThomas,@dineshdsouza,6.647657766637918,89.31746031746032
@podsaveamerica,@jlptalk,6.648594358337032,89.33333333333333
@timesofindia,@ZubyMusic,6.649158324587305,89.34126984126985
@LeverNews,@SydneyWatson,6.653806062991852,89.37698412698413
@therationalnational,https://rumble.com/c/BannonsWarRoom,6.657670045484786,89.38888888888889
@DoubleDownNews,@turningpointusa,6.657787699676724,89.39682539682539
@ponderingpolitics,@jlptalk,6.658770419929055,89.40873015873015
@thewarningwithsteveschmidt,@RufoandLomez,6.659519925316717,89.42063492063492
@BadFaithPodcast,@ZubyMusic,6.6613659851531954,89.43650793650794
@LeverNews,@bennyjohnson,6.661671065879158,89.44047619047619
@aaronparnas1,@MichaelKnowles,6.662028136340726,89.44444444444444
@DannyHaiphongYT,@JesseKellyDC,6.663799158511876,89.45238095238095
@nousnetwork,@bennyjohnson,6.665040582804525,89.46031746031747
@chriscuomo,@FleccasTalks,6.668773540644405,89.48412698412699
@thewarningwithsteveschmidt,@JillianMichaels,6.672079748441357,89.51190476190476
@cafedotcom,@BlackConservativePerspective,6.67308881867907,89.52777777777777
@thewarningwithsteveschmidt,@CamHigby,6.674277834400262,89.5436507936508
@GeopoliticalEconomyReport,@VivaFrei,6.67441276430422,89.54761904761904
@LegalAFMTN,@AndWeKnowOfficial-o9b,6.675341156535364,89.55555555555556
@BadFaithPodcast,@RobertGouveiaEsq,6.675743735101384,89.56349206349206
@katiephangnews,@Tim_Black,6.68101583418273,89.58333333333334
@LegalAFMTN,https://rumble.com/c/BannonsWarRoom,6.681457418207449,89.58730158730158
@timesofindia,@marklevinshow,6.682577400621137,89.59523809523809
@TheDailyBeast,@SydneyWatson,6.687447473392004,89.62698412698413
@marclamonthillnetwork,@FleccasTalks,6.687683726387276,89.63095238095238
@Politicon,https://rumble.com/c/BannonsWarRoom,6.688021374489573,89.64285714285715
@podsaveamerica,@CashJordan,6.6905834206736685,89.66269841269842
@DannyHaiphongYT,@ActualJusticeWarrior,6.690959661825622,89.66666666666666
@katiephangnews,@RealAlexClark,6.692852289030339,89.67460317460318
@CNN,@BlackConservativePerspective,6.693574156826244,89.69047619047619
@katiephangnews,@turningpointusa,6.69533649910096,89.70634920634922
@timesofindia,@RealDanBongino,6.69789510826573,89.71825396825398
@thewarningwithsteveschmidt,@fightbackpodcast,6.702072608449932,89.73412698412699
@moreperfectunion,@LiberalHivemind,6.703674785236212,89.7420634920635
@TheEconomist,@ThePodcastoftheLotusEaters,6.703724137898451,89.74603174603175
@NPR,@PartOfTheProblem,6.708148329556389,89.8015873015873
@NPR,@SydneyWatson,6.708713365652779,89.80952380952381
@DannyHaiphongYT,@MrTariqNasheed,6.7099176324176,89.81746031746032
@moreperfectunion,@AlexStein99,6.710100173936858,89.82142857142857
@LukeBeasley,@RSBN,6.711075367894333,89.82936507936508
@thedavidpakmanshow,https://rumble.com/c/BannonsWarRoom,6.7122898998094955,89.83730158730158
@TheDailyBeast,@ActualJusticeWarrior,6.712562550723661,89.84126984126985
@BreakThroughNews,@FleccasTalks,6.713521505165713,89.85317460317461
@StatusCoup,https://rumble.com/c/BannonsWarRoom,6.717225977193663,89.86904761904762
@TheDailyBeast,@Timcast,6.722612902437628,89.88888888888889
@DannyHaiphongYT,@BlazeTV,6.724361441973474,89.9126984126984
@franifio,@bennyjohnson,6.733529007283117,89.98412698412699
@LegalEagle,@RealAlexClark,6.734969328409487,89.98809523809524
@samharrisorg,@jlptalk,6.736261991809217,90.0
@DemocracyDocket,@FleccasTalks,6.738892575158856,90.01190476190476
@LeverNews,@jlptalk,6.739569644318207,90.01984126984127
@JamarlThomas,@CashJordan,6.7405594601604255,90.02380952380953
@moreperfectunion,@nationalreview,6.741487720789528,90.02777777777777
@DemocracyDocket,@CashJordan,6.74423513401107,90.0436507936508
@podsaveamerica,https://rumble.com/c/BannonsWarRoom,6.74607859688657,90.0515873015873
@msnow,@newdiscourses,6.7474110092903095,90.05952380952381
@usefulidiots,@jlptalk,6.751533758361119,90.07142857142857
@TheHumanistReport,@CashJordan,6.753904656443268,90.08730158730158
@thomhartmann,@CashJordan,6.754079619077997,90.09126984126983
@Politicon,@jlptalk,6.754548329755503,90.0952380952381
@ponderingpolitics,@triggerpod,6.754550304461961,90.09920634920636
https://rumble.com/c/GGreenwald,@CashJordan,6.7570656056335,90.12301587301587
@aaronparnas1,@RubinReport,6.760895577599128,90.13492063492063
@OwenReport,@jlptalk,6.761258497004486,90.14285714285715
@NYTPodcasts,@BlackConservativePerspective,6.762678681273141,90.14682539682539
@DannyHaiphongYT,@RufoandLomez,6.762863802848528,90.15079365079364
@JackCocchiarellaShow,@FleccasTalks,6.763462635208236,90.1547619047619
@DoubleDownNews,@newdiscourses,6.765812850214514,90.16269841269842
@thewarningwithsteveschmidt,@MichaelKnowles,6.766632211925126,90.17063492063492
@TheRealTabithaSpeaks,@BlackConservativePerspective,6.768788209003033,90.18253968253968
@deanwithrs,https://rumble.com/c/BannonsWarRoom,6.772009881675422,90.1984126984127
@GeopoliticalEconomyReport,@RobertGouveiaEsq,6.7728794622740685,90.20238095238096
@timesofindia,@The_Crucible,6.773812823116768,90.21031746031746
@DemocracyNow,@FleccasTalks,6.776209923119667,90.22222222222223
https://rumble.com/c/GGreenwald,@FleccasTalks,6.776652975114772,90.22619047619047
@LeejaMiller,@FleccasTalks,6.778024242467011,90.2420634920635
@TheEconomist,@glennbeck,6.778225129800586,90.24603174603175
@franifio,@BlackConservativePerspective,6.783415616252497,90.26190476190476
@GlennKirschner2,https://rumble.com/c/BannonsWarRoom,6.78662937675768,90.27777777777779
@Politicon,@BlackConservativePerspective,6.788971857785236,90.29761904761905
@thewarningwithsteveschmidt,@nypost,6.791031839479873,90.31746031746032
@DannyHaiphongYT,@RealAlexClark,6.793200472990593,90.32142857142857
@thedavidpakmanshow,@CashJordan,6.79655730395651,90.33333333333333
@TheLincolnProject,@jlptalk,6.803949089850664,90.36111111111111
@DannyHaiphongYT,https://rumble.com/c/nickjfuentes,6.805343401027688,90.38095238095238
@NPR,@bennyjohnson,6.805380725799231,90.38492063492065
@moreperfectunion,@Timcast,6.806512459583923,90.39682539682539
@moreperfectunion,@Styxhexenhammer666,6.809492496965107,90.40873015873015
@judgingfreedom,@jlptalk,6.810391113576485,90.41666666666667
@timesofindia,@Timcast,6.811738062669314,90.42460317460318
@timesofindia,@theisabelbrown,6.816258455467999,90.44047619047619
@DannyHaiphongYT,@RobertGouveiaEsq,6.818868222900414,90.46031746031747
@destiny,@jlptalk,6.820654343394143,90.46428571428572
@DannyHaiphongYT,@DarkHorsePod,6.822167052536502,90.47222222222221
@DannyHaiphongYT,@FreshFitMiami,6.822347328376723,90.47619047619048
@timesofindia,@triggerpod,6.824232664969937,90.4920634920635
@DannyHaiphongYT,@CamHigby,6.82721180261845,90.51190476190476
@thewarningwithsteveschmidt,@glennbeck,6.827469259449505,90.51587301587301
@CNN,https://rumble.com/c/BannonsWarRoom,6.828727773537014,90.52380952380953
@thewarningwithsteveschmidt,@ChadPrather1,6.829161605824097,90.52777777777777
@OwenJonesTalks,@CashJordan,6.830924382178489,90.53174603174602
@thewarningwithsteveschmidt,@MLChristiansen,6.831131403068322,90.53571428571429
@DannyHaiphongYT,@XAVIAER,6.834480705709441,90.56349206349206
@timesofindia,@TimcastNews,6.834500408259525,90.56746031746032
@thewarningwithsteveschmidt,@PartOfTheProblem,6.8353110041409515,90.57539682539682
@TheDailyBeast,@TheOfficerTatum,6.836576352773099,90.57936507936508
@cafedotcom,@TheQuartering,6.839106208600521,90.60714285714285
@NPR,@ActualJusticeWarrior,6.839225065910139,90.61111111111111
@DannyHaiphongYT,@glennbeck,6.8409480524941495,90.62301587301587
@JamarlThomas,@jlptalk,6.8422508712248105,90.63492063492063
@NPR,@FleccasTalks,6.843389290332751,90.64285714285715
@fastpoliticspodcast,@bennyjohnson,6.843498900632982,90.64682539682539
@thewarningwithsteveschmidt,@oann,6.845915808652321,90.6547619047619
@DannyHaiphongYT,@JillianMichaels,6.8459863376309595,90.65873015873017
@LukeBeasley,@FleccasTalks,6.846698242418338,90.66269841269842
@OwenReport,@CashJordan,6.851290438162146,90.69444444444444
@timesofindia,@AndrewKlavan,6.856489672203949,90.71825396825398
@RonPlacone,@FleccasTalks,6.856731469978336,90.72222222222223
@JackCocchiarellaShow,@CashJordan,6.858103733774992,90.72619047619047
@BadFaithPodcast,@bbrettcooper,6.860167320469289,90.73809523809524
@breakingpoints,@jlptalk,6.861347437894644,90.7420634920635
@TheEconomist,@ChadPrather1,6.862557180977277,90.7579365079365
@TheEconomist,@MattWalsh,6.863636011827377,90.76587301587301
@timesofindia,@TheAmalaEkpunobi,6.864668262003649,90.76984126984127
@DannyHaiphongYT,@ZubyMusic,6.8658595416372075,90.77777777777779
@Politicon,@CashJordan,6.8662457031750215,90.78571428571428
@timesofindia,https://rumble.com/c/russellbrand,6.867095551471621,90.78968253968253
@TheYoungTurks,@jlptalk,6.868664483863985,90.79761904761905
@moreperfectunion,@TheBrianKilmeadeShow,6.869527136061255,90.80555555555556
@aaronparnas1,@NewsmaxTV,6.870108438912839,90.81349206349206
@TheDailyBeast,@TimcastIRL,6.871286102935211,90.81746031746032
@DannyHaiphongYT,@ChadPrather1,6.8729654260216435,90.82539682539682
@DannyHaiphongYT,@RileyGaines,6.873825526985114,90.83333333333333
@moreperfectunion,@NewsmaxTV,6.875137619183972,90.84126984126985
@dollemore,@AndWeKnowOfficial-o9b,6.877781227949282,90.86111111111111
@samharrisorg,@BlackConservativePerspective,6.878389800818673,90.86904761904762
@msnow,@ActualJusticeWarrior,6.879857366362752,90.87698412698413
@TheDonLemonShow,@CashJordan,6.879984096060406,90.88095238095238
@cafedotcom,@ActualJusticeWarrior,6.881899964868072,90.89285714285714
@moreperfectunion,@ColemanHughesOfficial,6.881914672809688,90.89682539682539
@BadFaithPodcast,@StevenCrowder,6.882649037921343,90.91269841269842
@timesofindia,@lizwheeler,6.886017314825695,90.92857142857143
@GeopoliticalEconomyReport,@MichaelMaliceofficial,6.888684544579676,90.94444444444446
@LeverNews,@CashJordan,6.892799386050286,90.97222222222221
@moreperfectunion,@SaltyCracker,6.895781004376065,90.9920634920635
@msnow,@dineshdsouza,6.900910643109749,91.02380952380953
@TheEconomist,@RubinReport,6.902634162790988,91.02777777777777
@thegrayzone7996,@RealAlexClark,6.906391034357364,91.04761904761904
@bulwarkmedia,@CashJordan,6.910226604611565,91.08333333333334
@TheEconomist,@NewsmaxTV,6.912075407411645,91.09920634920636
@TheEconomist,@AlexStein99,6.916054449808206,91.12301587301587
@DylanBurnsLIVE,@bennyjohnson,6.91660665369405,91.13095238095238
@katiephangnews,@NewsmaxTV,6.922114935072074,91.14682539682539
@cafedotcom,@CashJordan,6.922770978208774,91.15079365079364
@msnow,@RobertGouveiaEsq,6.923017232112621,91.1547619047619
@katiephangnews,@PartOfTheProblem,6.9235219558195515,91.16269841269842
@PoliticsJOE,@CashJordan,6.927639774143665,91.18253968253968
@TheRealTabithaSpeaks,@CashJordan,6.929612377567068,91.19444444444444
@DemocracyNow,@SydneyWatson,6.932212662940733,91.21031746031746
@aaronparnas1,@PragerU,6.936096251408763,91.23412698412699
@aaronparnas1,@bennyjohnson,6.938730032791651,91.24603174603175
@EzraKleinShow,@jlptalk,6.940971497520612,91.25
@DoubleDownNews,@PartOfTheProblem,6.941487311728338,91.25396825396825
@FarronBalanced,@jlptalk,6.944734792377675,91.27380952380952
@TheEconomist,@RedactedNews,6.9472923746847135,91.2936507936508
@zeteo,@FleccasTalks,6.947990236981205,91.3015873015873
@NovaraMedia,@jlptalk,6.950428661128798,91.32142857142857
@LegalEagle,@CashJordan,6.950861549466709,91.32539682539682
@thewarningwithsteveschmidt,@RealAmericasVoice,6.952079639172394,91.33333333333333
@aaronparnas1,@fightbackpodcast,6.956022862443693,91.37301587301587
@UnHerd,@BlackConservativePerspective,6.962044607852707,91.38888888888889
@briantylercohen,@CashJordan,6.968657346303474,91.40873015873015
@DannyHaiphongYT,@JustPearlyThings,6.97293955681079,91.42063492063492
@GeopoliticalEconomyReport,@RealAlexClark,6.973618802998487,91.42460317460316
@moreperfectunion,@FreshFitMiami,6.9755997380369665,91.43650793650794
@thewarningwithsteveschmidt,@RebelNewsOnline,6.98543649639482,91.47222222222223
@aaronparnas1,@marklevinshow,6.986507506329482,91.47619047619048
@BadEmpanadaLive,@jlptalk,6.987657107305934,91.48809523809524
@aaronparnas1,@ChadPrather1,6.987961637531561,91.4920634920635
@aaronparnas1,@MyronGainesX,6.988407319860017,91.49603174603175
@Forthepeoplepodcast305,https://rumble.com/c/BannonsWarRoom,6.989976925844211,91.50396825396825
@TheEconomist,@turningpointusa,6.993361137377539,91.52380952380952
@TheDailyBeast,@RobertGouveiaEsq,6.995026625725131,91.53571428571429
@aaronparnas1,@XAVIAER,6.995469218401593,91.53968253968254
@ajplus,@bennyjohnson,6.9986216135453665,91.56349206349206
@katiephangnews,@newdiscourses,6.999024447860186,91.56746031746032
@DannyHaiphongYT,@TimcastIRL,7.000830838504381,91.58730158730158
@deanwithrs,@AndWeKnowOfficial-o9b,7.003178929116498,91.59126984126983
@DannyHaiphongYT,@winston_marshall,7.004371643437677,91.5952380952381
@msnow,@BlackConservativePerspective,7.006541787411639,91.60714285714285
@thewarningwithsteveschmidt,@chicksonright,7.0115658507651135,91.64285714285715
@TheEconomist,@Tim_Black,7.013415192813475,91.66269841269842
@LeejaMiller,https://rumble.com/c/BannonsWarRoom,7.013642503001034,91.66666666666666
@ponderingpolitics,@PartOfTheProblem,7.014317242362333,91.67063492063492
@rolandsmartin,@FleccasTalks,7.016920081798792,91.68253968253968
@TheMajorityReport,@jlptalk,7.017054376376844,91.68650793650794
@thewarningwithsteveschmidt,@DarkHorsePod,7.018670894818182,91.6984126984127
@DoubleDownNews,@FleccasTalks,7.019704591783267,91.70238095238096
@Vox,@RobertGouveiaEsq,7.021086222896286,91.71031746031746
@LukeBeasley,@newdiscourses,7.024091402900365,91.72222222222223
@moreperfectunion,https://rumble.com/c/BannonsWarRoom,7.024205437106391,91.72619047619047
@thewarningwithsteveschmidt,@AnthonyBrianLogan,7.027704801395949,91.73412698412699
@ponderingpolitics,@nationalreview,7.0301144819263355,91.74603174603175
@timesofindia,@Styxhexenhammer666,7.033852281131666,91.77380952380952
@adammockler,@jlptalk,7.03387594315533,91.77777777777779
@jimacosta,@BlackConservativePerspective,7.03550942736882,91.78174603174604
@BadFaithPodcast,@CashJordan,7.03735648629403,91.78968253968253
@TheEconomist,@TimcastIRL,7.041074527325624,91.80555555555556
@LukeBeasley,@PartOfTheProblem,7.044282047583317,91.83333333333333
@aaronparnas1,@BlackConservativePerspective,7.044763741667056,91.84126984126985
@TheEconomist,@TheAmalaEkpunobi,7.04545398919154,91.84920634920634
@SabbySabs,@CashJordan,7.046567120636338,91.85714285714286
@aaronparnas1,@TheOfficerTatum,7.051819201594183,91.87301587301587
@timesofindia,@turningpointusa,7.052872066132662,91.88888888888889
@RebelHQ,@jlptalk,7.0577120622239855,91.92857142857143
@MikeFromPA,https://rumble.com/c/BannonsWarRoom,7.061590334409621,91.94047619047619
@TheEconomist,@FreshFitMiami,7.062776534125457,91.95238095238095
@LeejaMiller,@BlackConservativePerspective,7.062792865637649,91.9563492063492
@TheEconomist,@fightbackpodcast,7.0633230294176865,91.96031746031747
@GeopoliticalEconomyReport,@newdiscourses,7.0668256108291265,91.96428571428571
@nytimes,@FleccasTalks,7.070000339984323,91.97619047619048
@BadFaithPodcast,@TheAmalaEkpunobi,7.082988656522251,92.0079365079365
@fastpoliticspodcast,@FleccasTalks,7.084029559339215,92.01587301587301
@cafedotcom,@dineshdsouza,7.087563133435204,92.03174603174602
@aaronparnas1,@JillianMichaels,7.087993686630422,92.03571428571429
@DannyHaiphongYT,@NewsmaxTV,7.090115124428858,92.03968253968254
@cafedotcom,@PartOfTheProblem,7.090236932591656,92.04365079365078
@TheRealTabithaSpeaks,@FleccasTalks,7.095288768022557,92.06746031746032
@NPR,@BlackConservativePerspective,7.0962506128410165,92.07539682539682
@timesofindia,@ColemanHughesOfficial,7.09882142698709,92.08333333333333
@fastpoliticspodcast,@BlackConservativePerspective,7.101334189924686,92.0952380952381
@aaronparnas1,@JustPearlyThings,7.1018740270599725,92.1031746031746
@RestPoliticsUS,@CashJordan,7.102345111017671,92.10714285714286
@BadFaithPodcast,https://rumble.com/c/russellbrand,7.106978174270083,92.11904761904762
@RonPlacone,@SydneyWatson,7.107720511948204,92.12698412698413
@BadFaithPodcast,@Timcast,7.111018110297005,92.15079365079364
@DannyHaiphongYT,@triggerpod,7.113189248252501,92.17063492063492
@thegrayzone7996,@bennyjohnson,7.116341750320671,92.18650793650794
@aaronparnas1,@RedactedNews,7.11866120438604,92.2063492063492
@TheEconomist,@GrahamAllen,7.119486425801701,92.21031746031746
@EzraKleinShow,@BlackConservativePerspective,7.124337540444378,92.23015873015873
@TheEconomist,@XAVIAER,7.126978125552622,92.23809523809524
@underthedesknews,@AndWeKnowOfficial-o9b,7.127855144028756,92.2420634920635
@BadFaithPodcast,@MattWalsh,7.128935716113247,92.24603174603175
@moreperfectunion,@TimcastNews,7.1323988966964045,92.2579365079365
@aljazeeraenglish,@bennyjohnson,7.133874203533635,92.26190476190477
@nytimes,@CashJordan,7.146593797316191,92.3373015873016
@lovettorleaveitpodcast,@jlptalk,7.151686994976844,92.36507936507937
@judgingfreedom,@CashJordan,7.1518890857951565,92.36904761904762
@thegrayzone7996,@CashJordan,7.1524077396987025,92.37698412698413
@thedavidpakmanshow,@jlptalk,7.15668621053462,92.3968253968254
@moreperfectunion,@winston_marshall,7.157310408675418,92.40873015873015
@aaronparnas1,@MrTariqNasheed,7.158621222994633,92.41269841269842
@TheDailyBeast,@bennyjohnson,7.158692959217463,92.41666666666667
@EzraKleinShow,@CashJordan,7.159859953172291,92.42063492063492
@TheEconomist,@X22Report-y5y,7.1630452634521715,92.42857142857143
@timesofindia,@bbrettcooper,7.163223327557168,92.43650793650794
@thewarningwithsteveschmidt,@XAVIAER,7.163597867451103,92.44047619047619
@NovaraMedia,https://rumble.com/c/BannonsWarRoom,7.165766416547364,92.4484126984127
@UnHerd,@bennyjohnson,7.169436758641688,92.4563492063492
@DannyHaiphongYT,@MarkDice,7.169927503505891,92.46031746031747
@Vaush,@jlptalk,7.1707427244612285,92.46825396825396
@TheAtlantic,@bennyjohnson,7.171528008685037,92.47619047619048
@thewarningwithsteveschmidt,@TimcastNews,7.174362743630515,92.4920634920635
@moreperfectunion,@TomiLahrenIsFearless,7.174917190026424,92.50396825396825
@DylanBurnsLIVE,@BlackConservativePerspective,7.175729431951215,92.51190476190476
@moreperfectunion,@fightbackpodcast,7.178908737909224,92.51587301587301
@timesofindia,@StevenCrowder,7.180035250063688,92.52380952380952
@TheDamageReport,@FleccasTalks,7.1866459248883565,92.54365079365078
@TheEconomist,@AfterPartyEmily,7.187438007517109,92.5515873015873
@EzraKleinShow,https://rumble.com/c/BannonsWarRoom,7.187903483149304,92.55555555555556
@DannyHaiphongYT,@ColemanHughesOfficial,7.188799299844009,92.55952380952381
@TheEconomist,@JesseKellyDC,7.18907639427482,92.56349206349206
@DueDissidence,https://rumble.com/c/BannonsWarRoom,7.1901630872109035,92.57142857142857
@aaronparnas1,@VivaFrei,7.194258429327737,92.59126984126983
@TheSerfTimes,@jlptalk,7.194610263884789,92.5952380952381
@TheEconomist,@RealAlexClark,7.1969618127126855,92.60714285714286
@chriscuomo,@BlackConservativePerspective,7.198706966602351,92.62301587301587
@Xanderhal,https://rumble.com/c/BannonsWarRoom,7.201514843610206,92.63888888888889
@Vox,@FleccasTalks,7.202952247592115,92.64285714285714
@TheEconomist,@HangOutwithSeanHannity,7.204577453582082,92.65873015873017
@DannyHaiphongYT,@BenShapiro,7.20477264349514,92.6626984126984
@aaronparnas1,@MegynKelly,7.205443084105792,92.67063492063492
@NPR,@AndWeKnowOfficial-o9b,7.206274262264452,92.67460317460318
@chriscuomo,@CashJordan,7.206563372687869,92.67857142857143
@underthedesknews,@RSBN,7.207540297636811,92.68650793650794
@DannyHaiphongYT,@morebridgetphetasy,7.208551934642202,92.69047619047619
@PiscoLitty,https://rumble.com/c/BannonsWarRoom,7.208821478032533,92.69444444444444
@DannyHaiphongYT,@TimcastNews,7.215535728159664,92.71031746031746
@aaronparnas1,@winston_marshall,7.216004356692217,92.71428571428572
@thewarningwithsteveschmidt,@OfficialSaharTV,7.217245730692876,92.71825396825398
@DannyHaiphongYT,https://rumble.com/c/TheAlexJonesShowLive,7.219460004875341,92.72222222222221
@PiscoLitty,@AndWeKnowOfficial-o9b,7.2200407103699655,92.73015873015873
@timesofindia,@TheQuartering,7.220839427148297,92.73809523809524
@HasanAbi,@jlptalk,7.22113957190288,92.7420634920635
@TheHumanistReport,@FleccasTalks,7.224660845550323,92.76190476190476
@Vaush,https://rumble.com/c/BannonsWarRoom,7.228662916105614,92.78174603174602
@TheDailyBeast,@TheQuartering,7.230095061605018,92.78968253968254
@moreperfectunion,@JesseKellyDC,7.231558498691059,92.80158730158729
@LeejaMiller,@jlptalk,7.2343181618187185,92.81349206349206
@BadFaithPodcast,@ThePodcastoftheLotusEaters,7.235376429691775,92.82142857142858
@BadFaithPodcast,@nationalreview,7.236625028962076,92.82539682539682
@moreperfectunion,@RufoandLomez,7.237525037243165,92.82936507936508
@timesofindia,@TimcastIRL,7.237793177389906,92.83333333333333
@lovettorleaveitpodcast,https://rumble.com/c/BannonsWarRoom,7.2415827924808545,92.85317460317461
@TheEconomist,@TheBrianKilmeadeShow,7.243557926718459,92.86111111111111
@JackCocchiarellaShow,@jlptalk,7.2443526553998945,92.86904761904762
@PoliticsGirl,@BlackConservativePerspective,7.2470176007932805,92.88095238095238
@moreperfectunion,https://rumble.com/c/TheAlexJonesShowLive,7.248351080264587,92.8968253968254
@TheEconomist,@CamHigby,7.248946021503975,92.90079365079366
@harryjsisson,@jlptalk,7.2502138756207035,92.91269841269842
@TheEconomist,@clayandbuck,7.25165215711366,92.92063492063492
@aljazeeraenglish,@CashJordan,7.251726803188009,92.92460317460318
@TheEconomist,@Styxhexenhammer666,7.253786417968854,92.93650793650794
@TheEconomist,@lizwheeler,7.2550235304219495,92.94047619047619
@TheYoungTurks,https://rumble.com/c/BannonsWarRoom,7.255338769092902,92.94444444444444
@chriscuomo,@jlptalk,7.261068836879489,92.97222222222223
@thewarningwithsteveschmidt,@RealAlexClark,7.262410683600677,92.98015873015873
@aaronparnas1,@MattWalsh,7.265742688933354,93.00396825396825
@aaronparnas1,@clayandbuck,7.268314588581835,93.01190476190476
@samharrisorg,@CashJordan,7.270711335071565,93.02777777777777
@DannyHaiphongYT,@bbrettcooper,7.272828202435158,93.04761904761905
@thewarningwithsteveschmidt,@MarkDice,7.2755534072352575,93.06746031746032
@DylanBurnsLIVE,@CashJordan,7.276563348755703,93.07936507936509
@chriscuomo,https://rumble.com/c/BannonsWarRoom,7.278437513485995,93.08730158730158
@lovettorleaveitpodcast,@FleccasTalks,7.278981948205788,93.09126984126983
@LukeBeasley,@CashJordan,7.28197748814466,93.0952380952381
@PoliticsJOE,@jlptalk,7.282395779124784,93.09920634920636
@moreperfectunion,@HangOutwithSeanHannity,7.289053548441165,93.1388888888889
@thewarningwithsteveschmidt,@nationalreview,7.2898607291373265,93.15079365079364
@thewarningwithsteveschmidt,@TheBrianKilmeadeShow,7.291917977006507,93.1626984126984
@fastpoliticspodcast,https://rumble.com/c/BannonsWarRoom,7.299247552861696,93.18650793650794
@OwenJonesTalks,@jlptalk,7.304892343491087,93.21031746031746
@MeidasTouch,@jlptalk,7.304923082172868,93.21428571428572
@nytimes,@BlackConservativePerspective,7.3091903498501445,93.2420634920635
@thewarningwithsteveschmidt,@MattWalsh,7.311172339279255,93.26190476190476
@msnow,@PartOfTheProblem,7.316750610791823,93.27380952380952
@RonPlacone,@RSBN,7.319897586717411,93.28968253968254
@RestPoliticsUS,@jlptalk,7.31994130501352,93.2936507936508
@katiephangnews,@nationalreview,7.320358519335292,93.30158730158729
@LeejaMiller,@CashJordan,7.3209908092958695,93.30555555555556
@aaronparnas1,@AfterPartyEmily,7.321008712939272,93.30952380952381
@TheMajorityReport,https://rumble.com/c/BannonsWarRoom,7.326445117577204,93.34126984126983
@aaronparnas1,@TheBrianKilmeadeShow,7.327250110866048,93.34920634920636
@TheEconomist,@FoxNews,7.328365718351277,93.35714285714286
@nousnetwork,@CashJordan,7.3380264616222455,93.37301587301587
@DannyHaiphongYT,@RebelNewsOnline,7.338781314019209,93.37698412698413
@thewarningwithsteveschmidt,@triggerpod,7.340300811210966,93.38888888888889
@DannyHaiphongYT,@MattWalsh,7.342799869554756,93.40079365079364
@thewarningwithsteveschmidt,@PragerU,7.345385278176541,93.40873015873015
@moreperfectunion,@MichaelKnowles,7.347341592894813,93.41666666666667
@katiephangnews,@AndWeKnowOfficial-o9b,7.348884713396436,93.42063492063491
@GeopoliticalEconomyReport,@bennyjohnson,7.35345741627953,93.44047619047619
@samharrisorg,@RSBN,7.354245351280866,93.4484126984127
@aljazeeraenglish,https://rumble.com/c/BannonsWarRoom,7.354431091100633,93.45238095238095
@cafedotcom,@SydneyWatson,7.354451851284163,93.45634920634922
@Vox,@bennyjohnson,7.354630946852046,93.46031746031747
@BadFaithPodcast,@The_Crucible,7.355364913484064,93.46825396825396
@TheSerfTimes,https://rumble.com/c/BannonsWarRoom,7.355460514063589,93.47222222222223
@TheDamageReport,@jlptalk,7.355913128330346,93.47619047619048
@adammockler,https://rumble.com/c/BannonsWarRoom,7.359210544952008,93.48412698412699
@LeverNews,@FleccasTalks,7.369112177072372,93.51587301587301
@TheEconomist,@SaltyCracker,7.375923257884598,93.53571428571429
@PoliticsGirl,https://rumble.com/c/BannonsWarRoom,7.377310880801377,93.54761904761905
@TheEconomist,@Timcast,7.378890584813933,93.55952380952381
@nousnetwork,@jlptalk,7.382170370331934,93.56746031746032
@moreperfectunion,@AnthonyBrianLogan,7.385413772295291,93.57142857142857
@timesofindia,@ActualJusticeWarrior,7.385628591277646,93.57539682539682
@TheEconomist,@MichaelKnowles,7.386852533227518,93.59126984126985
@moreperfectunion,@MLChristiansen,7.390794652458505,93.6031746031746
@aaronparnas1,@FreshFitMiami,7.392836864528758,93.61904761904762
@BadFaithPodcast,@TimcastNews,7.39447817984231,93.62301587301587
@aaronparnas1,@chicksonright,7.3975553807378525,93.62698412698413
@moreperfectunion,@RealAlexClark,7.399845017740846,93.63492063492063
@thewarningwithsteveschmidt,@lizwheeler,7.40103215651982,93.6388888888889
@aaronparnas1,@RealDanBongino,7.404547041108074,93.65079365079364
@moreperfectunion,@BlazeTV,7.4056917956943344,93.6626984126984
@aaronparnas1,https://rumble.com/c/nickjfuentes,7.406687747026373,93.67460317460318
@RonPlacone,@CashJordan,7.407257411999945,93.67857142857143
@ajplus,@FleccasTalks,7.407719431157544,93.68253968253968
@aaronparnas1,@MLChristiansen,7.410232404762127,93.69444444444444
@lovettorleaveitpodcast,@CashJordan,7.410275640372449,93.69841269841271
@aaronparnas1,@RileyGaines,7.4154053129264845,93.71031746031746
@TheLincolnProject,https://rumble.com/c/BannonsWarRoom,7.417654950315256,93.71825396825398
@aaronparnas1,@RealAlexClark,7.418720670961229,93.72222222222221
@aaronparnas1,@RufoandLomez,7.421126918972187,93.73412698412699
@FarronBalanced,https://rumble.com/c/BannonsWarRoom,7.421420629756315,93.73809523809524
@DannyHaiphongYT,@AndrewKlavan,7.423593025324291,93.7420634920635
@briantylercohen,@RSBN,7.424989178742977,93.7579365079365
@bulwarkmedia,@FleccasTalks,7.434402166520295,93.78968253968254
@ponderingpolitics,https://rumble.com/c/BannonsWarRoom,7.436350960448703,93.79761904761905
@destiny,https://rumble.com/c/BannonsWarRoom,7.438363440365257,93.80158730158729
@TheAtlantic,@BlackConservativePerspective,7.439490857132123,93.80555555555556
@aaronparnas1,@OfficialSaharTV,7.439960172810282,93.81349206349206
@moreperfectunion,https://rumble.com/c/russellbrand,7.44172462830446,93.82539682539682
@TheDamageReport,@CashJordan,7.442622408975157,93.83333333333333
@DemocracyDocket,@RSBN,7.4436081513630175,93.84523809523809
@aaronparnas1,@LiberalHivemind,7.443734389200919,93.84920634920636
@TheEconomist,@TimcastNews,7.443780168673465,93.85317460317461
@DueDissidence,@AndWeKnowOfficial-o9b,7.448015824748574,93.87698412698413
https://rumble.com/c/GGreenwald,@AndWeKnowOfficial-o9b,7.451674940658101,93.88095238095238
@franifio,@CashJordan,7.452665832560691,93.88492063492063
@DannyHaiphongYT,@AlexStein99,7.460191222636119,93.9047619047619
@DannyHaiphongYT,@turningpointusa,7.461266050570101,93.91666666666667
@briantylercohen,https://rumble.com/c/BannonsWarRoom,7.462695710028931,93.92460317460318
@nousnetwork,https://rumble.com/c/BannonsWarRoom,7.473207515437386,93.95634920634922
@moreperfectunion,@nypost,7.475105830061445,93.96428571428571
@aaronparnas1,https://rumble.com/c/BannonsWarRoom,7.475482230688899,93.96825396825396
@TheEconomist,@DarkHorsePod,7.475876509045465,93.97222222222223
@TheEconomist,@TomiLahrenIsFearless,7.480046683126292,94.00396825396825
@aaronparnas1,@oann,7.484330101874805,94.03174603174604
@LeverNews,@BlackConservativePerspective,7.487810234245627,94.03968253968253
@msnow,@FleccasTalks,7.493856947929155,94.07539682539682
@JackCocchiarellaShow,https://rumble.com/c/BannonsWarRoom,7.493868453022078,94.07936507936509
@moreperfectunion,@DarkHorsePod,7.4939463539021824,94.08333333333333
@TheEconomist,@MarkDice,7.500566844330704,94.11507936507937
@TheDamageReport,https://rumble.com/c/BannonsWarRoom,7.516210255010955,94.18253968253968
@RestPoliticsUS,https://rumble.com/c/BannonsWarRoom,7.517480159549408,94.19841269841271
@moreperfectunion,@chicksonright,7.520099780275258,94.20238095238095
@RebelHQ,https://rumble.com/c/BannonsWarRoom,7.520341408406206,94.2063492063492
@aaronparnas1,@RealAmericasVoice,7.521027682871577,94.21825396825398
@DannyHaiphongYT,@lonerboxlive,7.52561757079747,94.23809523809524
@MeidasTouch,https://rumble.com/c/BannonsWarRoom,7.5313846522000265,94.26984126984127
@franifio,https://rumble.com/c/BannonsWarRoom,7.531663856951103,94.27380952380953
@thewarningwithsteveschmidt,@MegynKelly,7.533558368106767,94.28174603174602
@DannyHaiphongYT,@TheQuartering,7.534783751525184,94.28571428571428
@thewarningwithsteveschmidt,@FreshFitMiami,7.5397709880613055,94.29761904761905
@aaronparnas1,@RebelNewsOnline,7.541989298145265,94.30952380952381
@TheEconomist,@PragerU,7.543143614277101,94.31746031746032
@TheEconomist,@winston_marshall,7.543454526550376,94.32142857142857
@thewarningwithsteveschmidt,@winston_marshall,7.544631198807123,94.32539682539682
@aaronparnas1,@GrahamAllen,7.549098696513914,94.3373015873016
https://rumble.com/c/GGreenwald,@RSBN,7.553975102729976,94.35317460317461
@ajplus,@jlptalk,7.554395401493714,94.35714285714286
@aaronparnas1,@AlexStein99,7.556289950390483,94.36904761904762
@DannyHaiphongYT,@StevenCrowder,7.558862895391533,94.38492063492063
@moreperfectunion,@AfterPartyEmily,7.561363599735184,94.3968253968254
@aaronparnas1,@glennbeck,7.56457962359216,94.42857142857143
@SMN,@RSBN,7.568687492445949,94.43650793650794
@thewarningwithsteveschmidt,https://rumble.com/c/TheAlexJonesShowLive,7.572794068336356,94.45634920634922
@DannyHaiphongYT,@TheAmalaEkpunobi,7.576064071203104,94.46428571428571
@aaronparnas1,@TheAdamCarollaShow1,7.57659026527374,94.46825396825396
@timesofindia,@newdiscourses,7.576615126324595,94.47222222222223
@ajplus,https://rumble.com/c/BannonsWarRoom,7.577469962710297,94.48015873015872
@aaronparnas1,@TomiLahrenIsFearless,7.579815695179535,94.48809523809524
@TheEconomist,@chicksonright,7.581518585766832,94.5
@LegalEagle,@jlptalk,7.585142450508097,94.51190476190476
@NYTPodcasts,@AndWeKnowOfficial-o9b,7.587242586108436,94.52777777777777
@BadFaithPodcast,@BlackConservativePerspective,7.591336983027298,94.53968253968253
@thewarningwithsteveschmidt,@MyronGainesX,7.593315361935632,94.55555555555556
@DannyHaiphongYT,@theisabelbrown,7.594854135832025,94.56349206349206
@DannyHaiphongYT,@Styxhexenhammer666,7.5963495808501,94.56746031746032
@thewarningwithsteveschmidt,@ActualJusticeWarrior,7.601040951198437,94.57936507936508
@HasanAbi,https://rumble.com/c/BannonsWarRoom,7.602805304225562,94.58333333333333
@timesofindia,@ThePodcastoftheLotusEaters,7.615092578962136,94.61904761904762
@TheJoyReidShow,@RSBN,7.615447352781115,94.62301587301587
@thewarningwithsteveschmidt,@marklevinshow,7.615849713921741,94.62698412698413
@aaronparnas1,@The_Crucible,7.61775853319027,94.64285714285714
@JamarlThomas,@FleccasTalks,7.622457499871077,94.66666666666667
@BadFaithPodcast,@TheQuartering,7.62445067433516,94.67063492063492
@TheDailyBeast,https://rumble.com/c/BannonsWarRoom,7.626605593841073,94.68650793650794
@UnHerd,@FleccasTalks,7.628267790506306,94.69841269841271
@aaronparnas1,@ZubyMusic,7.629931136066924,94.7063492063492
@MeidasTouch,@AndWeKnowOfficial-o9b,7.6330953314172625,94.72619047619048
@LukeBeasley,@jlptalk,7.633199726514172,94.73015873015873
@BadFaithPodcast,@ActualJusticeWarrior,7.635069464279321,94.73809523809524
@moreperfectunion,@XAVIAER,7.637538256337828,94.74603174603175
@Vox,@BlackConservativePerspective,7.64287747785939,94.76587301587301
@TheHumanistReport,@AndWeKnowOfficial-o9b,7.6442539342166524,94.76984126984127
@harryjsisson,https://rumble.com/c/BannonsWarRoom,7.644864256438239,94.77777777777779
@TheEconomist,https://rumble.com/c/TheAlexJonesShowLive,7.648333317042673,94.79761904761905
@moreperfectunion,@MegynKelly,7.649973368204559,94.8015873015873
@aaronparnas1,@lonerboxlive,7.650353123762986,94.80555555555556
@fastpoliticspodcast,@CashJordan,7.650843469652824,94.80952380952381
@LukeBeasley,@AndWeKnowOfficial-o9b,7.653279775335879,94.82142857142857
@TheEconomist,https://rumble.com/c/russellbrand,7.6574688302335,94.8373015873016
@aaronparnas1,@BenShapiro,7.657698275805235,94.84126984126983
@PoliticsJOE,@RSBN,7.659845257891323,94.84523809523809
@moreperfectunion,@MyronGainesX,7.659856422336454,94.84920634920636
@moreperfectunion,@FoxNews,7.671230480392581,94.88492063492063
@aaronparnas1,@nypost,7.673160942022056,94.8968253968254
@BadFaithPodcast,@TimcastIRL,7.675931945393806,94.9047619047619
@SMN,@AndWeKnowOfficial-o9b,7.676033824047261,94.90873015873017
@ajplus,@CashJordan,7.678917351265295,94.92063492063491
@ajplus,@BlackConservativePerspective,7.687018344720493,94.92857142857143
@franifio,@jlptalk,7.687796260073511,94.93253968253968
@DannyHaiphongYT,@The_Crucible,7.690945379411928,94.93650793650794
@breakingpoints,https://rumble.com/c/BannonsWarRoom,7.693003440411283,94.94444444444444
@SecularTalk,@AndWeKnowOfficial-o9b,7.6970932189490755,94.95634920634922
@TheEconomist,@MyronGainesX,7.697712423329385,94.96031746031746
@aaronparnas1,@triggerpod,7.705973864248051,94.99603174603175
@DannyHaiphongYT,@SydneyWatson,7.71123097514331,95.00396825396825
@moreperfectunion,@RealAmericasVoice,7.712805664171859,95.01190476190476
@aaronparnas1,@CamHigby,7.713594640059271,95.01984126984127
@moreperfectunion,@TheAdamCarollaShow1,7.718048509520742,95.02777777777777
@TheEconomist,@OfficialSaharTV,7.7244204657993984,95.0436507936508
@OwenJonesTalks,https://rumble.com/c/BannonsWarRoom,7.72571687471278,95.04761904761905
@moreperfectunion,@lizwheeler,7.725926089742917,95.0515873015873
@briantylercohen,@jlptalk,7.731176383807182,95.07539682539684
@GeopoliticalEconomyReport,https://rumble.com/c/BannonsWarRoom,7.731992355995992,95.07936507936508
@fastpoliticspodcast,@jlptalk,7.736014757380574,95.08333333333333
@DannyHaiphongYT,@TheBrianKilmeadeShow,7.745580344572348,95.12698412698413
@BadFaithPodcast,@PartOfTheProblem,7.750252826253486,95.13888888888889
@aaronparnas1,@AndrewKlavan,7.750634524755259,95.14682539682539
@aljazeeraenglish,@jlptalk,7.7566604579445,95.16666666666667
@TheEconomist,@LiberalHivemind,7.757862555221162,95.17063492063492
@ponderingpolitics,@AndWeKnowOfficial-o9b,7.758637838221313,95.17857142857142
@cafedotcom,@FleccasTalks,7.759299120233246,95.19047619047619
@aaronparnas1,@HangOutwithSeanHannity,7.7613378820355505,95.2063492063492
@aaronparnas1,@StevenCrowder,7.76174784502277,95.21031746031746
@TheEconomist,@marklevinshow,7.762132004159119,95.21428571428572
@TheDailyBeast,@jlptalk,7.764927647786357,95.21825396825396
@DannyHaiphongYT,@MichaelMaliceofficial,7.768628371124272,95.22619047619048
@DannyHaiphongYT,https://rumble.com/c/BannonsWarRoom,7.772802833964261,95.23809523809523
@timesofindia,@dineshdsouza,7.77516021559728,95.24603174603175
@PoliticsGirl,@bennyjohnson,7.781089823280263,95.26190476190476
@aaronparnas1,@SaltyCracker,7.78169021849009,95.26587301587301
@DannyHaiphongYT,@RealDanBongino,7.782475618781551,95.26984126984127
@aaronparnas1,@theisabelbrown,7.785111229900004,95.27380952380953
@thedavidpakmanshow,@AndWeKnowOfficial-o9b,7.786408219318028,95.28968253968254
@Vox,https://rumble.com/c/BannonsWarRoom,7.788005737591515,95.3015873015873
@thewarningwithsteveschmidt,@AfterPartyEmily,7.788326037776853,95.30555555555556
@TheEconomist,@MichaelMaliceofficial,7.7904953304827345,95.31349206349206
@thegrayzone7996,@jlptalk,7.797198535901007,95.3373015873016
@TheJoyReidShow,@AndWeKnowOfficial-o9b,7.802317129337245,95.36507936507937
@therationalnational,@RSBN,7.803194628086158,95.36904761904762
@thewarningwithsteveschmidt,@MichaelMaliceofficial,7.807202099499201,95.37698412698413
@TheEconomist,@BlazeTV,7.80736412866914,95.38492063492063
@BadEmpanadaLive,https://rumble.com/c/BannonsWarRoom,7.810910187521256,95.3968253968254
@TheEconomist,@TheAdamCarollaShow1,7.812050551840142,95.40873015873017
@moreperfectunion,@oann,7.8130911959372655,95.41666666666667
@TheRealTabithaSpeaks,@AndWeKnowOfficial-o9b,7.813271637521157,95.42063492063491
@moreperfectunion,@marklevinshow,7.814662407755433,95.42460317460318
@TheEconomist,@triggerpod,7.819477574262403,95.44444444444444
@SecularTalk,@RSBN,7.8210866339023175,95.46031746031746
@jimacosta,@FleccasTalks,7.83510436470306,95.51587301587303
@katiephangnews,@jlptalk,7.845574270738077,95.5515873015873
@TheAtlantic,https://rumble.com/c/BannonsWarRoom,7.849606987511958,95.56349206349206
@aaronparnas1,@lizwheeler,7.852612280115595,95.58333333333333
@MikeFromPA,@AndWeKnowOfficial-o9b,7.855888917308683,95.59126984126985
@aaronparnas1,@morebridgetphetasy,7.856320756225818,95.5952380952381
@moreperfectunion,@PragerU,7.865278176062446,95.61507936507937
@TheEconomist,@RealAmericasVoice,7.865943579809397,95.61904761904762
@TheEconomist,@dineshdsouza,7.867886153657707,95.63095238095238
@thewarningwithsteveschmidt,@LiberalHivemind,7.86909864684751,95.63492063492063
@aaronparnas1,@TheAmalaEkpunobi,7.870494269014797,95.63888888888889
@aaronparnas1,@TimcastNews,7.871387136011722,95.64285714285714
@timesofindia,@nationalreview,7.877903693498014,95.65873015873015
@DannyHaiphongYT,@marklevinshow,7.885084834597305,95.68253968253968
@aaronparnas1,@X22Report-y5y,7.894080368862488,95.70238095238095
@aaronparnas1,@JesseKellyDC,7.899708601613778,95.72222222222221
@DylanBurnsLIVE,@jlptalk,7.906923213261641,95.7420634920635
@judgingfreedom,@RSBN,7.9184245326820655,95.76190476190476
@TheMichaelCohenShow,@AndWeKnowOfficial-o9b,7.918880157162484,95.76587301587301
@moreperfectunion,@turningpointusa,7.9239437617917154,95.77380952380953
@moreperfectunion,@VivaFrei,7.926255706421172,95.78571428571429
@podsaveamerica,@RSBN,7.927872229796689,95.78968253968254
@aaronparnas1,@AnthonyBrianLogan,7.929460363720381,95.7936507936508
@DannyHaiphongYT,@lizwheeler,7.929899731356553,95.79761904761904
@aaronparnas1,@ColemanHughesOfficial,7.933230212467646,95.80555555555556
@TheEconomist,@oann,7.933627991675324,95.81349206349206
@aaronparnas1,https://rumble.com/c/russellbrand,7.935577329482879,95.82142857142857
@BadFaithPodcast,@dineshdsouza,7.93849882470342,95.83730158730158
@aaronparnas1,@MarkDice,7.938516259866529,95.84126984126983
@harryjsisson,@RSBN,7.947916667729896,95.86507936507937
@marclamonthillnetwork,@AndWeKnowOfficial-o9b,7.9494113967551545,95.87698412698413
@DannyHaiphongYT,@LiberalHivemind,7.9714012333583915,95.92857142857143
@TheEconomist,@MegynKelly,7.975118393003356,95.94444444444444
@TheAtlantic,@CashJordan,7.992678542228088,96.0
@BadFaithPodcast,@RSBN,7.995483673802325,96.00396825396825
@TheEconomist,@nypost,7.997024443304137,96.0079365079365
@DoubleDownNews,@AndWeKnowOfficial-o9b,8.00327275291859,96.01984126984127
@TheEconomist,@AnthonyBrianLogan,8.003375548099795,96.02380952380952
@therationalnational,@AndWeKnowOfficial-o9b,8.006617355667276,96.03571428571429
@nytimes,@RSBN,8.012690813009335,96.04761904761905
@TheAtlantic,@jlptalk,8.013011025061905,96.0515873015873
@DannyHaiphongYT,https://rumble.com/c/russellbrand,8.017009183384058,96.06746031746032
@thegrayzone7996,https://rumble.com/c/BannonsWarRoom,8.02245265935847,96.08333333333333
@SabbySabs,@jlptalk,8.024034859912474,96.08730158730158
@usefulidiots,https://rumble.com/c/BannonsWarRoom,8.026867152777848,96.10714285714286
@thewarningwithsteveschmidt,@FoxNews,8.027529546524248,96.11111111111111
@TheEconomist,@PartOfTheProblem,8.029766237159722,96.12698412698413
@DemocracyNow,@RSBN,8.034780111036191,96.14285714285714
@aaronparnas1,@bbrettcooper,8.036505832648846,96.14682539682539
@Vox,@CashJordan,8.03682805355127,96.15476190476191
@moreperfectunion,@MichaelMaliceofficial,8.045346331586213,96.17063492063492
@aaronparnas1,@RobertGouveiaEsq,8.045855097973199,96.17460317460318
@GeopoliticalEconomyReport,@FleccasTalks,8.051952144234145,96.20238095238095
@aaronparnas1,@MichaelMaliceofficial,8.054709383508671,96.22222222222221
@TheDailyBeast,@BlackConservativePerspective,8.057725802287178,96.23412698412699
@aaronparnas1,@ActualJusticeWarrior,8.063207796748836,96.25
@TheRealTabithaSpeaks,@RSBN,8.066708589819946,96.2579365079365
@UnHerd,https://rumble.com/c/BannonsWarRoom,8.068882060281007,96.26984126984127
@marclamonthillnetwork,@RSBN,8.070203328100694,96.28174603174602
@adammockler,@AndWeKnowOfficial-o9b,8.07187036508387,96.28968253968254
@briantylercohen,@AndWeKnowOfficial-o9b,8.078793823345862,96.30952380952381
@moreperfectunion,@TheOfficerTatum,8.084226541383263,96.31746031746032
@timesofindia,@FleccasTalks,8.089032180412856,96.32936507936508
@TheDailyBeast,@FleccasTalks,8.089521047335865,96.33333333333334
@DemocracyDocket,@AndWeKnowOfficial-o9b,8.089972089252447,96.33730158730158
@TheEconomist,@TheQuartering,8.09010813463794,96.34126984126983
@CNN,@AndWeKnowOfficial-o9b,8.091108189757794,96.3452380952381
@StatusCoup,@AndWeKnowOfficial-o9b,8.100614463560799,96.36904761904762
@aaronparnas1,@ThePodcastoftheLotusEaters,8.103209544239395,96.37301587301587
@cafedotcom,@AndWeKnowOfficial-o9b,8.115426155028393,96.39285714285715
@aaronparnas1,@Timcast,8.115628631364318,96.40079365079364
@TheDonLemonShow,@AndWeKnowOfficial-o9b,8.120667779782575,96.40873015873017
@StatusCoup,@RSBN,8.127768583292523,96.42063492063492
@moreperfectunion,@PartOfTheProblem,8.129027658172813,96.43650793650794
@TheEconomist,https://rumble.com/c/nickjfuentes,8.131284869949003,96.44444444444444
@DropSiteNews,@RSBN,8.132402025337822,96.4484126984127
@thewarningwithsteveschmidt,@VivaFrei,8.135367748006885,96.4563492063492
@TheEconomist,@DrSteveTurleyTV,8.137507499383338,96.46031746031746
@HasanAbi,@AndWeKnowOfficial-o9b,8.138981431278998,96.46825396825398
@PoliticsGirl,@jlptalk,8.145833967006038,96.48015873015872
@thewarningwithsteveschmidt,https://rumble.com/c/nickjfuentes,8.151574957836948,96.50396825396825
@cafedotcom,@RSBN,8.153574874727113,96.51190476190476
@moreperfectunion,https://rumble.com/c/nickjfuentes,8.157395730414448,96.51984126984127
@aaronparnas1,@Styxhexenhammer666,8.159504495816309,96.53174603174604
@DannyHaiphongYT,@ThePodcastoftheLotusEaters,8.161405942416035,96.53571428571428
@GlennKirschner2,@AndWeKnowOfficial-o9b,8.173159253803215,96.56349206349206
@thewarningwithsteveschmidt,@TheQuartering,8.18106897357811,96.57142857142857
@DannyHaiphongYT,@FoxNews,8.184637107923669,96.57936507936508
@PoliticsGirl,@CashJordan,8.184804979477327,96.58333333333333
@katiephangnews,https://rumble.com/c/BannonsWarRoom,8.187111122366108,96.58730158730158
@SkyNews,@AndWeKnowOfficial-o9b,8.19111850096101,96.60317460317461
@ponderingpolitics,@RSBN,8.194972885834433,96.62301587301587
@Vaush,@AndWeKnowOfficial-o9b,8.211147173516547,96.66666666666667
@TheHumanistReport,@RSBN,8.216970363846544,96.67460317460318
@TheEconomist,@MLChristiansen,8.217955026826235,96.68253968253968
@Vox,@jlptalk,8.226122501282491,96.7063492063492
@LegalAFMTN,@RSBN,8.226998195906921,96.71031746031747
@BadFaithPodcast,@AndWeKnowOfficial-o9b,8.232604772059846,96.73412698412699
@moreperfectunion,@dineshdsouza,8.242234031249888,96.7579365079365
@BadFaithPodcast,@FleccasTalks,8.244209354040322,96.76587301587301
@thewarningwithsteveschmidt,@DrSteveTurleyTV,8.248446032863184,96.77380952380953
@podsaveamerica,@AndWeKnowOfficial-o9b,8.24944019125378,96.77777777777777
@judgingfreedom,@AndWeKnowOfficial-o9b,8.266460787060534,96.82936507936508
@TheYoungTurks,@RSBN,8.278175104880813,96.85714285714285
@timesofindia,@SydneyWatson,8.278419672343336,96.86111111111111
@LegalEagle,https://rumble.com/c/BannonsWarRoom,8.287265626796295,96.89285714285715
@moreperfectunion,@TheQuartering,8.293786308925934,96.89682539682539
@bulwarkmedia,@RSBN,8.295226661791528,96.9047619047619
@thewarningwithsteveschmidt,https://rumble.com/c/russellbrand,8.298119584579128,96.91269841269842
@aaronparnas1,@TheQuartering,8.302771483614254,96.93253968253968
@Politicon,@RSBN,8.314250751380513,96.96031746031746
@NYTPodcasts,@RSBN,8.31478066504243,96.96825396825398
@TheDailyBeast,@CashJordan,8.315144487260232,96.97222222222223
@TheDonLemonShow,@RSBN,8.316027729012196,96.98412698412699
@breakingpoints,@RSBN,8.316237642954567,96.98809523809524
@thewarningwithsteveschmidt,@SydneyWatson,8.322016478114666,97.0
@thewarningwithsteveschmidt,@BlazeTV,8.326027129123775,97.01190476190476
@timesofindia,@RSBN,8.332405732762508,97.02777777777779
@TheSerfTimes,@AndWeKnowOfficial-o9b,8.338905840745715,97.05555555555556
@DemocracyNow,@AndWeKnowOfficial-o9b,8.342439697494004,97.06349206349206
@aljazeeraenglish,@AndWeKnowOfficial-o9b,8.343300875773325,97.06746031746032
@aaronparnas1,@newdiscourses,8.34602654274705,97.07142857142857
@aaronparnas1,@nationalreview,8.353305998914378,97.07539682539682
@PTLRadioShow,@AndWeKnowOfficial-o9b,8.363891153278201,97.10714285714286
@TheEconomist,@SydneyWatson,8.365287860187836,97.11507936507935
@UnHerd,@CashJordan,8.368843779638322,97.12301587301587
@Forthepeoplepodcast305,@AndWeKnowOfficial-o9b,8.375517382914383,97.13095238095238
@NovaraMedia,@RSBN,8.375918185282664,97.13888888888889
@aaronparnas1,@Tim_Black,8.377551411541006,97.14682539682539
@timesofindia,@PartOfTheProblem,8.38630834121001,97.17857142857143
@thewarningwithsteveschmidt,@TheOfficerTatum,8.39357180301346,97.19444444444446
@DoubleDownNews,@RSBN,8.39831714504071,97.2063492063492
@TheEconomist,@newdiscourses,8.399137013558901,97.21428571428572
@SabbySabs,https://rumble.com/c/BannonsWarRoom,8.416879981293892,97.22619047619048
@TheEconomist,@ActualJusticeWarrior,8.417015097346663,97.23015873015873
@thewarningwithsteveschmidt,@dineshdsouza,8.417054066557114,97.23412698412699
@moreperfectunion,@lonerboxlive,8.419476781832111,97.2420634920635
@moreperfectunion,@The_Crucible,8.420923819861502,97.24603174603175
@SabbySabs,@AndWeKnowOfficial-o9b,8.43297456821472,97.26587301587301
@DannyHaiphongYT,@nationalreview,8.44581741347019,97.28968253968254
@thewarningwithsteveschmidt,https://rumble.com/c/BannonsWarRoom,8.44754734760801,97.3015873015873
@deanwithrs,@RSBN,8.458481394796179,97.32936507936508
@samharrisorg,@AndWeKnowOfficial-o9b,8.463393549600273,97.33730158730158
@DannyHaiphongYT,@jlptalk,8.471217895175686,97.3452380952381
@aaronparnas1,@turningpointusa,8.473968711730482,97.34920634920636
@OwenReport,@AndWeKnowOfficial-o9b,8.476156267060937,97.36111111111111
@DueDissidence,@RSBN,8.47974776581842,97.36507936507937
@thewarningwithsteveschmidt,@lonerboxlive,8.488945943099829,97.38492063492063
@TheYoungTurks,@AndWeKnowOfficial-o9b,8.490588194048183,97.39285714285715
@breakingpoints,@AndWeKnowOfficial-o9b,8.496347189962961,97.43253968253968
@zeteo,@AndWeKnowOfficial-o9b,8.509500086186025,97.44047619047619
@aaronparnas1,@dineshdsouza,8.516411028757995,97.4484126984127
@msnow,@RSBN,8.525304630269101,97.46031746031746
@TheEconomist,@TheOfficerTatum,8.525715724510778,97.46825396825398
@thomhartmann,@AndWeKnowOfficial-o9b,8.530564417668867,97.48412698412699
@DylanBurnsLIVE,https://rumble.com/c/BannonsWarRoom,8.539950469609582,97.4920634920635
@DannyHaiphongYT,@CashJordan,8.54022382269979,97.49603174603175
@aaronparnas1,@SydneyWatson,8.549011847428124,97.51190476190476
@PoliticsGirl,@AndWeKnowOfficial-o9b,8.560599156785855,97.53968253968253
@rolandsmartin,@AndWeKnowOfficial-o9b,8.560631737665345,97.5436507936508
@TheEconomist,@The_Crucible,8.563882178122629,97.5515873015873
@harryjsisson,@AndWeKnowOfficial-o9b,8.58449923862497,97.57142857142857
@moreperfectunion,@jlptalk,8.585217036378882,97.57539682539682
@DropSiteNews,@AndWeKnowOfficial-o9b,8.593434849069476,97.59126984126985
@PTLRadioShow,@RSBN,8.599709773041617,97.61111111111111
@timesofindia,@AndWeKnowOfficial-o9b,8.599907495733106,97.61507936507937
@TheLincolnProject,@RSBN,8.600579279664858,97.61904761904762
@PoliticsJOE,@AndWeKnowOfficial-o9b,8.602151922938697,97.62301587301587
@thewarningwithsteveschmidt,@newdiscourses,8.603641261322256,97.62698412698413
@bulwarkmedia,@AndWeKnowOfficial-o9b,8.606700918878035,97.63492063492063
@adammockler,@RSBN,8.610871241575406,97.65079365079366
@jimacosta,@AndWeKnowOfficial-o9b,8.61528093222227,97.65873015873015
@OwenReport,@RSBN,8.619713659570863,97.66269841269842
@aaronparnas1,@TimcastIRL,8.626093474269979,97.67063492063492
@GeopoliticalEconomyReport,@jlptalk,8.628756363553363,97.68253968253968
@BadFaithPodcast,@SydneyWatson,8.64560894741028,97.7063492063492
@UnHerd,@jlptalk,8.653021269820375,97.71825396825396
@BreakThroughNews,@RSBN,8.671632680643524,97.75396825396825
@TheMichaelCohenShow,@RSBN,8.671747053703703,97.7579365079365
@dollemore,@RSBN,8.672987453017626,97.76190476190476
@msnow,@AndWeKnowOfficial-o9b,8.676416528674043,97.76984126984128
@thegrayzone7996,@AndWeKnowOfficial-o9b,8.695909731401924,97.79365079365078
@zeteo,@RSBN,8.704267508618416,97.80952380952381
@MeidasTouch,@RSBN,8.717483133672463,97.83333333333334
@BadEmpanadaLive,@AndWeKnowOfficial-o9b,8.721375972328296,97.83730158730158
@thewarningwithsteveschmidt,@The_Crucible,8.723189170524131,97.84920634920636
@TheEconomist,@VivaFrei,8.726283577790353,97.85714285714285
@RestPoliticsUS,@AndWeKnowOfficial-o9b,8.72802676846397,97.86111111111111
@TheMajorityReport,@RSBN,8.7339988483861,97.87698412698413
@destiny,@AndWeKnowOfficial-o9b,8.735121381433846,97.88095238095238
@Politicon,@AndWeKnowOfficial-o9b,8.736528665122304,97.88492063492063
@moreperfectunion,@triggerpod,8.73933914813354,97.89682539682539
@aaronparnas1,@jlptalk,8.74268572497162,97.90476190476191
@DannyHaiphongYT,@PartOfTheProblem,8.759599836185227,97.92460317460318
@nytimes,@AndWeKnowOfficial-o9b,8.760892731940954,97.92857142857143
@RestPoliticsUS,@RSBN,8.760916822829568,97.93253968253968
@NovaraMedia,@AndWeKnowOfficial-o9b,8.761199738348019,97.94047619047619
@MikeFromPA,@RSBN,8.773657214298373,97.94444444444444
@RebelHQ,@AndWeKnowOfficial-o9b,8.77712286064217,97.95238095238096
@moreperfectunion,@ActualJusticeWarrior,8.77847693906594,97.9563492063492
@GlennKirschner2,@RSBN,8.782861396565261,97.96031746031746
@PiscoLitty,@RSBN,8.787769350885602,97.96428571428571
@jimacosta,@RSBN,8.788455733844868,97.96825396825398
@Forthepeoplepodcast305,@RSBN,8.795220251503855,97.97222222222223
@thedavidpakmanshow,@RSBN,8.804566673832952,97.9920634920635
@moreperfectunion,@SydneyWatson,8.807706867852106,97.99603174603175
@nousnetwork,@AndWeKnowOfficial-o9b,8.82443431728972,98.01190476190477
@PoliticsGirl,@RSBN,8.836713126911675,98.03174603174604
@TheLincolnProject,@AndWeKnowOfficial-o9b,8.848936304199443,98.04761904761905
@LeejaMiller,@RSBN,8.849686610047653,98.0515873015873
@rolandsmartin,@RSBN,8.855310565313616,98.05952380952381
@thewarningwithsteveschmidt,@RobertGouveiaEsq,8.865206855300976,98.07539682539682
@moreperfectunion,@BlackConservativePerspective,8.867013396829261,98.08333333333333
@destiny,@RSBN,8.877024239561516,98.09523809523809
@TheAtlantic,@RSBN,8.88829920938267,98.11111111111111
@TheEconomist,@lonerboxlive,8.89984409499231,98.11904761904762
@EzraKleinShow,@RSBN,8.916064431904283,98.14682539682539
@GeopoliticalEconomyReport,@CashJordan,8.917039289928747,98.15079365079366
@lovettorleaveitpodcast,@AndWeKnowOfficial-o9b,8.917717143335723,98.1547619047619
@fastpoliticspodcast,@RSBN,8.92445178621785,98.16666666666667
@FarronBalanced,@AndWeKnowOfficial-o9b,8.928850887672855,98.17460317460316
@LeejaMiller,@AndWeKnowOfficial-o9b,8.931272904485905,98.18650793650794
@TheDamageReport,@RSBN,8.938328298148642,98.1984126984127
@thomhartmann,@RSBN,8.973544090492803,98.23809523809524
@SabbySabs,@RSBN,8.991555214432674,98.25396825396825
@JamarlThomas,@RSBN,8.992153325813067,98.2579365079365
@chriscuomo,@RSBN,8.992173329351743,98.26190476190476
@BreakThroughNews,@AndWeKnowOfficial-o9b,9.014343177828962,98.28174603174602
@EzraKleinShow,@AndWeKnowOfficial-o9b,9.022392193753408,98.28571428571429
@TheDailyBeast,@RSBN,9.031392885900823,98.29761904761905
@aaronparnas1,@PartOfTheProblem,9.031443974534243,98.3015873015873
@DannyHaiphongYT,@newdiscourses,9.034506426748996,98.31349206349206
@TheMajorityReport,@AndWeKnowOfficial-o9b,9.041943670160485,98.31746031746032
@TheSerfTimes,@RSBN,9.044340583059766,98.32539682539682
@chriscuomo,@AndWeKnowOfficial-o9b,9.102528986497846,98.36904761904762
@OwenJonesTalks,@AndWeKnowOfficial-o9b,9.102889331726635,98.37301587301587
@BadEmpanadaLive,@RSBN,9.110355885344195,98.38095238095238
@HasanAbi,@RSBN,9.116811122688881,98.38888888888889
@GeopoliticalEconomyReport,@AndWeKnowOfficial-o9b,9.125970327887014,98.40079365079364
@Xanderhal,@AndWeKnowOfficial-o9b,9.128008675509948,98.40476190476191
@franifio,@RSBN,9.136862497384211,98.42460317460318
@franifio,@AndWeKnowOfficial-o9b,9.152623653489655,98.44047619047619
@ajplus,@RSBN,9.16947538183146,98.4563492063492
@JackCocchiarellaShow,@RSBN,9.191381170593338,98.47619047619047
@TheDamageReport,@AndWeKnowOfficial-o9b,9.197589213613503,98.48015873015873
@Xanderhal,@RSBN,9.20646648889858,98.4920634920635
@OwenJonesTalks,@RSBN,9.217655064446344,98.5
@TheEconomist,https://rumble.com/c/BannonsWarRoom,9.21775924573836,98.50396825396825
@DannyHaiphongYT,@dineshdsouza,9.260077911595786,98.5515873015873
@moreperfectunion,@newdiscourses,9.277856568172957,98.57142857142858
@nousnetwork,@RSBN,9.279454116366914,98.57539682539682
@FarronBalanced,@RSBN,9.331614246171004,98.60714285714286
@Vox,@AndWeKnowOfficial-o9b,9.344410227542271,98.61111111111111
@TheAtlantic,@AndWeKnowOfficial-o9b,9.348500451603602,98.62698412698413
@moreperfectunion,@bennyjohnson,9.36544112342299,98.63492063492063
@NPR,@RSBN,9.369375832388236,98.63888888888889
@RebelHQ,@RSBN,9.384800968516515,98.64285714285714
@TheEconomist,@FleccasTalks,9.38522869852533,98.6468253968254
@DylanBurnsLIVE,@AndWeKnowOfficial-o9b,9.38642688583034,98.6547619047619
@LeverNews,@RSBN,9.38670996449483,98.65873015873015
@Vaush,@RSBN,9.39325702576093,98.66666666666667
@aaronparnas1,@FleccasTalks,9.394033725387285,98.67063492063492
@TheEconomist,@RobertGouveiaEsq,9.425783970334942,98.68253968253968
@aaronparnas1,@CashJordan,9.432469177308391,98.69047619047619
@LegalEagle,@AndWeKnowOfficial-o9b,9.440732790092659,98.69444444444444
@TheEconomist,@BlackConservativePerspective,9.454699948059506,98.6984126984127
@JackCocchiarellaShow,@AndWeKnowOfficial-o9b,9.472562816020611,98.7063492063492
@thewarningwithsteveschmidt,@BlackConservativePerspective,9.477092443960181,98.71428571428571
@moreperfectunion,@RobertGouveiaEsq,9.5246932953979,98.72619047619048
@LeverNews,@AndWeKnowOfficial-o9b,9.525560227485744,98.73015873015873
@usefulidiots,@RSBN,9.528381261245169,98.73412698412697
@CNN,@RSBN,9.542262237162088,98.74603174603175
@DannyHaiphongYT,@FleccasTalks,9.552433508756618,98.75
@SkyNews,@RSBN,9.561756894663889,98.7579365079365
@usefulidiots,@AndWeKnowOfficial-o9b,9.575767248259265,98.76587301587301
@thewarningwithsteveschmidt,@FleccasTalks,9.604162895922808,98.77380952380952
@lovettorleaveitpodcast,@RSBN,9.60507073779335,98.77777777777777
@LegalEagle,@RSBN,9.623276589503952,98.78571428571429
@moreperfectunion,@AndWeKnowOfficial-o9b,9.643841074036285,98.79761904761905
@Vox,@RSBN,9.666777505417423,98.80555555555556
@JamarlThomas,@AndWeKnowOfficial-o9b,9.675816956352353,98.80952380952381
@katiephangnews,@RSBN,9.699192741429417,98.82539682539682
@ajplus,@AndWeKnowOfficial-o9b,9.71100291668903,98.84126984126983
@thewarningwithsteveschmidt,@jlptalk,9.725096964535274,98.8452380952381
@fastpoliticspodcast,@AndWeKnowOfficial-o9b,9.834266759475671,98.88095238095238
@DylanBurnsLIVE,@RSBN,9.8373023513088,98.88492063492063
@UnHerd,@AndWeKnowOfficial-o9b,9.900812171249688,98.89682539682539
@aaronparnas1,@AndWeKnowOfficial-o9b,9.97705575657744,98.90873015873017
@UnHerd,@RSBN,10.118355648790239,98.9484126984127
@thewarningwithsteveschmidt,@bennyjohnson,10.180390983636302,98.97222222222221
@moreperfectunion,@CashJordan,10.210415224617469,98.97619047619047
@GeopoliticalEconomyReport,@RSBN,10.212774952132506,98.98015873015873
@aljazeeraenglish,@RSBN,10.213273460599794,98.98412698412699
@thewarningwithsteveschmidt,@CashJordan,10.22971819405535,98.9920634920635
@TheEconomist,@bennyjohnson,10.288001915431053,99.00396825396825
@thegrayzone7996,@RSBN,10.331680686333886,99.0079365079365
@TheDailyBeast,@AndWeKnowOfficial-o9b,10.37286995588478,99.01984126984127
@TheEconomist,@jlptalk,10.39820206738362,99.02777777777779
@moreperfectunion,@FleccasTalks,10.52727599252196,99.04761904761905
@DannyHaiphongYT,@AndWeKnowOfficial-o9b,10.646865228317616,99.05952380952381
@TheEconomist,@CashJordan,10.724827120628055,99.06349206349206
@DannyHaiphongYT,@RSBN,10.815480610868388,99.06746031746032
@TheEconomist,@AndWeKnowOfficial-o9b,10.986530247617274,99.07539682539682
@moreperfectunion,@RSBN,11.024982181108122,99.08333333333333
@thewarningwithsteveschmidt,@AndWeKnowOfficial-o9b,11.35594751783864,99.09920634920636
@TheEconomist,@RSBN,11.679348870844388,99.10317460317461
@thewarningwithsteveschmidt,@RSBN,11.836587986421456,99.10714285714286
@BelleRanch,https://rumble.com/c/russellbrand,12.087901638749594,99.11111111111111
@BelleRanch,@bennyjohnson,12.77038980448062,99.12698412698413
@BelleRanch,@LiberalHivemind,12.874677478701102,99.13492063492063
@BelleRanch,@OfficialSaharTV,12.96410510965951,99.14285714285714
@BelleRanch,@RedactedNews,13.060149011253705,99.1468253968254
@BelleRanch,@RebelNewsOnline,13.065392842524759,99.15079365079366
@BelleRanch,@NewsmaxTV,13.322435252967043,99.16666666666667
@BelleRanch,https://rumble.com/c/BannonsWarRoom,13.349318229345437,99.17460317460318
@BelleRanch,@winston_marshall,13.367150517689183,99.18650793650794
@BelleRanch,@glennbeck,13.377594078904236,99.19444444444444
@BelleRanch,@FoxNews,13.378931761334794,99.1984126984127
@BelleRanch,@theisabelbrown,13.469046152716704,99.22222222222223
@BelleRanch,@The_Crucible,13.471100791723057,99.22619047619048
@BelleRanch,@JustPearlyThings,13.484060042483224,99.23809523809524
@BelleRanch,@Tim_Black,13.51786998443366,99.25396825396825
@BelleRanch,@DarkHorsePod,13.52609817560361,99.2579365079365
@BelleRanch,@DrSteveTurleyTV,13.533986291603798,99.27380952380952
@BelleRanch,@TheAmalaEkpunobi,13.59764350600376,99.30952380952381
@BelleRanch,@MichaelMaliceofficial,13.660526347848402,99.32936507936509
@BelleRanch,@CamHigby,13.673895684189276,99.33730158730158
@BelleRanch,@RubinReport,13.679726632369167,99.3531746031746
@BelleRanch,@RealAlexClark,13.701956629016983,99.37301587301587
@BelleRanch,@MegynKelly,13.707228586372633,99.37698412698413
@BelleRanch,@RealDanBongino,13.714285629768991,99.38095238095238
@BelleRanch,@SydneyWatson,13.71801846262988,99.38492063492063
@BelleRanch,@nypost,13.745264229782553,99.40476190476191
@BelleRanch,@MarkDice,13.751196480431133,99.41666666666666
@BelleRanch,@SaltyCracker,13.773824718089969,99.43253968253968
@BelleRanch,@clayandbuck,13.780567897902555,99.44444444444444
@BelleRanch,@PragerU,13.784027097155656,99.4484126984127
@BelleRanch,@BenShapiro,13.818098607081582,99.4563492063492
@BelleRanch,@JillianMichaels,13.821859807392455,99.46031746031746
@BelleRanch,@Styxhexenhammer666,13.822005575669287,99.46428571428572
@BelleRanch,@RileyGaines,13.825251803768586,99.46825396825398
@BelleRanch,@bbrettcooper,13.82767258031158,99.47619047619047
@BelleRanch,@GrahamAllen,13.843487387202263,99.48015873015873
@BelleRanch,@MattWalsh,13.855037790570082,99.4920634920635
@BelleRanch,@AlexStein99,13.871176270692034,99.51190476190476
@BelleRanch,@MLChristiansen,13.871956063619528,99.51587301587301
@BelleRanch,@morebridgetphetasy,13.877908661286236,99.52380952380952
@BelleRanch,@fightbackpodcast,13.933345097240663,99.55158730158729
@BelleRanch,@MrTariqNasheed,13.952283503959592,99.55952380952381
@BelleRanch,https://rumble.com/c/TheAlexJonesShowLive,13.98162479127854,99.57539682539682
@BelleRanch,@AndrewKlavan,14.003816296531998,99.5873015873016
@BelleRanch,@ThePodcastoftheLotusEaters,14.015617993148586,99.59523809523809
@BelleRanch,@TomiLahrenIsFearless,14.019001807513318,99.60317460317461
@BelleRanch,@X22Report-y5y,14.02797107842696,99.60714285714286
@BelleRanch,@RufoandLomez,14.035848574362236,99.61507936507937
@BelleRanch,https://rumble.com/c/nickjfuentes,14.057444871197536,99.62698412698413
@BelleRanch,@TheAdamCarollaShow1,14.061732255734576,99.63095238095238
@BelleRanch,@BlazeTV,14.077803423888485,99.65079365079364
@BelleRanch,@AnthonyBrianLogan,14.08150469097284,99.6547619047619
@BelleRanch,@MyronGainesX,14.096810195340664,99.65873015873015
@BelleRanch,@StevenCrowder,14.106177002541246,99.66666666666667
@BelleRanch,@TheBrianKilmeadeShow,14.109136376601654,99.67063492063491
@BelleRanch,@dineshdsouza,14.126361990287077,99.68253968253968
@BelleRanch,@MichaelKnowles,14.160025845269086,99.71031746031747
@BelleRanch,@ChadPrather1,14.164116606061834,99.71825396825396
@BelleRanch,@lonerboxlive,14.187158681660245,99.73015873015873
@BelleRanch,@CashJordan,14.199752901079098,99.73809523809524
@BelleRanch,@marklevinshow,14.232047636844214,99.74603174603175
@BelleRanch,@AfterPartyEmily,14.292431575371728,99.76587301587301
@BelleRanch,@oann,14.307218681875776,99.77777777777777
@BelleRanch,@XAVIAER,14.319011131136687,99.78174603174604
@BelleRanch,@JesseKellyDC,14.35331777122582,99.79365079365078
@BelleRanch,@chicksonright,14.355039548014428,99.79761904761905
@BelleRanch,@nationalreview,14.374571868711389,99.80555555555556
@BelleRanch,@RealAmericasVoice,14.37539567132514,99.80952380952381
@BelleRanch,@FreshFitMiami,14.385014711478199,99.81349206349206
@BelleRanch,@turningpointusa,14.405147049918432,99.81746031746032
@BelleRanch,@TheOfficerTatum,14.416602547715335,99.82142857142857
@BelleRanch,@HangOutwithSeanHannity,14.42999592761927,99.82936507936509
@BelleRanch,@lizwheeler,14.449360243478052,99.8452380952381
@BelleRanch,@PartOfTheProblem,14.452485292521052,99.84920634920636
@BelleRanch,@ZubyMusic,14.482850498566943,99.86111111111111
@BelleRanch,@TimcastIRL,14.494421221640579,99.86507936507937
@BelleRanch,@jlptalk,14.501409700611024,99.86904761904762
@BelleRanch,@Timcast,14.56695859464051,99.87698412698413
@BelleRanch,@ColemanHughesOfficial,14.596747470541217,99.88492063492063
@BelleRanch,@VivaFrei,14.634026456657551,99.90079365079364
@BelleRanch,@triggerpod,14.643133907269377,99.90476190476191
@BelleRanch,@newdiscourses,14.677123680847915,99.90873015873017
@BelleRanch,@TimcastNews,14.918059309333522,99.94444444444444
@BelleRanch,@RobertGouveiaEsq,14.94299238698023,99.95238095238095
@BelleRanch,@AndWeKnowOfficial-o9b,15.059468155782747,99.97222222222221
@BelleRanch,@ActualJusticeWarrior,15.118073384565358,99.97619047619047
@BelleRanch,@BlackConservativePerspective,15.158055892655618,99.98015873015873
@BelleRanch,@TheQuartering,15.190624454923654,99.98412698412699
@BelleRanch,@RSBN,15.28253874231328,99.98809523809524
@BelleRanch,@FleccasTalks,15.305734445301638,99.9920634920635
