creator,genre,month_from,month_to,n_from,n_to,js_distance,lane,organisation,clipper,partial_month,low_n
@60minutes,videos,2026-01,2026-02,39,31,0.8005,us_legacy_tv,CBS News,False,False,False
@60minutes,videos,2026-02,2026-03,31,51,0.7919,us_legacy_tv,CBS News,False,False,False
@60minutes,videos,2026-03,2026-04,51,62,0.7624,us_legacy_tv,CBS News,False,False,False
@60minutes,videos,2026-04,2026-05,62,51,0.6941,us_legacy_tv,CBS News,False,False,False
@60minutes,videos,2026-05,2026-06,51,24,0.7462,us_legacy_tv,CBS News,False,False,False
@60minutes,videos,2026-08,2026-09,18,46,0.9613,us_legacy_tv,CBS News,False,True,False
@ABCNews,streams,2026-01,2026-02,76,95,0.515,us_legacy_tv,ABC News,False,False,False
@ABCNews,streams,2026-02,2026-03,95,70,0.6218,us_legacy_tv,ABC News,False,False,False
@ABCNews,streams,2026-03,2026-04,70,73,0.6472,us_legacy_tv,ABC News,False,False,False
@ABCNews,streams,2026-04,2026-05,73,71,0.5766,us_legacy_tv,ABC News,False,False,False
@ABCNews,streams,2026-05,2026-06,71,49,0.5735,us_legacy_tv,ABC News,False,False,False
@ABCNews,streams,2026-06,2026-07,49,50,0.508,us_legacy_tv,ABC News,False,False,False
@ABCNews,streams,2026-07,2026-08,50,73,0.5194,us_legacy_tv,ABC News,False,False,False
@ABCNews,streams,2026-08,2026-09,73,33,0.4812,us_legacy_tv,ABC News,False,True,False
@ABCNews,videos,2026-01,2026-02,875,946,0.5234,us_legacy_tv,ABC News,False,False,False
@ABCNews,videos,2026-02,2026-03,946,907,0.5538,us_legacy_tv,ABC News,False,False,False
@ABCNews,videos,2026-03,2026-04,907,924,0.4674,us_legacy_tv,ABC News,False,False,False
@ABCNews,videos,2026-04,2026-05,924,883,0.5076,us_legacy_tv,ABC News,False,False,False
@ABCNews,videos,2026-05,2026-06,883,915,0.4613,us_legacy_tv,ABC News,False,False,False
@ABCNews,videos,2026-06,2026-07,915,883,0.4353,us_legacy_tv,ABC News,False,False,False
@ABCNews,videos,2026-07,2026-08,883,1073,0.4326,us_legacy_tv,ABC News,False,False,False
@ABCNews,videos,2026-08,2026-09,1073,565,0.484,us_legacy_tv,ABC News,False,True,False
@ANINewsIndia,streams,2026-01,2026-02,720,804,0.3387,wire_international,ANI,False,False,False
@ANINewsIndia,streams,2026-02,2026-03,804,770,0.4287,wire_international,ANI,False,False,False
@ANINewsIndia,streams,2026-03,2026-04,770,735,0.3973,wire_international,ANI,False,False,False
@ANINewsIndia,streams,2026-04,2026-05,735,823,0.3019,wire_international,ANI,False,False,False
@ANINewsIndia,streams,2026-05,2026-06,823,888,0.3036,wire_international,ANI,False,False,False
@ANINewsIndia,streams,2026-06,2026-07,888,959,0.3043,wire_international,ANI,False,False,False
@ANINewsIndia,streams,2026-07,2026-08,959,1224,0.349,wire_international,ANI,False,False,False
@ANINewsIndia,streams,2026-08,2026-09,1224,656,0.4422,wire_international,ANI,False,True,False
@ANINewsIndia,videos,2026-01,2026-02,1271,1517,0.3771,wire_international,ANI,False,False,False
@ANINewsIndia,videos,2026-02,2026-03,1517,1226,0.4153,wire_international,ANI,False,False,False
@ANINewsIndia,videos,2026-03,2026-04,1226,1323,0.3686,wire_international,ANI,False,False,False
@ANINewsIndia,videos,2026-04,2026-05,1323,1134,0.3818,wire_international,ANI,False,False,False
@ANINewsIndia,videos,2026-05,2026-06,1134,1382,0.3131,wire_international,ANI,False,False,False
@ANINewsIndia,videos,2026-06,2026-07,1382,1352,0.3127,wire_international,ANI,False,False,False
@ANINewsIndia,videos,2026-07,2026-08,1352,1953,0.3682,wire_international,ANI,False,False,False
@ANINewsIndia,videos,2026-08,2026-09,1953,1121,0.4341,wire_international,ANI,False,True,False
@ActualJusticeWarrior,videos,2026-01,2026-02,37,45,0.7334,right_commentary,Actual Justice Warrior,False,False,False
@ActualJusticeWarrior,videos,2026-02,2026-03,45,47,0.6694,right_commentary,Actual Justice Warrior,False,False,False
@ActualJusticeWarrior,videos,2026-03,2026-04,47,47,0.7225,right_commentary,Actual Justice Warrior,False,False,False
@ActualJusticeWarrior,videos,2026-04,2026-05,47,52,0.7349,right_commentary,Actual Justice Warrior,False,False,False
@ActualJusticeWarrior,videos,2026-05,2026-06,52,48,0.7187,right_commentary,Actual Justice Warrior,False,False,False
@ActualJusticeWarrior,videos,2026-06,2026-07,48,42,0.6976,right_commentary,Actual Justice Warrior,False,False,False
@ActualJusticeWarrior,videos,2026-07,2026-08,42,60,0.7334,right_commentary,Actual Justice Warrior,False,False,False
@AfterPartyEmily,videos,2026-01,2026-02,34,48,0.69,right_commentary,Emily Jashinsky,False,False,False
@AfterPartyEmily,videos,2026-02,2026-03,48,44,0.8692,right_commentary,Emily Jashinsky,False,False,False
@AfterPartyEmily,videos,2026-03,2026-04,44,46,0.8508,right_commentary,Emily Jashinsky,False,False,False
@AfterPartyEmily,videos,2026-04,2026-05,46,49,0.8558,right_commentary,Emily Jashinsky,False,False,False
@AfterPartyEmily,videos,2026-05,2026-06,49,42,0.7134,right_commentary,Emily Jashinsky,False,False,False
@AfterPartyEmily,videos,2026-06,2026-07,42,46,0.8268,right_commentary,Emily Jashinsky,False,False,False
@AfterPartyEmily,videos,2026-07,2026-08,46,67,0.7089,right_commentary,Emily Jashinsky,False,False,False
@AfterPartyEmily,videos,2026-08,2026-09,67,34,0.8123,right_commentary,Emily Jashinsky,False,True,False
@AndWeKnowOfficial-o9b,videos,2026-02,2026-03,22,17,0.7013,right_commentary,And We Know,False,False,False
@AndWeKnowOfficial-o9b,videos,2026-03,2026-04,17,19,0.6255,right_commentary,And We Know,False,False,False
@AndWeKnowOfficial-o9b,videos,2026-04,2026-05,19,24,0.6698,right_commentary,And We Know,False,False,False
@AndWeKnowOfficial-o9b,videos,2026-05,2026-06,24,23,0.5615,right_commentary,And We Know,False,False,False
@AndWeKnowOfficial-o9b,videos,2026-06,2026-07,23,22,0.5734,right_commentary,And We Know,False,False,False
@AndWeKnowOfficial-o9b,videos,2026-07,2026-08,22,35,0.62,right_commentary,And We Know,False,False,False
@AndrewKlavan,videos,2026-01,2026-02,22,22,0.8193,right_commentary,Daily Wire,False,False,False
@AndrewKlavan,videos,2026-02,2026-03,22,21,0.8103,right_commentary,Daily Wire,False,False,False
@AndrewKlavan,videos,2026-03,2026-04,21,21,0.7636,right_commentary,Daily Wire,False,False,False
@AndrewKlavan,videos,2026-04,2026-05,21,23,0.6802,right_commentary,Daily Wire,False,False,False
@AndrewKlavan,videos,2026-05,2026-06,23,22,0.7193,right_commentary,Daily Wire,False,False,False
@AndrewKlavan,videos,2026-06,2026-07,22,21,0.7746,right_commentary,Daily Wire,False,False,False
@AndrewKlavan,videos,2026-07,2026-08,21,29,0.784,right_commentary,Daily Wire,False,False,False
@AndrewKlavan,videos,2026-08,2026-09,29,15,0.9763,right_commentary,Daily Wire,False,True,False
@AnthonyBrianLogan,videos,2026-01,2026-02,27,20,0.9103,right_commentary,Anthony Brian Logan,False,False,False
@AnthonyBrianLogan,videos,2026-02,2026-03,20,37,0.9301,right_commentary,Anthony Brian Logan,False,False,False
@AnthonyBrianLogan,videos,2026-03,2026-04,37,53,0.8125,right_commentary,Anthony Brian Logan,False,False,False
@AnthonyBrianLogan,videos,2026-04,2026-05,53,43,0.7568,right_commentary,Anthony Brian Logan,False,False,False
@AnthonyBrianLogan,videos,2026-05,2026-06,43,22,0.8758,right_commentary,Anthony Brian Logan,False,False,False
@AnthonyBrianLogan,videos,2026-08,2026-09,15,20,0.8242,right_commentary,Anthony Brian Logan,False,True,False
@AsmonTV,videos,2026-01,2026-02,101,89,0.5105,streamer_reaction,Asmongold,True,False,False
@AsmonTV,videos,2026-02,2026-03,89,97,0.5194,streamer_reaction,Asmongold,True,False,False
@AsmonTV,videos,2026-03,2026-04,97,92,0.5658,streamer_reaction,Asmongold,True,False,False
@AsmonTV,videos,2026-04,2026-05,92,117,0.597,streamer_reaction,Asmongold,True,False,False
@AsmonTV,videos,2026-05,2026-06,117,99,0.4477,streamer_reaction,Asmongold,True,False,False
@AsmonTV,videos,2026-06,2026-07,99,101,0.5322,streamer_reaction,Asmongold,True,False,False
@AsmonTV,videos,2026-07,2026-08,101,77,0.5775,streamer_reaction,Asmongold,True,False,False
@AsmonTV,videos,2026-08,2026-09,77,102,0.5161,streamer_reaction,Asmongold,True,True,False
@AssociatedPress,streams,2026-01,2026-02,127,155,0.6448,wire_international,Associated Press,False,False,False
@AssociatedPress,streams,2026-02,2026-03,155,131,0.7266,wire_international,Associated Press,False,False,False
@AssociatedPress,streams,2026-03,2026-04,131,125,0.6989,wire_international,Associated Press,False,False,False
@AssociatedPress,streams,2026-04,2026-05,125,110,0.6986,wire_international,Associated Press,False,False,False
@AssociatedPress,streams,2026-05,2026-06,110,129,0.6879,wire_international,Associated Press,False,False,False
@AssociatedPress,streams,2026-06,2026-07,129,167,0.6464,wire_international,Associated Press,False,False,False
@AssociatedPress,streams,2026-07,2026-08,167,131,0.6802,wire_international,Associated Press,False,False,False
@AssociatedPress,streams,2026-08,2026-09,131,76,0.6806,wire_international,Associated Press,False,True,False
@AssociatedPress,videos,2026-01,2026-02,604,640,0.5411,wire_international,Associated Press,False,False,False
@AssociatedPress,videos,2026-02,2026-03,640,599,0.6025,wire_international,Associated Press,False,False,False
@AssociatedPress,videos,2026-03,2026-04,599,664,0.4926,wire_international,Associated Press,False,False,False
@AssociatedPress,videos,2026-04,2026-05,664,594,0.4981,wire_international,Associated Press,False,False,False
@AssociatedPress,videos,2026-05,2026-06,594,683,0.4652,wire_international,Associated Press,False,False,False
@AssociatedPress,videos,2026-06,2026-07,683,614,0.4787,wire_international,Associated Press,False,False,False
@AssociatedPress,videos,2026-07,2026-08,614,813,0.4718,wire_international,Associated Press,False,False,False
@AssociatedPress,videos,2026-08,2026-09,813,361,0.5434,wire_international,Associated Press,False,True,False
@BBCNews,videos,2026-01,2026-02,194,259,0.6075,wire_international,BBC,False,False,False
@BBCNews,videos,2026-02,2026-03,259,266,0.6419,wire_international,BBC,False,False,False
@BBCNews,videos,2026-03,2026-04,266,291,0.4804,wire_international,BBC,False,False,False
@BBCNews,videos,2026-04,2026-05,291,272,0.5116,wire_international,BBC,False,False,False
@BBCNews,videos,2026-05,2026-06,272,277,0.5092,wire_international,BBC,False,False,False
@BBCNews,videos,2026-06,2026-07,277,280,0.5239,wire_international,BBC,False,False,False
@BBCNews,videos,2026-07,2026-08,280,402,0.5055,wire_international,BBC,False,False,False
@BBCNews,videos,2026-08,2026-09,402,199,0.6128,wire_international,BBC,False,True,False
@BadEmpanadaLive,videos,2026-01,2026-02,32,34,0.6726,streamer_reaction,BadEmpanada,False,False,False
@BadEmpanadaLive,videos,2026-02,2026-03,34,28,0.727,streamer_reaction,BadEmpanada,False,False,False
@BadEmpanadaLive,videos,2026-03,2026-04,28,32,0.6269,streamer_reaction,BadEmpanada,False,False,False
@BadEmpanadaLive,videos,2026-04,2026-05,32,31,0.7471,streamer_reaction,BadEmpanada,False,False,False
@BadEmpanadaLive,videos,2026-05,2026-06,31,33,0.8126,streamer_reaction,BadEmpanada,False,False,False
@BadEmpanadaLive,videos,2026-06,2026-07,33,37,0.6372,streamer_reaction,BadEmpanada,False,False,False
@BadEmpanadaLive,videos,2026-07,2026-08,37,42,0.6196,streamer_reaction,BadEmpanada,False,False,False
@BadEmpanadaLive,videos,2026-08,2026-09,42,29,0.7267,streamer_reaction,BadEmpanada,False,True,False
@BelleRanch,videos,2026-01,2026-02,93,93,0.6066,left_commentary,Belle of the Ranch,False,False,False
@BelleRanch,videos,2026-02,2026-03,93,84,0.663,left_commentary,Belle of the Ranch,False,False,False
@BelleRanch,videos,2026-03,2026-04,84,93,0.5971,left_commentary,Belle of the Ranch,False,False,False
@BelleRanch,videos,2026-04,2026-05,93,90,0.5428,left_commentary,Belle of the Ranch,False,False,False
@BelleRanch,videos,2026-05,2026-06,90,93,0.551,left_commentary,Belle of the Ranch,False,False,False
@BelleRanch,videos,2026-06,2026-07,93,90,0.5781,left_commentary,Belle of the Ranch,False,False,False
@BelleRanch,videos,2026-07,2026-08,90,123,0.5222,left_commentary,Belle of the Ranch,False,False,False
@BelleRanch,videos,2026-08,2026-09,123,63,0.6049,left_commentary,Belle of the Ranch,False,True,False
@BenShapiro,videos,2026-01,2026-02,37,53,0.7278,right_commentary,Daily Wire,False,False,False
@BenShapiro,videos,2026-02,2026-03,53,46,0.8442,right_commentary,Daily Wire,False,False,False
@BenShapiro,videos,2026-03,2026-04,46,39,0.7553,right_commentary,Daily Wire,False,False,False
@BenShapiro,videos,2026-04,2026-05,39,50,0.8207,right_commentary,Daily Wire,False,False,False
@BenShapiro,videos,2026-05,2026-06,50,58,0.7716,right_commentary,Daily Wire,False,False,False
@BenShapiro,videos,2026-06,2026-07,58,72,0.791,right_commentary,Daily Wire,False,False,False
@BenShapiro,videos,2026-07,2026-08,72,122,0.784,right_commentary,Daily Wire,False,False,False
@BenShapiro,videos,2026-08,2026-09,122,48,0.7312,right_commentary,Daily Wire,False,True,False
@BlackConservativePerspective,videos,2026-01,2026-02,139,144,0.6175,right_commentary,Black Conservative Perspective,False,False,False
@BlackConservativePerspective,videos,2026-02,2026-03,144,131,0.5677,right_commentary,Black Conservative Perspective,False,False,False
@BlackConservativePerspective,videos,2026-03,2026-04,131,142,0.5169,right_commentary,Black Conservative Perspective,False,False,False
@BlackConservativePerspective,videos,2026-04,2026-05,142,143,0.5338,right_commentary,Black Conservative Perspective,False,False,False
@BlackConservativePerspective,videos,2026-05,2026-06,143,144,0.55,right_commentary,Black Conservative Perspective,False,False,False
@BlackConservativePerspective,videos,2026-06,2026-07,144,131,0.5862,right_commentary,Black Conservative Perspective,False,False,False
@BlackConservativePerspective,videos,2026-07,2026-08,131,198,0.5437,right_commentary,Black Conservative Perspective,False,False,False
@BlackConservativePerspective,videos,2026-08,2026-09,198,99,0.5414,right_commentary,Black Conservative Perspective,False,True,False
@BlazeTV,videos,2026-01,2026-02,77,113,0.7443,right_commentary,Blaze Media,False,False,False
@BlazeTV,videos,2026-02,2026-03,113,99,0.7213,right_commentary,Blaze Media,False,False,False
@BlazeTV,videos,2026-03,2026-04,99,110,0.6525,right_commentary,Blaze Media,False,False,False
@BlazeTV,videos,2026-04,2026-05,110,103,0.6745,right_commentary,Blaze Media,False,False,False
@BlazeTV,videos,2026-05,2026-06,103,103,0.6336,right_commentary,Blaze Media,False,False,False
@BlazeTV,videos,2026-06,2026-07,103,78,0.6844,right_commentary,Blaze Media,False,False,False
@BlazeTV,videos,2026-07,2026-08,78,128,0.6823,right_commentary,Blaze Media,False,False,False
@BlazeTV,videos,2026-08,2026-09,128,57,0.7094,right_commentary,Blaze Media,False,True,False
@BreakThroughNews,videos,2026-01,2026-02,21,24,0.8287,independent_digital_news,BreakThrough News,False,False,False
@BreakThroughNews,videos,2026-02,2026-03,24,22,0.7174,independent_digital_news,BreakThrough News,False,False,False
@BreakThroughNews,videos,2026-03,2026-04,22,22,0.6196,independent_digital_news,BreakThrough News,False,False,False
@BreakThroughNews,videos,2026-04,2026-05,22,21,0.4598,independent_digital_news,BreakThrough News,False,False,False
@BreakThroughNews,videos,2026-05,2026-06,21,28,0.5341,independent_digital_news,BreakThrough News,False,False,False
@BreakThroughNews,videos,2026-06,2026-07,28,37,0.5916,independent_digital_news,BreakThrough News,False,False,False
@BreakThroughNews,videos,2026-07,2026-08,37,42,0.5708,independent_digital_news,BreakThrough News,False,False,False
@BreakThroughNews,videos,2026-08,2026-09,42,25,0.6369,independent_digital_news,BreakThrough News,False,True,False
@CBSNews,streams,2026-01,2026-02,47,38,0.8175,us_legacy_tv,CBS News,False,False,False
@CBSNews,streams,2026-02,2026-03,38,45,0.9091,us_legacy_tv,CBS News,False,False,False
@CBSNews,streams,2026-03,2026-04,45,63,0.7388,us_legacy_tv,CBS News,False,False,False
@CBSNews,streams,2026-04,2026-05,63,44,0.8237,us_legacy_tv,CBS News,False,False,False
@CBSNews,streams,2026-05,2026-06,44,30,0.8214,us_legacy_tv,CBS News,False,False,False
@CBSNews,streams,2026-06,2026-07,30,20,0.8404,us_legacy_tv,CBS News,False,False,False
@CBSNews,streams,2026-07,2026-08,20,55,0.7683,us_legacy_tv,CBS News,False,False,False
@CBSNews,streams,2026-08,2026-09,55,26,0.6603,us_legacy_tv,CBS News,False,True,False
@CBSNews,videos,2026-01,2026-02,760,1056,0.5908,us_legacy_tv,CBS News,False,False,False
@CBSNews,videos,2026-02,2026-03,1056,1039,0.5954,us_legacy_tv,CBS News,False,False,False
@CBSNews,videos,2026-03,2026-04,1039,928,0.5449,us_legacy_tv,CBS News,False,False,False
@CBSNews,videos,2026-04,2026-05,928,933,0.5567,us_legacy_tv,CBS News,False,False,False
@CBSNews,videos,2026-05,2026-06,933,898,0.4886,us_legacy_tv,CBS News,False,False,False
@CBSNews,videos,2026-06,2026-07,898,869,0.5122,us_legacy_tv,CBS News,False,False,False
@CBSNews,videos,2026-07,2026-08,869,1211,0.4865,us_legacy_tv,CBS News,False,False,False
@CBSNews,videos,2026-08,2026-09,1211,628,0.526,us_legacy_tv,CBS News,False,True,False
@CNN,streams,2026-04,2026-05,24,24,0.914,us_legacy_tv,CNN,False,False,False
@CNN,streams,2026-05,2026-06,24,15,0.9465,us_legacy_tv,CNN,False,False,False
@CNN,videos,2026-01,2026-02,205,137,0.7023,us_legacy_tv,CNN,False,False,False
@CNN,videos,2026-02,2026-03,137,137,0.7625,us_legacy_tv,CNN,False,False,False
@CNN,videos,2026-03,2026-04,137,175,0.5858,us_legacy_tv,CNN,False,False,False
@CNN,videos,2026-04,2026-05,175,181,0.6369,us_legacy_tv,CNN,False,False,False
@CNN,videos,2026-05,2026-06,181,230,0.6094,us_legacy_tv,CNN,False,False,False
@CNN,videos,2026-06,2026-07,230,227,0.6156,us_legacy_tv,CNN,False,False,False
@CNN,videos,2026-07,2026-08,227,318,0.5573,us_legacy_tv,CNN,False,False,False
@CNN,videos,2026-08,2026-09,318,147,0.5877,us_legacy_tv,CNN,False,True,False
@CamHigby,videos,2026-01,2026-02,19,26,0.6996,right_commentary,Cam Higby,False,False,False
@CamHigby,videos,2026-02,2026-03,26,16,0.8294,right_commentary,Cam Higby,False,False,False
@CamHigby,videos,2026-03,2026-04,16,30,0.7396,right_commentary,Cam Higby,False,False,False
@CamHigby,videos,2026-04,2026-05,30,44,0.5899,right_commentary,Cam Higby,False,False,False
@CashJordan,videos,2026-02,2026-03,39,36,0.6122,right_commentary,Cash Jordan,False,False,False
@CashJordan,videos,2026-03,2026-04,36,34,0.5144,right_commentary,Cash Jordan,False,False,False
@CashJordan,videos,2026-04,2026-05,34,40,0.5534,right_commentary,Cash Jordan,False,False,False
@CashJordan,videos,2026-05,2026-06,40,31,0.5016,right_commentary,Cash Jordan,False,False,False
@CashJordan,videos,2026-06,2026-07,31,36,0.5245,right_commentary,Cash Jordan,False,False,False
@CashJordan,videos,2026-07,2026-08,36,51,0.5323,right_commentary,Cash Jordan,False,False,False
@CashJordan,videos,2026-08,2026-09,51,26,0.5074,right_commentary,Cash Jordan,False,True,False
@ChadPrather1,streams,2026-01,2026-02,22,31,0.5701,right_commentary,Chad Prather,False,False,False
@ChadPrather1,streams,2026-02,2026-03,31,21,0.5961,right_commentary,Chad Prather,False,False,False
@ChadPrather1,streams,2026-03,2026-04,21,21,0.4566,right_commentary,Chad Prather,False,False,False
@ChadPrather1,streams,2026-04,2026-05,21,22,0.3738,right_commentary,Chad Prather,False,False,False
@ChadPrather1,streams,2026-05,2026-06,22,20,0.3443,right_commentary,Chad Prather,False,False,False
@ChadPrather1,streams,2026-06,2026-07,20,20,0.3772,right_commentary,Chad Prather,False,False,False
@ChadPrather1,streams,2026-07,2026-08,20,29,0.506,right_commentary,Chad Prather,False,False,False
@ChadPrather1,streams,2026-08,2026-09,29,15,0.5236,right_commentary,Chad Prather,False,True,False
@ChadPrather1,videos,2026-03,2026-04,20,18,0.8149,right_commentary,Chad Prather,False,False,False
@ChadPrather1,videos,2026-04,2026-05,18,21,0.8684,right_commentary,Chad Prather,False,False,False
@ChadPrather1,videos,2026-05,2026-06,21,19,0.91,right_commentary,Chad Prather,False,False,False
@ChadPrather1,videos,2026-06,2026-07,19,19,0.7405,right_commentary,Chad Prather,False,False,False
@ChadPrather1,videos,2026-07,2026-08,19,25,0.5683,right_commentary,Chad Prather,False,False,False
@ClipsCandaceOwens,videos,2026-04,2026-05,42,45,0.604,right_commentary,Candace Owens,True,False,False
@ClipsCandaceOwens,videos,2026-05,2026-06,45,17,0.7581,right_commentary,Candace Owens,True,False,False
@ClipsCandaceOwens,videos,2026-06,2026-07,17,22,0.7768,right_commentary,Candace Owens,True,False,False
@ClipsCandaceOwens,videos,2026-07,2026-08,22,52,0.6723,right_commentary,Candace Owens,True,False,False
@ClubRandomPodcast,videos,2026-01,2026-02,25,23,0.5687,interview_podcast,Bill Maher,False,False,False
@ClubRandomPodcast,videos,2026-02,2026-03,23,22,0.5307,interview_podcast,Bill Maher,False,False,False
@ClubRandomPodcast,videos,2026-03,2026-04,22,25,0.6192,interview_podcast,Bill Maher,False,False,False
@ClubRandomPodcast,videos,2026-04,2026-05,25,26,0.5551,interview_podcast,Bill Maher,False,False,False
@ClubRandomPodcast,videos,2026-05,2026-06,26,23,0.6304,interview_podcast,Bill Maher,False,False,False
@ClubRandomPodcast,videos,2026-06,2026-07,23,19,0.6228,interview_podcast,Bill Maher,False,False,False
@ClubRandomPodcast,videos,2026-07,2026-08,19,21,0.607,interview_podcast,Bill Maher,False,False,False
@DailyDenims,videos,2026-05,2026-06,37,39,0.7991,streamer_reaction,Denims,True,False,False
@DailyDenims,videos,2026-06,2026-07,39,33,0.7058,streamer_reaction,Denims,True,False,False
@DailyDenims,videos,2026-07,2026-08,33,63,0.7334,streamer_reaction,Denims,True,False,False
@DailyDenims,videos,2026-08,2026-09,63,31,0.7622,streamer_reaction,Denims,True,True,False
@DannyHaiphongYT,streams,2026-01,2026-02,16,19,0.7034,left_commentary,Danny Haiphong,False,False,False
@DannyHaiphongYT,streams,2026-02,2026-03,19,22,0.4074,left_commentary,Danny Haiphong,False,False,False
@DannyHaiphongYT,streams,2026-03,2026-04,22,27,0.2168,left_commentary,Danny Haiphong,False,False,False
@DannyHaiphongYT,streams,2026-04,2026-05,27,29,0.2695,left_commentary,Danny Haiphong,False,False,False
@DannyHaiphongYT,streams,2026-05,2026-06,29,24,0.2202,left_commentary,Danny Haiphong,False,False,False
@DannyHaiphongYT,streams,2026-06,2026-07,24,29,0.3324,left_commentary,Danny Haiphong,False,False,False
@DannyHaiphongYT,streams,2026-07,2026-08,29,36,0.2287,left_commentary,Danny Haiphong,False,False,False
@DannyHaiphongYT,streams,2026-08,2026-09,36,25,0.1497,left_commentary,Danny Haiphong,False,True,False
@DemocracyNow,videos,2026-01,2026-02,84,99,0.5874,independent_digital_news,Democracy Now!,False,False,False
@DemocracyNow,videos,2026-02,2026-03,99,87,0.628,independent_digital_news,Democracy Now!,False,False,False
@DemocracyNow,videos,2026-03,2026-04,87,94,0.6138,independent_digital_news,Democracy Now!,False,False,False
@DemocracyNow,videos,2026-04,2026-05,94,91,0.5904,independent_digital_news,Democracy Now!,False,False,False
@DemocracyNow,videos,2026-05,2026-06,91,90,0.5922,independent_digital_news,Democracy Now!,False,False,False
@DemocracyNow,videos,2026-06,2026-07,90,89,0.6185,independent_digital_news,Democracy Now!,False,False,False
@DemocracyNow,videos,2026-07,2026-08,89,119,0.6086,independent_digital_news,Democracy Now!,False,False,False
@DemocracyNow,videos,2026-08,2026-09,119,61,0.6552,independent_digital_news,Democracy Now!,False,True,False
@DestinyDGGClips,videos,2026-01,2026-02,31,37,0.6316,streamer_reaction,Destiny,True,False,False
@DestinyDGGClips,videos,2026-02,2026-03,37,15,0.6779,streamer_reaction,Destiny,True,False,False
@DestinyDGGClips,videos,2026-07,2026-08,30,52,0.6454,streamer_reaction,Destiny,True,False,False
@DestinyDGGClips,videos,2026-08,2026-09,52,19,0.6745,streamer_reaction,Destiny,True,True,False
@DrSteveTurleyTV,videos,2026-01,2026-02,44,53,0.7175,right_commentary,Steve Turley,False,False,False
@DrSteveTurleyTV,videos,2026-02,2026-03,53,48,0.8061,right_commentary,Steve Turley,False,False,False
@DrSteveTurleyTV,videos,2026-03,2026-04,48,57,0.5623,right_commentary,Steve Turley,False,False,False
@DrSteveTurleyTV,videos,2026-04,2026-05,57,51,0.6666,right_commentary,Steve Turley,False,False,False
@DrSteveTurleyTV,videos,2026-05,2026-06,51,38,0.6785,right_commentary,Steve Turley,False,False,False
@DrSteveTurleyTV,videos,2026-06,2026-07,38,46,0.7087,right_commentary,Steve Turley,False,False,False
@DrSteveTurleyTV,videos,2026-07,2026-08,46,73,0.6497,right_commentary,Steve Turley,False,False,False
@DrSteveTurleyTV,videos,2026-08,2026-09,73,32,0.7293,right_commentary,Steve Turley,False,True,False
@DropSiteNews,videos,2026-02,2026-03,20,24,0.6742,independent_digital_news,Drop Site,False,False,False
@DropSiteNews,videos,2026-03,2026-04,24,28,0.6608,independent_digital_news,Drop Site,False,False,False
@DropSiteNews,videos,2026-04,2026-05,28,31,0.6039,independent_digital_news,Drop Site,False,False,False
@DropSiteNews,videos,2026-05,2026-06,31,26,0.5894,independent_digital_news,Drop Site,False,False,False
@DropSiteNews,videos,2026-06,2026-07,26,18,0.4186,independent_digital_news,Drop Site,False,False,False
@DropSiteNews,videos,2026-07,2026-08,18,30,0.6173,independent_digital_news,Drop Site,False,False,False
@DueDissidence,videos,2026-01,2026-02,80,95,0.7161,left_commentary,Due Dissidence,False,False,False
@DueDissidence,videos,2026-02,2026-03,95,72,0.7942,left_commentary,Due Dissidence,False,False,False
@DueDissidence,videos,2026-03,2026-04,72,62,0.741,left_commentary,Due Dissidence,False,False,False
@DueDissidence,videos,2026-04,2026-05,62,66,0.7557,left_commentary,Due Dissidence,False,False,False
@DueDissidence,videos,2026-05,2026-06,66,64,0.6762,left_commentary,Due Dissidence,False,False,False
@DueDissidence,videos,2026-06,2026-07,64,66,0.6519,left_commentary,Due Dissidence,False,False,False
@DueDissidence,videos,2026-07,2026-08,66,88,0.7539,left_commentary,Due Dissidence,False,False,False
@DueDissidence,videos,2026-08,2026-09,88,50,0.7952,left_commentary,Due Dissidence,False,True,False
@DylanBurnsLIVE,videos,2026-01,2026-02,34,30,0.7651,streamer_reaction,Dylan Burns,False,False,False
@DylanBurnsLIVE,videos,2026-02,2026-03,30,26,0.7935,streamer_reaction,Dylan Burns,False,False,False
@DylanBurnsLIVE,videos,2026-03,2026-04,26,25,0.6514,streamer_reaction,Dylan Burns,False,False,False
@DylanBurnsLIVE,videos,2026-04,2026-05,25,26,0.6869,streamer_reaction,Dylan Burns,False,False,False
@DylanBurnsLIVE,videos,2026-05,2026-06,26,18,0.6241,streamer_reaction,Dylan Burns,False,False,False
@FarronBalanced,streams,2026-01,2026-02,21,22,0.666,left_commentary,Farron Balanced,False,False,False
@FarronBalanced,streams,2026-02,2026-03,22,21,0.7043,left_commentary,Farron Balanced,False,False,False
@FarronBalanced,streams,2026-03,2026-04,21,20,0.6746,left_commentary,Farron Balanced,False,False,False
@FarronBalanced,streams,2026-04,2026-05,20,21,0.8682,left_commentary,Farron Balanced,False,False,False
@FarronBalanced,streams,2026-05,2026-06,21,19,0.7554,left_commentary,Farron Balanced,False,False,False
@FarronBalanced,streams,2026-06,2026-07,19,22,0.6895,left_commentary,Farron Balanced,False,False,False
@FarronBalanced,streams,2026-07,2026-08,22,28,0.731,left_commentary,Farron Balanced,False,False,False
@FarronBalanced,videos,2026-01,2026-02,155,222,0.4956,left_commentary,Farron Balanced,False,False,False
@FarronBalanced,videos,2026-02,2026-03,222,211,0.4835,left_commentary,Farron Balanced,False,False,False
@FarronBalanced,videos,2026-03,2026-04,211,194,0.4876,left_commentary,Farron Balanced,False,False,False
@FarronBalanced,videos,2026-04,2026-05,194,191,0.456,left_commentary,Farron Balanced,False,False,False
@FarronBalanced,videos,2026-05,2026-06,191,212,0.4566,left_commentary,Farron Balanced,False,False,False
@FarronBalanced,videos,2026-06,2026-07,212,192,0.4643,left_commentary,Farron Balanced,False,False,False
@FarronBalanced,videos,2026-07,2026-08,192,262,0.4879,left_commentary,Farron Balanced,False,False,False
@FarronBalanced,videos,2026-08,2026-09,262,141,0.5003,left_commentary,Farron Balanced,False,True,False
@Firstpost,streams,2026-01,2026-02,857,881,0.4423,wire_international,Network18,False,False,False
@Firstpost,streams,2026-02,2026-03,881,797,0.4652,wire_international,Network18,False,False,False
@Firstpost,streams,2026-03,2026-04,797,1050,0.4248,wire_international,Network18,False,False,False
@Firstpost,streams,2026-04,2026-05,1050,1359,0.3983,wire_international,Network18,False,False,False
@Firstpost,streams,2026-05,2026-06,1359,1322,0.3433,wire_international,Network18,False,False,False
@Firstpost,streams,2026-06,2026-07,1322,1036,0.4021,wire_international,Network18,False,False,False
@Firstpost,streams,2026-07,2026-08,1036,1142,0.4511,wire_international,Network18,False,False,False
@Firstpost,streams,2026-08,2026-09,1142,531,0.4758,wire_international,Network18,False,True,False
@Firstpost,videos,2026-01,2026-02,878,905,0.378,wire_international,Network18,False,False,False
@Firstpost,videos,2026-02,2026-03,905,912,0.437,wire_international,Network18,False,False,False
@Firstpost,videos,2026-03,2026-04,912,1084,0.3447,wire_international,Network18,False,False,False
@Firstpost,videos,2026-04,2026-05,1084,1331,0.3567,wire_international,Network18,False,False,False
@Firstpost,videos,2026-05,2026-06,1331,1310,0.2991,wire_international,Network18,False,False,False
@Firstpost,videos,2026-06,2026-07,1310,1323,0.3301,wire_international,Network18,False,False,False
@Firstpost,videos,2026-07,2026-08,1323,1519,0.3513,wire_international,Network18,False,False,False
@Firstpost,videos,2026-08,2026-09,1519,864,0.3451,wire_international,Network18,False,True,False
@FleccasTalks,videos,2026-06,2026-07,205,17,0.7134,right_commentary,Fleccas Talks,False,False,False
@FleccasTalks,videos,2026-07,2026-08,17,18,0.8534,right_commentary,Fleccas Talks,False,False,False
@Forbes,videos,2026-01,2026-02,107,163,0.5705,us_press_print_digital,Forbes,False,False,False
@Forbes,videos,2026-02,2026-03,163,116,0.5793,us_press_print_digital,Forbes,False,False,False
@Forbes,videos,2026-03,2026-04,116,138,0.5069,us_press_print_digital,Forbes,False,False,False
@Forbes,videos,2026-04,2026-05,138,136,0.4965,us_press_print_digital,Forbes,False,False,False
@Forbes,videos,2026-05,2026-06,136,165,0.4417,us_press_print_digital,Forbes,False,False,False
@Forbes,videos,2026-06,2026-07,165,138,0.4317,us_press_print_digital,Forbes,False,False,False
@Forbes,videos,2026-07,2026-08,138,175,0.4798,us_press_print_digital,Forbes,False,False,False
@Forbes,videos,2026-08,2026-09,175,118,0.5326,us_press_print_digital,Forbes,False,True,False
@Forthepeoplepodcast305,videos,2026-05,2026-06,18,23,0.8446,left_commentary,Niko House,False,False,False
@FoxNews,streams,2026-01,2026-02,93,122,0.7342,us_legacy_tv,Fox News,False,False,False
@FoxNews,streams,2026-02,2026-03,122,77,0.711,us_legacy_tv,Fox News,False,False,False
@FoxNews,streams,2026-03,2026-04,77,70,0.6288,us_legacy_tv,Fox News,False,False,False
@FoxNews,streams,2026-04,2026-05,70,65,0.6359,us_legacy_tv,Fox News,False,False,False
@FoxNews,streams,2026-05,2026-06,65,53,0.6642,us_legacy_tv,Fox News,False,False,False
@FoxNews,streams,2026-06,2026-07,53,38,0.7525,us_legacy_tv,Fox News,False,False,False
@FoxNews,streams,2026-07,2026-08,38,72,0.748,us_legacy_tv,Fox News,False,False,False
@FoxNews,streams,2026-08,2026-09,72,55,0.6526,us_legacy_tv,Fox News,False,True,False
@FoxNews,videos,2026-01,2026-02,892,973,0.5654,us_legacy_tv,Fox News,False,False,False
@FoxNews,videos,2026-02,2026-03,973,879,0.534,us_legacy_tv,Fox News,False,False,False
@FoxNews,videos,2026-03,2026-04,879,913,0.4581,us_legacy_tv,Fox News,False,False,False
@FoxNews,videos,2026-04,2026-05,913,900,0.4469,us_legacy_tv,Fox News,False,False,False
@FoxNews,videos,2026-05,2026-06,900,894,0.358,us_legacy_tv,Fox News,False,False,False
@FoxNews,videos,2026-06,2026-07,894,852,0.4444,us_legacy_tv,Fox News,False,False,False
@FoxNews,videos,2026-07,2026-08,852,1219,0.4293,us_legacy_tv,Fox News,False,False,False
@FoxNews,videos,2026-08,2026-09,1219,688,0.4917,us_legacy_tv,Fox News,False,True,False
@FoxNewsChannelClips,videos,2026-01,2026-02,610,659,0.5556,us_legacy_tv,Fox News,True,False,False
@FoxNewsChannelClips,videos,2026-02,2026-03,659,617,0.5778,us_legacy_tv,Fox News,True,False,False
@FoxNewsChannelClips,videos,2026-03,2026-04,617,654,0.4697,us_legacy_tv,Fox News,True,False,False
@FoxNewsChannelClips,videos,2026-04,2026-05,654,646,0.5093,us_legacy_tv,Fox News,True,False,False
@FoxNewsChannelClips,videos,2026-05,2026-06,646,642,0.4969,us_legacy_tv,Fox News,True,False,False
@FoxNewsChannelClips,videos,2026-06,2026-07,642,620,0.5207,us_legacy_tv,Fox News,True,False,False
@FoxNewsChannelClips,videos,2026-07,2026-08,620,859,0.5225,us_legacy_tv,Fox News,True,False,False
@FoxNewsChannelClips,videos,2026-08,2026-09,859,441,0.5247,us_legacy_tv,Fox News,True,True,False
@FreshFitMiami,videos,2026-06,2026-07,17,19,0.8675,right_commentary,Fresh & Fit,False,False,False
@FreshFitMiami,videos,2026-07,2026-08,19,26,0.3939,right_commentary,Fresh & Fit,False,False,False
@FreshFitMiami,videos,2026-08,2026-09,26,18,0.3447,right_commentary,Fresh & Fit,False,True,False
@GlennKirschner2,videos,2026-01,2026-02,29,31,0.5673,legal_institutional,Glenn Kirschner,False,False,False
@GlennKirschner2,videos,2026-02,2026-03,31,33,0.6058,legal_institutional,Glenn Kirschner,False,False,False
@GlennKirschner2,videos,2026-03,2026-04,33,32,0.6375,legal_institutional,Glenn Kirschner,False,False,False
@GlennKirschner2,videos,2026-04,2026-05,32,27,0.6922,legal_institutional,Glenn Kirschner,False,False,False
@GlennKirschner2,videos,2026-05,2026-06,27,24,0.6774,legal_institutional,Glenn Kirschner,False,False,False
@GlennKirschner2,videos,2026-06,2026-07,24,25,0.7187,legal_institutional,Glenn Kirschner,False,False,False
@GlennKirschner2,videos,2026-07,2026-08,25,43,0.6449,legal_institutional,Glenn Kirschner,False,False,False
@GlennKirschner2,videos,2026-08,2026-09,43,18,0.676,legal_institutional,Glenn Kirschner,False,True,False
@GrahamAllen,videos,2026-02,2026-03,34,28,0.7867,right_commentary,Graham Allen,False,False,False
@GrahamAllen,videos,2026-03,2026-04,28,43,0.7273,right_commentary,Graham Allen,False,False,False
@GrahamAllen,videos,2026-04,2026-05,43,41,0.6592,right_commentary,Graham Allen,False,False,False
@GrahamAllen,videos,2026-05,2026-06,41,36,0.6916,right_commentary,Graham Allen,False,False,False
@GrahamAllen,videos,2026-06,2026-07,36,39,0.8082,right_commentary,Graham Allen,False,False,False
@GrahamAllen,videos,2026-07,2026-08,39,18,0.7842,right_commentary,Graham Allen,False,False,False
@HangOutwithSeanHannity,videos,2026-04,2026-05,17,22,0.9739,interview_podcast,Sean Hannity,False,False,False
@HangOutwithSeanHannity,videos,2026-05,2026-06,22,30,0.7627,interview_podcast,Sean Hannity,False,False,False
@HangOutwithSeanHannity,videos,2026-06,2026-07,30,26,0.8895,interview_podcast,Sean Hannity,False,False,False
@HangOutwithSeanHannity,videos,2026-07,2026-08,26,36,0.8779,interview_podcast,Sean Hannity,False,False,False
@HangOutwithSeanHannity,videos,2026-08,2026-09,36,18,0.9457,interview_podcast,Sean Hannity,False,True,False
@HasanAbi,videos,2026-01,2026-02,69,73,0.6373,streamer_reaction,HasanAbi,False,False,False
@HasanAbi,videos,2026-02,2026-03,73,76,0.6838,streamer_reaction,HasanAbi,False,False,False
@HasanAbi,videos,2026-03,2026-04,76,68,0.6524,streamer_reaction,HasanAbi,False,False,False
@HasanAbi,videos,2026-04,2026-05,68,73,0.6816,streamer_reaction,HasanAbi,False,False,False
@HasanAbi,videos,2026-05,2026-06,73,63,0.6973,streamer_reaction,HasanAbi,False,False,False
@HasanAbi,videos,2026-06,2026-07,63,65,0.5519,streamer_reaction,HasanAbi,False,False,False
@HasanAbi,videos,2026-07,2026-08,65,92,0.6836,streamer_reaction,HasanAbi,False,False,False
@HasanAbi,videos,2026-08,2026-09,92,49,0.7235,streamer_reaction,HasanAbi,False,True,False
@HasanAbiVODs3,videos,2026-01,2026-02,31,15,0.316,streamer_reaction,HasanAbi,True,False,False
@HasanAbiVODs3,videos,2026-06,2026-07,31,30,0.1811,streamer_reaction,HasanAbi,True,False,False
@HasanAbiVODs3,videos,2026-07,2026-08,30,41,0.1587,streamer_reaction,HasanAbi,True,False,False
@HasanAbiVODs3,videos,2026-08,2026-09,41,21,0.3301,streamer_reaction,HasanAbi,True,True,False
@HasanReactionsfanTwo,videos,2026-01,2026-02,33,39,0.7842,streamer_reaction,HasanAbi,True,False,False
@HasanReactionsfanTwo,videos,2026-02,2026-03,39,36,0.8563,streamer_reaction,HasanAbi,True,False,False
@HasanReactionsfanTwo,videos,2026-03,2026-04,36,39,0.6795,streamer_reaction,HasanAbi,True,False,False
@HasanReactionsfanTwo,videos,2026-04,2026-05,39,37,0.8015,streamer_reaction,HasanAbi,True,False,False
@HasanReactionsfanTwo,videos,2026-05,2026-06,37,36,0.7453,streamer_reaction,HasanAbi,True,False,False
@HasanReactionsfanTwo,videos,2026-06,2026-07,36,46,0.6827,streamer_reaction,HasanAbi,True,False,False
@HasanReactionsfanTwo,videos,2026-07,2026-08,46,50,0.6487,streamer_reaction,HasanAbi,True,False,False
@HasanReactionsfanTwo,videos,2026-08,2026-09,50,24,0.8223,streamer_reaction,HasanAbi,True,True,False
@HasanabiClips,videos,2026-02,2026-03,48,173,0.631,streamer_reaction,HasanAbi,True,False,False
@HasanabiClips,videos,2026-03,2026-04,173,183,0.4926,streamer_reaction,HasanAbi,True,False,False
@HasanabiClips,videos,2026-04,2026-05,183,62,0.4814,streamer_reaction,HasanAbi,True,False,False
@JackCocchiarellaShow,videos,2026-01,2026-02,143,216,0.3954,left_commentary,Jack Cocchiarella,False,False,False
@JackCocchiarellaShow,videos,2026-02,2026-03,216,94,0.4891,left_commentary,Jack Cocchiarella,False,False,False
@JackCocchiarellaShow,videos,2026-03,2026-04,94,188,0.5157,left_commentary,Jack Cocchiarella,False,False,False
@JackCocchiarellaShow,videos,2026-04,2026-05,188,173,0.4364,left_commentary,Jack Cocchiarella,False,False,False
@JackCocchiarellaShow,videos,2026-05,2026-06,173,178,0.5474,left_commentary,Jack Cocchiarella,False,False,False
@JackCocchiarellaShow,videos,2026-06,2026-07,178,171,0.4792,left_commentary,Jack Cocchiarella,False,False,False
@JackCocchiarellaShow,videos,2026-07,2026-08,171,256,0.4891,left_commentary,Jack Cocchiarella,False,False,False
@JackCocchiarellaShow,videos,2026-08,2026-09,256,105,0.4129,left_commentary,Jack Cocchiarella,False,True,False
@JacksonHinkleOfficial,videos,2026-01,2026-02,82,83,0.4842,right_commentary,Jackson Hinkle,False,False,False
@JacksonHinkleOfficial,videos,2026-02,2026-03,83,37,0.5086,right_commentary,Jackson Hinkle,False,False,False
@JacksonHinkleOfficial,videos,2026-03,2026-04,37,50,0.4117,right_commentary,Jackson Hinkle,False,False,False
@JacksonHinkleOfficial,videos,2026-04,2026-05,50,34,0.5334,right_commentary,Jackson Hinkle,False,False,False
@JacksonHinkleOfficial,videos,2026-05,2026-06,34,22,0.6849,right_commentary,Jackson Hinkle,False,False,False
@JacksonHinkleOfficial,videos,2026-08,2026-09,35,37,0.5527,right_commentary,Jackson Hinkle,False,True,False
@JamarlThomas,streams,2026-05,2026-06,48,53,0.6684,left_commentary,Jamarl Thomas,False,False,False
@JamarlThomas,streams,2026-06,2026-07,53,37,0.5208,left_commentary,Jamarl Thomas,False,False,False
@JamarlThomas,streams,2026-07,2026-08,37,50,0.4693,left_commentary,Jamarl Thomas,False,False,False
@JamarlThomas,streams,2026-08,2026-09,50,18,0.6384,left_commentary,Jamarl Thomas,False,True,False
@JamarlThomas,videos,2026-05,2026-06,46,46,0.4431,left_commentary,Jamarl Thomas,False,False,False
@JamarlThomas,videos,2026-06,2026-07,46,41,0.4986,left_commentary,Jamarl Thomas,False,False,False
@JamarlThomas,videos,2026-07,2026-08,41,66,0.4713,left_commentary,Jamarl Thomas,False,False,False
@JamarlThomas,videos,2026-08,2026-09,66,33,0.5606,left_commentary,Jamarl Thomas,False,True,False
@JesseKellyDC,videos,2026-01,2026-02,51,68,0.7586,right_commentary,Jesse Kelly,False,False,False
@JesseKellyDC,videos,2026-02,2026-03,68,64,0.6984,right_commentary,Jesse Kelly,False,False,False
@JesseKellyDC,videos,2026-03,2026-04,64,64,0.6731,right_commentary,Jesse Kelly,False,False,False
@JesseKellyDC,videos,2026-04,2026-05,64,49,0.6406,right_commentary,Jesse Kelly,False,False,False
@JesseKellyDC,videos,2026-05,2026-06,49,43,0.7186,right_commentary,Jesse Kelly,False,False,False
@JesseKellyDC,videos,2026-06,2026-07,43,48,0.6994,right_commentary,Jesse Kelly,False,False,False
@JesseKellyDC,videos,2026-07,2026-08,48,96,0.7326,right_commentary,Jesse Kelly,False,False,False
@JesseKellyDC,videos,2026-08,2026-09,96,21,0.6785,right_commentary,Jesse Kelly,False,True,False
@JillianMichaels,videos,2026-01,2026-02,37,34,0.8084,interview_podcast,Jillian Michaels,False,False,False
@JillianMichaels,videos,2026-02,2026-03,34,48,0.7584,interview_podcast,Jillian Michaels,False,False,False
@JillianMichaels,videos,2026-03,2026-04,48,57,0.8336,interview_podcast,Jillian Michaels,False,False,False
@JillianMichaels,videos,2026-04,2026-05,57,64,0.8352,interview_podcast,Jillian Michaels,False,False,False
@JillianMichaels,videos,2026-05,2026-06,64,73,0.7878,interview_podcast,Jillian Michaels,False,False,False
@JillianMichaels,videos,2026-06,2026-07,73,58,0.7305,interview_podcast,Jillian Michaels,False,False,False
@JillianMichaels,videos,2026-07,2026-08,58,65,0.8286,interview_podcast,Jillian Michaels,False,False,False
@JillianMichaels,videos,2026-08,2026-09,65,21,0.9003,interview_podcast,Jillian Michaels,False,True,False
@JustPearlyThings,streams,2026-03,2026-04,19,15,0.6491,right_commentary,Pearl,False,False,False
@JustPearlyThings,videos,2026-01,2026-02,82,46,0.5338,right_commentary,Pearl,False,False,False
@JustPearlyThings,videos,2026-02,2026-03,46,71,0.5634,right_commentary,Pearl,False,False,False
@JustPearlyThings,videos,2026-03,2026-04,71,96,0.472,right_commentary,Pearl,False,False,False
@JustPearlyThings,videos,2026-04,2026-05,96,64,0.4851,right_commentary,Pearl,False,False,False
@JustPearlyThings,videos,2026-05,2026-06,64,105,0.532,right_commentary,Pearl,False,False,False
@JustPearlyThings,videos,2026-06,2026-07,105,75,0.5465,right_commentary,Pearl,False,False,False
@JustPearlyThings,videos,2026-07,2026-08,75,80,0.5286,right_commentary,Pearl,False,False,False
@JustPearlyThings,videos,2026-08,2026-09,80,50,0.579,right_commentary,Pearl,False,True,False
@KimIversen,videos,2026-01,2026-02,54,73,0.7558,centrist_heterodox,Kim Iversen,False,False,False
@KimIversen,videos,2026-02,2026-03,73,68,0.6787,centrist_heterodox,Kim Iversen,False,False,False
@KimIversen,videos,2026-03,2026-04,68,59,0.5838,centrist_heterodox,Kim Iversen,False,False,False
@KimIversen,videos,2026-04,2026-05,59,57,0.7533,centrist_heterodox,Kim Iversen,False,False,False
@KimIversen,videos,2026-05,2026-06,57,67,0.697,centrist_heterodox,Kim Iversen,False,False,False
@KimIversen,videos,2026-06,2026-07,67,54,0.6224,centrist_heterodox,Kim Iversen,False,False,False
@KimIversen,videos,2026-07,2026-08,54,74,0.5965,centrist_heterodox,Kim Iversen,False,False,False
@KimIversen,videos,2026-08,2026-09,74,28,0.716,centrist_heterodox,Kim Iversen,False,True,False
@LIVESNEAKO,streams,2026-02,2026-03,26,16,0.744,streamer_reaction,SNEAKO,False,False,False
@LIVESNEAKO,videos,2026-01,2026-02,27,93,0.6752,streamer_reaction,SNEAKO,False,False,False
@LIVESNEAKO,videos,2026-02,2026-03,93,78,0.6173,streamer_reaction,SNEAKO,False,False,False
@LIVESNEAKO,videos,2026-03,2026-04,78,41,0.6297,streamer_reaction,SNEAKO,False,False,False
@LIVESNEAKO,videos,2026-04,2026-05,41,16,0.8218,streamer_reaction,SNEAKO,False,False,False
@LIVESNEAKO,videos,2026-05,2026-06,16,35,0.7783,streamer_reaction,SNEAKO,False,False,False
@LIVESNEAKO,videos,2026-06,2026-07,35,43,0.6955,streamer_reaction,SNEAKO,False,False,False
@LIVESNEAKO,videos,2026-07,2026-08,43,85,0.6138,streamer_reaction,SNEAKO,False,False,False
@LIVESNEAKO,videos,2026-08,2026-09,85,61,0.5839,streamer_reaction,SNEAKO,False,True,False
@LegalAFMTN,videos,2026-01,2026-02,257,330,0.3723,legal_institutional,MeidasTouch Network,False,False,False
@LegalAFMTN,videos,2026-02,2026-03,330,284,0.3735,legal_institutional,MeidasTouch Network,False,False,False
@LegalAFMTN,videos,2026-03,2026-04,284,343,0.366,legal_institutional,MeidasTouch Network,False,False,False
@LegalAFMTN,videos,2026-04,2026-05,343,315,0.3649,legal_institutional,MeidasTouch Network,False,False,False
@LegalAFMTN,videos,2026-05,2026-06,315,330,0.3772,legal_institutional,MeidasTouch Network,False,False,False
@LegalAFMTN,videos,2026-06,2026-07,330,290,0.3933,legal_institutional,MeidasTouch Network,False,False,False
@LegalAFMTN,videos,2026-07,2026-08,290,381,0.3504,legal_institutional,MeidasTouch Network,False,False,False
@LegalAFMTN,videos,2026-08,2026-09,381,205,0.4945,legal_institutional,MeidasTouch Network,False,True,False
@LiberalHivemind,videos,2026-01,2026-02,81,83,0.582,right_commentary,Liberal Hivemind,False,False,False
@LiberalHivemind,videos,2026-02,2026-03,83,70,0.6291,right_commentary,Liberal Hivemind,False,False,False
@LiberalHivemind,videos,2026-03,2026-04,70,87,0.5384,right_commentary,Liberal Hivemind,False,False,False
@LiberalHivemind,videos,2026-04,2026-05,87,94,0.5203,right_commentary,Liberal Hivemind,False,False,False
@LiberalHivemind,videos,2026-05,2026-06,94,94,0.6454,right_commentary,Liberal Hivemind,False,False,False
@LiberalHivemind,videos,2026-06,2026-07,94,115,0.5648,right_commentary,Liberal Hivemind,False,False,False
@LiberalHivemind,videos,2026-07,2026-08,115,147,0.6028,right_commentary,Liberal Hivemind,False,False,False
@LiberalHivemind,videos,2026-08,2026-09,147,75,0.5788,right_commentary,Liberal Hivemind,False,True,False
@LukeBeasley,streams,2026-03,2026-04,19,22,0.6589,left_commentary,Luke Beasley,False,False,False
@LukeBeasley,streams,2026-04,2026-05,22,40,0.6662,left_commentary,Luke Beasley,False,False,False
@LukeBeasley,streams,2026-05,2026-06,40,41,0.5521,left_commentary,Luke Beasley,False,False,False
@LukeBeasley,streams,2026-06,2026-07,41,39,0.5724,left_commentary,Luke Beasley,False,False,False
@LukeBeasley,streams,2026-07,2026-08,39,50,0.6218,left_commentary,Luke Beasley,False,False,False
@LukeBeasley,streams,2026-08,2026-09,50,25,0.683,left_commentary,Luke Beasley,False,True,False
@LukeBeasley,videos,2026-01,2026-02,116,150,0.4717,left_commentary,Luke Beasley,False,False,False
@LukeBeasley,videos,2026-02,2026-03,150,125,0.4848,left_commentary,Luke Beasley,False,False,False
@LukeBeasley,videos,2026-03,2026-04,125,139,0.4371,left_commentary,Luke Beasley,False,False,False
@LukeBeasley,videos,2026-04,2026-05,139,129,0.5008,left_commentary,Luke Beasley,False,False,False
@LukeBeasley,videos,2026-05,2026-06,129,123,0.4978,left_commentary,Luke Beasley,False,False,False
@LukeBeasley,videos,2026-06,2026-07,123,124,0.4199,left_commentary,Luke Beasley,False,False,False
@LukeBeasley,videos,2026-07,2026-08,124,166,0.5054,left_commentary,Luke Beasley,False,False,False
@LukeBeasley,videos,2026-08,2026-09,166,90,0.5709,left_commentary,Luke Beasley,False,True,False
@MLChristiansen,videos,2026-06,2026-07,16,20,0.8158,right_commentary,Matt Christiansen,False,False,False
@MLChristiansen,videos,2026-07,2026-08,20,23,0.8385,right_commentary,Matt Christiansen,False,False,False
@MattWalsh,videos,2026-01,2026-02,41,46,0.7685,right_commentary,Daily Wire,False,False,False
@MattWalsh,videos,2026-02,2026-03,46,36,0.8112,right_commentary,Daily Wire,False,False,False
@MattWalsh,videos,2026-03,2026-04,36,37,0.7863,right_commentary,Daily Wire,False,False,False
@MattWalsh,videos,2026-04,2026-05,37,37,0.8361,right_commentary,Daily Wire,False,False,False
@MattWalsh,videos,2026-05,2026-06,37,32,0.834,right_commentary,Daily Wire,False,False,False
@MattWalsh,videos,2026-06,2026-07,32,22,0.8501,right_commentary,Daily Wire,False,False,False
@MattWalsh,videos,2026-07,2026-08,22,31,0.8234,right_commentary,Daily Wire,False,False,False
@MattWalsh,videos,2026-08,2026-09,31,15,0.8784,right_commentary,Daily Wire,False,True,False
@MegynKelly,videos,2026-01,2026-02,126,194,0.732,right_commentary,Megyn Kelly,False,False,False
@MegynKelly,videos,2026-02,2026-03,194,177,0.677,right_commentary,Megyn Kelly,False,False,False
@MegynKelly,videos,2026-03,2026-04,177,175,0.6085,right_commentary,Megyn Kelly,False,False,False
@MegynKelly,videos,2026-04,2026-05,175,196,0.7234,right_commentary,Megyn Kelly,False,False,False
@MegynKelly,videos,2026-05,2026-06,196,187,0.7073,right_commentary,Megyn Kelly,False,False,False
@MegynKelly,videos,2026-06,2026-07,187,176,0.7435,right_commentary,Megyn Kelly,False,False,False
@MegynKelly,videos,2026-07,2026-08,176,279,0.7133,right_commentary,Megyn Kelly,False,False,False
@MegynKelly,videos,2026-08,2026-09,279,141,0.6508,right_commentary,Megyn Kelly,False,True,False
@MeidasTouch,streams,2026-01,2026-02,81,94,0.5321,left_commentary,MeidasTouch Network,False,False,False
@MeidasTouch,streams,2026-02,2026-03,94,63,0.6696,left_commentary,MeidasTouch Network,False,False,False
@MeidasTouch,streams,2026-03,2026-04,63,68,0.4748,left_commentary,MeidasTouch Network,False,False,False
@MeidasTouch,streams,2026-04,2026-05,68,52,0.4844,left_commentary,MeidasTouch Network,False,False,False
@MeidasTouch,streams,2026-05,2026-06,52,59,0.5725,left_commentary,MeidasTouch Network,False,False,False
@MeidasTouch,streams,2026-06,2026-07,59,65,0.4631,left_commentary,MeidasTouch Network,False,False,False
@MeidasTouch,streams,2026-07,2026-08,65,99,0.5381,left_commentary,MeidasTouch Network,False,False,False
@MeidasTouch,streams,2026-08,2026-09,99,46,0.5993,left_commentary,MeidasTouch Network,False,True,False
@MeidasTouch,videos,2026-01,2026-02,394,418,0.3571,left_commentary,MeidasTouch Network,False,False,False
@MeidasTouch,videos,2026-02,2026-03,418,346,0.4391,left_commentary,MeidasTouch Network,False,False,False
@MeidasTouch,videos,2026-03,2026-04,346,385,0.3782,left_commentary,MeidasTouch Network,False,False,False
@MeidasTouch,videos,2026-04,2026-05,385,407,0.4296,left_commentary,MeidasTouch Network,False,False,False
@MeidasTouch,videos,2026-05,2026-06,407,406,0.3291,left_commentary,MeidasTouch Network,False,False,False
@MeidasTouch,videos,2026-06,2026-07,406,390,0.3384,left_commentary,MeidasTouch Network,False,False,False
@MeidasTouch,videos,2026-07,2026-08,390,518,0.3437,left_commentary,MeidasTouch Network,False,False,False
@MeidasTouch,videos,2026-08,2026-09,518,268,0.5142,left_commentary,MeidasTouch Network,False,True,False
@MichaelKnowles,videos,2026-01,2026-02,47,60,0.7497,right_commentary,Daily Wire,False,False,False
@MichaelKnowles,videos,2026-02,2026-03,60,54,0.7806,right_commentary,Daily Wire,False,False,False
@MichaelKnowles,videos,2026-03,2026-04,54,50,0.7816,right_commentary,Daily Wire,False,False,False
@MichaelKnowles,videos,2026-04,2026-05,50,57,0.7286,right_commentary,Daily Wire,False,False,False
@MichaelKnowles,videos,2026-05,2026-06,57,57,0.7476,right_commentary,Daily Wire,False,False,False
@MichaelKnowles,videos,2026-06,2026-07,57,45,0.8467,right_commentary,Daily Wire,False,False,False
@MichaelKnowles,videos,2026-07,2026-08,45,68,0.813,right_commentary,Daily Wire,False,False,False
@MichaelKnowles,videos,2026-08,2026-09,68,34,0.711,right_commentary,Daily Wire,False,True,False
@MikeFromPA,videos,2026-05,2026-06,19,16,0.7974,streamer_reaction,Mike from PA,False,False,False
@ModernDayDebate,streams,2026-04,2026-05,15,16,0.7662,streamer_reaction,Modern-Day Debate,False,False,True
@MrTariqNasheed,videos,2026-01,2026-02,65,48,0.5542,left_commentary,Tariq Nasheed,False,False,False
@MrTariqNasheed,videos,2026-02,2026-03,48,77,0.5939,left_commentary,Tariq Nasheed,False,False,False
@MrTariqNasheed,videos,2026-03,2026-04,77,83,0.5028,left_commentary,Tariq Nasheed,False,False,False
@MrTariqNasheed,videos,2026-04,2026-05,83,20,0.835,left_commentary,Tariq Nasheed,False,False,False
@MrTariqNasheed,videos,2026-08,2026-09,47,58,0.5889,left_commentary,Tariq Nasheed,False,True,False
@MyronGainesX,streams,2026-05,2026-06,40,42,0.7034,right_commentary,Myron Gaines,False,False,False
@MyronGainesX,streams,2026-06,2026-07,42,41,0.7538,right_commentary,Myron Gaines,False,False,False
@MyronGainesX,streams,2026-07,2026-08,41,73,0.6198,right_commentary,Myron Gaines,False,False,False
@MyronGainesX,streams,2026-08,2026-09,73,25,0.675,right_commentary,Myron Gaines,False,True,False
@MyronGainesX,videos,2026-01,2026-02,52,52,0.604,right_commentary,Myron Gaines,False,False,False
@MyronGainesX,videos,2026-02,2026-03,52,47,0.6261,right_commentary,Myron Gaines,False,False,False
@MyronGainesX,videos,2026-03,2026-04,47,43,0.613,right_commentary,Myron Gaines,False,False,False
@MyronGainesX,videos,2026-04,2026-05,43,42,0.5285,right_commentary,Myron Gaines,False,False,False
@MyronGainesX,videos,2026-05,2026-06,42,47,0.5187,right_commentary,Myron Gaines,False,False,False
@MyronGainesX,videos,2026-06,2026-07,47,41,0.5448,right_commentary,Myron Gaines,False,False,False
@MyronGainesX,videos,2026-07,2026-08,41,36,0.6048,right_commentary,Myron Gaines,False,False,False
@MyronGainesX,videos,2026-08,2026-09,36,29,0.5415,right_commentary,Myron Gaines,False,True,False
@NBCNews,streams,2026-01,2026-02,36,46,0.7017,us_legacy_tv,NBC News,False,False,False
@NBCNews,streams,2026-02,2026-03,46,41,0.748,us_legacy_tv,NBC News,False,False,False
@NBCNews,streams,2026-03,2026-04,41,50,0.6309,us_legacy_tv,NBC News,False,False,False
@NBCNews,streams,2026-04,2026-05,50,52,0.5927,us_legacy_tv,NBC News,False,False,False
@NBCNews,streams,2026-05,2026-06,52,38,0.547,us_legacy_tv,NBC News,False,False,False
@NBCNews,streams,2026-06,2026-07,38,28,0.6467,us_legacy_tv,NBC News,False,False,False
@NBCNews,streams,2026-07,2026-08,28,46,0.5045,us_legacy_tv,NBC News,False,False,False
@NBCNews,streams,2026-08,2026-09,46,30,0.5861,us_legacy_tv,NBC News,False,True,False
@NBCNews,videos,2026-01,2026-02,660,689,0.5254,us_legacy_tv,NBC News,False,False,False
@NBCNews,videos,2026-02,2026-03,689,677,0.5405,us_legacy_tv,NBC News,False,False,False
@NBCNews,videos,2026-03,2026-04,677,731,0.4639,us_legacy_tv,NBC News,False,False,False
@NBCNews,videos,2026-04,2026-05,731,769,0.4524,us_legacy_tv,NBC News,False,False,False
@NBCNews,videos,2026-05,2026-06,769,731,0.4345,us_legacy_tv,NBC News,False,False,False
@NBCNews,videos,2026-06,2026-07,731,732,0.4471,us_legacy_tv,NBC News,False,False,False
@NBCNews,videos,2026-07,2026-08,732,1002,0.4071,us_legacy_tv,NBC News,False,False,False
@NBCNews,videos,2026-08,2026-09,1002,508,0.469,us_legacy_tv,NBC News,False,True,False
@NPR,videos,2026-02,2026-03,17,18,0.4839,us_press_print_digital,NPR,False,False,False
@NYTPodcasts,videos,2026-01,2026-02,52,49,0.791,us_press_print_digital,New York Times,False,False,False
@NYTPodcasts,videos,2026-02,2026-03,49,48,0.8627,us_press_print_digital,New York Times,False,False,False
@NYTPodcasts,videos,2026-03,2026-04,48,59,0.7674,us_press_print_digital,New York Times,False,False,False
@NYTPodcasts,videos,2026-04,2026-05,59,57,0.7109,us_press_print_digital,New York Times,False,False,False
@NYTPodcasts,videos,2026-05,2026-06,57,49,0.8009,us_press_print_digital,New York Times,False,False,False
@NYTPodcasts,videos,2026-06,2026-07,49,58,0.773,us_press_print_digital,New York Times,False,False,False
@NYTPodcasts,videos,2026-07,2026-08,58,72,0.7407,us_press_print_digital,New York Times,False,False,False
@NYTPodcasts,videos,2026-08,2026-09,72,37,0.7946,us_press_print_digital,New York Times,False,True,False
@NewsNation,streams,2026-01,2026-02,34,49,0.7699,us_legacy_tv,NewsNation,False,False,False
@NewsNation,streams,2026-02,2026-03,49,31,0.8457,us_legacy_tv,NewsNation,False,False,False
@NewsNation,streams,2026-03,2026-04,31,31,0.7096,us_legacy_tv,NewsNation,False,False,False
@NewsNation,streams,2026-04,2026-05,31,42,0.815,us_legacy_tv,NewsNation,False,False,False
@NewsNation,streams,2026-05,2026-06,42,27,0.8906,us_legacy_tv,NewsNation,False,False,False
@NewsNation,streams,2026-06,2026-07,27,31,0.8321,us_legacy_tv,NewsNation,False,False,False
@NewsNation,streams,2026-07,2026-08,31,39,0.8332,us_legacy_tv,NewsNation,False,False,False
@NewsNation,streams,2026-08,2026-09,39,18,0.8648,us_legacy_tv,NewsNation,False,True,False
@NewsNation,videos,2026-01,2026-02,911,1216,0.529,us_legacy_tv,NewsNation,False,False,False
@NewsNation,videos,2026-02,2026-03,1216,1108,0.5119,us_legacy_tv,NewsNation,False,False,False
@NewsNation,videos,2026-03,2026-04,1108,1120,0.4575,us_legacy_tv,NewsNation,False,False,False
@NewsNation,videos,2026-04,2026-05,1120,666,0.5341,us_legacy_tv,NewsNation,False,False,False
@NewsNation,videos,2026-05,2026-06,666,541,0.5204,us_legacy_tv,NewsNation,False,False,False
@NewsNation,videos,2026-06,2026-07,541,526,0.5311,us_legacy_tv,NewsNation,False,False,False
@NewsNation,videos,2026-07,2026-08,526,780,0.516,us_legacy_tv,NewsNation,False,False,False
@NewsNation,videos,2026-08,2026-09,780,504,0.5187,us_legacy_tv,NewsNation,False,True,False
@NewsmaxTV,streams,2026-01,2026-02,28,37,0.7161,right_tv_network,Newsmax,False,False,False
@NewsmaxTV,streams,2026-02,2026-03,37,41,0.8597,right_tv_network,Newsmax,False,False,False
@NewsmaxTV,streams,2026-03,2026-04,41,42,0.8183,right_tv_network,Newsmax,False,False,False
@NewsmaxTV,streams,2026-04,2026-05,42,53,0.8263,right_tv_network,Newsmax,False,False,False
@NewsmaxTV,streams,2026-05,2026-06,53,48,0.7803,right_tv_network,Newsmax,False,False,False
@NewsmaxTV,streams,2026-06,2026-07,48,53,0.7372,right_tv_network,Newsmax,False,False,False
@NewsmaxTV,streams,2026-07,2026-08,53,64,0.7916,right_tv_network,Newsmax,False,False,False
@NewsmaxTV,streams,2026-08,2026-09,64,33,0.8371,right_tv_network,Newsmax,False,True,False
@NewsmaxTV,videos,2026-01,2026-02,402,503,0.5783,right_tv_network,Newsmax,False,False,False
@NewsmaxTV,videos,2026-02,2026-03,503,453,0.6064,right_tv_network,Newsmax,False,False,False
@NewsmaxTV,videos,2026-03,2026-04,453,458,0.5204,right_tv_network,Newsmax,False,False,False
@NewsmaxTV,videos,2026-04,2026-05,458,493,0.5718,right_tv_network,Newsmax,False,False,False
@NewsmaxTV,videos,2026-05,2026-06,493,447,0.5239,right_tv_network,Newsmax,False,False,False
@NewsmaxTV,videos,2026-06,2026-07,447,384,0.5656,right_tv_network,Newsmax,False,False,False
@NewsmaxTV,videos,2026-07,2026-08,384,501,0.5412,right_tv_network,Newsmax,False,False,False
@NewsmaxTV,videos,2026-08,2026-09,501,303,0.6036,right_tv_network,Newsmax,False,True,False
@NovaraMedia,videos,2026-01,2026-02,41,76,0.6891,independent_digital_news,Novara Media,False,False,False
@NovaraMedia,videos,2026-02,2026-03,76,80,0.6989,independent_digital_news,Novara Media,False,False,False
@NovaraMedia,videos,2026-03,2026-04,80,73,0.6449,independent_digital_news,Novara Media,False,False,False
@NovaraMedia,videos,2026-04,2026-05,73,61,0.7678,independent_digital_news,Novara Media,False,False,False
@NovaraMedia,videos,2026-05,2026-06,61,69,0.6986,independent_digital_news,Novara Media,False,False,False
@NovaraMedia,videos,2026-06,2026-07,69,55,0.6476,independent_digital_news,Novara Media,False,False,False
@NovaraMedia,videos,2026-07,2026-08,55,87,0.667,independent_digital_news,Novara Media,False,False,False
@NovaraMedia,videos,2026-08,2026-09,87,43,0.7624,independent_digital_news,Novara Media,False,True,False
@OfficialSaharTV,videos,2026-01,2026-02,112,110,0.4786,right_commentary,Sahar TV,False,False,False
@OfficialSaharTV,videos,2026-02,2026-03,110,94,0.4814,right_commentary,Sahar TV,False,False,False
@OfficialSaharTV,videos,2026-03,2026-04,94,107,0.4484,right_commentary,Sahar TV,False,False,False
@OfficialSaharTV,videos,2026-04,2026-05,107,92,0.4174,right_commentary,Sahar TV,False,False,False
@OfficialSaharTV,videos,2026-05,2026-06,92,94,0.4959,right_commentary,Sahar TV,False,False,False
@OfficialSaharTV,videos,2026-06,2026-07,94,89,0.4901,right_commentary,Sahar TV,False,False,False
@OfficialSaharTV,videos,2026-07,2026-08,89,133,0.5603,right_commentary,Sahar TV,False,False,False
@OfficialSaharTV,videos,2026-08,2026-09,133,62,0.455,right_commentary,Sahar TV,False,True,False
@OwenJonesTalks,videos,2026-01,2026-02,18,19,0.7801,left_commentary,Owen Jones,False,False,False
@OwenJonesTalks,videos,2026-02,2026-03,19,34,0.7412,left_commentary,Owen Jones,False,False,False
@OwenJonesTalks,videos,2026-03,2026-04,34,29,0.6438,left_commentary,Owen Jones,False,False,False
@OwenJonesTalks,videos,2026-04,2026-05,29,33,0.7301,left_commentary,Owen Jones,False,False,False
@OwenJonesTalks,videos,2026-05,2026-06,33,26,0.5734,left_commentary,Owen Jones,False,False,False
@OwenJonesTalks,videos,2026-06,2026-07,26,29,0.5958,left_commentary,Owen Jones,False,False,False
@OwenJonesTalks,videos,2026-07,2026-08,29,29,0.6524,left_commentary,Owen Jones,False,False,False
@OwenJonesTalks,videos,2026-08,2026-09,29,16,0.7083,left_commentary,Owen Jones,False,True,False
@OwenReport,streams,2026-01,2026-02,21,27,0.9073,right_commentary,Owen Shroyer,False,False,False
@OwenReport,streams,2026-02,2026-03,27,22,0.8269,right_commentary,Owen Shroyer,False,False,False
@OwenReport,streams,2026-03,2026-04,22,21,0.6578,right_commentary,Owen Shroyer,False,False,False
@OwenReport,videos,2026-01,2026-02,42,45,0.6392,right_commentary,Owen Shroyer,False,False,False
@OwenReport,videos,2026-02,2026-03,45,40,0.6794,right_commentary,Owen Shroyer,False,False,False
@OwenReport,videos,2026-03,2026-04,40,64,0.7277,right_commentary,Owen Shroyer,False,False,False
@OwenReport,videos,2026-04,2026-05,64,35,0.655,right_commentary,Owen Shroyer,False,False,False
@OwenReport,videos,2026-05,2026-06,35,42,0.7518,right_commentary,Owen Shroyer,False,False,False
@OwenReport,videos,2026-06,2026-07,42,29,0.7922,right_commentary,Owen Shroyer,False,False,False
@OwenReport,videos,2026-07,2026-08,29,66,0.8351,right_commentary,Owen Shroyer,False,False,False
@OwenReport,videos,2026-08,2026-09,66,25,0.8262,right_commentary,Owen Shroyer,False,True,False
@POLITICO,videos,2026-01,2026-02,15,32,0.8208,us_press_print_digital,Politico,False,False,False
@POLITICO,videos,2026-02,2026-03,32,31,0.8604,us_press_print_digital,Politico,False,False,False
@POLITICO,videos,2026-03,2026-04,31,40,0.7002,us_press_print_digital,Politico,False,False,False
@POLITICO,videos,2026-04,2026-05,40,37,0.7355,us_press_print_digital,Politico,False,False,False
@POLITICO,videos,2026-05,2026-06,37,36,0.7564,us_press_print_digital,Politico,False,False,False
@POLITICO,videos,2026-06,2026-07,36,33,0.7428,us_press_print_digital,Politico,False,False,False
@POLITICO,videos,2026-07,2026-08,33,50,0.751,us_press_print_digital,Politico,False,False,False
@POLITICO,videos,2026-08,2026-09,50,21,0.7936,us_press_print_digital,Politico,False,True,False
@PTLRadioShow,streams,2026-01,2026-02,20,24,0.8011,left_commentary,Pushing the Limits,False,False,False
@PTLRadioShow,streams,2026-02,2026-03,24,21,0.9009,left_commentary,Pushing the Limits,False,False,False
@PTLRadioShow,streams,2026-03,2026-04,21,23,0.823,left_commentary,Pushing the Limits,False,False,False
@PTLRadioShow,streams,2026-04,2026-05,23,24,0.6786,left_commentary,Pushing the Limits,False,False,False
@PTLRadioShow,streams,2026-05,2026-06,24,23,0.7503,left_commentary,Pushing the Limits,False,False,False
@PTLRadioShow,streams,2026-06,2026-07,23,21,0.8565,left_commentary,Pushing the Limits,False,False,False
@PTLRadioShow,streams,2026-07,2026-08,21,30,0.8411,left_commentary,Pushing the Limits,False,False,False
@PTLRadioShow,streams,2026-08,2026-09,30,15,0.8981,left_commentary,Pushing the Limits,False,True,False
@PTLRadioShow,videos,2026-01,2026-02,192,230,0.579,left_commentary,Pushing the Limits,False,False,False
@PTLRadioShow,videos,2026-02,2026-03,230,192,0.6545,left_commentary,Pushing the Limits,False,False,False
@PTLRadioShow,videos,2026-03,2026-04,192,198,0.538,left_commentary,Pushing the Limits,False,False,False
@PTLRadioShow,videos,2026-04,2026-05,198,172,0.5447,left_commentary,Pushing the Limits,False,False,False
@PTLRadioShow,videos,2026-05,2026-06,172,195,0.583,left_commentary,Pushing the Limits,False,False,False
@PTLRadioShow,videos,2026-06,2026-07,195,160,0.4995,left_commentary,Pushing the Limits,False,False,False
@PTLRadioShow,videos,2026-07,2026-08,160,234,0.577,left_commentary,Pushing the Limits,False,False,False
@PTLRadioShow,videos,2026-08,2026-09,234,111,0.5379,left_commentary,Pushing the Limits,False,True,False
@PhillipScottPodcast,streams,2026-02,2026-03,17,22,0.7121,left_commentary,Phillip Scott,False,False,True
@PhillipScottPodcast,streams,2026-05,2026-06,25,18,0.7258,left_commentary,Phillip Scott,False,False,True
@PiersMorganUncensored,videos,2026-02,2026-03,23,24,0.8093,interview_podcast,Piers Morgan,False,False,False
@PiersMorganUncensored,videos,2026-03,2026-04,24,21,0.7549,interview_podcast,Piers Morgan,False,False,False
@PiersMorganUncensored,videos,2026-04,2026-05,21,24,0.682,interview_podcast,Piers Morgan,False,False,False
@PiersMorganUncensored,videos,2026-05,2026-06,24,19,0.6219,interview_podcast,Piers Morgan,False,False,False
@PiersMorganUncensored,videos,2026-06,2026-07,19,25,0.7331,interview_podcast,Piers Morgan,False,False,False
@PiersMorganUncensored,videos,2026-07,2026-08,25,24,0.6906,interview_podcast,Piers Morgan,False,False,False
@Politicon,videos,2026-01,2026-02,30,50,0.6906,interview_podcast,Politicon,False,False,False
@Politicon,videos,2026-02,2026-03,50,37,0.7257,interview_podcast,Politicon,False,False,False
@Politicon,videos,2026-03,2026-04,37,44,0.7688,interview_podcast,Politicon,False,False,False
@Politicon,videos,2026-04,2026-05,44,67,0.7803,interview_podcast,Politicon,False,False,False
@Politicon,videos,2026-05,2026-06,67,65,0.7096,interview_podcast,Politicon,False,False,False
@Politicon,videos,2026-06,2026-07,65,69,0.697,interview_podcast,Politicon,False,False,False
@Politicon,videos,2026-07,2026-08,69,87,0.6009,interview_podcast,Politicon,False,False,False
@Politicon,videos,2026-08,2026-09,87,47,0.6879,interview_podcast,Politicon,False,True,False
@PoliticsJOE,videos,2026-01,2026-02,31,57,0.6811,independent_digital_news,PoliticsJOE,False,False,False
@PoliticsJOE,videos,2026-02,2026-03,57,48,0.6489,independent_digital_news,PoliticsJOE,False,False,False
@PoliticsJOE,videos,2026-03,2026-04,48,52,0.6384,independent_digital_news,PoliticsJOE,False,False,False
@PoliticsJOE,videos,2026-04,2026-05,52,42,0.6442,independent_digital_news,PoliticsJOE,False,False,False
@PoliticsJOE,videos,2026-05,2026-06,42,27,0.6832,independent_digital_news,PoliticsJOE,False,False,False
@PoliticsJOE,videos,2026-06,2026-07,27,36,0.5765,independent_digital_news,PoliticsJOE,False,False,False
@PoliticsJOE,videos,2026-07,2026-08,36,31,0.6401,independent_digital_news,PoliticsJOE,False,False,False
@PoliticsJOE,videos,2026-08,2026-09,31,15,0.744,independent_digital_news,PoliticsJOE,False,True,False
@PragerU,videos,2026-01,2026-02,31,43,0.7617,right_commentary,PragerU,False,False,False
@PragerU,videos,2026-02,2026-03,43,38,0.7459,right_commentary,PragerU,False,False,False
@PragerU,videos,2026-03,2026-04,38,41,0.7418,right_commentary,PragerU,False,False,False
@PragerU,videos,2026-04,2026-05,41,41,0.6875,right_commentary,PragerU,False,False,False
@PragerU,videos,2026-05,2026-06,41,45,0.6391,right_commentary,PragerU,False,False,False
@PragerU,videos,2026-06,2026-07,45,44,0.6945,right_commentary,PragerU,False,False,False
@PragerU,videos,2026-07,2026-08,44,61,0.6795,right_commentary,PragerU,False,False,False
@PragerU,videos,2026-08,2026-09,61,41,0.7085,right_commentary,PragerU,False,True,False
@RSBN,streams,2026-01,2026-02,33,37,0.6079,right_tv_network,RSBN,False,False,False
@RSBN,streams,2026-02,2026-03,37,44,0.5393,right_tv_network,RSBN,False,False,False
@RSBN,streams,2026-03,2026-04,44,46,0.5256,right_tv_network,RSBN,False,False,False
@RSBN,streams,2026-04,2026-05,46,37,0.5011,right_tv_network,RSBN,False,False,False
@RSBN,streams,2026-05,2026-06,37,37,0.6216,right_tv_network,RSBN,False,False,False
@RSBN,streams,2026-06,2026-07,37,31,0.5361,right_tv_network,RSBN,False,False,False
@RSBN,streams,2026-07,2026-08,31,47,0.5838,right_tv_network,RSBN,False,False,False
@RSBN,streams,2026-08,2026-09,47,25,0.695,right_tv_network,RSBN,False,True,False
@RSBN,videos,2026-01,2026-02,128,142,0.6017,right_tv_network,RSBN,False,False,False
@RSBN,videos,2026-02,2026-03,142,161,0.61,right_tv_network,RSBN,False,False,False
@RSBN,videos,2026-03,2026-04,161,207,0.6453,right_tv_network,RSBN,False,False,False
@RSBN,videos,2026-04,2026-05,207,140,0.687,right_tv_network,RSBN,False,False,False
@RSBN,videos,2026-05,2026-06,140,243,0.5981,right_tv_network,RSBN,False,False,False
@RSBN,videos,2026-06,2026-07,243,184,0.5648,right_tv_network,RSBN,False,False,False
@RSBN,videos,2026-07,2026-08,184,239,0.6198,right_tv_network,RSBN,False,False,False
@RSBN,videos,2026-08,2026-09,239,196,0.6035,right_tv_network,RSBN,False,True,False
@RealAmericasVoice,streams,2026-01,2026-02,19,47,0.8558,right_tv_network,Real America's Voice,False,False,False
@RealAmericasVoice,streams,2026-02,2026-03,47,22,0.8959,right_tv_network,Real America's Voice,False,False,False
@RealAmericasVoice,streams,2026-03,2026-04,22,91,0.8798,right_tv_network,Real America's Voice,False,False,False
@RealAmericasVoice,streams,2026-04,2026-05,91,252,0.6857,right_tv_network,Real America's Voice,False,False,False
@RealAmericasVoice,streams,2026-05,2026-06,252,282,0.6037,right_tv_network,Real America's Voice,False,False,False
@RealAmericasVoice,streams,2026-06,2026-07,282,278,0.6214,right_tv_network,Real America's Voice,False,False,False
@RealAmericasVoice,streams,2026-07,2026-08,278,371,0.5881,right_tv_network,Real America's Voice,False,False,False
@RealAmericasVoice,streams,2026-08,2026-09,371,181,0.6111,right_tv_network,Real America's Voice,False,True,False
@RealAmericasVoice,videos,2026-01,2026-02,529,646,0.5306,right_tv_network,Real America's Voice,False,False,False
@RealAmericasVoice,videos,2026-02,2026-03,646,586,0.6007,right_tv_network,Real America's Voice,False,False,False
@RealAmericasVoice,videos,2026-03,2026-04,586,458,0.5634,right_tv_network,Real America's Voice,False,False,False
@RealAmericasVoice,videos,2026-04,2026-05,458,205,0.5781,right_tv_network,Real America's Voice,False,False,False
@RealAmericasVoice,videos,2026-05,2026-06,205,149,0.5993,right_tv_network,Real America's Voice,False,False,False
@RealAmericasVoice,videos,2026-06,2026-07,149,28,0.7964,right_tv_network,Real America's Voice,False,False,False
@RealAmericasVoice,videos,2026-07,2026-08,28,31,0.8175,right_tv_network,Real America's Voice,False,False,False
@RealAmericasVoice,videos,2026-08,2026-09,31,21,0.8378,right_tv_network,Real America's Voice,False,True,False
@RealDanBongino,videos,2026-03,2026-04,29,21,0.7768,right_commentary,Dan Bongino,False,False,False
@RealDanBongino,videos,2026-04,2026-05,21,27,0.7319,right_commentary,Dan Bongino,False,False,False
@RealDanBongino,videos,2026-05,2026-06,27,19,0.7326,right_commentary,Dan Bongino,False,False,False
@RealDanBongino,videos,2026-06,2026-07,19,28,0.6978,right_commentary,Dan Bongino,False,False,False
@RealDanBongino,videos,2026-07,2026-08,28,89,0.728,right_commentary,Dan Bongino,False,False,False
@RealDanBongino,videos,2026-08,2026-09,89,50,0.7123,right_commentary,Dan Bongino,False,True,False
@RebelHQ,videos,2026-01,2026-02,143,161,0.5123,left_commentary,TYT Network,False,False,False
@RebelHQ,videos,2026-02,2026-03,161,153,0.5417,left_commentary,TYT Network,False,False,False
@RebelHQ,videos,2026-03,2026-04,153,161,0.5456,left_commentary,TYT Network,False,False,False
@RebelHQ,videos,2026-04,2026-05,161,148,0.5524,left_commentary,TYT Network,False,False,False
@RebelHQ,videos,2026-05,2026-06,148,127,0.6174,left_commentary,TYT Network,False,False,False
@RebelHQ,videos,2026-06,2026-07,127,112,0.5924,left_commentary,TYT Network,False,False,False
@RebelHQ,videos,2026-07,2026-08,112,177,0.5522,left_commentary,TYT Network,False,False,False
@RebelHQ,videos,2026-08,2026-09,177,110,0.5976,left_commentary,TYT Network,False,True,False
@RebelNewsOnline,streams,2026-01,2026-02,16,24,0.6336,independent_digital_news,Rebel News,False,False,False
@RebelNewsOnline,streams,2026-02,2026-03,24,23,0.5105,independent_digital_news,Rebel News,False,False,False
@RebelNewsOnline,streams,2026-03,2026-04,23,20,0.5114,independent_digital_news,Rebel News,False,False,False
@RebelNewsOnline,streams,2026-04,2026-05,20,22,0.4793,independent_digital_news,Rebel News,False,False,False
@RebelNewsOnline,streams,2026-05,2026-06,22,21,0.4642,independent_digital_news,Rebel News,False,False,False
@RebelNewsOnline,streams,2026-06,2026-07,21,21,0.4635,independent_digital_news,Rebel News,False,False,False
@RebelNewsOnline,streams,2026-07,2026-08,21,28,0.5696,independent_digital_news,Rebel News,False,False,False
@RebelNewsOnline,streams,2026-08,2026-09,28,20,0.5229,independent_digital_news,Rebel News,False,True,False
@RebelNewsOnline,videos,2026-01,2026-02,166,218,0.5658,independent_digital_news,Rebel News,False,False,False
@RebelNewsOnline,videos,2026-02,2026-03,218,214,0.5203,independent_digital_news,Rebel News,False,False,False
@RebelNewsOnline,videos,2026-03,2026-04,214,149,0.6328,independent_digital_news,Rebel News,False,False,False
@RebelNewsOnline,videos,2026-04,2026-05,149,134,0.4303,independent_digital_news,Rebel News,False,False,False
@RebelNewsOnline,videos,2026-05,2026-06,134,140,0.5833,independent_digital_news,Rebel News,False,False,False
@RebelNewsOnline,videos,2026-06,2026-07,140,113,0.5312,independent_digital_news,Rebel News,False,False,False
@RebelNewsOnline,videos,2026-07,2026-08,113,147,0.5442,independent_digital_news,Rebel News,False,False,False
@RebelNewsOnline,videos,2026-08,2026-09,147,77,0.5949,independent_digital_news,Rebel News,False,True,False
@RedactedNews,streams,2026-02,2026-03,18,17,0.6638,independent_digital_news,Redacted,False,False,False
@RedactedNews,streams,2026-03,2026-04,17,17,0.6713,independent_digital_news,Redacted,False,False,False
@RedactedNews,streams,2026-04,2026-05,17,18,0.4687,independent_digital_news,Redacted,False,False,False
@RedactedNews,streams,2026-08,2026-09,18,18,0.9428,independent_digital_news,Redacted,False,True,False
@RedactedNews,videos,2026-01,2026-02,57,48,0.7872,independent_digital_news,Redacted,False,False,False
@RedactedNews,videos,2026-02,2026-03,48,44,0.8084,independent_digital_news,Redacted,False,False,False
@RedactedNews,videos,2026-03,2026-04,44,53,0.6983,independent_digital_news,Redacted,False,False,False
@RedactedNews,videos,2026-04,2026-05,53,71,0.6691,independent_digital_news,Redacted,False,False,False
@RedactedNews,videos,2026-05,2026-06,71,64,0.6217,independent_digital_news,Redacted,False,False,False
@RedactedNews,videos,2026-06,2026-07,64,45,0.6462,independent_digital_news,Redacted,False,False,False
@RedactedNews,videos,2026-07,2026-08,45,43,0.7816,independent_digital_news,Redacted,False,False,False
@RedactedNews,videos,2026-08,2026-09,43,27,0.7232,independent_digital_news,Redacted,False,True,False
@RestPoliticsUS,videos,2026-01,2026-02,20,23,0.9183,centrist_heterodox,The Rest Is Politics US,False,False,False
@RestPoliticsUS,videos,2026-02,2026-03,23,24,0.9008,centrist_heterodox,The Rest Is Politics US,False,False,False
@RestPoliticsUS,videos,2026-03,2026-04,24,29,0.7584,centrist_heterodox,The Rest Is Politics US,False,False,False
@RestPoliticsUS,videos,2026-04,2026-05,29,32,0.7708,centrist_heterodox,The Rest Is Politics US,False,False,False
@RestPoliticsUS,videos,2026-05,2026-06,32,27,0.8455,centrist_heterodox,The Rest Is Politics US,False,False,False
@RestPoliticsUS,videos,2026-06,2026-07,27,22,0.6758,centrist_heterodox,The Rest Is Politics US,False,False,False
@RestPoliticsUS,videos,2026-07,2026-08,22,28,0.8149,centrist_heterodox,The Rest Is Politics US,False,False,False
@RestPoliticsUS,videos,2026-08,2026-09,28,15,0.9317,centrist_heterodox,The Rest Is Politics US,False,True,False
@Reuters,streams,2026-01,2026-02,222,323,0.5571,wire_international,Reuters,False,False,False
@Reuters,streams,2026-02,2026-03,323,241,0.5229,wire_international,Reuters,False,False,False
@Reuters,streams,2026-03,2026-04,241,199,0.5458,wire_international,Reuters,False,False,False
@Reuters,streams,2026-04,2026-05,199,205,0.5606,wire_international,Reuters,False,False,False
@Reuters,streams,2026-05,2026-06,205,217,0.5598,wire_international,Reuters,False,False,False
@Reuters,streams,2026-06,2026-07,217,252,0.5556,wire_international,Reuters,False,False,False
@Reuters,streams,2026-07,2026-08,252,231,0.5541,wire_international,Reuters,False,False,False
@Reuters,streams,2026-08,2026-09,231,118,0.6982,wire_international,Reuters,False,True,False
@Reuters,videos,2026-01,2026-02,784,1018,0.4055,wire_international,Reuters,False,False,False
@Reuters,videos,2026-02,2026-03,1018,831,0.5088,wire_international,Reuters,False,False,False
@Reuters,videos,2026-03,2026-04,831,926,0.4159,wire_international,Reuters,False,False,False
@Reuters,videos,2026-04,2026-05,926,1032,0.4128,wire_international,Reuters,False,False,False
@Reuters,videos,2026-05,2026-06,1032,965,0.383,wire_international,Reuters,False,False,False
@Reuters,videos,2026-06,2026-07,965,962,0.3933,wire_international,Reuters,False,False,False
@Reuters,videos,2026-07,2026-08,962,1031,0.3968,wire_international,Reuters,False,False,False
@Reuters,videos,2026-08,2026-09,1031,527,0.4141,wire_international,Reuters,False,True,False
@RileyGaines,videos,2026-05,2026-06,16,24,0.869,right_commentary,Riley Gaines,False,False,False
@RileyGaines,videos,2026-06,2026-07,24,18,0.7494,right_commentary,Riley Gaines,False,False,False
@RileyGaines,videos,2026-07,2026-08,18,29,0.8679,right_commentary,Riley Gaines,False,False,False
@RobertGouveiaEsq,streams,2026-01,2026-02,41,49,0.7025,legal_institutional,Robert Gouveia,False,False,False
@RobertGouveiaEsq,streams,2026-02,2026-03,49,42,0.6807,legal_institutional,Robert Gouveia,False,False,False
@RobertGouveiaEsq,streams,2026-03,2026-04,42,40,0.6864,legal_institutional,Robert Gouveia,False,False,False
@RobertGouveiaEsq,streams,2026-04,2026-05,40,43,0.7364,legal_institutional,Robert Gouveia,False,False,False
@RobertGouveiaEsq,streams,2026-05,2026-06,43,42,0.7131,legal_institutional,Robert Gouveia,False,False,False
@RobertGouveiaEsq,streams,2026-06,2026-07,42,43,0.6644,legal_institutional,Robert Gouveia,False,False,False
@RobertGouveiaEsq,streams,2026-07,2026-08,43,55,0.5469,legal_institutional,Robert Gouveia,False,False,False
@RobertGouveiaEsq,streams,2026-08,2026-09,55,30,0.6277,legal_institutional,Robert Gouveia,False,True,False
@RobertGouveiaEsq,videos,2026-01,2026-02,72,87,0.6146,legal_institutional,Robert Gouveia,False,False,False
@RobertGouveiaEsq,videos,2026-02,2026-03,87,69,0.6765,legal_institutional,Robert Gouveia,False,False,False
@RobertGouveiaEsq,videos,2026-03,2026-04,69,60,0.5834,legal_institutional,Robert Gouveia,False,False,False
@RobertGouveiaEsq,videos,2026-04,2026-05,60,62,0.5981,legal_institutional,Robert Gouveia,False,False,False
@RobertGouveiaEsq,videos,2026-05,2026-06,62,71,0.6318,legal_institutional,Robert Gouveia,False,False,False
@RobertGouveiaEsq,videos,2026-06,2026-07,71,94,0.5827,legal_institutional,Robert Gouveia,False,False,False
@RobertGouveiaEsq,videos,2026-07,2026-08,94,123,0.5118,legal_institutional,Robert Gouveia,False,False,False
@RobertGouveiaEsq,videos,2026-08,2026-09,123,58,0.5923,legal_institutional,Robert Gouveia,False,True,False
@RubinReport,videos,2026-01,2026-02,74,127,0.657,right_commentary,Rubin Report,False,False,False
@RubinReport,videos,2026-02,2026-03,127,94,0.6985,right_commentary,Rubin Report,False,False,False
@RubinReport,videos,2026-03,2026-04,94,129,0.607,right_commentary,Rubin Report,False,False,False
@RubinReport,videos,2026-04,2026-05,129,145,0.5484,right_commentary,Rubin Report,False,False,False
@RubinReport,videos,2026-05,2026-06,145,116,0.651,right_commentary,Rubin Report,False,False,False
@RubinReport,videos,2026-06,2026-07,116,123,0.6102,right_commentary,Rubin Report,False,False,False
@RubinReport,videos,2026-07,2026-08,123,155,0.6854,right_commentary,Rubin Report,False,False,False
@RubinReport,videos,2026-08,2026-09,155,84,0.651,right_commentary,Rubin Report,False,True,False
@SMN,videos,2026-01,2026-02,19,22,0.9123,humour_satire,Some More News,False,False,False
@SMN,videos,2026-02,2026-03,22,22,0.9682,humour_satire,Some More News,False,False,False
@SMN,videos,2026-03,2026-04,22,25,0.8658,humour_satire,Some More News,False,False,False
@SMN,videos,2026-04,2026-05,25,23,0.8111,humour_satire,Some More News,False,False,False
@SMN,videos,2026-05,2026-06,23,22,0.9688,humour_satire,Some More News,False,False,False
@SMN,videos,2026-06,2026-07,22,25,0.8501,humour_satire,Some More News,False,False,False
@SMN,videos,2026-07,2026-08,25,25,0.9136,humour_satire,Some More News,False,False,False
@SabbySabs,videos,2026-01,2026-02,69,73,0.7446,left_commentary,Sabby Sabs,False,False,False
@SabbySabs,videos,2026-02,2026-03,73,63,0.6934,left_commentary,Sabby Sabs,False,False,False
@SabbySabs,videos,2026-03,2026-04,63,76,0.7076,left_commentary,Sabby Sabs,False,False,False
@SabbySabs,videos,2026-04,2026-05,76,63,0.6819,left_commentary,Sabby Sabs,False,False,False
@SabbySabs,videos,2026-05,2026-06,63,74,0.7445,left_commentary,Sabby Sabs,False,False,False
@SabbySabs,videos,2026-06,2026-07,74,63,0.7016,left_commentary,Sabby Sabs,False,False,False
@SabbySabs,videos,2026-07,2026-08,63,94,0.7405,left_commentary,Sabby Sabs,False,False,False
@SabbySabs,videos,2026-08,2026-09,94,51,0.7181,left_commentary,Sabby Sabs,False,True,False
@SaltyCracker,videos,2026-01,2026-02,47,47,0.6529,streamer_reaction,Salty Cracker,False,False,False
@SaltyCracker,videos,2026-02,2026-03,47,37,0.6816,streamer_reaction,Salty Cracker,False,False,False
@SaltyCracker,videos,2026-03,2026-04,37,48,0.766,streamer_reaction,Salty Cracker,False,False,False
@SaltyCracker,videos,2026-04,2026-05,48,45,0.7776,streamer_reaction,Salty Cracker,False,False,False
@SaltyCracker,videos,2026-05,2026-06,45,48,0.7242,streamer_reaction,Salty Cracker,False,False,False
@SaltyCracker,videos,2026-06,2026-07,48,43,0.7079,streamer_reaction,Salty Cracker,False,False,False
@SaltyCracker,videos,2026-07,2026-08,43,49,0.771,streamer_reaction,Salty Cracker,False,False,False
@SaltyCracker,videos,2026-08,2026-09,49,23,0.8669,streamer_reaction,Salty Cracker,False,True,False
@SecularTalk,videos,2026-01,2026-02,153,171,0.5572,left_commentary,Kyle Kulinski,False,False,False
@SecularTalk,videos,2026-02,2026-03,171,159,0.5861,left_commentary,Kyle Kulinski,False,False,False
@SecularTalk,videos,2026-03,2026-04,159,163,0.5656,left_commentary,Kyle Kulinski,False,False,False
@SecularTalk,videos,2026-04,2026-05,163,167,0.5376,left_commentary,Kyle Kulinski,False,False,False
@SecularTalk,videos,2026-05,2026-06,167,161,0.5493,left_commentary,Kyle Kulinski,False,False,False
@SecularTalk,videos,2026-06,2026-07,161,158,0.5229,left_commentary,Kyle Kulinski,False,False,False
@SecularTalk,videos,2026-07,2026-08,158,215,0.5567,left_commentary,Kyle Kulinski,False,False,False
@SecularTalk,videos,2026-08,2026-09,215,111,0.5158,left_commentary,Kyle Kulinski,False,True,False
@Semafor,videos,2026-04,2026-05,18,61,0.6315,us_press_print_digital,Semafor,False,False,False
@Semafor,videos,2026-05,2026-06,61,15,0.6674,us_press_print_digital,Semafor,False,False,False
@SkyNews,streams,2026-01,2026-02,209,259,0.6289,wire_international,Sky News,False,False,False
@SkyNews,streams,2026-02,2026-03,259,216,0.5983,wire_international,Sky News,False,False,False
@SkyNews,streams,2026-03,2026-04,216,247,0.585,wire_international,Sky News,False,False,False
@SkyNews,streams,2026-04,2026-05,247,249,0.5806,wire_international,Sky News,False,False,False
@SkyNews,streams,2026-05,2026-06,249,211,0.6114,wire_international,Sky News,False,False,False
@SkyNews,streams,2026-06,2026-07,211,196,0.588,wire_international,Sky News,False,False,False
@SkyNews,streams,2026-07,2026-08,196,241,0.5783,wire_international,Sky News,False,False,False
@SkyNews,streams,2026-08,2026-09,241,140,0.6721,wire_international,Sky News,False,True,False
@SkyNews,videos,2026-01,2026-02,490,558,0.5734,wire_international,Sky News,False,False,False
@SkyNews,videos,2026-02,2026-03,558,464,0.5314,wire_international,Sky News,False,False,False
@SkyNews,videos,2026-03,2026-04,464,430,0.4808,wire_international,Sky News,False,False,False
@SkyNews,videos,2026-04,2026-05,430,426,0.5428,wire_international,Sky News,False,False,False
@SkyNews,videos,2026-05,2026-06,426,294,0.5112,wire_international,Sky News,False,False,False
@SkyNews,videos,2026-06,2026-07,294,359,0.4577,wire_international,Sky News,False,False,False
@SkyNews,videos,2026-07,2026-08,359,427,0.4895,wire_international,Sky News,False,False,False
@SkyNews,videos,2026-08,2026-09,427,229,0.5544,wire_international,Sky News,False,True,False
@StatusCoup,streams,2026-01,2026-02,15,25,0.4094,independent_digital_news,Status Coup,False,False,False
@StatusCoup,streams,2026-04,2026-05,18,23,0.6336,independent_digital_news,Status Coup,False,False,False
@StatusCoup,streams,2026-05,2026-06,23,21,0.8442,independent_digital_news,Status Coup,False,False,False
@StatusCoup,videos,2026-01,2026-02,48,67,0.5571,independent_digital_news,Status Coup,False,False,False
@StatusCoup,videos,2026-02,2026-03,67,61,0.5682,independent_digital_news,Status Coup,False,False,False
@StatusCoup,videos,2026-03,2026-04,61,55,0.6456,independent_digital_news,Status Coup,False,False,False
@StatusCoup,videos,2026-04,2026-05,55,54,0.6577,independent_digital_news,Status Coup,False,False,False
@StatusCoup,videos,2026-05,2026-06,54,48,0.7217,independent_digital_news,Status Coup,False,False,False
@StatusCoup,videos,2026-06,2026-07,48,59,0.64,independent_digital_news,Status Coup,False,False,False
@StatusCoup,videos,2026-07,2026-08,59,68,0.7186,independent_digital_news,Status Coup,False,False,False
@StatusCoup,videos,2026-08,2026-09,68,57,0.6789,independent_digital_news,Status Coup,False,True,False
@StevenCrowder,videos,2026-02,2026-03,24,17,0.6568,right_commentary,Louder with Crowder,False,False,False
@StevenCrowder,videos,2026-03,2026-04,17,20,0.7103,right_commentary,Louder with Crowder,False,False,False
@StevenCrowder,videos,2026-04,2026-05,20,20,0.8232,right_commentary,Louder with Crowder,False,False,False
@StevenCrowder,videos,2026-05,2026-06,20,23,0.8279,right_commentary,Louder with Crowder,False,False,False
@StevenCrowder,videos,2026-06,2026-07,23,20,0.7895,right_commentary,Louder with Crowder,False,False,False
@StevenCrowder,videos,2026-07,2026-08,20,22,0.8421,right_commentary,Louder with Crowder,False,False,False
@Styxhexenhammer666,videos,2026-01,2026-02,114,80,0.7233,right_commentary,Styxhexenhammer,False,False,False
@Styxhexenhammer666,videos,2026-02,2026-03,80,80,0.7028,right_commentary,Styxhexenhammer,False,False,False
@Styxhexenhammer666,videos,2026-03,2026-04,80,37,0.8033,right_commentary,Styxhexenhammer,False,False,False
@Styxhexenhammer666,videos,2026-04,2026-05,37,26,0.7427,right_commentary,Styxhexenhammer,False,False,False
@Styxhexenhammer666,videos,2026-05,2026-06,26,82,0.7407,right_commentary,Styxhexenhammer,False,False,False
@TechCrunch,videos,2026-05,2026-06,15,16,0.5135,us_press_print_digital,TechCrunch,False,False,False
@TechCrunch,videos,2026-06,2026-07,16,36,0.505,us_press_print_digital,TechCrunch,False,False,False
@TechCrunch,videos,2026-07,2026-08,36,24,0.3509,us_press_print_digital,TechCrunch,False,False,False
@TheAdamCarollaShow1,videos,2026-01,2026-02,41,44,0.7799,interview_podcast,Adam Carolla,False,False,False
@TheAdamCarollaShow1,videos,2026-02,2026-03,44,45,0.7251,interview_podcast,Adam Carolla,False,False,False
@TheAdamCarollaShow1,videos,2026-03,2026-04,45,52,0.7053,interview_podcast,Adam Carolla,False,False,False
@TheAdamCarollaShow1,videos,2026-04,2026-05,52,45,0.7534,interview_podcast,Adam Carolla,False,False,False
@TheAdamCarollaShow1,videos,2026-05,2026-06,45,39,0.6603,interview_podcast,Adam Carolla,False,False,False
@TheAdamCarollaShow1,videos,2026-06,2026-07,39,44,0.7765,interview_podcast,Adam Carolla,False,False,False
@TheAdamCarollaShow1,videos,2026-07,2026-08,44,58,0.6901,interview_podcast,Adam Carolla,False,False,False
@TheAdamCarollaShow1,videos,2026-08,2026-09,58,27,0.7541,interview_podcast,Adam Carolla,False,True,False
@TheAmalaEkpunobi,videos,2026-01,2026-02,25,27,0.6822,right_commentary,Amala Ekpunobi,False,False,False
@TheAmalaEkpunobi,videos,2026-02,2026-03,27,23,0.7289,right_commentary,Amala Ekpunobi,False,False,False
@TheAmalaEkpunobi,videos,2026-03,2026-04,23,25,0.8621,right_commentary,Amala Ekpunobi,False,False,False
@TheAmalaEkpunobi,videos,2026-04,2026-05,25,24,0.7559,right_commentary,Amala Ekpunobi,False,False,False
@TheAmalaEkpunobi,videos,2026-05,2026-06,24,24,0.6755,right_commentary,Amala Ekpunobi,False,False,False
@TheAmalaEkpunobi,videos,2026-06,2026-07,24,23,0.6677,right_commentary,Amala Ekpunobi,False,False,False
@TheAmalaEkpunobi,videos,2026-07,2026-08,23,25,0.7186,right_commentary,Amala Ekpunobi,False,False,False
@TheAmalaEkpunobi,videos,2026-08,2026-09,25,15,0.591,right_commentary,Amala Ekpunobi,False,True,False
@TheAtlantic,videos,2026-01,2026-02,20,23,0.8816,us_press_print_digital,The Atlantic,False,False,False
@TheAtlantic,videos,2026-02,2026-03,23,19,0.7757,us_press_print_digital,The Atlantic,False,False,False
@TheAtlantic,videos,2026-07,2026-08,20,26,0.7989,us_press_print_digital,The Atlantic,False,False,False
@TheAtlantic,videos,2026-08,2026-09,26,16,0.7981,us_press_print_digital,The Atlantic,False,True,False
@TheBrianKilmeadeShow,videos,2026-02,2026-03,54,48,0.7949,right_commentary,Fox News,False,False,False
@TheBrianKilmeadeShow,videos,2026-03,2026-04,48,42,0.6596,right_commentary,Fox News,False,False,False
@TheBrianKilmeadeShow,videos,2026-04,2026-05,42,45,0.6264,right_commentary,Fox News,False,False,False
@TheBrianKilmeadeShow,videos,2026-05,2026-06,45,45,0.6053,right_commentary,Fox News,False,False,False
@TheBrianKilmeadeShow,videos,2026-06,2026-07,45,37,0.6897,right_commentary,Fox News,False,False,False
@TheBrianKilmeadeShow,videos,2026-07,2026-08,37,55,0.6757,right_commentary,Fox News,False,False,False
@TheBrianKilmeadeShow,videos,2026-08,2026-09,55,26,0.6201,right_commentary,Fox News,False,True,False
@TheDailyBeast,videos,2026-01,2026-02,49,34,0.6158,us_press_print_digital,Daily Beast,False,False,False
@TheDailyBeast,videos,2026-02,2026-03,34,31,0.7516,us_press_print_digital,Daily Beast,False,False,False
@TheDailyBeast,videos,2026-03,2026-04,31,43,0.6048,us_press_print_digital,Daily Beast,False,False,False
@TheDailyBeast,videos,2026-04,2026-05,43,40,0.5549,us_press_print_digital,Daily Beast,False,False,False
@TheDailyBeast,videos,2026-05,2026-06,40,32,0.5029,us_press_print_digital,Daily Beast,False,False,False
@TheDailyBeast,videos,2026-06,2026-07,32,30,0.577,us_press_print_digital,Daily Beast,False,False,False
@TheDailyBeast,videos,2026-07,2026-08,30,42,0.6094,us_press_print_digital,Daily Beast,False,False,False
@TheDailyBeast,videos,2026-08,2026-09,42,21,0.5858,us_press_print_digital,Daily Beast,False,True,False
@TheDamageReport,streams,2026-01,2026-02,21,23,0.7428,left_commentary,TYT Network,False,False,False
@TheDamageReport,streams,2026-02,2026-03,23,21,0.7863,left_commentary,TYT Network,False,False,False
@TheDamageReport,streams,2026-03,2026-04,21,21,0.7068,left_commentary,TYT Network,False,False,False
@TheDamageReport,streams,2026-04,2026-05,21,20,0.7762,left_commentary,TYT Network,False,False,False
@TheDamageReport,streams,2026-05,2026-06,20,42,0.8556,left_commentary,TYT Network,False,False,False
@TheDamageReport,streams,2026-06,2026-07,42,37,0.7056,left_commentary,TYT Network,False,False,False
@TheDamageReport,streams,2026-07,2026-08,37,60,0.6914,left_commentary,TYT Network,False,False,False
@TheDamageReport,streams,2026-08,2026-09,60,26,0.7821,left_commentary,TYT Network,False,True,False
@TheDamageReport,videos,2026-01,2026-02,327,371,0.4145,left_commentary,TYT Network,False,False,False
@TheDamageReport,videos,2026-02,2026-03,371,352,0.4301,left_commentary,TYT Network,False,False,False
@TheDamageReport,videos,2026-03,2026-04,352,363,0.4085,left_commentary,TYT Network,False,False,False
@TheDamageReport,videos,2026-04,2026-05,363,382,0.3886,left_commentary,TYT Network,False,False,False
@TheDamageReport,videos,2026-05,2026-06,382,340,0.3778,left_commentary,TYT Network,False,False,False
@TheDamageReport,videos,2026-06,2026-07,340,333,0.4174,left_commentary,TYT Network,False,False,False
@TheDamageReport,videos,2026-07,2026-08,333,491,0.386,left_commentary,TYT Network,False,False,False
@TheDamageReport,videos,2026-08,2026-09,491,245,0.3627,left_commentary,TYT Network,False,True,False
@TheDonLemonShow,streams,2026-01,2026-02,41,52,0.6742,left_commentary,Don Lemon,False,False,False
@TheDonLemonShow,streams,2026-02,2026-03,52,44,0.8956,left_commentary,Don Lemon,False,False,False
@TheDonLemonShow,streams,2026-03,2026-04,44,51,0.6841,left_commentary,Don Lemon,False,False,False
@TheDonLemonShow,streams,2026-04,2026-05,51,48,0.6717,left_commentary,Don Lemon,False,False,False
@TheDonLemonShow,streams,2026-05,2026-06,48,46,0.7829,left_commentary,Don Lemon,False,False,False
@TheDonLemonShow,streams,2026-06,2026-07,46,34,0.88,left_commentary,Don Lemon,False,False,False
@TheDonLemonShow,streams,2026-07,2026-08,34,58,0.7001,left_commentary,Don Lemon,False,False,False
@TheDonLemonShow,streams,2026-08,2026-09,58,26,0.7129,left_commentary,Don Lemon,False,True,False
@TheDonLemonShow,videos,2026-01,2026-02,36,48,0.6686,left_commentary,Don Lemon,False,False,False
@TheDonLemonShow,videos,2026-02,2026-03,48,47,0.7989,left_commentary,Don Lemon,False,False,False
@TheDonLemonShow,videos,2026-03,2026-04,47,40,0.6904,left_commentary,Don Lemon,False,False,False
@TheDonLemonShow,videos,2026-04,2026-05,40,39,0.8161,left_commentary,Don Lemon,False,False,False
@TheDonLemonShow,videos,2026-05,2026-06,39,36,0.7951,left_commentary,Don Lemon,False,False,False
@TheDonLemonShow,videos,2026-06,2026-07,36,46,0.8421,left_commentary,Don Lemon,False,False,False
@TheDonLemonShow,videos,2026-07,2026-08,46,46,0.8501,left_commentary,Don Lemon,False,False,False
@TheDonLemonShow,videos,2026-08,2026-09,46,28,0.8111,left_commentary,Don Lemon,False,True,False
@TheEconomist,videos,2026-01,2026-02,15,17,0.9106,wire_international,The Economist,False,False,False
@TheEconomist,videos,2026-02,2026-03,17,18,0.8057,wire_international,The Economist,False,False,False
@TheEconomist,videos,2026-03,2026-04,18,20,0.6393,wire_international,The Economist,False,False,False
@TheEconomist,videos,2026-04,2026-05,20,15,0.7499,wire_international,The Economist,False,False,False
@TheEconomist,videos,2026-05,2026-06,15,18,0.8429,wire_international,The Economist,False,False,False
@TheHumanistReport,videos,2026-01,2026-02,16,17,0.9123,left_commentary,Humanist Report,False,False,False
@TheHumanistReport,videos,2026-02,2026-03,17,18,0.9411,left_commentary,Humanist Report,False,False,False
@TheHumanistReport,videos,2026-03,2026-04,18,19,0.8743,left_commentary,Humanist Report,False,False,False
@TheHumanistReport,videos,2026-04,2026-05,19,19,0.8885,left_commentary,Humanist Report,False,False,False
@TheHumanistReport,videos,2026-05,2026-06,19,16,0.9101,left_commentary,Humanist Report,False,False,False
@TheHumanistReport,videos,2026-06,2026-07,16,18,0.927,left_commentary,Humanist Report,False,False,False
@TheHumanistReport,videos,2026-07,2026-08,18,22,0.8113,left_commentary,Humanist Report,False,False,False
@TheJoyReidShow,streams,2026-02,2026-03,16,16,0.9098,left_commentary,Joy Reid,False,False,False
@TheJoyReidShow,streams,2026-03,2026-04,16,16,0.75,left_commentary,Joy Reid,False,False,False
@TheJoyReidShow,streams,2026-07,2026-08,18,25,0.8169,left_commentary,Joy Reid,False,False,False
@TheJoyReidShow,videos,2026-07,2026-08,52,77,0.6729,left_commentary,Joy Reid,False,False,False
@TheJoyReidShow,videos,2026-08,2026-09,77,41,0.7632,left_commentary,Joy Reid,False,True,False
@TheLincolnProject,videos,2026-07,2026-08,20,16,0.7779,centrist_heterodox,Lincoln Project,False,False,False
@TheMajorityReport,streams,2026-01,2026-02,21,22,0.808,left_commentary,Majority Report,False,False,False
@TheMajorityReport,streams,2026-02,2026-03,22,21,0.8538,left_commentary,Majority Report,False,False,False
@TheMajorityReport,streams,2026-03,2026-04,21,21,0.6774,left_commentary,Majority Report,False,False,False
@TheMajorityReport,streams,2026-04,2026-05,21,22,0.7503,left_commentary,Majority Report,False,False,False
@TheMajorityReport,streams,2026-05,2026-06,22,22,0.8167,left_commentary,Majority Report,False,False,False
@TheMajorityReport,streams,2026-06,2026-07,22,22,0.8207,left_commentary,Majority Report,False,False,False
@TheMajorityReport,streams,2026-07,2026-08,22,29,0.772,left_commentary,Majority Report,False,False,False
@TheMajorityReport,streams,2026-08,2026-09,29,15,0.8834,left_commentary,Majority Report,False,True,False
@TheMajorityReport,videos,2026-01,2026-02,209,186,0.6,left_commentary,Majority Report,False,False,False
@TheMajorityReport,videos,2026-02,2026-03,186,154,0.6413,left_commentary,Majority Report,False,False,False
@TheMajorityReport,videos,2026-03,2026-04,154,174,0.5959,left_commentary,Majority Report,False,False,False
@TheMajorityReport,videos,2026-04,2026-05,174,182,0.5683,left_commentary,Majority Report,False,False,False
@TheMajorityReport,videos,2026-05,2026-06,182,184,0.5785,left_commentary,Majority Report,False,False,False
@TheMajorityReport,videos,2026-06,2026-07,184,180,0.5812,left_commentary,Majority Report,False,False,False
@TheMajorityReport,videos,2026-07,2026-08,180,254,0.5384,left_commentary,Majority Report,False,False,False
@TheMajorityReport,videos,2026-08,2026-09,254,134,0.623,left_commentary,Majority Report,False,True,False
@TheMichaelCohenShow,videos,2026-01,2026-02,73,66,0.4056,left_commentary,MeidasTouch Network,False,False,False
@TheMichaelCohenShow,videos,2026-02,2026-03,66,60,0.5925,left_commentary,MeidasTouch Network,False,False,False
@TheMichaelCohenShow,videos,2026-03,2026-04,60,71,0.6905,left_commentary,MeidasTouch Network,False,False,False
@TheMichaelCohenShow,videos,2026-04,2026-05,71,66,0.6601,left_commentary,MeidasTouch Network,False,False,False
@TheMichaelCohenShow,videos,2026-05,2026-06,66,70,0.6855,left_commentary,MeidasTouch Network,False,False,False
@TheMichaelCohenShow,videos,2026-06,2026-07,70,53,0.7796,left_commentary,MeidasTouch Network,False,False,False
@TheMichaelCohenShow,videos,2026-07,2026-08,53,20,0.8331,left_commentary,MeidasTouch Network,False,False,False
@TheOfficerTatum,streams,2026-02,2026-03,22,35,0.9379,right_commentary,Officer Tatum,False,False,False
@TheOfficerTatum,streams,2026-03,2026-04,35,28,0.9211,right_commentary,Officer Tatum,False,False,False
@TheOfficerTatum,streams,2026-07,2026-08,32,28,0.9163,right_commentary,Officer Tatum,False,False,False
@TheOfficerTatum,streams,2026-08,2026-09,28,16,0.6844,right_commentary,Officer Tatum,False,True,False
@TheOfficerTatum,videos,2026-01,2026-02,43,65,0.7893,right_commentary,Officer Tatum,False,False,False
@TheOfficerTatum,videos,2026-02,2026-03,65,54,0.8379,right_commentary,Officer Tatum,False,False,False
@TheOfficerTatum,videos,2026-03,2026-04,54,72,0.7569,right_commentary,Officer Tatum,False,False,False
@TheOfficerTatum,videos,2026-04,2026-05,72,89,0.753,right_commentary,Officer Tatum,False,False,False
@TheOfficerTatum,videos,2026-05,2026-06,89,83,0.7843,right_commentary,Officer Tatum,False,False,False
@TheOfficerTatum,videos,2026-06,2026-07,83,70,0.7284,right_commentary,Officer Tatum,False,False,False
@TheOfficerTatum,videos,2026-07,2026-08,70,91,0.7907,right_commentary,Officer Tatum,False,False,False
@TheOfficerTatum,videos,2026-08,2026-09,91,50,0.6949,right_commentary,Officer Tatum,False,True,False
@ThePodcastoftheLotusEaters,streams,2026-02,2026-03,22,20,0.9664,right_commentary,Lotus Eaters,False,False,False
@ThePodcastoftheLotusEaters,streams,2026-03,2026-04,20,21,0.3629,right_commentary,Lotus Eaters,False,False,False
@ThePodcastoftheLotusEaters,streams,2026-04,2026-05,21,22,0.7389,right_commentary,Lotus Eaters,False,False,False
@ThePodcastoftheLotusEaters,streams,2026-05,2026-06,22,20,0.6336,right_commentary,Lotus Eaters,False,False,False
@ThePodcastoftheLotusEaters,streams,2026-06,2026-07,20,21,0.7119,right_commentary,Lotus Eaters,False,False,False
@ThePodcastoftheLotusEaters,streams,2026-07,2026-08,21,29,0.5924,right_commentary,Lotus Eaters,False,False,False
@ThePodcastoftheLotusEaters,streams,2026-08,2026-09,29,16,0.6729,right_commentary,Lotus Eaters,False,True,False
@ThePodcastoftheLotusEaters,videos,2026-01,2026-02,63,71,0.6689,right_commentary,Lotus Eaters,False,False,False
@ThePodcastoftheLotusEaters,videos,2026-02,2026-03,71,67,0.7263,right_commentary,Lotus Eaters,False,False,False
@ThePodcastoftheLotusEaters,videos,2026-03,2026-04,67,71,0.7193,right_commentary,Lotus Eaters,False,False,False
@ThePodcastoftheLotusEaters,videos,2026-04,2026-05,71,67,0.6562,right_commentary,Lotus Eaters,False,False,False
@ThePodcastoftheLotusEaters,videos,2026-05,2026-06,67,74,0.646,right_commentary,Lotus Eaters,False,False,False
@ThePodcastoftheLotusEaters,videos,2026-06,2026-07,74,72,0.6159,right_commentary,Lotus Eaters,False,False,False
@ThePodcastoftheLotusEaters,videos,2026-07,2026-08,72,91,0.5598,right_commentary,Lotus Eaters,False,False,False
@ThePodcastoftheLotusEaters,videos,2026-08,2026-09,91,46,0.6597,right_commentary,Lotus Eaters,False,True,False
@TheQuartering,videos,2026-01,2026-02,73,92,0.7071,right_commentary,TheQuartering,False,False,False
@TheQuartering,videos,2026-02,2026-03,92,80,0.6584,right_commentary,TheQuartering,False,False,False
@TheQuartering,videos,2026-03,2026-04,80,88,0.6651,right_commentary,TheQuartering,False,False,False
@TheQuartering,videos,2026-04,2026-05,88,64,0.6837,right_commentary,TheQuartering,False,False,False
@TheQuartering,videos,2026-05,2026-06,64,83,0.722,right_commentary,TheQuartering,False,False,False
@TheQuartering,videos,2026-06,2026-07,83,58,0.532,right_commentary,TheQuartering,False,False,False
@TheQuartering,videos,2026-07,2026-08,58,86,0.5772,right_commentary,TheQuartering,False,False,False
@TheQuartering,videos,2026-08,2026-09,86,51,0.7558,right_commentary,TheQuartering,False,True,False
@TheRealTabithaSpeaks,videos,2026-01,2026-02,25,34,0.8413,left_commentary,Tabitha Speaks,False,False,False
@TheRealTabithaSpeaks,videos,2026-02,2026-03,34,52,0.8081,left_commentary,Tabitha Speaks,False,False,False
@TheRealTabithaSpeaks,videos,2026-03,2026-04,52,68,0.8344,left_commentary,Tabitha Speaks,False,False,False
@TheRealTabithaSpeaks,videos,2026-04,2026-05,68,57,0.7456,left_commentary,Tabitha Speaks,False,False,False
@TheRealTabithaSpeaks,videos,2026-05,2026-06,57,54,0.6848,left_commentary,Tabitha Speaks,False,False,False
@TheRealTabithaSpeaks,videos,2026-06,2026-07,54,53,0.6959,left_commentary,Tabitha Speaks,False,False,False
@TheRealTabithaSpeaks,videos,2026-07,2026-08,53,71,0.7123,left_commentary,Tabitha Speaks,False,False,False
@TheRealTabithaSpeaks,videos,2026-08,2026-09,71,38,0.7092,left_commentary,Tabitha Speaks,False,True,False
@TheSerfTimes,videos,2026-01,2026-02,25,29,0.8224,streamer_reaction,Serf Times,False,False,False
@TheSerfTimes,videos,2026-02,2026-03,29,26,0.7775,streamer_reaction,Serf Times,False,False,False
@TheSerfTimes,videos,2026-03,2026-04,26,32,0.8045,streamer_reaction,Serf Times,False,False,False
@TheSerfTimes,videos,2026-04,2026-05,32,25,0.8013,streamer_reaction,Serf Times,False,False,False
@TheSerfTimes,videos,2026-05,2026-06,25,27,0.8116,streamer_reaction,Serf Times,False,False,False
@TheSerfTimes,videos,2026-06,2026-07,27,30,0.7144,streamer_reaction,Serf Times,False,False,False
@TheSerfTimes,videos,2026-07,2026-08,30,33,0.7772,streamer_reaction,Serf Times,False,False,False
@TheSerfTimes,videos,2026-08,2026-09,33,20,0.8224,streamer_reaction,Serf Times,False,True,False
@TheVaushPit,videos,2026-01,2026-02,35,46,0.725,streamer_reaction,Vaush,True,False,False
@TheVaushPit,videos,2026-02,2026-03,46,31,0.695,streamer_reaction,Vaush,True,False,False
@TheVaushPit,videos,2026-03,2026-04,31,53,0.7699,streamer_reaction,Vaush,True,False,False
@TheVaushPit,videos,2026-04,2026-05,53,45,0.7874,streamer_reaction,Vaush,True,False,False
@TheVaushPit,videos,2026-05,2026-06,45,50,0.7852,streamer_reaction,Vaush,True,False,False
@TheVaushPit,videos,2026-06,2026-07,50,59,0.7868,streamer_reaction,Vaush,True,False,False
@TheVaushPit,videos,2026-07,2026-08,59,69,0.7633,streamer_reaction,Vaush,True,False,False
@TheVaushPit,videos,2026-08,2026-09,69,15,0.883,streamer_reaction,Vaush,True,True,False
@TheYoungTurks,streams,2026-01,2026-02,47,41,0.8588,left_commentary,TYT Network,False,False,False
@TheYoungTurks,streams,2026-02,2026-03,41,46,0.911,left_commentary,TYT Network,False,False,False
@TheYoungTurks,streams,2026-03,2026-04,46,38,0.8248,left_commentary,TYT Network,False,False,False
@TheYoungTurks,streams,2026-04,2026-05,38,52,0.665,left_commentary,TYT Network,False,False,False
@TheYoungTurks,streams,2026-05,2026-06,52,51,0.7414,left_commentary,TYT Network,False,False,False
@TheYoungTurks,streams,2026-06,2026-07,51,48,0.7055,left_commentary,TYT Network,False,False,False
@TheYoungTurks,streams,2026-07,2026-08,48,73,0.7339,left_commentary,TYT Network,False,False,False
@TheYoungTurks,streams,2026-08,2026-09,73,32,0.7706,left_commentary,TYT Network,False,True,False
@TheYoungTurks,videos,2026-01,2026-02,283,337,0.4986,left_commentary,TYT Network,False,False,False
@TheYoungTurks,videos,2026-02,2026-03,337,308,0.4954,left_commentary,TYT Network,False,False,False
@TheYoungTurks,videos,2026-03,2026-04,308,345,0.4557,left_commentary,TYT Network,False,False,False
@TheYoungTurks,videos,2026-04,2026-05,345,326,0.436,left_commentary,TYT Network,False,False,False
@TheYoungTurks,videos,2026-05,2026-06,326,318,0.4336,left_commentary,TYT Network,False,False,False
@TheYoungTurks,videos,2026-06,2026-07,318,293,0.4124,left_commentary,TYT Network,False,False,False
@TheYoungTurks,videos,2026-07,2026-08,293,439,0.4196,left_commentary,TYT Network,False,False,False
@TheYoungTurks,videos,2026-08,2026-09,439,219,0.4532,left_commentary,TYT Network,False,True,False
@The_Crucible,videos,2026-03,2026-04,25,28,0.6279,streamer_reaction,The Crucible,False,False,False
@The_Crucible,videos,2026-04,2026-05,28,27,0.7278,streamer_reaction,The Crucible,False,False,False
@The_Crucible,videos,2026-05,2026-06,27,30,0.645,streamer_reaction,The Crucible,False,False,False
@The_Crucible,videos,2026-06,2026-07,30,26,0.5801,streamer_reaction,The Crucible,False,False,False
@The_Crucible,videos,2026-07,2026-08,26,42,0.7625,streamer_reaction,The Crucible,False,False,False
@The_Crucible,videos,2026-08,2026-09,42,21,0.7225,streamer_reaction,The Crucible,False,True,False
@Tim_Black,videos,2026-01,2026-02,31,42,0.6782,left_commentary,Tim Black,False,False,False
@Tim_Black,videos,2026-02,2026-03,42,50,0.6581,left_commentary,Tim Black,False,False,False
@Tim_Black,videos,2026-03,2026-04,50,43,0.7162,left_commentary,Tim Black,False,False,False
@Tim_Black,videos,2026-04,2026-05,43,27,0.6904,left_commentary,Tim Black,False,False,False
@Tim_Black,videos,2026-05,2026-06,27,40,0.7069,left_commentary,Tim Black,False,False,False
@Tim_Black,videos,2026-06,2026-07,40,30,0.6115,left_commentary,Tim Black,False,False,False
@Tim_Black,videos,2026-07,2026-08,30,40,0.5521,left_commentary,Tim Black,False,False,False
@Tim_Black,videos,2026-08,2026-09,40,26,0.7779,left_commentary,Tim Black,False,True,False
@Timcast,videos,2026-01,2026-02,17,36,0.8691,right_commentary,Timcast,False,False,False
@Timcast,videos,2026-02,2026-03,36,27,0.8546,right_commentary,Timcast,False,False,False
@Timcast,videos,2026-03,2026-04,27,25,0.7414,right_commentary,Timcast,False,False,False
@Timcast,videos,2026-04,2026-05,25,20,0.7688,right_commentary,Timcast,False,False,False
@Timcast,videos,2026-05,2026-06,20,15,0.6564,right_commentary,Timcast,False,False,False
@TimcastIRL,streams,2026-02,2026-03,21,19,0.8353,right_commentary,Timcast,False,False,False
@TimcastIRL,streams,2026-03,2026-04,19,18,0.9022,right_commentary,Timcast,False,False,False
@TimcastIRL,streams,2026-04,2026-05,18,18,0.9428,right_commentary,Timcast,False,False,False
@TimcastIRL,streams,2026-05,2026-06,18,16,0.8947,right_commentary,Timcast,False,False,False
@TimcastIRL,streams,2026-06,2026-07,16,16,0.9014,right_commentary,Timcast,False,False,False
@TimcastIRL,streams,2026-07,2026-08,16,24,0.838,right_commentary,Timcast,False,False,False
@TimcastIRL,videos,2026-01,2026-02,63,109,0.746,right_commentary,Timcast,False,False,False
@TimcastIRL,videos,2026-02,2026-03,109,99,0.7642,right_commentary,Timcast,False,False,False
@TimcastIRL,videos,2026-03,2026-04,99,110,0.5821,right_commentary,Timcast,False,False,False
@TimcastIRL,videos,2026-04,2026-05,110,104,0.5962,right_commentary,Timcast,False,False,False
@TimcastIRL,videos,2026-05,2026-06,104,98,0.6647,right_commentary,Timcast,False,False,False
@TimcastIRL,videos,2026-06,2026-07,98,90,0.6375,right_commentary,Timcast,False,False,False
@TimcastIRL,videos,2026-07,2026-08,90,120,0.6698,right_commentary,Timcast,False,False,False
@TimcastIRL,videos,2026-08,2026-09,120,62,0.6912,right_commentary,Timcast,False,True,False
@TimcastNews,videos,2026-01,2026-02,41,76,0.8097,right_commentary,Timcast,False,False,False
@TimcastNews,videos,2026-02,2026-03,76,62,0.5777,right_commentary,Timcast,False,False,False
@TimcastNews,videos,2026-03,2026-04,62,90,0.572,right_commentary,Timcast,False,False,False
@TimcastNews,videos,2026-04,2026-05,90,68,0.5643,right_commentary,Timcast,False,False,False
@TimcastNews,videos,2026-05,2026-06,68,47,0.5962,right_commentary,Timcast,False,False,False
@TimcastNews,videos,2026-06,2026-07,47,37,0.7252,right_commentary,Timcast,False,False,False
@TimcastNews,videos,2026-07,2026-08,37,80,0.6567,right_commentary,Timcast,False,False,False
@TimcastNews,videos,2026-08,2026-09,80,33,0.6912,right_commentary,Timcast,False,True,False
@TimesNowWorld,streams,2026-01,2026-02,364,368,0.5579,wire_international,Times Group,False,False,False
@TimesNowWorld,streams,2026-02,2026-03,368,377,0.6219,wire_international,Times Group,False,False,False
@TimesNowWorld,streams,2026-03,2026-04,377,355,0.4719,wire_international,Times Group,False,False,False
@TimesNowWorld,streams,2026-04,2026-05,355,266,0.4708,wire_international,Times Group,False,False,False
@TimesNowWorld,streams,2026-05,2026-06,266,227,0.4366,wire_international,Times Group,False,False,False
@TimesNowWorld,streams,2026-06,2026-07,227,416,0.561,wire_international,Times Group,False,False,False
@TimesNowWorld,streams,2026-07,2026-08,416,393,0.5108,wire_international,Times Group,False,False,False
@TimesNowWorld,streams,2026-08,2026-09,393,240,0.562,wire_international,Times Group,False,True,False
@TimesNowWorld,videos,2026-01,2026-02,858,896,0.4112,wire_international,Times Group,False,False,False
@TimesNowWorld,videos,2026-02,2026-03,896,913,0.517,wire_international,Times Group,False,False,False
@TimesNowWorld,videos,2026-03,2026-04,913,903,0.3078,wire_international,Times Group,False,False,False
@TimesNowWorld,videos,2026-04,2026-05,903,990,0.3839,wire_international,Times Group,False,False,False
@TimesNowWorld,videos,2026-05,2026-06,990,1109,0.3219,wire_international,Times Group,False,False,False
@TimesNowWorld,videos,2026-06,2026-07,1109,1141,0.3617,wire_international,Times Group,False,False,False
@TimesNowWorld,videos,2026-07,2026-08,1141,1437,0.3531,wire_international,Times Group,False,False,False
@TimesNowWorld,videos,2026-08,2026-09,1437,747,0.3813,wire_international,Times Group,False,True,False
@TomiLahrenIsFearless,videos,2026-03,2026-04,16,16,0.873,right_commentary,Tomi Lahren,False,False,False
@TomiLahrenIsFearless,videos,2026-04,2026-05,16,15,0.8846,right_commentary,Tomi Lahren,False,False,False
@USATODAY,streams,2026-01,2026-02,52,75,0.7606,us_press_print_digital,USA Today,False,False,False
@USATODAY,streams,2026-02,2026-03,75,53,0.7946,us_press_print_digital,USA Today,False,False,False
@USATODAY,streams,2026-03,2026-04,53,51,0.8098,us_press_print_digital,USA Today,False,False,False
@USATODAY,streams,2026-04,2026-05,51,43,0.7391,us_press_print_digital,USA Today,False,False,False
@USATODAY,streams,2026-05,2026-06,43,26,0.7747,us_press_print_digital,USA Today,False,False,False
@USATODAY,streams,2026-06,2026-07,26,30,0.6849,us_press_print_digital,USA Today,False,False,False
@USATODAY,streams,2026-07,2026-08,30,59,0.7976,us_press_print_digital,USA Today,False,False,False
@USATODAY,streams,2026-08,2026-09,59,28,0.6505,us_press_print_digital,USA Today,False,True,False
@USATODAY,videos,2026-01,2026-02,189,188,0.6659,us_press_print_digital,USA Today,False,False,False
@USATODAY,videos,2026-02,2026-03,188,265,0.7631,us_press_print_digital,USA Today,False,False,False
@USATODAY,videos,2026-03,2026-04,265,271,0.648,us_press_print_digital,USA Today,False,False,False
@USATODAY,videos,2026-04,2026-05,271,277,0.6232,us_press_print_digital,USA Today,False,False,False
@USATODAY,videos,2026-05,2026-06,277,245,0.6612,us_press_print_digital,USA Today,False,False,False
@USATODAY,videos,2026-06,2026-07,245,192,0.6628,us_press_print_digital,USA Today,False,False,False
@USATODAY,videos,2026-07,2026-08,192,343,0.6809,us_press_print_digital,USA Today,False,False,False
@USATODAY,videos,2026-08,2026-09,343,251,0.6244,us_press_print_digital,USA Today,False,True,False
@Vaush,videos,2026-01,2026-02,49,58,0.6634,streamer_reaction,Vaush,False,False,False
@Vaush,videos,2026-02,2026-03,58,57,0.7815,streamer_reaction,Vaush,False,False,False
@Vaush,videos,2026-03,2026-04,57,63,0.7134,streamer_reaction,Vaush,False,False,False
@Vaush,videos,2026-04,2026-05,63,52,0.7329,streamer_reaction,Vaush,False,False,False
@Vaush,videos,2026-05,2026-06,52,43,0.6567,streamer_reaction,Vaush,False,False,False
@Vaush,videos,2026-06,2026-07,43,54,0.7281,streamer_reaction,Vaush,False,False,False
@Vaush,videos,2026-07,2026-08,54,57,0.746,streamer_reaction,Vaush,False,False,False
@Vaush,videos,2026-08,2026-09,57,20,0.8175,streamer_reaction,Vaush,False,True,False
@VivaFrei,videos,2026-01,2026-02,35,43,0.7451,legal_institutional,Viva Frei,False,False,False
@VivaFrei,videos,2026-02,2026-03,43,34,0.8464,legal_institutional,Viva Frei,False,False,False
@VivaFrei,videos,2026-03,2026-04,34,36,0.9257,legal_institutional,Viva Frei,False,False,False
@VivaFrei,videos,2026-04,2026-05,36,41,0.7927,legal_institutional,Viva Frei,False,False,False
@VivaFrei,videos,2026-05,2026-06,41,39,0.7734,legal_institutional,Viva Frei,False,False,False
@VivaFrei,videos,2026-06,2026-07,39,22,0.7499,legal_institutional,Viva Frei,False,False,False
@VivaFrei,videos,2026-07,2026-08,22,46,0.7647,legal_institutional,Viva Frei,False,False,False
@VivaFrei,videos,2026-08,2026-09,46,35,0.6924,legal_institutional,Viva Frei,False,True,False
@Vox,videos,2026-03,2026-04,17,17,0.881,us_press_print_digital,Vox,False,False,False
@Vox,videos,2026-04,2026-05,17,19,0.8626,us_press_print_digital,Vox,False,False,False
@Vox,videos,2026-07,2026-08,15,25,0.8588,us_press_print_digital,Vox,False,False,False
@X22Report-y5y,videos,2026-01,2026-02,25,45,0.6562,right_commentary,X22 Report,False,False,False
@X22Report-y5y,videos,2026-02,2026-03,45,42,0.6681,right_commentary,X22 Report,False,False,False
@X22Report-y5y,videos,2026-03,2026-04,42,50,0.5364,right_commentary,X22 Report,False,False,False
@X22Report-y5y,videos,2026-04,2026-05,50,47,0.5561,right_commentary,X22 Report,False,False,False
@X22Report-y5y,videos,2026-05,2026-06,47,46,0.4819,right_commentary,X22 Report,False,False,False
@X22Report-y5y,videos,2026-06,2026-07,46,46,0.4833,right_commentary,X22 Report,False,False,False
@X22Report-y5y,videos,2026-07,2026-08,46,63,0.4264,right_commentary,X22 Report,False,False,False
@X22Report-y5y,videos,2026-08,2026-09,63,31,0.4785,right_commentary,X22 Report,False,True,False
@Xanderhal,streams,2026-06,2026-07,20,21,0.8109,streamer_reaction,Xanderhal,False,False,False
@Xanderhal,streams,2026-07,2026-08,21,18,0.8037,streamer_reaction,Xanderhal,False,False,False
@Xanderhal,videos,2026-06,2026-07,62,87,0.6774,streamer_reaction,Xanderhal,False,False,False
@Xanderhal,videos,2026-07,2026-08,87,24,0.7591,streamer_reaction,Xanderhal,False,False,False
@Xanderhal,videos,2026-08,2026-09,24,37,0.8094,streamer_reaction,Xanderhal,False,True,False
@ZeihanonGeopolitics,videos,2026-01,2026-02,28,23,0.7385,explainer_geopolitics,Peter Zeihan,False,False,False
@ZeihanonGeopolitics,videos,2026-02,2026-03,23,27,0.8021,explainer_geopolitics,Peter Zeihan,False,False,False
@ZeihanonGeopolitics,videos,2026-03,2026-04,27,28,0.6618,explainer_geopolitics,Peter Zeihan,False,False,False
@ZeihanonGeopolitics,videos,2026-04,2026-05,28,23,0.7674,explainer_geopolitics,Peter Zeihan,False,False,False
@ZeihanonGeopolitics,videos,2026-05,2026-06,23,24,0.6837,explainer_geopolitics,Peter Zeihan,False,False,False
@ZeihanonGeopolitics,videos,2026-06,2026-07,24,20,0.5846,explainer_geopolitics,Peter Zeihan,False,False,False
@ZeihanonGeopolitics,videos,2026-07,2026-08,20,29,0.6988,explainer_geopolitics,Peter Zeihan,False,False,False
@ZeihanonGeopolitics,videos,2026-08,2026-09,29,15,0.7062,explainer_geopolitics,Peter Zeihan,False,True,False
@ZubyMusic,videos,2026-01,2026-02,18,17,0.9294,interview_podcast,Zuby,False,False,False
@ZubyMusic,videos,2026-02,2026-03,17,15,0.7395,interview_podcast,Zuby,False,False,False
@ZubyMusic,videos,2026-03,2026-04,15,16,0.877,interview_podcast,Zuby,False,False,False
@ZubyMusic,videos,2026-04,2026-05,16,16,0.8433,interview_podcast,Zuby,False,False,False
@ZubyMusic,videos,2026-05,2026-06,16,15,0.8055,interview_podcast,Zuby,False,False,False
@aaronparnas1,videos,2026-01,2026-02,104,122,0.5573,left_commentary,Aaron Parnas,False,False,False
@aaronparnas1,videos,2026-02,2026-03,122,97,0.605,left_commentary,Aaron Parnas,False,False,False
@aaronparnas1,videos,2026-03,2026-04,97,89,0.5662,left_commentary,Aaron Parnas,False,False,False
@aaronparnas1,videos,2026-04,2026-05,89,82,0.5579,left_commentary,Aaron Parnas,False,False,False
@aaronparnas1,videos,2026-05,2026-06,82,88,0.5432,left_commentary,Aaron Parnas,False,False,False
@aaronparnas1,videos,2026-06,2026-07,88,74,0.6041,left_commentary,Aaron Parnas,False,False,False
@aaronparnas1,videos,2026-07,2026-08,74,111,0.5937,left_commentary,Aaron Parnas,False,False,False
@aaronparnas1,videos,2026-08,2026-09,111,52,0.5051,left_commentary,Aaron Parnas,False,True,False
@adammockler,videos,2026-01,2026-02,129,128,0.426,left_commentary,Adam Mockler,False,False,False
@adammockler,videos,2026-02,2026-03,128,121,0.5081,left_commentary,Adam Mockler,False,False,False
@adammockler,videos,2026-03,2026-04,121,172,0.4575,left_commentary,Adam Mockler,False,False,False
@adammockler,videos,2026-04,2026-05,172,118,0.4142,left_commentary,Adam Mockler,False,False,False
@adammockler,videos,2026-05,2026-06,118,113,0.559,left_commentary,Adam Mockler,False,False,False
@adammockler,videos,2026-06,2026-07,113,127,0.4656,left_commentary,Adam Mockler,False,False,False
@adammockler,videos,2026-07,2026-08,127,144,0.5393,left_commentary,Adam Mockler,False,False,False
@adammockler,videos,2026-08,2026-09,144,65,0.4612,left_commentary,Adam Mockler,False,True,False
@aljazeeraenglish,videos,2026-01,2026-02,650,726,0.3778,wire_international,Al Jazeera,False,False,False
@aljazeeraenglish,videos,2026-02,2026-03,726,777,0.4997,wire_international,Al Jazeera,False,False,False
@aljazeeraenglish,videos,2026-03,2026-04,777,1003,0.3308,wire_international,Al Jazeera,False,False,False
@aljazeeraenglish,videos,2026-04,2026-05,1003,810,0.3637,wire_international,Al Jazeera,False,False,False
@aljazeeraenglish,videos,2026-05,2026-06,810,816,0.3944,wire_international,Al Jazeera,False,False,False
@aljazeeraenglish,videos,2026-06,2026-07,816,764,0.374,wire_international,Al Jazeera,False,False,False
@aljazeeraenglish,videos,2026-07,2026-08,764,914,0.3419,wire_international,Al Jazeera,False,False,False
@aljazeeraenglish,videos,2026-08,2026-09,914,540,0.3917,wire_international,Al Jazeera,False,True,False
@bbrettcooper,videos,2026-02,2026-03,17,16,0.9374,right_commentary,Brett Cooper,False,False,False
@bbrettcooper,videos,2026-03,2026-04,16,17,0.892,right_commentary,Brett Cooper,False,False,False
@bbrettcooper,videos,2026-04,2026-05,17,20,0.8756,right_commentary,Brett Cooper,False,False,False
@bbrettcooper,videos,2026-05,2026-06,20,18,0.8942,right_commentary,Brett Cooper,False,False,False
@bbrettcooper,videos,2026-06,2026-07,18,16,0.927,right_commentary,Brett Cooper,False,False,False
@bbrettcooper,videos,2026-07,2026-08,16,19,0.8975,right_commentary,Brett Cooper,False,False,False
@bennyjohnson,streams,2026-02,2026-03,23,23,0.8551,right_commentary,Benny Johnson,False,False,False
@bennyjohnson,streams,2026-03,2026-04,23,23,0.7354,right_commentary,Benny Johnson,False,False,False
@bennyjohnson,streams,2026-04,2026-05,23,22,0.8722,right_commentary,Benny Johnson,False,False,False
@bennyjohnson,streams,2026-07,2026-08,15,21,0.8232,right_commentary,Benny Johnson,False,False,False
@bennyjohnson,videos,2026-01,2026-02,120,160,0.7147,right_commentary,Benny Johnson,False,False,False
@bennyjohnson,videos,2026-02,2026-03,160,152,0.682,right_commentary,Benny Johnson,False,False,False
@bennyjohnson,videos,2026-03,2026-04,152,171,0.667,right_commentary,Benny Johnson,False,False,False
@bennyjohnson,videos,2026-04,2026-05,171,181,0.6295,right_commentary,Benny Johnson,False,False,False
@bennyjohnson,videos,2026-05,2026-06,181,183,0.6353,right_commentary,Benny Johnson,False,False,False
@bennyjohnson,videos,2026-06,2026-07,183,168,0.6526,right_commentary,Benny Johnson,False,False,False
@bennyjohnson,videos,2026-07,2026-08,168,260,0.6372,right_commentary,Benny Johnson,False,False,False
@bennyjohnson,videos,2026-08,2026-09,260,113,0.5621,right_commentary,Benny Johnson,False,True,False
@breakingpoints,videos,2026-01,2026-02,78,127,0.715,independent_digital_news,Breaking Points,False,False,False
@breakingpoints,videos,2026-02,2026-03,127,113,0.6927,independent_digital_news,Breaking Points,False,False,False
@breakingpoints,videos,2026-03,2026-04,113,124,0.5788,independent_digital_news,Breaking Points,False,False,False
@breakingpoints,videos,2026-04,2026-05,124,131,0.5213,independent_digital_news,Breaking Points,False,False,False
@breakingpoints,videos,2026-05,2026-06,131,120,0.5858,independent_digital_news,Breaking Points,False,False,False
@breakingpoints,videos,2026-06,2026-07,120,110,0.671,independent_digital_news,Breaking Points,False,False,False
@breakingpoints,videos,2026-07,2026-08,110,154,0.6286,independent_digital_news,Breaking Points,False,False,False
@breakingpoints,videos,2026-08,2026-09,154,80,0.6273,independent_digital_news,Breaking Points,False,True,False
@briantylercohen,videos,2026-01,2026-02,119,156,0.5076,left_commentary,Brian Tyler Cohen,False,False,False
@briantylercohen,videos,2026-02,2026-03,156,123,0.5335,left_commentary,Brian Tyler Cohen,False,False,False
@briantylercohen,videos,2026-03,2026-04,123,140,0.5224,left_commentary,Brian Tyler Cohen,False,False,False
@briantylercohen,videos,2026-04,2026-05,140,105,0.5229,left_commentary,Brian Tyler Cohen,False,False,False
@briantylercohen,videos,2026-05,2026-06,105,102,0.5201,left_commentary,Brian Tyler Cohen,False,False,False
@briantylercohen,videos,2026-06,2026-07,102,100,0.5728,left_commentary,Brian Tyler Cohen,False,False,False
@briantylercohen,videos,2026-07,2026-08,100,155,0.5078,left_commentary,Brian Tyler Cohen,False,False,False
@briantylercohen,videos,2026-08,2026-09,155,81,0.5607,left_commentary,Brian Tyler Cohen,False,True,False
@bulwarkmedia,streams,2026-03,2026-04,25,32,0.7533,centrist_heterodox,The Bulwark,False,False,False
@bulwarkmedia,streams,2026-04,2026-05,32,29,0.7832,centrist_heterodox,The Bulwark,False,False,False
@bulwarkmedia,streams,2026-05,2026-06,29,36,0.8135,centrist_heterodox,The Bulwark,False,False,False
@bulwarkmedia,streams,2026-06,2026-07,36,29,0.8495,centrist_heterodox,The Bulwark,False,False,False
@bulwarkmedia,streams,2026-07,2026-08,29,34,0.7959,centrist_heterodox,The Bulwark,False,False,False
@bulwarkmedia,streams,2026-08,2026-09,34,19,0.8299,centrist_heterodox,The Bulwark,False,True,False
@bulwarkmedia,videos,2026-01,2026-02,173,233,0.6176,centrist_heterodox,The Bulwark,False,False,False
@bulwarkmedia,videos,2026-02,2026-03,233,200,0.5788,centrist_heterodox,The Bulwark,False,False,False
@bulwarkmedia,videos,2026-03,2026-04,200,206,0.4943,centrist_heterodox,The Bulwark,False,False,False
@bulwarkmedia,videos,2026-04,2026-05,206,225,0.5425,centrist_heterodox,The Bulwark,False,False,False
@bulwarkmedia,videos,2026-05,2026-06,225,229,0.5263,centrist_heterodox,The Bulwark,False,False,False
@bulwarkmedia,videos,2026-06,2026-07,229,182,0.5518,centrist_heterodox,The Bulwark,False,False,False
@bulwarkmedia,videos,2026-07,2026-08,182,245,0.5532,centrist_heterodox,The Bulwark,False,False,False
@bulwarkmedia,videos,2026-08,2026-09,245,133,0.5977,centrist_heterodox,The Bulwark,False,True,False
@chicksonright,streams,2026-02,2026-03,22,19,0.6701,right_commentary,Chicks on the Right,False,False,False
@chicksonright,streams,2026-03,2026-04,19,22,0.633,right_commentary,Chicks on the Right,False,False,False
@chicksonright,streams,2026-04,2026-05,22,20,0.7891,right_commentary,Chicks on the Right,False,False,False
@chicksonright,streams,2026-05,2026-06,20,19,0.7255,right_commentary,Chicks on the Right,False,False,False
@chicksonright,streams,2026-06,2026-07,19,22,0.8811,right_commentary,Chicks on the Right,False,False,False
@chicksonright,streams,2026-07,2026-08,22,28,0.6454,right_commentary,Chicks on the Right,False,False,False
@chicksonright,videos,2026-01,2026-02,48,51,0.7056,right_commentary,Chicks on the Right,False,False,False
@chicksonright,videos,2026-02,2026-03,51,53,0.6632,right_commentary,Chicks on the Right,False,False,False
@chicksonright,videos,2026-03,2026-04,53,54,0.7113,right_commentary,Chicks on the Right,False,False,False
@chicksonright,videos,2026-04,2026-05,54,57,0.7003,right_commentary,Chicks on the Right,False,False,False
@chicksonright,videos,2026-05,2026-06,57,52,0.7065,right_commentary,Chicks on the Right,False,False,False
@chicksonright,videos,2026-06,2026-07,52,53,0.7903,right_commentary,Chicks on the Right,False,False,False
@chicksonright,videos,2026-07,2026-08,53,71,0.7289,right_commentary,Chicks on the Right,False,False,False
@chicksonright,videos,2026-08,2026-09,71,36,0.8137,right_commentary,Chicks on the Right,False,True,False
@chinainsights-r2w,videos,2026-01,2026-02,60,48,0.4931,independent_digital_news,China Insights,False,False,False
@chinainsights-r2w,videos,2026-02,2026-03,48,23,0.5424,independent_digital_news,China Insights,False,False,False
@chinainsights-r2w,videos,2026-03,2026-04,23,30,0.5677,independent_digital_news,China Insights,False,False,False
@chinainsights-r2w,videos,2026-04,2026-05,30,28,0.5781,independent_digital_news,China Insights,False,False,False
@chinainsights-r2w,videos,2026-05,2026-06,28,24,0.5717,independent_digital_news,China Insights,False,False,False
@chinainsights-r2w,videos,2026-06,2026-07,24,24,0.5418,independent_digital_news,China Insights,False,False,False
@chinainsights-r2w,videos,2026-07,2026-08,24,30,0.592,independent_digital_news,China Insights,False,False,False
@chriscuomo,videos,2026-02,2026-03,24,28,0.9323,centrist_heterodox,Chris Cuomo,False,False,False
@chriscuomo,videos,2026-03,2026-04,28,25,0.6831,centrist_heterodox,Chris Cuomo,False,False,False
@chriscuomo,videos,2026-04,2026-05,25,22,0.8066,centrist_heterodox,Chris Cuomo,False,False,False
@chriscuomo,videos,2026-05,2026-06,22,27,0.8149,centrist_heterodox,Chris Cuomo,False,False,False
@chriscuomo,videos,2026-06,2026-07,27,22,0.9496,centrist_heterodox,Chris Cuomo,False,False,False
@chriscuomo,videos,2026-07,2026-08,22,25,0.9111,centrist_heterodox,Chris Cuomo,False,False,False
@chriscuomo,videos,2026-08,2026-09,25,26,0.8605,centrist_heterodox,Chris Cuomo,False,True,False
@clayandbuck,videos,2026-01,2026-02,38,71,0.8274,right_commentary,Clay & Buck,False,False,False
@clayandbuck,videos,2026-02,2026-03,71,65,0.8748,right_commentary,Clay & Buck,False,False,False
@clayandbuck,videos,2026-03,2026-04,65,67,0.7839,right_commentary,Clay & Buck,False,False,False
@clayandbuck,videos,2026-04,2026-05,67,66,0.7708,right_commentary,Clay & Buck,False,False,False
@clayandbuck,videos,2026-05,2026-06,66,72,0.8329,right_commentary,Clay & Buck,False,False,False
@clayandbuck,videos,2026-06,2026-07,72,61,0.8378,right_commentary,Clay & Buck,False,False,False
@clayandbuck,videos,2026-07,2026-08,61,94,0.84,right_commentary,Clay & Buck,False,False,False
@clayandbuck,videos,2026-08,2026-09,94,47,0.8246,right_commentary,Clay & Buck,False,True,False
@deanwithrs,streams,2026-01,2026-02,28,30,0.6743,streamer_reaction,Dean Withers,False,False,False
@deanwithrs,streams,2026-02,2026-03,30,27,0.7774,streamer_reaction,Dean Withers,False,False,False
@deanwithrs,streams,2026-03,2026-04,27,31,0.576,streamer_reaction,Dean Withers,False,False,False
@deanwithrs,streams,2026-04,2026-05,31,29,0.6526,streamer_reaction,Dean Withers,False,False,False
@deanwithrs,streams,2026-05,2026-06,29,29,0.7051,streamer_reaction,Dean Withers,False,False,False
@deanwithrs,streams,2026-06,2026-07,29,30,0.4972,streamer_reaction,Dean Withers,False,False,False
@deanwithrs,streams,2026-07,2026-08,30,42,0.641,streamer_reaction,Dean Withers,False,False,False
@deanwithrs,streams,2026-08,2026-09,42,20,0.7065,streamer_reaction,Dean Withers,False,True,False
@deanwithrs,videos,2026-01,2026-02,26,31,0.4624,streamer_reaction,Dean Withers,False,False,False
@deanwithrs,videos,2026-02,2026-03,31,25,0.4443,streamer_reaction,Dean Withers,False,False,False
@deanwithrs,videos,2026-03,2026-04,25,33,0.4347,streamer_reaction,Dean Withers,False,False,False
@deanwithrs,videos,2026-04,2026-05,33,30,0.4187,streamer_reaction,Dean Withers,False,False,False
@deanwithrs,videos,2026-05,2026-06,30,29,0.4079,streamer_reaction,Dean Withers,False,False,False
@deanwithrs,videos,2026-06,2026-07,29,30,0.3992,streamer_reaction,Dean Withers,False,False,False
@deanwithrs,videos,2026-07,2026-08,30,40,0.3123,streamer_reaction,Dean Withers,False,False,False
@deanwithrs,videos,2026-08,2026-09,40,21,0.3988,streamer_reaction,Dean Withers,False,True,False
@destiny,videos,2026-02,2026-03,15,26,0.7768,streamer_reaction,Destiny,False,False,False
@destiny,videos,2026-03,2026-04,26,51,0.8256,streamer_reaction,Destiny,False,False,False
@destiny,videos,2026-04,2026-05,51,57,0.6946,streamer_reaction,Destiny,False,False,False
@destiny,videos,2026-05,2026-06,57,36,0.7009,streamer_reaction,Destiny,False,False,False
@destiny,videos,2026-06,2026-07,36,23,0.6998,streamer_reaction,Destiny,False,False,False
@destiny,videos,2026-07,2026-08,23,33,0.8015,streamer_reaction,Destiny,False,False,False
@destinyhqclips,videos,2026-05,2026-06,26,44,0.7446,streamer_reaction,Destiny,True,False,False
@destinyhqclips,videos,2026-06,2026-07,44,33,0.6847,streamer_reaction,Destiny,True,False,False
@destinyhqclips,videos,2026-07,2026-08,33,58,0.5734,streamer_reaction,Destiny,True,False,False
@destinyhqclips,videos,2026-08,2026-09,58,34,0.5974,streamer_reaction,Destiny,True,True,False
@dollemore,videos,2026-01,2026-02,127,171,0.6769,left_commentary,Jesse Dollemore,False,False,False
@dollemore,videos,2026-02,2026-03,171,157,0.6913,left_commentary,Jesse Dollemore,False,False,False
@dollemore,videos,2026-03,2026-04,157,135,0.6209,left_commentary,Jesse Dollemore,False,False,False
@dollemore,videos,2026-04,2026-05,135,148,0.5885,left_commentary,Jesse Dollemore,False,False,False
@dollemore,videos,2026-05,2026-06,148,157,0.6119,left_commentary,Jesse Dollemore,False,False,False
@dollemore,videos,2026-06,2026-07,157,181,0.5823,left_commentary,Jesse Dollemore,False,False,False
@dollemore,videos,2026-07,2026-08,181,246,0.527,left_commentary,Jesse Dollemore,False,False,False
@dollemore,videos,2026-08,2026-09,246,117,0.6284,left_commentary,Jesse Dollemore,False,True,False
@fastpoliticspodcast,videos,2026-02,2026-03,18,17,0.8192,left_commentary,Fast Politics,False,False,False
@fastpoliticspodcast,videos,2026-03,2026-04,17,17,0.8617,left_commentary,Fast Politics,False,False,False
@fastpoliticspodcast,videos,2026-04,2026-05,17,18,0.6959,left_commentary,Fast Politics,False,False,False
@fastpoliticspodcast,videos,2026-05,2026-06,18,17,0.7812,left_commentary,Fast Politics,False,False,False
@fightbackpodcast,videos,2026-01,2026-02,78,80,0.7157,right_commentary,Jake Shields,False,False,False
@fightbackpodcast,videos,2026-02,2026-03,80,66,0.5544,right_commentary,Jake Shields,False,False,False
@fightbackpodcast,videos,2026-03,2026-04,66,64,0.629,right_commentary,Jake Shields,False,False,False
@fightbackpodcast,videos,2026-04,2026-05,64,77,0.6324,right_commentary,Jake Shields,False,False,False
@fightbackpodcast,videos,2026-05,2026-06,77,65,0.6731,right_commentary,Jake Shields,False,False,False
@fightbackpodcast,videos,2026-06,2026-07,65,62,0.6782,right_commentary,Jake Shields,False,False,False
@fightbackpodcast,videos,2026-07,2026-08,62,77,0.6758,right_commentary,Jake Shields,False,False,False
@fightbackpodcast,videos,2026-08,2026-09,77,58,0.6565,right_commentary,Jake Shields,False,True,False
@franifio,videos,2026-01,2026-02,20,38,0.9091,humour_satire,Bitchuation Room,False,False,False
@franifio,videos,2026-02,2026-03,38,29,0.8891,humour_satire,Bitchuation Room,False,False,False
@franifio,videos,2026-03,2026-04,29,30,0.8089,humour_satire,Bitchuation Room,False,False,False
@franifio,videos,2026-04,2026-05,30,31,0.9255,humour_satire,Bitchuation Room,False,False,False
@franifio,videos,2026-05,2026-06,31,44,0.8502,humour_satire,Bitchuation Room,False,False,False
@franifio,videos,2026-06,2026-07,44,37,0.8451,humour_satire,Bitchuation Room,False,False,False
@franifio,videos,2026-07,2026-08,37,34,0.8373,humour_satire,Bitchuation Room,False,False,False
@franifio,videos,2026-08,2026-09,34,19,0.8601,humour_satire,Bitchuation Room,False,True,False
@glennbeck,streams,2026-03,2026-04,15,22,0.7419,right_commentary,Blaze Media,False,False,False
@glennbeck,streams,2026-04,2026-05,22,20,0.7419,right_commentary,Blaze Media,False,False,False
@glennbeck,streams,2026-05,2026-06,20,15,0.7516,right_commentary,Blaze Media,False,False,False
@glennbeck,streams,2026-06,2026-07,15,21,0.8684,right_commentary,Blaze Media,False,False,False
@glennbeck,streams,2026-07,2026-08,21,18,0.9265,right_commentary,Blaze Media,False,False,False
@glennbeck,videos,2026-01,2026-02,42,53,0.8797,right_commentary,Blaze Media,False,False,False
@glennbeck,videos,2026-02,2026-03,53,49,0.8791,right_commentary,Blaze Media,False,False,False
@glennbeck,videos,2026-03,2026-04,49,51,0.6769,right_commentary,Blaze Media,False,False,False
@glennbeck,videos,2026-04,2026-05,51,51,0.7691,right_commentary,Blaze Media,False,False,False
@glennbeck,videos,2026-05,2026-06,51,49,0.8017,right_commentary,Blaze Media,False,False,False
@glennbeck,videos,2026-06,2026-07,49,56,0.7406,right_commentary,Blaze Media,False,False,False
@glennbeck,videos,2026-07,2026-08,56,73,0.7661,right_commentary,Blaze Media,False,False,False
@glennbeck,videos,2026-08,2026-09,73,36,0.7187,right_commentary,Blaze Media,False,True,False
@harryjsisson,videos,2026-01,2026-02,97,55,0.4919,left_commentary,Harry Sisson,False,False,False
@harryjsisson,videos,2026-02,2026-03,55,57,0.5713,left_commentary,Harry Sisson,False,False,False
@harryjsisson,videos,2026-03,2026-04,57,71,0.4737,left_commentary,Harry Sisson,False,False,False
@harryjsisson,videos,2026-04,2026-05,71,76,0.5975,left_commentary,Harry Sisson,False,False,False
@harryjsisson,videos,2026-05,2026-06,76,120,0.493,left_commentary,Harry Sisson,False,False,False
@harryjsisson,videos,2026-06,2026-07,120,66,0.4935,left_commentary,Harry Sisson,False,False,False
@harryjsisson,videos,2026-07,2026-08,66,67,0.513,left_commentary,Harry Sisson,False,False,False
@harryjsisson,videos,2026-08,2026-09,67,72,0.4068,left_commentary,Harry Sisson,False,True,False
@hutch,videos,2026-02,2026-03,17,22,0.8138,streamer_reaction,Hutch,False,False,False
@hutch,videos,2026-05,2026-06,22,21,0.7447,streamer_reaction,Hutch,False,False,False
@hutch,videos,2026-08,2026-09,26,22,0.7574,streamer_reaction,Hutch,False,True,False
@jimacosta,streams,2026-02,2026-03,18,17,0.9294,left_commentary,Jim Acosta,False,False,False
@jimacosta,streams,2026-03,2026-04,17,19,0.8722,left_commentary,Jim Acosta,False,False,False
@jimacosta,streams,2026-04,2026-05,19,19,0.7546,left_commentary,Jim Acosta,False,False,False
@jimacosta,streams,2026-05,2026-06,19,17,0.8358,left_commentary,Jim Acosta,False,False,False
@jimacosta,streams,2026-06,2026-07,17,19,0.893,left_commentary,Jim Acosta,False,False,False
@jimacosta,streams,2026-07,2026-08,19,24,0.9522,left_commentary,Jim Acosta,False,False,False
@jimacosta,streams,2026-08,2026-09,24,17,0.9039,left_commentary,Jim Acosta,False,True,False
@jimacosta,videos,2026-01,2026-02,29,45,0.8613,left_commentary,Jim Acosta,False,False,False
@jimacosta,videos,2026-02,2026-03,45,49,0.8614,left_commentary,Jim Acosta,False,False,False
@jimacosta,videos,2026-03,2026-04,49,38,0.7485,left_commentary,Jim Acosta,False,False,False
@jimacosta,videos,2026-04,2026-05,38,27,0.8527,left_commentary,Jim Acosta,False,False,False
@jimacosta,videos,2026-05,2026-06,27,27,0.7627,left_commentary,Jim Acosta,False,False,False
@jimacosta,videos,2026-06,2026-07,27,29,0.8195,left_commentary,Jim Acosta,False,False,False
@jimacosta,videos,2026-07,2026-08,29,40,0.896,left_commentary,Jim Acosta,False,False,False
@jimacosta,videos,2026-08,2026-09,40,29,0.8452,left_commentary,Jim Acosta,False,True,False
@jlptalk,streams,2026-01,2026-02,15,22,0.4624,right_commentary,Jesse Lee Peterson,False,False,False
@jlptalk,streams,2026-02,2026-03,22,20,0.479,right_commentary,Jesse Lee Peterson,False,False,False
@jlptalk,streams,2026-03,2026-04,20,22,0.4715,right_commentary,Jesse Lee Peterson,False,False,False
@jlptalk,streams,2026-04,2026-05,22,22,0.4966,right_commentary,Jesse Lee Peterson,False,False,False
@jlptalk,streams,2026-05,2026-06,22,21,0.7002,right_commentary,Jesse Lee Peterson,False,False,False
@jlptalk,streams,2026-06,2026-07,21,22,0.7026,right_commentary,Jesse Lee Peterson,False,False,False
@jlptalk,streams,2026-07,2026-08,22,29,0.6432,right_commentary,Jesse Lee Peterson,False,False,False
@jlptalk,videos,2026-01,2026-02,24,34,0.882,right_commentary,Jesse Lee Peterson,False,False,False
@jlptalk,videos,2026-02,2026-03,34,31,0.8092,right_commentary,Jesse Lee Peterson,False,False,False
@jlptalk,videos,2026-03,2026-04,31,27,0.7483,right_commentary,Jesse Lee Peterson,False,False,False
@jlptalk,videos,2026-04,2026-05,27,33,0.7752,right_commentary,Jesse Lee Peterson,False,False,False
@jlptalk,videos,2026-05,2026-06,33,35,0.7124,right_commentary,Jesse Lee Peterson,False,False,False
@jlptalk,videos,2026-06,2026-07,35,43,0.781,right_commentary,Jesse Lee Peterson,False,False,False
@jlptalk,videos,2026-07,2026-08,43,52,0.7261,right_commentary,Jesse Lee Peterson,False,False,False
@jlptalk,videos,2026-08,2026-09,52,25,0.6786,right_commentary,Jesse Lee Peterson,False,True,False
@joerogan,videos,2026-02,2026-03,18,16,0.1942,interview_podcast,Joe Rogan,False,False,False
@joerogan,videos,2026-03,2026-04,16,15,0.1861,interview_podcast,Joe Rogan,False,False,False
@joerogan,videos,2026-04,2026-05,15,18,0.3972,interview_podcast,Joe Rogan,False,False,False
@joerogan,videos,2026-05,2026-06,18,18,0.3523,interview_podcast,Joe Rogan,False,False,False
@judgingfreedom,streams,2026-01,2026-02,74,88,0.5343,interview_podcast,Judging Freedom,False,False,False
@judgingfreedom,streams,2026-02,2026-03,88,84,0.4809,interview_podcast,Judging Freedom,False,False,False
@judgingfreedom,streams,2026-03,2026-04,84,91,0.4191,interview_podcast,Judging Freedom,False,False,False
@judgingfreedom,streams,2026-04,2026-05,91,87,0.4151,interview_podcast,Judging Freedom,False,False,False
@judgingfreedom,streams,2026-05,2026-06,87,81,0.359,interview_podcast,Judging Freedom,False,False,False
@judgingfreedom,streams,2026-06,2026-07,81,53,0.3921,interview_podcast,Judging Freedom,False,False,False
@judgingfreedom,streams,2026-07,2026-08,53,103,0.4487,interview_podcast,Judging Freedom,False,False,False
@judgingfreedom,streams,2026-08,2026-09,103,36,0.5749,interview_podcast,Judging Freedom,False,True,False
@judgingfreedom,videos,2026-07,2026-08,94,167,0.4134,interview_podcast,Judging Freedom,False,False,False
@judgingfreedom,videos,2026-08,2026-09,167,75,0.4241,interview_podcast,Judging Freedom,False,True,False
@katiephangnews,videos,2026-01,2026-02,38,47,0.4886,left_commentary,MeidasTouch Network,False,False,False
@katiephangnews,videos,2026-02,2026-03,47,42,0.6345,left_commentary,MeidasTouch Network,False,False,False
@katiephangnews,videos,2026-03,2026-04,42,47,0.614,left_commentary,MeidasTouch Network,False,False,False
@katiephangnews,videos,2026-04,2026-05,47,43,0.6255,left_commentary,MeidasTouch Network,False,False,False
@katiephangnews,videos,2026-05,2026-06,43,50,0.4937,left_commentary,MeidasTouch Network,False,False,False
@katiephangnews,videos,2026-06,2026-07,50,43,0.584,left_commentary,MeidasTouch Network,False,False,False
@katiephangnews,videos,2026-07,2026-08,43,57,0.5437,left_commentary,MeidasTouch Network,False,False,False
@katiephangnews,videos,2026-08,2026-09,57,36,0.5272,left_commentary,MeidasTouch Network,False,True,False
@laurenchenclips,videos,2026-05,2026-06,15,26,0.7842,right_commentary,Lauren Chen,True,False,False
@laurenchenclips,videos,2026-06,2026-07,26,21,0.8853,right_commentary,Lauren Chen,True,False,False
@laurenchenclips,videos,2026-07,2026-08,21,28,0.7758,right_commentary,Lauren Chen,True,False,False
@laurenchenclips,videos,2026-08,2026-09,28,19,0.7833,right_commentary,Lauren Chen,True,True,False
@lovettorleaveitpodcast,videos,2026-07,2026-08,15,20,1.0,humour_satire,Crooked Media,False,False,False
@marclamonthillnetwork,streams,2026-02,2026-03,18,16,0.7498,left_commentary,Marc Lamont Hill,False,False,False
@marclamonthillnetwork,streams,2026-03,2026-04,16,16,0.8129,left_commentary,Marc Lamont Hill,False,False,False
@marclamonthillnetwork,streams,2026-04,2026-05,16,23,0.795,left_commentary,Marc Lamont Hill,False,False,False
@marclamonthillnetwork,streams,2026-05,2026-06,23,18,0.7462,left_commentary,Marc Lamont Hill,False,False,False
@marclamonthillnetwork,streams,2026-06,2026-07,18,17,0.8039,left_commentary,Marc Lamont Hill,False,False,False
@marclamonthillnetwork,streams,2026-07,2026-08,17,21,0.6898,left_commentary,Marc Lamont Hill,False,False,False
@marclamonthillnetwork,videos,2026-01,2026-02,23,22,0.8246,left_commentary,Marc Lamont Hill,False,False,False
@marclamonthillnetwork,videos,2026-04,2026-05,27,32,0.7208,left_commentary,Marc Lamont Hill,False,False,False
@marclamonthillnetwork,videos,2026-05,2026-06,32,23,0.8307,left_commentary,Marc Lamont Hill,False,False,False
@marclamonthillnetwork,videos,2026-06,2026-07,23,19,0.8235,left_commentary,Marc Lamont Hill,False,False,False
@marclamonthillnetwork,videos,2026-07,2026-08,19,84,0.7073,left_commentary,Marc Lamont Hill,False,False,False
@marclamonthillnetwork,videos,2026-08,2026-09,84,78,0.5074,left_commentary,Marc Lamont Hill,False,True,False
@markets,videos,2026-01,2026-02,628,875,0.4565,us_press_print_digital,Bloomberg,False,False,False
@markets,videos,2026-02,2026-03,875,839,0.5347,us_press_print_digital,Bloomberg,False,False,False
@markets,videos,2026-03,2026-04,839,842,0.3761,us_press_print_digital,Bloomberg,False,False,False
@markets,videos,2026-04,2026-05,842,938,0.3627,us_press_print_digital,Bloomberg,False,False,False
@markets,videos,2026-05,2026-06,938,945,0.3767,us_press_print_digital,Bloomberg,False,False,False
@markets,videos,2026-06,2026-07,945,872,0.3889,us_press_print_digital,Bloomberg,False,False,False
@markets,videos,2026-07,2026-08,872,1363,0.3471,us_press_print_digital,Bloomberg,False,False,False
@markets,videos,2026-08,2026-09,1363,672,0.3704,us_press_print_digital,Bloomberg,False,True,False
@marklevinshow,videos,2026-01,2026-02,39,62,0.69,right_commentary,Mark Levin,False,False,False
@marklevinshow,videos,2026-02,2026-03,62,59,0.6654,right_commentary,Mark Levin,False,False,False
@marklevinshow,videos,2026-03,2026-04,59,59,0.6919,right_commentary,Mark Levin,False,False,False
@marklevinshow,videos,2026-04,2026-05,59,73,0.7472,right_commentary,Mark Levin,False,False,False
@marklevinshow,videos,2026-05,2026-06,73,59,0.6087,right_commentary,Mark Levin,False,False,False
@marklevinshow,videos,2026-06,2026-07,59,42,0.5877,right_commentary,Mark Levin,False,False,False
@marklevinshow,videos,2026-07,2026-08,42,76,0.6544,right_commentary,Mark Levin,False,False,False
@marklevinshow,videos,2026-08,2026-09,76,36,0.7618,right_commentary,Mark Levin,False,True,False
@morebridgetphetasy,videos,2026-02,2026-03,19,22,0.8652,interview_podcast,Bridget Phetasy,False,False,False
@morebridgetphetasy,videos,2026-03,2026-04,22,26,0.7155,interview_podcast,Bridget Phetasy,False,False,False
@morebridgetphetasy,videos,2026-04,2026-05,26,27,0.7848,interview_podcast,Bridget Phetasy,False,False,False
@morebridgetphetasy,videos,2026-05,2026-06,27,25,0.7858,interview_podcast,Bridget Phetasy,False,False,False
@morebridgetphetasy,videos,2026-06,2026-07,25,22,0.767,interview_podcast,Bridget Phetasy,False,False,False
@morebridgetphetasy,videos,2026-07,2026-08,22,30,0.8212,interview_podcast,Bridget Phetasy,False,False,False
@morebridgetphetasy,videos,2026-08,2026-09,30,21,0.8135,interview_podcast,Bridget Phetasy,False,True,False
@msnow,streams,2026-01,2026-02,29,37,0.81,us_legacy_tv,MS NOW,False,False,False
@msnow,streams,2026-02,2026-03,37,44,0.8557,us_legacy_tv,MS NOW,False,False,False
@msnow,streams,2026-03,2026-04,44,36,0.7554,us_legacy_tv,MS NOW,False,False,False
@msnow,streams,2026-04,2026-05,36,48,0.8026,us_legacy_tv,MS NOW,False,False,False
@msnow,streams,2026-05,2026-06,48,45,0.7481,us_legacy_tv,MS NOW,False,False,False
@msnow,streams,2026-06,2026-07,45,36,0.8312,us_legacy_tv,MS NOW,False,False,False
@msnow,streams,2026-07,2026-08,36,35,0.7906,us_legacy_tv,MS NOW,False,False,False
@msnow,streams,2026-08,2026-09,35,15,0.8798,us_legacy_tv,MS NOW,False,True,False
@msnow,videos,2026-01,2026-02,924,1176,0.5155,us_legacy_tv,MS NOW,False,False,False
@msnow,videos,2026-02,2026-03,1176,1052,0.6007,us_legacy_tv,MS NOW,False,False,False
@msnow,videos,2026-03,2026-04,1052,1134,0.4738,us_legacy_tv,MS NOW,False,False,False
@msnow,videos,2026-04,2026-05,1134,1156,0.4533,us_legacy_tv,MS NOW,False,False,False
@msnow,videos,2026-05,2026-06,1156,1109,0.4718,us_legacy_tv,MS NOW,False,False,False
@msnow,videos,2026-06,2026-07,1109,1119,0.4511,us_legacy_tv,MS NOW,False,False,False
@msnow,videos,2026-07,2026-08,1119,1477,0.4355,us_legacy_tv,MS NOW,False,False,False
@msnow,videos,2026-08,2026-09,1477,732,0.4691,us_legacy_tv,MS NOW,False,True,False
@nationalreview,videos,2026-01,2026-02,17,18,0.9179,us_press_print_digital,National Review,False,False,False
@nationalreview,videos,2026-04,2026-05,23,26,0.892,us_press_print_digital,National Review,False,False,False
@nationalreview,videos,2026-05,2026-06,26,29,0.9816,us_press_print_digital,National Review,False,False,False
@nationalreview,videos,2026-06,2026-07,29,16,0.7895,us_press_print_digital,National Review,False,False,False
@nationalreview,videos,2026-07,2026-08,16,29,0.7696,us_press_print_digital,National Review,False,False,False
@nationalreview,videos,2026-08,2026-09,29,20,0.8253,us_press_print_digital,National Review,False,True,False
@nousnetwork,videos,2026-07,2026-08,30,41,0.5327,explainer_geopolitics,nous,False,False,False
@nousnetwork,videos,2026-08,2026-09,41,19,0.4603,explainer_geopolitics,nous,False,True,False
@nypost,streams,2026-01,2026-02,21,18,0.9041,us_press_print_digital,New York Post,False,False,False
@nypost,videos,2026-01,2026-02,539,567,0.5104,us_press_print_digital,New York Post,False,False,False
@nypost,videos,2026-02,2026-03,567,600,0.5608,us_press_print_digital,New York Post,False,False,False
@nypost,videos,2026-03,2026-04,600,637,0.44,us_press_print_digital,New York Post,False,False,False
@nypost,videos,2026-04,2026-05,637,725,0.4706,us_press_print_digital,New York Post,False,False,False
@nypost,videos,2026-05,2026-06,725,679,0.5027,us_press_print_digital,New York Post,False,False,False
@nypost,videos,2026-06,2026-07,679,844,0.4493,us_press_print_digital,New York Post,False,False,False
@nypost,videos,2026-07,2026-08,844,1182,0.4457,us_press_print_digital,New York Post,False,False,False
@nypost,videos,2026-08,2026-09,1182,531,0.4605,us_press_print_digital,New York Post,False,True,False
@oann,streams,2026-03,2026-04,20,20,0.6062,right_tv_network,OAN,False,False,False
@oann,streams,2026-04,2026-05,20,43,0.6537,right_tv_network,OAN,False,False,False
@oann,streams,2026-05,2026-06,43,51,0.5988,right_tv_network,OAN,False,False,False
@oann,streams,2026-06,2026-07,51,55,0.6525,right_tv_network,OAN,False,False,False
@oann,streams,2026-07,2026-08,55,66,0.6437,right_tv_network,OAN,False,False,False
@oann,streams,2026-08,2026-09,66,30,0.7164,right_tv_network,OAN,False,True,False
@oann,videos,2026-01,2026-02,117,184,0.6206,right_tv_network,OAN,False,False,False
@oann,videos,2026-02,2026-03,184,170,0.6484,right_tv_network,OAN,False,False,False
@oann,videos,2026-03,2026-04,170,109,0.6693,right_tv_network,OAN,False,False,False
@oann,videos,2026-04,2026-05,109,184,0.6586,right_tv_network,OAN,False,False,False
@oann,videos,2026-05,2026-06,184,247,0.577,right_tv_network,OAN,False,False,False
@oann,videos,2026-06,2026-07,247,251,0.5508,right_tv_network,OAN,False,False,False
@oann,videos,2026-07,2026-08,251,359,0.5697,right_tv_network,OAN,False,False,False
@oann,videos,2026-08,2026-09,359,182,0.6035,right_tv_network,OAN,False,True,False
@podsaveamerica,videos,2026-01,2026-02,52,87,0.7182,left_commentary,Crooked Media,False,False,False
@podsaveamerica,videos,2026-02,2026-03,87,68,0.8037,left_commentary,Crooked Media,False,False,False
@podsaveamerica,videos,2026-03,2026-04,68,89,0.667,left_commentary,Crooked Media,False,False,False
@podsaveamerica,videos,2026-04,2026-05,89,66,0.7445,left_commentary,Crooked Media,False,False,False
@podsaveamerica,videos,2026-05,2026-06,66,63,0.7269,left_commentary,Crooked Media,False,False,False
@podsaveamerica,videos,2026-06,2026-07,63,54,0.7775,left_commentary,Crooked Media,False,False,False
@podsaveamerica,videos,2026-07,2026-08,54,126,0.7998,left_commentary,Crooked Media,False,False,False
@podsaveamerica,videos,2026-08,2026-09,126,62,0.643,left_commentary,Crooked Media,False,True,False
@ponderingpolitics,videos,2026-01,2026-02,143,164,0.427,left_commentary,Pondering Politics,False,False,False
@ponderingpolitics,videos,2026-02,2026-03,164,118,0.4897,left_commentary,Pondering Politics,False,False,False
@ponderingpolitics,videos,2026-03,2026-04,118,147,0.4856,left_commentary,Pondering Politics,False,False,False
@ponderingpolitics,videos,2026-04,2026-05,147,217,0.531,left_commentary,Pondering Politics,False,False,False
@ponderingpolitics,videos,2026-05,2026-06,217,184,0.4457,left_commentary,Pondering Politics,False,False,False
@ponderingpolitics,videos,2026-06,2026-07,184,175,0.4911,left_commentary,Pondering Politics,False,False,False
@ponderingpolitics,videos,2026-07,2026-08,175,225,0.4145,left_commentary,Pondering Politics,False,False,False
@ponderingpolitics,videos,2026-08,2026-09,225,94,0.4019,left_commentary,Pondering Politics,False,True,False
@rolandsmartin,streams,2026-01,2026-02,37,72,0.7015,independent_digital_news,Black Star Network,False,False,False
@rolandsmartin,streams,2026-02,2026-03,72,66,0.6266,independent_digital_news,Black Star Network,False,False,False
@rolandsmartin,streams,2026-03,2026-04,66,89,0.6665,independent_digital_news,Black Star Network,False,False,False
@rolandsmartin,streams,2026-04,2026-05,89,75,0.5917,independent_digital_news,Black Star Network,False,False,False
@rolandsmartin,streams,2026-05,2026-06,75,80,0.4962,independent_digital_news,Black Star Network,False,False,False
@rolandsmartin,streams,2026-06,2026-07,80,63,0.6683,independent_digital_news,Black Star Network,False,False,False
@rolandsmartin,streams,2026-07,2026-08,63,74,0.5865,independent_digital_news,Black Star Network,False,False,False
@rolandsmartin,streams,2026-08,2026-09,74,28,0.6083,independent_digital_news,Black Star Network,False,True,False
@rolandsmartin,videos,2026-01,2026-02,69,85,0.6653,independent_digital_news,Black Star Network,False,False,False
@rolandsmartin,videos,2026-02,2026-03,85,77,0.6574,independent_digital_news,Black Star Network,False,False,False
@rolandsmartin,videos,2026-03,2026-04,77,89,0.633,independent_digital_news,Black Star Network,False,False,False
@rolandsmartin,videos,2026-04,2026-05,89,85,0.717,independent_digital_news,Black Star Network,False,False,False
@rolandsmartin,videos,2026-05,2026-06,85,71,0.6342,independent_digital_news,Black Star Network,False,False,False
@rolandsmartin,videos,2026-06,2026-07,71,87,0.6422,independent_digital_news,Black Star Network,False,False,False
@rolandsmartin,videos,2026-07,2026-08,87,128,0.652,independent_digital_news,Black Star Network,False,False,False
@rolandsmartin,videos,2026-08,2026-09,128,51,0.6446,independent_digital_news,Black Star Network,False,True,False
@thedavidpakmanshow,videos,2026-01,2026-02,181,188,0.4183,left_commentary,David Pakman,False,False,False
@thedavidpakmanshow,videos,2026-02,2026-03,188,170,0.4507,left_commentary,David Pakman,False,False,False
@thedavidpakmanshow,videos,2026-03,2026-04,170,190,0.468,left_commentary,David Pakman,False,False,False
@thedavidpakmanshow,videos,2026-04,2026-05,190,176,0.4552,left_commentary,David Pakman,False,False,False
@thedavidpakmanshow,videos,2026-05,2026-06,176,184,0.4862,left_commentary,David Pakman,False,False,False
@thedavidpakmanshow,videos,2026-06,2026-07,184,177,0.4741,left_commentary,David Pakman,False,False,False
@thedavidpakmanshow,videos,2026-07,2026-08,177,248,0.396,left_commentary,David Pakman,False,False,False
@thedavidpakmanshow,videos,2026-08,2026-09,248,127,0.4405,left_commentary,David Pakman,False,True,False
@thegrayzone7996,videos,2026-01,2026-02,15,19,0.833,independent_digital_news,The Grayzone,False,False,False
@thegrayzone7996,videos,2026-02,2026-03,19,16,0.7056,independent_digital_news,The Grayzone,False,False,False
@thegrayzone7996,videos,2026-03,2026-04,16,24,0.6685,independent_digital_news,The Grayzone,False,False,False
@thegrayzone7996,videos,2026-04,2026-05,24,21,0.5306,independent_digital_news,The Grayzone,False,False,False
@thegrayzone7996,videos,2026-05,2026-06,21,19,0.6885,independent_digital_news,The Grayzone,False,False,False
@thegrayzone7996,videos,2026-06,2026-07,19,20,0.5078,independent_digital_news,The Grayzone,False,False,False
@thehill,streams,2026-01,2026-02,36,63,0.6944,us_press_print_digital,The Hill,False,False,False
@thehill,streams,2026-02,2026-03,63,49,0.6974,us_press_print_digital,The Hill,False,False,False
@thehill,streams,2026-03,2026-04,49,59,0.6813,us_press_print_digital,The Hill,False,False,False
@thehill,streams,2026-04,2026-05,59,69,0.6677,us_press_print_digital,The Hill,False,False,False
@thehill,streams,2026-05,2026-06,69,61,0.6723,us_press_print_digital,The Hill,False,False,False
@thehill,streams,2026-06,2026-07,61,47,0.7366,us_press_print_digital,The Hill,False,False,False
@thehill,streams,2026-07,2026-08,47,82,0.6767,us_press_print_digital,The Hill,False,False,False
@thehill,streams,2026-08,2026-09,82,39,0.65,us_press_print_digital,The Hill,False,True,False
@thehill,videos,2026-01,2026-02,389,503,0.586,us_press_print_digital,The Hill,False,False,False
@thehill,videos,2026-02,2026-03,503,463,0.645,us_press_print_digital,The Hill,False,False,False
@thehill,videos,2026-03,2026-04,463,523,0.5612,us_press_print_digital,The Hill,False,False,False
@thehill,videos,2026-04,2026-05,523,513,0.5672,us_press_print_digital,The Hill,False,False,False
@thehill,videos,2026-05,2026-06,513,524,0.5321,us_press_print_digital,The Hill,False,False,False
@thehill,videos,2026-06,2026-07,524,466,0.5926,us_press_print_digital,The Hill,False,False,False
@thehill,videos,2026-07,2026-08,466,608,0.5624,us_press_print_digital,The Hill,False,False,False
@thehill,videos,2026-08,2026-09,608,260,0.5333,us_press_print_digital,The Hill,False,True,False
@theisabelbrown,videos,2026-02,2026-03,23,20,0.8548,right_commentary,Isabel Brown,False,False,False
@theisabelbrown,videos,2026-03,2026-04,20,19,0.7176,right_commentary,Isabel Brown,False,False,False
@thejimmydoreshow,videos,2026-01,2026-02,121,139,0.6039,left_commentary,Jimmy Dore,False,False,False
@thejimmydoreshow,videos,2026-02,2026-03,139,133,0.6238,left_commentary,Jimmy Dore,False,False,False
@thejimmydoreshow,videos,2026-03,2026-04,133,144,0.6554,left_commentary,Jimmy Dore,False,False,False
@thejimmydoreshow,videos,2026-04,2026-05,144,132,0.5963,left_commentary,Jimmy Dore,False,False,False
@thejimmydoreshow,videos,2026-05,2026-06,132,121,0.6559,left_commentary,Jimmy Dore,False,False,False
@thejimmydoreshow,videos,2026-06,2026-07,121,114,0.6812,left_commentary,Jimmy Dore,False,False,False
@thejimmydoreshow,videos,2026-07,2026-08,114,171,0.6376,left_commentary,Jimmy Dore,False,False,False
@thejimmydoreshow,videos,2026-08,2026-09,171,71,0.6444,left_commentary,Jimmy Dore,False,True,False
@therationalnational,videos,2026-02,2026-03,18,16,0.8596,left_commentary,Rational National,False,False,False
@therationalnational,videos,2026-03,2026-04,16,16,0.8346,left_commentary,Rational National,False,False,False
@therationalnational,videos,2026-06,2026-07,18,16,0.8131,left_commentary,Rational National,False,False,False
@therationalnational,videos,2026-07,2026-08,16,23,0.7738,left_commentary,Rational National,False,False,False
@thewarningwithsteveschmidt,streams,2026-04,2026-05,23,20,0.6181,centrist_heterodox,Steve Schmidt,False,False,False
@thewarningwithsteveschmidt,videos,2026-01,2026-02,27,31,0.8214,centrist_heterodox,Steve Schmidt,False,False,False
@thewarningwithsteveschmidt,videos,2026-02,2026-03,31,32,0.6274,centrist_heterodox,Steve Schmidt,False,False,False
@thewarningwithsteveschmidt,videos,2026-03,2026-04,32,39,0.6804,centrist_heterodox,Steve Schmidt,False,False,False
@thewarningwithsteveschmidt,videos,2026-04,2026-05,39,34,0.7211,centrist_heterodox,Steve Schmidt,False,False,False
@thewarningwithsteveschmidt,videos,2026-05,2026-06,34,33,0.6507,centrist_heterodox,Steve Schmidt,False,False,False
@thewarningwithsteveschmidt,videos,2026-06,2026-07,33,31,0.5897,centrist_heterodox,Steve Schmidt,False,False,False
@thewarningwithsteveschmidt,videos,2026-07,2026-08,31,43,0.6124,centrist_heterodox,Steve Schmidt,False,False,False
@thewarningwithsteveschmidt,videos,2026-08,2026-09,43,19,0.7237,centrist_heterodox,Steve Schmidt,False,True,False
@thomhartmann,videos,2026-01,2026-02,42,83,0.7037,left_commentary,Thom Hartmann,False,False,False
@thomhartmann,videos,2026-02,2026-03,83,82,0.6655,left_commentary,Thom Hartmann,False,False,False
@thomhartmann,videos,2026-03,2026-04,82,78,0.6243,left_commentary,Thom Hartmann,False,False,False
@thomhartmann,videos,2026-04,2026-05,78,99,0.6695,left_commentary,Thom Hartmann,False,False,False
@thomhartmann,videos,2026-05,2026-06,99,93,0.5873,left_commentary,Thom Hartmann,False,False,False
@thomhartmann,videos,2026-06,2026-07,93,87,0.5328,left_commentary,Thom Hartmann,False,False,False
@thomhartmann,videos,2026-07,2026-08,87,139,0.5665,left_commentary,Thom Hartmann,False,False,False
@thomhartmann,videos,2026-08,2026-09,139,81,0.6663,left_commentary,Thom Hartmann,False,True,False
@timesofindia,streams,2026-01,2026-02,397,384,0.5684,wire_international,Times Group,False,False,False
@timesofindia,streams,2026-02,2026-03,384,229,0.6131,wire_international,Times Group,False,False,False
@timesofindia,streams,2026-03,2026-04,229,206,0.5926,wire_international,Times Group,False,False,False
@timesofindia,streams,2026-04,2026-05,206,177,0.5492,wire_international,Times Group,False,False,False
@timesofindia,streams,2026-05,2026-06,177,199,0.6142,wire_international,Times Group,False,False,False
@timesofindia,streams,2026-06,2026-07,199,334,0.64,wire_international,Times Group,False,False,False
@timesofindia,streams,2026-07,2026-08,334,265,0.6322,wire_international,Times Group,False,False,False
@timesofindia,streams,2026-08,2026-09,265,104,0.7126,wire_international,Times Group,False,True,False
@timesofindia,videos,2026-01,2026-02,1005,979,0.4589,wire_international,Times Group,False,False,False
@timesofindia,videos,2026-02,2026-03,979,918,0.526,wire_international,Times Group,False,False,False
@timesofindia,videos,2026-03,2026-04,918,1089,0.3682,wire_international,Times Group,False,False,False
@timesofindia,videos,2026-04,2026-05,1089,1011,0.3194,wire_international,Times Group,False,False,False
@timesofindia,videos,2026-05,2026-06,1011,1131,0.3779,wire_international,Times Group,False,False,False
@timesofindia,videos,2026-06,2026-07,1131,1185,0.3815,wire_international,Times Group,False,False,False
@timesofindia,videos,2026-07,2026-08,1185,1740,0.3725,wire_international,Times Group,False,False,False
@timesofindia,videos,2026-08,2026-09,1740,868,0.392,wire_international,Times Group,False,True,False
@triggerpod,videos,2026-04,2026-05,17,18,0.817,interview_podcast,Triggernometry,False,False,False
@triggerpod,videos,2026-05,2026-06,18,19,0.8208,interview_podcast,Triggernometry,False,False,False
@triggerpod,videos,2026-06,2026-07,19,16,0.7831,interview_podcast,Triggernometry,False,False,False
@triggerpod,videos,2026-07,2026-08,16,27,0.7572,interview_podcast,Triggernometry,False,False,False
@turningpointusa,videos,2026-01,2026-02,38,16,0.6654,right_commentary,Turning Point USA,False,False,False
@turningpointusa,videos,2026-04,2026-05,17,18,0.4674,right_commentary,Turning Point USA,False,False,False
@turningpointusa,videos,2026-05,2026-06,18,26,0.6195,right_commentary,Turning Point USA,False,False,False
@turningpointusa,videos,2026-06,2026-07,26,17,0.7748,right_commentary,Turning Point USA,False,False,False
@turningpointusa,videos,2026-07,2026-08,17,21,0.6891,right_commentary,Turning Point USA,False,False,False
@turningpointusa,videos,2026-08,2026-09,21,17,0.5894,right_commentary,Turning Point USA,False,True,False
@underthedesknews,streams,2026-04,2026-05,22,22,0.7347,independent_digital_news,Under the Desk News,False,False,False
@underthedesknews,streams,2026-05,2026-06,22,20,0.7626,independent_digital_news,Under the Desk News,False,False,False
@underthedesknews,streams,2026-06,2026-07,20,21,0.8298,independent_digital_news,Under the Desk News,False,False,False
@usefulidiots,videos,2026-01,2026-02,17,20,0.8441,interview_podcast,Useful Idiots,False,False,False
@usefulidiots,videos,2026-02,2026-03,20,22,0.7083,interview_podcast,Useful Idiots,False,False,False
@usefulidiots,videos,2026-03,2026-04,22,24,0.6924,interview_podcast,Useful Idiots,False,False,False
@usefulidiots,videos,2026-04,2026-05,24,17,0.601,interview_podcast,Useful Idiots,False,False,False
@usefulidiots,videos,2026-05,2026-06,17,18,0.6966,interview_podcast,Useful Idiots,False,False,False
@usefulidiots,videos,2026-06,2026-07,18,24,0.8005,interview_podcast,Useful Idiots,False,False,False
@usefulidiots,videos,2026-07,2026-08,24,30,0.7845,interview_podcast,Useful Idiots,False,False,False
@wsj,videos,2026-07,2026-08,16,17,0.9174,us_press_print_digital,Wall Street Journal,False,False,False
@zeteo,videos,2026-02,2026-03,27,26,0.7159,independent_digital_news,Zeteo,False,False,False
@zeteo,videos,2026-03,2026-04,26,23,0.6566,independent_digital_news,Zeteo,False,False,False
@zeteo,videos,2026-04,2026-05,23,24,0.7584,independent_digital_news,Zeteo,False,False,False
@zeteo,videos,2026-05,2026-06,24,23,0.7896,independent_digital_news,Zeteo,False,False,False
@zeteo,videos,2026-06,2026-07,23,20,0.7529,independent_digital_news,Zeteo,False,False,False
@zeteo,videos,2026-07,2026-08,20,40,0.7939,independent_digital_news,Zeteo,False,False,False
https://rumble.com/c/BannonsWarRoom,videos,2026-01,2026-02,612,565,0.4477,right_commentary,War Room,False,False,False
https://rumble.com/c/BannonsWarRoom,videos,2026-02,2026-03,565,579,0.5055,right_commentary,War Room,False,False,False
https://rumble.com/c/BannonsWarRoom,videos,2026-03,2026-04,579,542,0.4672,right_commentary,War Room,False,False,False
https://rumble.com/c/BannonsWarRoom,videos,2026-04,2026-05,542,491,0.4675,right_commentary,War Room,False,False,False
https://rumble.com/c/BannonsWarRoom,videos,2026-05,2026-06,491,517,0.4709,right_commentary,War Room,False,False,False
https://rumble.com/c/BannonsWarRoom,videos,2026-06,2026-07,517,508,0.4246,right_commentary,War Room,False,False,False
https://rumble.com/c/BannonsWarRoom,videos,2026-07,2026-08,508,493,0.4664,right_commentary,War Room,False,False,False
https://rumble.com/c/BannonsWarRoom,videos,2026-08,2026-09,493,199,0.4729,right_commentary,War Room,False,True,False
https://rumble.com/c/TheAlexJonesShowLive,videos,2026-05,2026-06,80,128,0.6168,right_commentary,InfoWars,False,False,False
https://rumble.com/c/TheAlexJonesShowLive,videos,2026-06,2026-07,128,135,0.6282,right_commentary,InfoWars,False,False,False
https://rumble.com/c/TheAlexJonesShowLive,videos,2026-07,2026-08,135,137,0.5609,right_commentary,InfoWars,False,False,False
https://rumble.com/c/TheAlexJonesShowLive,videos,2026-08,2026-09,137,33,0.6214,right_commentary,InfoWars,False,True,False
https://rumble.com/c/nickjfuentes,videos,2026-01,2026-02,36,37,0.8028,right_commentary,Nick Fuentes,False,False,False
https://rumble.com/c/nickjfuentes,videos,2026-02,2026-03,37,44,0.7289,right_commentary,Nick Fuentes,False,False,False
https://rumble.com/c/nickjfuentes,videos,2026-03,2026-04,44,21,0.5993,right_commentary,Nick Fuentes,False,False,False
https://rumble.com/c/nickjfuentes,videos,2026-04,2026-05,21,38,0.7491,right_commentary,Nick Fuentes,False,False,False
https://rumble.com/c/nickjfuentes,videos,2026-05,2026-06,38,39,0.7064,right_commentary,Nick Fuentes,False,False,False
https://rumble.com/c/nickjfuentes,videos,2026-06,2026-07,39,45,0.8255,right_commentary,Nick Fuentes,False,False,False
https://rumble.com/c/nickjfuentes,videos,2026-07,2026-08,45,33,0.8014,right_commentary,Nick Fuentes,False,False,False
https://rumble.com/c/russellbrand,videos,2026-01,2026-02,29,29,0.6745,centrist_heterodox,Russell Brand,False,False,False
https://rumble.com/c/russellbrand,videos,2026-02,2026-03,29,43,0.6863,centrist_heterodox,Russell Brand,False,False,False
https://rumble.com/c/russellbrand,videos,2026-03,2026-04,43,39,0.6371,centrist_heterodox,Russell Brand,False,False,False
https://rumble.com/c/russellbrand,videos,2026-04,2026-05,39,43,0.6636,centrist_heterodox,Russell Brand,False,False,False
https://rumble.com/c/russellbrand,videos,2026-05,2026-06,43,37,0.6672,centrist_heterodox,Russell Brand,False,False,False
https://rumble.com/c/russellbrand,videos,2026-06,2026-07,37,27,0.6796,centrist_heterodox,Russell Brand,False,False,False
