month,topic_id,balanced_share,raw_n,n_groups,raw_share,label,political
2026-01,0,0.11858616432684808,3368.0,306,0.10085342117083396,ICE protests in Minneapolis,True
2026-01,1,0.02363444678803855,363.0,306,0.010869890702200928,Shocking Events and Reactions,True
2026-01,2,0.023631393810105802,448.0,306,0.0134151819134601,Israel and Palestine Conflict,True
2026-01,3,0.012525136719539556,669.0,306,0.020032939062733943,Trump and Iran War Negotiations,True
2026-01,4,0.00904953987615538,824.0,306,0.024674352447971254,Ukraine-Russia War and Political Figures,True
2026-01,5,0.008082959378618595,411.0,306,0.012307231621500225,Trump and China Relations,True
2026-01,6,0.0587272138265111,2410.0,306,0.07216649198981884,Trump vs Maduro in Venezuela,True
2026-01,7,0.020484533890209336,818.0,306,0.02449468483305884,Iran political unrest,True
2026-01,8,0.008478137235926744,244.0,306,0.0073064830064380895,AI and Political Implications,True
2026-01,9,0.005143292394005285,1009.0,306,0.030214103907770625,Indian Politics and Delhi Riots,True
2026-01,10,0.004296481074053456,151.0,306,0.004521634975295703,JD Vance and Trump Political Drama,True
2026-01,11,0.007653034467999821,250.0,306,0.007486150621350502,Zohran Mamdani and NYC Politics,True
2026-01,12,0.0010585882332860663,68.0,306,0.0020362329690073364,Pete Hegseth Senate Hearing on Iran War,True
2026-01,13,0.00034958892771394144,33.0,306,0.0009881718820182663,Hormuz Strait Blockade Conflict,True
2026-01,14,0.0062068365622137385,40.0,306,0.0011977840994160803,Hasan Piker Controversy,True
2026-01,15,0.01203440056892894,168.0,306,0.005030693217547537,Christian Nationalism and Politics,True
2026-01,16,0.003090644808061153,105.0,306,0.0031441832609672106,Charlie Kirk Murder Trial,True
2026-01,17,0.0063047913413100225,152.0,306,0.004551579577781105,Islam and Political Extremism,True
2026-01,18,0.0034003359832150723,110.0,306,0.0032939062733942205,Epstein Files Revelations,True
2026-01,19,0.0018544091587279889,100.0,306,0.0029944602485402006,Lindsay Clancy Murder Trial,True
2026-01,20,0.009299409876590095,110.0,306,0.0032939062733942205,Feminism and Gender Roles Debate,True
2026-01,21,0.003111721156126666,106.0,306,0.0031741278634526125,California Election Fraud Scandal,True
2026-01,22,0.001957838003371516,73.0,306,0.0021859559814343464,FIFA World Cup and Trump controversy,True
2026-01,23,0.006459197800247556,253.0,306,0.007575984428806707,White House Correspondents Dinner Shooting,True
2026-01,24,0.005780473891823436,206.0,306,0.0061685881119928135,UK Political Chaos and Reform UK,True
2026-01,25,0.022186279305498453,256.0,306,0.007665818236262913,American History and Political Threats,True
2026-01,26,0.006875068756835218,202.0,306,0.006048809702051205,Trump and Epstein Files Scandal,True
2026-01,27,0.0019143721984119938,41.0,306,0.0012277287019014822,Tucker Carlson Political Commentary,True
2026-01,28,0.03116125429266463,1651.0,306,0.04943853870339871,Trump and Greenland politics,True
2026-01,29,0.0012731562400874153,160.0,306,0.004791136397664321,Israel-Lebanon Conflict and Ceasefire,True
2026-01,30,0.001986332200001863,128.0,306,0.0038329091181314567,UK PM Keir Starmer Resignation Calls,True
2026-01,31,0.0010853307815815148,112.0,306,0.003353795478365025,Artemis II Moon Mission Updates,False
2026-01,32,0.0064454673946031235,226.0,306,0.006767480161700853,Democratic Party and Midterm Elections,True
2026-01,33,0.007542522000516111,103.0,306,0.0030842940559964067,Candace Owens Controversies,True
2026-01,34,0.011221048901165497,95.0,306,0.0028447372361131906,Black America and Racism Discussions,True
2026-01,35,0.0033780176482433484,106.0,306,0.0031741278634526125,Pam Bondi and Trump Firing,True
2026-01,36,0.0038877170409462917,170.0,306,0.005090582422518341,Elon Musk and Political Controversies,True
2026-01,37,0.0019384234256058825,119.0,306,0.0035634076957628386,US-Cuba Relations and Political Tensions,True
2026-01,38,0.009702560588825525,310.0,306,0.009282826770474623,Trump Midterm Election Scheme,True
2026-01,39,0.005110829204913409,272.0,306,0.008144931876029346,DHS Shutdown and Government Funding,True
2026-01,40,0.0004972321499842904,24.0,306,0.0007186704596496481,Lindsey Graham's Death and Legacy,True
2026-01,41,0.009474786065372052,294.0,306,0.00880371313070819,Trump's Mental Decline,True
2026-01,42,0.004216580065195308,161.0,306,0.004821081000149723,Karmelo Anthony Trial Verdict,True
2026-01,43,0.000606010910194545,47.0,306,0.0014073963168138943,Texas Senate race and political figures,True
2026-01,44,0.008021201379967311,173.0,306,0.005180416229974547,Hollywood and Awards Controversy,True
2026-01,45,0.0047204654066775814,75.0,306,0.0022458451864051506,Right-Wing Political Figures Debate,True
2026-01,46,0.0007670583422530418,113.0,306,0.0033837400808504267,Iran-US military conflict in Gulf,True
2026-01,47,0.010026487514270986,388.0,306,0.011618505764335978,Immigration and Deportation Policies,True
2026-01,48,0.005250240289220154,190.0,306,0.005689474472226381,Health Industry and Big Pharma,False
2026-01,49,0.0033444477054579394,158.0,306,0.004731247192693517,Fox News and Trump on Air,True
2026-01,50,0.012266870711163412,192.0,306,0.005749363677197185,Left-Wing Political Violence,True
2026-01,51,0.0019362644078819735,56.0,306,0.0016768977391825124,UFO Government Disclosure,True
2026-01,52,0.007337940017446984,232.0,306,0.006947147776613266,Trump's War and Panic,True
2026-01,53,0.00611768300558567,242.0,306,0.007246593801467286,Kristi Noem Firing by Trump,True
2026-01,54,0.003690963815940207,117.0,306,0.003503518490792035,2026 primary election coverage,True
2026-01,55,0.0006241177812846536,31.0,306,0.0009282826770474621,Todd Blanche Attorney General Confirmation,True
2026-01,56,0.0046824862854906646,104.0,306,0.0031142386584818087,Alberta independence movement,True
2026-01,57,0.0035719478847077123,152.0,306,0.004551579577781105,Canada-US Trade War,True
2026-01,58,0.0003648913928330328,14.0,306,0.0004192244347956281,Fauci Senate Testimony Controversy,True
2026-01,59,0.005658079049598841,251.0,306,0.007516095223835903,Trump Economy and Economic Concerns,True
2026-01,60,0.008371910147091122,231.0,306,0.006917203174127863,Trump delivering remarks,True
2026-01,61,0.0072289446026963765,134.0,306,0.004012576733043869,MAGA Movement Crisis,True
2026-01,62,0.0005029205366362164,8.0,306,0.00023955681988321604,Abdul El-Sayed vs AIPAC in Michigan Senate Primary,True
2026-01,63,0.0005034825221967268,55.0,306,0.0016469531366971103,Nancy Guthrie Disappearance Case,False
2026-01,64,0.00010660208545249235,9.0,306,0.00026950142236861806,Graham Platner Senate Race Scandal,True
2026-01,65,0.00186990203862377,83.0,306,0.0024854020062883664,Trump State of the Union Address,True
2026-01,66,0.0041690737409134345,103.0,306,0.0030842940559964067,Gavin Newsom Political Controversies,True
2026-01,67,0.0025454719337540616,58.0,306,0.0017367869441533164,Black Voting Rights and Political Power,True
2026-01,68,0.0039030375497755244,28.0,306,0.0008384488695912562,Destiny and Ethan Klein legal disputes,False
2026-01,69,0.003416922406629692,146.0,306,0.004371911962868693,America 250th Anniversary Celebrations,True
2026-01,70,0.0033706250573301002,135.0,306,0.0040425213355292705,Marco Rubio Testifies on Iran War,True
2026-01,71,0.013132204123825025,281.0,306,0.008414433298397963,Don Lemon Arrested,True
2026-01,72,0.00021898021506582365,10.0,306,0.0002994460248540201,Nolan Wells Investigation,False
2026-01,73,0.007171820186962935,188.0,306,0.005629585267255577,War and Military Analysis,True
2026-01,74,0.014528111371104834,140.0,306,0.0041922443479562805,Iran and Political Updates,True
2026-01,75,0.0010356340903468744,23.0,306,0.0006887258571642461,Supreme Court and Birthright Citizenship,True
2026-01,76,0.0008246656516878497,17.0,306,0.0005090582422518341,9/11 Remembrance 25 Years Later,True
2026-01,77,0.0025916697765072765,162.0,306,0.004851025602635125,Healthcare and Medicare Fraud,True
2026-01,78,0.004643829295559412,147.0,306,0.004401856565354095,Media Culture War Involving CNN and CBS,True
2026-01,79,0.010736512213988544,294.0,306,0.00880371313070819,Somali Fraud in Minnesota,True
2026-01,80,0.0010022597716725214,64.0,306,0.0019164545590657283,Trump and Gas Prices,True
2026-01,81,0.002497686818816404,102.0,306,0.003054349453511005,Trump's Health Concerns,True
2026-01,82,0.0018847498113363438,45.0,306,0.0013475071118430903,Joe Rogan and Trump Political Discussions,True
2026-01,83,0.001754366725581146,34.0,306,0.0010181164845036682,Virginia redistricting and gerrymandering,True
2026-01,84,0.0038270667807103133,158.0,306,0.004731247192693517,Trump Court Legal Battles,True
2026-01,85,0.00263973079596259,37.0,306,0.0011079502919598742,Bill Maher Political Commentary,True
2026-01,86,0.0018986121219923473,157.0,306,0.004701302590208115,Supreme Court and Trump Tariffs,True
2026-01,87,0.005505647701585856,121.0,306,0.003623296900733643,Supreme Court rulings and controversies,True
2026-01,88,0.0028123621790832175,44.0,306,0.0013175625093576882,Sneako and Nick Fuentes Political Debates,True
2026-01,89,0.0003731264047543116,9.0,306,0.00026950142236861806,WNBA and Sophie Cunningham controversy,True
2026-01,90,0.006052241189629052,276.0,306,0.008264710285970953,Trump and DOJ Legal Issues,True
2026-01,91,0.002182866376338965,31.0,306,0.0009282826770474621,African refugees and FBAs in South Africa,True
2026-01,92,0.007179855126371436,180.0,306,0.005390028447372361,Ilhan Omar Legal Issues,True
2026-01,93,0.005129028953204811,219.0,306,0.00655786794430304,Trump press conference outbursts,True
2026-01,94,0.0014086356713542835,21.0,306,0.0006288366521934422,AI Data Centers Debate,True
2026-01,95,0.003083036336988074,266.0,306,0.007965264261116933,Europe Wildfires and Evacuations,False
2026-01,96,0.0007268265236465965,40.0,306,0.0011977840994160803,Kash Patel and FBI Scandals,True
2026-01,97,0.0006891818582378616,21.0,306,0.0006288366521934422,Hunter Biden and Joe Biden Political Drama,True
2026-01,98,0.003910468793065684,114.0,306,0.0034136846833358286,Transgender Athletes in Women's Sports,True
2026-01,99,0.00017753864646894455,7.0,306,0.00020961221739781405,Spencer Pratt LA Mayoral Race,True
2026-01,100,0.004961874323273452,115.0,306,0.0034436292858212305,Melania Trump and Michael Wolff Legal Drama,True
2026-01,101,0.001750941998599475,23.0,306,0.0006887258571642461,UFC at White House Event,True
2026-01,102,0.003215188700252532,109.0,306,0.0032639616709088186,Megyn Kelly and Political Rants,True
2026-01,103,0.000628891304765352,36.0,306,0.0010780056894744722,Iran War and Oil Market Impact,True
2026-01,104,0.002115952671036871,42.0,306,0.0012576733043868844,Transgender Rights and Political Debate,True
2026-01,105,0.0007242290018014124,38.0,306,0.0011378948944452763,Trump White House Ballroom Project,True
2026-01,106,0.0026775149343090383,71.0,306,0.0021260667764635426,Iran-Israel missile conflict,True
2026-01,107,0.00119010408079338,46.0,306,0.0013774517143284922,Trump and Pope Leo Feud,True
2026-01,108,0.0028012804125082747,119.0,306,0.0035634076957628386,Covid Vaccine Controversy,True
2026-01,109,0.0008967525874099097,35.0,306,0.0010480610869890701,King Charles III and Trump State Visit,True
2026-01,110,0.003759557156382078,133.0,306,0.003982632130558467,Trump Slush Fund Scandal,True
2026-01,111,0.001251451873954198,49.0,306,0.0014672855217846984,Super Bowl Halftime Show Controversy,True
2026-01,112,0.002842607110668716,90.0,306,0.0026950142236861806,Education and Schools Controversy,True
2026-01,113,0.00012142282591267015,6.0,306,0.00017966761491241203,Trump Reflecting Pool Vandalism Scandal,True
2026-01,114,0.0034790253944312526,191.0,306,0.0057194190747117835,ABC News and Political Media Figures,True
2026-01,115,0.0016844058454145426,40.0,306,0.0011977840994160803,Jimmy Kimmel and Trump media conflict,True
2026-01,116,2.757094123052271e-05,2.0,306,5.988920497080401e-05,Mitch McConnell Health Mystery,True
2026-01,117,0.0006262798686099242,18.0,306,0.0005390028447372361,AOC and Political Ambitions,True
2026-01,118,0.0010803876218384537,84.0,306,0.0025153466087737687,US Politics and Winter Olympics,True
2026-01,119,0.0004545209362250098,26.0,306,0.0007785596646204522,UK Prime Minister Andy Burnham,True
2026-01,120,0.00242451166779418,21.0,306,0.0006288366521934422,Socialism in the Democratic Party,True
2026-01,121,0.00821625103841525,168.0,306,0.005030693217547537,Tech Business Founders and Industry,False
2026-01,122,0.003280466948966353,182.0,306,0.005449917652343165,Fed Chair Kevin Warsh and Interest Rates,True
2026-01,123,0.007026375417531332,134.0,306,0.004012576733043869,Political Podcasts and Commentary,True
2026-01,124,0.0010130427564204263,55.0,306,0.0016469531366971103,SAVE Act Senate Battle,True
2026-01,125,0.0014772458620175223,53.0,306,0.0015870639317263062,Hakeem Jeffries and Political Press Conferences,True
2026-01,126,0.0027599730770005095,149.0,306,0.004461745770324899,Inflation and Precious Metals,True
2026-01,127,0.0039023549292542944,48.0,306,0.0014373409192992963,HasanAbi 2026 Events,True
2026-01,128,0.0012988353518287457,151.0,306,0.004521634975295703,Plane Crash Investigations,False
2026-01,129,0.0002572314400064712,10.0,306,0.0002994460248540201,Thomas Massie and Trump political conflict,True
2026-01,130,0.0026517489196301136,47.0,306,0.0014073963168138943,Piers Morgan and Political Debates,True
2026-01,131,0.006560078751659119,228.0,306,0.006827369366671657,Trump Secrets and Leaks,True
2026-01,132,0.0032007029936573913,46.0,306,0.0013774517143284922,Joe Budden and Marc Lamont Hill Podcast Controversy,True
2026-01,133,0.002519157837573397,70.0,306,0.0020961221739781402,Brian Shapiro vs MAGA Callers Debate,True
2026-01,134,0.0005160984068970438,16.0,306,0.0004791136397664321,Political News Coverage,True
2026-01,135,0.0014217016293701728,30.0,306,0.0008983380745620602,Myron and Dating Standards,False
2026-01,136,0.0037287099684518853,60.0,306,0.0017966761491241205,Erika Kirk Political Parody,True
2026-01,137,0.0005352871400617392,112.0,306,0.003353795478365025,Nepal Floods and Rescue Efforts,False
2026-01,138,0.0012792055872048907,374.0,306,0.01119928132954035,BRICS and India Diplomacy,True
2026-01,139,0.004424770747468948,176.0,306,0.005270250037430753,Anti-Fraud Efforts by VP Vance,True
2026-01,140,0.007857737657216632,347.0,306,0.010390777062434495,police bodycam and law enforcement,True
2026-01,141,0.0005168593050010651,89.0,306,0.0026650696212007787,Venezuela Earthquake Disaster,False
2026-01,142,0.001086904363449418,73.0,306,0.0021859559814343464,Melania Trump Events and Activities,True
2026-01,143,0.0020493172413492316,101.0,306,0.0030244048510256025,Epstein investigation and Clinton testimony,True
2026-01,144,0.002344422912925573,105.0,306,0.0031441832609672106,Mexico Cartel Violence,True
2026-01,145,0.0022111540932952434,41.0,306,0.0012277287019014822,Gen Z and Generational Issues,True
2026-01,146,0.004772757181452145,64.0,306,0.0019164545590657283,MAGA Arguments and Debates,True
2026-01,147,0.003414949940013598,36.0,306,0.0010780056894744722,Woke Culture Evolution,True
2026-01,148,0.001553332245509202,62.0,306,0.0018565653540949243,Karoline Leavitt and Trump Resignation Scandal,True
2026-01,149,0.002376717506229474,39.0,306,0.0011678394969306782,Andrew Tate Arrest and Legal Issues,True
2026-01,150,0.0013401934444637422,45.0,306,0.0013475071118430903,Climate Change and Heatwaves in Europe,False
2026-01,151,0.0022681503101647277,112.0,306,0.003353795478365025,Political Media and War Room Discussions,True
2026-01,152,0.0003304943713702052,9.0,306,0.00026950142236861806,Trump aide Natalie Harp and Jon Ossoff,True
2026-01,153,0.002513146605006743,196.0,306,0.0058691420871387935,Trump and NATO Relations,True
2026-01,154,0.007725137043469562,131.0,306,0.003922742925587663,Media and Journalism Critique,True
2026-01,155,0.0016319887863946842,29.0,306,0.0008683934720766582,Glenn Beck Political Commentary,True
2026-01,156,0.002758075587930777,98.0,306,0.0029345710435693968,Trump and Crypto Scandals,True
2026-01,157,0.0009029269219577638,42.0,306,0.0012576733043868844,Spain-Morocco Border Migrant Crisis,True
2026-01,158,0.000592363292065377,27.0,306,0.0008085042671058542,Tulsi Gabbard and DNI Resignation,True
2026-01,159,0.0056975780730017375,59.0,306,0.0017667315466387183,Political Figures and Callouts,True
2026-01,160,0.004330486038342915,85.0,306,0.0025452912112591706,TikTok Censorship and Political Debates,True
2026-01,161,0.00349803194225787,62.0,306,0.0018565653540949243,Political Comedy and Media,True
2026-01,162,0.001700540950144134,70.0,306,0.0020961221739781402,Trump's Beef and Food Policy Impact,True
2026-01,163,0.001327948417975836,29.0,306,0.0008683934720766582,RFK Jr. Testifies on HHS Priorities,True
2026-01,164,0.0011298745243134474,70.0,306,0.0020961221739781402,Trump Medal of Honor Ceremonies,True
2026-01,165,6.442124246265232e-05,4.0,306,0.00011977840994160802,Joe Kent Resignation and Leaks,True
2026-01,166,0.0014229079006731664,47.0,306,0.0014073963168138943,Treasury Secretary Scott Bessent Testifies,True
2026-01,167,0.00028769163993009873,27.0,306,0.0008085042671058542,Dolly Parton's Death and Legacy,False
2026-01,168,0.0108233906260311,230.0,306,0.006887258571642461,Trump's Unthinkable Actions,True
2026-01,169,0.0011932709174882403,18.0,306,0.0005390028447372361,No Kings Protests Movement,True
2026-01,170,0.0014660484098258804,75.0,306,0.0022458451864051506,Meta Social Media Trial and Addiction Lawsuits,True
2026-01,171,0.0014988819790537162,57.0,306,0.0017068423416679143,Stephen Miller Meltdowns and Controversies,True
2026-01,172,0.0021182670745531194,27.0,306,0.0008085042671058542,Behind the scenes streaming,False
2026-01,173,0.00816440733517123,95.0,306,0.0028447372361131906,JLP Weekly Series,False
2026-01,174,0.000897105178476113,127.0,306,0.0038029645156460548,NATO Summit and Political Leaders,True
2026-01,175,0.0041432242657348396,460.0,306,0.013774517143284922,Winter Storm Impacts Across the US,False
2026-01,176,0.00012140608596402862,11.0,306,0.00032939062733942204,Eric Swalwell Allegations and Resignation,True
2026-01,177,0.0004179523946795206,3.0,306,8.983380745620602e-05,DSA and Democratic Party Conflict,True
2026-01,178,0.000169662089283851,14.0,306,0.0004192244347956281,Prince Andrew Epstein Arrest Revelations,True
2026-01,179,0.0009093373928777248,31.0,306,0.0009282826770474621,Coal Industry Announcements,True
2026-01,180,0.0010664475111714653,48.0,306,0.0014373409192992963,Media headlines and trends,False
2026-01,181,0.0014187297117420243,62.0,306,0.0018565653540949243,Trump and housing crisis,True
2026-01,182,0.0029093304319723046,57.0,306,0.0017068423416679143,Tim Pool and Dave Rubin debates,True
2026-01,183,0.0009267822571034454,86.0,306,0.0025752358137445725,Morning News Headlines,True
2026-01,184,0.00020161554052609205,14.0,306,0.0004192244347956281,John Fetterman and Democratic Party Controversy,True
2026-01,185,0.0005510544455526093,12.0,306,0.00035933522982482406,Trump Leverage and Political Strategy,True
2026-01,186,0.00023034303616145346,6.0,306,0.00017966761491241203,DHS Secretary Confirmation Hearing,True
2026-01,187,0.0017495091501004436,116.0,306,0.003473573888306633,Trump and Macron G7 Summit Meetings,True
2026-01,188,0.0025217679767018083,58.0,306,0.0017367869441533164,Abortion and Pro-Life Debate,True
2026-01,189,0.0023164651998296777,26.0,306,0.0007785596646204522,SPLC Indictment and Hate Groups,True
2026-01,190,0.0007712354821486083,23.0,306,0.0006887258571642461,Trump and Iran War Discussion,True
2026-01,191,0.0012882686522834343,60.0,306,0.0017966761491241205,Jesse Jackson Civil Rights Legacy,True
2026-01,192,0.0004792226018281984,64.0,306,0.0019164545590657283,Political Breakfast Shows,True
2026-01,193,0.001208319683006002,29.0,306,0.0008683934720766582,MAGA Mike Johnson political turmoil,True
2026-01,194,0.0009291472493968965,45.0,306,0.0013475071118430903,Belfast riots and anti-immigration unrest,True
2026-01,195,0.000227853098707553,25.0,306,0.0007486150621350501,Trump's name removal from Kennedy Center,True
2026-01,196,0.001799921485352221,51.0,306,0.0015271747267555024,California Billionaire Tax Debate,True
2026-01,197,0.0012612455629261116,22.0,306,0.0006587812546788441,Gaming Industry and Culture,False
2026-01,198,0.0036054745082061,51.0,306,0.0015271747267555024,Ben Shapiro and Political Media,True
2026-01,199,0.005916059381730156,156.0,306,0.004671357987722713,Members Only Bonus Shows,True
2026-01,200,0.0038799951012250837,99.0,306,0.0029645156460547987,Homelessness in US Cities,True
2026-01,201,0.005827028017104063,201.0,306,0.0060188650995658035,Jack Smith Testifies on Trump Investigations,True
2026-01,202,0.007327444784393584,392.0,306,0.011738284174277587,Trump at Davos and World Economic Forum,True
2026-01,203,0.0030645781566194974,30.0,306,0.0008983380745620602,Asmongold controversy and bans,False
2026-01,204,0.0007176039704895896,42.0,306,0.0012576733043868844,Hungary Election and Orbán's Political Fate,True
2026-01,205,0.002810076829460406,149.0,306,0.004461745770324899,Tom Homan Border Czar Press Conferences,True
2026-01,206,0.0025902669649622797,36.0,306,0.0010780056894744722,Political Commentary and Guests,True
2026-01,207,0.004122404656280993,126.0,306,0.003773019913160653,ISIS-inspired NYC terror plots,True
2026-01,208,0.0027076579073765407,56.0,306,0.0016768977391825124,Kamala Harris 2028 Presidential Run,True
2026-01,209,0.0025362832091244004,50.0,306,0.0014972301242701003,Billionaire Influence in Politics,True
2026-01,210,0.0003572893824712002,5.0,306,0.00014972301242701004,Christopher Nolan's Odyssey Reviews,False
2026-01,211,0.0028748863943560523,64.0,306,0.0019164545590657283,White House Press Briefing by Karoline Leavitt,True
2026-01,212,0.005302624785105295,83.0,306,0.0024854020062883664,Political Podcasts and Media,True
2026-01,213,0.002777035261713131,63.0,306,0.0018865099565803264,Books and Cultural Commentary,True
2026-01,214,0.0007579851930357127,63.0,306,0.0018865099565803264,Houthis Yemen Red Sea Conflict,True
2026-01,215,0.001008141140501228,172.0,306,0.005150471627489145,Africa Insurgencies and Conflicts,True
2026-01,216,0.000285328113273237,17.0,306,0.0005090582422518341,Melania Trump and Epstein Scandal,True
2026-01,217,0.000994571243071576,51.0,306,0.0015271747267555024,Damage and Injury Reports,False
2026-01,218,0.004237022064934807,182.0,306,0.005449917652343165,Europe and Trump Political Relations,True
2026-01,219,0.00025813103984252537,42.0,306,0.0012576733043868844,Global Energy Crisis and Policy,True
2026-01,220,0.0008561091832537331,61.0,306,0.0018266207516095224,Trump and American Farmers,True
2026-01,221,0.0017329946001413165,52.0,306,0.0015571193292409043,Trump signing executive orders,True
2026-01,222,0.0003762802758784797,17.0,306,0.0005090582422518341,NBA Championship Celebrations,False
2026-01,223,0.0011143830178020329,29.0,306,0.0008683934720766582,Marjorie Taylor Greene and Trump Conflict,True
2026-02,0,0.033843258787599896,886.0,298,0.02843115232808138,ICE protests in Minneapolis,True
2026-02,1,0.020956128819738268,335.0,298,0.010749927798992394,Shocking Events and Reactions,True
2026-02,2,0.022434372013211603,472.0,298,0.015146166928729584,Israel and Palestine Conflict,True
2026-02,3,0.01949090028371996,945.0,298,0.030324423194172577,Trump and Iran War Negotiations,True
2026-02,4,0.010817121500880529,913.0,298,0.02929756441934345,Ukraine-Russia War and Political Figures,True
2026-02,5,0.009535762270322217,347.0,298,0.011134999839553317,Trump and China Relations,True
2026-02,6,0.002944110295231122,144.0,298,0.00462086448673106,Trump vs Maduro in Venezuela,True
2026-02,7,0.014914972534632136,443.0,298,0.01421557616404069,Iran political unrest,True
2026-02,8,0.010406555813404954,459.0,298,0.014729005551455251,AI and Political Implications,True
2026-02,9,0.006918146822080788,1157.0,298,0.03712736257741552,Indian Politics and Delhi Riots,True
2026-02,10,0.0029761402310453508,117.0,298,0.003754452395468986,JD Vance and Trump Political Drama,True
2026-02,11,0.005889652015622368,158.0,298,0.005070115200718801,Zohran Mamdani and NYC Politics,True
2026-02,12,0.0009452708854117878,38.0,298,0.001219394795109585,Pete Hegseth Senate Hearing on Iran War,True
2026-02,13,0.00237438957416535,92.0,298,0.002952218977633732,Hormuz Strait Blockade Conflict,True
2026-02,14,0.005016916421606755,92.0,298,0.002952218977633732,Hasan Piker Controversy,True
2026-02,15,0.01203991094732681,171.0,298,0.005487276577993133,Christian Nationalism and Politics,True
2026-02,16,0.0027590433065600656,81.0,298,0.0025992362737862207,Charlie Kirk Murder Trial,True
2026-02,17,0.009560176665760225,166.0,298,0.005326829894426083,Islam and Political Extremism,True
2026-02,18,0.05460203946831492,1010.0,298,0.032410230080544236,Epstein Files Revelations,True
2026-02,19,0.0012345851265737914,76.0,298,0.00243878959021917,Lindsay Clancy Murder Trial,True
2026-02,20,0.013293389340352096,128.0,298,0.004107435099316497,Feminism and Gender Roles Debate,True
2026-02,21,0.006030821691643954,202.0,298,0.006482046016108847,California Election Fraud Scandal,True
2026-02,22,0.0006558501042422614,57.0,298,0.0018290921926643776,FIFA World Cup and Trump controversy,True
2026-02,23,0.0033354566411807783,160.0,298,0.005134293874145621,White House Correspondents Dinner Shooting,True
2026-02,24,0.00833980202825779,216.0,298,0.006931296730096589,UK Political Chaos and Reform UK,True
2026-02,25,0.012327059403879523,170.0,298,0.005455187241279723,American History and Political Threats,True
2026-02,26,0.02952030756580031,775.0,298,0.024869235952892855,Trump and Epstein Files Scandal,True
2026-02,27,0.00471383287561883,79.0,298,0.0025350576003594005,Tucker Carlson Political Commentary,True
2026-02,28,0.001313158399992674,91.0,298,0.002920129640920322,Trump and Greenland politics,True
2026-02,29,0.0006184381713024679,95.0,298,0.003048486987773963,Israel-Lebanon Conflict and Ceasefire,True
2026-02,30,0.005697706793421797,253.0,298,0.008118602188492764,UK PM Keir Starmer Resignation Calls,True
2026-02,31,0.0017110499843608507,104.0,298,0.0033372910181946537,Artemis II Moon Mission Updates,False
2026-02,32,0.01124358026446662,270.0,298,0.008664120912620737,Democratic Party and Midterm Elections,True
2026-02,33,0.0072373640094682236,102.0,298,0.0032731123447678335,Candace Owens Controversies,True
2026-02,34,0.014659562568764755,208.0,298,0.0066745820363893075,Black America and Racism Discussions,True
2026-02,35,0.01296474119955982,380.0,298,0.012193947951095852,Pam Bondi and Trump Firing,True
2026-02,36,0.0028919424068382265,100.0,298,0.0032089336713410133,Elon Musk and Political Controversies,True
2026-02,37,0.005884923960034424,212.0,298,0.006802939383242949,US-Cuba Relations and Political Tensions,True
2026-02,38,0.011295763358439917,331.0,298,0.010621570452138754,Trump Midterm Election Scheme,True
2026-02,39,0.007949494536535142,371.0,298,0.01190514392067516,DHS Shutdown and Government Funding,True
2026-02,40,0.0005224595284103598,24.0,298,0.0007701440811218432,Lindsey Graham's Death and Legacy,True
2026-02,41,0.009523758578007658,247.0,298,0.007926066168212302,Trump's Mental Decline,True
2026-02,42,0.0024955206045381225,99.0,298,0.0031768443346276033,Karmelo Anthony Trial Verdict,True
2026-02,43,0.004431786271574679,169.0,298,0.0054230979045663125,Texas Senate race and political figures,True
2026-02,44,0.009776471380389336,194.0,298,0.006225331322401566,Hollywood and Awards Controversy,True
2026-02,45,0.003229621859752721,54.0,298,0.0017328241825241473,Right-Wing Political Figures Debate,True
2026-02,46,0.00428374234911882,289.0,298,0.009273818310175529,Iran-US military conflict in Gulf,True
2026-02,47,0.011684227000213996,357.0,298,0.011455893206687417,Immigration and Deportation Policies,True
2026-02,48,0.006852220245180472,152.0,298,0.00487757918043834,Health Industry and Big Pharma,False
2026-02,49,0.002544155642437739,103.0,298,0.0033052016814812436,Fox News and Trump on Air,True
2026-02,50,0.010523841378105244,139.0,298,0.004460417803164009,Left-Wing Political Violence,True
2026-02,51,0.005671587471818798,156.0,298,0.005005936527291981,UFO Government Disclosure,True
2026-02,52,0.0027733928938172454,101.0,298,0.0032410230080544234,Trump's War and Panic,True
2026-02,53,0.0027053204831999447,104.0,298,0.0033372910181946537,Kristi Noem Firing by Trump,True
2026-02,54,0.003936636254496931,98.0,298,0.003144754997914193,2026 primary election coverage,True
2026-02,55,0.000430569051930263,13.0,298,0.0004171613772743317,Todd Blanche Attorney General Confirmation,True
2026-02,56,0.006845285962306118,162.0,298,0.005198472547572441,Alberta independence movement,True
2026-02,57,0.001992216596936019,84.0,298,0.0026955042839264514,Canada-US Trade War,True
2026-02,58,0.0002933360132698252,6.0,298,0.0001925360202804608,Fauci Senate Testimony Controversy,True
2026-02,59,0.006244778956875961,230.0,298,0.00738054744408433,Trump Economy and Economic Concerns,True
2026-02,60,0.006775559366096004,196.0,298,0.006289509995828386,Trump delivering remarks,True
2026-02,61,0.005704514702400632,106.0,298,0.0034014696916214743,MAGA Movement Crisis,True
2026-02,62,0.0026808190687685933,17.0,298,0.0005455187241279723,Abdul El-Sayed vs AIPAC in Michigan Senate Primary,True
2026-02,63,0.014637796655098834,1355.0,298,0.04348105124667073,Nancy Guthrie Disappearance Case,False
2026-02,64,0.0006480643614528664,14.0,298,0.00044925071398774186,Graham Platner Senate Race Scandal,True
2026-02,65,0.02259637333017218,517.0,298,0.016590187080833037,Trump State of the Union Address,True
2026-02,66,0.005538974060177448,93.0,298,0.0029843083143471423,Gavin Newsom Political Controversies,True
2026-02,67,0.006060027624042935,122.0,298,0.003914899079036037,Black Voting Rights and Political Power,True
2026-02,68,0.00359153891595828,34.0,298,0.0010910374482559445,Destiny and Ethan Klein legal disputes,False
2026-02,69,0.0019490655317574031,118.0,298,0.003786541732182396,America 250th Anniversary Celebrations,True
2026-02,70,0.0027972109550423434,137.0,298,0.004396239129737189,Marco Rubio Testifies on Iran War,True
2026-02,71,0.005897260201253385,111.0,298,0.003561916375188525,Don Lemon Arrested,True
2026-02,72,7.073348846770459e-05,10.0,298,0.0003208933671341013,Nolan Wells Investigation,False
2026-02,73,0.005132925037980444,136.0,298,0.004364149793023778,War and Military Analysis,True
2026-02,74,0.008772327413327294,100.0,298,0.0032089336713410133,Iran and Political Updates,True
2026-02,75,0.0003952946552384839,16.0,298,0.0005134293874145622,Supreme Court and Birthright Citizenship,True
2026-02,76,0.00046102504579872234,25.0,298,0.0008022334178352533,9/11 Remembrance 25 Years Later,True
2026-02,77,0.0034124636805475035,106.0,298,0.0034014696916214743,Healthcare and Medicare Fraud,True
2026-02,78,0.0037495143950676845,139.0,298,0.004460417803164009,Media Culture War Involving CNN and CBS,True
2026-02,79,0.002239945423073501,79.0,298,0.0025350576003594005,Somali Fraud in Minnesota,True
2026-02,80,0.000244403922681023,31.0,298,0.0009947694381157142,Trump and Gas Prices,True
2026-02,81,0.0007341206494123058,38.0,298,0.001219394795109585,Trump's Health Concerns,True
2026-02,82,0.001713762099900623,31.0,298,0.0009947694381157142,Joe Rogan and Trump Political Discussions,True
2026-02,83,0.0017594822827429264,43.0,298,0.0013798414786766358,Virginia redistricting and gerrymandering,True
2026-02,84,0.005769792489871663,197.0,298,0.006321599332541796,Trump Court Legal Battles,True
2026-02,85,0.003178451147198507,43.0,298,0.0013798414786766358,Bill Maher Political Commentary,True
2026-02,86,0.013898730527324819,551.0,298,0.017681224529088983,Supreme Court and Trump Tariffs,True
2026-02,87,0.0038926699927342417,102.0,298,0.0032731123447678335,Supreme Court rulings and controversies,True
2026-02,88,0.002427753386264656,37.0,298,0.001187305458396175,Sneako and Nick Fuentes Political Debates,True
2026-02,89,0.0006099266558340456,13.0,298,0.0004171613772743317,WNBA and Sophie Cunningham controversy,True
2026-02,90,0.004624684898652574,188.0,298,0.0060327953021211056,Trump and DOJ Legal Issues,True
2026-02,91,0.0020219467086791966,47.0,298,0.0015081988255302764,African refugees and FBAs in South Africa,True
2026-02,92,0.0023185640836647656,44.0,298,0.0014119308153900459,Ilhan Omar Legal Issues,True
2026-02,93,0.0069752474897026105,195.0,298,0.006257420659114976,Trump press conference outbursts,True
2026-02,94,0.0011348761162837953,24.0,298,0.0007701440811218432,AI Data Centers Debate,True
2026-02,95,0.000978961996994122,57.0,298,0.0018290921926643776,Europe Wildfires and Evacuations,False
2026-02,96,0.003666771194822027,93.0,298,0.0029843083143471423,Kash Patel and FBI Scandals,True
2026-02,97,0.0009370988959990978,43.0,298,0.0013798414786766358,Hunter Biden and Joe Biden Political Drama,True
2026-02,98,0.003028677491171983,59.0,298,0.001893270866091198,Transgender Athletes in Women's Sports,True
2026-02,99,2.603807653953801e-05,3.0,298,9.62680101402304e-05,Spencer Pratt LA Mayoral Race,True
2026-02,100,0.004657158740353661,93.0,298,0.0029843083143471423,Melania Trump and Michael Wolff Legal Drama,True
2026-02,101,0.0010060634831841563,23.0,298,0.000738054744408433,UFC at White House Event,True
2026-02,102,0.006114366640075636,100.0,298,0.0032089336713410133,Megyn Kelly and Political Rants,True
2026-02,103,0.0009660905237608301,56.0,298,0.0017970028559509675,Iran War and Oil Market Impact,True
2026-02,104,0.010109178094158424,131.0,298,0.004203703109456727,Transgender Rights and Political Debate,True
2026-02,105,0.0003224417080100741,24.0,298,0.0007701440811218432,Trump White House Ballroom Project,True
2026-02,106,0.006945566336924843,288.0,298,0.00924172897346212,Iran-Israel missile conflict,True
2026-02,107,0.000793084797254029,37.0,298,0.001187305458396175,Trump and Pope Leo Feud,True
2026-02,108,0.0017155148818289556,90.0,298,0.002888040304206912,Covid Vaccine Controversy,True
2026-02,109,0.00035244672699853165,27.0,298,0.0008664120912620736,King Charles III and Trump State Visit,True
2026-02,110,0.004137588677102698,117.0,298,0.003754452395468986,Trump Slush Fund Scandal,True
2026-02,111,0.013518172227773984,350.0,298,0.011231267849693546,Super Bowl Halftime Show Controversy,True
2026-02,112,0.0049255280510230506,96.0,298,0.003080576324487373,Education and Schools Controversy,True
2026-02,113,0.00029575972911303236,12.0,298,0.0003850720405609216,Trump Reflecting Pool Vandalism Scandal,True
2026-02,114,0.00399917678101883,166.0,298,0.005326829894426083,ABC News and Political Media Figures,True
2026-02,115,0.005638425845649977,127.0,298,0.004075345762603087,Jimmy Kimmel and Trump media conflict,True
2026-02,116,0.00014369256631389607,11.0,298,0.00035298270384751147,Mitch McConnell Health Mystery,True
2026-02,117,0.0038998882203027346,80.0,298,0.0025671469370728106,AOC and Political Ambitions,True
2026-02,118,0.011788768789763406,503.0,298,0.0161409363668453,US Politics and Winter Olympics,True
2026-02,119,3.5934763159630886e-05,4.0,298,0.00012835734685364054,UK Prime Minister Andy Burnham,True
2026-02,120,0.0018830640455816535,25.0,298,0.0008022334178352533,Socialism in the Democratic Party,True
2026-02,121,0.0057110914936528544,166.0,298,0.005326829894426083,Tech Business Founders and Industry,False
2026-02,122,0.0006211664680620826,46.0,298,0.001476109488816866,Fed Chair Kevin Warsh and Interest Rates,True
2026-02,123,0.0035263061422343574,115.0,298,0.003690273722042165,Political Podcasts and Commentary,True
2026-02,124,0.00402606331985892,130.0,298,0.0041716137727433175,SAVE Act Senate Battle,True
2026-02,125,0.0026418086050404243,54.0,298,0.0017328241825241473,Hakeem Jeffries and Political Press Conferences,True
2026-02,126,0.0025417756634394974,130.0,298,0.0041716137727433175,Inflation and Precious Metals,True
2026-02,127,0.00036218355970597327,14.0,298,0.00044925071398774186,HasanAbi 2026 Events,True
2026-02,128,0.001303785673853496,82.0,298,0.0026313256104996308,Plane Crash Investigations,False
2026-02,129,0.0012525191214516076,26.0,298,0.0008343227545486634,Thomas Massie and Trump political conflict,True
2026-02,130,0.003084734551337661,57.0,298,0.0018290921926643776,Piers Morgan and Political Debates,True
2026-02,131,0.007776255200894717,207.0,298,0.006642492699675898,Trump Secrets and Leaks,True
2026-02,132,0.0016168725999146066,30.0,298,0.000962680101402304,Joe Budden and Marc Lamont Hill Podcast Controversy,True
2026-02,133,0.0026105455917519896,68.0,298,0.002182074896511889,Brian Shapiro vs MAGA Callers Debate,True
2026-02,134,0.0009601444960745141,28.0,298,0.0008985014279754837,Political News Coverage,True
2026-02,135,0.0013460327765485195,21.0,298,0.0006738760709816129,Myron and Dating Standards,False
2026-02,136,0.0037063055326952235,58.0,298,0.0018611815293777879,Erika Kirk Political Parody,True
2026-02,137,0.000741024744209581,100.0,298,0.0032089336713410133,Nepal Floods and Rescue Efforts,False
2026-02,138,0.003074448599776184,673.0,298,0.02159612360812502,BRICS and India Diplomacy,True
2026-02,139,0.004946260199314875,94.0,298,0.0030163976510605528,Anti-Fraud Efforts by VP Vance,True
2026-02,140,0.003511105992080935,200.0,298,0.006417867342682027,police bodycam and law enforcement,True
2026-02,141,0.00020181150382234917,37.0,298,0.001187305458396175,Venezuela Earthquake Disaster,False
2026-02,142,0.0023654286937418102,93.0,298,0.0029843083143471423,Melania Trump Events and Activities,True
2026-02,143,0.01005398471039336,452.0,298,0.01450438019446138,Epstein investigation and Clinton testimony,True
2026-02,144,0.008397129533835592,329.0,298,0.010557391778711935,Mexico Cartel Violence,True
2026-02,145,0.0021856064461563576,38.0,298,0.001219394795109585,Gen Z and Generational Issues,True
2026-02,146,0.003907859882902243,60.0,298,0.001925360202804608,MAGA Arguments and Debates,True
2026-02,147,0.0031640233044841746,33.0,298,0.0010589481115425344,Woke Culture Evolution,True
2026-02,148,0.001283467430166939,54.0,298,0.0017328241825241473,Karoline Leavitt and Trump Resignation Scandal,True
2026-02,149,0.00033719228332532175,12.0,298,0.0003850720405609216,Andrew Tate Arrest and Legal Issues,True
2026-02,150,0.0003802424379672564,25.0,298,0.0008022334178352533,Climate Change and Heatwaves in Europe,False
2026-02,151,0.0028920753097839195,95.0,298,0.003048486987773963,Political Media and War Room Discussions,True
2026-02,152,0.0007096747535651649,9.0,298,0.00028880403042069123,Trump aide Natalie Harp and Jon Ossoff,True
2026-02,153,0.0013410262096030144,114.0,298,0.003658184385328755,Trump and NATO Relations,True
2026-02,154,0.007704564018822105,140.0,298,0.004492507139877418,Media and Journalism Critique,True
2026-02,155,0.0018297951261679677,42.0,298,0.0013477521419632257,Glenn Beck Political Commentary,True
2026-02,156,0.0026168850058450885,163.0,298,0.005230561884285852,Trump and Crypto Scandals,True
2026-02,157,0.0011535371298473174,36.0,298,0.001155216121682765,Spain-Morocco Border Migrant Crisis,True
2026-02,158,0.0009915783849799307,56.0,298,0.0017970028559509675,Tulsi Gabbard and DNI Resignation,True
2026-02,159,0.005574312054276849,42.0,298,0.0013477521419632257,Political Figures and Callouts,True
2026-02,160,0.0008682835353704179,25.0,298,0.0008022334178352533,TikTok Censorship and Political Debates,True
2026-02,161,0.004878057387885031,80.0,298,0.0025671469370728106,Political Comedy and Media,True
2026-02,162,0.0032080686063781292,84.0,298,0.0026955042839264514,Trump's Beef and Food Policy Impact,True
2026-02,163,0.0010602917003477185,44.0,298,0.0014119308153900459,RFK Jr. Testifies on HHS Priorities,True
2026-02,164,0.0022291625328139963,97.0,298,0.003112665661200783,Trump Medal of Honor Ceremonies,True
2026-02,165,4.686252837464527e-05,2.0,298,6.417867342682027e-05,Joe Kent Resignation and Leaks,True
2026-02,166,0.0007795455458922619,50.0,298,0.0016044668356705067,Treasury Secretary Scott Bessent Testifies,True
2026-02,167,0.00039385954922555033,23.0,298,0.000738054744408433,Dolly Parton's Death and Legacy,False
2026-02,168,0.008379134444651659,165.0,298,0.005294740557712672,Trump's Unthinkable Actions,True
2026-02,169,0.0012320358604642335,21.0,298,0.0006738760709816129,No Kings Protests Movement,True
2026-02,170,0.0019612811866342237,159.0,298,0.0051022045374322115,Meta Social Media Trial and Addiction Lawsuits,True
2026-02,171,0.0007767134693053097,31.0,298,0.0009947694381157142,Stephen Miller Meltdowns and Controversies,True
2026-02,172,2.9961649089165866e-05,1.0,298,3.2089336713410135e-05,Behind the scenes streaming,False
2026-02,173,0.007967434495276572,73.0,298,0.00234252158007894,JLP Weekly Series,False
2026-02,174,0.0007427501010562609,107.0,298,0.0034335590283348844,NATO Summit and Political Leaders,True
2026-02,175,0.0017152566408984496,214.0,298,0.006867118056669769,Winter Storm Impacts Across the US,False
2026-02,176,0.0007167511080068617,15.0,298,0.000481340050701152,Eric Swalwell Allegations and Resignation,True
2026-02,177,0.000795335703767137,7.0,298,0.00022462535699387093,DSA and Democratic Party Conflict,True
2026-02,178,0.007944190686848242,337.0,298,0.010814106472419215,Prince Andrew Epstein Arrest Revelations,True
2026-02,179,0.003655753173099224,131.0,298,0.004203703109456727,Coal Industry Announcements,True
2026-02,180,0.0008987780558124954,47.0,298,0.0015081988255302764,Media headlines and trends,False
2026-02,181,0.0012040013887290927,46.0,298,0.001476109488816866,Trump and housing crisis,True
2026-02,182,0.0036920906321362573,53.0,298,0.0017007348458107372,Tim Pool and Dave Rubin debates,True
2026-02,183,0.0008118775266048144,81.0,298,0.0025992362737862207,Morning News Headlines,True
2026-02,184,0.0002552838916937459,14.0,298,0.00044925071398774186,John Fetterman and Democratic Party Controversy,True
2026-02,185,0.0008665957485121328,13.0,298,0.0004171613772743317,Trump Leverage and Political Strategy,True
2026-02,186,0.00039998694745937903,14.0,298,0.00044925071398774186,DHS Secretary Confirmation Hearing,True
2026-02,187,0.0014610500479089138,133.0,298,0.004267881782883548,Trump and Macron G7 Summit Meetings,True
2026-02,188,0.003701793078176037,44.0,298,0.0014119308153900459,Abortion and Pro-Life Debate,True
2026-02,189,0.0009647960129121755,23.0,298,0.000738054744408433,SPLC Indictment and Hate Groups,True
2026-02,190,0.0015666902886044994,26.0,298,0.0008343227545486634,Trump and Iran War Discussion,True
2026-02,191,0.005699466879917781,184.0,298,0.005904437955267464,Jesse Jackson Civil Rights Legacy,True
2026-02,192,0.0022569877777990736,81.0,298,0.0025992362737862207,Political Breakfast Shows,True
2026-02,193,0.0012330204576180648,36.0,298,0.001155216121682765,MAGA Mike Johnson political turmoil,True
2026-02,194,0.00042212188867915714,38.0,298,0.001219394795109585,Belfast riots and anti-immigration unrest,True
2026-02,195,0.0008263958207204091,40.0,298,0.0012835734685364053,Trump's name removal from Kennedy Center,True
2026-02,196,0.0012149103234425963,39.0,298,0.0012514841318229952,California Billionaire Tax Debate,True
2026-02,197,0.0022134483711384557,48.0,298,0.0015402881622436865,Gaming Industry and Culture,False
2026-02,198,0.0022055593579681718,43.0,298,0.0013798414786766358,Ben Shapiro and Political Media,True
2026-02,199,0.006145334682898002,125.0,298,0.004011167089176267,Members Only Bonus Shows,True
2026-02,200,0.0032716501761686674,63.0,298,0.0020216282129448386,Homelessness in US Cities,True
2026-02,201,0.0006355836701123005,28.0,298,0.0008985014279754837,Jack Smith Testifies on Trump Investigations,True
2026-02,202,0.0002100531744325648,21.0,298,0.0006738760709816129,Trump at Davos and World Economic Forum,True
2026-02,203,0.00033243535528525175,8.0,298,0.0002567146937072811,Asmongold controversy and bans,False
2026-02,204,0.00032732540163935876,70.0,298,0.002246253569938709,Hungary Election and Orbán's Political Fate,True
2026-02,205,0.0022153232208566086,102.0,298,0.0032731123447678335,Tom Homan Border Czar Press Conferences,True
2026-02,206,0.003412132417849158,43.0,298,0.0013798414786766358,Political Commentary and Guests,True
2026-02,207,0.0025133063566413786,138.0,298,0.004428328466450598,ISIS-inspired NYC terror plots,True
2026-02,208,0.0042021291527549595,88.0,298,0.0028238616307800918,Kamala Harris 2028 Presidential Run,True
2026-02,209,0.0038289858684739564,54.0,298,0.0017328241825241473,Billionaire Influence in Politics,True
2026-02,210,0.0009704640555320709,7.0,298,0.00022462535699387093,Christopher Nolan's Odyssey Reviews,False
2026-02,211,0.001092027051548351,35.0,298,0.0011231267849693546,White House Press Briefing by Karoline Leavitt,True
2026-02,212,0.006006742464763662,70.0,298,0.002246253569938709,Political Podcasts and Media,True
2026-02,213,0.003948154064172794,70.0,298,0.002246253569938709,Books and Cultural Commentary,True
2026-02,214,0.00012933468784418704,26.0,298,0.0008343227545486634,Houthis Yemen Red Sea Conflict,True
2026-02,215,0.0016411047764979146,190.0,298,0.006096973975547926,Africa Insurgencies and Conflicts,True
2026-02,216,0.0020474470622420158,45.0,298,0.001444020152103456,Melania Trump and Epstein Scandal,True
2026-02,217,0.0010216114710373055,48.0,298,0.0015402881622436865,Damage and Injury Reports,False
2026-02,218,0.002312151601309751,134.0,298,0.004299971119596958,Europe and Trump Political Relations,True
2026-02,219,0.002022539857358651,43.0,298,0.0013798414786766358,Global Energy Crisis and Policy,True
2026-02,220,0.0012086652821122921,67.0,298,0.002149985559798479,Trump and American Farmers,True
2026-02,221,0.0008916493776710285,27.0,298,0.0008664120912620736,Trump signing executive orders,True
2026-02,222,0.00039885161440645554,15.0,298,0.000481340050701152,NBA Championship Celebrations,False
2026-02,223,0.0010828549462897773,31.0,298,0.0009947694381157142,Marjorie Taylor Greene and Trump Conflict,True
2026-03,0,0.010162610751552826,323.0,314,0.009117854622441779,ICE protests in Minneapolis,True
2026-03,1,0.028411603364781473,524.0,314,0.01479181369089626,Shocking Events and Reactions,True
2026-03,2,0.031359041854608215,702.0,314,0.01981651376146789,Israel and Palestine Conflict,True
2026-03,3,0.058082195207943894,3006.0,314,0.08485532815808045,Trump and Iran War Negotiations,True
2026-03,4,0.0058599775670888764,457.0,314,0.012900494001411432,Ukraine-Russia War and Political Figures,True
2026-03,5,0.007467732655081692,315.0,314,0.008892025405786874,Trump and China Relations,True
2026-03,6,0.0017726001569372477,116.0,314,0.0032745236414961185,Trump vs Maduro in Venezuela,True
2026-03,7,0.06808374323285285,2434.0,314,0.06870853916725476,Iran political unrest,True
2026-03,8,0.0082791259770991,281.0,314,0.007932251235003528,AI and Political Implications,True
2026-03,9,0.004905363630402787,835.0,314,0.023570924488355682,Indian Politics and Delhi Riots,True
2026-03,10,0.0033885363781988864,118.0,314,0.0033309809456598446,JD Vance and Trump Political Drama,True
2026-03,11,0.004787624727774415,100.0,314,0.0028228652081863093,Zohran Mamdani and NYC Politics,True
2026-03,12,0.009396357884593927,430.0,314,0.01213832039520113,Pete Hegseth Senate Hearing on Iran War,True
2026-03,13,0.0109975138881194,897.0,314,0.025321100917431193,Hormuz Strait Blockade Conflict,True
2026-03,14,0.004702406607824153,134.0,314,0.0037826393789696542,Hasan Piker Controversy,True
2026-03,15,0.01395095799440373,181.0,314,0.005109386026817219,Christian Nationalism and Politics,True
2026-03,16,0.004360103573125277,83.0,314,0.0023429781227946368,Charlie Kirk Murder Trial,True
2026-03,17,0.010003538325133959,202.0,314,0.005702187720536344,Islam and Political Extremism,True
2026-03,18,0.008582704157349295,148.0,314,0.004177840508115737,Epstein Files Revelations,True
2026-03,19,0.004231466431027685,69.0,314,0.0019477769936485532,Lindsay Clancy Murder Trial,True
2026-03,20,0.010624356480555127,170.0,314,0.004798870853916726,Feminism and Gender Roles Debate,True
2026-03,21,0.00655469313754153,186.0,314,0.0052505292872265345,California Election Fraud Scandal,True
2026-03,22,0.001048537943695195,87.0,314,0.002455892731122089,FIFA World Cup and Trump controversy,True
2026-03,23,0.0022210746230443214,124.0,314,0.0035003528581510233,White House Correspondents Dinner Shooting,True
2026-03,24,0.004667728071154253,137.0,314,0.0038673253352152436,UK Political Chaos and Reform UK,True
2026-03,25,0.01351852231604004,180.0,314,0.005081157374735357,American History and Political Threats,True
2026-03,26,0.00803539351974991,186.0,314,0.0052505292872265345,Trump and Epstein Files Scandal,True
2026-03,27,0.007396571472352071,103.0,314,0.002907551164431898,Tucker Carlson Political Commentary,True
2026-03,28,0.0008132342593695201,31.0,314,0.0008750882145377558,Trump and Greenland politics,True
2026-03,29,0.00539842283962397,549.0,314,0.015497529992942837,Israel-Lebanon Conflict and Ceasefire,True
2026-03,30,0.0016719798638275597,134.0,314,0.0037826393789696542,UK PM Keir Starmer Resignation Calls,True
2026-03,31,0.0018685092388033417,154.0,314,0.004347212420606916,Artemis II Moon Mission Updates,False
2026-03,32,0.007954617694381732,256.0,314,0.007226534932956951,Democratic Party and Midterm Elections,True
2026-03,33,0.004862132939713177,65.0,314,0.001834862385321101,Candace Owens Controversies,True
2026-03,34,0.008979582993873542,139.0,314,0.00392378263937897,Black America and Racism Discussions,True
2026-03,35,0.0031619675547931176,116.0,314,0.0032745236414961185,Pam Bondi and Trump Firing,True
2026-03,36,0.0011328549813161757,54.0,314,0.0015243472124206068,Elon Musk and Political Controversies,True
2026-03,37,0.01246822152499055,281.0,314,0.007932251235003528,US-Cuba Relations and Political Tensions,True
2026-03,38,0.006982983823588278,197.0,314,0.005561044460127029,Trump Midterm Election Scheme,True
2026-03,39,0.00957901792221046,636.0,314,0.017953422724064926,DHS Shutdown and Government Funding,True
2026-03,40,0.0019766743230217165,81.0,314,0.0022865208186309102,Lindsey Graham's Death and Legacy,True
2026-03,41,0.007219867392786819,255.0,314,0.007198306280875089,Trump's Mental Decline,True
2026-03,42,0.0037338653016831913,86.0,314,0.0024276640790402257,Karmelo Anthony Trial Verdict,True
2026-03,43,0.006145455697824004,256.0,314,0.007226534932956951,Texas Senate race and political figures,True
2026-03,44,0.009581440619668802,251.0,314,0.0070853916725476355,Hollywood and Awards Controversy,True
2026-03,45,0.0018949810497066607,52.0,314,0.0014678899082568807,Right-Wing Political Figures Debate,True
2026-03,46,0.016133988833801596,1650.0,314,0.0465772759350741,Iran-US military conflict in Gulf,True
2026-03,47,0.006215047622601161,187.0,314,0.005278757939308398,Immigration and Deportation Policies,True
2026-03,48,0.005670067674492131,118.0,314,0.0033309809456598446,Health Industry and Big Pharma,False
2026-03,49,0.0024275091640438484,129.0,314,0.0036414961185603388,Fox News and Trump on Air,True
2026-03,50,0.010847973513987832,122.0,314,0.003443895553987297,Left-Wing Political Violence,True
2026-03,51,0.003867939475242771,99.0,314,0.002794636556104446,UFO Government Disclosure,True
2026-03,52,0.015616441334063435,586.0,314,0.01654199011997177,Trump's War and Panic,True
2026-03,53,0.009781868904331024,347.0,314,0.009795342272406492,Kristi Noem Firing by Trump,True
2026-03,54,0.006283655056995135,194.0,314,0.00547635850388144,2026 primary election coverage,True
2026-03,55,0.0001077168393781285,9.0,314,0.0002540578687367678,Todd Blanche Attorney General Confirmation,True
2026-03,56,0.00502986235245527,112.0,314,0.0031616090331686663,Alberta independence movement,True
2026-03,57,0.0010463455428369407,37.0,314,0.0010444601270289343,Canada-US Trade War,True
2026-03,58,0.00012186796712239339,3.0,314,8.468595624558927e-05,Fauci Senate Testimony Controversy,True
2026-03,59,0.004887997703010732,194.0,314,0.00547635850388144,Trump Economy and Economic Concerns,True
2026-03,60,0.00872263294037332,250.0,314,0.007057163020465773,Trump delivering remarks,True
2026-03,61,0.009524764389232804,202.0,314,0.005702187720536344,MAGA Movement Crisis,True
2026-03,62,0.0010432002769896714,20.0,314,0.0005645730416372619,Abdul El-Sayed vs AIPAC in Michigan Senate Primary,True
2026-03,63,0.002086926291204353,166.0,314,0.0046859562455892735,Nancy Guthrie Disappearance Case,False
2026-03,64,0.0006762092109836887,22.0,314,0.000621030345800988,Graham Platner Senate Race Scandal,True
2026-03,65,0.0018446491107082812,65.0,314,0.001834862385321101,Trump State of the Union Address,True
2026-03,66,0.0026229358329000734,80.0,314,0.0022582921665490474,Gavin Newsom Political Controversies,True
2026-03,67,0.002990811685304494,81.0,314,0.0022865208186309102,Black Voting Rights and Political Power,True
2026-03,68,0.0019783177193711658,22.0,314,0.000621030345800988,Destiny and Ethan Klein legal disputes,False
2026-03,69,0.003944317092398917,84.0,314,0.0023712067748764996,America 250th Anniversary Celebrations,True
2026-03,70,0.0022834910520927675,107.0,314,0.003020465772759351,Marco Rubio Testifies on Iran War,True
2026-03,71,0.0008768560306399263,19.0,314,0.0005363443895553987,Don Lemon Arrested,True
2026-03,72,1.0006058711955696e-05,3.0,314,8.468595624558927e-05,Nolan Wells Investigation,False
2026-03,73,0.015207102654808888,464.0,314,0.013098094565984474,War and Military Analysis,True
2026-03,74,0.015192823888798602,141.0,314,0.003980239943542696,Iran and Political Updates,True
2026-03,75,0.002419705644301734,52.0,314,0.0014678899082568807,Supreme Court and Birthright Citizenship,True
2026-03,76,0.0011949526713366206,56.0,314,0.0015808045165843331,9/11 Remembrance 25 Years Later,True
2026-03,77,0.002128689015173598,58.0,314,0.0016372618207480592,Healthcare and Medicare Fraud,True
2026-03,78,0.007503015282136776,174.0,314,0.004911785462244178,Media Culture War Involving CNN and CBS,True
2026-03,79,0.0007380185672194007,33.0,314,0.000931545518701482,Somali Fraud in Minnesota,True
2026-03,80,0.00586160496917762,384.0,314,0.010839802399435427,Trump and Gas Prices,True
2026-03,81,0.0019372943702160464,83.0,314,0.0023429781227946368,Trump's Health Concerns,True
2026-03,82,0.002537886331459727,65.0,314,0.001834862385321101,Joe Rogan and Trump Political Discussions,True
2026-03,83,0.0009842191808265967,30.0,314,0.0008468595624558928,Virginia redistricting and gerrymandering,True
2026-03,84,0.004362438491936878,143.0,314,0.004036697247706422,Trump Court Legal Battles,True
2026-03,85,0.0036139002493019387,55.0,314,0.00155257586450247,Bill Maher Political Commentary,True
2026-03,86,0.0008545198364096051,43.0,314,0.0012138320395201129,Supreme Court and Trump Tariffs,True
2026-03,87,0.005009875368163208,134.0,314,0.0037826393789696542,Supreme Court rulings and controversies,True
2026-03,88,0.001690434492108154,25.0,314,0.0007057163020465773,Sneako and Nick Fuentes Political Debates,True
2026-03,89,0.0015973807086853674,44.0,314,0.001242060691601976,WNBA and Sophie Cunningham controversy,True
2026-03,90,0.0038021388520016654,148.0,314,0.004177840508115737,Trump and DOJ Legal Issues,True
2026-03,91,0.0031054276264694783,66.0,314,0.001863091037402964,African refugees and FBAs in South Africa,True
2026-03,92,0.0011091269349092128,28.0,314,0.0007904022582921666,Ilhan Omar Legal Issues,True
2026-03,93,0.005303292656760428,167.0,314,0.004714184897671136,Trump press conference outbursts,True
2026-03,94,0.0007183346226545074,26.0,314,0.0007339449541284404,AI Data Centers Debate,True
2026-03,95,0.00047714800148124177,68.0,314,0.0019195483415666902,Europe Wildfires and Evacuations,False
2026-03,96,0.0016460073590324287,49.0,314,0.0013832039520112914,Kash Patel and FBI Scandals,True
2026-03,97,0.0002429668415595875,22.0,314,0.000621030345800988,Hunter Biden and Joe Biden Political Drama,True
2026-03,98,0.002127300425445569,91.0,314,0.002568807339449541,Transgender Athletes in Women's Sports,True
2026-03,99,7.985643465302182e-05,4.0,314,0.00011291460832745236,Spencer Pratt LA Mayoral Race,True
2026-03,100,0.002732817320426053,62.0,314,0.0017501764290755117,Melania Trump and Michael Wolff Legal Drama,True
2026-03,101,0.0021670087804549487,39.0,314,0.0011009174311926607,UFC at White House Event,True
2026-03,102,0.005613192729068853,128.0,314,0.0036132674664784755,Megyn Kelly and Political Rants,True
2026-03,103,0.012503138155415107,972.0,314,0.027438249823570925,Iran War and Oil Market Impact,True
2026-03,104,0.004347479168982572,63.0,314,0.0017784050811573747,Transgender Rights and Political Debate,True
2026-03,105,0.0015050851898430742,64.0,314,0.0018066337332392378,Trump White House Ballroom Project,True
2026-03,106,0.017562242973687886,1472.0,314,0.04155257586450247,Iran-Israel missile conflict,True
2026-03,107,0.0006423550258383497,49.0,314,0.0013832039520112914,Trump and Pope Leo Feud,True
2026-03,108,0.0025515334787779053,91.0,314,0.002568807339449541,Covid Vaccine Controversy,True
2026-03,109,0.00031848502077917924,18.0,314,0.0005081157374735356,King Charles III and Trump State Visit,True
2026-03,110,0.0027461181224008218,88.0,314,0.002484121383203952,Trump Slush Fund Scandal,True
2026-03,111,0.00036142674585030874,21.0,314,0.0005928016937191249,Super Bowl Halftime Show Controversy,True
2026-03,112,0.003829820611664453,122.0,314,0.003443895553987297,Education and Schools Controversy,True
2026-03,113,0.0006767881611003642,10.0,314,0.0002822865208186309,Trump Reflecting Pool Vandalism Scandal,True
2026-03,114,0.0030082407003001227,190.0,314,0.005363443895553988,ABC News and Political Media Figures,True
2026-03,115,0.0014959399147626922,41.0,314,0.0011573747353563868,Jimmy Kimmel and Trump media conflict,True
2026-03,116,0.00022737380750275285,12.0,314,0.0003387438249823571,Mitch McConnell Health Mystery,True
2026-03,117,0.00019408788852238873,10.0,314,0.0002822865208186309,AOC and Political Ambitions,True
2026-03,118,0.0006879971297260899,44.0,314,0.001242060691601976,US Politics and Winter Olympics,True
2026-03,119,5.220841599665866e-05,1.0,314,2.822865208186309e-05,UK Prime Minister Andy Burnham,True
2026-03,120,0.0004901974975839085,18.0,314,0.0005081157374735356,Socialism in the Democratic Party,True
2026-03,121,0.005156150567799306,120.0,314,0.003387438249823571,Tech Business Founders and Industry,False
2026-03,122,0.001260780541921368,82.0,314,0.0023147494707127735,Fed Chair Kevin Warsh and Interest Rates,True
2026-03,123,0.004115105244760633,147.0,314,0.004149611856033874,Political Podcasts and Commentary,True
2026-03,124,0.0068970168759881064,215.0,314,0.006069160197600565,SAVE Act Senate Battle,True
2026-03,125,0.0013307918110741653,46.0,314,0.0012985179957657022,Hakeem Jeffries and Political Press Conferences,True
2026-03,126,0.0015540203414957036,87.0,314,0.002455892731122089,Inflation and Precious Metals,True
2026-03,127,0.0001623643232463015,13.0,314,0.0003669724770642202,HasanAbi 2026 Events,True
2026-03,128,0.004351109694559667,359.0,314,0.01013408609738885,Plane Crash Investigations,False
2026-03,129,0.0003072114803259758,19.0,314,0.0005363443895553987,Thomas Massie and Trump political conflict,True
2026-03,130,0.0021362958990999385,52.0,314,0.0014678899082568807,Piers Morgan and Political Debates,True
2026-03,131,0.007312788955108169,224.0,314,0.006323218066337333,Trump Secrets and Leaks,True
2026-03,132,0.0016068608891103035,25.0,314,0.0007057163020465773,Joe Budden and Marc Lamont Hill Podcast Controversy,True
2026-03,133,0.002177722431758492,65.0,314,0.001834862385321101,Brian Shapiro vs MAGA Callers Debate,True
2026-03,134,0.0004891891546367744,14.0,314,0.0003952011291460833,Political News Coverage,True
2026-03,135,0.001026134255751794,15.0,314,0.0004234297812279464,Myron and Dating Standards,False
2026-03,136,0.004294156041243994,57.0,314,0.0016090331686661962,Erika Kirk Political Parody,True
2026-03,137,0.00041289213827892785,91.0,314,0.002568807339449541,Nepal Floods and Rescue Efforts,False
2026-03,138,0.001290031801787382,253.0,314,0.007141848976711362,BRICS and India Diplomacy,True
2026-03,139,0.0034226484673862555,108.0,314,0.0030486944248412137,Anti-Fraud Efforts by VP Vance,True
2026-03,140,0.007488189131556825,235.0,314,0.006633733239237827,police bodycam and law enforcement,True
2026-03,141,0.0005181154086768207,15.0,314,0.0004234297812279464,Venezuela Earthquake Disaster,False
2026-03,142,0.0026358648782421955,104.0,314,0.0029357798165137615,Melania Trump Events and Activities,True
2026-03,143,0.002379955220879255,131.0,314,0.003697953422724065,Epstein investigation and Clinton testimony,True
2026-03,144,0.0019946350482950136,82.0,314,0.0023147494707127735,Mexico Cartel Violence,True
2026-03,145,0.005913255020150509,57.0,314,0.0016090331686661962,Gen Z and Generational Issues,True
2026-03,146,0.005961162743125284,107.0,314,0.003020465772759351,MAGA Arguments and Debates,True
2026-03,147,0.003548192468661444,46.0,314,0.0012985179957657022,Woke Culture Evolution,True
2026-03,148,0.0017269211244214813,70.0,314,0.0019760056457304165,Karoline Leavitt and Trump Resignation Scandal,True
2026-03,149,0.0004977577714727291,7.0,314,0.00019760056457304164,Andrew Tate Arrest and Legal Issues,True
2026-03,150,0.0016128094616279644,41.0,314,0.0011573747353563868,Climate Change and Heatwaves in Europe,False
2026-03,151,0.0034432570898899244,113.0,314,0.003189837685250529,Political Media and War Room Discussions,True
2026-03,152,0.0005469426034022693,6.0,314,0.00016937191249117854,Trump aide Natalie Harp and Jon Ossoff,True
2026-03,153,0.004050805792052591,178.0,314,0.00502470007057163,Trump and NATO Relations,True
2026-03,154,0.00496895658178303,123.0,314,0.00347212420606916,Media and Journalism Critique,True
2026-03,155,0.0030380341689136042,67.0,314,0.0018913196894848271,Glenn Beck Political Commentary,True
2026-03,156,0.003975176440246224,116.0,314,0.0032745236414961185,Trump and Crypto Scandals,True
2026-03,157,0.00036486096158602484,44.0,314,0.001242060691601976,Spain-Morocco Border Migrant Crisis,True
2026-03,158,0.0035450018840366667,129.0,314,0.0036414961185603388,Tulsi Gabbard and DNI Resignation,True
2026-03,159,0.005151488927095072,45.0,314,0.0012702893436838392,Political Figures and Callouts,True
2026-03,160,0.0030873818346530595,35.0,314,0.0009880028228652082,TikTok Censorship and Political Debates,True
2026-03,161,0.0045186072938781675,79.0,314,0.002230063514467184,Political Comedy and Media,True
2026-03,162,0.0027974573081103243,75.0,314,0.002117148906139732,Trump's Beef and Food Policy Impact,True
2026-03,163,0.0008228933185093751,43.0,314,0.0012138320395201129,RFK Jr. Testifies on HHS Priorities,True
2026-03,164,0.0015175741867428716,127.0,314,0.0035850388143966127,Trump Medal of Honor Ceremonies,True
2026-03,165,0.01031755790151154,165.0,314,0.00465772759350741,Joe Kent Resignation and Leaks,True
2026-03,166,0.000172547870060233,9.0,314,0.0002540578687367678,Treasury Secretary Scott Bessent Testifies,True
2026-03,167,0.000543343880791448,25.0,314,0.0007057163020465773,Dolly Parton's Death and Legacy,False
2026-03,168,0.009080370661959042,224.0,314,0.006323218066337333,Trump's Unthinkable Actions,True
2026-03,169,0.007422468359990079,173.0,314,0.004883556810162315,No Kings Protests Movement,True
2026-03,170,0.00326834750047015,129.0,314,0.0036414961185603388,Meta Social Media Trial and Addiction Lawsuits,True
2026-03,171,0.0009735732928131253,39.0,314,0.0011009174311926607,Stephen Miller Meltdowns and Controversies,True
2026-03,172,0.0011003145965654537,23.0,314,0.0006492589978828511,Behind the scenes streaming,False
2026-03,173,0.00590856876435588,77.0,314,0.002173606210303458,JLP Weekly Series,False
2026-03,174,0.0006388319984631381,87.0,314,0.002455892731122089,NATO Summit and Political Leaders,True
2026-03,175,0.0006568681550742683,69.0,314,0.0019477769936485532,Winter Storm Impacts Across the US,False
2026-03,176,0.00025268555742927537,21.0,314,0.0005928016937191249,Eric Swalwell Allegations and Resignation,True
2026-03,177,0.0003156201929693043,4.0,314,0.00011291460832745236,DSA and Democratic Party Conflict,True
2026-03,178,0.00014164061637320484,14.0,314,0.0003952011291460833,Prince Andrew Epstein Arrest Revelations,True
2026-03,179,0.00025428285382819547,20.0,314,0.0005645730416372619,Coal Industry Announcements,True
2026-03,180,0.0016825921389999458,51.0,314,0.0014396612561750177,Media headlines and trends,False
2026-03,181,0.001889860341441284,49.0,314,0.0013832039520112914,Trump and housing crisis,True
2026-03,182,0.003892548254365756,58.0,314,0.0016372618207480592,Tim Pool and Dave Rubin debates,True
2026-03,183,0.0007863427355365754,88.0,314,0.002484121383203952,Morning News Headlines,True
2026-03,184,0.0011234549842601715,45.0,314,0.0012702893436838392,John Fetterman and Democratic Party Controversy,True
2026-03,185,0.0010459444618654528,20.0,314,0.0005645730416372619,Trump Leverage and Political Strategy,True
2026-03,186,0.0033080750024390235,203.0,314,0.0057304163726182075,DHS Secretary Confirmation Hearing,True
2026-03,187,0.00395349527253448,167.0,314,0.004714184897671136,Trump and Macron G7 Summit Meetings,True
2026-03,188,0.004216263233420498,46.0,314,0.0012985179957657022,Abortion and Pro-Life Debate,True
2026-03,189,0.001166270460210961,21.0,314,0.0005928016937191249,SPLC Indictment and Hate Groups,True
2026-03,190,0.0023143421988659277,61.0,314,0.0017219477769936486,Trump and Iran War Discussion,True
2026-03,191,0.003060698057546584,116.0,314,0.0032745236414961185,Jesse Jackson Civil Rights Legacy,True
2026-03,192,0.0035958565850127623,87.0,314,0.002455892731122089,Political Breakfast Shows,True
2026-03,193,0.0017712881191388574,54.0,314,0.0015243472124206068,MAGA Mike Johnson political turmoil,True
2026-03,194,0.0019085635212678857,37.0,314,0.0010444601270289343,Belfast riots and anti-immigration unrest,True
2026-03,195,0.0002691256671754858,24.0,314,0.0006774876499647142,Trump's name removal from Kennedy Center,True
2026-03,196,0.002497804243530333,50.0,314,0.0014114326040931546,California Billionaire Tax Debate,True
2026-03,197,0.002830273947132745,63.0,314,0.0017784050811573747,Gaming Industry and Culture,False
2026-03,198,0.002284454296822275,51.0,314,0.0014396612561750177,Ben Shapiro and Political Media,True
2026-03,199,0.005254710904345788,132.0,314,0.003726182074805928,Members Only Bonus Shows,True
2026-03,200,0.0030962066742644115,68.0,314,0.0019195483415666902,Homelessness in US Cities,True
2026-03,201,0.0009276261170376709,16.0,314,0.00045165843330980944,Jack Smith Testifies on Trump Investigations,True
2026-03,202,0.00016925862039483738,19.0,314,0.0005363443895553987,Trump at Davos and World Economic Forum,True
2026-03,203,0.0006440185953026767,11.0,314,0.000310515172900494,Asmongold controversy and bans,False
2026-03,204,0.0009485673549363935,37.0,314,0.0010444601270289343,Hungary Election and Orbán's Political Fate,True
2026-03,205,0.00025856404847776024,19.0,314,0.0005363443895553987,Tom Homan Border Czar Press Conferences,True
2026-03,206,0.004726276317901327,65.0,314,0.001834862385321101,Political Commentary and Guests,True
2026-03,207,0.0077500518546288425,366.0,314,0.010331686661961891,ISIS-inspired NYC terror plots,True
2026-03,208,0.0033687014345809133,63.0,314,0.0017784050811573747,Kamala Harris 2028 Presidential Run,True
2026-03,209,0.003978373624072759,69.0,314,0.0019477769936485532,Billionaire Influence in Politics,True
2026-03,210,0.0003573492960637485,5.0,314,0.00014114326040931546,Christopher Nolan's Odyssey Reviews,False
2026-03,211,0.002479697644778958,67.0,314,0.0018913196894848271,White House Press Briefing by Karoline Leavitt,True
2026-03,212,0.005660508018016859,97.0,314,0.00273817925194072,Political Podcasts and Media,True
2026-03,213,0.0062620476576669745,68.0,314,0.0019195483415666902,Books and Cultural Commentary,True
2026-03,214,0.0012224252173333716,130.0,314,0.003669724770642202,Houthis Yemen Red Sea Conflict,True
2026-03,215,0.0017269026486014178,139.0,314,0.00392378263937897,Africa Insurgencies and Conflicts,True
2026-03,216,0.0006557279820286618,15.0,314,0.0004234297812279464,Melania Trump and Epstein Scandal,True
2026-03,217,0.0006633932372005053,51.0,314,0.0014396612561750177,Damage and Injury Reports,False
2026-03,218,0.0025017170597718807,76.0,314,0.0021453775582215948,Europe and Trump Political Relations,True
2026-03,219,0.0022656796602338425,104.0,314,0.0029357798165137615,Global Energy Crisis and Policy,True
2026-03,220,0.0017142962150614005,65.0,314,0.001834862385321101,Trump and American Farmers,True
2026-03,221,0.0014173428698253088,47.0,314,0.0013267466478475653,Trump signing executive orders,True
2026-03,222,0.0006707674523968765,16.0,314,0.00045165843330980944,NBA Championship Celebrations,False
2026-03,223,0.0011466562453125294,46.0,314,0.0012985179957657022,Marjorie Taylor Greene and Trump Conflict,True
2026-04,0,0.0041528889405453165,166.0,325,0.004840355736987899,ICE protests in Minneapolis,True
2026-04,1,0.0271998223117885,487.0,325,0.014200320746464499,Shocking Events and Reactions,True
2026-04,2,0.026063773242147443,636.0,325,0.018544977401953638,Israel and Palestine Conflict,True
2026-04,3,0.05130447656311782,2874.0,325,0.08380230354279049,Trump and Iran War Negotiations,True
2026-04,4,0.0050168714950502655,485.0,325,0.014142003207464645,Ukraine-Russia War and Political Figures,True
2026-04,5,0.008192734966613189,373.0,325,0.010876221023472809,Trump and China Relations,True
2026-04,6,0.0009218499257282885,73.0,325,0.0021285901734946783,Trump vs Maduro in Venezuela,True
2026-04,7,0.02351347875946479,987.0,325,0.02877970549642805,Iran political unrest,True
2026-04,8,0.011080763220930788,352.0,325,0.01026388686397434,AI and Political Implications,True
2026-04,9,0.007135211021838038,1078.0,325,0.031433153520921416,Indian Politics and Delhi Riots,True
2026-04,10,0.007280401045632047,323.0,325,0.009418282548476454,JD Vance and Trump Political Drama,True
2026-04,11,0.004116140154379854,129.0,325,0.003761481265490596,Zohran Mamdani and NYC Politics,True
2026-04,12,0.00850274787061653,423.0,325,0.012334159498469164,Pete Hegseth Senate Hearing on Iran War,True
2026-04,13,0.020919149000192424,1660.0,325,0.04840355736987899,Hormuz Strait Blockade Conflict,True
2026-04,14,0.009485215239582567,178.0,325,0.005190260970987025,Hasan Piker Controversy,True
2026-04,15,0.017486429140947227,256.0,325,0.0074646449919813385,Christian Nationalism and Politics,True
2026-04,16,0.004877573638113962,127.0,325,0.003703163726490742,Charlie Kirk Murder Trial,True
2026-04,17,0.005340680633425061,123.0,325,0.0035865286484910337,Islam and Political Extremism,True
2026-04,18,0.0037641142299907316,98.0,325,0.002857559410992856,Epstein Files Revelations,True
2026-04,19,0.001356390663226074,69.0,325,0.00201195509549497,Lindsay Clancy Murder Trial,True
2026-04,20,0.012573228003169764,155.0,325,0.004519609272488701,Feminism and Gender Roles Debate,True
2026-04,21,0.006765352938643104,163.0,325,0.004752879428488118,California Election Fraud Scandal,True
2026-04,22,0.0014454453473876007,89.0,325,0.0025951304854935123,FIFA World Cup and Trump controversy,True
2026-04,23,0.022354546791720442,867.0,325,0.025280653156436798,White House Correspondents Dinner Shooting,True
2026-04,24,0.004960680519429984,173.0,325,0.005044467123487389,UK Political Chaos and Reform UK,True
2026-04,25,0.011378750997173717,183.0,325,0.00533605481848666,American History and Political Threats,True
2026-04,26,0.005294301225308416,133.0,325,0.003878116343490305,Trump and Epstein Files Scandal,True
2026-04,27,0.00861380159705041,143.0,325,0.004169704038489576,Tucker Carlson Political Commentary,True
2026-04,28,0.00010605032552815244,15.0,325,0.00043738154249890656,Trump and Greenland politics,True
2026-04,29,0.016280842642250697,800.0,325,0.023327015599941683,Israel-Lebanon Conflict and Ceasefire,True
2026-04,30,0.0029643727642892654,170.0,325,0.0049569908149876074,UK PM Keir Starmer Resignation Calls,True
2026-04,31,0.012028049419997534,894.0,325,0.026067939932934832,Artemis II Moon Mission Updates,False
2026-04,32,0.010949998920153985,320.0,325,0.009330806239976673,Democratic Party and Midterm Elections,True
2026-04,33,0.008780104158255172,111.0,325,0.0032366234144919083,Candace Owens Controversies,True
2026-04,34,0.008453565170699144,118.0,325,0.003440734800991398,Black America and Racism Discussions,True
2026-04,35,0.01077520595370779,312.0,325,0.009097536083977256,Pam Bondi and Trump Firing,True
2026-04,36,0.0014449971064210006,97.0,325,0.002828400641492929,Elon Musk and Political Controversies,True
2026-04,37,0.00283110440048282,96.0,325,0.0027992418719930017,US-Cuba Relations and Political Tensions,True
2026-04,38,0.006978618105113727,243.0,325,0.007085580988482286,Trump Midterm Election Scheme,True
2026-04,39,0.004186541122256851,203.0,325,0.005919230208485202,DHS Shutdown and Government Funding,True
2026-04,40,0.0002830523991002519,21.0,325,0.0006123341594984692,Lindsey Graham's Death and Legacy,True
2026-04,41,0.01108340453599692,348.0,325,0.010147251785974632,Trump's Mental Decline,True
2026-04,42,0.003065449098839399,111.0,325,0.0032366234144919083,Karmelo Anthony Trial Verdict,True
2026-04,43,0.0014509144261184207,39.0,325,0.001137192010497157,Texas Senate race and political figures,True
2026-04,44,0.004837099211926235,116.0,325,0.003382417261991544,Hollywood and Awards Controversy,True
2026-04,45,0.007923691642471618,85.0,325,0.0024784954074938037,Right-Wing Political Figures Debate,True
2026-04,46,0.007739578585594569,717.0,325,0.020906837731447733,Iran-US military conflict in Gulf,True
2026-04,47,0.006249080203356326,185.0,325,0.005394372357486514,Immigration and Deportation Policies,True
2026-04,48,0.008942790429853286,140.0,325,0.004082227729989794,Health Industry and Big Pharma,False
2026-04,49,0.002714372716153701,152.0,325,0.00443213296398892,Fox News and Trump on Air,True
2026-04,50,0.01311618200275609,179.0,325,0.005219419740486952,Left-Wing Political Violence,True
2026-04,51,0.006395278329065247,214.0,325,0.0062399766729844,UFO Government Disclosure,True
2026-04,52,0.008942205621422478,353.0,325,0.010293045633474267,Trump's War and Panic,True
2026-04,53,0.002299623039094225,49.0,325,0.001428779705496428,Kristi Noem Firing by Trump,True
2026-04,54,0.004219223098261251,148.0,325,0.004315497885989211,2026 primary election coverage,True
2026-04,55,0.0014588105659805498,73.0,325,0.0021285901734946783,Todd Blanche Attorney General Confirmation,True
2026-04,56,0.005085873854738985,87.0,325,0.002536812946493658,Alberta independence movement,True
2026-04,57,0.0006988251997062056,40.0,325,0.001166350779997084,Canada-US Trade War,True
2026-04,58,0.0006137115694432464,20.0,325,0.000583175389998542,Fauci Senate Testimony Controversy,True
2026-04,59,0.006829228823184454,172.0,325,0.005015308353987461,Trump Economy and Economic Concerns,True
2026-04,60,0.004812323290790105,149.0,325,0.004344656655489138,Trump delivering remarks,True
2026-04,61,0.008473393559780294,192.0,325,0.0055984837439860035,MAGA Movement Crisis,True
2026-04,62,0.0015162602894832036,29.0,325,0.000845604315497886,Abdul El-Sayed vs AIPAC in Michigan Senate Primary,True
2026-04,63,0.0013605562774136107,120.0,325,0.0034990523399912525,Nancy Guthrie Disappearance Case,False
2026-04,64,0.00046320456783227306,14.0,325,0.00040822277299897946,Graham Platner Senate Race Scandal,True
2026-04,65,0.001983558798558968,65.0,325,0.0018953200174952618,Trump State of the Union Address,True
2026-04,66,0.003512416053126277,52.0,325,0.0015162560139962093,Gavin Newsom Political Controversies,True
2026-04,67,0.0049535872734610825,89.0,325,0.0025951304854935123,Black Voting Rights and Political Power,True
2026-04,68,0.005500057029492582,37.0,325,0.0010788744714973029,Destiny and Ethan Klein legal disputes,False
2026-04,69,0.0024508653319129394,77.0,325,0.002245225251494387,America 250th Anniversary Celebrations,True
2026-04,70,0.001257494256416522,42.0,325,0.0012246683189969384,Marco Rubio Testifies on Iran War,True
2026-04,71,0.00041789729109075987,10.0,325,0.000291587694999271,Don Lemon Arrested,True
2026-04,72,0.0,0.0,325,0.0,Nolan Wells Investigation,False
2026-04,73,0.010867716522507107,320.0,325,0.009330806239976673,War and Military Analysis,True
2026-04,74,0.02052165281811221,192.0,325,0.0055984837439860035,Iran and Political Updates,True
2026-04,75,0.00652466954013958,179.0,325,0.005219419740486952,Supreme Court and Birthright Citizenship,True
2026-04,76,0.0010786662472033785,39.0,325,0.001137192010497157,9/11 Remembrance 25 Years Later,True
2026-04,77,0.004436640017801263,95.0,325,0.002770083102493075,Healthcare and Medicare Fraud,True
2026-04,78,0.004660008056838399,150.0,325,0.004373815424989065,Media Culture War Involving CNN and CBS,True
2026-04,79,0.0016212821509022396,49.0,325,0.001428779705496428,Somali Fraud in Minnesota,True
2026-04,80,0.0034830345644577226,254.0,325,0.007406327452981484,Trump and Gas Prices,True
2026-04,81,0.0022732606976425453,105.0,325,0.003061670797492346,Trump's Health Concerns,True
2026-04,82,0.0010451828172087206,40.0,325,0.001166350779997084,Joe Rogan and Trump Political Discussions,True
2026-04,83,0.006714780650987679,259.0,325,0.007552121300481119,Virginia redistricting and gerrymandering,True
2026-04,84,0.0056596124711325,205.0,325,0.005977547747485056,Trump Court Legal Battles,True
2026-04,85,0.0033331903782012574,50.0,325,0.0014579384749963552,Bill Maher Political Commentary,True
2026-04,86,0.0014821223106710516,64.0,325,0.0018661612479953346,Supreme Court and Trump Tariffs,True
2026-04,87,0.009044828042038352,219.0,325,0.006385770520484036,Supreme Court rulings and controversies,True
2026-04,88,0.002586903488219899,31.0,325,0.0009039218544977402,Sneako and Nick Fuentes Political Debates,True
2026-04,89,0.0006939368367512085,17.0,325,0.0004956990814987607,WNBA and Sophie Cunningham controversy,True
2026-04,90,0.007188458699438033,251.0,325,0.007318851144481703,Trump and DOJ Legal Issues,True
2026-04,91,0.002350654243802386,38.0,325,0.00110803324099723,African refugees and FBAs in South Africa,True
2026-04,92,0.0023607173051558733,66.0,325,0.0019244787869951887,Ilhan Omar Legal Issues,True
2026-04,93,0.004876846078718633,196.0,325,0.005715118821985712,Trump press conference outbursts,True
2026-04,94,0.001463381628009827,40.0,325,0.001166350779997084,AI Data Centers Debate,True
2026-04,95,0.0012940497878995369,97.0,325,0.002828400641492929,Europe Wildfires and Evacuations,False
2026-04,96,0.005277007345803456,188.0,325,0.005481848665986296,Kash Patel and FBI Scandals,True
2026-04,97,0.0014329850141257142,48.0,325,0.0013996209359965009,Hunter Biden and Joe Biden Political Drama,True
2026-04,98,0.0027642661429724087,49.0,325,0.001428779705496428,Transgender Athletes in Women's Sports,True
2026-04,99,0.00038304858469794814,8.0,325,0.00023327015599941683,Spencer Pratt LA Mayoral Race,True
2026-04,100,0.006062592974644762,138.0,325,0.00402391019098994,Melania Trump and Michael Wolff Legal Drama,True
2026-04,101,0.0021075929794630425,27.0,325,0.0007872867764980318,UFC at White House Event,True
2026-04,102,0.00465237144933473,137.0,325,0.003994751421490013,Megyn Kelly and Political Rants,True
2026-04,103,0.007445052660714155,546.0,325,0.0159206881469602,Iran War and Oil Market Impact,True
2026-04,104,0.002395701599793117,42.0,325,0.0012246683189969384,Transgender Rights and Political Debate,True
2026-04,105,0.003910251325838612,131.0,325,0.0038197988044904505,Trump White House Ballroom Project,True
2026-04,106,0.00393684274883591,350.0,325,0.010205569324974486,Iran-Israel missile conflict,True
2026-04,107,0.012662442840833938,506.0,325,0.014754337366963114,Trump and Pope Leo Feud,True
2026-04,108,0.0023400975624396575,56.0,325,0.0016328910919959179,Covid Vaccine Controversy,True
2026-04,109,0.007085326079893626,432.0,325,0.012596588423968508,King Charles III and Trump State Visit,True
2026-04,110,0.0028915607244663607,123.0,325,0.0035865286484910337,Trump Slush Fund Scandal,True
2026-04,111,0.0010602020703893097,28.0,325,0.0008164455459979589,Super Bowl Halftime Show Controversy,True
2026-04,112,0.0043194038532302055,110.0,325,0.0032074646449919814,Education and Schools Controversy,True
2026-04,113,0.0008577900103067264,11.0,325,0.0003207464644991981,Trump Reflecting Pool Vandalism Scandal,True
2026-04,114,0.0056823909808506705,190.0,325,0.00554016620498615,ABC News and Political Media Figures,True
2026-04,115,0.005019982766096308,147.0,325,0.0042863391164892845,Jimmy Kimmel and Trump media conflict,True
2026-04,116,8.641495270955486e-05,8.0,325,0.00023327015599941683,Mitch McConnell Health Mystery,True
2026-04,117,0.0013312970486196094,25.0,325,0.0007289692374981776,AOC and Political Ambitions,True
2026-04,118,0.00023516074767388227,39.0,325,0.001137192010497157,US Politics and Winter Olympics,True
2026-04,119,0.0007545922865615961,4.0,325,0.00011663507799970841,UK Prime Minister Andy Burnham,True
2026-04,120,0.0032904370273557607,29.0,325,0.000845604315497886,Socialism in the Democratic Party,True
2026-04,121,0.010688212333558128,225.0,325,0.006560723137483598,Tech Business Founders and Industry,False
2026-04,122,0.0019297405270103025,141.0,325,0.004111386499489721,Fed Chair Kevin Warsh and Interest Rates,True
2026-04,123,0.005979427799489442,162.0,325,0.004723720658988191,Political Podcasts and Commentary,True
2026-04,124,0.0017622064817692268,72.0,325,0.0020994314039947514,SAVE Act Senate Battle,True
2026-04,125,0.0012739763176922317,49.0,325,0.001428779705496428,Hakeem Jeffries and Political Press Conferences,True
2026-04,126,0.0011993865499012946,84.0,325,0.002449336637993877,Inflation and Precious Metals,True
2026-04,127,0.000699892951155017,11.0,325,0.0003207464644991981,HasanAbi 2026 Events,True
2026-04,128,0.0018708947391553041,151.0,325,0.004402974194488992,Plane Crash Investigations,False
2026-04,129,0.00017517336958012034,7.0,325,0.00020411138649948973,Thomas Massie and Trump political conflict,True
2026-04,130,0.003615509231313838,69.0,325,0.00201195509549497,Piers Morgan and Political Debates,True
2026-04,131,0.00840411391749346,256.0,325,0.0074646449919813385,Trump Secrets and Leaks,True
2026-04,132,0.003134122219931789,50.0,325,0.0014579384749963552,Joe Budden and Marc Lamont Hill Podcast Controversy,True
2026-04,133,0.0020121880081094526,64.0,325,0.0018661612479953346,Brian Shapiro vs MAGA Callers Debate,True
2026-04,134,0.0016473429888326045,18.0,325,0.0005248578509986879,Political News Coverage,True
2026-04,135,0.0018879814594529405,25.0,325,0.0007289692374981776,Myron and Dating Standards,False
2026-04,136,0.004701022974115276,83.0,325,0.0024201778684939494,Erika Kirk Political Parody,True
2026-04,137,0.00037174588427620856,55.0,325,0.0016037323224959907,Nepal Floods and Rescue Efforts,False
2026-04,138,0.0006357617457427817,212.0,325,0.006181659133984546,BRICS and India Diplomacy,True
2026-04,139,0.005143522543005937,130.0,325,0.0037906400349905236,Anti-Fraud Efforts by VP Vance,True
2026-04,140,0.005588482167973635,257.0,325,0.0074938037614812655,police bodycam and law enforcement,True
2026-04,141,0.0002744957096142216,54.0,325,0.0015745735529960636,Venezuela Earthquake Disaster,False
2026-04,142,0.0017310835786838283,64.0,325,0.0018661612479953346,Melania Trump Events and Activities,True
2026-04,143,0.00043184336341661256,38.0,325,0.00110803324099723,Epstein investigation and Clinton testimony,True
2026-04,144,0.002678999052087587,104.0,325,0.0030325120279924185,Mexico Cartel Violence,True
2026-04,145,0.0017187153363443085,56.0,325,0.0016328910919959179,Gen Z and Generational Issues,True
2026-04,146,0.0052601393030559124,83.0,325,0.0024201778684939494,MAGA Arguments and Debates,True
2026-04,147,0.001153006239079677,25.0,325,0.0007289692374981776,Woke Culture Evolution,True
2026-04,148,0.0014358985967039672,69.0,325,0.00201195509549497,Karoline Leavitt and Trump Resignation Scandal,True
2026-04,149,0.0008660358134942701,14.0,325,0.00040822277299897946,Andrew Tate Arrest and Legal Issues,True
2026-04,150,0.0009435826173464923,41.0,325,0.0011955095494970112,Climate Change and Heatwaves in Europe,False
2026-04,151,0.003214304773122768,127.0,325,0.003703163726490742,Political Media and War Room Discussions,True
2026-04,152,0.0003679956218392762,8.0,325,0.00023327015599941683,Trump aide Natalie Harp and Jon Ossoff,True
2026-04,153,0.004959293845051214,264.0,325,0.007697915147980755,Trump and NATO Relations,True
2026-04,154,0.0045143750478876,98.0,325,0.002857559410992856,Media and Journalism Critique,True
2026-04,155,0.002567774605745972,47.0,325,0.001370462166496574,Glenn Beck Political Commentary,True
2026-04,156,0.002646239010624124,124.0,325,0.0036156874179909607,Trump and Crypto Scandals,True
2026-04,157,0.00106814882524943,33.0,325,0.0009622393934975944,Spain-Morocco Border Migrant Crisis,True
2026-04,158,0.0007393870829134586,31.0,325,0.0009039218544977402,Tulsi Gabbard and DNI Resignation,True
2026-04,159,0.004941313302810365,48.0,325,0.0013996209359965009,Political Figures and Callouts,True
2026-04,160,0.0020623615384360483,38.0,325,0.00110803324099723,TikTok Censorship and Political Debates,True
2026-04,161,0.007373021920043254,82.0,325,0.0023910190989940225,Political Comedy and Media,True
2026-04,162,0.0033135051059720575,78.0,325,0.002274384020994314,Trump's Beef and Food Policy Impact,True
2026-04,163,0.003410241497470993,126.0,325,0.003674004956990815,RFK Jr. Testifies on HHS Priorities,True
2026-04,164,0.0006581929974101218,64.0,325,0.0018661612479953346,Trump Medal of Honor Ceremonies,True
2026-04,165,0.0011687114344707092,13.0,325,0.0003790640034990523,Joe Kent Resignation and Leaks,True
2026-04,166,0.0012407493922397704,37.0,325,0.0010788744714973029,Treasury Secretary Scott Bessent Testifies,True
2026-04,167,0.0007940591797076772,17.0,325,0.0004956990814987607,Dolly Parton's Death and Legacy,False
2026-04,168,0.00952788973226524,232.0,325,0.006764834523983088,Trump's Unthinkable Actions,True
2026-04,169,0.0014709210679574789,29.0,325,0.000845604315497886,No Kings Protests Movement,True
2026-04,170,0.001454471116915039,60.0,325,0.0017495261699956262,Meta Social Media Trial and Addiction Lawsuits,True
2026-04,171,0.0007719558618545527,36.0,325,0.0010497157019973757,Stephen Miller Meltdowns and Controversies,True
2026-04,172,0.001089497390285747,19.0,325,0.000554016620498615,Behind the scenes streaming,False
2026-04,173,0.008522295906375196,81.0,325,0.0023618603294940956,JLP Weekly Series,False
2026-04,174,0.0008569190926814178,96.0,325,0.0027992418719930017,NATO Summit and Political Leaders,True
2026-04,175,0.0006067110981788713,67.0,325,0.001953637556495116,Winter Storm Impacts Across the US,False
2026-04,176,0.006556368086000335,272.0,325,0.007931185303980171,Eric Swalwell Allegations and Resignation,True
2026-04,177,0.0003045248879639945,7.0,325,0.00020411138649948973,DSA and Democratic Party Conflict,True
2026-04,178,5.9093332996695686e-05,14.0,325,0.00040822277299897946,Prince Andrew Epstein Arrest Revelations,True
2026-04,179,0.0009551598055135657,37.0,325,0.0010788744714973029,Coal Industry Announcements,True
2026-04,180,0.0008406506629121305,55.0,325,0.0016037323224959907,Media headlines and trends,False
2026-04,181,0.0013731294032649818,30.0,325,0.0008747630849978131,Trump and housing crisis,True
2026-04,182,0.0032384368820273417,59.0,325,0.001720367400495699,Tim Pool and Dave Rubin debates,True
2026-04,183,0.0009191315925903362,92.0,325,0.0026826067939932936,Morning News Headlines,True
2026-04,184,0.0008489482722039181,18.0,325,0.0005248578509986879,John Fetterman and Democratic Party Controversy,True
2026-04,185,0.0014614015126732946,23.0,325,0.0006706516984983234,Trump Leverage and Political Strategy,True
2026-04,186,0.0003826597905236746,18.0,325,0.0005248578509986879,DHS Secretary Confirmation Hearing,True
2026-04,187,0.0005852073771285507,107.0,325,0.0031199883364922,Trump and Macron G7 Summit Meetings,True
2026-04,188,0.003837547976099935,59.0,325,0.001720367400495699,Abortion and Pro-Life Debate,True
2026-04,189,0.0070554592128598765,110.0,325,0.0032074646449919814,SPLC Indictment and Hate Groups,True
2026-04,190,0.0014684592896293891,44.0,325,0.0012829858579967925,Trump and Iran War Discussion,True
2026-04,191,0.0009674511703689094,41.0,325,0.0011955095494970112,Jesse Jackson Civil Rights Legacy,True
2026-04,192,0.0015406936589397145,87.0,325,0.002536812946493658,Political Breakfast Shows,True
2026-04,193,0.001025933184285373,40.0,325,0.001166350779997084,MAGA Mike Johnson political turmoil,True
2026-04,194,0.001352559244142146,71.0,325,0.0020702726344948245,Belfast riots and anti-immigration unrest,True
2026-04,195,0.0003586847261615702,25.0,325,0.0007289692374981776,Trump's name removal from Kennedy Center,True
2026-04,196,0.004558440234557969,78.0,325,0.002274384020994314,California Billionaire Tax Debate,True
2026-04,197,0.0014811402496113068,33.0,325,0.0009622393934975944,Gaming Industry and Culture,False
2026-04,198,0.0034712172176756787,51.0,325,0.0014870972444962823,Ben Shapiro and Political Media,True
2026-04,199,0.00782680196079062,144.0,325,0.004198862807989503,Members Only Bonus Shows,True
2026-04,200,0.00334597899318384,74.0,325,0.0021577489429946057,Homelessness in US Cities,True
2026-04,201,0.00046079813929929514,18.0,325,0.0005248578509986879,Jack Smith Testifies on Trump Investigations,True
2026-04,202,0.00035699832776178627,24.0,325,0.0006998104679982504,Trump at Davos and World Economic Forum,True
2026-04,203,0.0013895616037293392,12.0,325,0.0003499052339991252,Asmongold controversy and bans,False
2026-04,204,0.00438192542782082,192.0,325,0.0055984837439860035,Hungary Election and Orbán's Political Fate,True
2026-04,205,0.00011136022638482967,10.0,325,0.000291587694999271,Tom Homan Border Czar Press Conferences,True
2026-04,206,0.004332880527292774,46.0,325,0.0013413033969966468,Political Commentary and Guests,True
2026-04,207,0.002891179053092846,127.0,325,0.003703163726490742,ISIS-inspired NYC terror plots,True
2026-04,208,0.004165871366836479,85.0,325,0.0024784954074938037,Kamala Harris 2028 Presidential Run,True
2026-04,209,0.0034819697342965885,57.0,325,0.0016620498614958448,Billionaire Influence in Politics,True
2026-04,210,0.0006764080882107117,7.0,325,0.00020411138649948973,Christopher Nolan's Odyssey Reviews,False
2026-04,211,0.0020419513970328053,70.0,325,0.002041113864994897,White House Press Briefing by Karoline Leavitt,True
2026-04,212,0.0030244018810725915,71.0,325,0.0020702726344948245,Political Podcasts and Media,True
2026-04,213,0.00984378442256347,81.0,325,0.0023618603294940956,Books and Cultural Commentary,True
2026-04,214,0.0004763498450976535,46.0,325,0.0013413033969966468,Houthis Yemen Red Sea Conflict,True
2026-04,215,0.0017020744019767705,190.0,325,0.00554016620498615,Africa Insurgencies and Conflicts,True
2026-04,216,0.0059073396067047075,154.0,325,0.004490450502988774,Melania Trump and Epstein Scandal,True
2026-04,217,0.0013848763755796379,64.0,325,0.0018661612479953346,Damage and Injury Reports,False
2026-04,218,0.0015407569630509444,67.0,325,0.001953637556495116,Europe and Trump Political Relations,True
2026-04,219,0.0023238030954260795,81.0,325,0.0023618603294940956,Global Energy Crisis and Policy,True
2026-04,220,0.0008055746588083577,40.0,325,0.001166350779997084,Trump and American Farmers,True
2026-04,221,0.0009630626692975182,38.0,325,0.00110803324099723,Trump signing executive orders,True
2026-04,222,0.0007952187355523458,23.0,325,0.0006706516984983234,NBA Championship Celebrations,False
2026-04,223,0.0014992483858292096,44.0,325,0.0012829858579967925,Marjorie Taylor Greene and Trump Conflict,True
2026-05,0,0.008699183743541755,268.0,325,0.0080019109040965,ICE protests in Minneapolis,True
2026-05,1,0.03037804357851769,498.0,325,0.014869222500895736,Shocking Events and Reactions,True
2026-05,2,0.03417231966055973,640.0,325,0.01910904096500657,Israel and Palestine Conflict,True
2026-05,3,0.028296163324255663,1755.0,325,0.05240057327122895,Trump and Iran War Negotiations,True
2026-05,4,0.013455056857390318,991.0,325,0.02958915561925236,Ukraine-Russia War and Political Figures,True
2026-05,5,0.0286606304113606,1543.0,325,0.04607070345157052,Trump and China Relations,True
2026-05,6,0.002180828552887157,98.0,325,0.0029260718977666307,Trump vs Maduro in Venezuela,True
2026-05,7,0.013121465872742,499.0,325,0.014899080377403558,Iran political unrest,True
2026-05,8,0.01504729762134777,447.0,325,0.013346470798996776,AI and Political Implications,True
2026-05,9,0.008005476117914332,1368.0,325,0.04084557506270154,Indian Politics and Delhi Riots,True
2026-05,10,0.005017377716220767,191.0,325,0.005702854412994148,JD Vance and Trump Political Drama,True
2026-05,11,0.005362525480359495,138.0,325,0.004120386958079541,Zohran Mamdani and NYC Politics,True
2026-05,12,0.004684370322899201,252.0,325,0.007524184879971337,Pete Hegseth Senate Hearing on Iran War,True
2026-05,13,0.007677061332979391,783.0,325,0.023378717305625223,Hormuz Strait Blockade Conflict,True
2026-05,14,0.00937718792979491,88.0,325,0.002627493132688403,Hasan Piker Controversy,True
2026-05,15,0.01602364159340096,238.0,325,0.0071061746088618176,Christian Nationalism and Politics,True
2026-05,16,0.0032424761600968947,65.0,325,0.0019407619730084796,Charlie Kirk Murder Trial,True
2026-05,17,0.0073413130838598925,192.0,325,0.00573271228950197,Islam and Political Extremism,True
2026-05,18,0.00737470693337178,157.0,325,0.004687686611728174,Epstein Files Revelations,True
2026-05,19,0.002003380877803057,114.0,325,0.003403797921891795,Lindsay Clancy Murder Trial,True
2026-05,20,0.015261045982586147,178.0,325,0.005314702018392452,Feminism and Gender Roles Debate,True
2026-05,21,0.009305877293394972,169.0,325,0.005045981129822047,California Election Fraud Scandal,True
2026-05,22,0.002210432593441734,178.0,325,0.005314702018392452,FIFA World Cup and Trump controversy,True
2026-05,23,0.0059160536879573795,326.0,325,0.00973366774155022,White House Correspondents Dinner Shooting,True
2026-05,24,0.010574190770951454,265.0,325,0.007912337274573033,UK Political Chaos and Reform UK,True
2026-05,25,0.011841368679602667,177.0,325,0.005284844141884629,American History and Political Threats,True
2026-05,26,0.003231247845698934,104.0,325,0.0031052191568135675,Trump and Epstein Files Scandal,True
2026-05,27,0.007190664182895891,95.0,325,0.0028364982682431627,Tucker Carlson Political Commentary,True
2026-05,28,0.00033441497544522573,30.0,325,0.0008957362952346829,Trump and Greenland politics,True
2026-05,29,0.004764478131106126,278.0,325,0.008300489669174729,Israel-Lebanon Conflict and Ceasefire,True
2026-05,30,0.004675571452697541,198.0,325,0.005911859548548907,UK PM Keir Starmer Resignation Calls,True
2026-05,31,0.0024473499518236084,89.0,325,0.002657351009196226,Artemis II Moon Mission Updates,False
2026-05,32,0.016348174073015153,410.0,325,0.012241729368207332,Democratic Party and Midterm Elections,True
2026-05,33,0.00843596713759609,107.0,325,0.0031947927863370355,Candace Owens Controversies,True
2026-05,34,0.012371982081494778,159.0,325,0.00474740236474382,Black America and Racism Discussions,True
2026-05,35,0.001359586715596598,73.0,325,0.002179624985071062,Pam Bondi and Trump Firing,True
2026-05,36,0.004957337275125562,171.0,325,0.0051056968828376926,Elon Musk and Political Controversies,True
2026-05,37,0.012418264257666883,363.0,325,0.010838409172339664,US-Cuba Relations and Political Tensions,True
2026-05,38,0.008970849119596799,301.0,325,0.008987220828854652,Trump Midterm Election Scheme,True
2026-05,39,0.0030169140955191767,138.0,325,0.004120386958079541,DHS Shutdown and Government Funding,True
2026-05,40,0.0006361423781680115,32.0,325,0.0009554520482503284,Lindsey Graham's Death and Legacy,True
2026-05,41,0.009255946957764681,288.0,325,0.008599068434252956,Trump's Mental Decline,True
2026-05,42,0.0032365349941168983,152.0,325,0.00453839722918906,Karmelo Anthony Trial Verdict,True
2026-05,43,0.006973038122058342,279.0,325,0.008330347545682551,Texas Senate race and political figures,True
2026-05,44,0.008130099760138327,200.0,325,0.005971575301564553,Hollywood and Awards Controversy,True
2026-05,45,0.005420557517224859,93.0,325,0.002776782515227517,Right-Wing Political Figures Debate,True
2026-05,46,0.00583849223064247,519.0,325,0.015496237907560014,Iran-US military conflict in Gulf,True
2026-05,47,0.003964004384359285,184.0,325,0.005493849277439389,Immigration and Deportation Policies,True
2026-05,48,0.009292784500916015,155.0,325,0.0046279708587125285,Health Industry and Big Pharma,False
2026-05,49,0.002841702465317106,155.0,325,0.0046279708587125285,Fox News and Trump on Air,True
2026-05,50,0.013352405135973354,165.0,325,0.004926549623790756,Left-Wing Political Violence,True
2026-05,51,0.01018301450078492,322.0,325,0.00961423623551893,UFO Government Disclosure,True
2026-05,52,0.004720581072844068,172.0,325,0.005135554759345515,Trump's War and Panic,True
2026-05,53,0.0008408216962223215,10.0,325,0.00029857876507822763,Kristi Noem Firing by Trump,True
2026-05,54,0.01142365040063248,275.0,325,0.00821091603965126,2026 primary election coverage,True
2026-05,55,0.0018541900125196428,108.0,325,0.0032246506628448583,Todd Blanche Attorney General Confirmation,True
2026-05,56,0.00611001315504461,91.0,325,0.0027170667622118715,Alberta independence movement,True
2026-05,57,0.0003801117101882141,24.0,325,0.0007165890361877463,Canada-US Trade War,True
2026-05,58,0.00203471294697099,33.0,325,0.000985309924758151,Fauci Senate Testimony Controversy,True
2026-05,59,0.006753427694141062,244.0,325,0.007285321867908754,Trump Economy and Economic Concerns,True
2026-05,60,0.00521122399657194,169.0,325,0.005045981129822047,Trump delivering remarks,True
2026-05,61,0.00731790327534872,162.0,325,0.004836975994267288,MAGA Movement Crisis,True
2026-05,62,0.0005949671482942972,16.0,325,0.0004777260241251642,Abdul El-Sayed vs AIPAC in Michigan Senate Primary,True
2026-05,63,0.000992567973319138,79.0,325,0.0023587722441179983,Nancy Guthrie Disappearance Case,False
2026-05,64,0.0031080830535579005,55.0,325,0.001642183207930252,Graham Platner Senate Race Scandal,True
2026-05,65,0.0008662141747352727,42.0,325,0.0012540308133285561,Trump State of the Union Address,True
2026-05,66,0.001241282735343374,31.0,325,0.0009255941717425057,Gavin Newsom Political Controversies,True
2026-05,67,0.008638777915231786,204.0,325,0.006091006807595844,Black Voting Rights and Political Power,True
2026-05,68,0.004636063501955252,62.0,325,0.0018511883434850114,Destiny and Ethan Klein legal disputes,False
2026-05,69,0.0048740911454474446,187.0,325,0.005583422906962857,America 250th Anniversary Celebrations,True
2026-05,70,0.0035770895538757273,267.0,325,0.007972053027588678,Marco Rubio Testifies on Iran War,True
2026-05,71,0.0004719370446571619,13.0,325,0.00038815239460169594,Don Lemon Arrested,True
2026-05,72,1.3732882953654135e-05,3.0,325,8.957362952346828e-05,Nolan Wells Investigation,False
2026-05,73,0.009916243300076122,234.0,325,0.006986743102830526,War and Military Analysis,True
2026-05,74,0.016515997069799837,180.0,325,0.005374417771408097,Iran and Political Updates,True
2026-05,75,0.0005611068066187434,26.0,325,0.0007763047892033919,Supreme Court and Birthright Citizenship,True
2026-05,76,0.0009756106955587995,30.0,325,0.0008957362952346829,9/11 Remembrance 25 Years Later,True
2026-05,77,0.0031254055224573044,107.0,325,0.0031947927863370355,Healthcare and Medicare Fraud,True
2026-05,78,0.00323536512868173,160.0,325,0.004777260241251642,Media Culture War Involving CNN and CBS,True
2026-05,79,0.001953469422381433,38.0,325,0.001134599307297265,Somali Fraud in Minnesota,True
2026-05,80,0.00443899013466079,254.0,325,0.007583900632986982,Trump and Gas Prices,True
2026-05,81,0.003971297758221301,179.0,325,0.005344559894900275,Trump's Health Concerns,True
2026-05,82,0.0011434845708505632,32.0,325,0.0009554520482503284,Joe Rogan and Trump Political Discussions,True
2026-05,83,0.009337334571456404,299.0,325,0.008927505075839006,Virginia redistricting and gerrymandering,True
2026-05,84,0.006647004562051673,177.0,325,0.005284844141884629,Trump Court Legal Battles,True
2026-05,85,0.002295493538142981,40.0,325,0.0011943150603129105,Bill Maher Political Commentary,True
2026-05,86,0.0007427142554601216,45.0,325,0.0013436044428520243,Supreme Court and Trump Tariffs,True
2026-05,87,0.008987835530273318,205.0,325,0.006120864684103666,Supreme Court rulings and controversies,True
2026-05,88,0.0009661332122738144,19.0,325,0.0005672996536486325,Sneako and Nick Fuentes Political Debates,True
2026-05,89,0.000924190983108935,23.0,325,0.0006867311596799236,WNBA and Sophie Cunningham controversy,True
2026-05,90,0.007493618374371142,227.0,325,0.006777737967275767,Trump and DOJ Legal Issues,True
2026-05,91,0.0013232175164677085,39.0,325,0.0011644571838050877,African refugees and FBAs in South Africa,True
2026-05,92,0.0011927590094382937,45.0,325,0.0013436044428520243,Ilhan Omar Legal Issues,True
2026-05,93,0.004805589959280724,194.0,325,0.005792428042517616,Trump press conference outbursts,True
2026-05,94,0.0053471131488518385,96.0,325,0.002866356144750985,AI Data Centers Debate,True
2026-05,95,0.0021631084631954785,195.0,325,0.005822285919025439,Europe Wildfires and Evacuations,False
2026-05,96,0.00396224692219035,158.0,325,0.0047175444882359965,Kash Patel and FBI Scandals,True
2026-05,97,0.003933669184833054,135.0,325,0.004030813328556073,Hunter Biden and Joe Biden Political Drama,True
2026-05,98,0.0026501567413935796,65.0,325,0.0019407619730084796,Transgender Athletes in Women's Sports,True
2026-05,99,0.011681639739052379,165.0,325,0.004926549623790756,Spencer Pratt LA Mayoral Race,True
2026-05,100,0.0032309485701869363,79.0,325,0.0023587722441179983,Melania Trump and Michael Wolff Legal Drama,True
2026-05,101,0.005865316355547116,82.0,325,0.0024483458736414667,UFC at White House Event,True
2026-05,102,0.0036928634491137837,80.0,325,0.002388630120625821,Megyn Kelly and Political Rants,True
2026-05,103,0.003120819608490772,288.0,325,0.008599068434252956,Iran War and Oil Market Impact,True
2026-05,104,0.0052625566796047525,56.0,325,0.0016720410844380748,Transgender Rights and Political Debate,True
2026-05,105,0.0037076922796270553,155.0,325,0.0046279708587125285,Trump White House Ballroom Project,True
2026-05,106,0.002211970543745574,208.0,325,0.006210438313627135,Iran-Israel missile conflict,True
2026-05,107,0.002307982347916041,108.0,325,0.0032246506628448583,Trump and Pope Leo Feud,True
2026-05,108,0.013134239551970671,638.0,325,0.019049325211990924,Covid Vaccine Controversy,True
2026-05,109,0.0006209948662517553,43.0,325,0.0012838886898363787,King Charles III and Trump State Visit,True
2026-05,110,0.010678438271109607,392.0,325,0.011704287591066523,Trump Slush Fund Scandal,True
2026-05,111,0.0013073794226050265,30.0,325,0.0008957362952346829,Super Bowl Halftime Show Controversy,True
2026-05,112,0.006103523834844452,148.0,325,0.004418965723157769,Education and Schools Controversy,True
2026-05,113,0.0004238848632517441,32.0,325,0.0009554520482503284,Trump Reflecting Pool Vandalism Scandal,True
2026-05,114,0.005637372972761319,187.0,325,0.005583422906962857,ABC News and Political Media Figures,True
2026-05,115,0.004465432598192138,125.0,325,0.0037322345634778456,Jimmy Kimmel and Trump media conflict,True
2026-05,116,0.00037337826640677376,29.0,325,0.0008658784187268602,Mitch McConnell Health Mystery,True
2026-05,117,0.002005485697184428,59.0,325,0.001761614713961543,AOC and Political Ambitions,True
2026-05,118,0.0007794206194216343,50.0,325,0.0014928938253911382,US Politics and Winter Olympics,True
2026-05,119,0.0010690305062022519,34.0,325,0.001015167801265974,UK Prime Minister Andy Burnham,True
2026-05,120,0.002379473904256436,40.0,325,0.0011943150603129105,Socialism in the Democratic Party,True
2026-05,121,0.006156515365568236,201.0,325,0.006001433178072376,Tech Business Founders and Industry,False
2026-05,122,0.001612829611119693,102.0,325,0.003045503403797922,Fed Chair Kevin Warsh and Interest Rates,True
2026-05,123,0.0046843706053533675,167.0,325,0.004986265376806401,Political Podcasts and Commentary,True
2026-05,124,0.0009858703028976215,66.0,325,0.001970619849516302,SAVE Act Senate Battle,True
2026-05,125,0.001220765488116131,27.0,325,0.0008061626657112146,Hakeem Jeffries and Political Press Conferences,True
2026-05,126,0.0025261037878978785,145.0,325,0.0043293920936343004,Inflation and Precious Metals,True
2026-05,127,0.0039787010505445445,68.0,325,0.002030335602531948,HasanAbi 2026 Events,True
2026-05,128,0.003230455290305206,349.0,325,0.010420398901230145,Plane Crash Investigations,False
2026-05,129,0.010948253995591,191.0,325,0.005702854412994148,Thomas Massie and Trump political conflict,True
2026-05,130,0.0015656730048849495,31.0,325,0.0009255941717425057,Piers Morgan and Political Debates,True
2026-05,131,0.009306835403730966,282.0,325,0.00841992117520602,Trump Secrets and Leaks,True
2026-05,132,0.002360140344363056,34.0,325,0.001015167801265974,Joe Budden and Marc Lamont Hill Podcast Controversy,True
2026-05,133,0.0024540827134784857,70.0,325,0.0020900513555475934,Brian Shapiro vs MAGA Callers Debate,True
2026-05,134,0.0007979790864406248,13.0,325,0.00038815239460169594,Political News Coverage,True
2026-05,135,0.0020818127608825286,28.0,325,0.0008360205422190374,Myron and Dating Standards,False
2026-05,136,0.0034068510945508604,46.0,325,0.0013734623193598472,Erika Kirk Political Parody,True
2026-05,137,0.0009953088460901433,148.0,325,0.004418965723157769,Nepal Floods and Rescue Efforts,False
2026-05,138,0.0017876687848741896,503.0,325,0.01501851188343485,BRICS and India Diplomacy,True
2026-05,139,0.005015734492729689,178.0,325,0.005314702018392452,Anti-Fraud Efforts by VP Vance,True
2026-05,140,0.0045630767505934955,264.0,325,0.007882479398065209,police bodycam and law enforcement,True
2026-05,141,0.00038388534609162827,73.0,325,0.002179624985071062,Venezuela Earthquake Disaster,False
2026-05,142,0.0023603674330832515,81.0,325,0.002418487997133644,Melania Trump Events and Activities,True
2026-05,143,0.0010910445956410606,41.0,325,0.0012241729368207333,Epstein investigation and Clinton testimony,True
2026-05,144,0.0016275336447969483,97.0,325,0.002896214021258808,Mexico Cartel Violence,True
2026-05,145,0.0035346772192972453,64.0,325,0.0019109040965006568,Gen Z and Generational Issues,True
2026-05,146,0.006346660722256942,101.0,325,0.003015645527290099,MAGA Arguments and Debates,True
2026-05,147,0.0015644255123611838,31.0,325,0.0009255941717425057,Woke Culture Evolution,True
2026-05,148,0.0008240813249836496,15.0,325,0.00044786814761734145,Karoline Leavitt and Trump Resignation Scandal,True
2026-05,149,0.0005918824171101026,7.0,325,0.00020900513555475935,Andrew Tate Arrest and Legal Issues,True
2026-05,150,0.0014646982181954035,94.0,325,0.00280664039173534,Climate Change and Heatwaves in Europe,False
2026-05,151,0.0025721577327997205,107.0,325,0.0031947927863370355,Political Media and War Room Discussions,True
2026-05,152,0.0002199761579385997,10.0,325,0.00029857876507822763,Trump aide Natalie Harp and Jon Ossoff,True
2026-05,153,0.0018863462902673253,178.0,325,0.005314702018392452,Trump and NATO Relations,True
2026-05,154,0.004566783207391976,121.0,325,0.0036128030574465544,Media and Journalism Critique,True
2026-05,155,0.0015448687384376249,32.0,325,0.0009554520482503284,Glenn Beck Political Commentary,True
2026-05,156,0.0033359970316334097,133.0,325,0.003971097575540428,Trump and Crypto Scandals,True
2026-05,157,0.0006205572686855689,50.0,325,0.0014928938253911382,Spain-Morocco Border Migrant Crisis,True
2026-05,158,0.0028903699071492193,98.0,325,0.0029260718977666307,Tulsi Gabbard and DNI Resignation,True
2026-05,159,0.006988425150975364,68.0,325,0.002030335602531948,Political Figures and Callouts,True
2026-05,160,0.00228888369606621,30.0,325,0.0008957362952346829,TikTok Censorship and Political Debates,True
2026-05,161,0.007547532228314455,89.0,325,0.002657351009196226,Political Comedy and Media,True
2026-05,162,0.001797197292912667,96.0,325,0.002866356144750985,Trump's Beef and Food Policy Impact,True
2026-05,163,0.0008713117588037818,24.0,325,0.0007165890361877463,RFK Jr. Testifies on HHS Priorities,True
2026-05,164,0.00428836829407339,200.0,325,0.005971575301564553,Trump Medal of Honor Ceremonies,True
2026-05,165,6.887693435823599e-05,5.0,325,0.00014928938253911382,Joe Kent Resignation and Leaks,True
2026-05,166,0.0012156615025772934,55.0,325,0.001642183207930252,Treasury Secretary Scott Bessent Testifies,True
2026-05,167,0.0007941948013771055,20.0,325,0.0005971575301564553,Dolly Parton's Death and Legacy,False
2026-05,168,0.00873600052304261,207.0,325,0.006180580437119312,Trump's Unthinkable Actions,True
2026-05,169,0.0008276077307491288,19.0,325,0.0005672996536486325,No Kings Protests Movement,True
2026-05,170,0.0020627899489638157,62.0,325,0.0018511883434850114,Meta Social Media Trial and Addiction Lawsuits,True
2026-05,171,0.0014369528104693679,39.0,325,0.0011644571838050877,Stephen Miller Meltdowns and Controversies,True
2026-05,172,0.0017889661898725607,19.0,325,0.0005672996536486325,Behind the scenes streaming,False
2026-05,173,0.007737265515746297,87.0,325,0.0025976352561805803,JLP Weekly Series,False
2026-05,174,0.0005298222028405882,72.0,325,0.002149767108563239,NATO Summit and Political Leaders,True
2026-05,175,0.0004971691020070676,49.0,325,0.0014630359488833154,Winter Storm Impacts Across the US,False
2026-05,176,0.00021530814282671437,9.0,325,0.0002687208885704049,Eric Swalwell Allegations and Resignation,True
2026-05,177,7.331162170308013e-05,7.0,325,0.00020900513555475935,DSA and Democratic Party Conflict,True
2026-05,178,0.000282162039981266,25.0,325,0.0007464469126955691,Prince Andrew Epstein Arrest Revelations,True
2026-05,179,0.0013327801932712766,43.0,325,0.0012838886898363787,Coal Industry Announcements,True
2026-05,180,0.0010858870088402675,50.0,325,0.0014928938253911382,Media headlines and trends,False
2026-05,181,0.0022933372930268657,53.0,325,0.0015824674549146066,Trump and housing crisis,True
2026-05,182,0.0034850067583470797,44.0,325,0.0013137465663442015,Tim Pool and Dave Rubin debates,True
2026-05,183,0.0008638699259657728,89.0,325,0.002657351009196226,Morning News Headlines,True
2026-05,184,0.0017777333946784912,37.0,325,0.0011047414307894423,John Fetterman and Democratic Party Controversy,True
2026-05,185,0.0016260829661559177,23.0,325,0.0006867311596799236,Trump Leverage and Political Strategy,True
2026-05,186,0.0005690604288554499,20.0,325,0.0005971575301564553,DHS Secretary Confirmation Hearing,True
2026-05,187,0.0013892333672219075,159.0,325,0.00474740236474382,Trump and Macron G7 Summit Meetings,True
2026-05,188,0.0047044364152937146,93.0,325,0.002776782515227517,Abortion and Pro-Life Debate,True
2026-05,189,0.0011032144294126375,38.0,325,0.001134599307297265,SPLC Indictment and Hate Groups,True
2026-05,190,0.001423252419146746,40.0,325,0.0011943150603129105,Trump and Iran War Discussion,True
2026-05,191,0.00111257200295404,42.0,325,0.0012540308133285561,Jesse Jackson Civil Rights Legacy,True
2026-05,192,0.0012623970900683856,89.0,325,0.002657351009196226,Political Breakfast Shows,True
2026-05,193,0.0013551502066234612,49.0,325,0.0014630359488833154,MAGA Mike Johnson political turmoil,True
2026-05,194,0.0013066132499858004,72.0,325,0.002149767108563239,Belfast riots and anti-immigration unrest,True
2026-05,195,0.0006192390295912634,28.0,325,0.0008360205422190374,Trump's name removal from Kennedy Center,True
2026-05,196,0.0019826496130133826,56.0,325,0.0016720410844380748,California Billionaire Tax Debate,True
2026-05,197,0.001398214119297313,39.0,325,0.0011644571838050877,Gaming Industry and Culture,False
2026-05,198,0.004430587374529567,68.0,325,0.002030335602531948,Ben Shapiro and Political Media,True
2026-05,199,0.004321036017722853,128.0,325,0.0038218081930013136,Members Only Bonus Shows,True
2026-05,200,0.005543534299859995,136.0,325,0.004060671205063896,Homelessness in US Cities,True
2026-05,201,0.0005808897078289759,19.0,325,0.0005672996536486325,Jack Smith Testifies on Trump Investigations,True
2026-05,202,0.00022546757944684232,23.0,325,0.0006867311596799236,Trump at Davos and World Economic Forum,True
2026-05,203,0.0011463405207078013,13.0,325,0.00038815239460169594,Asmongold controversy and bans,False
2026-05,204,0.0003299661804354334,47.0,325,0.00140332019586767,Hungary Election and Orbán's Political Fate,True
2026-05,205,6.925128733531498e-05,12.0,325,0.00035829451809387314,Tom Homan Border Czar Press Conferences,True
2026-05,206,0.005103552896264605,65.0,325,0.0019407619730084796,Political Commentary and Guests,True
2026-05,207,0.00438974052189125,208.0,325,0.006210438313627135,ISIS-inspired NYC terror plots,True
2026-05,208,0.0030657001745080623,91.0,325,0.0027170667622118715,Kamala Harris 2028 Presidential Run,True
2026-05,209,0.008014982996114913,99.0,325,0.0029559297742744535,Billionaire Influence in Politics,True
2026-05,210,0.0030911329927054637,30.0,325,0.0008957362952346829,Christopher Nolan's Odyssey Reviews,False
2026-05,211,0.0008002770446708195,17.0,325,0.000507583900632987,White House Press Briefing by Karoline Leavitt,True
2026-05,212,0.0030337369607506665,92.0,325,0.0027469246387196943,Political Podcasts and Media,True
2026-05,213,0.007055971007649307,75.0,325,0.0022393407380867075,Books and Cultural Commentary,True
2026-05,214,0.0006436843405303004,82.0,325,0.0024483458736414667,Houthis Yemen Red Sea Conflict,True
2026-05,215,0.0017517492907957153,271.0,325,0.008091484533619969,Africa Insurgencies and Conflicts,True
2026-05,216,0.0007286918611788929,20.0,325,0.0005971575301564553,Melania Trump and Epstein Scandal,True
2026-05,217,0.0012482726427458187,56.0,325,0.0016720410844380748,Damage and Injury Reports,False
2026-05,218,0.0017451794687561133,83.0,325,0.0024782037501492895,Europe and Trump Political Relations,True
2026-05,219,0.001318626494719896,61.0,325,0.0018213304669771886,Global Energy Crisis and Policy,True
2026-05,220,0.0011070155926654448,49.0,325,0.0014630359488833154,Trump and American Farmers,True
2026-05,221,0.0008607211349543083,29.0,325,0.0008658784187268602,Trump signing executive orders,True
2026-05,222,0.0006647062899409976,38.0,325,0.001134599307297265,NBA Championship Celebrations,False
2026-05,223,0.0016778615320722204,33.0,325,0.000985309924758151,Marjorie Taylor Greene and Trump Conflict,True
2026-06,0,0.00883059948874162,237.0,319,0.006979826240612576,ICE protests in Minneapolis,True
2026-06,1,0.02989777451670926,535.0,319,0.015756147842733027,Shocking Events and Reactions,True
2026-06,2,0.037536438218216346,784.0,319,0.023089383006920924,Israel and Palestine Conflict,True
2026-06,3,0.036218282883183135,2035.0,319,0.05993226328964806,Trump and Iran War Negotiations,True
2026-06,4,0.013539175764575079,1033.0,319,0.03042261817110882,Ukraine-Russia War and Political Figures,True
2026-06,5,0.005972617229904251,341.0,319,0.01004270357826535,Trump and China Relations,True
2026-06,6,0.002555935433878912,118.0,319,0.0034751877484906495,Trump vs Maduro in Venezuela,True
2026-06,7,0.013348772504616021,483.0,319,0.014224709173906641,Iran political unrest,True
2026-06,8,0.01579252401897353,453.0,319,0.01334118686496834,AI and Political Implications,True
2026-06,9,0.00480218701469452,1314.0,319,0.03869827713149757,Indian Politics and Delhi Riots,True
2026-06,10,0.011838270999863352,412.0,319,0.012133706376085997,JD Vance and Trump Political Drama,True
2026-06,11,0.006682709443713573,154.0,319,0.0045354145192166104,Zohran Mamdani and NYC Politics,True
2026-06,12,0.0017315436436084557,90.0,319,0.002650566926814902,Pete Hegseth Senate Hearing on Iran War,True
2026-06,13,0.005551904156419488,483.0,319,0.014224709173906641,Hormuz Strait Blockade Conflict,True
2026-06,14,0.01054584723195702,101.0,319,0.002974525106758946,Hasan Piker Controversy,True
2026-06,15,0.015464181869150384,204.0,319,0.006007951700780445,Christian Nationalism and Politics,True
2026-06,16,0.0036388991056326503,69.0,319,0.0020321013105580915,Charlie Kirk Murder Trial,True
2026-06,17,0.008970885591747286,148.0,319,0.0043587100574289505,Islam and Political Extremism,True
2026-06,18,0.0031387791941256834,89.0,319,0.0026211161831836255,Epstein Files Revelations,True
2026-06,19,0.0011049741963763497,68.0,319,0.002002650566926815,Lindsay Clancy Murder Trial,True
2026-06,20,0.013460138818158347,149.0,319,0.004388160801060227,Feminism and Gender Roles Debate,True
2026-06,21,0.011354720718159055,323.0,319,0.00951259019290237,California Election Fraud Scandal,True
2026-06,22,0.015282843909899176,1090.0,319,0.032101310558091595,FIFA World Cup and Trump controversy,True
2026-06,23,0.002080748711170147,103.0,319,0.003033426594021499,White House Correspondents Dinner Shooting,True
2026-06,24,0.009813611280002582,219.0,319,0.006449712855249595,UK Political Chaos and Reform UK,True
2026-06,25,0.01594487826270567,259.0,319,0.007627742600500663,American History and Political Threats,True
2026-06,26,0.005052282249387964,172.0,319,0.00506552790457959,Trump and Epstein Files Scandal,True
2026-06,27,0.005069966625958799,108.0,319,0.0031806803121778825,Tucker Carlson Political Commentary,True
2026-06,28,0.0005902711328909647,15.0,319,0.00044176115446915035,Trump and Greenland politics,True
2026-06,29,0.011170820720036114,535.0,319,0.015756147842733027,Israel-Lebanon Conflict and Ceasefire,True
2026-06,30,0.007008182290770933,299.0,319,0.008805772345751731,UK PM Keir Starmer Resignation Calls,True
2026-06,31,0.0023326796610238093,90.0,319,0.002650566926814902,Artemis II Moon Mission Updates,False
2026-06,32,0.008977926358693954,295.0,319,0.008687969371226623,Democratic Party and Midterm Elections,True
2026-06,33,0.007649868953271025,92.0,319,0.0027094684140774555,Candace Owens Controversies,True
2026-06,34,0.014671459419741927,198.0,319,0.005831247238992784,Black America and Racism Discussions,True
2026-06,35,0.0005964881647011381,23.0,319,0.0006773671035193639,Pam Bondi and Trump Firing,True
2026-06,36,0.010531891573153013,353.0,319,0.010396112501840672,Elon Musk and Political Controversies,True
2026-06,37,0.001948106997863951,65.0,319,0.001914298336032985,US-Cuba Relations and Political Tensions,True
2026-06,38,0.007554483847119079,269.0,319,0.00792225003681343,Trump Midterm Election Scheme,True
2026-06,39,0.0016541702387335112,117.0,319,0.003445737004859373,DHS Shutdown and Government Funding,True
2026-06,40,0.0008900957374248682,32.0,319,0.0009424237962008541,Lindsey Graham's Death and Legacy,True
2026-06,41,0.009970831091759126,284.0,319,0.00836401119128258,Trump's Mental Decline,True
2026-06,42,0.024345142882476332,462.0,319,0.013606243557649831,Karmelo Anthony Trial Verdict,True
2026-06,43,0.0021301650164527596,86.0,319,0.002532763952289795,Texas Senate race and political figures,True
2026-06,44,0.008361926584641903,198.0,319,0.005831247238992784,Hollywood and Awards Controversy,True
2026-06,45,0.003940245816111459,85.0,319,0.0025033132086585185,Right-Wing Political Figures Debate,True
2026-06,46,0.004784261142168259,526.0,319,0.01549109115005154,Iran-US military conflict in Gulf,True
2026-06,47,0.005233150538758753,211.0,319,0.006214106906199382,Immigration and Deportation Policies,True
2026-06,48,0.007521034421239397,142.0,319,0.00418200559564129,Health Industry and Big Pharma,False
2026-06,49,0.0033311121728721903,142.0,319,0.00418200559564129,Fox News and Trump on Air,True
2026-06,50,0.009991949677194481,157.0,319,0.00462376675011044,Left-Wing Political Violence,True
2026-06,51,0.004981270042025183,159.0,319,0.004682668237372994,UFO Government Disclosure,True
2026-06,52,0.0035219344563873728,161.0,319,0.004741569724635547,Trump's War and Panic,True
2026-06,53,0.00010373977947750495,10.0,319,0.0002945074363127669,Kristi Noem Firing by Trump,True
2026-06,54,0.007818664526248374,236.0,319,0.006950375496981299,2026 primary election coverage,True
2026-06,55,0.0025629973963103856,126.0,319,0.0037107936975408627,Todd Blanche Attorney General Confirmation,True
2026-06,56,0.005309917458544945,104.0,319,0.003062877337652776,Alberta independence movement,True
2026-06,57,0.00041367123150847564,34.0,319,0.0010013252834634074,Canada-US Trade War,True
2026-06,58,0.0016412585749483238,40.0,319,0.0011780297452510676,Fauci Senate Testimony Controversy,True
2026-06,59,0.00492052264431699,148.0,319,0.0043587100574289505,Trump Economy and Economic Concerns,True
2026-06,60,0.006219168200867513,161.0,319,0.004741569724635547,Trump delivering remarks,True
2026-06,61,0.006753100431329957,145.0,319,0.00427035782653512,MAGA Movement Crisis,True
2026-06,62,0.000969153047757188,15.0,319,0.00044176115446915035,Abdul El-Sayed vs AIPAC in Michigan Senate Primary,True
2026-06,63,0.0015367363694052223,109.0,319,0.003210131055809159,Nancy Guthrie Disappearance Case,False
2026-06,64,0.00692172186674066,236.0,319,0.006950375496981299,Graham Platner Senate Race Scandal,True
2026-06,65,0.0015936699881274764,58.0,319,0.001708143130614048,Trump State of the Union Address,True
2026-06,66,0.0016987556932144242,69.0,319,0.0020321013105580915,Gavin Newsom Political Controversies,True
2026-06,67,0.004378833917350194,89.0,319,0.0026211161831836255,Black Voting Rights and Political Power,True
2026-06,68,0.006854003842609427,71.0,319,0.002091002797820645,Destiny and Ethan Klein legal disputes,False
2026-06,69,0.006518879211825906,210.0,319,0.006184656162568105,America 250th Anniversary Celebrations,True
2026-06,70,0.005249978551611156,260.0,319,0.00765719334413194,Marco Rubio Testifies on Iran War,True
2026-06,71,0.0006033979724326068,11.0,319,0.0003239581799440436,Don Lemon Arrested,True
2026-06,72,9.178096502304014e-06,2.0,319,5.890148726255338e-05,Nolan Wells Investigation,False
2026-06,73,0.008150838881087755,196.0,319,0.005772345751730231,War and Military Analysis,True
2026-06,74,0.018513358022176803,231.0,319,0.006803121778824916,Iran and Political Updates,True
2026-06,75,0.005733226900975426,183.0,319,0.005389486084523634,Supreme Court and Birthright Citizenship,True
2026-06,76,0.0010507746239585784,28.0,319,0.0008246208216757473,9/11 Remembrance 25 Years Later,True
2026-06,77,0.002269360518721261,84.0,319,0.002473862465027242,Healthcare and Medicare Fraud,True
2026-06,78,0.005959790277686251,203.0,319,0.005978500957149168,Media Culture War Involving CNN and CBS,True
2026-06,79,0.0007768663612279646,32.0,319,0.0009424237962008541,Somali Fraud in Minnesota,True
2026-06,80,0.00213980532552106,101.0,319,0.002974525106758946,Trump and Gas Prices,True
2026-06,81,0.004921849523124512,129.0,319,0.003799145928434693,Trump's Health Concerns,True
2026-06,82,0.0017450151022320119,35.0,319,0.001030776027094684,Joe Rogan and Trump Political Discussions,True
2026-06,83,0.0012432978315935264,33.0,319,0.0009718745398321308,Virginia redistricting and gerrymandering,True
2026-06,84,0.007608565721632814,249.0,319,0.0073332351641878955,Trump Court Legal Battles,True
2026-06,85,0.0028345129003405954,49.0,319,0.0014430864379325577,Bill Maher Political Commentary,True
2026-06,86,0.00034860711678429525,43.0,319,0.0012663819761448976,Supreme Court and Trump Tariffs,True
2026-06,87,0.009019912205944374,271.0,319,0.007981151524075983,Supreme Court rulings and controversies,True
2026-06,88,0.0008400282205702924,19.0,319,0.0005595641289942571,Sneako and Nick Fuentes Political Debates,True
2026-06,89,0.0007726029289817883,27.0,319,0.0007951700780444706,WNBA and Sophie Cunningham controversy,True
2026-06,90,0.005086150571185955,200.0,319,0.0058901487262553376,Trump and DOJ Legal Issues,True
2026-06,91,0.004003258398460767,64.0,319,0.0018848475924017082,African refugees and FBAs in South Africa,True
2026-06,92,0.0004938225677430103,19.0,319,0.0005595641289942571,Ilhan Omar Legal Issues,True
2026-06,93,0.0099827490606262,325.0,319,0.009571491680164924,Trump press conference outbursts,True
2026-06,94,0.002022222701739973,58.0,319,0.001708143130614048,AI Data Centers Debate,True
2026-06,95,0.001876543994112994,216.0,319,0.006361360624355765,Europe Wildfires and Evacuations,False
2026-06,96,0.00046400190015090473,43.0,319,0.0012663819761448976,Kash Patel and FBI Scandals,True
2026-06,97,0.004710004527328604,148.0,319,0.0043587100574289505,Hunter Biden and Joe Biden Political Drama,True
2026-06,98,0.004016747950966648,125.0,319,0.003681342953909586,Transgender Athletes in Women's Sports,True
2026-06,99,0.008834371535039211,147.0,319,0.004329259313797673,Spencer Pratt LA Mayoral Race,True
2026-06,100,0.004185977264509483,122.0,319,0.003592990723015756,Melania Trump and Michael Wolff Legal Drama,True
2026-06,101,0.012997314135519966,390.0,319,0.011485790016197909,UFC at White House Event,True
2026-06,102,0.004947676931277163,99.0,319,0.002915623619496392,Megyn Kelly and Political Rants,True
2026-06,103,0.0028061079673568725,194.0,319,0.005713444264467678,Iran War and Oil Market Impact,True
2026-06,104,0.005449773185619092,89.0,319,0.0026211161831836255,Transgender Rights and Political Debate,True
2026-06,105,0.003058373289091492,116.0,319,0.003416286261228096,Trump White House Ballroom Project,True
2026-06,106,0.003844522743778561,311.0,319,0.00915918126932705,Iran-Israel missile conflict,True
2026-06,107,0.00127911437467195,95.0,319,0.0027978206449712855,Trump and Pope Leo Feud,True
2026-06,108,0.003697260352993837,149.0,319,0.004388160801060227,Covid Vaccine Controversy,True
2026-06,109,0.00025983679191367103,39.0,319,0.001148579001619791,King Charles III and Trump State Visit,True
2026-06,110,0.005576985696430422,215.0,319,0.006331909880724488,Trump Slush Fund Scandal,True
2026-06,111,0.0009936282192465125,22.0,319,0.0006479163598880872,Super Bowl Halftime Show Controversy,True
2026-06,112,0.005404428231545902,111.0,319,0.0032690325430717124,Education and Schools Controversy,True
2026-06,113,0.006043352796070886,228.0,319,0.006714769547931086,Trump Reflecting Pool Vandalism Scandal,True
2026-06,114,0.0035887587639901308,163.0,319,0.0048004712118981,ABC News and Political Media Figures,True
2026-06,115,0.0010122440232657865,42.0,319,0.001236931232513621,Jimmy Kimmel and Trump media conflict,True
2026-06,116,0.0005328779143757249,25.0,319,0.0007362685907819172,Mitch McConnell Health Mystery,True
2026-06,117,0.0009729065263636327,21.0,319,0.0006184656162568105,AOC and Political Ambitions,True
2026-06,118,0.0007126226720346791,39.0,319,0.001148579001619791,US Politics and Winter Olympics,True
2026-06,119,0.002994211167644587,120.0,319,0.003534089235753203,UK Prime Minister Andy Burnham,True
2026-06,120,0.00648033273009345,157.0,319,0.00462376675011044,Socialism in the Democratic Party,True
2026-06,121,0.006928158599772014,251.0,319,0.007392136651450449,Tech Business Founders and Industry,False
2026-06,122,0.0015712313912464772,114.0,319,0.003357384773965543,Fed Chair Kevin Warsh and Interest Rates,True
2026-06,123,0.0031523248432007854,152.0,319,0.004476513031954057,Political Podcasts and Commentary,True
2026-06,124,0.002272027640544058,116.0,319,0.003416286261228096,SAVE Act Senate Battle,True
2026-06,125,0.0003226784221742302,31.0,319,0.0009129730525695774,Hakeem Jeffries and Political Press Conferences,True
2026-06,126,0.003352082917002894,141.0,319,0.004152554852010013,Inflation and Precious Metals,True
2026-06,127,0.0032409970074073475,42.0,319,0.001236931232513621,HasanAbi 2026 Events,True
2026-06,128,0.0024795662526219168,257.0,319,0.00756884111323811,Plane Crash Investigations,False
2026-06,129,0.00040642328392246604,15.0,319,0.00044176115446915035,Thomas Massie and Trump political conflict,True
2026-06,130,0.002078287068252043,40.0,319,0.0011780297452510676,Piers Morgan and Political Debates,True
2026-06,131,0.00855117458860343,270.0,319,0.007951700780444706,Trump Secrets and Leaks,True
2026-06,132,0.0033423721718423543,40.0,319,0.0011780297452510676,Joe Budden and Marc Lamont Hill Podcast Controversy,True
2026-06,133,0.0023508034077931285,91.0,319,0.002680017670446179,Brian Shapiro vs MAGA Callers Debate,True
2026-06,134,0.0005390500838441417,14.0,319,0.00041231041083787364,Political News Coverage,True
2026-06,135,0.0027620725529749744,33.0,319,0.0009718745398321308,Myron and Dating Standards,False
2026-06,136,0.002621937528459985,35.0,319,0.001030776027094684,Erika Kirk Political Parody,True
2026-06,137,0.0007073124248272969,114.0,319,0.003357384773965543,Nepal Floods and Rescue Efforts,False
2026-06,138,0.0016667171299444535,492.0,319,0.014489765866588131,BRICS and India Diplomacy,True
2026-06,139,0.004707556037236648,135.0,319,0.003975850390222353,Anti-Fraud Efforts by VP Vance,True
2026-06,140,0.005906544776420377,256.0,319,0.007539390369606833,police bodycam and law enforcement,True
2026-06,141,0.0044246488046024365,449.0,319,0.013223383890443233,Venezuela Earthquake Disaster,False
2026-06,142,0.0016944962433160465,68.0,319,0.002002650566926815,Melania Trump Events and Activities,True
2026-06,143,0.0007641157476749555,50.0,319,0.0014725371815638344,Epstein investigation and Clinton testimony,True
2026-06,144,0.0017736288469971035,72.0,319,0.0021204535414519215,Mexico Cartel Violence,True
2026-06,145,0.0030572648101538646,61.0,319,0.001796495361507878,Gen Z and Generational Issues,True
2026-06,146,0.003943481531605105,79.0,319,0.0023266087468708585,MAGA Arguments and Debates,True
2026-06,147,0.0032959522545900864,30.0,319,0.0008835223089383007,Woke Culture Evolution,True
2026-06,148,0.00033634561793088327,13.0,319,0.000382859667206597,Karoline Leavitt and Trump Resignation Scandal,True
2026-06,149,0.0015133950203215947,17.0,319,0.0005006626417317037,Andrew Tate Arrest and Legal Issues,True
2026-06,150,0.0037675735414509446,236.0,319,0.006950375496981299,Climate Change and Heatwaves in Europe,False
2026-06,151,0.0033691040129814015,142.0,319,0.00418200559564129,Political Media and War Room Discussions,True
2026-06,152,0.00016203211366740055,17.0,319,0.0005006626417317037,Trump aide Natalie Harp and Jon Ossoff,True
2026-06,153,0.001987327971156259,128.0,319,0.0037696951848034165,Trump and NATO Relations,True
2026-06,154,0.004191874541798877,95.0,319,0.0027978206449712855,Media and Journalism Critique,True
2026-06,155,0.002877838307615624,39.0,319,0.001148579001619791,Glenn Beck Political Commentary,True
2026-06,156,0.00258162524142429,143.0,319,0.004211456339272566,Trump and Crypto Scandals,True
2026-06,157,0.0005918794450375706,29.0,319,0.000854071565307024,Spain-Morocco Border Migrant Crisis,True
2026-06,158,0.0017237289279334773,58.0,319,0.001708143130614048,Tulsi Gabbard and DNI Resignation,True
2026-06,159,0.007036827861560318,78.0,319,0.002297158003239582,Political Figures and Callouts,True
2026-06,160,0.001552848752172257,31.0,319,0.0009129730525695774,TikTok Censorship and Political Debates,True
2026-06,161,0.005786494839116894,73.0,319,0.002149904285083198,Political Comedy and Media,True
2026-06,162,0.003008710089712642,85.0,319,0.0025033132086585185,Trump's Beef and Food Policy Impact,True
2026-06,163,0.000705903078927106,24.0,319,0.0007068178471506405,RFK Jr. Testifies on HHS Priorities,True
2026-06,164,0.0020763698410459696,97.0,319,0.002856722132233839,Trump Medal of Honor Ceremonies,True
2026-06,165,0.0003937459993818107,13.0,319,0.000382859667206597,Joe Kent Resignation and Leaks,True
2026-06,166,0.0011557775310460897,49.0,319,0.0014430864379325577,Treasury Secretary Scott Bessent Testifies,True
2026-06,167,0.0009750658599467106,39.0,319,0.001148579001619791,Dolly Parton's Death and Legacy,False
2026-06,168,0.008154660539700398,217.0,319,0.006390811367987042,Trump's Unthinkable Actions,True
2026-06,169,0.0010786176857368024,25.0,319,0.0007362685907819172,No Kings Protests Movement,True
2026-06,170,0.002655186328017161,100.0,319,0.0029450743631276688,Meta Social Media Trial and Addiction Lawsuits,True
2026-06,171,0.0007540224445308822,30.0,319,0.0008835223089383007,Stephen Miller Meltdowns and Controversies,True
2026-06,172,0.0013531738893702943,14.0,319,0.00041231041083787364,Behind the scenes streaming,False
2026-06,173,0.00747641004046931,99.0,319,0.002915623619496392,JLP Weekly Series,False
2026-06,174,0.0015056963208076007,149.0,319,0.004388160801060227,NATO Summit and Political Leaders,True
2026-06,175,0.0003394858622775429,79.0,319,0.0023266087468708585,Winter Storm Impacts Across the US,False
2026-06,176,5.1051087460590314e-05,5.0,319,0.00014725371815638345,Eric Swalwell Allegations and Resignation,True
2026-06,177,0.0026783080463991613,35.0,319,0.001030776027094684,DSA and Democratic Party Conflict,True
2026-06,178,0.00023001801578462433,13.0,319,0.000382859667206597,Prince Andrew Epstein Arrest Revelations,True
2026-06,179,0.00110546201412289,44.0,319,0.0012958327197761744,Coal Industry Announcements,True
2026-06,180,0.0008589019372451825,47.0,319,0.0013841849506700044,Media headlines and trends,False
2026-06,181,0.0024418049152825218,108.0,319,0.0031806803121778825,Trump and housing crisis,True
2026-06,182,0.004645663872552228,80.0,319,0.002356059490502135,Tim Pool and Dave Rubin debates,True
2026-06,183,0.0010630147678375775,84.0,319,0.002473862465027242,Morning News Headlines,True
2026-06,184,0.00016499431785101776,15.0,319,0.00044176115446915035,John Fetterman and Democratic Party Controversy,True
2026-06,185,0.001749967662687138,24.0,319,0.0007068178471506405,Trump Leverage and Political Strategy,True
2026-06,186,0.0020744891147563786,83.0,319,0.002444411721395965,DHS Secretary Confirmation Hearing,True
2026-06,187,0.004128836369283819,357.0,319,0.010513915476365779,Trump and Macron G7 Summit Meetings,True
2026-06,188,0.00418044934784358,70.0,319,0.002061552054189368,Abortion and Pro-Life Debate,True
2026-06,189,0.0015879131309161707,73.0,319,0.002149904285083198,SPLC Indictment and Hate Groups,True
2026-06,190,0.002281946867156022,48.0,319,0.001413635694301281,Trump and Iran War Discussion,True
2026-06,191,0.0008756101138317988,45.0,319,0.001325283463407451,Jesse Jackson Civil Rights Legacy,True
2026-06,192,0.0014764569308811728,70.0,319,0.002061552054189368,Political Breakfast Shows,True
2026-06,193,0.0011124384082185786,45.0,319,0.001325283463407451,MAGA Mike Johnson political turmoil,True
2026-06,194,0.0068803425386730465,254.0,319,0.007480488882344279,Belfast riots and anti-immigration unrest,True
2026-06,195,0.005193405161852268,179.0,319,0.005271683109998528,Trump's name removal from Kennedy Center,True
2026-06,196,0.0013835953609669194,35.0,319,0.001030776027094684,California Billionaire Tax Debate,True
2026-06,197,0.0021861016215688396,36.0,319,0.0010602267707259608,Gaming Industry and Culture,False
2026-06,198,0.002141414273986023,56.0,319,0.0016492416433514945,Ben Shapiro and Political Media,True
2026-06,199,0.0057448907691882885,130.0,319,0.00382859667206597,Members Only Bonus Shows,True
2026-06,200,0.003126730976955571,86.0,319,0.002532763952289795,Homelessness in US Cities,True
2026-06,201,0.00014603272238244467,10.0,319,0.0002945074363127669,Jack Smith Testifies on Trump Investigations,True
2026-06,202,0.00026414429529916225,38.0,319,0.0011191282579885143,Trump at Davos and World Economic Forum,True
2026-06,203,0.0015969682760238082,22.0,319,0.0006479163598880872,Asmongold controversy and bans,False
2026-06,204,0.0005089859916811404,60.0,319,0.0017670446178766014,Hungary Election and Orbán's Political Fate,True
2026-06,205,0.00032101298991351506,29.0,319,0.000854071565307024,Tom Homan Border Czar Press Conferences,True
2026-06,206,0.00404693634635426,47.0,319,0.0013841849506700044,Political Commentary and Guests,True
2026-06,207,0.0030169970430204956,142.0,319,0.00418200559564129,ISIS-inspired NYC terror plots,True
2026-06,208,0.0029807835800695144,68.0,319,0.002002650566926815,Kamala Harris 2028 Presidential Run,True
2026-06,209,0.005644882916163431,85.0,319,0.0025033132086585185,Billionaire Influence in Politics,True
2026-06,210,0.00030945032168808477,13.0,319,0.000382859667206597,Christopher Nolan's Odyssey Reviews,False
2026-06,211,0.0009131157616052932,22.0,319,0.0006479163598880872,White House Press Briefing by Karoline Leavitt,True
2026-06,212,0.004141884474860005,93.0,319,0.002738919157708732,Political Podcasts and Media,True
2026-06,213,0.0034329122192069163,80.0,319,0.002356059490502135,Books and Cultural Commentary,True
2026-06,214,0.000255197994469391,41.0,319,0.0012074804888823443,Houthis Yemen Red Sea Conflict,True
2026-06,215,0.0029203849164700776,201.0,319,0.005919599469886614,Africa Insurgencies and Conflicts,True
2026-06,216,0.0009163370485108725,27.0,319,0.0007951700780444706,Melania Trump and Epstein Scandal,True
2026-06,217,0.0009432560522233821,53.0,319,0.0015608894124576646,Damage and Injury Reports,False
2026-06,218,0.0030815849674018293,109.0,319,0.003210131055809159,Europe and Trump Political Relations,True
2026-06,219,0.0027981024253636464,54.0,319,0.0015903401560889412,Global Energy Crisis and Policy,True
2026-06,220,0.0009726418771250963,71.0,319,0.002091002797820645,Trump and American Farmers,True
2026-06,221,0.0016107261228361003,53.0,319,0.0015608894124576646,Trump signing executive orders,True
2026-06,222,0.008592527859930171,318.0,319,0.009365336474745987,NBA Championship Celebrations,False
2026-06,223,0.0009517958340546451,21.0,319,0.0006184656162568105,Marjorie Taylor Greene and Trump Conflict,True
2026-07,0,0.013450479286300103,490.0,327,0.014117782643770888,ICE protests in Minneapolis,True
2026-07,1,0.024212963234664844,441.0,327,0.0127060043793938,Shocking Events and Reactions,True
2026-07,2,0.03601505419426405,666.0,327,0.01918865967500288,Israel and Palestine Conflict,True
2026-07,3,0.022527598353116667,1275.0,327,0.03673504667511813,Trump and Iran War Negotiations,True
2026-07,4,0.01778104267946243,1326.0,327,0.038204448542122856,Ukraine-Russia War and Political Figures,True
2026-07,5,0.010023706346762177,419.0,327,0.0120721447504898,Trump and China Relations,True
2026-07,6,0.0014956325065612881,70.0,327,0.00201682609196727,Trump vs Maduro in Venezuela,True
2026-07,7,0.017328555024569686,690.0,327,0.019880142906534518,Iran political unrest,True
2026-07,8,0.014311671037529587,466.0,327,0.013426299412239254,AI and Political Implications,True
2026-07,9,0.008766597125103685,1563.0,327,0.045032845453497755,Indian Politics and Delhi Riots,True
2026-07,10,0.004943291622201296,151.0,327,0.004350581998386539,JD Vance and Trump Political Drama,True
2026-07,11,0.010748391528259793,277.0,327,0.007980868963927626,Zohran Mamdani and NYC Politics,True
2026-07,12,0.004034753967068203,214.0,327,0.0061657254811570816,Pete Hegseth Senate Hearing on Iran War,True
2026-07,13,0.004751605725229218,452.0,327,0.013022934193845799,Hormuz Strait Blockade Conflict,True
2026-07,14,0.00643398247235736,73.0,327,0.002103261495908724,Hasan Piker Controversy,True
2026-07,15,0.011587695333821504,157.0,327,0.004523452806269448,Christian Nationalism and Politics,True
2026-07,16,0.025584609618331568,445.0,327,0.012821251584649073,Charlie Kirk Murder Trial,True
2026-07,17,0.010555852864436013,162.0,327,0.004667511812838539,Islam and Political Extremism,True
2026-07,18,0.002693874236657063,80.0,327,0.002304944105105451,Epstein Files Revelations,True
2026-07,19,0.002517077402848464,144.0,327,0.0041488993891898125,Lindsay Clancy Murder Trial,True
2026-07,20,0.01139466291916354,123.0,327,0.003543851561599631,Feminism and Gender Roles Debate,True
2026-07,21,0.006320715027811344,200.0,327,0.005762360262763628,California Election Fraud Scandal,True
2026-07,22,0.014023470601363474,984.0,327,0.02835081249279705,FIFA World Cup and Trump controversy,True
2026-07,23,0.0027851044971763943,137.0,327,0.003947216779993085,White House Correspondents Dinner Shooting,True
2026-07,24,0.006480639288150265,205.0,327,0.005906419269332719,UK Political Chaos and Reform UK,True
2026-07,25,0.02204394494131797,339.0,327,0.009767200645384349,American History and Political Threats,True
2026-07,26,0.0037508601998785624,118.0,327,0.0033997925550305406,Trump and Epstein Files Scandal,True
2026-07,27,0.0022857912581486922,48.0,327,0.0013829664630632707,Tucker Carlson Political Commentary,True
2026-07,28,0.0004579552961744074,44.0,327,0.001267719257807998,Trump and Greenland politics,True
2026-07,29,0.002578838423539096,118.0,327,0.0033997925550305406,Israel-Lebanon Conflict and Ceasefire,True
2026-07,30,0.0014632218432386057,79.0,327,0.002276132303791633,UK PM Keir Starmer Resignation Calls,True
2026-07,31,0.0011095954372308612,85.0,327,0.002449003111674542,Artemis II Moon Mission Updates,False
2026-07,32,0.014339127089248779,356.0,327,0.010257001267719258,Democratic Party and Midterm Elections,True
2026-07,33,0.0060307846344855205,87.0,327,0.0025066267143021782,Candace Owens Controversies,True
2026-07,34,0.0112474568457032,177.0,327,0.005099688832545811,Black America and Racism Discussions,True
2026-07,35,2.2590759142786328e-05,5.0,327,0.0001440590065690907,Pam Bondi and Trump Firing,True
2026-07,36,0.005751203587241335,155.0,327,0.004465829203641812,Elon Musk and Political Controversies,True
2026-07,37,0.0025666749333451222,63.0,327,0.001815143482770543,US-Cuba Relations and Political Tensions,True
2026-07,38,0.009050068735296861,309.0,327,0.008902846605969805,Trump Midterm Election Scheme,True
2026-07,39,0.0016612524772857758,97.0,327,0.0027947447274403597,DHS Shutdown and Government Funding,True
2026-07,40,0.01943815442273514,709.0,327,0.02042756713149706,Lindsey Graham's Death and Legacy,True
2026-07,41,0.007811507017247157,248.0,327,0.007145326725826899,Trump's Mental Decline,True
2026-07,42,0.0038940689848892154,139.0,327,0.0040048403826207215,Karmelo Anthony Trial Verdict,True
2026-07,43,0.001212691972652952,65.0,327,0.001872767085398179,Texas Senate race and political figures,True
2026-07,44,0.00682777942791696,160.0,327,0.004609888210210902,Hollywood and Awards Controversy,True
2026-07,45,0.0045588083619528975,91.0,327,0.002621873919557451,Right-Wing Political Figures Debate,True
2026-07,46,0.01058764295719585,880.0,327,0.025354385156159964,Iran-US military conflict in Gulf,True
2026-07,47,0.007208080953286749,218.0,327,0.006280972686412354,Immigration and Deportation Policies,True
2026-07,48,0.008489758920435062,158.0,327,0.004552264607583266,Health Industry and Big Pharma,False
2026-07,49,0.0035573583119241927,175.0,327,0.005042065229918175,Fox News and Trump on Air,True
2026-07,50,0.011525000100185465,189.0,327,0.0054454304483116285,Left-Wing Political Violence,True
2026-07,51,0.004463736501789473,103.0,327,0.0029676155353232686,UFO Government Disclosure,True
2026-07,52,0.004739635033864487,214.0,327,0.0061657254811570816,Trump's War and Panic,True
2026-07,53,0.0003006620743623802,2.0,327,5.762360262763628e-05,Kristi Noem Firing by Trump,True
2026-07,54,0.005092618120360362,200.0,327,0.005762360262763628,2026 primary election coverage,True
2026-07,55,0.009198236126076021,375.0,327,0.010804425492681803,Todd Blanche Attorney General Confirmation,True
2026-07,56,0.004139303288415738,75.0,327,0.0021608850985363605,Alberta independence movement,True
2026-07,57,0.0029523970206414576,147.0,327,0.004235334793131267,Canada-US Trade War,True
2026-07,58,0.014317159222758348,395.0,327,0.011380661518958165,Fauci Senate Testimony Controversy,True
2026-07,59,0.004179535907804589,144.0,327,0.0041488993891898125,Trump Economy and Economic Concerns,True
2026-07,60,0.008421550862130412,289.0,327,0.008326610579693442,Trump delivering remarks,True
2026-07,61,0.005602676925503515,135.0,327,0.003889593177365449,MAGA Movement Crisis,True
2026-07,62,0.0034345785599814065,72.0,327,0.0020744496945949062,Abdul El-Sayed vs AIPAC in Michigan Senate Primary,True
2026-07,63,0.0010965384434309636,124.0,327,0.0035726633629134495,Nancy Guthrie Disappearance Case,False
2026-07,64,0.015101868014282581,343.0,327,0.009882447850639622,Graham Platner Senate Race Scandal,True
2026-07,65,0.00513853379075343,173.0,327,0.004984441627290538,Trump State of the Union Address,True
2026-07,66,0.0014546718450313481,37.0,327,0.0010660366486112713,Gavin Newsom Political Controversies,True
2026-07,67,0.002958705823970317,74.0,327,0.0021320732972225425,Black Voting Rights and Political Power,True
2026-07,68,0.005552375581319338,68.0,327,0.0019592024893396336,Destiny and Ethan Klein legal disputes,False
2026-07,69,0.011906837239336667,560.0,327,0.01613460873573816,America 250th Anniversary Celebrations,True
2026-07,70,0.002744697462400292,112.0,327,0.0032269217471476317,Marco Rubio Testifies on Iran War,True
2026-07,71,0.000865327994500919,12.0,327,0.00034574161576581767,Don Lemon Arrested,True
2026-07,72,0.011030974152567928,262.0,327,0.007548691944220353,Nolan Wells Investigation,False
2026-07,73,0.010056478513922464,203.0,327,0.005848795666705082,War and Military Analysis,True
2026-07,74,0.01224392528762226,176.0,327,0.005070877031231992,Iran and Political Updates,True
2026-07,75,0.0054040468193732386,139.0,327,0.0040048403826207215,Supreme Court and Birthright Citizenship,True
2026-07,76,0.0015575838732655902,32.0,327,0.0009219776420421805,9/11 Remembrance 25 Years Later,True
2026-07,77,0.0015992131170564164,58.0,327,0.0016710844762014522,Healthcare and Medicare Fraud,True
2026-07,78,0.0035577060062250217,146.0,327,0.004206522991817448,Media Culture War Involving CNN and CBS,True
2026-07,79,0.0008524597758763367,32.0,327,0.0009219776420421805,Somali Fraud in Minnesota,True
2026-07,80,0.002660856016224426,118.0,327,0.0033997925550305406,Trump and Gas Prices,True
2026-07,81,0.002030556257192407,77.0,327,0.0022185087011639968,Trump's Health Concerns,True
2026-07,82,0.0033481892218885927,58.0,327,0.0016710844762014522,Joe Rogan and Trump Political Discussions,True
2026-07,83,0.00068082397174056,23.0,327,0.0006626714302178172,Virginia redistricting and gerrymandering,True
2026-07,84,0.0059067527690765,230.0,327,0.006626714302178172,Trump Court Legal Battles,True
2026-07,85,0.002281726475679331,38.0,327,0.0010948484499250894,Bill Maher Political Commentary,True
2026-07,86,0.0007473285487262076,94.0,327,0.002708309323498905,Supreme Court and Trump Tariffs,True
2026-07,87,0.00954379988461174,216.0,327,0.006223349083784718,Supreme Court rulings and controversies,True
2026-07,88,0.0012704080741041401,33.0,327,0.0009507894433559986,Sneako and Nick Fuentes Political Debates,True
2026-07,89,0.0031737460285363754,49.0,327,0.0014117782643770888,WNBA and Sophie Cunningham controversy,True
2026-07,90,0.0023596369670304375,123.0,327,0.003543851561599631,Trump and DOJ Legal Issues,True
2026-07,91,0.0013702805394038935,55.0,327,0.0015846490722599977,African refugees and FBAs in South Africa,True
2026-07,92,0.0006993666374214718,19.0,327,0.0005474242249625447,Ilhan Omar Legal Issues,True
2026-07,93,0.006739554128248949,293.0,327,0.008441857784948714,Trump press conference outbursts,True
2026-07,94,0.0043083985593123375,115.0,327,0.003313357151089086,AI Data Centers Debate,True
2026-07,95,0.0037586284152767552,547.0,327,0.01576005531865852,Europe Wildfires and Evacuations,False
2026-07,96,0.0010394941773895603,61.0,327,0.0017575198801429066,Kash Patel and FBI Scandals,True
2026-07,97,0.004867649920205042,109.0,327,0.003140486343206177,Hunter Biden and Joe Biden Political Drama,True
2026-07,98,0.002911003455447883,66.0,327,0.0019015788867119971,Transgender Athletes in Women's Sports,True
2026-07,99,0.002025753564867674,23.0,327,0.0006626714302178172,Spencer Pratt LA Mayoral Race,True
2026-07,100,0.0026962793379002705,79.0,327,0.002276132303791633,Melania Trump and Michael Wolff Legal Drama,True
2026-07,101,0.00104081186625163,27.0,327,0.0007779186354730898,UFC at White House Event,True
2026-07,102,0.0028081841326146233,98.0,327,0.0028235565287541777,Megyn Kelly and Political Rants,True
2026-07,103,0.0034690924049983144,219.0,327,0.0063097844877261725,Iran War and Oil Market Impact,True
2026-07,104,0.005106036677758847,71.0,327,0.002045637893281088,Transgender Rights and Political Debate,True
2026-07,105,0.001713516370943988,78.0,327,0.0022473205024778147,Trump White House Ballroom Project,True
2026-07,106,0.002343291646382583,215.0,327,0.0061945372824709,Iran-Israel missile conflict,True
2026-07,107,0.0005937648106419307,37.0,327,0.0010660366486112713,Trump and Pope Leo Feud,True
2026-07,108,0.005314564205914294,198.0,327,0.005704736660135992,Covid Vaccine Controversy,True
2026-07,109,0.0003700996399577529,48.0,327,0.0013829664630632707,King Charles III and Trump State Visit,True
2026-07,110,0.004898967124174968,239.0,327,0.0068860205140025355,Trump Slush Fund Scandal,True
2026-07,111,0.0010417247570015864,30.0,327,0.0008643540394145442,Super Bowl Halftime Show Controversy,True
2026-07,112,0.005248740045858443,127.0,327,0.0036590987668549037,Education and Schools Controversy,True
2026-07,113,0.0015722659931103153,95.0,327,0.0027371211248127234,Trump Reflecting Pool Vandalism Scandal,True
2026-07,114,0.007918273565546662,192.0,327,0.005531865852253083,ABC News and Political Media Figures,True
2026-07,115,0.0007991964741308582,34.0,327,0.0009796012446698168,Jimmy Kimmel and Trump media conflict,True
2026-07,116,0.010207039737307308,277.0,327,0.007980868963927626,Mitch McConnell Health Mystery,True
2026-07,117,0.00215406316086454,33.0,327,0.0009507894433559986,AOC and Political Ambitions,True
2026-07,118,0.0003074205383947054,42.0,327,0.0012100956551803618,US Politics and Winter Olympics,True
2026-07,119,0.004466193544630752,220.0,327,0.006338596289039991,UK Prime Minister Andy Burnham,True
2026-07,120,0.008538881679160464,217.0,327,0.006252160885098537,Socialism in the Democratic Party,True
2026-07,121,0.006303086303342506,201.0,327,0.005791172064077446,Tech Business Founders and Industry,False
2026-07,122,0.002151451968989355,146.0,327,0.004206522991817448,Fed Chair Kevin Warsh and Interest Rates,True
2026-07,123,0.0054626646535824,183.0,327,0.005272559640428719,Political Podcasts and Commentary,True
2026-07,124,0.002577328486863442,139.0,327,0.0040048403826207215,SAVE Act Senate Battle,True
2026-07,125,0.0006544927896987951,39.0,327,0.0011236602512389073,Hakeem Jeffries and Political Press Conferences,True
2026-07,126,0.0012185731692332716,107.0,327,0.0030828627405785408,Inflation and Precious Metals,True
2026-07,127,0.003028139895094412,45.0,327,0.0012965310591218162,HasanAbi 2026 Events,True
2026-07,128,0.001236482555468786,137.0,327,0.003947216779993085,Plane Crash Investigations,False
2026-07,129,0.00029557430325181103,11.0,327,0.0003169298144519995,Thomas Massie and Trump political conflict,True
2026-07,130,0.0025753944521998457,44.0,327,0.001267719257807998,Piers Morgan and Political Debates,True
2026-07,131,0.009331212115803088,292.0,327,0.008413045983634897,Trump Secrets and Leaks,True
2026-07,132,0.0011378521797521543,21.0,327,0.0006050478275901809,Joe Budden and Marc Lamont Hill Podcast Controversy,True
2026-07,133,0.0017797864883291378,75.0,327,0.0021608850985363605,Brian Shapiro vs MAGA Callers Debate,True
2026-07,134,0.0005171684087715926,16.0,327,0.00046098882102109026,Political News Coverage,True
2026-07,135,0.0028896222036108358,35.0,327,0.001008413045983635,Myron and Dating Standards,False
2026-07,136,0.0016286384570782342,34.0,327,0.0009796012446698168,Erika Kirk Political Parody,True
2026-07,137,0.0016140569993053327,307.0,327,0.00884522300334217,Nepal Floods and Rescue Efforts,False
2026-07,138,0.0017274549113952694,369.0,327,0.010631554684798894,BRICS and India Diplomacy,True
2026-07,139,0.0032890305850107357,107.0,327,0.0030828627405785408,Anti-Fraud Efforts by VP Vance,True
2026-07,140,0.007276312314088184,330.0,327,0.009507894433559986,police bodycam and law enforcement,True
2026-07,141,0.002858395646523883,267.0,327,0.007692750950789444,Venezuela Earthquake Disaster,False
2026-07,142,0.0008021675048917079,36.0,327,0.0010372248472974531,Melania Trump Events and Activities,True
2026-07,143,0.0005160945201993241,23.0,327,0.0006626714302178172,Epstein investigation and Clinton testimony,True
2026-07,144,0.0015460410619373445,69.0,327,0.0019880142906534516,Mexico Cartel Violence,True
2026-07,145,0.00349015862605603,63.0,327,0.001815143482770543,Gen Z and Generational Issues,True
2026-07,146,0.0047165065696875026,81.0,327,0.0023337559064192694,MAGA Arguments and Debates,True
2026-07,147,0.0028769423838812054,41.0,327,0.0011812838538665436,Woke Culture Evolution,True
2026-07,148,0.0012531781199708167,37.0,327,0.0010660366486112713,Karoline Leavitt and Trump Resignation Scandal,True
2026-07,149,0.003421749135859099,120.0,327,0.003457416157658177,Andrew Tate Arrest and Legal Issues,True
2026-07,150,0.0026086936869860293,177.0,327,0.005099688832545811,Climate Change and Heatwaves in Europe,False
2026-07,151,0.002407849583149123,120.0,327,0.003457416157658177,Political Media and War Room Discussions,True
2026-07,152,0.0005478125886596655,24.0,327,0.0006914832315316353,Trump aide Natalie Harp and Jon Ossoff,True
2026-07,153,0.0026658324077848653,233.0,327,0.006713149706119627,Trump and NATO Relations,True
2026-07,154,0.0037942273777193253,105.0,327,0.0030252391379509045,Media and Journalism Critique,True
2026-07,155,0.001617119024265598,33.0,327,0.0009507894433559986,Glenn Beck Political Commentary,True
2026-07,156,0.003275097847125712,203.0,327,0.005848795666705082,Trump and Crypto Scandals,True
2026-07,157,0.0029763224861079946,136.0,327,0.003918404978679267,Spain-Morocco Border Migrant Crisis,True
2026-07,158,0.0002551406258874031,15.0,327,0.0004321770197072721,Tulsi Gabbard and DNI Resignation,True
2026-07,159,0.006101190850302548,48.0,327,0.0013829664630632707,Political Figures and Callouts,True
2026-07,160,0.0018555950159457014,41.0,327,0.0011812838538665436,TikTok Censorship and Political Debates,True
2026-07,161,0.00372377083478769,59.0,327,0.0016998962775152703,Political Comedy and Media,True
2026-07,162,0.00368971121341789,122.0,327,0.0035150397602858132,Trump's Beef and Food Policy Impact,True
2026-07,163,0.0018861178122904713,34.0,327,0.0009796012446698168,RFK Jr. Testifies on HHS Priorities,True
2026-07,164,0.0025275128899639493,173.0,327,0.004984441627290538,Trump Medal of Honor Ceremonies,True
2026-07,165,8.154765623768382e-05,3.0,327,8.643540394145442e-05,Joe Kent Resignation and Leaks,True
2026-07,166,0.00024229443397436002,21.0,327,0.0006050478275901809,Treasury Secretary Scott Bessent Testifies,True
2026-07,167,0.0015935328568203882,38.0,327,0.0010948484499250894,Dolly Parton's Death and Legacy,False
2026-07,168,0.0073051021285976195,201.0,327,0.005791172064077446,Trump's Unthinkable Actions,True
2026-07,169,0.0008715105357510402,11.0,327,0.0003169298144519995,No Kings Protests Movement,True
2026-07,170,0.0028408435975821027,63.0,327,0.001815143482770543,Meta Social Media Trial and Addiction Lawsuits,True
2026-07,171,0.0010372985547731856,37.0,327,0.0010660366486112713,Stephen Miller Meltdowns and Controversies,True
2026-07,172,0.0010618094280221584,14.0,327,0.00040336521839345397,Behind the scenes streaming,False
2026-07,173,0.009484737383191751,96.0,327,0.0027659329261265414,JLP Weekly Series,False
2026-07,174,0.0038103353989199845,325.0,327,0.009363835426990895,NATO Summit and Political Leaders,True
2026-07,175,0.0009025719639698067,124.0,327,0.0035726633629134495,Winter Storm Impacts Across the US,False
2026-07,176,0.00015035405612622737,4.0,327,0.00011524720525527257,Eric Swalwell Allegations and Resignation,True
2026-07,177,0.00583323051934966,83.0,327,0.0023913795090469057,DSA and Democratic Party Conflict,True
2026-07,178,0.0001881164157712174,15.0,327,0.0004321770197072721,Prince Andrew Epstein Arrest Revelations,True
2026-07,179,0.000994443013818871,51.0,327,0.0014694018670047251,Coal Industry Announcements,True
2026-07,180,0.0008573878983644694,58.0,327,0.0016710844762014522,Media headlines and trends,False
2026-07,181,0.002122102762730673,85.0,327,0.002449003111674542,Trump and housing crisis,True
2026-07,182,0.0038562013334409845,50.0,327,0.001440590065690907,Tim Pool and Dave Rubin debates,True
2026-07,183,0.0008241668465483373,87.0,327,0.0025066267143021782,Morning News Headlines,True
2026-07,184,0.0009342230033543473,49.0,327,0.0014117782643770888,John Fetterman and Democratic Party Controversy,True
2026-07,185,0.0015570824012504595,15.0,327,0.0004321770197072721,Trump Leverage and Political Strategy,True
2026-07,186,0.0006388498095354805,36.0,327,0.0010372248472974531,DHS Secretary Confirmation Hearing,True
2026-07,187,0.0025991053574634802,151.0,327,0.004350581998386539,Trump and Macron G7 Summit Meetings,True
2026-07,188,0.002283229787649354,42.0,327,0.0012100956551803618,Abortion and Pro-Life Debate,True
2026-07,189,0.0004981337343527255,19.0,327,0.0005474242249625447,SPLC Indictment and Hate Groups,True
2026-07,190,0.0012921785415335781,37.0,327,0.0010660366486112713,Trump and Iran War Discussion,True
2026-07,191,0.000987208265165641,42.0,327,0.0012100956551803618,Jesse Jackson Civil Rights Legacy,True
2026-07,192,0.0016465203530338407,80.0,327,0.002304944105105451,Political Breakfast Shows,True
2026-07,193,0.0011817151653035383,53.0,327,0.0015270254696323614,MAGA Mike Johnson political turmoil,True
2026-07,194,0.0002973979560196074,48.0,327,0.0013829664630632707,Belfast riots and anti-immigration unrest,True
2026-07,195,0.0005638938380601712,52.0,327,0.0014982136683185433,Trump's name removal from Kennedy Center,True
2026-07,196,0.0006054359228277029,24.0,327,0.0006914832315316353,California Billionaire Tax Debate,True
2026-07,197,0.0019964149659843704,35.0,327,0.001008413045983635,Gaming Industry and Culture,False
2026-07,198,0.003182360539657628,48.0,327,0.0013829664630632707,Ben Shapiro and Political Media,True
2026-07,199,0.0019391211784792841,85.0,327,0.002449003111674542,Members Only Bonus Shows,True
2026-07,200,0.0026831847598253016,71.0,327,0.002045637893281088,Homelessness in US Cities,True
2026-07,201,0.0012434038539806528,71.0,327,0.002045637893281088,Jack Smith Testifies on Trump Investigations,True
2026-07,202,0.0006580863541428947,17.0,327,0.0004898006223349084,Trump at Davos and World Economic Forum,True
2026-07,203,0.0019508066345186458,22.0,327,0.000633859628903999,Asmongold controversy and bans,False
2026-07,204,0.0005285823876950292,34.0,327,0.0009796012446698168,Hungary Election and Orbán's Political Fate,True
2026-07,205,0.0005147150583362788,28.0,327,0.0008067304367869079,Tom Homan Border Czar Press Conferences,True
2026-07,206,0.004852067520396959,53.0,327,0.0015270254696323614,Political Commentary and Guests,True
2026-07,207,0.00436750227470448,264.0,327,0.0076063155468479885,ISIS-inspired NYC terror plots,True
2026-07,208,0.004299366799626293,80.0,327,0.002304944105105451,Kamala Harris 2028 Presidential Run,True
2026-07,209,0.007619521849951976,94.0,327,0.002708309323498905,Billionaire Influence in Politics,True
2026-07,210,0.007569549842632312,103.0,327,0.0029676155353232686,Christopher Nolan's Odyssey Reviews,False
2026-07,211,0.001370932259938391,44.0,327,0.001267719257807998,White House Press Briefing by Karoline Leavitt,True
2026-07,212,0.003106802289747234,81.0,327,0.0023337559064192694,Political Podcasts and Media,True
2026-07,213,0.007932388695355118,67.0,327,0.0019303906880258153,Books and Cultural Commentary,True
2026-07,214,0.0029533357523892803,203.0,327,0.005848795666705082,Houthis Yemen Red Sea Conflict,True
2026-07,215,0.0009443591868016505,161.0,327,0.00463870001152472,Africa Insurgencies and Conflicts,True
2026-07,216,0.0003962667621234388,7.0,327,0.00020168260919672698,Melania Trump and Epstein Scandal,True
2026-07,217,0.0005793417492664371,52.0,327,0.0014982136683185433,Damage and Injury Reports,False
2026-07,218,0.0027016735127488316,77.0,327,0.0022185087011639968,Europe and Trump Political Relations,True
2026-07,219,0.0020220965326286236,44.0,327,0.001267719257807998,Global Energy Crisis and Policy,True
2026-07,220,0.0009359070350202691,34.0,327,0.0009796012446698168,Trump and American Farmers,True
2026-07,221,0.0005023852345468887,19.0,327,0.0005474242249625447,Trump signing executive orders,True
2026-07,222,0.0007737577486474252,31.0,327,0.0008931658407283624,NBA Championship Celebrations,False
2026-07,223,0.0005903177515821481,24.0,327,0.0006914832315316353,Marjorie Taylor Greene and Trump Conflict,True
2026-08,0,0.0055538046650464535,217.0,320,0.006706845927986401,ICE protests in Minneapolis,True
2026-08,1,0.022144312516953965,406.0,320,0.012548292381393912,Shocking Events and Reactions,True
2026-08,2,0.03509450201882841,664.0,320,0.020522330397156546,Israel and Palestine Conflict,True
2026-08,3,0.016855455764158464,999.0,320,0.030876216968011128,Trump and Iran War Negotiations,True
2026-08,4,0.013155364197591012,1377.0,320,0.04255910987482615,Ukraine-Russia War and Political Figures,True
2026-08,5,0.011016521191051003,403.0,320,0.012455571009117601,Trump and China Relations,True
2026-08,6,0.002135435752274837,93.0,320,0.0028743625405656,Trump vs Maduro in Venezuela,True
2026-08,7,0.011141208976185871,385.0,320,0.011899242775459744,Iran political unrest,True
2026-08,8,0.014735823767663775,459.0,320,0.014186369958275382,AI and Political Implications,True
2026-08,9,0.009511141954819134,1520.0,320,0.04697882861999691,Indian Politics and Delhi Riots,True
2026-08,10,0.0032165609255186112,106.0,320,0.0032761551537629423,JD Vance and Trump Political Drama,True
2026-08,11,0.00500966916522372,157.0,320,0.004852418482460207,Zohran Mamdani and NYC Politics,True
2026-08,12,0.003241969917247309,190.0,320,0.0058723535774996135,Pete Hegseth Senate Hearing on Iran War,True
2026-08,13,0.006583448745510185,527.0,320,0.016288054396538403,Hormuz Strait Blockade Conflict,True
2026-08,14,0.01482491950212736,177.0,320,0.005470560964302272,Hasan Piker Controversy,True
2026-08,15,0.014264628591573056,162.0,320,0.005006954102920723,Christian Nationalism and Politics,True
2026-08,16,0.006369584939656635,110.0,320,0.0033997836501313554,Charlie Kirk Murder Trial,True
2026-08,17,0.015285777181442162,254.0,320,0.00785040951939422,Islam and Political Extremism,True
2026-08,18,0.002445096804431837,35.0,320,0.001081749343223613,Epstein Files Revelations,True
2026-08,19,0.01792012597684848,687.0,320,0.021233194251274918,Lindsay Clancy Murder Trial,True
2026-08,20,0.015929025157438267,191.0,320,0.005903260701591717,Feminism and Gender Roles Debate,True
2026-08,21,0.006753972427062963,167.0,320,0.0051614897233812395,California Election Fraud Scandal,True
2026-08,22,0.0014915704570202532,128.0,320,0.003956111883789214,FIFA World Cup and Trump controversy,True
2026-08,23,0.0035147500922270104,169.0,320,0.005223303971565446,White House Correspondents Dinner Shooting,True
2026-08,24,0.006201184821414108,160.0,320,0.004945139854736517,UK Political Chaos and Reform UK,True
2026-08,25,0.010213913119959037,179.0,320,0.005532375212486478,American History and Political Threats,True
2026-08,26,0.003360983532536198,89.0,320,0.0027507340441971875,Trump and Epstein Files Scandal,True
2026-08,27,0.005048257533642924,80.0,320,0.0024725699273682586,Tucker Carlson Political Commentary,True
2026-08,28,0.0013579161026877442,59.0,320,0.0018235203214340906,Trump and Greenland politics,True
2026-08,29,0.0009179495369127102,99.0,320,0.00305980528511822,Israel-Lebanon Conflict and Ceasefire,True
2026-08,30,3.352320803579441e-05,4.0,320,0.00012362849636841293,UK PM Keir Starmer Resignation Calls,True
2026-08,31,0.0036882272434582606,206.0,320,0.006366867562973265,Artemis II Moon Mission Updates,False
2026-08,32,0.011777863865454746,394.0,320,0.012177406892288672,Democratic Party and Midterm Elections,True
2026-08,33,0.012578545058267245,146.0,320,0.0045124401174470715,Candace Owens Controversies,True
2026-08,34,0.01574650516396989,198.0,320,0.00611961057023644,Black America and Racism Discussions,True
2026-08,35,0.00013312126823379757,8.0,320,0.00024725699273682586,Pam Bondi and Trump Firing,True
2026-08,36,0.003168348050356447,95.0,320,0.0029361767887498068,Elon Musk and Political Controversies,True
2026-08,37,0.0019670798816534907,37.0,320,0.0011435635914078194,US-Cuba Relations and Political Tensions,True
2026-08,38,0.010085926832657832,331.0,320,0.01023025807448617,Trump Midterm Election Scheme,True
2026-08,39,0.0013735765348802842,47.0,320,0.0014526348323288518,DHS Shutdown and Government Funding,True
2026-08,40,0.002685227974722064,142.0,320,0.004388811621078658,Lindsey Graham's Death and Legacy,True
2026-08,41,0.010154748194708,271.0,320,0.008375830628959975,Trump's Mental Decline,True
2026-08,42,0.009254269899769373,338.0,320,0.010446607943130891,Karmelo Anthony Trial Verdict,True
2026-08,43,0.0021984521776495913,110.0,320,0.0033997836501313554,Texas Senate race and political figures,True
2026-08,44,0.006277358578438001,110.0,320,0.0033997836501313554,Hollywood and Awards Controversy,True
2026-08,45,0.004992800226068541,101.0,320,0.003121619533302426,Right-Wing Political Figures Debate,True
2026-08,46,0.005778659226227353,343.0,320,0.010601143563591408,Iran-US military conflict in Gulf,True
2026-08,47,0.008437034469494899,264.0,320,0.008159480760315252,Immigration and Deportation Policies,True
2026-08,48,0.005375864024387928,162.0,320,0.005006954102920723,Health Industry and Big Pharma,False
2026-08,49,0.003969045819403335,176.0,320,0.005439653840210169,Fox News and Trump on Air,True
2026-08,50,0.011077037497931517,145.0,320,0.0044815329933549685,Left-Wing Political Violence,True
2026-08,51,0.0026959035614224232,89.0,320,0.0027507340441971875,UFO Government Disclosure,True
2026-08,52,0.005832690393385268,254.0,320,0.00785040951939422,Trump's War and Panic,True
2026-08,53,0.0001731103474666716,4.0,320,0.00012362849636841293,Kristi Noem Firing by Trump,True
2026-08,54,0.014403254563848203,497.0,320,0.015360840673775305,2026 primary election coverage,True
2026-08,55,0.007776563940939611,294.0,320,0.00908669448307835,Todd Blanche Attorney General Confirmation,True
2026-08,56,0.004830804580260926,88.0,320,0.0027198269201050844,Alberta independence movement,True
2026-08,57,0.0110142694994686,561.0,320,0.01733889661566991,Canada-US Trade War,True
2026-08,58,0.00949297044364401,280.0,320,0.008653994745788905,Fauci Senate Testimony Controversy,True
2026-08,59,0.008632073693744123,278.0,320,0.008592180497604698,Trump Economy and Economic Concerns,True
2026-08,60,0.005196244878268924,170.0,320,0.005254211095657549,Trump delivering remarks,True
2026-08,61,0.00639050689689734,141.0,320,0.004357904496986555,MAGA Movement Crisis,True
2026-08,62,0.015868626132053157,380.0,320,0.011744707154999227,Abdul El-Sayed vs AIPAC in Michigan Senate Primary,True
2026-08,63,0.00094782761669433,73.0,320,0.0022562200587235358,Nancy Guthrie Disappearance Case,False
2026-08,64,0.00037090771673345597,12.0,320,0.0003708854891052388,Graham Platner Senate Race Scandal,True
2026-08,65,0.0009614902999998598,37.0,320,0.0011435635914078194,Trump State of the Union Address,True
2026-08,66,0.000477741088824914,20.0,320,0.0006181424818420646,Gavin Newsom Political Controversies,True
2026-08,67,0.004750420377560259,97.0,320,0.0029979910369340133,Black Voting Rights and Political Power,True
2026-08,68,0.007330038285185463,75.0,320,0.0023180343069077423,Destiny and Ethan Klein legal disputes,False
2026-08,69,0.00271573780048181,130.0,320,0.00401792613197342,America 250th Anniversary Celebrations,True
2026-08,70,0.0006827407796815412,42.0,320,0.0012980992118683356,Marco Rubio Testifies on Iran War,True
2026-08,71,0.0006968529093326169,17.0,320,0.0005254211095657549,Don Lemon Arrested,True
2026-08,72,0.007859638427101223,124.0,320,0.0038324833874208005,Nolan Wells Investigation,False
2026-08,73,0.008513001046457266,247.0,320,0.007634059650749498,War and Military Analysis,True
2026-08,74,0.012529834028501228,145.0,320,0.0044815329933549685,Iran and Political Updates,True
2026-08,75,0.0011674174916830253,80.0,320,0.0024725699273682586,Supreme Court and Birthright Citizenship,True
2026-08,76,0.0013060541043511625,59.0,320,0.0018235203214340906,9/11 Remembrance 25 Years Later,True
2026-08,77,0.0026128620015364286,105.0,320,0.003245248029670839,Healthcare and Medicare Fraud,True
2026-08,78,0.004459106347706233,139.0,320,0.004296090248802349,Media Culture War Involving CNN and CBS,True
2026-08,79,0.001070003867339504,25.0,320,0.0007726781023025807,Somali Fraud in Minnesota,True
2026-08,80,0.0021920959206327127,98.0,320,0.0030288981610261164,Trump and Gas Prices,True
2026-08,81,0.002608260973883252,65.0,320,0.00200896306598671,Trump's Health Concerns,True
2026-08,82,0.0017445427735728308,46.0,320,0.0014217277082367486,Joe Rogan and Trump Political Discussions,True
2026-08,83,0.0009488878896539491,26.0,320,0.0008035852263946839,Virginia redistricting and gerrymandering,True
2026-08,84,0.0055476102463441,193.0,320,0.005965074949775924,Trump Court Legal Battles,True
2026-08,85,0.0032962130284774154,41.0,320,0.0012671920877762323,Bill Maher Political Commentary,True
2026-08,86,0.0010995086446079299,50.0,320,0.0015453562046051615,Supreme Court and Trump Tariffs,True
2026-08,87,0.0028128264115259887,119.0,320,0.0036779477669602843,Supreme Court rulings and controversies,True
2026-08,88,0.001364004823567007,20.0,320,0.0006181424818420646,Sneako and Nick Fuentes Political Debates,True
2026-08,89,0.0162086074974866,259.0,320,0.008004945139854737,WNBA and Sophie Cunningham controversy,True
2026-08,90,0.004738713435591109,148.0,320,0.004574254365631278,Trump and DOJ Legal Issues,True
2026-08,91,0.0027390186505880454,53.0,320,0.0016380775768814711,African refugees and FBAs in South Africa,True
2026-08,92,0.0015970771984351185,30.0,320,0.0009272137227630969,Ilhan Omar Legal Issues,True
2026-08,93,0.0047722105034114825,190.0,320,0.0058723535774996135,Trump press conference outbursts,True
2026-08,94,0.006142470487756828,160.0,320,0.004945139854736517,AI Data Centers Debate,True
2026-08,95,0.0049909283213797635,444.0,320,0.013722763096893834,Europe Wildfires and Evacuations,False
2026-08,96,0.0009545776310138379,39.0,320,0.001205377839592026,Kash Patel and FBI Scandals,True
2026-08,97,0.0032404166377075876,73.0,320,0.0022562200587235358,Hunter Biden and Joe Biden Political Drama,True
2026-08,98,0.003220266147455194,81.0,320,0.0025034770514603616,Transgender Athletes in Women's Sports,True
2026-08,99,0.0004473308878708175,12.0,320,0.0003708854891052388,Spencer Pratt LA Mayoral Race,True
2026-08,100,0.003713886092293692,129.0,320,0.003987019007881317,Melania Trump and Michael Wolff Legal Drama,True
2026-08,101,0.0010308467129141428,22.0,320,0.0006799567300262711,UFC at White House Event,True
2026-08,102,0.003618493104176667,109.0,320,0.003368876526039252,Megyn Kelly and Political Rants,True
2026-08,103,0.00297529233190041,200.0,320,0.006181424818420646,Iran War and Oil Market Impact,True
2026-08,104,0.005448819627529295,64.0,320,0.001978055941894607,Transgender Rights and Political Debate,True
2026-08,105,0.0030058973092437226,145.0,320,0.0044815329933549685,Trump White House Ballroom Project,True
2026-08,106,0.0017951604986282145,111.0,320,0.0034306907742234585,Iran-Israel missile conflict,True
2026-08,107,0.0003286213848809538,16.0,320,0.0004945139854736517,Trump and Pope Leo Feud,True
2026-08,108,0.006285860143866752,210.0,320,0.006490496059341678,Covid Vaccine Controversy,True
2026-08,109,0.0011739345888547338,72.0,320,0.0022253129346314327,King Charles III and Trump State Visit,True
2026-08,110,0.004519668875093883,186.0,320,0.0057487250811312,Trump Slush Fund Scandal,True
2026-08,111,0.0011678263853032497,27.0,320,0.0008344923504867872,Super Bowl Halftime Show Controversy,True
2026-08,112,0.0076505961665411125,176.0,320,0.005439653840210169,Education and Schools Controversy,True
2026-08,113,0.0027799646486266617,110.0,320,0.0033997836501313554,Trump Reflecting Pool Vandalism Scandal,True
2026-08,114,0.009116503443880318,186.0,320,0.0057487250811312,ABC News and Political Media Figures,True
2026-08,115,0.0008963204332213092,39.0,320,0.001205377839592026,Jimmy Kimmel and Trump media conflict,True
2026-08,116,0.0020395533624619046,80.0,320,0.0024725699273682586,Mitch McConnell Health Mystery,True
2026-08,117,0.005235596454943362,85.0,320,0.0026271055478287743,AOC and Political Ambitions,True
2026-08,118,0.0016327408195451136,81.0,320,0.0025034770514603616,US Politics and Winter Olympics,True
2026-08,119,0.0018466986559599846,50.0,320,0.0015453562046051615,UK Prime Minister Andy Burnham,True
2026-08,120,0.007375747186664281,214.0,320,0.0066141245557100915,Socialism in the Democratic Party,True
2026-08,121,0.0063306630725478204,187.0,320,0.005779632205223304,Tech Business Founders and Industry,False
2026-08,122,0.0006137786944476958,106.0,320,0.0032761551537629423,Fed Chair Kevin Warsh and Interest Rates,True
2026-08,123,0.0034757388992294838,141.0,320,0.004357904496986555,Political Podcasts and Commentary,True
2026-08,124,0.0015525285336456755,61.0,320,0.001885334569618297,SAVE Act Senate Battle,True
2026-08,125,0.002621701547813399,80.0,320,0.0024725699273682586,Hakeem Jeffries and Political Press Conferences,True
2026-08,126,0.0033287763582169603,191.0,320,0.005903260701591717,Inflation and Precious Metals,True
2026-08,127,0.0031021696831702705,45.0,320,0.0013908205841446453,HasanAbi 2026 Events,True
2026-08,128,0.002170941404615907,228.0,320,0.007046824292999536,Plane Crash Investigations,False
2026-08,129,0.00039156440619018886,12.0,320,0.0003708854891052388,Thomas Massie and Trump political conflict,True
2026-08,130,0.0015651823472084218,24.0,320,0.0007417709782104776,Piers Morgan and Political Debates,True
2026-08,131,0.00974023304062049,316.0,320,0.00976665121310462,Trump Secrets and Leaks,True
2026-08,132,0.004236077437512878,93.0,320,0.0028743625405656,Joe Budden and Marc Lamont Hill Podcast Controversy,True
2026-08,133,0.0016549681035388964,39.0,320,0.001205377839592026,Brian Shapiro vs MAGA Callers Debate,True
2026-08,134,0.0008684065441897209,14.0,320,0.0004326997372894452,Political News Coverage,True
2026-08,135,0.0023266076295643456,22.0,320,0.0006799567300262711,Myron and Dating Standards,False
2026-08,136,0.00219039773960222,23.0,320,0.0007108638541183743,Erika Kirk Political Parody,True
2026-08,137,0.005167892058094805,731.0,320,0.02259310771132746,Nepal Floods and Rescue Efforts,False
2026-08,138,0.0009300383775892969,312.0,320,0.009643022716736208,BRICS and India Diplomacy,True
2026-08,139,0.0041116733094725775,115.0,320,0.0035543192705918716,Anti-Fraud Efforts by VP Vance,True
2026-08,140,0.008368331578870826,348.0,320,0.010755679184051924,police bodycam and law enforcement,True
2026-08,141,0.002420187321194105,287.0,320,0.008870344614433628,Venezuela Earthquake Disaster,False
2026-08,142,0.0016908937392650408,52.0,320,0.0016071704527893678,Melania Trump Events and Activities,True
2026-08,143,0.00013098955091284906,16.0,320,0.0004945139854736517,Epstein investigation and Clinton testimony,True
2026-08,144,0.0022640144677705245,95.0,320,0.0029361767887498068,Mexico Cartel Violence,True
2026-08,145,0.0032771392174373074,83.0,320,0.002565291299644568,Gen Z and Generational Issues,True
2026-08,146,0.005442729739217963,91.0,320,0.002812548292381394,MAGA Arguments and Debates,True
2026-08,147,0.003926692100393716,53.0,320,0.0016380775768814711,Woke Culture Evolution,True
2026-08,148,0.004686703041212442,110.0,320,0.0033997836501313554,Karoline Leavitt and Trump Resignation Scandal,True
2026-08,149,0.004761169308679104,70.0,320,0.002163498686447226,Andrew Tate Arrest and Legal Issues,True
2026-08,150,0.004074568486549833,158.0,320,0.00488332560655231,Climate Change and Heatwaves in Europe,False
2026-08,151,0.0019668745193160454,97.0,320,0.0029979910369340133,Political Media and War Room Discussions,True
2026-08,152,0.008403684003275985,184.0,320,0.005686910832946994,Trump aide Natalie Harp and Jon Ossoff,True
2026-08,153,0.0013911824633116056,89.0,320,0.0027507340441971875,Trump and NATO Relations,True
2026-08,154,0.0060973041933736725,103.0,320,0.0031834337814866326,Media and Journalism Critique,True
2026-08,155,0.0020029008516831877,36.0,320,0.0011126564673157164,Glenn Beck Political Commentary,True
2026-08,156,0.003191774934486493,138.0,320,0.004265183124710246,Trump and Crypto Scandals,True
2026-08,157,0.0052410624348953406,300.0,320,0.00927213722763097,Spain-Morocco Border Migrant Crisis,True
2026-08,158,1.8208675170680102e-05,3.0,320,9.27213722763097e-05,Tulsi Gabbard and DNI Resignation,True
2026-08,159,0.00540727785032211,56.0,320,0.0017307989491577808,Political Figures and Callouts,True
2026-08,160,0.0032628819528164365,50.0,320,0.0015453562046051615,TikTok Censorship and Political Debates,True
2026-08,161,0.005677585002167381,56.0,320,0.0017307989491577808,Political Comedy and Media,True
2026-08,162,0.008792075495203482,169.0,320,0.005223303971565446,Trump's Beef and Food Policy Impact,True
2026-08,163,0.0036389407356868493,92.0,320,0.002843455416473497,RFK Jr. Testifies on HHS Priorities,True
2026-08,164,0.0017814671705945028,81.0,320,0.0025034770514603616,Trump Medal of Honor Ceremonies,True
2026-08,165,0.0009030243081663118,20.0,320,0.0006181424818420646,Joe Kent Resignation and Leaks,True
2026-08,166,0.002084859732330607,118.0,320,0.0036470406428681813,Treasury Secretary Scott Bessent Testifies,True
2026-08,167,0.007262214486731396,277.0,320,0.008561273373512595,Dolly Parton's Death and Legacy,False
2026-08,168,0.008987137889298837,211.0,320,0.0065214031834337815,Trump's Unthinkable Actions,True
2026-08,169,0.0014157128391954598,27.0,320,0.0008344923504867872,No Kings Protests Movement,True
2026-08,170,0.0037667406386095647,179.0,320,0.005532375212486478,Meta Social Media Trial and Addiction Lawsuits,True
2026-08,171,0.0015426435487065054,73.0,320,0.0022562200587235358,Stephen Miller Meltdowns and Controversies,True
2026-08,172,0.0017742276423169466,23.0,320,0.0007108638541183743,Behind the scenes streaming,False
2026-08,173,0.006492210183837395,87.0,320,0.002688919796012981,JLP Weekly Series,False
2026-08,174,0.00028733092728193903,33.0,320,0.0010199350950394065,NATO Summit and Political Leaders,True
2026-08,175,0.0013780845658397873,146.0,320,0.0045124401174470715,Winter Storm Impacts Across the US,False
2026-08,176,0.0013842984804471748,59.0,320,0.0018235203214340906,Eric Swalwell Allegations and Resignation,True
2026-08,177,0.005970921606620223,98.0,320,0.0030288981610261164,DSA and Democratic Party Conflict,True
2026-08,178,0.00038513270059998357,12.0,320,0.0003708854891052388,Prince Andrew Epstein Arrest Revelations,True
2026-08,179,0.0013714065319763563,66.0,320,0.002039870190078813,Coal Industry Announcements,True
2026-08,180,0.0009609573630230206,57.0,320,0.001761706073249884,Media headlines and trends,False
2026-08,181,0.0013881331120250175,56.0,320,0.0017307989491577808,Trump and housing crisis,True
2026-08,182,0.006569141429725982,104.0,320,0.0032143409055787357,Tim Pool and Dave Rubin debates,True
2026-08,183,0.002060538011337218,97.0,320,0.0029979910369340133,Morning News Headlines,True
2026-08,184,0.000843956824935967,23.0,320,0.0007108638541183743,John Fetterman and Democratic Party Controversy,True
2026-08,185,0.00122643277682895,21.0,320,0.0006490496059341678,Trump Leverage and Political Strategy,True
2026-08,186,0.00026452707332857474,9.0,320,0.0002781641168289291,DHS Secretary Confirmation Hearing,True
2026-08,187,0.0004987202680323047,55.0,320,0.0016998918250656777,Trump and Macron G7 Summit Meetings,True
2026-08,188,0.0072313606884783265,87.0,320,0.002688919796012981,Abortion and Pro-Life Debate,True
2026-08,189,0.001554202773281086,46.0,320,0.0014217277082367486,SPLC Indictment and Hate Groups,True
2026-08,190,0.001424018657214731,39.0,320,0.001205377839592026,Trump and Iran War Discussion,True
2026-08,191,0.0009204215266267343,41.0,320,0.0012671920877762323,Jesse Jackson Civil Rights Legacy,True
2026-08,192,0.0019303241611152878,79.0,320,0.002441662803276155,Political Breakfast Shows,True
2026-08,193,0.0009790892461750615,42.0,320,0.0012980992118683356,MAGA Mike Johnson political turmoil,True
2026-08,194,0.0023969677806752127,55.0,320,0.0016998918250656777,Belfast riots and anti-immigration unrest,True
2026-08,195,0.0008283914372990084,56.0,320,0.0017307989491577808,Trump's name removal from Kennedy Center,True
2026-08,196,0.0015561184591120147,53.0,320,0.0016380775768814711,California Billionaire Tax Debate,True
2026-08,197,0.002044890312417354,44.0,320,0.0013599134600525422,Gaming Industry and Culture,False
2026-08,198,0.0028710710827861497,41.0,320,0.0012671920877762323,Ben Shapiro and Political Media,True
2026-08,199,0.005095931789456206,117.0,320,0.0036161335187760778,Members Only Bonus Shows,True
2026-08,200,0.004164889780185361,77.0,320,0.0023798485550919485,Homelessness in US Cities,True
2026-08,201,0.0003634539565797698,10.0,320,0.0003090712409210323,Jack Smith Testifies on Trump Investigations,True
2026-08,202,0.0001085918193226131,8.0,320,0.00024725699273682586,Trump at Davos and World Economic Forum,True
2026-08,203,0.0018352377326071323,17.0,320,0.0005254211095657549,Asmongold controversy and bans,False
2026-08,204,0.00022848764295272834,30.0,320,0.0009272137227630969,Hungary Election and Orbán's Political Fate,True
2026-08,205,0.00014508337360795177,14.0,320,0.0004326997372894452,Tom Homan Border Czar Press Conferences,True
2026-08,206,0.005638980821360011,54.0,320,0.0016689847009735744,Political Commentary and Guests,True
2026-08,207,0.0023671336440166087,146.0,320,0.0045124401174470715,ISIS-inspired NYC terror plots,True
2026-08,208,0.00254509148912579,78.0,320,0.002410755679184052,Kamala Harris 2028 Presidential Run,True
2026-08,209,0.0049440872424802666,74.0,320,0.002287127182815639,Billionaire Influence in Politics,True
2026-08,210,0.0014859727175414467,20.0,320,0.0006181424818420646,Christopher Nolan's Odyssey Reviews,False
2026-08,211,0.0007561565978264561,44.0,320,0.0013599134600525422,White House Press Briefing by Karoline Leavitt,True
2026-08,212,0.00527234732807255,102.0,320,0.0031525266573945296,Political Podcasts and Media,True
2026-08,213,0.006947152585882346,83.0,320,0.002565291299644568,Books and Cultural Commentary,True
2026-08,214,0.0017834844867817984,178.0,320,0.005501468088394375,Houthis Yemen Red Sea Conflict,True
2026-08,215,0.0008330943737161403,165.0,320,0.005099675475197033,Africa Insurgencies and Conflicts,True
2026-08,216,0.0003921867984805212,11.0,320,0.00033997836501313555,Melania Trump and Epstein Scandal,True
2026-08,217,0.0005439267564283447,50.0,320,0.0015453562046051615,Damage and Injury Reports,False
2026-08,218,0.0010304900803680638,62.0,320,0.0019162416937104003,Europe and Trump Political Relations,True
2026-08,219,0.0016372491351978075,50.0,320,0.0015453562046051615,Global Energy Crisis and Policy,True
2026-08,220,0.0007299236369162792,58.0,320,0.0017926131973419873,Trump and American Farmers,True
2026-08,221,0.0017664908319706585,54.0,320,0.0016689847009735744,Trump signing executive orders,True
2026-08,222,0.000425492510270429,34.0,320,0.0010508422191315098,NBA Championship Celebrations,False
2026-08,223,0.0009974957925148946,29.0,320,0.0008963065986709937,Marjorie Taylor Greene and Trump Conflict,True
2026-09,0,0.005809435891673641,69.0,256,0.004697072838665759,ICE protests in Minneapolis,True
2026-09,1,0.020867611460076613,212.0,256,0.014431586113002041,Shocking Events and Reactions,True
2026-09,2,0.028528240070767583,267.0,256,0.01817562968005446,Israel and Palestine Conflict,True
2026-09,3,0.008915731618803307,237.0,256,0.01613342409802587,Trump and Iran War Negotiations,True
2026-09,4,0.018120905770595795,720.0,256,0.04901293396868618,Ukraine-Russia War and Political Figures,True
2026-09,5,0.006781329109612382,155.0,256,0.01055139550714772,Trump and China Relations,True
2026-09,6,0.007329878734212588,59.0,256,0.004016337644656229,Trump vs Maduro in Venezuela,True
2026-09,7,0.0071916799096783295,136.0,256,0.009257998638529613,Iran political unrest,True
2026-09,8,0.021559329765586232,353.0,256,0.02402995234853642,AI and Political Implications,True
2026-09,9,0.0053591013599003845,480.0,256,0.03267528931245745,Indian Politics and Delhi Riots,True
2026-09,10,0.014294043529510327,175.0,256,0.011912865895166781,JD Vance and Trump Political Drama,True
2026-09,11,0.009256001457774117,102.0,256,0.006943498978897209,Zohran Mamdani and NYC Politics,True
2026-09,12,0.00449934256946457,105.0,256,0.007147719537100068,Pete Hegseth Senate Hearing on Iran War,True
2026-09,13,0.004850990271134367,166.0,256,0.011300204220558203,Hormuz Strait Blockade Conflict,True
2026-09,14,0.007918509756600621,43.0,256,0.00292716133424098,Hasan Piker Controversy,True
2026-09,15,0.007707359139402535,47.0,256,0.0031994554118447926,Christian Nationalism and Politics,True
2026-09,16,0.018817806521779785,179.0,256,0.012185159972770592,Charlie Kirk Murder Trial,True
2026-09,17,0.008534007915956527,73.0,256,0.004969366916269571,Islam and Political Extremism,True
2026-09,18,0.002975132022414342,24.0,256,0.0016337644656228727,Epstein Files Revelations,True
2026-09,19,0.046494490090064844,570.0,256,0.03880190605854323,Lindsay Clancy Murder Trial,True
2026-09,20,0.020066671466801887,87.0,256,0.005922396187882913,Feminism and Gender Roles Debate,True
2026-09,21,0.005804335428155099,84.0,256,0.0057181756296800544,California Election Fraud Scandal,True
2026-09,22,0.0012257381670991978,39.0,256,0.002654867256637168,FIFA World Cup and Trump controversy,True
2026-09,23,0.0031859704732013724,36.0,256,0.002450646698434309,White House Correspondents Dinner Shooting,True
2026-09,24,0.007710861085543621,93.0,256,0.006330837304288631,UK Political Chaos and Reform UK,True
2026-09,25,0.010069199337699574,74.0,256,0.005037440435670524,American History and Political Threats,True
2026-09,26,0.0038521842447921642,49.0,256,0.0033356024506466984,Trump and Epstein Files Scandal,True
2026-09,27,0.002437057398894404,18.0,256,0.0012253233492171545,Tucker Carlson Political Commentary,True
2026-09,28,0.0003895924961343225,19.0,256,0.0012933968686181076,Trump and Greenland politics,True
2026-09,29,0.0011989303366538521,41.0,256,0.0027910142954390743,Israel-Lebanon Conflict and Ceasefire,True
2026-09,30,0.0009276093200285244,10.0,256,0.0006807351940095302,UK PM Keir Starmer Resignation Calls,True
2026-09,31,0.0003988298000687868,23.0,256,0.0015656909462219196,Artemis II Moon Mission Updates,False
2026-09,32,0.0165859066415258,206.0,256,0.014023144996596324,Democratic Party and Midterm Elections,True
2026-09,33,0.0036938406712170857,20.0,256,0.0013614703880190605,Candace Owens Controversies,True
2026-09,34,0.016244274581848652,91.0,256,0.006194690265486726,Black America and Racism Discussions,True
2026-09,35,4.527050366637371e-05,4.0,256,0.0002722940776038121,Pam Bondi and Trump Firing,True
2026-09,36,0.004978186396301371,50.0,256,0.0034036759700476512,Elon Musk and Political Controversies,True
2026-09,37,0.0015056642573479254,20.0,256,0.0013614703880190605,US-Cuba Relations and Political Tensions,True
2026-09,38,0.015403020103874383,241.0,256,0.01640571817562968,Trump Midterm Election Scheme,True
2026-09,39,0.0020901120877357985,38.0,256,0.002586793737236215,DHS Shutdown and Government Funding,True
2026-09,40,0.0015918643561710607,7.0,256,0.0004765146358066712,Lindsey Graham's Death and Legacy,True
2026-09,41,0.011781060537185561,119.0,256,0.00810074880871341,Trump's Mental Decline,True
2026-09,42,0.0067971970109984205,86.0,256,0.00585432266848196,Karmelo Anthony Trial Verdict,True
2026-09,43,0.008235021864885932,128.0,256,0.008713410483321988,Texas Senate race and political figures,True
2026-09,44,0.0068768800743587676,83.0,256,0.0056501021102791016,Hollywood and Awards Controversy,True
2026-09,45,0.0038996489638710866,26.0,256,0.0017699115044247787,Right-Wing Political Figures Debate,True
2026-09,46,0.00965811756928017,361.0,256,0.024574540503744042,Iran-US military conflict in Gulf,True
2026-09,47,0.009340164888309162,115.0,256,0.007828454731109599,Immigration and Deportation Policies,True
2026-09,48,0.007118780196464715,60.0,256,0.0040844111640571815,Health Industry and Big Pharma,False
2026-09,49,0.005876982662766902,79.0,256,0.005377808032675289,Fox News and Trump on Air,True
2026-09,50,0.011442585912212432,86.0,256,0.00585432266848196,Left-Wing Political Violence,True
2026-09,51,0.005229856463151229,31.0,256,0.002110279101429544,UFO Government Disclosure,True
2026-09,52,0.004467524934937517,56.0,256,0.0038121170864533695,Trump's War and Panic,True
2026-09,53,0.00010234427822853279,2.0,256,0.00013614703880190606,Kristi Noem Firing by Trump,True
2026-09,54,0.005536686044703932,98.0,256,0.006671204901293397,2026 primary election coverage,True
2026-09,55,0.001960421117447326,17.0,256,0.0011572498298162016,Todd Blanche Attorney General Confirmation,True
2026-09,56,0.004249212282568677,41.0,256,0.0027910142954390743,Alberta independence movement,True
2026-09,57,0.008818334447352106,202.0,256,0.013750850918992513,Canada-US Trade War,True
2026-09,58,0.0002917853066461388,8.0,256,0.0005445881552076242,Fauci Senate Testimony Controversy,True
2026-09,59,0.006955747792923191,106.0,256,0.007215793056501021,Trump Economy and Economic Concerns,True
2026-09,60,0.006367287046836356,86.0,256,0.00585432266848196,Trump delivering remarks,True
2026-09,61,0.010185285564581332,73.0,256,0.004969366916269571,MAGA Movement Crisis,True
2026-09,62,0.003765932761533497,59.0,256,0.004016337644656229,Abdul El-Sayed vs AIPAC in Michigan Senate Primary,True
2026-09,63,0.0005327309311975145,17.0,256,0.0011572498298162016,Nancy Guthrie Disappearance Case,False
2026-09,64,0.00012600806451612903,1.0,256,6.807351940095303e-05,Graham Platner Senate Race Scandal,True
2026-09,65,0.005423031797998469,83.0,256,0.0056501021102791016,Trump State of the Union Address,True
2026-09,66,0.001123860868809022,15.0,256,0.0010211027910142954,Gavin Newsom Political Controversies,True
2026-09,67,0.00667382525707007,49.0,256,0.0033356024506466984,Black Voting Rights and Political Power,True
2026-09,68,0.006326900496862867,23.0,256,0.0015656909462219196,Destiny and Ethan Klein legal disputes,False
2026-09,69,0.0025714565045450487,45.0,256,0.0030633083730428863,America 250th Anniversary Celebrations,True
2026-09,70,0.0018464520186348195,34.0,256,0.002314499659632403,Marco Rubio Testifies on Iran War,True
2026-09,71,0.00031196320542686016,4.0,256,0.0002722940776038121,Don Lemon Arrested,True
2026-09,72,0.002018129695059842,11.0,256,0.0007488087134104834,Nolan Wells Investigation,False
2026-09,73,0.005735927927769554,94.0,256,0.006398910823689585,War and Military Analysis,True
2026-09,74,0.011929485108025996,61.0,256,0.004152484683458134,Iran and Political Updates,True
2026-09,75,0.0027193625485754953,40.0,256,0.002722940776038121,Supreme Court and Birthright Citizenship,True
2026-09,76,0.037019218614904585,652.0,256,0.04438393464942138,9/11 Remembrance 25 Years Later,True
2026-09,77,0.0021650120924344815,36.0,256,0.002450646698434309,Healthcare and Medicare Fraud,True
2026-09,78,0.005739250495083665,62.0,256,0.004220558202859088,Media Culture War Involving CNN and CBS,True
2026-09,79,0.0013249285538465814,7.0,256,0.0004765146358066712,Somali Fraud in Minnesota,True
2026-09,80,0.006923383160287927,117.0,256,0.007964601769911504,Trump and Gas Prices,True
2026-09,81,0.00272190149262268,26.0,256,0.0017699115044247787,Trump's Health Concerns,True
2026-09,82,0.0021321064561382924,19.0,256,0.0012933968686181076,Joe Rogan and Trump Political Discussions,True
2026-09,83,0.0011331416493598916,23.0,256,0.0015656909462219196,Virginia redistricting and gerrymandering,True
2026-09,84,0.0035844030094039155,68.0,256,0.004628999319264806,Trump Court Legal Battles,True
2026-09,85,0.004563623204777651,18.0,256,0.0012253233492171545,Bill Maher Political Commentary,True
2026-09,86,0.000597763372242588,18.0,256,0.0012253233492171545,Supreme Court and Trump Tariffs,True
2026-09,87,0.007769509025712626,83.0,256,0.0056501021102791016,Supreme Court rulings and controversies,True
2026-09,88,0.0028015211361466148,20.0,256,0.0013614703880190605,Sneako and Nick Fuentes Political Debates,True
2026-09,89,0.0022915340031940887,25.0,256,0.0017018379850238256,WNBA and Sophie Cunningham controversy,True
2026-09,90,0.0035790050938217717,41.0,256,0.0027910142954390743,Trump and DOJ Legal Issues,True
2026-09,91,0.004158582378803286,31.0,256,0.002110279101429544,African refugees and FBAs in South Africa,True
2026-09,92,0.0011785695538307271,11.0,256,0.0007488087134104834,Ilhan Omar Legal Issues,True
2026-09,93,0.006506506364804797,90.0,256,0.006126616746085773,Trump press conference outbursts,True
2026-09,94,0.004659123312807001,60.0,256,0.0040844111640571815,AI Data Centers Debate,True
2026-09,95,0.004206122468626998,67.0,256,0.004560925799863853,Europe Wildfires and Evacuations,False
2026-09,96,0.0011208720014620256,12.0,256,0.0008168822328114364,Kash Patel and FBI Scandals,True
2026-09,97,0.00500693775467659,33.0,256,0.00224642614023145,Hunter Biden and Joe Biden Political Drama,True
2026-09,98,0.002394939192392841,60.0,256,0.0040844111640571815,Transgender Athletes in Women's Sports,True
2026-09,99,0.00012176634900942977,4.0,256,0.0002722940776038121,Spencer Pratt LA Mayoral Race,True
2026-09,100,0.0026639112363661603,25.0,256,0.0017018379850238256,Melania Trump and Michael Wolff Legal Drama,True
2026-09,101,0.0018037438001049383,9.0,256,0.0006126616746085772,UFC at White House Event,True
2026-09,102,0.0034747432392752313,47.0,256,0.0031994554118447926,Megyn Kelly and Political Rants,True
2026-09,103,0.002051282266051485,116.0,256,0.007896528250510551,Iran War and Oil Market Impact,True
2026-09,104,0.001927860647723646,22.0,256,0.0014976174268209667,Transgender Rights and Political Debate,True
2026-09,105,0.0020231125947978005,42.0,256,0.0028590878148400272,Trump White House Ballroom Project,True
2026-09,106,0.002123232858528185,55.0,256,0.0037440435670524166,Iran-Israel missile conflict,True
2026-09,107,0.00032072823041779335,6.0,256,0.0004084411164057182,Trump and Pope Leo Feud,True
2026-09,108,0.005129634064161234,52.0,256,0.0035398230088495575,Covid Vaccine Controversy,True
2026-09,109,0.0008402764955610609,40.0,256,0.002722940776038121,King Charles III and Trump State Visit,True
2026-09,110,0.011824035886508821,168.0,256,0.011436351259360109,Trump Slush Fund Scandal,True
2026-09,111,0.0008619566437928849,17.0,256,0.0011572498298162016,Super Bowl Halftime Show Controversy,True
2026-09,112,0.005271127102314506,68.0,256,0.004628999319264806,Education and Schools Controversy,True
2026-09,113,0.0011035831307929648,13.0,256,0.0008849557522123894,Trump Reflecting Pool Vandalism Scandal,True
2026-09,114,0.00817756312297963,81.0,256,0.005513955071477196,ABC News and Political Media Figures,True
2026-09,115,0.003510894187930232,41.0,256,0.0027910142954390743,Jimmy Kimmel and Trump media conflict,True
2026-09,116,0.0017952550144447648,22.0,256,0.0014976174268209667,Mitch McConnell Health Mystery,True
2026-09,117,0.0017952311281352533,16.0,256,0.0010891763104152485,AOC and Political Ambitions,True
2026-09,118,0.0010680437798093938,19.0,256,0.0012933968686181076,US Politics and Winter Olympics,True
2026-09,119,0.0027641160757456602,47.0,256,0.0031994554118447926,UK Prime Minister Andy Burnham,True
2026-09,120,0.005608945538098254,74.0,256,0.005037440435670524,Socialism in the Democratic Party,True
2026-09,121,0.007170107450529675,128.0,256,0.008713410483321988,Tech Business Founders and Industry,False
2026-09,122,0.0005543331757101377,42.0,256,0.0028590878148400272,Fed Chair Kevin Warsh and Interest Rates,True
2026-09,123,0.0020669533033943924,52.0,256,0.0035398230088495575,Political Podcasts and Commentary,True
2026-09,124,0.0003025085605561801,9.0,256,0.0006126616746085772,SAVE Act Senate Battle,True
2026-09,125,0.002792488546216336,28.0,256,0.0019060585432266847,Hakeem Jeffries and Political Press Conferences,True
2026-09,126,0.003003154473924291,79.0,256,0.005377808032675289,Inflation and Precious Metals,True
2026-09,127,0.0034062496814573576,16.0,256,0.0010891763104152485,HasanAbi 2026 Events,True
2026-09,128,0.005454121449326773,159.0,256,0.010823689584751531,Plane Crash Investigations,False
2026-09,129,0.0017446789494074595,21.0,256,0.0014295439074200136,Thomas Massie and Trump political conflict,True
2026-09,130,0.0020747761532188247,17.0,256,0.0011572498298162016,Piers Morgan and Political Debates,True
2026-09,131,0.00966767850231134,88.0,256,0.005990469707283867,Trump Secrets and Leaks,True
2026-09,132,0.006065523047165787,58.0,256,0.003948264125255276,Joe Budden and Marc Lamont Hill Podcast Controversy,True
2026-09,133,0.0014703977462210958,17.0,256,0.0011572498298162016,Brian Shapiro vs MAGA Callers Debate,True
2026-09,134,0.00015714798850574712,2.0,256,0.00013614703880190606,Political News Coverage,True
2026-09,135,0.0028211805555555555,12.0,256,0.0008168822328114364,Myron and Dating Standards,False
2026-09,136,0.0013150240376750945,14.0,256,0.0009530292716133424,Erika Kirk Political Parody,True
2026-09,137,0.0047818680947023,292.0,256,0.019877467665078283,Nepal Floods and Rescue Efforts,False
2026-09,138,0.006162806619178172,637.0,256,0.04336283185840708,BRICS and India Diplomacy,True
2026-09,139,0.0025145081603960588,36.0,256,0.002450646698434309,Anti-Fraud Efforts by VP Vance,True
2026-09,140,0.007381233463255462,108.0,256,0.007351940095302927,police bodycam and law enforcement,True
2026-09,141,0.00037622143600066557,37.0,256,0.002518720217835262,Venezuela Earthquake Disaster,False
2026-09,142,0.0008795089204760079,20.0,256,0.0013614703880190605,Melania Trump Events and Activities,True
2026-09,143,0.0011923407876155221,13.0,256,0.0008849557522123894,Epstein investigation and Clinton testimony,True
2026-09,144,0.0011539455793214035,34.0,256,0.002314499659632403,Mexico Cartel Violence,True
2026-09,145,0.00453523081795817,27.0,256,0.0018379850238257318,Gen Z and Generational Issues,True
2026-09,146,0.005954378719257163,30.0,256,0.0020422055820285907,MAGA Arguments and Debates,True
2026-09,147,0.0025283326293478597,11.0,256,0.0007488087134104834,Woke Culture Evolution,True
2026-09,148,0.00014235811225748874,5.0,256,0.0003403675970047651,Karoline Leavitt and Trump Resignation Scandal,True
2026-09,149,0.0010999819524717507,13.0,256,0.0008849557522123894,Andrew Tate Arrest and Legal Issues,True
2026-09,150,0.002137908829982352,42.0,256,0.0028590878148400272,Climate Change and Heatwaves in Europe,False
2026-09,151,0.0035783506730104283,45.0,256,0.0030633083730428863,Political Media and War Room Discussions,True
2026-09,152,0.0015166114398730364,24.0,256,0.0016337644656228727,Trump aide Natalie Harp and Jon Ossoff,True
2026-09,153,0.0014160051780560973,51.0,256,0.0034717494894486046,Trump and NATO Relations,True
2026-09,154,0.0030527938750916682,34.0,256,0.002314499659632403,Media and Journalism Critique,True
2026-09,155,0.003810603568015815,23.0,256,0.0015656909462219196,Glenn Beck Political Commentary,True
2026-09,156,0.0036536813888066208,55.0,256,0.0037440435670524166,Trump and Crypto Scandals,True
2026-09,157,0.001523105185799338,40.0,256,0.002722940776038121,Spain-Morocco Border Migrant Crisis,True
2026-09,158,2.4723101265822784e-05,1.0,256,6.807351940095303e-05,Tulsi Gabbard and DNI Resignation,True
2026-09,159,0.006190710803014575,29.0,256,0.001974132062627638,Political Figures and Callouts,True
2026-09,160,0.0024535815885940036,14.0,256,0.0009530292716133424,TikTok Censorship and Political Debates,True
2026-09,161,0.003551643886719155,21.0,256,0.0014295439074200136,Political Comedy and Media,True
2026-09,162,0.002867354439748724,39.0,256,0.002654867256637168,Trump's Beef and Food Policy Impact,True
2026-09,163,0.000356293952654233,11.0,256,0.0007488087134104834,RFK Jr. Testifies on HHS Priorities,True
2026-09,164,0.0037635316222612908,74.0,256,0.005037440435670524,Trump Medal of Honor Ceremonies,True
2026-09,165,0.00028285541120734323,3.0,256,0.0002042205582028591,Joe Kent Resignation and Leaks,True
2026-09,166,0.0022644901026579387,40.0,256,0.002722940776038121,Treasury Secretary Scott Bessent Testifies,True
2026-09,167,0.002303595528599893,30.0,256,0.0020422055820285907,Dolly Parton's Death and Legacy,False
2026-09,168,0.009583521591410746,95.0,256,0.006466984343090538,Trump's Unthinkable Actions,True
2026-09,169,0.000978058819841959,21.0,256,0.0014295439074200136,No Kings Protests Movement,True
2026-09,170,0.0015395910417647992,28.0,256,0.0019060585432266847,Meta Social Media Trial and Addiction Lawsuits,True
2026-09,171,0.00022614535689658054,8.0,256,0.0005445881552076242,Stephen Miller Meltdowns and Controversies,True
2026-09,172,0.0018434088217118138,9.0,256,0.0006126616746085772,Behind the scenes streaming,False
2026-09,173,0.012763763389425004,49.0,256,0.0033356024506466984,JLP Weekly Series,False
2026-09,174,0.0019571364963303613,61.0,256,0.004152484683458134,NATO Summit and Political Leaders,True
2026-09,175,0.0010490361193386155,51.0,256,0.0034717494894486046,Winter Storm Impacts Across the US,False
2026-09,176,0.00041038698597558313,6.0,256,0.0004084411164057182,Eric Swalwell Allegations and Resignation,True
2026-09,177,0.0012133504607151648,16.0,256,0.0010891763104152485,DSA and Democratic Party Conflict,True
2026-09,178,0.00017175540018330896,6.0,256,0.0004084411164057182,Prince Andrew Epstein Arrest Revelations,True
2026-09,179,0.000993585520739578,12.0,256,0.0008168822328114364,Coal Industry Announcements,True
2026-09,180,0.0011055435090910092,20.0,256,0.0013614703880190605,Media headlines and trends,False
2026-09,181,0.0007693474044680223,15.0,256,0.0010211027910142954,Trump and housing crisis,True
2026-09,182,0.005928601477523672,38.0,256,0.002586793737236215,Tim Pool and Dave Rubin debates,True
2026-09,183,0.0012100834043109441,36.0,256,0.002450646698434309,Morning News Headlines,True
2026-09,184,0.004873005876409595,59.0,256,0.004016337644656229,John Fetterman and Democratic Party Controversy,True
2026-09,185,0.0013106496710526315,5.0,256,0.0003403675970047651,Trump Leverage and Political Strategy,True
2026-09,186,0.00121617701461668,19.0,256,0.0012933968686181076,DHS Secretary Confirmation Hearing,True
2026-09,187,0.0013764687279475638,56.0,256,0.0038121170864533695,Trump and Macron G7 Summit Meetings,True
2026-09,188,0.005227713898975395,38.0,256,0.002586793737236215,Abortion and Pro-Life Debate,True
2026-09,189,0.00016993702565190705,3.0,256,0.0002042205582028591,SPLC Indictment and Hate Groups,True
2026-09,190,0.0013269237027020305,17.0,256,0.0011572498298162016,Trump and Iran War Discussion,True
2026-09,191,0.000193724679086737,16.0,256,0.0010891763104152485,Jesse Jackson Civil Rights Legacy,True
2026-09,192,0.0006147805639072607,29.0,256,0.001974132062627638,Political Breakfast Shows,True
2026-09,193,0.0032661441531289487,26.0,256,0.0017699115044247787,MAGA Mike Johnson political turmoil,True
2026-09,194,0.003576222781269272,79.0,256,0.005377808032675289,Belfast riots and anti-immigration unrest,True
2026-09,195,0.00011252618320584672,9.0,256,0.0006126616746085772,Trump's name removal from Kennedy Center,True
2026-09,196,0.002842664850082816,19.0,256,0.0012933968686181076,California Billionaire Tax Debate,True
2026-09,197,0.00335917336093424,28.0,256,0.0019060585432266847,Gaming Industry and Culture,False
2026-09,198,0.002432692052058582,15.0,256,0.0010211027910142954,Ben Shapiro and Political Media,True
2026-09,199,0.005788066388863777,49.0,256,0.0033356024506466984,Members Only Bonus Shows,True
2026-09,200,0.0032652580006504836,29.0,256,0.001974132062627638,Homelessness in US Cities,True
2026-09,201,0.0005723323903754382,5.0,256,0.0003403675970047651,Jack Smith Testifies on Trump Investigations,True
2026-09,202,0.0005991352618744989,21.0,256,0.0014295439074200136,Trump at Davos and World Economic Forum,True
2026-09,203,0.00037299956046173133,5.0,256,0.0003403675970047651,Asmongold controversy and bans,False
2026-09,204,0.0005343306722010177,32.0,256,0.002178352620830497,Hungary Election and Orbán's Political Fate,True
2026-09,205,0.00014712811636635934,8.0,256,0.0005445881552076242,Tom Homan Border Czar Press Conferences,True
2026-09,206,0.0025728483164707563,18.0,256,0.0012253233492171545,Political Commentary and Guests,True
2026-09,207,0.003888787508369437,70.0,256,0.004765146358066712,ISIS-inspired NYC terror plots,True
2026-09,208,0.0024377951788234413,38.0,256,0.002586793737236215,Kamala Harris 2028 Presidential Run,True
2026-09,209,0.0031058237178207414,34.0,256,0.002314499659632403,Billionaire Influence in Politics,True
2026-09,210,0.0005970033640226628,3.0,256,0.0002042205582028591,Christopher Nolan's Odyssey Reviews,False
2026-09,211,0.0014124478184068588,12.0,256,0.0008168822328114364,White House Press Briefing by Karoline Leavitt,True
2026-09,212,0.003606091157409973,46.0,256,0.0031313818924438392,Political Podcasts and Media,True
2026-09,213,0.002163254836271979,22.0,256,0.0014976174268209667,Books and Cultural Commentary,True
2026-09,214,0.007403766612457342,194.0,256,0.013206262763784888,Houthis Yemen Red Sea Conflict,True
2026-09,215,0.00204483413224756,75.0,256,0.0051055139550714775,Africa Insurgencies and Conflicts,True
2026-09,216,0.0007633457921765075,9.0,256,0.0006126616746085772,Melania Trump and Epstein Scandal,True
2026-09,217,0.0007957433369533166,21.0,256,0.0014295439074200136,Damage and Injury Reports,False
2026-09,218,0.0021679862067716556,51.0,256,0.0034717494894486046,Europe and Trump Political Relations,True
2026-09,219,0.0015109116018121693,31.0,256,0.002110279101429544,Global Energy Crisis and Policy,True
2026-09,220,0.001251209577944635,29.0,256,0.001974132062627638,Trump and American Farmers,True
2026-09,221,0.000896240073991844,11.0,256,0.0007488087134104834,Trump signing executive orders,True
2026-09,222,0.0016036569775634895,9.0,256,0.0006126616746085772,NBA Championship Celebrations,False
2026-09,223,0.0019889675247274797,14.0,256,0.0009530292716133424,Marjorie Taylor Greene and Trump Conflict,True
