week,word,share,channels,titles
2026-01-12,abdul,0.001062,1,1
2026-01-19,abdul,0.000024,1,1
2026-03-02,abdul,0.000600,2,2
2026-03-23,abdul,0.000013,1,1
2026-03-30,abdul,0.000183,3,4
2026-04-06,abdul,0.001711,5,14
2026-04-13,abdul,0.000798,3,3
2026-04-20,abdul,0.000706,2,2
2026-04-27,abdul,0.001247,4,6
2026-05-11,abdul,0.001257,4,5
2026-05-25,abdul,0.001212,3,4
2026-06-01,abdul,0.000425,3,7
2026-06-08,abdul,0.000087,1,1
2026-06-15,abdul,0.000021,1,1
2026-06-29,abdul,0.001166,6,11
2026-07-06,abdul,0.002718,8,13
2026-07-13,abdul,0.003487,9,15
2026-07-20,abdul,0.000669,6,6
2026-07-27,abdul,0.010554,22,32
2026-08-03,abdul,0.034855,58,169
2026-08-10,abdul,0.011582,28,46
2026-08-17,abdul,0.002465,13,23
2026-08-24,abdul,0.011359,28,44
2026-08-31,abdul,0.010302,30,46
2026-09-07,abdul,0.001694,11,15
2025-12-29,act,0.002709,6,9
2026-01-05,act,0.002206,17,23
2026-01-12,act,0.015694,52,133
2026-01-19,act,0.006236,26,35
2026-01-26,act,0.004082,15,24
2026-02-02,act,0.009290,23,40
2026-02-09,act,0.008945,29,65
2026-02-16,act,0.005488,22,36
2026-02-23,act,0.005056,22,30
2026-03-02,act,0.003501,18,22
2026-03-09,act,0.010772,35,75
2026-03-16,act,0.013632,36,108
2026-03-23,act,0.005482,21,38
2026-03-30,act,0.000989,13,18
2026-04-06,act,0.003589,10,11
2026-04-13,act,0.006196,21,35
2026-04-20,act,0.002335,17,25
2026-04-27,act,0.010947,34,65
2026-05-04,act,0.001995,16,23
2026-05-11,act,0.003565,15,22
2026-05-18,act,0.000932,11,20
2026-05-25,act,0.000852,8,13
2026-06-01,act,0.001706,15,20
2026-06-08,act,0.003099,15,26
2026-06-15,act,0.001466,14,19
2026-06-22,act,0.004771,24,53
2026-06-29,act,0.008638,29,56
2026-07-06,act,0.003549,20,34
2026-07-13,act,0.006684,26,41
2026-07-20,act,0.003777,22,35
2026-07-27,act,0.002238,19,30
2026-08-03,act,0.003444,18,25
2026-08-10,act,0.002941,12,14
2026-08-17,act,0.001664,14,23
2026-08-24,act,0.001991,14,19
2026-08-31,act,0.002402,10,13
2026-09-07,act,0.001060,11,14
2026-09-14,act,0.000519,1,1
2025-12-29,actually,0.004127,4,4
2026-01-05,actually,0.001925,11,13
2026-01-12,actually,0.004412,12,15
2026-01-19,actually,0.008039,19,24
2026-01-26,actually,0.005126,14,18
2026-02-02,actually,0.005640,15,21
2026-02-09,actually,0.004178,11,14
2026-02-16,actually,0.004625,12,16
2026-02-23,actually,0.006186,15,17
2026-03-02,actually,0.006068,14,20
2026-03-09,actually,0.004904,15,17
2026-03-16,actually,0.005788,14,20
2026-03-23,actually,0.005137,15,20
2026-03-30,actually,0.002305,10,15
2026-04-06,actually,0.006746,17,22
2026-04-13,actually,0.008582,15,21
2026-04-20,actually,0.004701,13,15
2026-04-27,actually,0.005494,12,13
2026-05-04,actually,0.008014,18,22
2026-05-11,actually,0.004094,14,17
2026-05-18,actually,0.005312,15,18
2026-05-25,actually,0.004433,9,11
2026-06-01,actually,0.006970,15,21
2026-06-08,actually,0.001882,11,13
2026-06-15,actually,0.006672,18,27
2026-06-22,actually,0.003258,11,14
2026-06-29,actually,0.008018,14,15
2026-07-06,actually,0.004616,7,9
2026-07-13,actually,0.003556,13,15
2026-07-20,actually,0.006198,17,20
2026-07-27,actually,0.008462,17,23
2026-08-03,actually,0.004084,12,15
2026-08-10,actually,0.004339,8,11
2026-08-17,actually,0.006952,17,21
2026-08-24,actually,0.006715,20,24
2026-08-31,actually,0.003318,11,14
2026-09-07,actually,0.003970,10,12
2026-09-14,actually,0.000741,1,2
2025-12-29,adam,0.000840,1,3
2026-01-05,adam,0.002573,6,10
2026-01-12,adam,0.003047,6,9
2026-01-19,adam,0.002926,5,11
2026-01-26,adam,0.004367,12,17
2026-02-02,adam,0.002722,5,9
2026-02-09,adam,0.008301,6,13
2026-02-16,adam,0.003482,7,10
2026-02-23,adam,0.003260,8,13
2026-03-02,adam,0.002364,6,9
2026-03-09,adam,0.003359,12,20
2026-03-16,adam,0.002521,6,10
2026-03-23,adam,0.003606,8,12
2026-03-30,adam,0.001005,4,5
2026-04-06,adam,0.002109,4,6
2026-04-13,adam,0.001501,6,6
2026-04-20,adam,0.002777,6,10
2026-04-27,adam,0.006507,16,27
2026-05-04,adam,0.009271,16,22
2026-05-11,adam,0.003823,7,11
2026-05-18,adam,0.002508,8,15
2026-05-25,adam,0.003533,8,10
2026-06-01,adam,0.007169,14,16
2026-06-08,adam,0.001890,6,8
2026-06-15,adam,0.003152,6,9
2026-06-22,adam,0.002329,3,5
2026-06-29,adam,0.003443,3,8
2026-07-06,adam,0.002436,7,9
2026-07-13,adam,0.002657,8,17
2026-07-20,adam,0.003454,4,8
2026-07-27,adam,0.004705,5,10
2026-08-03,adam,0.004906,10,17
2026-08-10,adam,0.002879,6,10
2026-08-17,adam,0.003622,4,7
2026-08-24,adam,0.007162,10,18
2026-08-31,adam,0.000877,3,4
2026-09-07,adam,0.006422,10,15
2025-12-29,admits,0.008715,12,15
2026-01-05,admits,0.004014,16,24
2026-01-12,admits,0.003337,15,18
2026-01-19,admits,0.004037,21,22
2026-01-26,admits,0.004662,19,31
2026-02-02,admits,0.006343,26,38
2026-02-09,admits,0.004505,22,32
2026-02-16,admits,0.001636,13,15
2026-02-23,admits,0.004690,18,24
2026-03-02,admits,0.005824,19,27
2026-03-09,admits,0.002967,13,19
2026-03-16,admits,0.005958,18,24
2026-03-23,admits,0.001873,9,12
2026-03-30,admits,0.004378,16,19
2026-04-06,admits,0.005391,23,30
2026-04-13,admits,0.003156,14,18
2026-04-20,admits,0.004853,17,26
2026-04-27,admits,0.004324,15,24
2026-05-04,admits,0.005254,21,29
2026-05-11,admits,0.007625,28,44
2026-05-18,admits,0.001312,9,13
2026-05-25,admits,0.004426,17,28
2026-06-01,admits,0.002580,12,18
2026-06-08,admits,0.001435,10,13
2026-06-15,admits,0.001636,10,13
2026-06-22,admits,0.004268,17,21
2026-06-29,admits,0.003505,17,18
2026-07-06,admits,0.002339,19,24
2026-07-13,admits,0.005074,16,30
2026-07-20,admits,0.005773,27,41
2026-07-27,admits,0.004444,18,23
2026-08-03,admits,0.004481,14,19
2026-08-10,admits,0.006641,20,36
2026-08-17,admits,0.004716,16,30
2026-08-24,admits,0.002634,11,15
2026-08-31,admits,0.003997,14,21
2026-09-07,admits,0.002887,12,21
2026-09-14,admits,0.002323,2,2
2025-12-29,ai,0.007488,11,17
2026-01-05,ai,0.004083,25,58
2026-01-12,ai,0.005373,26,68
2026-01-19,ai,0.005641,26,76
2026-01-26,ai,0.008863,25,64
2026-02-02,ai,0.009319,32,76
2026-02-09,ai,0.007587,31,89
2026-02-16,ai,0.008868,26,323
2026-02-23,ai,0.011540,38,134
2026-03-02,ai,0.007403,28,62
2026-03-09,ai,0.007032,31,65
2026-03-16,ai,0.009254,30,85
2026-03-23,ai,0.013414,33,77
2026-03-30,ai,0.008222,28,55
2026-04-06,ai,0.008969,30,84
2026-04-13,ai,0.016750,46,120
2026-04-20,ai,0.009742,34,106
2026-04-27,ai,0.012060,35,100
2026-05-04,ai,0.009016,32,91
2026-05-11,ai,0.010940,40,98
2026-05-18,ai,0.020083,48,157
2026-05-25,ai,0.016607,42,136
2026-06-01,ai,0.014477,43,192
2026-06-08,ai,0.011649,34,113
2026-06-15,ai,0.011813,39,94
2026-06-22,ai,0.011569,36,103
2026-06-29,ai,0.009834,31,85
2026-07-06,ai,0.012964,34,91
2026-07-13,ai,0.012554,38,129
2026-07-20,ai,0.011725,37,129
2026-07-27,ai,0.014882,38,135
2026-08-03,ai,0.010947,38,116
2026-08-10,ai,0.011862,36,110
2026-08-17,ai,0.009658,33,106
2026-08-24,ai,0.012050,38,110
2026-08-31,ai,0.013651,40,128
2026-09-07,ai,0.023955,59,206
2026-09-14,ai,0.139967,17,75
2025-12-29,air,0.003921,11,18
2026-01-05,air,0.002539,12,22
2026-01-12,air,0.002933,15,29
2026-01-19,air,0.003231,21,49
2026-01-26,air,0.002162,13,26
2026-02-02,air,0.000847,12,25
2026-02-09,air,0.001888,14,29
2026-02-16,air,0.002961,21,38
2026-02-23,air,0.002843,22,60
2026-03-02,air,0.006759,33,96
2026-03-09,air,0.005471,29,84
2026-03-16,air,0.003277,24,54
2026-03-23,air,0.009516,32,101
2026-03-30,air,0.003503,25,60
2026-04-06,air,0.003954,23,42
2026-04-13,air,0.002370,19,27
2026-04-20,air,0.003388,23,37
2026-04-27,air,0.002936,17,30
2026-05-04,air,0.001501,13,27
2026-05-11,air,0.004106,21,61
2026-05-18,air,0.002554,20,40
2026-05-25,air,0.003673,27,65
2026-06-01,air,0.001565,16,32
2026-06-08,air,0.003384,25,68
2026-06-15,air,0.003793,27,74
2026-06-22,air,0.002305,17,39
2026-06-29,air,0.004968,29,80
2026-07-06,air,0.005147,32,79
2026-07-13,air,0.005373,30,76
2026-07-20,air,0.003606,27,60
2026-07-27,air,0.003203,17,43
2026-08-03,air,0.004711,24,57
2026-08-10,air,0.006114,28,77
2026-08-17,air,0.003033,18,36
2026-08-24,air,0.002116,16,37
2026-08-31,air,0.003269,19,48
2026-09-07,air,0.006604,26,75
2026-09-14,air,0.018551,5,7
2025-12-29,alex,0.004178,5,5
2026-01-05,alex,0.002854,6,9
2026-01-12,alex,0.001982,3,4
2026-01-19,alex,0.006591,23,67
2026-01-26,alex,0.054143,81,330
2026-02-02,alex,0.005425,17,41
2026-02-09,alex,0.004214,16,26
2026-02-16,alex,0.005402,15,21
2026-02-23,alex,0.000858,5,12
2026-03-02,alex,0.004554,19,32
2026-03-09,alex,0.001427,4,20
2026-03-16,alex,0.002771,14,22
2026-03-23,alex,0.003593,10,17
2026-03-30,alex,0.006173,17,29
2026-04-06,alex,0.008701,20,36
2026-04-13,alex,0.002915,11,19
2026-04-20,alex,0.003728,16,29
2026-04-27,alex,0.005845,17,26
2026-05-04,alex,0.003961,5,18
2026-05-11,alex,0.007286,24,64
2026-05-18,alex,0.005369,13,31
2026-05-25,alex,0.003226,4,20
2026-06-01,alex,0.001926,4,14
2026-06-08,alex,0.003110,7,19
2026-06-15,alex,0.002878,9,20
2026-06-22,alex,0.003564,6,25
2026-06-29,alex,0.004825,10,25
2026-07-06,alex,0.007083,14,29
2026-07-13,alex,0.006222,11,24
2026-07-20,alex,0.003778,8,21
2026-07-27,alex,0.004036,12,26
2026-08-03,alex,0.003518,8,20
2026-08-10,alex,0.003929,14,28
2026-08-17,alex,0.007320,13,33
2026-08-24,alex,0.005527,13,29
2026-08-31,alex,0.006117,11,29
2026-09-07,alex,0.005781,13,25
2025-12-29,america,0.030586,26,111
2026-01-05,america,0.028111,50,228
2026-01-12,america,0.033445,57,220
2026-01-19,america,0.029921,61,237
2026-01-26,america,0.021528,41,197
2026-02-02,america,0.024885,51,217
2026-02-09,america,0.030420,57,208
2026-02-16,america,0.023490,53,223
2026-02-23,america,0.023229,58,249
2026-03-02,america,0.022116,47,210
2026-03-09,america,0.035476,64,260
2026-03-16,america,0.032731,67,277
2026-03-23,america,0.024171,56,241
2026-03-30,america,0.018822,48,200
2026-04-06,america,0.021173,50,225
2026-04-13,america,0.021945,53,177
2026-04-20,america,0.020906,53,173
2026-04-27,america,0.019397,45,187
2026-05-04,america,0.021078,45,162
2026-05-11,america,0.020206,56,169
2026-05-18,america,0.023501,58,183
2026-05-25,america,0.021108,51,194
2026-06-01,america,0.022109,54,203
2026-06-08,america,0.025048,56,210
2026-06-15,america,0.027199,66,217
2026-06-22,america,0.035034,60,278
2026-06-29,america,0.071079,90,672
2026-07-06,america,0.035850,64,206
2026-07-13,america,0.025398,61,186
2026-07-20,america,0.026285,65,206
2026-07-27,america,0.025393,53,184
2026-08-03,america,0.026616,55,184
2026-08-10,america,0.028245,57,169
2026-08-17,america,0.025345,59,221
2026-08-24,america,0.033288,65,269
2026-08-31,america,0.023963,55,205
2026-09-07,america,0.028058,57,242
2026-09-14,america,0.027090,7,16
2025-12-29,american,0.008074,12,27
2026-01-05,american,0.009476,33,67
2026-01-12,american,0.005405,25,56
2026-01-19,american,0.007148,27,62
2026-01-26,american,0.007568,25,61
2026-02-02,american,0.008335,29,62
2026-02-09,american,0.004221,21,45
2026-02-16,american,0.006916,25,59
2026-02-23,american,0.010486,33,90
2026-03-02,american,0.008081,36,114
2026-03-09,american,0.008699,32,90
2026-03-16,american,0.007158,26,58
2026-03-23,american,0.006935,30,83
2026-03-30,american,0.007789,30,88
2026-04-06,american,0.007820,29,64
2026-04-13,american,0.005950,28,43
2026-04-20,american,0.006371,23,63
2026-04-27,american,0.008886,25,57
2026-05-04,american,0.003867,21,57
2026-05-11,american,0.010001,35,76
2026-05-18,american,0.006828,29,69
2026-05-25,american,0.006196,26,66
2026-06-01,american,0.009631,30,76
2026-06-08,american,0.007242,29,65
2026-06-15,american,0.009010,27,69
2026-06-22,american,0.012745,39,108
2026-06-29,american,0.026418,59,166
2026-07-06,american,0.010890,33,71
2026-07-13,american,0.010402,36,91
2026-07-20,american,0.010413,31,90
2026-07-27,american,0.005329,28,81
2026-08-03,american,0.005537,22,59
2026-08-10,american,0.010227,33,66
2026-08-17,american,0.007758,32,74
2026-08-24,american,0.012544,32,80
2026-08-31,american,0.005886,29,70
2026-09-07,american,0.008675,34,96
2026-09-14,american,0.020438,4,14
2025-12-29,americans,0.008830,15,24
2026-01-05,americans,0.008516,24,50
2026-01-12,americans,0.009166,22,49
2026-01-19,americans,0.007294,26,56
2026-01-26,americans,0.005944,30,63
2026-02-02,americans,0.006909,25,56
2026-02-09,americans,0.003904,23,37
2026-02-16,americans,0.007046,29,47
2026-02-23,americans,0.011271,44,107
2026-03-02,americans,0.010147,36,120
2026-03-09,americans,0.013321,37,81
2026-03-16,americans,0.005122,27,42
2026-03-23,americans,0.005273,24,47
2026-03-30,americans,0.006586,27,60
2026-04-06,americans,0.005868,32,41
2026-04-13,americans,0.009135,32,63
2026-04-20,americans,0.004697,23,36
2026-04-27,americans,0.004817,16,37
2026-05-04,americans,0.006621,30,49
2026-05-11,americans,0.011463,38,108
2026-05-18,americans,0.006748,31,59
2026-05-25,americans,0.003187,18,26
2026-06-01,americans,0.004175,22,37
2026-06-08,americans,0.004091,21,36
2026-06-15,americans,0.005097,27,43
2026-06-22,americans,0.005015,24,47
2026-06-29,americans,0.008739,38,74
2026-07-06,americans,0.005963,26,44
2026-07-13,americans,0.004995,27,50
2026-07-20,americans,0.008628,25,60
2026-07-27,americans,0.004218,23,45
2026-08-03,americans,0.003686,18,35
2026-08-10,americans,0.006242,25,41
2026-08-17,americans,0.005004,27,47
2026-08-24,americans,0.005047,27,51
2026-08-31,americans,0.004421,23,39
2026-09-07,americans,0.004791,28,59
2026-09-14,americans,0.002353,1,2
2025-12-29,amid,0.007201,16,39
2026-01-05,amid,0.005421,28,134
2026-01-12,amid,0.006382,26,184
2026-01-19,amid,0.007151,25,179
2026-01-26,amid,0.006860,27,134
2026-02-02,amid,0.004826,24,126
2026-02-09,amid,0.003888,21,101
2026-02-16,amid,0.003772,20,106
2026-02-23,amid,0.004274,23,137
2026-03-02,amid,0.005721,23,202
2026-03-09,amid,0.007339,29,213
2026-03-16,amid,0.006419,23,227
2026-03-23,amid,0.008870,33,265
2026-03-30,amid,0.005683,23,197
2026-04-06,amid,0.005939,24,175
2026-04-13,amid,0.007834,31,217
2026-04-20,amid,0.007483,29,191
2026-04-27,amid,0.006187,25,177
2026-05-04,amid,0.005566,26,148
2026-05-11,amid,0.004882,23,225
2026-05-18,amid,0.004022,23,154
2026-05-25,amid,0.003895,20,121
2026-06-01,amid,0.003970,20,159
2026-06-08,amid,0.005179,21,127
2026-06-15,amid,0.003233,23,93
2026-06-22,amid,0.004228,24,128
2026-06-29,amid,0.003868,25,107
2026-07-06,amid,0.003889,24,115
2026-07-13,amid,0.003687,22,84
2026-07-20,amid,0.004085,20,133
2026-07-27,amid,0.003294,21,101
2026-08-03,amid,0.003324,21,98
2026-08-10,amid,0.004528,20,129
2026-08-17,amid,0.004195,24,115
2026-08-24,amid,0.003698,19,125
2026-08-31,amid,0.004133,25,105
2026-09-07,amid,0.002530,18,92
2026-09-14,amid,0.014158,7,7
2025-12-29,andrew,0.005143,3,5
2026-01-05,andrew,0.005344,8,14
2026-01-12,andrew,0.002616,8,14
2026-01-19,andrew,0.005504,14,26
2026-01-26,andrew,0.004786,18,28
2026-02-02,andrew,0.009706,27,61
2026-02-09,andrew,0.005927,18,36
2026-02-16,andrew,0.034349,69,270
2026-02-23,andrew,0.004887,20,33
2026-03-02,andrew,0.002247,3,5
2026-03-09,andrew,0.003535,9,16
2026-03-16,andrew,0.000282,2,3
2026-03-23,andrew,0.007422,12,21
2026-03-30,andrew,0.000578,4,5
2026-04-06,andrew,0.003205,7,8
2026-04-13,andrew,0.002967,6,12
2026-04-20,andrew,0.001204,6,10
2026-04-27,andrew,0.002452,4,4
2026-05-04,andrew,0.000497,5,6
2026-05-11,andrew,0.005978,13,13
2026-05-18,andrew,0.003121,10,19
2026-05-25,andrew,0.001477,6,11
2026-06-01,andrew,0.002892,10,11
2026-06-08,andrew,0.005407,14,17
2026-06-15,andrew,0.003640,9,14
2026-06-22,andrew,0.001489,5,6
2026-06-29,andrew,0.002048,3,6
2026-07-06,andrew,0.001257,7,9
2026-07-13,andrew,0.003979,16,19
2026-07-20,andrew,0.010964,23,38
2026-07-27,andrew,0.007666,18,32
2026-08-03,andrew,0.006453,16,22
2026-08-10,andrew,0.016338,25,50
2026-08-17,andrew,0.007641,21,30
2026-08-24,andrew,0.008127,17,26
2026-08-31,andrew,0.001673,8,15
2026-09-07,andrew,0.004194,12,19
2026-01-05,anthony,0.000552,4,4
2026-01-12,anthony,0.001012,2,2
2026-01-19,anthony,0.000047,1,1
2026-02-02,anthony,0.000028,1,2
2026-02-09,anthony,0.000325,1,1
2026-02-16,anthony,0.000039,1,1
2026-02-23,anthony,0.000326,2,2
2026-03-02,anthony,0.000143,1,1
2026-03-09,anthony,0.001497,2,2
2026-03-16,anthony,0.000491,2,2
2026-03-23,anthony,0.000026,2,2
2026-03-30,anthony,0.000730,6,6
2026-04-06,anthony,0.000062,1,6
2026-04-13,anthony,0.000165,3,3
2026-04-20,anthony,0.000896,4,4
2026-04-27,anthony,0.000626,3,3
2026-05-11,anthony,0.000035,1,1
2026-05-25,anthony,0.000983,4,5
2026-06-01,anthony,0.014557,24,51
2026-06-08,anthony,0.061539,60,230
2026-06-15,anthony,0.009424,16,32
2026-06-22,anthony,0.009661,20,42
2026-06-29,anthony,0.000192,1,1
2026-07-06,anthony,0.000382,4,14
2026-07-13,anthony,0.000260,2,2
2026-07-20,anthony,0.000119,1,1
2026-07-27,anthony,0.010311,26,61
2026-08-03,anthony,0.001751,13,14
2026-08-10,anthony,0.000259,4,6
2026-08-17,anthony,0.011214,26,50
2026-08-24,anthony,0.003218,8,12
2026-08-31,anthony,0.002059,5,5
2026-09-07,anthony,0.001838,7,8
2025-12-29,aoc,0.002774,7,9
2026-01-05,aoc,0.001943,8,10
2026-01-12,aoc,0.002543,7,8
2026-01-19,aoc,0.000702,5,7
2026-01-26,aoc,0.000850,4,6
2026-02-02,aoc,0.000800,5,5
2026-02-09,aoc,0.003223,12,20
2026-02-16,aoc,0.022375,41,90
2026-02-23,aoc,0.004889,12,16
2026-03-02,aoc,0.000490,1,1
2026-03-16,aoc,0.000317,3,3
2026-03-23,aoc,0.001402,7,8
2026-03-30,aoc,0.005322,14,20
2026-04-06,aoc,0.000324,4,4
2026-04-13,aoc,0.000957,6,9
2026-04-20,aoc,0.002040,7,10
2026-04-27,aoc,0.002561,9,10
2026-05-04,aoc,0.006589,20,28
2026-05-11,aoc,0.011396,31,53
2026-05-18,aoc,0.005609,15,25
2026-05-25,aoc,0.002617,7,9
2026-06-01,aoc,0.000131,4,4
2026-06-08,aoc,0.000529,5,6
2026-06-15,aoc,0.000032,1,1
2026-06-22,aoc,0.002442,11,12
2026-06-29,aoc,0.004536,14,20
2026-07-06,aoc,0.000694,1,1
2026-07-13,aoc,0.002447,11,12
2026-07-20,aoc,0.010981,26,44
2026-07-27,aoc,0.002288,5,8
2026-08-03,aoc,0.002550,11,13
2026-08-10,aoc,0.025023,41,90
2026-08-17,aoc,0.005486,14,18
2026-08-24,aoc,0.001992,12,16
2026-08-31,aoc,0.002808,14,22
2026-09-07,aoc,0.002622,15,19
2026-09-14,aoc,0.012000,2,3
2025-12-29,apart,0.002714,3,4
2026-01-05,apart,0.001913,12,18
2026-01-12,apart,0.001943,12,16
2026-01-19,apart,0.001645,10,14
2026-01-26,apart,0.002193,10,10
2026-02-02,apart,0.003289,12,15
2026-02-09,apart,0.001020,10,12
2026-02-16,apart,0.002690,6,7
2026-02-23,apart,0.001538,7,9
2026-03-02,apart,0.003740,11,15
2026-03-09,apart,0.005850,13,18
2026-03-16,apart,0.005020,15,19
2026-03-23,apart,0.001705,12,17
2026-03-30,apart,0.002696,13,19
2026-04-06,apart,0.004941,22,25
2026-04-13,apart,0.001962,8,11
2026-04-20,apart,0.005153,17,23
2026-04-27,apart,0.003433,14,24
2026-05-04,apart,0.002505,10,14
2026-05-11,apart,0.003538,12,16
2026-05-18,apart,0.002553,13,13
2026-05-25,apart,0.001921,12,18
2026-06-01,apart,0.005067,17,22
2026-06-08,apart,0.005206,19,25
2026-06-15,apart,0.004312,15,24
2026-06-22,apart,0.002315,10,15
2026-06-29,apart,0.002144,12,17
2026-07-06,apart,0.002120,11,13
2026-07-13,apart,0.003347,14,14
2026-07-20,apart,0.004873,14,17
2026-07-27,apart,0.002156,11,15
2026-08-03,apart,0.000902,5,11
2026-08-10,apart,0.002998,15,20
2026-08-17,apart,0.003897,13,17
2026-08-24,apart,0.001816,11,15
2026-08-31,apart,0.002061,9,12
2026-09-07,apart,0.002858,11,14
2025-12-29,arrested,0.001739,5,8
2026-01-05,arrested,0.002553,15,25
2026-01-12,arrested,0.001746,14,17
2026-01-19,arrested,0.007161,29,40
2026-01-26,arrested,0.024197,64,105
2026-02-02,arrested,0.006011,24,37
2026-02-09,arrested,0.003250,20,23
2026-02-16,arrested,0.019841,59,109
2026-02-23,arrested,0.004796,27,45
2026-03-02,arrested,0.000716,9,17
2026-03-09,arrested,0.000871,9,12
2026-03-16,arrested,0.001387,10,11
2026-03-23,arrested,0.003466,19,31
2026-03-30,arrested,0.005439,12,17
2026-04-06,arrested,0.002243,17,23
2026-04-13,arrested,0.001550,12,20
2026-04-20,arrested,0.004514,25,41
2026-04-27,arrested,0.002502,13,23
2026-05-04,arrested,0.002330,12,20
2026-05-11,arrested,0.004122,15,26
2026-05-18,arrested,0.004419,18,23
2026-05-25,arrested,0.002866,17,23
2026-06-01,arrested,0.003370,19,25
2026-06-08,arrested,0.002012,10,17
2026-06-15,arrested,0.003744,15,16
2026-06-22,arrested,0.004452,21,28
2026-06-29,arrested,0.006310,26,40
2026-07-06,arrested,0.002487,13,15
2026-07-13,arrested,0.005973,22,27
2026-07-20,arrested,0.007452,29,36
2026-07-27,arrested,0.001475,9,13
2026-08-03,arrested,0.004946,26,45
2026-08-10,arrested,0.005829,21,30
2026-08-17,arrested,0.002576,17,23
2026-08-24,arrested,0.007394,24,34
2026-08-31,arrested,0.003533,18,24
2026-09-07,arrested,0.003013,16,19
2025-12-29,attack,0.014700,23,77
2026-01-05,attack,0.015332,46,136
2026-01-12,attack,0.012933,40,101
2026-01-19,attack,0.008926,34,66
2026-01-26,attack,0.013546,48,109
2026-02-02,attack,0.008869,36,102
2026-02-09,attack,0.006369,33,79
2026-02-16,attack,0.003957,24,67
2026-02-23,attack,0.015368,58,212
2026-03-02,attack,0.016419,48,218
2026-03-09,attack,0.024078,61,265
2026-03-16,attack,0.007112,34,120
2026-03-23,attack,0.010943,40,121
2026-03-30,attack,0.007412,29,95
2026-04-06,attack,0.007132,28,83
2026-04-13,attack,0.010120,42,95
2026-04-20,attack,0.008712,32,115
2026-04-27,attack,0.011612,39,133
2026-05-04,attack,0.010351,37,108
2026-05-11,attack,0.006686,31,83
2026-05-18,attack,0.015604,42,144
2026-05-25,attack,0.010965,32,108
2026-06-01,attack,0.005619,26,125
2026-06-08,attack,0.010812,40,166
2026-06-15,attack,0.010299,41,122
2026-06-22,attack,0.007405,37,102
2026-06-29,attack,0.005120,30,98
2026-07-06,attack,0.004502,23,77
2026-07-13,attack,0.008968,40,142
2026-07-20,attack,0.013222,45,227
2026-07-27,attack,0.015602,49,209
2026-08-03,attack,0.007940,32,124
2026-08-10,attack,0.009000,32,106
2026-08-17,attack,0.005393,29,111
2026-08-24,attack,0.006505,28,99
2026-08-31,attack,0.014101,45,139
2026-09-07,attack,0.009812,42,132
2026-09-14,attack,0.023611,8,13
2025-12-29,attacks,0.004359,8,17
2026-01-05,attacks,0.007774,26,62
2026-01-12,attacks,0.008374,31,50
2026-01-19,attacks,0.005642,25,46
2026-01-26,attacks,0.003272,16,31
2026-02-02,attacks,0.006306,26,44
2026-02-09,attacks,0.004360,17,24
2026-02-16,attacks,0.004352,26,34
2026-02-23,attacks,0.011218,41,105
2026-03-02,attacks,0.006546,31,148
2026-03-09,attacks,0.014384,46,174
2026-03-16,attacks,0.006092,33,109
2026-03-23,attacks,0.006064,28,83
2026-03-30,attacks,0.005963,24,49
2026-04-06,attacks,0.007515,35,93
2026-04-13,attacks,0.008521,36,70
2026-04-20,attacks,0.007976,30,80
2026-04-27,attacks,0.005709,28,54
2026-05-04,attacks,0.008433,37,113
2026-05-11,attacks,0.006067,26,59
2026-05-18,attacks,0.002685,23,36
2026-05-25,attacks,0.009969,31,65
2026-06-01,attacks,0.004233,28,87
2026-06-08,attacks,0.007343,35,99
2026-06-15,attacks,0.006267,29,58
2026-06-22,attacks,0.004016,27,61
2026-06-29,attacks,0.002193,20,45
2026-07-06,attacks,0.005020,30,79
2026-07-13,attacks,0.005107,25,86
2026-07-20,attacks,0.006541,32,103
2026-07-27,attacks,0.014185,42,101
2026-08-03,attacks,0.005261,25,59
2026-08-10,attacks,0.002553,17,41
2026-08-17,attacks,0.005061,22,49
2026-08-24,attacks,0.004482,29,43
2026-08-31,attacks,0.008343,35,80
2026-09-07,attacks,0.010431,37,155
2026-09-14,attacks,0.012593,4,5
2025-12-29,away,0.002899,5,5
2026-01-05,away,0.004271,22,31
2026-01-12,away,0.001491,13,16
2026-01-19,away,0.002737,19,28
2026-01-26,away,0.004100,17,25
2026-02-02,away,0.001282,9,12
2026-02-09,away,0.003004,17,24
2026-02-16,away,0.006553,27,30
2026-02-23,away,0.002124,13,15
2026-03-02,away,0.004143,13,14
2026-03-09,away,0.001310,9,12
2026-03-16,away,0.002368,15,15
2026-03-23,away,0.002361,16,17
2026-03-30,away,0.002298,15,22
2026-04-06,away,0.003874,19,26
2026-04-13,away,0.002558,19,31
2026-04-20,away,0.002285,16,26
2026-04-27,away,0.004745,17,19
2026-05-04,away,0.002937,16,17
2026-05-11,away,0.001665,13,16
2026-05-18,away,0.002984,20,29
2026-05-25,away,0.002426,15,19
2026-06-01,away,0.001753,20,25
2026-06-08,away,0.003086,20,25
2026-06-15,away,0.001815,12,21
2026-06-22,away,0.004074,20,31
2026-06-29,away,0.004639,18,21
2026-07-06,away,0.005093,17,23
2026-07-13,away,0.006473,21,29
2026-07-20,away,0.001427,13,19
2026-07-27,away,0.003181,19,22
2026-08-03,away,0.001560,12,15
2026-08-10,away,0.002486,17,22
2026-08-17,away,0.003841,19,26
2026-08-24,away,0.004289,26,35
2026-08-31,away,0.003715,23,29
2026-09-07,away,0.004981,19,25
2025-12-29,backfires,0.008049,7,9
2026-01-05,backfires,0.003221,10,18
2026-01-12,backfires,0.003875,15,21
2026-01-19,backfires,0.003846,12,22
2026-01-26,backfires,0.004506,13,20
2026-02-02,backfires,0.004195,13,22
2026-02-09,backfires,0.003999,14,23
2026-02-16,backfires,0.006329,18,30
2026-02-23,backfires,0.007916,19,34
2026-03-02,backfires,0.004062,12,21
2026-03-09,backfires,0.007897,15,21
2026-03-16,backfires,0.006209,18,33
2026-03-23,backfires,0.005027,17,28
2026-03-30,backfires,0.002531,11,21
2026-04-06,backfires,0.005717,16,32
2026-04-13,backfires,0.005347,19,33
2026-04-20,backfires,0.004144,16,30
2026-04-27,backfires,0.006068,18,25
2026-05-04,backfires,0.003896,15,20
2026-05-11,backfires,0.003681,14,25
2026-05-18,backfires,0.002446,14,18
2026-05-25,backfires,0.003996,13,21
2026-06-01,backfires,0.004605,13,24
2026-06-08,backfires,0.003112,14,24
2026-06-15,backfires,0.002838,12,15
2026-06-22,backfires,0.005869,13,19
2026-06-29,backfires,0.002419,13,17
2026-07-06,backfires,0.002174,8,10
2026-07-13,backfires,0.003544,14,25
2026-07-20,backfires,0.004724,13,26
2026-07-27,backfires,0.002981,12,21
2026-08-03,backfires,0.002487,12,16
2026-08-10,backfires,0.004245,14,20
2026-08-17,backfires,0.004715,14,21
2026-08-24,backfires,0.003797,17,25
2026-08-31,backfires,0.004956,17,24
2026-09-07,backfires,0.002136,12,13
2025-12-29,bad,0.015235,10,14
2026-01-05,bad,0.004562,22,29
2026-01-12,bad,0.006764,22,32
2026-01-19,bad,0.004827,14,25
2026-01-26,bad,0.005258,22,35
2026-02-02,bad,0.010019,39,87
2026-02-09,bad,0.036018,72,164
2026-02-16,bad,0.009058,32,43
2026-02-23,bad,0.004567,18,23
2026-03-02,bad,0.006964,26,37
2026-03-09,bad,0.002520,11,14
2026-03-16,bad,0.006285,29,39
2026-03-23,bad,0.004327,19,24
2026-03-30,bad,0.003983,16,27
2026-04-06,bad,0.007003,21,36
2026-04-13,bad,0.003941,16,21
2026-04-20,bad,0.002864,16,23
2026-04-27,bad,0.005090,21,24
2026-05-04,bad,0.004932,18,22
2026-05-11,bad,0.004978,18,25
2026-05-18,bad,0.006681,25,33
2026-05-25,bad,0.005463,23,34
2026-06-01,bad,0.005204,25,33
2026-06-08,bad,0.004288,18,20
2026-06-15,bad,0.004799,25,30
2026-06-22,bad,0.004730,19,23
2026-06-29,bad,0.003514,12,17
2026-07-06,bad,0.004820,17,18
2026-07-13,bad,0.004620,15,19
2026-07-20,bad,0.003228,20,27
2026-07-27,bad,0.002047,12,16
2026-08-03,bad,0.003415,17,21
2026-08-10,bad,0.004615,14,20
2026-08-17,bad,0.004082,18,24
2026-08-24,bad,0.007025,22,28
2026-08-31,bad,0.006376,22,27
2026-09-07,bad,0.004735,21,22
2026-09-14,bad,0.004000,1,2
2025-12-29,believe,0.005813,9,10
2026-01-05,believe,0.003775,11,15
2026-01-12,believe,0.003743,11,15
2026-01-19,believe,0.006210,16,22
2026-01-26,believe,0.003849,10,12
2026-02-02,believe,0.003592,19,24
2026-02-09,believe,0.001250,8,10
2026-02-16,believe,0.001671,9,12
2026-02-23,believe,0.004910,15,19
2026-03-02,believe,0.001088,5,6
2026-03-09,believe,0.005298,13,18
2026-03-16,believe,0.004755,15,20
2026-03-23,believe,0.002261,9,13
2026-03-30,believe,0.002742,7,9
2026-04-06,believe,0.003175,14,17
2026-04-13,believe,0.003448,15,19
2026-04-20,believe,0.003357,9,13
2026-04-27,believe,0.005015,12,18
2026-05-04,believe,0.003653,14,16
2026-05-11,believe,0.004010,10,13
2026-05-18,believe,0.004791,19,20
2026-05-25,believe,0.004344,9,12
2026-06-01,believe,0.003277,12,14
2026-06-08,believe,0.001527,9,12
2026-06-15,believe,0.003451,13,19
2026-06-22,believe,0.004185,16,23
2026-06-29,believe,0.003027,12,13
2026-07-06,believe,0.003262,11,16
2026-07-13,believe,0.004615,11,11
2026-07-20,believe,0.001554,6,7
2026-07-27,believe,0.001491,10,12
2026-08-03,believe,0.003941,11,12
2026-08-10,believe,0.006319,16,20
2026-08-17,believe,0.002962,13,14
2026-08-24,believe,0.004938,13,20
2026-08-31,believe,0.002501,9,10
2026-09-07,believe,0.003748,15,16
2026-09-14,believe,0.003636,1,3
2025-12-29,ben,0.000975,2,3
2026-01-05,ben,0.003397,12,16
2026-01-12,ben,0.004848,12,16
2026-01-19,ben,0.003141,15,21
2026-01-26,ben,0.001794,8,15
2026-02-02,ben,0.003280,14,18
2026-02-09,ben,0.003644,11,16
2026-02-16,ben,0.002982,9,15
2026-02-23,ben,0.003560,17,23
2026-03-02,ben,0.001665,12,18
2026-03-09,ben,0.005472,13,22
2026-03-16,ben,0.006225,16,23
2026-03-23,ben,0.002804,13,14
2026-03-30,ben,0.002598,6,13
2026-04-06,ben,0.001596,12,12
2026-04-13,ben,0.001641,10,13
2026-04-20,ben,0.003335,9,18
2026-04-27,ben,0.003286,12,20
2026-05-04,ben,0.006602,20,24
2026-05-11,ben,0.005931,15,18
2026-05-18,ben,0.004231,12,15
2026-05-25,ben,0.002515,10,13
2026-06-01,ben,0.005910,17,23
2026-06-08,ben,0.005713,15,33
2026-06-15,ben,0.006134,21,26
2026-06-22,ben,0.006100,15,17
2026-06-29,ben,0.004523,14,18
2026-07-06,ben,0.006773,18,29
2026-07-13,ben,0.005905,13,20
2026-07-20,ben,0.008374,28,39
2026-07-27,ben,0.002272,15,17
2026-08-03,ben,0.003165,12,14
2026-08-10,ben,0.005618,12,18
2026-08-17,ben,0.002534,8,9
2026-08-24,ben,0.001972,10,13
2026-08-31,ben,0.003006,11,16
2026-09-07,ben,0.003060,8,12
2026-09-14,ben,0.002105,1,1
2025-12-29,best,0.005003,4,14
2026-01-05,best,0.002574,6,10
2026-01-12,best,0.001972,10,11
2026-01-19,best,0.003404,14,16
2026-01-26,best,0.001575,12,14
2026-02-02,best,0.001692,9,9
2026-02-09,best,0.003024,19,26
2026-02-16,best,0.003376,11,15
2026-02-23,best,0.001713,11,14
2026-03-02,best,0.003387,16,17
2026-03-09,best,0.004747,9,10
2026-03-16,best,0.003339,16,33
2026-03-23,best,0.004606,14,15
2026-03-30,best,0.001875,8,10
2026-04-06,best,0.002784,12,13
2026-04-13,best,0.004950,14,19
2026-04-20,best,0.002416,11,12
2026-04-27,best,0.001899,10,13
2026-05-04,best,0.004630,10,14
2026-05-11,best,0.003050,10,18
2026-05-18,best,0.003228,13,17
2026-05-25,best,0.004855,12,16
2026-06-01,best,0.002839,13,16
2026-06-08,best,0.002405,10,17
2026-06-15,best,0.004343,18,23
2026-06-22,best,0.005004,14,22
2026-06-29,best,0.004887,18,25
2026-07-06,best,0.003187,14,14
2026-07-13,best,0.002859,12,13
2026-07-20,best,0.007083,19,28
2026-07-27,best,0.002177,14,19
2026-08-03,best,0.002697,7,8
2026-08-10,best,0.003415,10,11
2026-08-17,best,0.001846,8,10
2026-08-24,best,0.002725,14,16
2026-08-31,best,0.004135,14,18
2026-09-07,best,0.003183,10,11
2026-04-20,bharara,0.000445,1,3
2025-12-29,biden,0.001194,4,5
2026-01-05,biden,0.001025,6,9
2026-01-12,biden,0.000544,5,7
2026-01-19,biden,0.000230,4,7
2026-01-26,biden,0.000557,7,8
2026-02-02,biden,0.002382,17,24
2026-02-09,biden,0.000380,5,9
2026-02-16,biden,0.002279,8,8
2026-02-23,biden,0.001953,13,21
2026-03-02,biden,0.001001,15,23
2026-03-09,biden,0.001664,14,16
2026-03-16,biden,0.000418,5,7
2026-03-23,biden,0.001449,8,9
2026-03-30,biden,0.000151,2,2
2026-04-06,biden,0.002592,13,19
2026-04-13,biden,0.002691,10,13
2026-04-20,biden,0.003318,14,16
2026-04-27,biden,0.005993,15,24
2026-05-04,biden,0.001254,9,11
2026-05-11,biden,0.003357,16,27
2026-05-18,biden,0.010970,30,46
2026-05-25,biden,0.012198,39,89
2026-06-01,biden,0.012999,38,78
2026-06-08,biden,0.004842,22,33
2026-06-15,biden,0.002655,17,24
2026-06-22,biden,0.003941,13,30
2026-06-29,biden,0.003277,13,19
2026-07-06,biden,0.006160,19,26
2026-07-13,biden,0.008243,30,46
2026-07-20,biden,0.005463,20,36
2026-07-27,biden,0.009019,30,45
2026-08-03,biden,0.002903,15,21
2026-08-10,biden,0.005727,18,37
2026-08-17,biden,0.002874,11,14
2026-08-24,biden,0.001868,11,14
2026-08-31,biden,0.004449,19,23
2026-09-07,biden,0.009419,26,36
2026-09-14,biden,0.002105,1,1
2025-12-29,big,0.004110,12,35
2026-01-05,big,0.008092,27,75
2026-01-12,big,0.008105,30,94
2026-01-19,big,0.005035,26,61
2026-01-26,big,0.008844,31,91
2026-02-02,big,0.005873,25,83
2026-02-09,big,0.008208,29,86
2026-02-16,big,0.005970,25,109
2026-02-23,big,0.005366,30,89
2026-03-02,big,0.006468,29,85
2026-03-09,big,0.003542,22,73
2026-03-16,big,0.006203,32,77
2026-03-23,big,0.007137,35,96
2026-03-30,big,0.009281,29,96
2026-04-06,big,0.005062,31,96
2026-04-13,big,0.004687,27,84
2026-04-20,big,0.009603,34,92
2026-04-27,big,0.006425,28,101
2026-05-04,big,0.008187,33,84
2026-05-11,big,0.007945,27,92
2026-05-18,big,0.013821,46,127
2026-05-25,big,0.006414,33,103
2026-06-01,big,0.008528,27,107
2026-06-08,big,0.007215,27,99
2026-06-15,big,0.006344,23,78
2026-06-22,big,0.009293,37,106
2026-06-29,big,0.007938,34,127
2026-07-06,big,0.007483,26,94
2026-07-13,big,0.009517,35,109
2026-07-20,big,0.007544,33,136
2026-07-27,big,0.009153,33,106
2026-08-03,big,0.009671,30,85
2026-08-10,big,0.003919,21,89
2026-08-17,big,0.007990,35,113
2026-08-24,big,0.004449,21,90
2026-08-31,big,0.008501,32,118
2026-09-07,big,0.006448,28,92
2026-09-14,big,0.014061,2,7
2025-12-29,biggest,0.002837,8,10
2026-01-05,biggest,0.003459,18,19
2026-01-12,biggest,0.000657,9,12
2026-01-19,biggest,0.003306,13,13
2026-01-26,biggest,0.003013,15,20
2026-02-02,biggest,0.004737,14,21
2026-02-09,biggest,0.003239,16,21
2026-02-16,biggest,0.002064,11,13
2026-02-23,biggest,0.005275,18,23
2026-03-02,biggest,0.003612,15,19
2026-03-09,biggest,0.002574,18,28
2026-03-16,biggest,0.003369,17,24
2026-03-23,biggest,0.004332,21,28
2026-03-30,biggest,0.005595,16,32
2026-04-06,biggest,0.003904,18,30
2026-04-13,biggest,0.005590,15,22
2026-04-20,biggest,0.003841,17,26
2026-04-27,biggest,0.001508,15,19
2026-05-04,biggest,0.003894,18,24
2026-05-11,biggest,0.003024,20,28
2026-05-18,biggest,0.005514,21,36
2026-05-25,biggest,0.004450,19,23
2026-06-01,biggest,0.004156,18,28
2026-06-08,biggest,0.003028,16,33
2026-06-15,biggest,0.004678,18,34
2026-06-22,biggest,0.003117,17,27
2026-06-29,biggest,0.003662,22,47
2026-07-06,biggest,0.003021,16,33
2026-07-13,biggest,0.005038,25,40
2026-07-20,biggest,0.005159,16,32
2026-07-27,biggest,0.003607,16,32
2026-08-03,biggest,0.002610,13,31
2026-08-10,biggest,0.006437,19,26
2026-08-17,biggest,0.002713,15,27
2026-08-24,biggest,0.002536,18,34
2026-08-31,biggest,0.005420,22,38
2026-09-07,biggest,0.002621,22,31
2026-09-14,biggest,0.000741,1,1
2025-12-29,billion,0.003076,5,6
2026-01-05,billion,0.001055,11,22
2026-01-12,billion,0.001922,12,19
2026-01-19,billion,0.002929,14,23
2026-01-26,billion,0.001528,12,18
2026-02-02,billion,0.003029,15,31
2026-02-09,billion,0.002222,9,27
2026-02-16,billion,0.001822,9,31
2026-02-23,billion,0.001554,9,12
2026-03-02,billion,0.003393,8,15
2026-03-09,billion,0.001605,14,18
2026-03-16,billion,0.008822,30,58
2026-03-23,billion,0.002168,9,15
2026-03-30,billion,0.001734,10,19
2026-04-06,billion,0.001500,11,13
2026-04-13,billion,0.001374,11,19
2026-04-20,billion,0.001694,15,31
2026-04-27,billion,0.002583,16,31
2026-05-04,billion,0.004657,25,37
2026-05-11,billion,0.003959,21,43
2026-05-18,billion,0.010129,36,75
2026-05-25,billion,0.003741,17,32
2026-06-01,billion,0.004039,21,53
2026-06-08,billion,0.000965,13,26
2026-06-15,billion,0.004782,23,49
2026-06-22,billion,0.003845,17,39
2026-06-29,billion,0.004874,19,43
2026-07-06,billion,0.001947,11,30
2026-07-13,billion,0.003497,18,32
2026-07-20,billion,0.003669,19,39
2026-07-27,billion,0.002360,15,32
2026-08-03,billion,0.004084,18,29
2026-08-10,billion,0.002936,14,37
2026-08-17,billion,0.005733,16,26
2026-08-24,billion,0.003243,21,55
2026-08-31,billion,0.002538,17,35
2026-09-07,billion,0.002460,13,27
2025-12-29,black,0.005984,5,7
2026-01-05,black,0.012914,14,24
2026-01-12,black,0.012914,14,32
2026-01-19,black,0.007759,15,27
2026-01-26,black,0.011531,19,35
2026-02-02,black,0.013929,25,48
2026-02-09,black,0.017708,33,81
2026-02-16,black,0.021227,41,93
2026-02-23,black,0.016845,29,65
2026-03-02,black,0.013661,18,42
2026-03-09,black,0.017517,24,58
2026-03-16,black,0.007332,17,35
2026-03-23,black,0.011100,25,59
2026-03-30,black,0.012351,19,49
2026-04-06,black,0.009872,17,44
2026-04-13,black,0.010656,18,52
2026-04-20,black,0.010643,19,45
2026-04-27,black,0.011327,17,49
2026-05-04,black,0.020899,33,76
2026-05-11,black,0.018360,27,70
2026-05-18,black,0.019001,26,62
2026-05-25,black,0.012487,23,49
2026-06-01,black,0.014696,21,53
2026-06-08,black,0.019627,23,73
2026-06-15,black,0.014938,26,56
2026-06-22,black,0.016068,24,71
2026-06-29,black,0.015458,18,39
2026-07-06,black,0.011488,21,49
2026-07-13,black,0.007722,18,42
2026-07-20,black,0.014222,29,67
2026-07-27,black,0.014060,24,71
2026-08-03,black,0.015018,25,69
2026-08-10,black,0.014600,24,58
2026-08-17,black,0.014727,31,61
2026-08-24,black,0.016910,29,64
2026-08-31,black,0.012143,23,55
2026-09-07,black,0.020795,21,66
2026-09-14,black,0.011636,2,6
2025-12-29,bombshell,0.006308,7,12
2026-01-05,bombshell,0.005328,18,35
2026-01-12,bombshell,0.007374,19,41
2026-01-19,bombshell,0.008732,28,49
2026-01-26,bombshell,0.006131,22,52
2026-02-02,bombshell,0.010584,27,56
2026-02-09,bombshell,0.007498,22,48
2026-02-16,bombshell,0.009676,27,50
2026-02-23,bombshell,0.004434,21,41
2026-03-02,bombshell,0.003575,17,36
2026-03-09,bombshell,0.004359,16,29
2026-03-16,bombshell,0.007532,23,52
2026-03-23,bombshell,0.004493,15,40
2026-03-30,bombshell,0.005853,21,43
2026-04-06,bombshell,0.006827,21,44
2026-04-13,bombshell,0.007312,25,50
2026-04-20,bombshell,0.006853,23,55
2026-04-27,bombshell,0.003941,18,34
2026-05-04,bombshell,0.006895,25,41
2026-05-11,bombshell,0.006442,25,59
2026-05-18,bombshell,0.005179,20,37
2026-05-25,bombshell,0.004209,20,34
2026-06-01,bombshell,0.005648,25,47
2026-06-08,bombshell,0.007166,26,60
2026-06-15,bombshell,0.006312,24,45
2026-06-22,bombshell,0.004291,17,50
2026-06-29,bombshell,0.005543,16,52
2026-07-06,bombshell,0.008876,27,66
2026-07-13,bombshell,0.008234,27,68
2026-07-20,bombshell,0.004751,21,53
2026-07-27,bombshell,0.007295,27,52
2026-08-03,bombshell,0.008986,26,56
2026-08-10,bombshell,0.007322,22,45
2026-08-17,bombshell,0.006089,19,38
2026-08-24,bombshell,0.005298,22,39
2026-08-31,bombshell,0.007077,20,44
2026-09-07,bombshell,0.007868,25,46
2026-09-14,bombshell,0.001953,2,3
2025-12-29,bondi,0.003798,8,11
2026-01-05,bondi,0.001059,7,9
2026-01-12,bondi,0.004388,21,28
2026-01-19,bondi,0.011950,27,41
2026-01-26,bondi,0.003582,19,29
2026-02-02,bondi,0.002944,16,38
2026-02-09,bondi,0.040180,77,352
2026-02-16,bondi,0.005664,20,46
2026-02-23,bondi,0.002214,12,21
2026-03-02,bondi,0.004941,21,37
2026-03-09,bondi,0.002800,15,22
2026-03-16,bondi,0.007288,22,49
2026-03-23,bondi,0.003311,13,17
2026-03-30,bondi,0.046386,94,289
2026-04-06,bondi,0.006156,25,43
2026-04-13,bondi,0.001232,9,13
2026-04-20,bondi,0.000571,4,7
2026-04-27,bondi,0.000959,6,8
2026-05-04,bondi,0.000144,2,3
2026-05-11,bondi,0.000019,1,1
2026-05-18,bondi,0.000147,1,1
2026-05-25,bondi,0.008411,31,70
2026-06-01,bondi,0.001762,14,19
2026-06-08,bondi,0.000087,1,1
2026-08-03,bondi,0.000119,1,1
2026-08-17,bondi,0.000020,1,1
2025-12-29,breaking,0.029868,18,59
2026-01-05,breaking,0.022023,34,144
2026-01-12,breaking,0.025237,40,152
2026-01-19,breaking,0.022216,41,157
2026-01-26,breaking,0.022440,42,147
2026-02-02,breaking,0.017075,35,125
2026-02-09,breaking,0.017849,31,131
2026-02-16,breaking,0.022553,42,115
2026-02-23,breaking,0.022041,42,156
2026-03-02,breaking,0.021384,44,169
2026-03-09,breaking,0.015700,29,120
2026-03-16,breaking,0.014395,30,111
2026-03-23,breaking,0.018606,33,114
2026-03-30,breaking,0.021176,40,146
2026-04-06,breaking,0.023630,42,168
2026-04-13,breaking,0.017915,38,149
2026-04-20,breaking,0.021442,40,163
2026-04-27,breaking,0.022355,42,148
2026-05-04,breaking,0.020941,41,145
2026-05-11,breaking,0.014628,37,128
2026-05-18,breaking,0.025936,47,197
2026-05-25,breaking,0.021627,38,126
2026-06-01,breaking,0.019187,36,142
2026-06-08,breaking,0.021480,40,194
2026-06-15,breaking,0.017104,35,122
2026-06-22,breaking,0.020584,38,149
2026-06-29,breaking,0.019409,29,119
2026-07-06,breaking,0.024159,43,180
2026-07-13,breaking,0.021637,43,156
2026-07-20,breaking,0.014641,35,139
2026-07-27,breaking,0.013788,36,149
2026-08-03,breaking,0.019794,40,146
2026-08-10,breaking,0.013992,35,108
2026-08-17,breaking,0.013890,32,114
2026-08-24,breaking,0.015667,36,117
2026-08-31,breaking,0.018376,35,135
2026-09-07,breaking,0.010224,32,79
2026-09-14,breaking,0.015281,5,9
2025-12-29,breaks,0.003180,9,16
2026-01-05,breaks,0.004022,19,47
2026-01-12,breaks,0.004526,25,47
2026-01-19,breaks,0.004292,28,49
2026-01-26,breaks,0.003229,21,39
2026-02-02,breaks,0.007229,29,44
2026-02-09,breaks,0.006977,30,64
2026-02-16,breaks,0.005022,23,52
2026-02-23,breaks,0.006499,30,60
2026-03-02,breaks,0.008926,31,57
2026-03-09,breaks,0.004892,23,41
2026-03-16,breaks,0.004316,27,45
2026-03-23,breaks,0.005129,25,42
2026-03-30,breaks,0.005544,28,47
2026-04-06,breaks,0.007340,33,52
2026-04-13,breaks,0.006777,23,39
2026-04-20,breaks,0.004169,22,35
2026-04-27,breaks,0.004262,26,40
2026-05-04,breaks,0.006491,29,46
2026-05-11,breaks,0.004046,18,33
2026-05-18,breaks,0.004979,28,51
2026-05-25,breaks,0.004261,26,42
2026-06-01,breaks,0.003572,24,39
2026-06-08,breaks,0.005723,29,47
2026-06-15,breaks,0.005842,28,55
2026-06-22,breaks,0.004088,21,42
2026-06-29,breaks,0.004428,26,49
2026-07-06,breaks,0.004595,19,47
2026-07-13,breaks,0.005920,31,59
2026-07-20,breaks,0.006611,27,47
2026-07-27,breaks,0.002673,14,24
2026-08-03,breaks,0.004862,26,42
2026-08-10,breaks,0.005926,30,41
2026-08-17,breaks,0.004237,20,33
2026-08-24,breaks,0.005333,24,40
2026-08-31,breaks,0.005816,28,45
2026-09-07,breaks,0.004418,21,36
2026-09-14,breaks,0.010952,5,6
2025-12-29,brian,0.004327,3,12
2026-01-05,brian,0.003118,7,24
2026-01-12,brian,0.002107,4,24
2026-01-19,brian,0.003154,5,24
2026-01-26,brian,0.003026,7,17
2026-02-02,brian,0.005512,11,37
2026-02-09,brian,0.002213,4,22
2026-02-16,brian,0.004372,6,25
2026-02-23,brian,0.005539,7,28
2026-03-02,brian,0.001585,6,21
2026-03-09,brian,0.003093,8,20
2026-03-16,brian,0.003694,5,20
2026-03-23,brian,0.004001,6,21
2026-03-30,brian,0.003064,3,19
2026-04-06,brian,0.003839,7,23
2026-04-13,brian,0.005287,12,33
2026-04-20,brian,0.007283,10,30
2026-04-27,brian,0.006147,7,21
2026-05-04,brian,0.002879,8,14
2026-05-11,brian,0.003175,7,24
2026-05-18,brian,0.002185,6,21
2026-05-25,brian,0.003038,5,22
2026-06-01,brian,0.003446,6,25
2026-06-08,brian,0.003665,4,28
2026-06-15,brian,0.004428,6,27
2026-06-22,brian,0.004360,4,12
2026-06-29,brian,0.005746,8,28
2026-07-06,brian,0.003792,2,28
2026-07-13,brian,0.003277,9,29
2026-07-20,brian,0.001888,6,13
2026-07-27,brian,0.004653,7,13
2026-08-03,brian,0.002602,4,11
2026-08-10,brian,0.002995,14,31
2026-08-17,brian,0.001894,5,8
2026-08-24,brian,0.001856,7,12
2026-08-31,brian,0.001892,4,13
2026-09-07,brian,0.003841,7,13
2025-12-29,britain,0.000434,3,3
2026-01-05,britain,0.000512,6,10
2026-01-12,britain,0.000666,7,9
2026-01-19,britain,0.001447,9,10
2026-01-26,britain,0.001246,9,14
2026-02-02,britain,0.001440,4,5
2026-02-09,britain,0.001184,10,15
2026-02-16,britain,0.003158,11,17
2026-02-23,britain,0.002404,7,11
2026-03-02,britain,0.001053,7,10
2026-03-09,britain,0.000415,5,7
2026-03-16,britain,0.003641,7,9
2026-03-23,britain,0.001473,7,10
2026-03-30,britain,0.002240,6,9
2026-04-06,britain,0.001533,4,4
2026-04-13,britain,0.000104,4,6
2026-04-20,britain,0.000837,5,6
2026-04-27,britain,0.000694,7,25
2026-05-04,britain,0.002475,7,11
2026-05-11,britain,0.001811,9,12
2026-05-18,britain,0.001341,9,13
2026-05-25,britain,0.001926,11,12
2026-06-01,britain,0.004522,14,19
2026-06-08,britain,0.001729,7,10
2026-06-15,britain,0.002676,14,25
2026-06-22,britain,0.003010,14,32
2026-06-29,britain,0.004731,10,21
2026-07-06,britain,0.000766,5,11
2026-07-13,britain,0.001796,11,12
2026-07-20,britain,0.003483,17,27
2026-07-27,britain,0.001833,5,7
2026-08-03,britain,0.002210,9,13
2026-08-10,britain,0.002658,9,22
2026-08-17,britain,0.002047,11,15
2026-08-24,britain,0.001599,10,22
2026-08-31,britain,0.000726,6,15
2026-09-07,britain,0.005518,12,24
2025-12-29,brutal,0.002918,6,9
2026-01-05,brutal,0.002401,13,16
2026-01-12,brutal,0.004135,15,18
2026-01-19,brutal,0.001200,10,14
2026-01-26,brutal,0.002362,15,18
2026-02-02,brutal,0.005292,16,32
2026-02-09,brutal,0.002736,12,16
2026-02-16,brutal,0.005133,17,20
2026-02-23,brutal,0.003398,17,21
2026-03-02,brutal,0.004603,19,29
2026-03-09,brutal,0.003644,18,21
2026-03-16,brutal,0.004866,18,31
2026-03-23,brutal,0.003623,16,17
2026-03-30,brutal,0.002227,14,20
2026-04-06,brutal,0.003644,14,21
2026-04-13,brutal,0.003615,18,30
2026-04-20,brutal,0.003775,16,23
2026-04-27,brutal,0.002378,14,23
2026-05-04,brutal,0.002198,12,16
2026-05-11,brutal,0.003633,17,23
2026-05-18,brutal,0.003502,14,20
2026-05-25,brutal,0.003520,17,26
2026-06-01,brutal,0.005450,19,33
2026-06-08,brutal,0.003479,19,28
2026-06-15,brutal,0.002917,17,29
2026-06-22,brutal,0.007411,16,32
2026-06-29,brutal,0.008653,18,26
2026-07-06,brutal,0.003542,13,24
2026-07-13,brutal,0.002790,11,19
2026-07-20,brutal,0.003680,15,22
2026-07-27,brutal,0.003696,18,28
2026-08-03,brutal,0.001177,9,15
2026-08-10,brutal,0.003281,16,25
2026-08-17,brutal,0.002829,14,24
2026-08-24,brutal,0.002677,14,25
2026-08-31,brutal,0.006127,16,33
2026-09-07,brutal,0.003327,16,30
2025-12-29,california,0.000642,5,6
2026-01-05,california,0.004395,23,37
2026-01-12,california,0.003106,17,28
2026-01-19,california,0.003693,20,39
2026-01-26,california,0.005492,21,27
2026-02-02,california,0.004933,17,26
2026-02-09,california,0.006114,24,33
2026-02-16,california,0.003298,17,33
2026-02-23,california,0.003674,14,19
2026-03-02,california,0.001794,14,20
2026-03-09,california,0.006549,29,46
2026-03-16,california,0.005604,19,35
2026-03-23,california,0.006778,24,35
2026-03-30,california,0.002559,16,23
2026-04-06,california,0.008392,28,56
2026-04-13,california,0.011153,32,53
2026-04-20,california,0.007895,28,65
2026-04-27,california,0.005591,22,25
2026-05-04,california,0.005687,20,36
2026-05-11,california,0.011730,36,60
2026-05-18,california,0.010054,37,87
2026-05-25,california,0.004931,22,35
2026-06-01,california,0.023109,46,179
2026-06-08,california,0.015740,42,95
2026-06-15,california,0.005988,30,61
2026-06-22,california,0.003935,19,31
2026-06-29,california,0.001305,14,15
2026-07-06,california,0.001520,7,7
2026-07-13,california,0.003146,12,16
2026-07-20,california,0.002930,11,13
2026-07-27,california,0.002292,12,21
2026-08-03,california,0.002589,17,27
2026-08-10,california,0.002878,14,20
2026-08-17,california,0.004031,19,25
2026-08-24,california,0.002245,19,24
2026-08-31,california,0.001999,10,15
2026-09-07,california,0.003463,12,14
2025-12-29,calls,0.009921,19,31
2026-01-05,calls,0.007892,37,112
2026-01-12,calls,0.011629,44,87
2026-01-19,calls,0.008479,38,101
2026-01-26,calls,0.007459,36,93
2026-02-02,calls,0.010867,40,102
2026-02-09,calls,0.006621,32,89
2026-02-16,calls,0.008677,37,79
2026-02-23,calls,0.006954,37,84
2026-03-02,calls,0.005212,33,57
2026-03-09,calls,0.006657,34,69
2026-03-16,calls,0.004745,30,69
2026-03-23,calls,0.007874,40,83
2026-03-30,calls,0.008151,36,71
2026-04-06,calls,0.011182,49,104
2026-04-13,calls,0.006509,38,98
2026-04-20,calls,0.010349,41,87
2026-04-27,calls,0.009867,43,92
2026-05-04,calls,0.009555,38,69
2026-05-11,calls,0.007682,38,87
2026-05-18,calls,0.008414,37,80
2026-05-25,calls,0.007718,31,53
2026-06-01,calls,0.006508,34,72
2026-06-08,calls,0.007233,35,87
2026-06-15,calls,0.010021,38,70
2026-06-22,calls,0.005733,31,65
2026-06-29,calls,0.005566,29,63
2026-07-06,calls,0.009112,37,86
2026-07-13,calls,0.009631,38,70
2026-07-20,calls,0.005165,25,53
2026-07-27,calls,0.005378,30,65
2026-08-03,calls,0.007413,34,68
2026-08-10,calls,0.005963,33,53
2026-08-17,calls,0.006706,36,86
2026-08-24,calls,0.008766,36,71
2026-08-31,calls,0.008163,37,78
2026-09-07,calls,0.005985,38,79
2026-09-14,calls,0.020114,8,14
2025-12-29,campaign,0.002125,5,11
2026-01-05,campaign,0.000290,6,8
2026-01-12,campaign,0.002916,14,16
2026-01-19,campaign,0.001120,13,16
2026-01-26,campaign,0.002762,14,15
2026-02-02,campaign,0.002241,9,11
2026-02-09,campaign,0.000926,10,14
2026-02-16,campaign,0.002449,14,18
2026-02-23,campaign,0.001793,15,19
2026-03-02,campaign,0.002839,18,22
2026-03-09,campaign,0.003306,15,16
2026-03-16,campaign,0.003441,14,17
2026-03-23,campaign,0.000560,11,17
2026-03-30,campaign,0.003279,12,30
2026-04-06,campaign,0.001631,15,31
2026-04-13,campaign,0.001916,15,26
2026-04-20,campaign,0.001480,11,23
2026-04-27,campaign,0.001033,11,15
2026-05-04,campaign,0.003846,17,21
2026-05-11,campaign,0.002643,7,9
2026-05-18,campaign,0.002627,16,25
2026-05-25,campaign,0.003371,14,21
2026-06-01,campaign,0.002807,21,26
2026-06-08,campaign,0.000448,10,12
2026-06-15,campaign,0.001208,10,15
2026-06-22,campaign,0.002667,14,16
2026-06-29,campaign,0.000930,10,14
2026-07-06,campaign,0.006365,30,61
2026-07-13,campaign,0.001605,11,24
2026-07-20,campaign,0.004197,18,23
2026-07-27,campaign,0.003124,21,29
2026-08-03,campaign,0.002454,12,16
2026-08-10,campaign,0.003713,21,31
2026-08-17,campaign,0.003081,15,27
2026-08-24,campaign,0.002941,15,23
2026-08-31,campaign,0.006902,29,39
2026-09-07,campaign,0.002863,17,20
2025-12-29,can't,0.012415,15,20
2026-01-05,can't,0.007311,30,41
2026-01-12,can't,0.005358,20,35
2026-01-19,can't,0.007371,26,38
2026-01-26,can't,0.005653,23,43
2026-02-02,can't,0.006751,25,40
2026-02-09,can't,0.004160,23,30
2026-02-16,can't,0.005435,21,28
2026-02-23,can't,0.008619,28,36
2026-03-02,can't,0.008050,30,43
2026-03-09,can't,0.007656,30,44
2026-03-16,can't,0.009029,29,39
2026-03-23,can't,0.007133,25,31
2026-03-30,can't,0.006934,25,35
2026-04-06,can't,0.003841,20,29
2026-04-13,can't,0.008541,30,44
2026-04-20,can't,0.007067,28,34
2026-04-27,can't,0.006812,28,36
2026-05-04,can't,0.005380,26,36
2026-05-11,can't,0.007018,24,31
2026-05-18,can't,0.007742,28,42
2026-05-25,can't,0.009697,31,51
2026-06-01,can't,0.007844,27,43
2026-06-08,can't,0.007314,24,43
2026-06-15,can't,0.007743,28,50
2026-06-22,can't,0.016416,41,59
2026-06-29,can't,0.008554,30,38
2026-07-06,can't,0.010714,33,43
2026-07-13,can't,0.009701,24,32
2026-07-20,can't,0.007498,31,49
2026-07-27,can't,0.009067,34,57
2026-08-03,can't,0.011601,28,40
2026-08-10,can't,0.009346,36,52
2026-08-17,can't,0.010997,26,40
2026-08-24,can't,0.009559,26,43
2026-08-31,can't,0.011319,33,52
2026-09-07,can't,0.007819,26,40
2026-09-14,can't,0.003636,1,1
2025-12-29,canada,0.000497,3,4
2026-01-05,canada,0.005026,8,21
2026-01-12,canada,0.007255,20,50
2026-01-19,canada,0.008371,29,85
2026-01-26,canada,0.005593,18,50
2026-02-02,canada,0.002073,9,20
2026-02-09,canada,0.012323,37,98
2026-02-16,canada,0.010560,23,47
2026-02-23,canada,0.007105,23,42
2026-03-02,canada,0.002577,10,32
2026-03-09,canada,0.003454,12,30
2026-03-16,canada,0.001552,5,16
2026-03-23,canada,0.005390,19,52
2026-03-30,canada,0.002967,8,11
2026-04-06,canada,0.004253,10,16
2026-04-13,canada,0.002742,9,18
2026-04-20,canada,0.004430,17,26
2026-04-27,canada,0.001968,9,23
2026-05-04,canada,0.001509,7,20
2026-05-11,canada,0.000556,6,10
2026-05-18,canada,0.002413,6,12
2026-05-25,canada,0.003852,10,22
2026-06-01,canada,0.002817,12,23
2026-06-08,canada,0.002521,16,36
2026-06-15,canada,0.002372,14,22
2026-06-22,canada,0.002066,10,32
2026-06-29,canada,0.007318,19,34
2026-07-06,canada,0.002863,12,39
2026-07-13,canada,0.005309,24,50
2026-07-20,canada,0.009969,31,78
2026-07-27,canada,0.000924,8,15
2026-08-03,canada,0.002736,16,28
2026-08-10,canada,0.002120,11,18
2026-08-17,canada,0.008843,34,107
2026-08-24,canada,0.041291,78,346
2026-08-31,canada,0.017175,41,120
2026-09-07,canada,0.009186,32,107
2026-09-14,canada,0.024352,7,12
2025-12-29,candace,0.007057,5,7
2026-01-05,candace,0.007936,8,24
2026-01-12,candace,0.010272,13,27
2026-01-19,candace,0.007337,10,25
2026-01-26,candace,0.006310,9,20
2026-02-02,candace,0.006488,6,19
2026-02-09,candace,0.006859,7,19
2026-02-16,candace,0.002954,4,13
2026-02-23,candace,0.011334,20,40
2026-03-02,candace,0.003239,6,11
2026-03-09,candace,0.006226,9,19
2026-03-16,candace,0.004819,7,13
2026-03-23,candace,0.007056,6,18
2026-03-30,candace,0.007854,9,17
2026-04-06,candace,0.012387,23,37
2026-04-13,candace,0.008976,16,27
2026-04-20,candace,0.011749,13,28
2026-04-27,candace,0.010342,16,28
2026-05-04,candace,0.004339,7,13
2026-05-11,candace,0.008119,13,20
2026-05-18,candace,0.007060,16,25
2026-05-25,candace,0.003946,9,20
2026-06-01,candace,0.007490,13,22
2026-06-08,candace,0.003670,4,13
2026-06-15,candace,0.009282,6,19
2026-06-22,candace,0.003030,7,13
2026-06-29,candace,0.005499,6,17
2026-07-06,candace,0.008224,12,24
2026-07-13,candace,0.005644,7,13
2026-07-20,candace,0.005613,6,14
2026-07-27,candace,0.008513,9,22
2026-08-03,candace,0.003950,6,8
2026-08-10,candace,0.022990,24,57
2026-08-17,candace,0.016355,23,49
2026-08-24,candace,0.006533,5,16
2026-08-31,candace,0.003498,5,8
2026-09-07,candace,0.005307,6,8
2025-12-29,carlson,0.001232,2,2
2026-01-05,carlson,0.001591,7,8
2026-01-12,carlson,0.002956,5,9
2026-01-19,carlson,0.000756,3,3
2026-01-26,carlson,0.002135,6,10
2026-02-02,carlson,0.001614,5,7
2026-02-09,carlson,0.000022,1,1
2026-02-16,carlson,0.007368,19,22
2026-02-23,carlson,0.004134,13,21
2026-03-02,carlson,0.004803,12,16
2026-03-09,carlson,0.008201,14,24
2026-03-16,carlson,0.013707,26,39
2026-03-23,carlson,0.004909,11,14
2026-03-30,carlson,0.001388,5,6
2026-04-06,carlson,0.010896,28,40
2026-04-13,carlson,0.010308,18,23
2026-04-20,carlson,0.007656,22,34
2026-04-27,carlson,0.002809,7,12
2026-05-04,carlson,0.010396,21,31
2026-05-11,carlson,0.003801,11,18
2026-05-18,carlson,0.003617,7,9
2026-05-25,carlson,0.001145,4,6
2026-06-01,carlson,0.001275,5,5
2026-06-08,carlson,0.002640,8,11
2026-06-15,carlson,0.000313,2,6
2026-06-22,carlson,0.012825,32,55
2026-06-29,carlson,0.007188,14,20
2026-07-06,carlson,0.000236,2,3
2026-07-13,carlson,0.000262,1,2
2026-07-20,carlson,0.003493,9,15
2026-07-27,carlson,0.000983,4,5
2026-08-03,carlson,0.004721,16,23
2026-08-10,carlson,0.008615,17,26
2026-08-17,carlson,0.001791,4,6
2026-08-24,carlson,0.000295,4,5
2026-08-31,carlson,0.002447,8,10
2026-09-07,carlson,0.000880,3,3
2025-12-29,case,0.011238,14,16
2026-01-05,case,0.005710,26,49
2026-01-12,case,0.007844,30,70
2026-01-19,case,0.005164,27,57
2026-01-26,case,0.004520,20,34
2026-02-02,case,0.006275,24,118
2026-02-09,case,0.010296,30,205
2026-02-16,case,0.008403,30,133
2026-02-23,case,0.004652,30,62
2026-03-02,case,0.002129,16,32
2026-03-09,case,0.004029,21,34
2026-03-16,case,0.004664,15,26
2026-03-23,case,0.003986,25,71
2026-03-30,case,0.009959,37,107
2026-04-06,case,0.003868,22,41
2026-04-13,case,0.007331,29,49
2026-04-20,case,0.006207,24,48
2026-04-27,case,0.007924,31,59
2026-05-04,case,0.005433,25,53
2026-05-11,case,0.006951,30,61
2026-05-18,case,0.004614,31,74
2026-05-25,case,0.004850,26,53
2026-06-01,case,0.009712,34,77
2026-06-08,case,0.008978,31,54
2026-06-15,case,0.004855,16,22
2026-06-22,case,0.010596,30,81
2026-06-29,case,0.003771,19,63
2026-07-06,case,0.015514,42,142
2026-07-13,case,0.007392,25,49
2026-07-20,case,0.006622,31,55
2026-07-27,case,0.011529,36,85
2026-08-03,case,0.010496,30,82
2026-08-10,case,0.007217,26,75
2026-08-17,case,0.017010,46,106
2026-08-24,case,0.006991,37,75
2026-08-31,case,0.020609,47,151
2026-09-07,case,0.003617,22,43
2026-09-14,case,0.004443,3,4
2025-12-29,caught,0.006446,8,12
2026-01-05,caught,0.006108,21,29
2026-01-12,caught,0.005960,24,33
2026-01-19,caught,0.004243,22,31
2026-01-26,caught,0.009199,23,41
2026-02-02,caught,0.010306,27,39
2026-02-09,caught,0.010129,31,51
2026-02-16,caught,0.008536,31,43
2026-02-23,caught,0.008890,32,46
2026-03-02,caught,0.007514,28,36
2026-03-09,caught,0.006759,27,40
2026-03-16,caught,0.004402,19,25
2026-03-23,caught,0.007711,21,36
2026-03-30,caught,0.005776,18,25
2026-04-06,caught,0.004471,22,30
2026-04-13,caught,0.005722,19,32
2026-04-20,caught,0.009289,31,39
2026-04-27,caught,0.005988,21,31
2026-05-04,caught,0.007379,24,30
2026-05-11,caught,0.009068,30,38
2026-05-18,caught,0.008494,27,38
2026-05-25,caught,0.007094,24,39
2026-06-01,caught,0.006308,18,32
2026-06-08,caught,0.007910,31,47
2026-06-15,caught,0.007629,24,35
2026-06-22,caught,0.004273,19,31
2026-06-29,caught,0.005497,21,33
2026-07-06,caught,0.006162,20,34
2026-07-13,caught,0.010296,32,51
2026-07-20,caught,0.006430,26,53
2026-07-27,caught,0.005561,25,39
2026-08-03,caught,0.006562,24,37
2026-08-10,caught,0.005645,22,32
2026-08-17,caught,0.008713,29,42
2026-08-24,caught,0.006264,22,34
2026-08-31,caught,0.004560,17,24
2026-09-07,caught,0.005281,18,28
2026-09-14,caught,0.008519,2,3
2025-12-29,ceasefire,0.000300,3,3
2026-01-05,ceasefire,0.000069,3,3
2026-01-12,ceasefire,0.000390,6,13
2026-01-19,ceasefire,0.000616,4,19
2026-01-26,ceasefire,0.000268,7,9
2026-02-02,ceasefire,0.001098,9,18
2026-02-09,ceasefire,0.000254,5,8
2026-02-16,ceasefire,0.000253,4,8
2026-02-23,ceasefire,0.000407,5,6
2026-03-02,ceasefire,0.001358,9,9
2026-03-09,ceasefire,0.002096,12,17
2026-03-16,ceasefire,0.001147,13,22
2026-03-23,ceasefire,0.004395,21,46
2026-03-30,ceasefire,0.001309,13,36
2026-04-06,ceasefire,0.067656,97,809
2026-04-13,ceasefire,0.012960,39,228
2026-04-20,ceasefire,0.019110,51,276
2026-04-27,ceasefire,0.003061,19,42
2026-05-04,ceasefire,0.011024,40,160
2026-05-11,ceasefire,0.004990,28,83
2026-05-18,ceasefire,0.000432,7,16
2026-05-25,ceasefire,0.005408,26,73
2026-06-01,ceasefire,0.006099,28,102
2026-06-08,ceasefire,0.005193,22,43
2026-06-15,ceasefire,0.002545,21,57
2026-06-22,ceasefire,0.004482,25,55
2026-06-29,ceasefire,0.001522,11,14
2026-07-06,ceasefire,0.009097,37,110
2026-07-13,ceasefire,0.000868,6,9
2026-07-20,ceasefire,0.001511,10,14
2026-07-27,ceasefire,0.001027,7,11
2026-08-03,ceasefire,0.002092,7,12
2026-08-10,ceasefire,0.000383,7,10
2026-08-17,ceasefire,0.001865,13,17
2026-08-24,ceasefire,0.000156,2,5
2026-08-31,ceasefire,0.000107,3,4
2026-09-07,ceasefire,0.001142,3,5
2025-12-29,center,0.005778,12,18
2026-01-05,center,0.000972,8,13
2026-01-12,center,0.000747,7,9
2026-01-19,center,0.000481,9,12
2026-01-26,center,0.001425,16,30
2026-02-02,center,0.005552,21,38
2026-02-09,center,0.001105,9,10
2026-02-16,center,0.002879,14,18
2026-02-23,center,0.001396,10,12
2026-03-02,center,0.000313,9,10
2026-03-09,center,0.000436,5,6
2026-03-16,center,0.001504,17,30
2026-03-23,center,0.001151,14,18
2026-03-30,center,0.001152,11,15
2026-04-06,center,0.001397,12,16
2026-04-13,center,0.000295,7,12
2026-04-20,center,0.005440,23,35
2026-04-27,center,0.002332,13,19
2026-05-04,center,0.003316,21,28
2026-05-11,center,0.002275,13,16
2026-05-18,center,0.005617,29,82
2026-05-25,center,0.003813,22,53
2026-06-01,center,0.004272,24,42
2026-06-08,center,0.008576,27,80
2026-06-15,center,0.007325,32,112
2026-06-22,center,0.003533,21,34
2026-06-29,center,0.000877,13,18
2026-07-06,center,0.000633,6,9
2026-07-13,center,0.002004,13,21
2026-07-20,center,0.001212,15,20
2026-07-27,center,0.002474,13,16
2026-08-03,center,0.001646,13,18
2026-08-10,center,0.001958,19,28
2026-08-17,center,0.002026,17,34
2026-08-24,center,0.007298,36,70
2026-08-31,center,0.003906,21,28
2026-09-07,center,0.004709,27,49
2026-09-14,center,0.006316,2,5
2025-12-29,ceo,0.002426,3,3
2026-01-05,ceo,0.000814,9,19
2026-01-12,ceo,0.000937,8,19
2026-01-19,ceo,0.004176,18,53
2026-01-26,ceo,0.003114,17,33
2026-02-02,ceo,0.004413,15,29
2026-02-09,ceo,0.001561,12,20
2026-02-16,ceo,0.004397,21,70
2026-02-23,ceo,0.000643,10,21
2026-03-02,ceo,0.003936,17,23
2026-03-09,ceo,0.001864,11,24
2026-03-16,ceo,0.002230,13,23
2026-03-23,ceo,0.001210,11,24
2026-03-30,ceo,0.002360,14,21
2026-04-06,ceo,0.001259,4,7
2026-04-13,ceo,0.003794,11,48
2026-04-20,ceo,0.005357,17,55
2026-04-27,ceo,0.002809,16,31
2026-05-04,ceo,0.003445,9,32
2026-05-11,ceo,0.002774,17,31
2026-05-18,ceo,0.002241,18,32
2026-05-25,ceo,0.002301,13,25
2026-06-01,ceo,0.001960,14,45
2026-06-08,ceo,0.002292,20,31
2026-06-15,ceo,0.001641,14,21
2026-06-22,ceo,0.000479,7,14
2026-06-29,ceo,0.003482,11,21
2026-07-06,ceo,0.004109,9,18
2026-07-13,ceo,0.001449,14,29
2026-07-20,ceo,0.001575,11,22
2026-07-27,ceo,0.002760,17,34
2026-08-03,ceo,0.001418,10,17
2026-08-10,ceo,0.002426,20,53
2026-08-17,ceo,0.001625,11,21
2026-08-24,ceo,0.000522,8,16
2026-08-31,ceo,0.001059,11,37
2026-09-07,ceo,0.001977,14,36
2026-09-14,ceo,0.007208,4,4
2025-12-29,change,0.008663,11,19
2026-01-05,change,0.010382,31,53
2026-01-12,change,0.003345,16,27
2026-01-19,change,0.002629,16,23
2026-01-26,change,0.004669,19,27
2026-02-02,change,0.004152,15,23
2026-02-09,change,0.005217,25,38
2026-02-16,change,0.004804,20,31
2026-02-23,change,0.006917,31,56
2026-03-02,change,0.007996,31,66
2026-03-09,change,0.002643,13,23
2026-03-16,change,0.005347,19,23
2026-03-23,change,0.002538,20,28
2026-03-30,change,0.003523,20,37
2026-04-06,change,0.005309,17,18
2026-04-13,change,0.004616,19,21
2026-04-20,change,0.002710,13,14
2026-04-27,change,0.002526,15,19
2026-05-04,change,0.003306,16,16
2026-05-11,change,0.003175,17,21
2026-05-18,change,0.008419,25,35
2026-05-25,change,0.003864,19,22
2026-06-01,change,0.002225,14,21
2026-06-08,change,0.003947,15,19
2026-06-15,change,0.003357,20,27
2026-06-22,change,0.004236,18,25
2026-06-29,change,0.004569,19,24
2026-07-06,change,0.004729,11,17
2026-07-13,change,0.005558,22,28
2026-07-20,change,0.003014,16,18
2026-07-27,change,0.001807,17,23
2026-08-03,change,0.003670,17,24
2026-08-10,change,0.002803,21,36
2026-08-17,change,0.001267,13,19
2026-08-24,change,0.003060,23,32
2026-08-31,change,0.002739,19,25
2026-09-07,change,0.001708,13,17
2026-09-14,change,0.006667,1,2
2025-12-29,changed,0.002519,3,4
2026-01-05,changed,0.001688,2,2
2026-01-12,changed,0.001477,5,5
2026-01-19,changed,0.000465,4,4
2026-01-26,changed,0.001106,7,8
2026-02-02,changed,0.003085,10,10
2026-02-09,changed,0.000698,8,9
2026-02-16,changed,0.004127,14,14
2026-02-23,changed,0.001760,6,7
2026-03-02,changed,0.001805,7,8
2026-03-09,changed,0.001077,3,4
2026-03-16,changed,0.001729,8,8
2026-03-23,changed,0.001340,5,8
2026-03-30,changed,0.001134,10,14
2026-04-06,changed,0.000347,6,6
2026-04-13,changed,0.002866,10,13
2026-04-20,changed,0.002529,10,11
2026-04-27,changed,0.003041,9,10
2026-05-04,changed,0.003858,8,14
2026-05-11,changed,0.002462,13,13
2026-05-18,changed,0.000691,3,3
2026-05-25,changed,0.002060,10,12
2026-06-01,changed,0.001466,6,10
2026-06-08,changed,0.001384,6,7
2026-06-15,changed,0.002090,12,15
2026-06-22,changed,0.002334,9,11
2026-06-29,changed,0.001816,8,9
2026-07-06,changed,0.001848,10,10
2026-07-13,changed,0.000988,8,10
2026-07-20,changed,0.000776,6,8
2026-07-27,changed,0.002366,7,9
2026-08-03,changed,0.005049,13,14
2026-08-10,changed,0.001679,5,5
2026-08-17,changed,0.001922,11,12
2026-08-24,changed,0.002410,11,16
2026-08-31,changed,0.001796,4,5
2026-09-07,changed,0.006403,17,25
2025-12-29,chaos,0.001858,6,10
2026-01-05,chaos,0.006488,27,44
2026-01-12,chaos,0.007787,31,64
2026-01-19,chaos,0.009784,34,52
2026-01-26,chaos,0.011770,30,57
2026-02-02,chaos,0.004781,12,28
2026-02-09,chaos,0.004887,22,35
2026-02-16,chaos,0.002982,11,22
2026-02-23,chaos,0.007214,35,80
2026-03-02,chaos,0.005033,28,51
2026-03-09,chaos,0.007980,31,47
2026-03-16,chaos,0.003427,24,43
2026-03-23,chaos,0.010534,39,71
2026-03-30,chaos,0.006073,21,33
2026-04-06,chaos,0.003950,23,28
2026-04-13,chaos,0.004974,23,37
2026-04-20,chaos,0.003260,23,56
2026-04-27,chaos,0.006696,24,34
2026-05-04,chaos,0.006324,27,42
2026-05-11,chaos,0.003722,22,32
2026-05-18,chaos,0.003038,24,34
2026-05-25,chaos,0.003297,17,33
2026-06-01,chaos,0.002717,20,32
2026-06-08,chaos,0.005748,23,40
2026-06-15,chaos,0.001651,11,26
2026-06-22,chaos,0.004684,21,37
2026-06-29,chaos,0.001557,12,28
2026-07-06,chaos,0.002611,13,26
2026-07-13,chaos,0.003136,16,27
2026-07-20,chaos,0.001393,10,21
2026-07-27,chaos,0.002746,14,33
2026-08-03,chaos,0.001968,16,23
2026-08-10,chaos,0.001950,15,17
2026-08-17,chaos,0.001269,12,22
2026-08-24,chaos,0.005190,19,26
2026-08-31,chaos,0.003948,20,34
2026-09-07,chaos,0.003723,17,25
2025-12-29,charlie,0.009272,8,21
2026-01-05,charlie,0.003676,14,20
2026-01-12,charlie,0.004365,20,35
2026-01-19,charlie,0.008042,14,20
2026-01-26,charlie,0.002304,9,14
2026-02-02,charlie,0.002166,9,27
2026-02-09,charlie,0.000865,5,9
2026-02-16,charlie,0.001951,5,17
2026-02-23,charlie,0.003368,19,33
2026-03-02,charlie,0.002356,10,18
2026-03-09,charlie,0.002616,13,27
2026-03-16,charlie,0.004780,14,24
2026-03-23,charlie,0.006525,12,16
2026-03-30,charlie,0.014995,26,51
2026-04-06,charlie,0.003433,13,19
2026-04-13,charlie,0.002533,14,22
2026-04-20,charlie,0.004413,15,23
2026-04-27,charlie,0.005988,10,20
2026-05-04,charlie,0.002263,8,16
2026-05-11,charlie,0.006942,13,22
2026-05-18,charlie,0.005045,15,23
2026-05-25,charlie,0.000674,2,6
2026-06-01,charlie,0.001626,11,18
2026-06-08,charlie,0.005514,16,21
2026-06-15,charlie,0.006656,14,25
2026-06-22,charlie,0.003648,10,23
2026-06-29,charlie,0.003489,11,24
2026-07-06,charlie,0.028683,49,265
2026-07-13,charlie,0.008336,17,34
2026-07-20,charlie,0.003182,13,27
2026-07-27,charlie,0.007836,14,33
2026-08-03,charlie,0.004688,13,21
2026-08-10,charlie,0.009914,22,39
2026-08-17,charlie,0.006716,15,34
2026-08-24,charlie,0.007203,13,32
2026-08-31,charlie,0.005750,29,55
2026-09-07,charlie,0.038883,54,176
2026-09-14,charlie,0.002105,1,3
2025-12-29,china,0.010898,13,45
2026-01-05,china,0.010924,28,116
2026-01-12,china,0.010622,26,122
2026-01-19,china,0.007899,25,108
2026-01-26,china,0.012241,31,173
2026-02-02,china,0.008924,24,109
2026-02-09,china,0.006711,18,86
2026-02-16,china,0.004249,22,62
2026-02-23,china,0.007275,23,73
2026-03-02,china,0.008381,25,88
2026-03-09,china,0.006591,23,71
2026-03-16,china,0.008856,33,91
2026-03-23,china,0.008041,18,69
2026-03-30,china,0.004073,22,66
2026-04-06,china,0.009658,30,103
2026-04-13,china,0.021718,42,169
2026-04-20,china,0.010130,28,101
2026-04-27,china,0.006638,20,83
2026-05-04,china,0.016111,34,139
2026-05-11,china,0.074004,99,770
2026-05-18,china,0.013429,34,203
2026-05-25,china,0.012512,24,119
2026-06-01,china,0.007866,23,84
2026-06-08,china,0.003346,19,78
2026-06-15,china,0.006074,19,65
2026-06-22,china,0.006809,19,65
2026-06-29,china,0.012496,19,89
2026-07-06,china,0.010047,28,106
2026-07-13,china,0.014745,41,176
2026-07-20,china,0.012491,32,114
2026-07-27,china,0.012042,28,92
2026-08-03,china,0.009731,22,85
2026-08-10,china,0.006499,26,113
2026-08-17,china,0.018648,34,130
2026-08-24,china,0.011959,40,163
2026-08-31,china,0.008667,25,108
2026-09-07,china,0.003474,20,102
2026-09-14,china,0.032360,11,17
2025-12-29,christian,0.001063,4,4
2026-01-05,christian,0.002896,3,4
2026-01-12,christian,0.001629,6,8
2026-01-19,christian,0.005364,10,12
2026-01-26,christian,0.001650,6,10
2026-02-02,christian,0.004067,6,10
2026-02-09,christian,0.003188,7,10
2026-02-16,christian,0.004427,16,18
2026-02-23,christian,0.002903,5,6
2026-03-02,christian,0.001649,5,7
2026-03-09,christian,0.004589,10,11
2026-03-16,christian,0.001849,3,3
2026-03-23,christian,0.003811,10,19
2026-03-30,christian,0.001787,7,13
2026-04-06,christian,0.001919,8,9
2026-04-13,christian,0.001248,6,16
2026-04-20,christian,0.001355,7,9
2026-04-27,christian,0.001939,6,8
2026-05-04,christian,0.001825,8,10
2026-05-11,christian,0.001389,8,10
2026-05-18,christian,0.004769,17,21
2026-05-25,christian,0.004532,16,19
2026-06-01,christian,0.002122,9,9
2026-06-08,christian,0.003418,11,15
2026-06-15,christian,0.004715,14,18
2026-06-22,christian,0.002029,8,9
2026-06-29,christian,0.002156,5,8
2026-07-06,christian,0.003729,11,13
2026-07-13,christian,0.001015,3,4
2026-07-20,christian,0.002101,7,7
2026-07-27,christian,0.001932,10,11
2026-08-03,christian,0.000954,5,5
2026-08-10,christian,0.001070,7,9
2026-08-17,christian,0.001443,9,15
2026-08-24,christian,0.002475,7,7
2026-08-31,christian,0.001845,7,10
2026-09-07,christian,0.001939,7,13
2025-12-29,cia,0.003236,5,13
2026-01-05,cia,0.005913,17,30
2026-01-12,cia,0.004087,14,21
2026-01-19,cia,0.003365,6,7
2026-01-26,cia,0.000859,3,3
2026-02-02,cia,0.001776,5,8
2026-02-09,cia,0.000440,9,11
2026-02-16,cia,0.001748,9,9
2026-02-23,cia,0.003317,18,24
2026-03-02,cia,0.006867,23,31
2026-03-09,cia,0.002256,9,10
2026-03-16,cia,0.005632,23,33
2026-03-23,cia,0.002468,9,10
2026-03-30,cia,0.003126,8,15
2026-04-06,cia,0.004121,16,23
2026-04-13,cia,0.000778,6,7
2026-04-20,cia,0.002784,14,18
2026-04-27,cia,0.000708,3,3
2026-05-04,cia,0.001084,9,14
2026-05-11,cia,0.008758,34,79
2026-05-18,cia,0.002060,10,10
2026-05-25,cia,0.002522,12,18
2026-06-01,cia,0.000546,8,11
2026-06-08,cia,0.002530,10,14
2026-06-15,cia,0.000746,7,10
2026-06-22,cia,0.000645,6,6
2026-06-29,cia,0.002354,10,30
2026-07-06,cia,0.001299,9,17
2026-07-13,cia,0.001360,13,18
2026-07-20,cia,0.002987,14,27
2026-07-27,cia,0.001100,8,16
2026-08-03,cia,0.001537,7,7
2026-08-10,cia,0.002815,15,17
2026-08-17,cia,0.002878,10,12
2026-08-24,cia,0.013152,33,102
2026-08-31,cia,0.004393,14,23
2026-09-07,cia,0.003515,13,21
2025-12-29,claims,0.002467,10,19
2026-01-05,claims,0.006779,28,54
2026-01-12,claims,0.004946,26,51
2026-01-19,claims,0.003224,18,55
2026-01-26,claims,0.002563,23,46
2026-02-02,claims,0.003543,24,63
2026-02-09,claims,0.005356,26,52
2026-02-16,claims,0.005962,23,46
2026-02-23,claims,0.005675,31,61
2026-03-02,claims,0.004478,24,62
2026-03-09,claims,0.003129,21,65
2026-03-16,claims,0.006725,28,71
2026-03-23,claims,0.005168,27,92
2026-03-30,claims,0.002046,17,70
2026-04-06,claims,0.005386,23,62
2026-04-13,claims,0.005361,28,81
2026-04-20,claims,0.005478,29,78
2026-04-27,claims,0.005162,22,57
2026-05-04,claims,0.004909,28,79
2026-05-11,claims,0.005201,23,59
2026-05-18,claims,0.004581,25,55
2026-05-25,claims,0.005871,28,63
2026-06-01,claims,0.003811,23,70
2026-06-08,claims,0.005824,29,65
2026-06-15,claims,0.003103,22,58
2026-06-22,claims,0.004753,30,66
2026-06-29,claims,0.003728,19,39
2026-07-06,claims,0.005614,27,49
2026-07-13,claims,0.006395,29,85
2026-07-20,claims,0.005325,21,65
2026-07-27,claims,0.006288,26,61
2026-08-03,claims,0.003765,22,49
2026-08-10,claims,0.004270,23,61
2026-08-17,claims,0.004017,20,51
2026-08-24,claims,0.004137,20,43
2026-08-31,claims,0.003116,19,60
2026-09-07,claims,0.003698,21,52
2026-09-14,claims,0.010327,4,6
2026-02-02,clancy,0.000198,1,1
2026-05-18,clancy,0.000012,1,1
2026-06-22,clancy,0.000442,1,1
2026-07-20,clancy,0.000195,2,4
2026-07-27,clancy,0.001758,12,56
2026-08-03,clancy,0.002946,15,70
2026-08-10,clancy,0.006302,19,73
2026-08-17,clancy,0.027376,39,207
2026-08-24,clancy,0.028440,41,285
2026-08-31,clancy,0.056722,64,463
2026-09-07,clancy,0.042161,48,147
2026-09-14,clancy,0.004458,2,8
2025-12-29,cnn,0.005905,7,11
2026-01-05,cnn,0.003381,12,17
2026-01-12,cnn,0.002506,9,16
2026-01-19,cnn,0.004346,12,24
2026-01-26,cnn,0.004718,20,31
2026-02-02,cnn,0.003409,19,25
2026-02-09,cnn,0.003744,14,18
2026-02-16,cnn,0.003898,14,19
2026-02-23,cnn,0.002520,11,21
2026-03-02,cnn,0.005504,18,24
2026-03-09,cnn,0.009097,23,43
2026-03-16,cnn,0.002757,14,15
2026-03-23,cnn,0.003322,9,17
2026-03-30,cnn,0.004521,12,21
2026-04-06,cnn,0.006055,18,23
2026-04-13,cnn,0.001559,5,9
2026-04-20,cnn,0.002474,11,14
2026-04-27,cnn,0.005210,17,23
2026-05-04,cnn,0.005901,24,37
2026-05-11,cnn,0.003415,12,17
2026-05-18,cnn,0.001587,7,10
2026-05-25,cnn,0.002542,10,20
2026-06-01,cnn,0.002548,11,25
2026-06-08,cnn,0.006095,19,39
2026-06-15,cnn,0.003455,11,18
2026-06-22,cnn,0.003017,6,9
2026-06-29,cnn,0.004745,10,14
2026-07-06,cnn,0.004215,13,18
2026-07-13,cnn,0.003147,14,16
2026-07-20,cnn,0.002999,18,26
2026-07-27,cnn,0.002224,11,15
2026-08-03,cnn,0.010613,27,42
2026-08-10,cnn,0.003455,14,15
2026-08-17,cnn,0.004046,20,27
2026-08-24,cnn,0.004928,13,19
2026-08-31,cnn,0.008003,18,34
2026-09-07,cnn,0.002702,7,13
2025-12-29,collapse,0.002059,2,2
2026-01-05,collapse,0.006910,22,31
2026-01-12,collapse,0.006393,22,33
2026-01-19,collapse,0.006237,19,25
2026-01-26,collapse,0.004132,19,26
2026-02-02,collapse,0.004546,20,30
2026-02-09,collapse,0.005012,18,26
2026-02-16,collapse,0.003847,14,16
2026-02-23,collapse,0.002882,15,23
2026-03-02,collapse,0.002818,14,16
2026-03-09,collapse,0.004403,16,22
2026-03-16,collapse,0.002828,15,21
2026-03-23,collapse,0.004723,23,29
2026-03-30,collapse,0.002774,15,25
2026-04-06,collapse,0.006678,24,51
2026-04-13,collapse,0.005713,31,53
2026-04-20,collapse,0.004132,23,35
2026-04-27,collapse,0.003581,23,42
2026-05-04,collapse,0.004376,19,22
2026-05-11,collapse,0.004634,23,29
2026-05-18,collapse,0.002858,19,26
2026-05-25,collapse,0.004150,20,37
2026-06-01,collapse,0.004913,19,27
2026-06-08,collapse,0.002659,14,18
2026-06-15,collapse,0.004181,14,18
2026-06-22,collapse,0.002696,17,41
2026-06-29,collapse,0.003711,18,21
2026-07-06,collapse,0.004257,27,41
2026-07-13,collapse,0.002986,13,17
2026-07-20,collapse,0.003710,16,20
2026-07-27,collapse,0.003496,19,28
2026-08-03,collapse,0.002524,14,17
2026-08-10,collapse,0.001538,16,21
2026-08-17,collapse,0.007041,29,40
2026-08-24,collapse,0.008048,27,40
2026-08-31,collapse,0.001782,12,42
2026-09-07,collapse,0.003907,14,55
2026-09-14,collapse,0.002929,2,2
2025-12-29,coming,0.005757,6,6
2026-01-05,coming,0.006730,14,17
2026-01-12,coming,0.004418,16,22
2026-01-19,coming,0.006032,20,24
2026-01-26,coming,0.003520,15,17
2026-02-02,coming,0.005035,21,28
2026-02-09,coming,0.003023,14,17
2026-02-16,coming,0.003785,18,22
2026-02-23,coming,0.001637,15,18
2026-03-02,coming,0.002782,23,32
2026-03-09,coming,0.004583,17,21
2026-03-16,coming,0.003182,13,18
2026-03-23,coming,0.003791,13,14
2026-03-30,coming,0.006532,18,23
2026-04-06,coming,0.002214,13,15
2026-04-13,coming,0.003525,21,29
2026-04-20,coming,0.004498,14,22
2026-04-27,coming,0.008134,18,22
2026-05-04,coming,0.004722,21,29
2026-05-11,coming,0.001870,15,18
2026-05-18,coming,0.004063,20,26
2026-05-25,coming,0.003457,15,18
2026-06-01,coming,0.005108,20,30
2026-06-08,coming,0.007250,28,39
2026-06-15,coming,0.002391,15,17
2026-06-22,coming,0.006596,21,28
2026-06-29,coming,0.004740,16,20
2026-07-06,coming,0.005321,14,19
2026-07-13,coming,0.003496,14,18
2026-07-20,coming,0.009152,25,32
2026-07-27,coming,0.004528,20,21
2026-08-03,coming,0.004737,18,20
2026-08-10,coming,0.002368,13,18
2026-08-17,coming,0.007979,21,29
2026-08-24,coming,0.006353,24,32
2026-08-31,coming,0.003887,17,23
2026-09-07,coming,0.003968,22,29
2025-12-29,congress,0.005744,9,19
2026-01-05,congress,0.004807,25,69
2026-01-12,congress,0.004882,27,50
2026-01-19,congress,0.007506,26,59
2026-01-26,congress,0.005709,27,37
2026-02-02,congress,0.007224,31,89
2026-02-09,congress,0.011308,43,101
2026-02-16,congress,0.004557,26,109
2026-02-23,congress,0.006905,32,76
2026-03-02,congress,0.007293,30,53
2026-03-09,congress,0.003957,16,44
2026-03-16,congress,0.002791,18,43
2026-03-23,congress,0.007759,30,64
2026-03-30,congress,0.004203,25,85
2026-04-06,congress,0.006439,20,71
2026-04-13,congress,0.011553,41,119
2026-04-20,congress,0.003103,22,54
2026-04-27,congress,0.012486,46,139
2026-05-04,congress,0.002533,12,44
2026-05-11,congress,0.003285,25,44
2026-05-18,congress,0.004837,21,52
2026-05-25,congress,0.002676,14,41
2026-06-01,congress,0.012588,39,90
2026-06-08,congress,0.007517,26,56
2026-06-15,congress,0.002100,14,27
2026-06-22,congress,0.004370,21,43
2026-06-29,congress,0.004944,29,49
2026-07-06,congress,0.002442,16,34
2026-07-13,congress,0.004604,26,51
2026-07-20,congress,0.006438,24,86
2026-07-27,congress,0.003500,20,42
2026-08-03,congress,0.005477,34,69
2026-08-10,congress,0.001786,11,44
2026-08-17,congress,0.001292,8,35
2026-08-24,congress,0.001854,10,29
2026-08-31,congress,0.005297,22,39
2026-09-07,congress,0.002779,20,44
2026-09-14,congress,0.003144,2,4
2025-12-29,control,0.006366,12,19
2026-01-05,control,0.005643,27,47
2026-01-12,control,0.006403,29,42
2026-01-19,control,0.004147,25,38
2026-01-26,control,0.003609,18,31
2026-02-02,control,0.004829,23,36
2026-02-09,control,0.004716,17,29
2026-02-16,control,0.002946,17,21
2026-02-23,control,0.005474,29,35
2026-03-02,control,0.008275,26,46
2026-03-09,control,0.004567,24,37
2026-03-16,control,0.007815,31,46
2026-03-23,control,0.005751,29,48
2026-03-30,control,0.004737,20,26
2026-04-06,control,0.005766,27,39
2026-04-13,control,0.004152,28,46
2026-04-20,control,0.004904,26,49
2026-04-27,control,0.003597,19,30
2026-05-04,control,0.004658,24,39
2026-05-11,control,0.003730,22,34
2026-05-18,control,0.004363,17,27
2026-05-25,control,0.004419,25,38
2026-06-01,control,0.006569,26,36
2026-06-08,control,0.005071,20,29
2026-06-15,control,0.002627,13,23
2026-06-22,control,0.007784,35,47
2026-06-29,control,0.008921,26,44
2026-07-06,control,0.003880,23,29
2026-07-13,control,0.005934,29,39
2026-07-20,control,0.005110,26,38
2026-07-27,control,0.003348,21,37
2026-08-03,control,0.002847,19,34
2026-08-10,control,0.004087,25,49
2026-08-17,control,0.004792,22,36
2026-08-24,control,0.003792,27,45
2026-08-31,control,0.006303,28,48
2026-09-07,control,0.002991,23,38
2026-09-14,control,0.011333,2,2
2025-12-29,conversation,0.000242,2,2
2026-01-12,conversation,0.003499,6,8
2026-01-19,conversation,0.001421,5,5
2026-01-26,conversation,0.004676,5,10
2026-02-02,conversation,0.003175,4,5
2026-02-09,conversation,0.003713,3,7
2026-02-16,conversation,0.002658,3,10
2026-02-23,conversation,0.001626,4,6
2026-03-02,conversation,0.000831,4,7
2026-03-09,conversation,0.003880,6,7
2026-03-16,conversation,0.001223,3,4
2026-03-23,conversation,0.000388,3,6
2026-03-30,conversation,0.000339,2,2
2026-04-06,conversation,0.002758,3,6
2026-04-13,conversation,0.001996,7,11
2026-04-20,conversation,0.001481,6,11
2026-04-27,conversation,0.000594,4,5
2026-05-04,conversation,0.000347,3,4
2026-05-11,conversation,0.001604,4,5
2026-05-18,conversation,0.001853,3,6
2026-05-25,conversation,0.002620,4,6
2026-06-01,conversation,0.001173,4,8
2026-06-08,conversation,0.001149,2,6
2026-06-15,conversation,0.000927,5,9
2026-06-22,conversation,0.001215,4,4
2026-06-29,conversation,0.000447,4,11
2026-07-06,conversation,0.000496,2,5
2026-07-13,conversation,0.000321,4,6
2026-07-20,conversation,0.000298,2,4
2026-07-27,conversation,0.000375,3,5
2026-08-03,conversation,0.002787,4,5
2026-08-10,conversation,0.003333,5,6
2026-08-17,conversation,0.000773,5,8
2026-08-24,conversation,0.000849,4,7
2026-08-31,conversation,0.000078,1,3
2026-09-07,conversation,0.000029,1,2
2025-12-29,country,0.006428,16,23
2026-01-05,country,0.006373,21,39
2026-01-12,country,0.002977,20,29
2026-01-19,country,0.003560,26,36
2026-01-26,country,0.003036,19,28
2026-02-02,country,0.002744,17,26
2026-02-09,country,0.004851,13,20
2026-02-16,country,0.004406,20,28
2026-02-23,country,0.003447,17,28
2026-03-02,country,0.003791,20,30
2026-03-09,country,0.002045,14,18
2026-03-16,country,0.003506,16,21
2026-03-23,country,0.002977,20,28
2026-03-30,country,0.003040,14,21
2026-04-06,country,0.003031,24,32
2026-04-13,country,0.003197,11,18
2026-04-20,country,0.002549,13,16
2026-04-27,country,0.002834,15,25
2026-05-04,country,0.003288,15,21
2026-05-11,country,0.004533,20,27
2026-05-18,country,0.002807,19,26
2026-05-25,country,0.003649,19,26
2026-06-01,country,0.005459,21,25
2026-06-08,country,0.002711,14,19
2026-06-15,country,0.004993,24,33
2026-06-22,country,0.004373,22,42
2026-06-29,country,0.007977,24,40
2026-07-06,country,0.000758,7,11
2026-07-13,country,0.001103,13,20
2026-07-20,country,0.003077,12,17
2026-07-27,country,0.002836,18,26
2026-08-03,country,0.002509,12,17
2026-08-10,country,0.003181,14,18
2026-08-17,country,0.005844,21,29
2026-08-24,country,0.003644,26,56
2026-08-31,country,0.004596,24,34
2026-09-07,country,0.006319,22,29
2026-09-14,country,0.013250,4,6
2025-12-29,court,0.003161,9,18
2026-01-05,court,0.010417,38,133
2026-01-12,court,0.010216,37,122
2026-01-19,court,0.007737,31,90
2026-01-26,court,0.005941,26,60
2026-02-02,court,0.008218,30,61
2026-02-09,court,0.007492,30,65
2026-02-16,court,0.029642,65,280
2026-02-23,court,0.009556,39,106
2026-03-02,court,0.005345,20,40
2026-03-09,court,0.003967,14,25
2026-03-16,court,0.003753,15,33
2026-03-23,court,0.008399,29,88
2026-03-30,court,0.018194,52,163
2026-04-06,court,0.008223,26,54
2026-04-13,court,0.005603,27,49
2026-04-20,court,0.010802,34,59
2026-04-27,court,0.022474,54,199
2026-05-04,court,0.017170,48,122
2026-05-11,court,0.012564,40,116
2026-05-18,court,0.005486,26,60
2026-05-25,court,0.007191,25,59
2026-06-01,court,0.008348,33,87
2026-06-08,court,0.009734,33,70
2026-06-15,court,0.006532,26,60
2026-06-22,court,0.017885,50,123
2026-06-29,court,0.055184,82,372
2026-07-06,court,0.015566,45,131
2026-07-13,court,0.008365,33,82
2026-07-20,court,0.008390,29,68
2026-07-27,court,0.008845,32,69
2026-08-03,court,0.008174,35,87
2026-08-10,court,0.007305,31,88
2026-08-17,court,0.010584,39,108
2026-08-24,court,0.010552,42,81
2026-08-31,court,0.015951,42,99
2026-09-07,court,0.007415,26,70
2026-09-14,court,0.000519,1,2
2025-12-29,crazy,0.001490,2,2
2026-01-05,crazy,0.004417,10,11
2026-01-12,crazy,0.003597,9,10
2026-01-19,crazy,0.002908,12,16
2026-01-26,crazy,0.003515,5,8
2026-02-02,crazy,0.001165,6,7
2026-02-09,crazy,0.002966,8,12
2026-02-16,crazy,0.004432,13,14
2026-02-23,crazy,0.000706,7,10
2026-03-02,crazy,0.001437,7,7
2026-03-09,crazy,0.003581,7,7
2026-03-16,crazy,0.003758,10,11
2026-03-23,crazy,0.004193,11,12
2026-03-30,crazy,0.003259,9,10
2026-04-06,crazy,0.003414,12,14
2026-04-13,crazy,0.002899,11,13
2026-04-20,crazy,0.004054,9,12
2026-04-27,crazy,0.002174,8,13
2026-05-04,crazy,0.002818,9,11
2026-05-11,crazy,0.002667,7,7
2026-05-18,crazy,0.000546,4,4
2026-05-25,crazy,0.003655,12,15
2026-06-01,crazy,0.004326,20,33
2026-06-08,crazy,0.001758,10,12
2026-06-15,crazy,0.000807,5,5
2026-06-22,crazy,0.002059,8,9
2026-06-29,crazy,0.002398,5,6
2026-07-06,crazy,0.000199,3,5
2026-07-13,crazy,0.002134,11,13
2026-07-20,crazy,0.002030,13,16
2026-07-27,crazy,0.002609,11,11
2026-08-03,crazy,0.004012,11,14
2026-08-10,crazy,0.003508,16,19
2026-08-17,crazy,0.004212,11,12
2026-08-24,crazy,0.001883,9,11
2026-08-31,crazy,0.005223,14,18
2026-09-07,crazy,0.002720,13,19
2025-12-29,crime,0.003759,5,5
2026-01-05,crime,0.001439,9,12
2026-01-12,crime,0.001872,14,16
2026-01-19,crime,0.001411,10,11
2026-01-26,crime,0.001523,15,18
2026-02-02,crime,0.004072,20,44
2026-02-09,crime,0.000520,7,9
2026-02-16,crime,0.001831,12,15
2026-02-23,crime,0.002739,16,22
2026-03-02,crime,0.002533,6,8
2026-03-09,crime,0.003846,12,18
2026-03-16,crime,0.002645,10,16
2026-03-23,crime,0.003714,24,37
2026-03-30,crime,0.003445,14,18
2026-04-06,crime,0.006635,20,27
2026-04-13,crime,0.003169,15,19
2026-04-20,crime,0.004726,15,19
2026-04-27,crime,0.003180,9,12
2026-05-04,crime,0.003432,14,17
2026-05-11,crime,0.004021,13,18
2026-05-18,crime,0.003045,16,25
2026-05-25,crime,0.001956,14,19
2026-06-01,crime,0.004558,20,27
2026-06-08,crime,0.003083,15,16
2026-06-15,crime,0.001672,11,14
2026-06-22,crime,0.003163,15,20
2026-06-29,crime,0.001720,8,9
2026-07-06,crime,0.002683,12,14
2026-07-13,crime,0.001789,12,12
2026-07-20,crime,0.003051,14,18
2026-07-27,crime,0.001910,12,15
2026-08-03,crime,0.001659,16,20
2026-08-10,crime,0.003918,21,37
2026-08-17,crime,0.003178,14,20
2026-08-24,crime,0.000437,9,11
2026-08-31,crime,0.002446,13,18
2026-09-07,crime,0.000741,8,9
2025-12-29,crisis,0.007127,11,22
2026-01-05,crisis,0.003409,22,56
2026-01-12,crisis,0.004904,23,50
2026-01-19,crisis,0.005159,23,43
2026-01-26,crisis,0.004888,25,41
2026-02-02,crisis,0.005309,20,41
2026-02-09,crisis,0.004021,21,46
2026-02-16,crisis,0.006248,25,48
2026-02-23,crisis,0.008591,30,46
2026-03-02,crisis,0.005548,23,84
2026-03-09,crisis,0.009351,33,124
2026-03-16,crisis,0.007104,32,121
2026-03-23,crisis,0.012902,41,140
2026-03-30,crisis,0.007473,27,87
2026-04-06,crisis,0.004984,24,77
2026-04-13,crisis,0.007971,30,100
2026-04-20,crisis,0.009407,35,113
2026-04-27,crisis,0.011846,33,99
2026-05-04,crisis,0.009465,37,94
2026-05-11,crisis,0.008048,33,123
2026-05-18,crisis,0.004144,28,84
2026-05-25,crisis,0.004858,23,70
2026-06-01,crisis,0.003554,22,63
2026-06-08,crisis,0.004050,21,71
2026-06-15,crisis,0.005051,24,67
2026-06-22,crisis,0.002890,20,59
2026-06-29,crisis,0.004493,21,63
2026-07-06,crisis,0.005946,26,53
2026-07-13,crisis,0.004382,27,49
2026-07-20,crisis,0.004841,22,43
2026-07-27,crisis,0.011623,34,112
2026-08-03,crisis,0.009534,33,105
2026-08-10,crisis,0.005261,31,102
2026-08-17,crisis,0.004873,23,95
2026-08-24,crisis,0.004612,21,63
2026-08-31,crisis,0.003453,23,76
2026-09-07,crisis,0.004942,22,55
2026-09-14,crisis,0.007343,5,6
2025-12-29,cuba,0.005340,6,9
2026-01-05,cuba,0.007994,32,58
2026-01-12,cuba,0.002496,17,24
2026-01-19,cuba,0.000080,1,1
2026-01-26,cuba,0.001482,11,17
2026-02-02,cuba,0.003308,13,23
2026-02-09,cuba,0.008321,25,40
2026-02-16,cuba,0.008620,22,42
2026-02-23,cuba,0.008672,35,93
2026-03-02,cuba,0.004386,22,34
2026-03-09,cuba,0.005752,24,34
2026-03-16,cuba,0.015743,44,92
2026-03-23,cuba,0.022773,45,70
2026-03-30,cuba,0.005450,21,41
2026-04-06,cuba,0.000946,5,7
2026-04-13,cuba,0.002122,17,26
2026-04-20,cuba,0.002585,7,8
2026-04-27,cuba,0.001731,10,16
2026-05-04,cuba,0.005663,18,26
2026-05-11,cuba,0.004330,27,43
2026-05-18,cuba,0.020126,51,141
2026-05-25,cuba,0.013952,27,45
2026-06-01,cuba,0.002901,15,21
2026-06-08,cuba,0.001554,11,13
2026-06-15,cuba,0.001059,5,8
2026-06-22,cuba,0.001006,5,5
2026-06-29,cuba,0.000906,5,5
2026-07-06,cuba,0.001619,12,16
2026-07-13,cuba,0.000297,7,8
2026-07-20,cuba,0.003834,15,20
2026-07-27,cuba,0.000143,3,5
2026-08-03,cuba,0.001368,6,8
2026-08-10,cuba,0.000981,5,6
2026-08-17,cuba,0.003119,9,11
2026-08-24,cuba,0.000037,1,1
2026-08-31,cuba,0.001721,6,7
2026-09-07,cuba,0.000112,2,2
2025-12-29,culture,0.001120,2,3
2026-01-05,culture,0.001313,2,2
2026-01-12,culture,0.004301,11,13
2026-01-19,culture,0.003869,7,11
2026-01-26,culture,0.004547,11,12
2026-02-02,culture,0.003259,14,21
2026-02-09,culture,0.004705,15,24
2026-02-16,culture,0.001279,10,13
2026-02-23,culture,0.002107,7,10
2026-03-02,culture,0.000304,5,6
2026-03-09,culture,0.000414,5,5
2026-03-16,culture,0.000179,2,2
2026-03-23,culture,0.004589,11,14
2026-03-30,culture,0.003996,8,9
2026-04-06,culture,0.002214,8,9
2026-04-13,culture,0.002165,8,8
2026-04-20,culture,0.001518,9,9
2026-04-27,culture,0.003783,10,10
2026-05-04,culture,0.004272,8,12
2026-05-11,culture,0.001001,5,7
2026-05-18,culture,0.005473,10,12
2026-05-25,culture,0.002946,7,8
2026-06-01,culture,0.001337,8,11
2026-06-08,culture,0.002603,10,12
2026-06-15,culture,0.002436,8,9
2026-06-22,culture,0.001387,7,9
2026-06-29,culture,0.000698,7,10
2026-07-06,culture,0.001134,7,7
2026-07-13,culture,0.003098,7,8
2026-07-20,culture,0.003497,7,8
2026-07-27,culture,0.000967,5,6
2026-08-03,culture,0.002426,8,9
2026-08-10,culture,0.003337,9,11
2026-08-17,culture,0.003426,8,8
2026-08-24,culture,0.003967,10,14
2026-08-31,culture,0.001422,10,11
2026-09-07,culture,0.002004,8,10
2026-09-14,culture,0.002625,2,2
2025-12-29,cup,0.000196,1,3
2026-01-05,cup,0.000488,4,16
2026-01-12,cup,0.001155,14,28
2026-01-19,cup,0.000406,6,18
2026-01-26,cup,0.001284,6,12
2026-02-02,cup,0.000158,3,11
2026-02-09,cup,0.000757,8,29
2026-02-16,cup,0.000302,5,15
2026-02-23,cup,0.000696,6,17
2026-03-02,cup,0.000773,9,32
2026-03-09,cup,0.000415,5,24
2026-03-16,cup,0.000378,5,11
2026-03-23,cup,0.000123,4,6
2026-03-30,cup,0.000495,6,12
2026-04-06,cup,0.000280,3,4
2026-04-13,cup,0.000756,10,16
2026-04-20,cup,0.001731,11,17
2026-04-27,cup,0.000855,9,16
2026-05-04,cup,0.000778,8,13
2026-05-11,cup,0.002125,15,40
2026-05-18,cup,0.001517,12,34
2026-05-25,cup,0.001855,20,39
2026-06-01,cup,0.004261,21,119
2026-06-08,cup,0.018752,46,288
2026-06-15,cup,0.018531,42,305
2026-06-22,cup,0.010083,31,259
2026-06-29,cup,0.010855,36,223
2026-07-06,cup,0.019540,46,213
2026-07-13,cup,0.013292,32,241
2026-07-20,cup,0.012094,46,146
2026-07-27,cup,0.002119,15,40
2026-08-03,cup,0.001082,8,11
2026-08-10,cup,0.000158,3,5
2026-08-17,cup,0.000105,3,3
2026-08-24,cup,0.000180,4,5
2026-08-31,cup,0.000102,4,5
2026-09-07,cup,0.000075,2,3
2026-09-14,cup,0.002001,2,3
2025-12-29,dangerous,0.002681,7,9
2026-01-05,dangerous,0.003047,14,19
2026-01-12,dangerous,0.004814,16,24
2026-01-19,dangerous,0.003817,18,32
2026-01-26,dangerous,0.004562,21,33
2026-02-02,dangerous,0.002714,11,14
2026-02-09,dangerous,0.000891,9,15
2026-02-16,dangerous,0.002929,13,14
2026-02-23,dangerous,0.001949,16,19
2026-03-02,dangerous,0.002497,13,17
2026-03-09,dangerous,0.001349,8,10
2026-03-16,dangerous,0.001241,13,16
2026-03-23,dangerous,0.002729,16,23
2026-03-30,dangerous,0.001235,13,17
2026-04-06,dangerous,0.002250,12,16
2026-04-13,dangerous,0.003191,15,25
2026-04-20,dangerous,0.004096,19,23
2026-04-27,dangerous,0.001978,12,17
2026-05-04,dangerous,0.002321,10,12
2026-05-11,dangerous,0.004274,17,22
2026-05-18,dangerous,0.001402,13,14
2026-05-25,dangerous,0.003688,17,21
2026-06-01,dangerous,0.001603,15,21
2026-06-08,dangerous,0.006299,18,21
2026-06-15,dangerous,0.002749,11,12
2026-06-22,dangerous,0.004027,17,21
2026-06-29,dangerous,0.003007,17,27
2026-07-06,dangerous,0.002523,16,19
2026-07-13,dangerous,0.003594,17,26
2026-07-20,dangerous,0.002041,12,13
2026-07-27,dangerous,0.002829,15,27
2026-08-03,dangerous,0.003192,16,20
2026-08-10,dangerous,0.005087,16,23
2026-08-17,dangerous,0.002633,13,15
2026-08-24,dangerous,0.002189,15,21
2026-08-31,dangerous,0.003065,15,25
2026-09-07,dangerous,0.001782,11,16
2026-09-14,dangerous,0.003333,1,1
2025-12-29,dark,0.002707,4,8
2026-01-05,dark,0.003949,12,15
2026-01-12,dark,0.004645,16,22
2026-01-19,dark,0.005205,10,14
2026-01-26,dark,0.001838,9,10
2026-02-02,dark,0.002734,12,16
2026-02-09,dark,0.004199,16,21
2026-02-16,dark,0.002434,13,19
2026-02-23,dark,0.001956,7,13
2026-03-02,dark,0.002080,11,13
2026-03-09,dark,0.002282,12,15
2026-03-16,dark,0.003423,11,18
2026-03-23,dark,0.003181,10,10
2026-03-30,dark,0.003622,9,10
2026-04-06,dark,0.003563,16,24
2026-04-13,dark,0.004109,13,18
2026-04-20,dark,0.002006,14,18
2026-04-27,dark,0.002502,10,19
2026-05-04,dark,0.004568,13,19
2026-05-11,dark,0.002522,11,16
2026-05-18,dark,0.001988,7,9
2026-05-25,dark,0.001157,6,11
2026-06-01,dark,0.002855,9,11
2026-06-08,dark,0.002328,9,11
2026-06-15,dark,0.005215,13,21
2026-06-22,dark,0.001734,12,15
2026-06-29,dark,0.003521,10,12
2026-07-06,dark,0.001261,5,7
2026-07-13,dark,0.003611,16,20
2026-07-20,dark,0.003522,11,17
2026-07-27,dark,0.003648,13,18
2026-08-03,dark,0.002346,10,13
2026-08-10,dark,0.003489,10,13
2026-08-17,dark,0.002640,8,12
2026-08-24,dark,0.004322,18,26
2026-08-31,dark,0.001033,7,10
2026-09-07,dark,0.002144,10,13
2025-12-29,data,0.000725,2,5
2026-01-05,data,0.001118,9,13
2026-01-12,data,0.001264,13,18
2026-01-19,data,0.003437,15,21
2026-01-26,data,0.003252,9,14
2026-02-02,data,0.002290,13,18
2026-02-09,data,0.002682,19,39
2026-02-16,data,0.002232,16,25
2026-02-23,data,0.003688,14,17
2026-03-02,data,0.001186,9,18
2026-03-09,data,0.001974,11,14
2026-03-16,data,0.000826,9,14
2026-03-23,data,0.001284,13,20
2026-03-30,data,0.001359,10,16
2026-04-06,data,0.001981,19,25
2026-04-13,data,0.001240,8,15
2026-04-20,data,0.003607,17,29
2026-04-27,data,0.001326,13,15
2026-05-04,data,0.006695,26,41
2026-05-11,data,0.008422,24,38
2026-05-18,data,0.006596,24,35
2026-05-25,data,0.005669,18,33
2026-06-01,data,0.003864,22,31
2026-06-08,data,0.001575,13,20
2026-06-15,data,0.001575,12,18
2026-06-22,data,0.001989,12,19
2026-06-29,data,0.003318,12,20
2026-07-06,data,0.004814,15,20
2026-07-13,data,0.006064,25,56
2026-07-20,data,0.007021,30,48
2026-07-27,data,0.007111,20,33
2026-08-03,data,0.004600,24,43
2026-08-10,data,0.003610,21,43
2026-08-17,data,0.005823,26,65
2026-08-24,data,0.008659,36,69
2026-08-31,data,0.010838,33,62
2026-09-07,data,0.003168,19,34
2026-09-14,data,0.004951,3,3
2025-12-29,david,0.002935,3,5
2026-01-05,david,0.002715,11,19
2026-01-12,david,0.002972,10,20
2026-01-19,david,0.007142,11,22
2026-01-26,david,0.005079,14,30
2026-02-02,david,0.004738,10,23
2026-02-09,david,0.003470,9,23
2026-02-16,david,0.000995,8,20
2026-02-23,david,0.001967,8,19
2026-03-02,david,0.002282,10,27
2026-03-09,david,0.000752,7,17
2026-03-16,david,0.003508,10,22
2026-03-23,david,0.002813,8,15
2026-03-30,david,0.001297,9,22
2026-04-06,david,0.000685,5,18
2026-04-13,david,0.001809,15,26
2026-04-20,david,0.003664,16,26
2026-04-27,david,0.009430,16,33
2026-05-04,david,0.001771,11,22
2026-05-11,david,0.001435,7,18
2026-05-18,david,0.001636,10,26
2026-05-25,david,0.001361,8,20
2026-06-01,david,0.000939,12,19
2026-06-08,david,0.003628,15,30
2026-06-15,david,0.006283,20,35
2026-06-22,david,0.001894,13,25
2026-06-29,david,0.004453,15,28
2026-07-06,david,0.002505,15,27
2026-07-13,david,0.000755,6,18
2026-07-20,david,0.005200,14,24
2026-07-27,david,0.006785,29,57
2026-08-03,david,0.002759,13,24
2026-08-10,david,0.003495,14,28
2026-08-17,david,0.003986,14,30
2026-08-24,david,0.001405,10,18
2026-08-31,david,0.002782,9,16
2026-09-07,david,0.005881,10,17
2026-09-14,david,0.001818,1,2
2025-12-29,day,0.006739,15,33
2026-01-05,day,0.006300,27,62
2026-01-12,day,0.007090,32,72
2026-01-19,day,0.009071,36,100
2026-01-26,day,0.003229,18,101
2026-02-02,day,0.005067,23,60
2026-02-09,day,0.010138,38,85
2026-02-16,day,0.007059,35,77
2026-02-23,day,0.008423,26,74
2026-03-02,day,0.016747,34,143
2026-03-09,day,0.015879,34,122
2026-03-16,day,0.007911,27,86
2026-03-23,day,0.017274,43,122
2026-03-30,day,0.008162,29,68
2026-04-06,day,0.009558,36,91
2026-04-13,day,0.009162,35,113
2026-04-20,day,0.009571,29,54
2026-04-27,day,0.016426,42,151
2026-05-04,day,0.011559,38,176
2026-05-11,day,0.006770,30,83
2026-05-18,day,0.010446,35,106
2026-05-25,day,0.018888,52,182
2026-06-01,day,0.008566,35,76
2026-06-08,day,0.010907,36,93
2026-06-15,day,0.007991,36,117
2026-06-22,day,0.010472,35,93
2026-06-29,day,0.012232,37,101
2026-07-06,day,0.019138,37,140
2026-07-13,day,0.008320,35,108
2026-07-20,day,0.008214,24,78
2026-07-27,day,0.010493,28,71
2026-08-03,day,0.008654,29,75
2026-08-10,day,0.009376,28,148
2026-08-17,day,0.007493,29,104
2026-08-24,day,0.006791,26,98
2026-08-31,day,0.006884,29,112
2026-09-07,day,0.017114,41,167
2026-09-14,day,0.001818,1,2
2025-12-29,dead,0.004876,16,30
2026-01-05,dead,0.002321,21,44
2026-01-12,dead,0.003986,18,31
2026-01-19,dead,0.003519,21,46
2026-01-26,dead,0.001768,16,29
2026-02-02,dead,0.001397,13,25
2026-02-09,dead,0.002477,21,33
2026-02-16,dead,0.002875,26,51
2026-02-23,dead,0.008515,38,85
2026-03-02,dead,0.003584,26,36
2026-03-09,dead,0.004641,24,43
2026-03-16,dead,0.010158,37,64
2026-03-23,dead,0.003906,21,38
2026-03-30,dead,0.002563,17,23
2026-04-06,dead,0.003487,18,33
2026-04-13,dead,0.004162,26,52
2026-04-20,dead,0.005259,30,47
2026-04-27,dead,0.003437,15,25
2026-05-04,dead,0.004092,24,55
2026-05-11,dead,0.002391,20,38
2026-05-18,dead,0.004584,27,77
2026-05-25,dead,0.005247,23,55
2026-06-01,dead,0.003688,23,44
2026-06-08,dead,0.003468,23,52
2026-06-15,dead,0.001578,16,35
2026-06-22,dead,0.005691,27,61
2026-06-29,dead,0.003100,23,55
2026-07-06,dead,0.012366,43,101
2026-07-13,dead,0.010886,29,65
2026-07-20,dead,0.006611,29,53
2026-07-27,dead,0.005085,27,67
2026-08-03,dead,0.002541,18,36
2026-08-10,dead,0.003604,24,54
2026-08-17,dead,0.003858,25,48
2026-08-24,dead,0.004419,24,63
2026-08-31,dead,0.006139,30,73
2026-09-07,dead,0.006206,25,37
2026-09-14,dead,0.005818,2,3
2025-12-29,deal,0.001412,9,12
2026-01-05,deal,0.001807,20,48
2026-01-12,deal,0.005256,23,62
2026-01-19,deal,0.013291,43,175
2026-01-26,deal,0.005825,30,148
2026-02-02,deal,0.007066,22,221
2026-02-09,deal,0.004325,25,126
2026-02-16,deal,0.004112,23,87
2026-02-23,deal,0.003600,26,58
2026-03-02,deal,0.002959,21,27
2026-03-09,deal,0.003394,23,33
2026-03-16,deal,0.004862,25,41
2026-03-23,deal,0.010902,41,166
2026-03-30,deal,0.005027,25,86
2026-04-06,deal,0.018531,50,204
2026-04-13,deal,0.010655,44,173
2026-04-20,deal,0.005130,34,80
2026-04-27,deal,0.004781,28,82
2026-05-04,deal,0.009427,38,138
2026-05-11,deal,0.005465,29,75
2026-05-18,deal,0.012567,40,169
2026-05-25,deal,0.036929,64,323
2026-06-01,deal,0.006820,37,130
2026-06-08,deal,0.017684,48,262
2026-06-15,deal,0.099153,111,868
2026-06-22,deal,0.011825,40,171
2026-06-29,deal,0.007754,29,62
2026-07-06,deal,0.005135,21,73
2026-07-13,deal,0.002899,26,54
2026-07-20,deal,0.009620,40,118
2026-07-27,deal,0.005576,32,94
2026-08-03,deal,0.013144,39,161
2026-08-10,deal,0.006082,31,86
2026-08-17,deal,0.007081,32,70
2026-08-24,deal,0.005348,29,73
2026-08-31,deal,0.013933,49,130
2026-09-07,deal,0.002535,15,28
2026-09-14,deal,0.013319,5,5
2025-12-29,death,0.003303,11,12
2026-01-05,death,0.005170,24,39
2026-01-12,death,0.004832,30,68
2026-01-19,death,0.005790,29,46
2026-01-26,death,0.007848,28,88
2026-02-02,death,0.001569,18,25
2026-02-09,death,0.004999,26,43
2026-02-16,death,0.004315,24,44
2026-02-23,death,0.007587,30,113
2026-03-02,death,0.006955,34,83
2026-03-09,death,0.007489,34,64
2026-03-16,death,0.008822,36,73
2026-03-23,death,0.005014,24,36
2026-03-30,death,0.008981,29,61
2026-04-06,death,0.004556,24,39
2026-04-13,death,0.003575,22,31
2026-04-20,death,0.004890,23,41
2026-04-27,death,0.002716,13,19
2026-05-04,death,0.005641,27,34
2026-05-11,death,0.004488,18,31
2026-05-18,death,0.004411,25,66
2026-05-25,death,0.004525,22,34
2026-06-01,death,0.006768,31,50
2026-06-08,death,0.004310,22,37
2026-06-15,death,0.003324,19,26
2026-06-22,death,0.005663,28,65
2026-06-29,death,0.002333,19,38
2026-07-06,death,0.011145,42,136
2026-07-13,death,0.017854,55,140
2026-07-20,death,0.005608,29,56
2026-07-27,death,0.004703,26,40
2026-08-03,death,0.003471,17,25
2026-08-10,death,0.002599,19,62
2026-08-17,death,0.009031,31,82
2026-08-24,death,0.005467,31,85
2026-08-31,death,0.004813,27,62
2026-09-07,death,0.006510,30,46
2026-09-14,death,0.001818,1,2
2025-12-29,debate,0.001832,3,5
2026-01-05,debate,0.009941,16,40
2026-01-12,debate,0.015897,23,49
2026-01-19,debate,0.019285,26,42
2026-01-26,debate,0.009067,25,50
2026-02-02,debate,0.009069,15,47
2026-02-09,debate,0.008772,24,53
2026-02-16,debate,0.014549,27,60
2026-02-23,debate,0.012216,18,38
2026-03-02,debate,0.012554,26,37
2026-03-09,debate,0.006035,23,45
2026-03-16,debate,0.003098,19,39
2026-03-23,debate,0.013461,29,60
2026-03-30,debate,0.005931,15,36
2026-04-06,debate,0.009864,20,37
2026-04-13,debate,0.012751,26,60
2026-04-20,debate,0.010024,28,71
2026-04-27,debate,0.020926,29,74
2026-05-04,debate,0.018238,39,74
2026-05-11,debate,0.010770,30,49
2026-05-18,debate,0.005176,20,40
2026-05-25,debate,0.007989,34,56
2026-06-01,debate,0.018098,40,72
2026-06-08,debate,0.009140,29,40
2026-06-15,debate,0.009506,21,43
2026-06-22,debate,0.010254,26,44
2026-06-29,debate,0.011688,24,39
2026-07-06,debate,0.012425,25,45
2026-07-13,debate,0.012139,30,48
2026-07-20,debate,0.010123,26,45
2026-07-27,debate,0.021549,31,92
2026-08-03,debate,0.018644,34,58
2026-08-10,debate,0.028610,44,96
2026-08-17,debate,0.020165,55,97
2026-08-24,debate,0.015516,30,41
2026-08-31,debate,0.010261,21,39
2026-09-07,debate,0.010768,21,42
2026-09-14,debate,0.006920,3,5
2025-12-29,democrat,0.003150,4,7
2026-01-05,democrat,0.007867,19,33
2026-01-12,democrat,0.003532,13,24
2026-01-19,democrat,0.003914,16,20
2026-01-26,democrat,0.008045,20,34
2026-02-02,democrat,0.005624,22,31
2026-02-09,democrat,0.006804,20,31
2026-02-16,democrat,0.005133,17,32
2026-02-23,democrat,0.007604,26,40
2026-03-02,democrat,0.005750,19,31
2026-03-09,democrat,0.004195,13,21
2026-03-16,democrat,0.005654,17,30
2026-03-23,democrat,0.005945,20,43
2026-03-30,democrat,0.007332,15,26
2026-04-06,democrat,0.004478,17,25
2026-04-13,democrat,0.011326,30,48
2026-04-20,democrat,0.007188,25,38
2026-04-27,democrat,0.007939,18,39
2026-05-04,democrat,0.011594,31,53
2026-05-11,democrat,0.009809,31,44
2026-05-18,democrat,0.005629,18,30
2026-05-25,democrat,0.008320,23,42
2026-06-01,democrat,0.009234,23,43
2026-06-08,democrat,0.005181,15,24
2026-06-15,democrat,0.002572,10,11
2026-06-22,democrat,0.007008,24,34
2026-06-29,democrat,0.009122,20,33
2026-07-06,democrat,0.007584,23,36
2026-07-13,democrat,0.007762,17,39
2026-07-20,democrat,0.007458,22,41
2026-07-27,democrat,0.005921,18,25
2026-08-03,democrat,0.008219,27,49
2026-08-10,democrat,0.007036,23,34
2026-08-17,democrat,0.008693,24,35
2026-08-24,democrat,0.007752,22,33
2026-08-31,democrat,0.005668,18,28
2026-09-07,democrat,0.006611,13,22
2025-12-29,democratic,0.002746,6,7
2026-01-05,democratic,0.001290,10,14
2026-01-12,democratic,0.000633,11,16
2026-01-19,democratic,0.002142,12,13
2026-01-26,democratic,0.000966,11,13
2026-02-02,democratic,0.000801,11,14
2026-02-09,democratic,0.001588,11,17
2026-02-16,democratic,0.002184,12,15
2026-02-23,democratic,0.003218,21,41
2026-03-02,democratic,0.002737,16,30
2026-03-09,democratic,0.000300,6,6
2026-03-16,democratic,0.000588,9,15
2026-03-23,democratic,0.002021,7,13
2026-03-30,democratic,0.001583,6,6
2026-04-06,democratic,0.002854,17,27
2026-04-13,democratic,0.001684,15,21
2026-04-20,democratic,0.003159,17,21
2026-04-27,democratic,0.000922,10,14
2026-05-04,democratic,0.003660,12,20
2026-05-11,democratic,0.002832,10,14
2026-05-18,democratic,0.002777,19,26
2026-05-25,democratic,0.002218,9,14
2026-06-01,democratic,0.002199,15,22
2026-06-08,democratic,0.001712,13,22
2026-06-15,democratic,0.002469,10,21
2026-06-22,democratic,0.005902,26,71
2026-06-29,democratic,0.006956,24,56
2026-07-06,democratic,0.004809,21,43
2026-07-13,democratic,0.003866,19,30
2026-07-20,democratic,0.007144,23,42
2026-07-27,democratic,0.008883,21,39
2026-08-03,democratic,0.007397,27,77
2026-08-10,democratic,0.012106,31,66
2026-08-17,democratic,0.004628,19,31
2026-08-24,democratic,0.001461,12,18
2026-08-31,democratic,0.002718,16,29
2026-09-07,democratic,0.001543,13,31
2025-12-29,democrats,0.004577,10,15
2026-01-05,democrats,0.012869,34,72
2026-01-12,democrats,0.010291,29,55
2026-01-19,democrats,0.010815,31,47
2026-01-26,democrats,0.019960,49,106
2026-02-02,democrats,0.013253,42,85
2026-02-09,democrats,0.017107,50,107
2026-02-16,democrats,0.015811,39,90
2026-02-23,democrats,0.023294,62,163
2026-03-02,democrats,0.009687,34,62
2026-03-09,democrats,0.010190,31,53
2026-03-16,democrats,0.009334,31,76
2026-03-23,democrats,0.017991,43,93
2026-03-30,democrats,0.006963,21,43
2026-04-06,democrats,0.011565,35,58
2026-04-13,democrats,0.015844,41,73
2026-04-20,democrats,0.023067,50,99
2026-04-27,democrats,0.014506,41,84
2026-05-04,democrats,0.012253,39,75
2026-05-11,democrats,0.016595,41,83
2026-05-18,democrats,0.015788,39,72
2026-05-25,democrats,0.020658,36,84
2026-06-01,democrats,0.017647,42,92
2026-06-08,democrats,0.013896,30,65
2026-06-15,democrats,0.006309,24,35
2026-06-22,democrats,0.009955,32,71
2026-06-29,democrats,0.008876,34,58
2026-07-06,democrats,0.016484,38,104
2026-07-13,democrats,0.012157,41,82
2026-07-20,democrats,0.015131,40,91
2026-07-27,democrats,0.010112,33,58
2026-08-03,democrats,0.012884,39,73
2026-08-10,democrats,0.017375,46,88
2026-08-17,democrats,0.009711,36,66
2026-08-24,democrats,0.012089,30,50
2026-08-31,democrats,0.008351,29,55
2026-09-07,democrats,0.008234,30,72
2026-09-14,democrats,0.005439,2,3
2025-12-29,dems,0.002842,7,14
2026-01-05,dems,0.004793,16,58
2026-01-12,dems,0.002260,14,43
2026-01-19,dems,0.003130,18,40
2026-01-26,dems,0.005575,24,70
2026-02-02,dems,0.008011,27,55
2026-02-09,dems,0.009100,24,60
2026-02-16,dems,0.004289,19,49
2026-02-23,dems,0.010959,29,90
2026-03-02,dems,0.006252,24,44
2026-03-09,dems,0.004329,15,30
2026-03-16,dems,0.005798,20,63
2026-03-23,dems,0.005732,22,57
2026-03-30,dems,0.001548,11,19
2026-04-06,dems,0.003819,17,31
2026-04-13,dems,0.005032,20,49
2026-04-20,dems,0.008042,26,48
2026-04-27,dems,0.005809,22,41
2026-05-04,dems,0.006961,22,62
2026-05-11,dems,0.006267,22,45
2026-05-18,dems,0.004018,18,34
2026-05-25,dems,0.003533,19,37
2026-06-01,dems,0.005534,22,45
2026-06-08,dems,0.005176,20,45
2026-06-15,dems,0.003470,18,30
2026-06-22,dems,0.005170,24,48
2026-06-29,dems,0.007672,24,61
2026-07-06,dems,0.007918,26,46
2026-07-13,dems,0.005475,23,45
2026-07-20,dems,0.008321,20,58
2026-07-27,dems,0.007386,19,33
2026-08-03,dems,0.005151,19,50
2026-08-10,dems,0.007372,24,51
2026-08-17,dems,0.006234,22,42
2026-08-24,dems,0.007123,21,40
2026-08-31,dems,0.005024,25,41
2026-09-07,dems,0.004489,22,31
2026-09-14,dems,0.006105,2,2
2025-12-29,destiny,0.000065,1,5
2026-01-05,destiny,0.001582,1,4
2026-01-12,destiny,0.002881,2,4
2026-01-19,destiny,0.006272,2,6
2026-01-26,destiny,0.004368,4,7
2026-02-02,destiny,0.001877,2,5
2026-02-09,destiny,0.001726,3,4
2026-02-16,destiny,0.004463,4,9
2026-02-23,destiny,0.001888,3,3
2026-03-02,destiny,0.002157,2,3
2026-03-09,destiny,0.002320,3,4
2026-03-16,destiny,0.000537,2,2
2026-03-23,destiny,0.000975,1,3
2026-03-30,destiny,0.001034,2,3
2026-04-06,destiny,0.003784,4,9
2026-04-13,destiny,0.000172,2,3
2026-04-20,destiny,0.001715,2,5
2026-04-27,destiny,0.007006,5,11
2026-05-04,destiny,0.004700,4,7
2026-05-11,destiny,0.003335,4,11
2026-05-18,destiny,0.004653,4,9
2026-05-25,destiny,0.006229,5,11
2026-06-01,destiny,0.004317,2,7
2026-06-08,destiny,0.006976,6,14
2026-06-15,destiny,0.007113,3,12
2026-06-22,destiny,0.001916,1,5
2026-06-29,destiny,0.006300,4,7
2026-07-06,destiny,0.006084,5,11
2026-07-13,destiny,0.003060,2,6
2026-07-20,destiny,0.010657,6,17
2026-07-27,destiny,0.008294,6,14
2026-08-03,destiny,0.008206,4,13
2026-08-10,destiny,0.008130,5,11
2026-08-17,destiny,0.003665,4,8
2026-08-24,destiny,0.008036,7,12
2026-08-31,destiny,0.005060,3,8
2026-09-07,destiny,0.008177,4,13
2025-12-29,destroy,0.001240,3,5
2026-01-05,destroy,0.001658,5,6
2026-01-12,destroy,0.005470,14,14
2026-01-19,destroy,0.000774,5,5
2026-01-26,destroy,0.001776,8,10
2026-02-02,destroy,0.001847,7,11
2026-02-09,destroy,0.004902,12,12
2026-02-16,destroy,0.003121,10,13
2026-02-23,destroy,0.003017,12,15
2026-03-02,destroy,0.003451,17,20
2026-03-09,destroy,0.002785,11,13
2026-03-16,destroy,0.003227,9,10
2026-03-23,destroy,0.002934,12,16
2026-03-30,destroy,0.001813,9,18
2026-04-06,destroy,0.004478,14,17
2026-04-13,destroy,0.002065,10,13
2026-04-20,destroy,0.001585,8,9
2026-04-27,destroy,0.004360,10,14
2026-05-04,destroy,0.002083,7,8
2026-05-11,destroy,0.002292,11,11
2026-05-18,destroy,0.004105,15,16
2026-05-25,destroy,0.004209,14,20
2026-06-01,destroy,0.001589,7,7
2026-06-08,destroy,0.004070,12,15
2026-06-15,destroy,0.001965,9,11
2026-06-22,destroy,0.003637,13,16
2026-06-29,destroy,0.002006,8,8
2026-07-06,destroy,0.001505,12,12
2026-07-13,destroy,0.002613,10,12
2026-07-20,destroy,0.002523,17,23
2026-07-27,destroy,0.006765,15,18
2026-08-03,destroy,0.002056,10,13
2026-08-10,destroy,0.001681,10,14
2026-08-17,destroy,0.002105,11,18
2026-08-24,destroy,0.002357,14,19
2026-08-31,destroy,0.001708,7,9
2026-09-07,destroy,0.002454,13,18
2025-12-29,destroyed,0.001554,6,7
2026-01-05,destroyed,0.003008,13,13
2026-01-12,destroyed,0.003205,10,11
2026-01-19,destroyed,0.002127,9,10
2026-01-26,destroyed,0.002817,9,12
2026-02-02,destroyed,0.003941,13,14
2026-02-09,destroyed,0.002910,10,15
2026-02-16,destroyed,0.005884,14,18
2026-02-23,destroyed,0.002627,10,12
2026-03-02,destroyed,0.003153,16,25
2026-03-09,destroyed,0.003721,17,23
2026-03-16,destroyed,0.003583,9,13
2026-03-23,destroyed,0.001926,14,23
2026-03-30,destroyed,0.004697,20,34
2026-04-06,destroyed,0.005204,16,28
2026-04-13,destroyed,0.004487,13,21
2026-04-20,destroyed,0.001066,8,13
2026-04-27,destroyed,0.003070,14,17
2026-05-04,destroyed,0.003131,16,20
2026-05-11,destroyed,0.004223,16,20
2026-05-18,destroyed,0.004161,13,15
2026-05-25,destroyed,0.004733,15,17
2026-06-01,destroyed,0.005950,17,21
2026-06-08,destroyed,0.003965,15,17
2026-06-15,destroyed,0.004762,17,21
2026-06-22,destroyed,0.004195,17,24
2026-06-29,destroyed,0.004815,16,19
2026-07-06,destroyed,0.002235,9,12
2026-07-13,destroyed,0.001417,8,11
2026-07-20,destroyed,0.005041,13,21
2026-07-27,destroyed,0.003393,14,20
2026-08-03,destroyed,0.005011,19,26
2026-08-10,destroyed,0.006926,14,24
2026-08-17,destroyed,0.005456,20,25
2026-08-24,destroyed,0.003386,18,24
2026-08-31,destroyed,0.002296,8,9
2026-09-07,destroyed,0.005983,20,27
2026-09-14,destroyed,0.000741,1,1
2025-12-29,destroys,0.002222,2,3
2026-01-05,destroys,0.006348,14,18
2026-01-12,destroys,0.005773,15,18
2026-01-19,destroys,0.002571,11,18
2026-01-26,destroys,0.005293,17,18
2026-02-02,destroys,0.004176,15,21
2026-02-09,destroys,0.002623,10,18
2026-02-16,destroys,0.002267,10,12
2026-02-23,destroys,0.003805,13,15
2026-03-02,destroys,0.006442,17,27
2026-03-09,destroys,0.004856,17,22
2026-03-16,destroys,0.005470,14,19
2026-03-23,destroys,0.004277,14,18
2026-03-30,destroys,0.001937,7,15
2026-04-06,destroys,0.006071,16,23
2026-04-13,destroys,0.002175,12,13
2026-04-20,destroys,0.003892,15,17
2026-04-27,destroys,0.002908,7,10
2026-05-04,destroys,0.004522,16,19
2026-05-11,destroys,0.003257,9,17
2026-05-18,destroys,0.006467,18,23
2026-05-25,destroys,0.007059,19,26
2026-06-01,destroys,0.003772,17,27
2026-06-08,destroys,0.003746,16,23
2026-06-15,destroys,0.002357,7,10
2026-06-22,destroys,0.002720,10,16
2026-06-29,destroys,0.003165,8,14
2026-07-06,destroys,0.004645,16,21
2026-07-13,destroys,0.004249,14,21
2026-07-20,destroys,0.009434,25,32
2026-07-27,destroys,0.007097,17,25
2026-08-03,destroys,0.005161,20,26
2026-08-10,destroys,0.005293,12,20
2026-08-17,destroys,0.002727,9,15
2026-08-24,destroys,0.001981,11,19
2026-08-31,destroys,0.004266,8,15
2026-09-07,destroys,0.003222,13,24
2026-09-14,destroys,0.003064,3,3
2025-12-29,die,0.000368,3,3
2026-01-05,die,0.000467,4,4
2026-01-12,die,0.001269,7,7
2026-01-19,die,0.000113,2,2
2026-01-26,die,0.001490,5,8
2026-02-02,die,0.001540,8,9
2026-02-09,die,0.001424,5,5
2026-02-16,die,0.000201,2,2
2026-02-23,die,0.001239,9,9
2026-03-02,die,0.001208,6,10
2026-03-09,die,0.002118,10,10
2026-03-16,die,0.000851,4,5
2026-03-23,die,0.000567,7,9
2026-03-30,die,0.001292,4,5
2026-04-06,die,0.007583,36,51
2026-04-13,die,0.000397,4,4
2026-04-20,die,0.001337,6,7
2026-04-27,die,0.002073,5,5
2026-05-04,die,0.002108,6,6
2026-05-11,die,0.001213,6,7
2026-05-18,die,0.001832,5,9
2026-05-25,die,0.001371,8,10
2026-06-01,die,0.004852,8,9
2026-06-08,die,0.001410,5,6
2026-06-15,die,0.000796,2,3
2026-06-22,die,0.001711,7,8
2026-06-29,die,0.002344,9,10
2026-07-06,die,0.001719,7,7
2026-07-13,die,0.001398,6,7
2026-07-20,die,0.000940,5,6
2026-07-27,die,0.001594,10,14
2026-08-03,die,0.001014,6,7
2026-08-10,die,0.000804,5,6
2026-08-17,die,0.000216,5,5
2026-08-24,die,0.004300,10,11
2026-08-31,die,0.002306,7,8
2026-09-07,die,0.001927,6,9
2025-12-29,disaster,0.007427,7,16
2026-01-05,disaster,0.004810,18,26
2026-01-12,disaster,0.004309,16,24
2026-01-19,disaster,0.002703,20,26
2026-01-26,disaster,0.005398,19,29
2026-02-02,disaster,0.007590,22,30
2026-02-09,disaster,0.006427,21,37
2026-02-16,disaster,0.005396,18,33
2026-02-23,disaster,0.004946,17,31
2026-03-02,disaster,0.006371,23,35
2026-03-09,disaster,0.005248,21,36
2026-03-16,disaster,0.006069,20,36
2026-03-23,disaster,0.005513,21,34
2026-03-30,disaster,0.008367,25,37
2026-04-06,disaster,0.004185,19,31
2026-04-13,disaster,0.003580,16,27
2026-04-20,disaster,0.003549,20,26
2026-04-27,disaster,0.005596,23,28
2026-05-04,disaster,0.004081,18,27
2026-05-11,disaster,0.007027,26,39
2026-05-18,disaster,0.002798,18,27
2026-05-25,disaster,0.007231,28,46
2026-06-01,disaster,0.003790,17,29
2026-06-08,disaster,0.008322,23,38
2026-06-15,disaster,0.009820,30,49
2026-06-22,disaster,0.008880,28,51
2026-06-29,disaster,0.007009,30,45
2026-07-06,disaster,0.006266,23,34
2026-07-13,disaster,0.004713,20,37
2026-07-20,disaster,0.004231,18,37
2026-07-27,disaster,0.002906,18,30
2026-08-03,disaster,0.003948,22,31
2026-08-10,disaster,0.004933,23,36
2026-08-17,disaster,0.006074,24,36
2026-08-24,disaster,0.005732,29,58
2026-08-31,disaster,0.002932,18,39
2026-09-07,disaster,0.005301,20,27
2026-09-14,disaster,0.004846,3,4
2025-12-29,doesn't,0.000123,1,3
2026-01-05,doesn't,0.004035,15,18
2026-01-12,doesn't,0.003188,15,20
2026-01-19,doesn't,0.001447,13,24
2026-01-26,doesn't,0.002665,19,25
2026-02-02,doesn't,0.005253,21,27
2026-02-09,doesn't,0.007336,23,34
2026-02-16,doesn't,0.005665,18,27
2026-02-23,doesn't,0.002384,11,18
2026-03-02,doesn't,0.003277,19,22
2026-03-09,doesn't,0.001953,18,28
2026-03-16,doesn't,0.003379,20,23
2026-03-23,doesn't,0.002463,17,20
2026-03-30,doesn't,0.004485,22,27
2026-04-06,doesn't,0.005192,19,27
2026-04-13,doesn't,0.004930,20,28
2026-04-20,doesn't,0.002815,11,14
2026-04-27,doesn't,0.006033,20,25
2026-05-04,doesn't,0.003435,18,23
2026-05-11,doesn't,0.008316,23,38
2026-05-18,doesn't,0.005756,11,16
2026-05-25,doesn't,0.005648,12,20
2026-06-01,doesn't,0.005569,23,30
2026-06-08,doesn't,0.001750,9,10
2026-06-15,doesn't,0.003345,20,27
2026-06-22,doesn't,0.004252,16,21
2026-06-29,doesn't,0.004071,16,18
2026-07-06,doesn't,0.007415,22,30
2026-07-13,doesn't,0.002426,16,26
2026-07-20,doesn't,0.003260,17,23
2026-07-27,doesn't,0.005485,14,19
2026-08-03,doesn't,0.001022,12,15
2026-08-10,doesn't,0.001485,9,12
2026-08-17,doesn't,0.003324,17,25
2026-08-24,doesn't,0.003601,17,22
2026-08-31,doesn't,0.002875,15,18
2026-09-07,doesn't,0.003727,14,15
2025-12-29,doj,0.009359,11,23
2026-01-05,doj,0.007937,20,41
2026-01-12,doj,0.014444,39,147
2026-01-19,doj,0.020317,42,120
2026-01-26,doj,0.010364,29,106
2026-02-02,doj,0.011543,32,86
2026-02-09,doj,0.011595,36,124
2026-02-16,doj,0.008070,24,57
2026-02-23,doj,0.008912,33,80
2026-03-02,doj,0.008667,18,42
2026-03-09,doj,0.007129,22,52
2026-03-16,doj,0.005493,16,33
2026-03-23,doj,0.007515,19,49
2026-03-30,doj,0.006100,22,50
2026-04-06,doj,0.004895,22,45
2026-04-13,doj,0.007124,23,39
2026-04-20,doj,0.015567,41,100
2026-04-27,doj,0.016379,39,110
2026-05-04,doj,0.007414,27,51
2026-05-11,doj,0.003710,18,26
2026-05-18,doj,0.010712,35,136
2026-05-25,doj,0.010336,35,93
2026-06-01,doj,0.007099,30,75
2026-06-08,doj,0.007087,25,51
2026-06-15,doj,0.012029,35,83
2026-06-22,doj,0.007348,23,55
2026-06-29,doj,0.006348,20,37
2026-07-06,doj,0.009786,25,54
2026-07-13,doj,0.003113,18,40
2026-07-20,doj,0.004770,19,41
2026-07-27,doj,0.004856,18,46
2026-08-03,doj,0.006125,22,49
2026-08-10,doj,0.007781,21,55
2026-08-17,doj,0.008637,25,51
2026-08-24,doj,0.004207,15,26
2026-08-31,doj,0.006494,15,25
2026-09-07,doj,0.001808,13,22
2025-12-29,don,0.001606,2,6
2026-01-05,don,0.000275,1,1
2026-01-12,don,0.001287,5,8
2026-01-19,don,0.034579,48,121
2026-01-26,don,0.041563,77,202
2026-02-02,don,0.017901,33,63
2026-02-09,don,0.005530,21,36
2026-02-16,don,0.001324,6,6
2026-02-23,don,0.002592,10,11
2026-03-02,don,0.001093,3,6
2026-03-09,don,0.000492,5,5
2026-03-16,don,0.002444,7,12
2026-03-23,don,0.003827,8,11
2026-03-30,don,0.003056,8,9
2026-04-06,don,0.001670,6,6
2026-04-13,don,0.000499,3,3
2026-04-20,don,0.000525,1,2
2026-04-27,don,0.001906,5,5
2026-05-04,don,0.001641,6,9
2026-05-11,don,0.001485,5,7
2026-05-18,don,0.001777,9,12
2026-05-25,don,0.003223,9,12
2026-06-01,don,0.000857,5,7
2026-06-08,don,0.003159,9,11
2026-06-15,don,0.003363,7,12
2026-06-22,don,0.001838,6,8
2026-06-29,don,0.000992,1,3
2026-07-06,don,0.001605,4,7
2026-07-13,don,0.000298,2,2
2026-07-20,don,0.001463,5,7
2026-07-27,don,0.001829,5,8
2026-08-03,don,0.003065,4,10
2026-08-10,don,0.001200,3,4
2026-08-17,don,0.001303,3,5
2026-08-24,don,0.001137,6,9
2026-08-31,don,0.000839,4,4
2026-09-07,don,0.001227,2,4
2025-12-29,don't,0.003541,8,15
2026-01-05,don't,0.006931,23,39
2026-01-12,don't,0.006152,21,49
2026-01-19,don't,0.007184,31,49
2026-01-26,don't,0.003751,19,33
2026-02-02,don't,0.003830,23,45
2026-02-09,don't,0.004208,25,45
2026-02-16,don't,0.006297,24,35
2026-02-23,don't,0.008220,28,46
2026-03-02,don't,0.005482,26,37
2026-03-09,don't,0.010318,29,51
2026-03-16,don't,0.006572,29,52
2026-03-23,don't,0.005026,29,46
2026-03-30,don't,0.007494,26,41
2026-04-06,don't,0.005695,27,41
2026-04-13,don't,0.004059,22,42
2026-04-20,don't,0.005485,23,38
2026-04-27,don't,0.004425,18,27
2026-05-04,don't,0.004565,26,35
2026-05-11,don't,0.009069,27,53
2026-05-18,don't,0.005198,19,41
2026-05-25,don't,0.007299,28,39
2026-06-01,don't,0.007343,21,39
2026-06-08,don't,0.003943,19,30
2026-06-15,don't,0.007002,26,42
2026-06-22,don't,0.007159,23,50
2026-06-29,don't,0.007427,23,36
2026-07-06,don't,0.004119,18,29
2026-07-13,don't,0.006039,19,35
2026-07-20,don't,0.008225,26,35
2026-07-27,don't,0.006233,28,42
2026-08-03,don't,0.004447,14,22
2026-08-10,don't,0.004999,16,33
2026-08-17,don't,0.004076,17,33
2026-08-24,don't,0.006134,22,49
2026-08-31,don't,0.006077,22,35
2026-09-07,don't,0.007371,25,45
2026-09-14,don't,0.000519,1,1
2025-12-29,donald,0.017407,13,23
2026-01-05,donald,0.007020,17,56
2026-01-12,donald,0.006551,21,62
2026-01-19,donald,0.009292,24,89
2026-01-26,donald,0.012023,24,76
2026-02-02,donald,0.010135,15,72
2026-02-09,donald,0.004058,13,39
2026-02-16,donald,0.009079,24,84
2026-02-23,donald,0.009414,26,81
2026-03-02,donald,0.009170,19,74
2026-03-09,donald,0.006499,22,56
2026-03-16,donald,0.008268,18,53
2026-03-23,donald,0.011691,23,95
2026-03-30,donald,0.008045,23,61
2026-04-06,donald,0.011156,25,71
2026-04-13,donald,0.012876,26,72
2026-04-20,donald,0.006376,20,66
2026-04-27,donald,0.005089,21,61
2026-05-04,donald,0.005717,18,38
2026-05-11,donald,0.007607,19,77
2026-05-18,donald,0.008589,22,63
2026-05-25,donald,0.009444,19,48
2026-06-01,donald,0.005138,21,38
2026-06-08,donald,0.009511,20,53
2026-06-15,donald,0.010183,21,65
2026-06-22,donald,0.005532,14,32
2026-06-29,donald,0.009327,18,41
2026-07-06,donald,0.008153,20,58
2026-07-13,donald,0.008328,18,41
2026-07-20,donald,0.005119,18,38
2026-07-27,donald,0.006331,16,48
2026-08-03,donald,0.006477,10,34
2026-08-10,donald,0.003861,15,39
2026-08-17,donald,0.003795,15,35
2026-08-24,donald,0.002928,11,17
2026-08-31,donald,0.003097,14,34
2026-09-07,donald,0.007003,21,61
2026-09-14,donald,0.008545,3,5
2025-12-29,dr,0.004491,10,14
2026-01-05,dr,0.003350,17,28
2026-01-12,dr,0.005431,19,30
2026-01-19,dr,0.007909,20,41
2026-01-26,dr,0.006617,18,42
2026-02-02,dr,0.006530,21,45
2026-02-09,dr,0.004754,14,28
2026-02-16,dr,0.003659,11,26
2026-02-23,dr,0.009029,22,43
2026-03-02,dr,0.004499,16,34
2026-03-09,dr,0.003753,16,33
2026-03-16,dr,0.002396,12,24
2026-03-23,dr,0.005173,12,25
2026-03-30,dr,0.003626,15,32
2026-04-06,dr,0.002634,12,29
2026-04-13,dr,0.005387,23,44
2026-04-20,dr,0.005335,18,44
2026-04-27,dr,0.004595,20,34
2026-05-04,dr,0.005738,22,42
2026-05-11,dr,0.011337,30,73
2026-05-18,dr,0.005041,25,53
2026-05-25,dr,0.003557,13,30
2026-06-01,dr,0.010283,37,73
2026-06-08,dr,0.004732,18,38
2026-06-15,dr,0.006586,24,45
2026-06-22,dr,0.006770,19,46
2026-06-29,dr,0.003550,17,39
2026-07-06,dr,0.006006,18,37
2026-07-13,dr,0.006409,23,38
2026-07-20,dr,0.007143,19,40
2026-07-27,dr,0.019871,48,146
2026-08-03,dr,0.009932,29,55
2026-08-10,dr,0.010108,24,52
2026-08-17,dr,0.007369,23,44
2026-08-24,dr,0.005997,18,39
2026-08-31,dr,0.004335,16,31
2026-09-07,dr,0.005390,19,32
2026-09-14,dr,0.003818,2,2
2025-12-29,drops,0.002539,6,10
2026-01-05,drops,0.009625,34,59
2026-01-12,drops,0.003630,18,34
2026-01-19,drops,0.007798,28,46
2026-01-26,drops,0.006500,29,59
2026-02-02,drops,0.007948,24,56
2026-02-09,drops,0.003249,19,44
2026-02-16,drops,0.005811,22,44
2026-02-23,drops,0.004078,18,38
2026-03-02,drops,0.004873,18,42
2026-03-09,drops,0.003476,14,34
2026-03-16,drops,0.005948,23,43
2026-03-23,drops,0.004425,20,36
2026-03-30,drops,0.004658,19,53
2026-04-06,drops,0.008390,28,52
2026-04-13,drops,0.005438,22,55
2026-04-20,drops,0.007434,31,60
2026-04-27,drops,0.008921,32,65
2026-05-04,drops,0.005840,26,45
2026-05-11,drops,0.002993,19,39
2026-05-18,drops,0.006580,27,56
2026-05-25,drops,0.004326,20,39
2026-06-01,drops,0.003683,23,46
2026-06-08,drops,0.004169,19,31
2026-06-15,drops,0.004075,20,44
2026-06-22,drops,0.005443,20,47
2026-06-29,drops,0.005436,22,51
2026-07-06,drops,0.013619,40,71
2026-07-13,drops,0.005815,27,63
2026-07-20,drops,0.004227,21,48
2026-07-27,drops,0.005261,23,50
2026-08-03,drops,0.003199,18,44
2026-08-10,drops,0.005598,15,36
2026-08-17,drops,0.003436,13,28
2026-08-24,drops,0.004768,16,44
2026-08-31,drops,0.002530,15,31
2026-09-07,drops,0.001910,16,31
2026-09-14,drops,0.001212,1,1
2026-02-23,dsa,0.000127,1,1
2026-03-16,dsa,0.000850,1,1
2026-03-30,dsa,0.000143,1,1
2026-04-06,dsa,0.001283,2,2
2026-06-08,dsa,0.001356,3,4
2026-06-15,dsa,0.000122,1,1
2026-06-22,dsa,0.006546,14,33
2026-06-29,dsa,0.006352,15,27
2026-07-06,dsa,0.001461,5,8
2026-07-13,dsa,0.007473,15,26
2026-07-20,dsa,0.006516,14,25
2026-07-27,dsa,0.007422,16,35
2026-08-03,dsa,0.009031,20,33
2026-08-10,dsa,0.014643,22,42
2026-08-17,dsa,0.007459,17,46
2026-08-24,dsa,0.006046,9,16
2026-08-31,dsa,0.003145,8,13
2026-09-07,dsa,0.001615,7,11
2025-12-29,east,0.000608,3,3
2026-01-05,east,0.000393,5,9
2026-01-12,east,0.001476,15,27
2026-01-19,east,0.000704,11,26
2026-01-26,east,0.001300,15,32
2026-02-02,east,0.000842,12,30
2026-02-09,east,0.000413,9,15
2026-02-16,east,0.002966,22,43
2026-02-23,east,0.007820,34,101
2026-03-02,east,0.011723,39,227
2026-03-09,east,0.005891,29,146
2026-03-16,east,0.006270,28,128
2026-03-23,east,0.006822,31,112
2026-03-30,east,0.001727,16,63
2026-04-06,east,0.001950,18,49
2026-04-13,east,0.002108,17,43
2026-04-20,east,0.003731,21,46
2026-04-27,east,0.000859,9,22
2026-05-04,east,0.002235,19,44
2026-05-11,east,0.000490,8,18
2026-05-18,east,0.000976,10,25
2026-05-25,east,0.000545,8,16
2026-06-01,east,0.001508,16,25
2026-06-08,east,0.000968,12,28
2026-06-15,east,0.004161,20,40
2026-06-22,east,0.002535,14,24
2026-06-29,east,0.001578,11,24
2026-07-06,east,0.000765,12,25
2026-07-13,east,0.003953,20,36
2026-07-20,east,0.004422,23,49
2026-07-27,east,0.001400,16,41
2026-08-03,east,0.001499,11,21
2026-08-10,east,0.001950,16,33
2026-08-17,east,0.003267,16,30
2026-08-24,east,0.001110,9,22
2026-08-31,east,0.002993,18,33
2026-09-07,east,0.003018,18,26
2026-09-14,east,0.003317,2,3
2025-12-29,economic,0.001114,6,10
2026-01-05,economic,0.004014,14,24
2026-01-12,economic,0.004379,26,46
2026-01-19,economic,0.014491,41,171
2026-01-26,economic,0.003012,18,32
2026-02-02,economic,0.000925,12,17
2026-02-09,economic,0.004432,13,30
2026-02-16,economic,0.001451,19,33
2026-02-23,economic,0.002914,17,26
2026-03-02,economic,0.001681,15,23
2026-03-09,economic,0.004837,25,42
2026-03-16,economic,0.002896,16,25
2026-03-23,economic,0.002421,12,22
2026-03-30,economic,0.002006,13,17
2026-04-06,economic,0.002015,13,20
2026-04-13,economic,0.005178,23,39
2026-04-20,economic,0.002151,16,22
2026-04-27,economic,0.001608,15,21
2026-05-04,economic,0.002482,18,27
2026-05-11,economic,0.001891,15,30
2026-05-18,economic,0.004831,21,27
2026-05-25,economic,0.003445,18,27
2026-06-01,economic,0.003588,19,46
2026-06-08,economic,0.001324,12,19
2026-06-15,economic,0.002401,16,19
2026-06-22,economic,0.001323,8,10
2026-06-29,economic,0.001957,12,20
2026-07-06,economic,0.001769,7,8
2026-07-13,economic,0.000808,8,10
2026-07-20,economic,0.002036,14,21
2026-07-27,economic,0.003739,14,21
2026-08-03,economic,0.003272,17,29
2026-08-10,economic,0.004575,22,36
2026-08-17,economic,0.010890,36,103
2026-08-24,economic,0.014485,43,139
2026-08-31,economic,0.003834,16,41
2026-09-07,economic,0.005649,19,38
2025-12-29,economy,0.003850,10,12
2026-01-05,economy,0.003331,16,32
2026-01-12,economy,0.003874,22,33
2026-01-19,economy,0.005585,26,43
2026-01-26,economy,0.001604,16,37
2026-02-02,economy,0.002527,20,31
2026-02-09,economy,0.001891,20,30
2026-02-16,economy,0.004083,24,37
2026-02-23,economy,0.003249,21,43
2026-03-02,economy,0.004023,27,41
2026-03-09,economy,0.009360,34,52
2026-03-16,economy,0.005536,26,45
2026-03-23,economy,0.005324,24,30
2026-03-30,economy,0.005630,24,35
2026-04-06,economy,0.001787,18,27
2026-04-13,economy,0.008886,29,76
2026-04-20,economy,0.007468,12,33
2026-04-27,economy,0.004335,24,38
2026-05-04,economy,0.009773,31,45
2026-05-11,economy,0.005702,28,49
2026-05-18,economy,0.003824,18,31
2026-05-25,economy,0.003946,20,38
2026-06-01,economy,0.006123,28,54
2026-06-08,economy,0.002785,18,23
2026-06-15,economy,0.001655,16,22
2026-06-22,economy,0.006531,21,28
2026-06-29,economy,0.002025,14,17
2026-07-06,economy,0.002805,16,20
2026-07-13,economy,0.002821,17,27
2026-07-20,economy,0.001814,14,22
2026-07-27,economy,0.006976,22,26
2026-08-03,economy,0.003831,26,51
2026-08-10,economy,0.002552,19,28
2026-08-17,economy,0.004994,27,47
2026-08-24,economy,0.004218,22,34
2026-08-31,economy,0.006522,27,39
2026-09-07,economy,0.002978,20,34
2026-01-12,el-sayed,0.001062,1,1
2026-01-19,el-sayed,0.000024,1,1
2026-03-02,el-sayed,0.000588,1,1
2026-03-30,el-sayed,0.000046,1,1
2026-04-06,el-sayed,0.000997,3,8
2026-04-13,el-sayed,0.000785,2,2
2026-04-20,el-sayed,0.000706,2,2
2026-04-27,el-sayed,0.001231,3,4
2026-05-11,el-sayed,0.000192,2,2
2026-05-25,el-sayed,0.001317,3,3
2026-06-01,el-sayed,0.000388,2,3
2026-06-08,el-sayed,0.000087,1,1
2026-06-15,el-sayed,0.000021,1,1
2026-06-29,el-sayed,0.000794,5,10
2026-07-06,el-sayed,0.002590,7,12
2026-07-13,el-sayed,0.003238,8,14
2026-07-20,el-sayed,0.002113,8,9
2026-07-27,el-sayed,0.007580,17,27
2026-08-03,el-sayed,0.035043,60,233
2026-08-10,el-sayed,0.013047,35,67
2026-08-17,el-sayed,0.003225,14,24
2026-08-24,el-sayed,0.010038,28,60
2026-08-31,el-sayed,0.010696,31,65
2026-09-07,el-sayed,0.002059,14,24
2025-12-29,election,0.002145,5,5
2026-01-05,election,0.002679,13,20
2026-01-12,election,0.005133,20,46
2026-01-19,election,0.003065,21,44
2026-01-26,election,0.009733,37,73
2026-02-02,election,0.016504,45,139
2026-02-09,election,0.008547,37,124
2026-02-16,election,0.005973,31,71
2026-02-23,election,0.005871,27,45
2026-03-02,election,0.008635,35,77
2026-03-09,election,0.008396,35,77
2026-03-16,election,0.010583,35,60
2026-03-23,election,0.006053,29,67
2026-03-30,election,0.005663,24,54
2026-04-06,election,0.006087,33,121
2026-04-13,election,0.008888,31,108
2026-04-20,election,0.009080,37,96
2026-04-27,election,0.006240,18,56
2026-05-04,election,0.012535,38,137
2026-05-11,election,0.006671,33,50
2026-05-18,election,0.017889,46,105
2026-05-25,election,0.004775,26,55
2026-06-01,election,0.016206,44,102
2026-06-08,election,0.021261,50,118
2026-06-15,election,0.006884,26,55
2026-06-22,election,0.016488,44,92
2026-06-29,election,0.010292,30,54
2026-07-06,election,0.009000,34,80
2026-07-13,election,0.036201,73,256
2026-07-20,election,0.011890,37,80
2026-07-27,election,0.006335,27,53
2026-08-03,election,0.016988,40,79
2026-08-10,election,0.014506,52,100
2026-08-17,election,0.011350,36,85
2026-08-24,election,0.009812,26,55
2026-08-31,election,0.010649,34,68
2026-09-07,election,0.009904,44,90
2026-09-14,election,0.010404,6,6
2025-12-29,elections,0.001160,5,7
2026-01-05,elections,0.001935,10,16
2026-01-12,elections,0.002508,17,37
2026-01-19,elections,0.002015,9,12
2026-01-26,elections,0.002216,15,30
2026-02-02,elections,0.013277,40,89
2026-02-09,elections,0.004466,21,62
2026-02-16,elections,0.004587,20,37
2026-02-23,elections,0.001999,16,24
2026-03-02,elections,0.002089,14,31
2026-03-09,elections,0.002751,15,22
2026-03-16,elections,0.004345,18,46
2026-03-23,elections,0.003544,20,36
2026-03-30,elections,0.001923,9,59
2026-04-06,elections,0.003433,13,43
2026-04-13,elections,0.002907,9,26
2026-04-20,elections,0.001356,11,39
2026-04-27,elections,0.001514,13,38
2026-05-04,elections,0.007451,28,74
2026-05-11,elections,0.001945,17,20
2026-05-18,elections,0.002139,13,17
2026-05-25,elections,0.002338,12,14
2026-06-01,elections,0.004881,27,42
2026-06-08,elections,0.009646,27,37
2026-06-15,elections,0.001636,9,16
2026-06-22,elections,0.007210,26,37
2026-06-29,elections,0.004264,16,22
2026-07-06,elections,0.002949,9,17
2026-07-13,elections,0.006823,33,65
2026-07-20,elections,0.003022,19,26
2026-07-27,elections,0.002844,17,22
2026-08-03,elections,0.003019,16,28
2026-08-10,elections,0.003292,21,27
2026-08-17,elections,0.004694,21,35
2026-08-24,elections,0.002314,19,25
2026-08-31,elections,0.003009,17,38
2026-09-07,elections,0.004183,17,31
2026-09-14,elections,0.002000,1,1
2025-12-29,elon,0.015741,16,24
2026-01-05,elon,0.002826,12,13
2026-01-12,elon,0.008401,30,49
2026-01-19,elon,0.003862,26,48
2026-01-26,elon,0.005081,17,29
2026-02-02,elon,0.010021,30,62
2026-02-09,elon,0.000677,8,9
2026-02-16,elon,0.001954,10,12
2026-02-23,elon,0.002565,7,8
2026-03-02,elon,0.000608,5,5
2026-03-09,elon,0.001110,4,6
2026-03-16,elon,0.001942,11,14
2026-03-23,elon,0.001745,11,14
2026-03-30,elon,0.001592,5,7
2026-04-06,elon,0.000661,6,7
2026-04-13,elon,0.001389,6,8
2026-04-20,elon,0.001354,8,10
2026-04-27,elon,0.001842,17,32
2026-05-04,elon,0.001160,10,10
2026-05-11,elon,0.002922,22,42
2026-05-18,elon,0.008244,34,59
2026-05-25,elon,0.003501,11,16
2026-06-01,elon,0.003919,15,22
2026-06-08,elon,0.015972,50,94
2026-06-15,elon,0.014505,31,47
2026-06-22,elon,0.009226,26,43
2026-06-29,elon,0.006355,14,20
2026-07-06,elon,0.003712,12,18
2026-07-13,elon,0.002317,8,11
2026-07-20,elon,0.010523,27,43
2026-07-27,elon,0.009130,29,49
2026-08-03,elon,0.004777,19,28
2026-08-10,elon,0.001791,7,9
2026-08-17,elon,0.001544,9,16
2026-08-24,elon,0.001057,7,10
2026-08-31,elon,0.001503,12,16
2026-09-07,elon,0.006035,16,27
2025-12-29,end,0.006989,17,25
2026-01-05,end,0.010894,32,51
2026-01-12,end,0.008812,24,38
2026-01-19,end,0.005511,24,44
2026-01-26,end,0.004613,26,42
2026-02-02,end,0.007923,34,69
2026-02-09,end,0.008312,38,63
2026-02-16,end,0.005258,26,42
2026-02-23,end,0.003395,24,33
2026-03-02,end,0.008106,35,48
2026-03-09,end,0.011568,45,91
2026-03-16,end,0.004517,31,60
2026-03-23,end,0.015007,43,144
2026-03-30,end,0.013836,43,110
2026-04-06,end,0.009219,34,83
2026-04-13,end,0.007926,34,72
2026-04-20,end,0.005395,27,50
2026-04-27,end,0.005744,33,68
2026-05-04,end,0.008832,36,87
2026-05-11,end,0.005784,32,50
2026-05-18,end,0.007129,27,50
2026-05-25,end,0.005859,28,39
2026-06-01,end,0.009822,39,76
2026-06-08,end,0.006861,28,53
2026-06-15,end,0.008351,34,85
2026-06-22,end,0.008948,35,58
2026-06-29,end,0.010229,31,47
2026-07-06,end,0.003756,24,38
2026-07-13,end,0.005881,28,40
2026-07-20,end,0.006365,31,45
2026-07-27,end,0.004926,22,34
2026-08-03,end,0.004964,22,40
2026-08-10,end,0.002203,21,35
2026-08-17,end,0.005670,22,43
2026-08-24,end,0.005731,30,42
2026-08-31,end,0.006090,33,59
2026-09-07,end,0.006895,32,57
2025-12-29,energy,0.000636,2,2
2026-01-05,energy,0.001158,12,19
2026-01-12,energy,0.001173,10,23
2026-01-19,energy,0.002645,16,34
2026-01-26,energy,0.001371,8,23
2026-02-02,energy,0.002192,14,29
2026-02-09,energy,0.005388,18,39
2026-02-16,energy,0.000423,8,16
2026-02-23,energy,0.001779,18,30
2026-03-02,energy,0.005205,26,59
2026-03-09,energy,0.004844,25,84
2026-03-16,energy,0.007059,28,113
2026-03-23,energy,0.007300,28,108
2026-03-30,energy,0.003544,23,57
2026-04-06,energy,0.002498,15,33
2026-04-13,energy,0.004599,20,54
2026-04-20,energy,0.004218,21,40
2026-04-27,energy,0.004138,15,38
2026-05-04,energy,0.002502,12,22
2026-05-11,energy,0.001636,17,41
2026-05-18,energy,0.003444,18,35
2026-05-25,energy,0.001737,11,15
2026-06-01,energy,0.003293,14,24
2026-06-08,energy,0.003467,14,26
2026-06-15,energy,0.000752,9,15
2026-06-22,energy,0.002091,13,22
2026-06-29,energy,0.001464,11,26
2026-07-06,energy,0.000790,6,7
2026-07-13,energy,0.001236,13,21
2026-07-20,energy,0.001580,14,25
2026-07-27,energy,0.003026,15,20
2026-08-03,energy,0.001597,10,14
2026-08-10,energy,0.005541,11,16
2026-08-17,energy,0.002278,11,17
2026-08-24,energy,0.000237,6,10
2026-08-31,energy,0.002847,17,40
2026-09-07,energy,0.001421,15,29
2026-09-14,energy,0.010329,5,9
2025-12-29,epstein,0.028814,23,41
2026-01-05,epstein,0.010014,28,45
2026-01-12,epstein,0.014930,45,94
2026-01-19,epstein,0.007462,33,63
2026-01-26,epstein,0.031060,63,208
2026-02-02,epstein,0.156783,124,769
2026-02-09,epstein,0.138179,120,829
2026-02-16,epstein,0.087551,99,548
2026-02-23,epstein,0.070767,96,557
2026-03-02,epstein,0.036377,70,214
2026-03-09,epstein,0.028918,59,139
2026-03-16,epstein,0.016274,43,88
2026-03-23,epstein,0.012391,30,51
2026-03-30,epstein,0.012630,35,71
2026-04-06,epstein,0.025891,67,193
2026-04-13,epstein,0.015035,34,62
2026-04-20,epstein,0.008434,33,66
2026-04-27,epstein,0.014018,33,78
2026-05-04,epstein,0.016072,46,106
2026-05-11,epstein,0.009823,22,54
2026-05-18,epstein,0.010668,33,62
2026-05-25,epstein,0.011030,38,90
2026-06-01,epstein,0.011219,34,72
2026-06-08,epstein,0.018066,44,141
2026-06-15,epstein,0.010599,29,51
2026-06-22,epstein,0.009840,28,65
2026-06-29,epstein,0.004697,11,22
2026-07-06,epstein,0.006050,13,25
2026-07-13,epstein,0.013536,40,127
2026-07-20,epstein,0.012020,28,58
2026-07-27,epstein,0.007294,21,39
2026-08-03,epstein,0.007096,25,47
2026-08-10,epstein,0.005219,15,23
2026-08-17,epstein,0.007913,21,30
2026-08-24,epstein,0.006820,15,30
2026-08-31,epstein,0.010107,22,43
2026-09-07,epstein,0.005012,13,24
2026-09-14,epstein,0.007937,2,3
2025-12-29,erika,0.003519,2,4
2026-01-05,erika,0.001452,2,5
2026-01-12,erika,0.002812,6,8
2026-01-19,erika,0.005023,10,18
2026-01-26,erika,0.007934,13,27
2026-02-02,erika,0.002738,9,11
2026-02-09,erika,0.003742,7,11
2026-02-16,erika,0.003131,4,9
2026-02-23,erika,0.008354,20,29
2026-03-02,erika,0.000310,1,1
2026-03-09,erika,0.006036,12,18
2026-03-16,erika,0.005070,8,9
2026-03-23,erika,0.008178,12,19
2026-03-30,erika,0.006599,10,15
2026-04-06,erika,0.001417,5,5
2026-04-13,erika,0.011197,24,50
2026-04-20,erika,0.001549,4,4
2026-04-27,erika,0.009934,22,36
2026-05-04,erika,0.001451,4,4
2026-05-11,erika,0.003034,6,8
2026-05-18,erika,0.001190,2,3
2026-05-25,erika,0.003074,6,7
2026-06-01,erika,0.002783,5,6
2026-06-08,erika,0.001943,6,9
2026-06-15,erika,0.001258,3,3
2026-06-22,erika,0.002101,3,4
2026-06-29,erika,0.000759,2,2
2026-07-06,erika,0.001349,9,30
2026-07-13,erika,0.001039,2,3
2026-07-20,erika,0.002507,4,10
2026-07-27,erika,0.002474,4,4
2026-08-03,erika,0.001347,2,3
2026-08-10,erika,0.001773,4,5
2026-08-17,erika,0.000803,2,2
2026-08-31,erika,0.001328,4,4
2026-09-07,erika,0.003259,8,11
2026-09-14,erika,0.002105,1,1
2025-12-29,europe,0.001264,5,14
2026-01-05,europe,0.003222,14,45
2026-01-12,europe,0.003340,19,56
2026-01-19,europe,0.011349,39,173
2026-01-26,europe,0.002765,12,52
2026-02-02,europe,0.003334,10,36
2026-02-09,europe,0.002557,16,82
2026-02-16,europe,0.003306,23,57
2026-02-23,europe,0.000660,9,28
2026-03-02,europe,0.001966,18,39
2026-03-09,europe,0.002506,9,30
2026-03-16,europe,0.003352,16,35
2026-03-23,europe,0.003930,21,44
2026-03-30,europe,0.003017,17,31
2026-04-06,europe,0.004963,17,35
2026-04-13,europe,0.005192,22,47
2026-04-20,europe,0.004653,15,48
2026-04-27,europe,0.000843,8,34
2026-05-04,europe,0.004170,18,46
2026-05-11,europe,0.003109,15,34
2026-05-18,europe,0.001713,11,40
2026-05-25,europe,0.002402,11,45
2026-06-01,europe,0.002151,15,39
2026-06-08,europe,0.002014,10,51
2026-06-15,europe,0.003450,20,51
2026-06-22,europe,0.010182,29,108
2026-06-29,europe,0.004520,23,75
2026-07-06,europe,0.003888,18,45
2026-07-13,europe,0.002205,14,44
2026-07-20,europe,0.004385,21,44
2026-07-27,europe,0.008504,30,87
2026-08-03,europe,0.002285,17,51
2026-08-10,europe,0.005377,22,67
2026-08-17,europe,0.004125,19,52
2026-08-24,europe,0.001243,9,39
2026-08-31,europe,0.002669,14,45
2026-09-07,europe,0.003577,15,52
2026-09-14,europe,0.007181,5,7
2025-12-29,evidence,0.002160,3,3
2026-01-05,evidence,0.003536,15,18
2026-01-12,evidence,0.003051,14,17
2026-01-19,evidence,0.002547,11,14
2026-01-26,evidence,0.002383,19,28
2026-02-02,evidence,0.002319,18,27
2026-02-09,evidence,0.004722,25,46
2026-02-16,evidence,0.004124,22,35
2026-02-23,evidence,0.001690,14,17
2026-03-02,evidence,0.000394,4,4
2026-03-09,evidence,0.003160,15,20
2026-03-16,evidence,0.003021,11,13
2026-03-23,evidence,0.003442,15,27
2026-03-30,evidence,0.001936,9,11
2026-04-06,evidence,0.000712,10,10
2026-04-13,evidence,0.004024,14,17
2026-04-20,evidence,0.005641,16,20
2026-04-27,evidence,0.001985,11,16
2026-05-04,evidence,0.003647,13,16
2026-05-11,evidence,0.002109,11,14
2026-05-18,evidence,0.003111,20,37
2026-05-25,evidence,0.000250,4,4
2026-06-01,evidence,0.003512,10,15
2026-06-08,evidence,0.004208,17,22
2026-06-15,evidence,0.001798,7,9
2026-06-22,evidence,0.001355,10,13
2026-06-29,evidence,0.000913,8,10
2026-07-06,evidence,0.008926,29,65
2026-07-13,evidence,0.004272,20,35
2026-07-20,evidence,0.001538,9,13
2026-07-27,evidence,0.005230,22,26
2026-08-03,evidence,0.002524,12,16
2026-08-10,evidence,0.002793,11,13
2026-08-17,evidence,0.005041,17,21
2026-08-24,evidence,0.004259,13,16
2026-08-31,evidence,0.001646,15,19
2026-09-07,evidence,0.001284,6,7
2026-09-14,evidence,0.008000,1,1
2025-12-29,explained,0.000433,3,3
2026-01-05,explained,0.004083,12,17
2026-01-12,explained,0.000763,6,12
2026-01-19,explained,0.002201,11,20
2026-01-26,explained,0.002813,13,20
2026-02-02,explained,0.001565,11,20
2026-02-09,explained,0.001422,8,13
2026-02-16,explained,0.003254,14,23
2026-02-23,explained,0.000210,4,7
2026-03-02,explained,0.002731,11,25
2026-03-09,explained,0.003312,15,24
2026-03-16,explained,0.001566,9,19
2026-03-23,explained,0.001115,9,22
2026-03-30,explained,0.000819,9,20
2026-04-06,explained,0.003192,14,23
2026-04-13,explained,0.004366,12,26
2026-04-20,explained,0.001834,11,17
2026-04-27,explained,0.002750,11,26
2026-05-04,explained,0.002707,15,18
2026-05-11,explained,0.002659,8,15
2026-05-18,explained,0.001470,11,18
2026-05-25,explained,0.002743,9,21
2026-06-01,explained,0.001661,7,15
2026-06-08,explained,0.001804,10,17
2026-06-15,explained,0.002440,10,18
2026-06-22,explained,0.001732,10,24
2026-06-29,explained,0.002365,11,22
2026-07-06,explained,0.002238,10,22
2026-07-13,explained,0.003430,10,16
2026-07-20,explained,0.002778,10,19
2026-07-27,explained,0.003407,10,24
2026-08-03,explained,0.002793,9,18
2026-08-10,explained,0.000698,6,20
2026-08-17,explained,0.003448,8,31
2026-08-24,explained,0.001341,6,21
2026-08-31,explained,0.001006,7,19
2026-09-07,explained,0.002001,11,22
2026-09-14,explained,0.000741,1,2
2025-12-29,explains,0.004902,7,9
2026-01-05,explains,0.002686,15,23
2026-01-12,explains,0.003707,19,24
2026-01-19,explains,0.002474,16,22
2026-01-26,explains,0.007523,18,27
2026-02-02,explains,0.001987,11,19
2026-02-09,explains,0.005544,20,32
2026-02-16,explains,0.004098,15,27
2026-02-23,explains,0.003207,10,10
2026-03-02,explains,0.006652,26,38
2026-03-09,explains,0.002892,18,31
2026-03-16,explains,0.002981,15,17
2026-03-23,explains,0.006093,20,23
2026-03-30,explains,0.004388,15,18
2026-04-06,explains,0.003261,10,15
2026-04-13,explains,0.002711,11,13
2026-04-20,explains,0.006324,19,24
2026-04-27,explains,0.001527,9,16
2026-05-04,explains,0.002892,14,19
2026-05-11,explains,0.002789,17,30
2026-05-18,explains,0.004471,15,22
2026-05-25,explains,0.005552,13,24
2026-06-01,explains,0.006605,19,35
2026-06-08,explains,0.007417,18,42
2026-06-15,explains,0.003726,13,36
2026-06-22,explains,0.005955,20,44
2026-06-29,explains,0.004378,14,40
2026-07-06,explains,0.004076,17,43
2026-07-13,explains,0.002976,14,27
2026-07-20,explains,0.006596,18,44
2026-07-27,explains,0.002963,14,40
2026-08-03,explains,0.001964,11,37
2026-08-10,explains,0.007264,18,41
2026-08-17,explains,0.004127,15,47
2026-08-24,explains,0.006335,22,47
2026-08-31,explains,0.003519,19,49
2026-09-07,explains,0.006536,17,51
2026-09-14,explains,0.002520,2,4
2025-12-29,exposed,0.014618,16,30
2026-01-05,exposed,0.017355,39,60
2026-01-12,exposed,0.012907,34,55
2026-01-19,exposed,0.007884,25,49
2026-01-26,exposed,0.010377,30,66
2026-02-02,exposed,0.010795,38,66
2026-02-09,exposed,0.015205,37,70
2026-02-16,exposed,0.016135,39,82
2026-02-23,exposed,0.013185,28,58
2026-03-02,exposed,0.005145,21,25
2026-03-09,exposed,0.007975,27,42
2026-03-16,exposed,0.012639,30,56
2026-03-23,exposed,0.010180,32,56
2026-03-30,exposed,0.009440,30,43
2026-04-06,exposed,0.010944,34,67
2026-04-13,exposed,0.015742,38,66
2026-04-20,exposed,0.009708,32,55
2026-04-27,exposed,0.011814,35,56
2026-05-04,exposed,0.011993,30,58
2026-05-11,exposed,0.019150,48,86
2026-05-18,exposed,0.013063,35,66
2026-05-25,exposed,0.010121,29,46
2026-06-01,exposed,0.012452,35,59
2026-06-08,exposed,0.008328,32,59
2026-06-15,exposed,0.010626,27,50
2026-06-22,exposed,0.009498,31,54
2026-06-29,exposed,0.016209,42,69
2026-07-06,exposed,0.011722,37,48
2026-07-13,exposed,0.009960,29,55
2026-07-20,exposed,0.013043,35,65
2026-07-27,exposed,0.009648,31,53
2026-08-03,exposed,0.015929,36,67
2026-08-10,exposed,0.010761,35,63
2026-08-17,exposed,0.010490,27,47
2026-08-24,exposed,0.012338,35,57
2026-08-31,exposed,0.009882,24,37
2026-09-07,exposed,0.008607,29,52
2026-09-14,exposed,0.002222,1,7
2025-12-29,exposes,0.005423,5,9
2026-01-05,exposes,0.008315,26,41
2026-01-12,exposes,0.009716,30,46
2026-01-19,exposes,0.005412,22,42
2026-01-26,exposes,0.006417,25,41
2026-02-02,exposes,0.008826,30,53
2026-02-09,exposes,0.009321,31,53
2026-02-16,exposes,0.005219,20,30
2026-02-23,exposes,0.006173,25,39
2026-03-02,exposes,0.005369,21,32
2026-03-09,exposes,0.006813,25,39
2026-03-16,exposes,0.012024,34,56
2026-03-23,exposes,0.006779,24,39
2026-03-30,exposes,0.004791,18,24
2026-04-06,exposes,0.005711,17,26
2026-04-13,exposes,0.006995,25,43
2026-04-20,exposes,0.005705,28,45
2026-04-27,exposes,0.006832,30,43
2026-05-04,exposes,0.006236,27,42
2026-05-11,exposes,0.016291,41,68
2026-05-18,exposes,0.007487,30,48
2026-05-25,exposes,0.010678,29,51
2026-06-01,exposes,0.009543,30,54
2026-06-08,exposes,0.011213,34,56
2026-06-15,exposes,0.008243,25,45
2026-06-22,exposes,0.006449,29,46
2026-06-29,exposes,0.011969,32,45
2026-07-06,exposes,0.005793,26,38
2026-07-13,exposes,0.010959,33,50
2026-07-20,exposes,0.007069,25,36
2026-07-27,exposes,0.006043,26,54
2026-08-03,exposes,0.012957,33,54
2026-08-10,exposes,0.010382,33,56
2026-08-17,exposes,0.008149,25,46
2026-08-24,exposes,0.006692,25,40
2026-08-31,exposes,0.009172,30,48
2026-09-07,exposes,0.006016,24,35
2026-09-14,exposes,0.007792,3,3
2025-12-29,face,0.006432,15,22
2026-01-05,face,0.007125,32,52
2026-01-12,face,0.007178,29,53
2026-01-19,face,0.007828,33,51
2026-01-26,face,0.006889,33,56
2026-02-02,face,0.007087,28,42
2026-02-09,face,0.005443,27,51
2026-02-16,face,0.005239,25,41
2026-02-23,face,0.004849,30,42
2026-03-02,face,0.007469,34,62
2026-03-09,face,0.003755,22,32
2026-03-16,face,0.005702,32,48
2026-03-23,face,0.003166,22,37
2026-03-30,face,0.002252,16,27
2026-04-06,face,0.004648,25,44
2026-04-13,face,0.005450,31,55
2026-04-20,face,0.005583,26,50
2026-04-27,face,0.005198,30,47
2026-05-04,face,0.005292,30,50
2026-05-11,face,0.006697,32,49
2026-05-18,face,0.004179,27,33
2026-05-25,face,0.007227,33,60
2026-06-01,face,0.004343,28,45
2026-06-08,face,0.004678,29,55
2026-06-15,face,0.004555,24,40
2026-06-22,face,0.003219,24,41
2026-06-29,face,0.003026,17,38
2026-07-06,face,0.005977,26,50
2026-07-13,face,0.004010,25,40
2026-07-20,face,0.005357,30,48
2026-07-27,face,0.006524,31,42
2026-08-03,face,0.004249,24,36
2026-08-10,face,0.003176,23,38
2026-08-17,face,0.003565,23,42
2026-08-24,face,0.004354,29,51
2026-08-31,face,0.005017,29,56
2026-09-07,face,0.004098,21,38
2026-09-14,face,0.005742,2,3
2025-12-29,fake,0.004470,6,7
2026-01-05,fake,0.006785,18,21
2026-01-12,fake,0.001982,6,6
2026-01-19,fake,0.005058,15,17
2026-01-26,fake,0.004573,16,24
2026-02-02,fake,0.003848,15,19
2026-02-09,fake,0.002681,11,12
2026-02-16,fake,0.003272,14,15
2026-02-23,fake,0.003227,18,23
2026-03-02,fake,0.001467,9,10
2026-03-09,fake,0.001537,9,13
2026-03-16,fake,0.002523,10,14
2026-03-23,fake,0.005989,27,40
2026-03-30,fake,0.001306,14,17
2026-04-06,fake,0.004253,18,21
2026-04-13,fake,0.006816,25,30
2026-04-20,fake,0.005598,23,28
2026-04-27,fake,0.002475,14,14
2026-05-04,fake,0.002059,11,15
2026-05-11,fake,0.004226,13,13
2026-05-18,fake,0.004984,16,17
2026-05-25,fake,0.004794,15,17
2026-06-01,fake,0.003472,19,20
2026-06-08,fake,0.002895,13,17
2026-06-15,fake,0.002745,15,17
2026-06-22,fake,0.001535,8,10
2026-06-29,fake,0.005258,15,19
2026-07-06,fake,0.002658,9,11
2026-07-13,fake,0.002226,10,11
2026-07-20,fake,0.004607,17,19
2026-07-27,fake,0.007507,15,21
2026-08-03,fake,0.002332,15,16
2026-08-10,fake,0.005029,16,21
2026-08-17,fake,0.004016,17,26
2026-08-24,fake,0.006083,17,19
2026-08-31,fake,0.002402,11,17
2026-09-07,fake,0.002796,11,13
2025-12-29,family,0.001972,6,8
2026-01-05,family,0.003911,15,21
2026-01-12,family,0.001981,18,29
2026-01-19,family,0.004324,24,38
2026-01-26,family,0.002484,18,30
2026-02-02,family,0.004201,20,74
2026-02-09,family,0.004787,21,46
2026-02-16,family,0.007472,34,91
2026-02-23,family,0.004571,28,62
2026-03-02,family,0.001193,10,17
2026-03-09,family,0.004730,24,36
2026-03-16,family,0.003503,19,35
2026-03-23,family,0.001975,14,22
2026-03-30,family,0.003306,15,20
2026-04-06,family,0.002924,16,21
2026-04-13,family,0.003694,20,24
2026-04-20,family,0.005899,29,40
2026-04-27,family,0.002205,19,31
2026-05-04,family,0.001098,12,22
2026-05-11,family,0.005334,16,29
2026-05-18,family,0.002789,21,39
2026-05-25,family,0.003760,19,31
2026-06-01,family,0.004728,24,36
2026-06-08,family,0.005854,30,47
2026-06-15,family,0.003872,21,30
2026-06-22,family,0.003476,22,40
2026-06-29,family,0.002182,21,33
2026-07-06,family,0.008203,33,73
2026-07-13,family,0.006258,30,48
2026-07-20,family,0.004947,28,45
2026-07-27,family,0.005640,26,53
2026-08-03,family,0.007752,28,43
2026-08-10,family,0.005687,24,44
2026-08-17,family,0.004022,25,48
2026-08-24,family,0.006203,25,43
2026-08-31,family,0.004009,19,34
2026-09-07,family,0.004452,23,45
2026-09-14,family,0.005714,2,5
2025-12-29,far,0.001254,5,5
2026-01-05,far,0.000972,7,7
2026-01-12,far,0.003701,9,11
2026-01-19,far,0.001725,14,18
2026-01-26,far,0.002319,11,16
2026-02-02,far,0.003358,17,19
2026-02-09,far,0.000696,6,6
2026-02-16,far,0.001945,13,16
2026-02-23,far,0.001494,11,13
2026-03-02,far,0.002151,11,12
2026-03-09,far,0.002496,14,17
2026-03-16,far,0.003244,9,12
2026-03-23,far,0.001474,13,15
2026-03-30,far,0.002305,12,14
2026-04-06,far,0.003147,16,27
2026-04-13,far,0.003237,9,10
2026-04-20,far,0.001227,9,11
2026-04-27,far,0.003943,11,12
2026-05-04,far,0.003067,15,18
2026-05-11,far,0.001481,10,13
2026-05-18,far,0.000967,8,12
2026-05-25,far,0.001383,8,9
2026-06-01,far,0.001907,6,6
2026-06-08,far,0.002028,9,9
2026-06-15,far,0.002809,11,20
2026-06-22,far,0.002681,13,16
2026-06-29,far,0.000966,8,15
2026-07-06,far,0.001386,7,8
2026-07-13,far,0.002660,12,14
2026-07-20,far,0.004041,15,19
2026-07-27,far,0.002126,9,9
2026-08-03,far,0.002124,10,12
2026-08-10,far,0.001325,6,10
2026-08-17,far,0.002256,10,12
2026-08-24,far,0.001314,11,13
2026-08-31,far,0.001065,7,11
2026-09-07,far,0.004358,10,16
2026-09-14,far,0.003636,1,1
2026-01-05,fauci,0.000048,1,1
2026-01-12,fauci,0.000546,3,3
2026-01-19,fauci,0.000043,1,1
2026-02-09,fauci,0.000281,1,1
2026-03-16,fauci,0.000916,1,2
2026-03-23,fauci,0.000047,1,1
2026-03-30,fauci,0.000139,1,1
2026-04-27,fauci,0.004524,12,22
2026-05-04,fauci,0.001255,4,5
2026-05-11,fauci,0.006660,18,34
2026-05-25,fauci,0.001205,1,1
2026-06-08,fauci,0.001100,3,3
2026-06-15,fauci,0.003441,16,27
2026-06-22,fauci,0.007263,16,23
2026-06-29,fauci,0.001615,6,7
2026-07-06,fauci,0.000811,2,2
2026-07-20,fauci,0.000663,2,5
2026-07-27,fauci,0.077483,87,490
2026-08-03,fauci,0.021527,47,157
2026-08-10,fauci,0.011818,29,70
2026-08-17,fauci,0.005564,18,26
2026-08-24,fauci,0.000191,4,5
2026-08-31,fauci,0.000713,4,5
2026-09-07,fauci,0.000066,1,1
2025-12-29,fbi,0.005677,15,26
2026-01-05,fbi,0.003906,23,41
2026-01-12,fbi,0.007805,23,43
2026-01-19,fbi,0.005994,27,45
2026-01-26,fbi,0.010142,32,84
2026-02-02,fbi,0.011115,38,124
2026-02-09,fbi,0.011329,35,168
2026-02-16,fbi,0.004851,27,75
2026-02-23,fbi,0.006575,32,71
2026-03-02,fbi,0.002601,13,16
2026-03-09,fbi,0.006764,33,88
2026-03-16,fbi,0.004824,25,51
2026-03-23,fbi,0.003483,17,26
2026-03-30,fbi,0.004199,20,40
2026-04-06,fbi,0.001755,11,17
2026-04-13,fbi,0.003381,19,23
2026-04-20,fbi,0.006048,37,70
2026-04-27,fbi,0.008855,32,80
2026-05-04,fbi,0.009490,35,65
2026-05-11,fbi,0.003765,29,57
2026-05-18,fbi,0.002407,14,17
2026-05-25,fbi,0.003269,12,12
2026-06-01,fbi,0.001655,12,21
2026-06-08,fbi,0.002747,17,23
2026-06-15,fbi,0.008699,36,60
2026-06-22,fbi,0.002554,10,17
2026-06-29,fbi,0.002152,16,25
2026-07-06,fbi,0.002244,14,22
2026-07-13,fbi,0.003846,21,27
2026-07-20,fbi,0.005907,24,38
2026-07-27,fbi,0.001967,12,19
2026-08-03,fbi,0.002789,17,28
2026-08-10,fbi,0.002222,14,27
2026-08-17,fbi,0.009773,31,63
2026-08-24,fbi,0.000757,6,6
2026-08-31,fbi,0.002530,16,25
2026-09-07,fbi,0.002227,12,14
2025-12-29,fight,0.006705,9,11
2026-01-05,fight,0.005463,22,40
2026-01-12,fight,0.009971,32,45
2026-01-19,fight,0.007955,25,46
2026-01-26,fight,0.007865,26,53
2026-02-02,fight,0.007808,25,42
2026-02-09,fight,0.006858,24,44
2026-02-16,fight,0.008580,26,47
2026-02-23,fight,0.005100,26,47
2026-03-02,fight,0.008147,34,59
2026-03-09,fight,0.006583,25,41
2026-03-16,fight,0.006871,29,54
2026-03-23,fight,0.008106,30,52
2026-03-30,fight,0.008237,27,43
2026-04-06,fight,0.004174,19,34
2026-04-13,fight,0.005270,21,34
2026-04-20,fight,0.007291,32,48
2026-04-27,fight,0.005696,23,39
2026-05-04,fight,0.006130,27,47
2026-05-11,fight,0.009456,29,43
2026-05-18,fight,0.003627,23,37
2026-05-25,fight,0.007506,32,52
2026-06-01,fight,0.005430,30,46
2026-06-08,fight,0.012999,40,81
2026-06-15,fight,0.012960,50,110
2026-06-22,fight,0.005604,25,36
2026-06-29,fight,0.004344,22,40
2026-07-06,fight,0.004390,28,41
2026-07-13,fight,0.005008,24,39
2026-07-20,fight,0.005947,32,48
2026-07-27,fight,0.005473,25,43
2026-08-03,fight,0.007569,26,42
2026-08-10,fight,0.003971,24,36
2026-08-17,fight,0.008522,31,53
2026-08-24,fight,0.009600,31,64
2026-08-31,fight,0.007666,27,49
2026-09-07,fight,0.008367,32,69
2025-12-29,fighting,0.000294,2,3
2026-01-05,fighting,0.005372,9,19
2026-01-12,fighting,0.001983,11,12
2026-01-19,fighting,0.002801,9,11
2026-01-26,fighting,0.001773,10,17
2026-02-02,fighting,0.001453,10,12
2026-02-09,fighting,0.001213,9,10
2026-02-16,fighting,0.001633,11,11
2026-02-23,fighting,0.003508,17,20
2026-03-02,fighting,0.002834,15,18
2026-03-09,fighting,0.003157,12,17
2026-03-16,fighting,0.001040,14,16
2026-03-23,fighting,0.002449,18,23
2026-03-30,fighting,0.002507,12,18
2026-04-06,fighting,0.000540,5,6
2026-04-13,fighting,0.002849,11,15
2026-04-20,fighting,0.002272,12,13
2026-04-27,fighting,0.005846,13,15
2026-05-04,fighting,0.002683,13,18
2026-05-11,fighting,0.002703,13,16
2026-05-18,fighting,0.001564,10,12
2026-05-25,fighting,0.001046,6,11
2026-06-01,fighting,0.003522,18,27
2026-06-08,fighting,0.004145,17,18
2026-06-15,fighting,0.000768,10,14
2026-06-22,fighting,0.002422,10,11
2026-06-29,fighting,0.001281,12,18
2026-07-06,fighting,0.001838,9,12
2026-07-13,fighting,0.001119,8,11
2026-07-20,fighting,0.005157,13,19
2026-07-27,fighting,0.004337,16,21
2026-08-03,fighting,0.002304,11,14
2026-08-10,fighting,0.002346,7,9
2026-08-17,fighting,0.001374,8,8
2026-08-24,fighting,0.001112,7,11
2026-08-31,fighting,0.001905,11,16
2026-09-07,fighting,0.003354,19,25
2026-09-14,fighting,0.001852,2,2
2025-12-29,files,0.007176,9,15
2026-01-05,files,0.003200,13,20
2026-01-12,files,0.004440,21,29
2026-01-19,files,0.002624,18,28
2026-01-26,files,0.017855,53,128
2026-02-02,files,0.071625,92,327
2026-02-09,files,0.048134,80,327
2026-02-16,files,0.026309,64,174
2026-02-23,files,0.017806,54,126
2026-03-02,files,0.008475,27,44
2026-03-09,files,0.008508,26,49
2026-03-16,files,0.006042,19,28
2026-03-23,files,0.003506,14,17
2026-03-30,files,0.002947,20,33
2026-04-06,files,0.003910,19,24
2026-04-13,files,0.002260,16,18
2026-04-20,files,0.003319,17,20
2026-04-27,files,0.006491,18,27
2026-05-04,files,0.008183,33,71
2026-05-11,files,0.006995,24,40
2026-05-18,files,0.005408,27,53
2026-05-25,files,0.004633,28,64
2026-06-01,files,0.003519,26,50
2026-06-08,files,0.008560,35,59
2026-06-15,files,0.002299,15,18
2026-06-22,files,0.005017,22,30
2026-06-29,files,0.003073,9,12
2026-07-06,files,0.003153,15,27
2026-07-13,files,0.003621,23,47
2026-07-20,files,0.004276,13,21
2026-07-27,files,0.004117,12,17
2026-08-03,files,0.002406,19,26
2026-08-10,files,0.001575,4,9
2026-08-17,files,0.002553,16,23
2026-08-24,files,0.000870,9,13
2026-08-31,files,0.002132,14,20
2026-09-07,files,0.002700,11,16
2026-09-14,files,0.001111,1,1
2025-12-29,finally,0.002982,7,7
2026-01-05,finally,0.006865,17,29
2026-01-12,finally,0.006923,12,27
2026-01-19,finally,0.006422,16,27
2026-01-26,finally,0.004284,17,32
2026-02-02,finally,0.004421,17,29
2026-02-09,finally,0.005927,20,34
2026-02-16,finally,0.006978,22,37
2026-02-23,finally,0.007983,22,30
2026-03-02,finally,0.005917,20,26
2026-03-09,finally,0.005975,20,28
2026-03-16,finally,0.007997,27,35
2026-03-23,finally,0.007700,25,39
2026-03-30,finally,0.006464,23,33
2026-04-06,finally,0.007964,26,40
2026-04-13,finally,0.006768,24,48
2026-04-20,finally,0.005469,19,29
2026-04-27,finally,0.006548,20,28
2026-05-04,finally,0.005562,20,23
2026-05-11,finally,0.006089,18,27
2026-05-18,finally,0.009135,29,44
2026-05-25,finally,0.004496,17,29
2026-06-01,finally,0.006440,20,28
2026-06-08,finally,0.006625,22,29
2026-06-15,finally,0.009473,24,38
2026-06-22,finally,0.007066,24,31
2026-06-29,finally,0.005372,17,30
2026-07-06,finally,0.009855,24,45
2026-07-13,finally,0.007053,23,36
2026-07-20,finally,0.004001,16,26
2026-07-27,finally,0.009504,23,35
2026-08-03,finally,0.007078,19,31
2026-08-10,finally,0.007846,21,27
2026-08-17,finally,0.007617,22,33
2026-08-24,finally,0.008258,25,33
2026-08-31,finally,0.006947,17,35
2026-09-07,finally,0.009207,21,29
2026-09-14,finally,0.001212,1,1
2026-01-05,fired,0.000875,7,10
2026-01-12,fired,0.001143,7,8
2026-01-19,fired,0.001023,6,8
2026-01-26,fired,0.005039,18,27
2026-02-02,fired,0.002383,10,10
2026-02-09,fired,0.001964,11,14
2026-02-16,fired,0.000884,6,6
2026-02-23,fired,0.001991,10,11
2026-03-02,fired,0.012780,36,59
2026-03-09,fired,0.002835,17,18
2026-03-16,fired,0.002440,11,15
2026-03-23,fired,0.003402,14,20
2026-03-30,fired,0.021548,54,84
2026-04-06,fired,0.004211,14,15
2026-04-13,fired,0.001969,10,11
2026-04-20,fired,0.009971,48,91
2026-04-27,fired,0.006231,22,33
2026-05-04,fired,0.001898,13,16
2026-05-11,fired,0.002328,14,19
2026-05-18,fired,0.001755,17,25
2026-05-25,fired,0.001824,10,11
2026-06-01,fired,0.005641,27,36
2026-06-08,fired,0.003379,15,21
2026-06-15,fired,0.002242,11,13
2026-06-22,fired,0.002279,12,14
2026-06-29,fired,0.002590,8,10
2026-07-06,fired,0.000840,6,6
2026-07-13,fired,0.000181,5,6
2026-07-20,fired,0.000976,11,14
2026-07-27,fired,0.002434,14,15
2026-08-03,fired,0.003435,12,16
2026-08-10,fired,0.002099,11,13
2026-08-17,fired,0.001910,9,10
2026-08-24,fired,0.002479,11,15
2026-08-31,fired,0.004703,20,28
2026-09-07,fired,0.001554,9,9
2025-12-29,fox,0.007674,7,10
2026-01-05,fox,0.007034,16,47
2026-01-12,fox,0.005185,16,31
2026-01-19,fox,0.005592,20,47
2026-01-26,fox,0.007296,19,50
2026-02-02,fox,0.004204,15,30
2026-02-09,fox,0.005307,16,34
2026-02-16,fox,0.003358,11,22
2026-02-23,fox,0.005170,18,40
2026-03-02,fox,0.005067,16,35
2026-03-09,fox,0.005660,20,41
2026-03-16,fox,0.003175,14,26
2026-03-23,fox,0.003609,14,36
2026-03-30,fox,0.005004,15,36
2026-04-06,fox,0.006551,20,47
2026-04-13,fox,0.006925,21,49
2026-04-20,fox,0.006638,21,49
2026-04-27,fox,0.003827,18,35
2026-05-04,fox,0.005376,20,42
2026-05-11,fox,0.009489,21,52
2026-05-18,fox,0.004978,22,33
2026-05-25,fox,0.004661,16,31
2026-06-01,fox,0.002295,11,20
2026-06-08,fox,0.003919,14,34
2026-06-15,fox,0.008201,28,64
2026-06-22,fox,0.004595,14,34
2026-06-29,fox,0.009835,20,56
2026-07-06,fox,0.004420,18,34
2026-07-13,fox,0.008647,26,47
2026-07-20,fox,0.008001,25,52
2026-07-27,fox,0.010545,25,61
2026-08-03,fox,0.007589,22,39
2026-08-10,fox,0.007761,20,47
2026-08-17,fox,0.006935,21,51
2026-08-24,fox,0.007589,23,56
2026-08-31,fox,0.007979,29,58
2026-09-07,fox,0.005965,27,49
2026-09-14,fox,0.003636,1,1
2025-12-29,fraud,0.035884,30,86
2026-01-05,fraud,0.025625,44,177
2026-01-12,fraud,0.014158,33,86
2026-01-19,fraud,0.009093,26,69
2026-01-26,fraud,0.009906,27,49
2026-02-02,fraud,0.006300,21,43
2026-02-09,fraud,0.007355,25,55
2026-02-16,fraud,0.002853,13,23
2026-02-23,fraud,0.004936,26,52
2026-03-02,fraud,0.004543,18,45
2026-03-09,fraud,0.002307,13,20
2026-03-16,fraud,0.005363,20,42
2026-03-23,fraud,0.004731,20,36
2026-03-30,fraud,0.003476,14,27
2026-04-06,fraud,0.006087,21,29
2026-04-13,fraud,0.005161,21,34
2026-04-20,fraud,0.007048,28,60
2026-04-27,fraud,0.006218,24,53
2026-05-04,fraud,0.007058,22,42
2026-05-11,fraud,0.005226,24,51
2026-05-18,fraud,0.006713,29,70
2026-05-25,fraud,0.005340,23,46
2026-06-01,fraud,0.006457,27,57
2026-06-08,fraud,0.013248,37,82
2026-06-15,fraud,0.004195,17,36
2026-06-22,fraud,0.005243,24,47
2026-06-29,fraud,0.004599,15,25
2026-07-06,fraud,0.004668,19,33
2026-07-13,fraud,0.009602,31,77
2026-07-20,fraud,0.004138,20,40
2026-07-27,fraud,0.003627,19,23
2026-08-03,fraud,0.002548,15,33
2026-08-10,fraud,0.005895,17,37
2026-08-17,fraud,0.004094,15,19
2026-08-24,fraud,0.003257,13,21
2026-08-31,fraud,0.003210,19,30
2026-09-07,fraud,0.003225,11,16
2026-09-14,fraud,0.002846,2,2
2025-12-29,free,0.002951,7,8
2026-01-05,free,0.001766,14,24
2026-01-12,free,0.005498,19,30
2026-01-19,free,0.005744,19,26
2026-01-26,free,0.002103,13,17
2026-02-02,free,0.003461,15,25
2026-02-09,free,0.002767,17,24
2026-02-16,free,0.004345,18,24
2026-02-23,free,0.002815,13,15
2026-03-02,free,0.002916,10,14
2026-03-09,free,0.003162,14,23
2026-03-16,free,0.002975,12,15
2026-03-23,free,0.001356,13,15
2026-03-30,free,0.001970,11,13
2026-04-06,free,0.001362,14,17
2026-04-13,free,0.004539,15,23
2026-04-20,free,0.000937,11,16
2026-04-27,free,0.004710,23,35
2026-05-04,free,0.003575,16,16
2026-05-11,free,0.002652,16,22
2026-05-18,free,0.006887,20,32
2026-05-25,free,0.004515,17,19
2026-06-01,free,0.002764,16,24
2026-06-08,free,0.006272,22,29
2026-06-15,free,0.001652,10,10
2026-06-22,free,0.001207,10,14
2026-06-29,free,0.002299,15,17
2026-07-06,free,0.004297,13,14
2026-07-13,free,0.002869,14,17
2026-07-20,free,0.002146,14,16
2026-07-27,free,0.002812,12,17
2026-08-03,free,0.003026,14,19
2026-08-10,free,0.007649,18,28
2026-08-17,free,0.002499,12,15
2026-08-24,free,0.002002,13,14
2026-08-31,free,0.001740,11,15
2026-09-07,free,0.003908,18,19
2025-12-29,freedom,0.001221,3,3
2026-01-05,freedom,0.001336,7,8
2026-01-12,freedom,0.002915,13,19
2026-01-19,freedom,0.002763,8,12
2026-01-26,freedom,0.001989,10,12
2026-02-02,freedom,0.002275,10,14
2026-02-09,freedom,0.001583,10,12
2026-02-16,freedom,0.003474,12,17
2026-02-23,freedom,0.000268,9,11
2026-03-02,freedom,0.001340,10,18
2026-03-09,freedom,0.001869,10,14
2026-03-16,freedom,0.000532,4,5
2026-03-23,freedom,0.000625,5,7
2026-03-30,freedom,0.000315,1,2
2026-04-06,freedom,0.000390,2,3
2026-04-13,freedom,0.001526,5,6
2026-04-20,freedom,0.001164,6,7
2026-04-27,freedom,0.002102,9,15
2026-05-04,freedom,0.008861,34,108
2026-05-11,freedom,0.000228,6,6
2026-05-18,freedom,0.001767,12,18
2026-05-25,freedom,0.005310,18,26
2026-06-01,freedom,0.004696,20,27
2026-06-08,freedom,0.001851,16,25
2026-06-15,freedom,0.004338,24,45
2026-06-22,freedom,0.003906,21,42
2026-06-29,freedom,0.006326,22,41
2026-07-06,freedom,0.002609,19,28
2026-07-13,freedom,0.002049,21,34
2026-07-20,freedom,0.001994,7,10
2026-07-27,freedom,0.001174,14,24
2026-08-03,freedom,0.001164,9,13
2026-08-10,freedom,0.002136,13,22
2026-08-17,freedom,0.004644,21,44
2026-08-24,freedom,0.003849,17,27
2026-08-31,freedom,0.000769,8,10
2026-09-07,freedom,0.004613,12,21
2025-12-29,future,0.007006,11,14
2026-01-05,future,0.004344,22,37
2026-01-12,future,0.002428,20,29
2026-01-19,future,0.004628,25,43
2026-01-26,future,0.001663,14,23
2026-02-02,future,0.002801,17,24
2026-02-09,future,0.003263,15,24
2026-02-16,future,0.001728,12,20
2026-02-23,future,0.001730,15,24
2026-03-02,future,0.003771,21,31
2026-03-09,future,0.004213,15,21
2026-03-16,future,0.003454,21,27
2026-03-23,future,0.004513,26,44
2026-03-30,future,0.002065,16,19
2026-04-06,future,0.003324,17,20
2026-04-13,future,0.004097,18,25
2026-04-20,future,0.002275,16,18
2026-04-27,future,0.003155,20,31
2026-05-04,future,0.003542,17,22
2026-05-11,future,0.003936,21,29
2026-05-18,future,0.005568,21,33
2026-05-25,future,0.003567,19,26
2026-06-01,future,0.005919,18,41
2026-06-08,future,0.008995,22,35
2026-06-15,future,0.006265,23,42
2026-06-22,future,0.004573,21,30
2026-06-29,future,0.002020,17,44
2026-07-06,future,0.003949,19,29
2026-07-13,future,0.007306,19,27
2026-07-20,future,0.003420,14,21
2026-07-27,future,0.006914,18,24
2026-08-03,future,0.003465,19,34
2026-08-10,future,0.002829,12,19
2026-08-17,future,0.003215,19,31
2026-08-24,future,0.001314,15,25
2026-08-31,future,0.002918,14,20
2026-09-07,future,0.001855,18,31
2026-09-14,future,0.000519,1,2
2025-12-29,game,0.001062,6,6
2026-01-05,game,0.002348,10,15
2026-01-12,game,0.000518,6,8
2026-01-19,game,0.002286,15,21
2026-01-26,game,0.002926,13,18
2026-02-02,game,0.002929,12,21
2026-02-09,game,0.003440,13,19
2026-02-16,game,0.005507,21,38
2026-02-23,game,0.002374,13,17
2026-03-02,game,0.002346,13,17
2026-03-09,game,0.002489,13,16
2026-03-16,game,0.003075,14,17
2026-03-23,game,0.002712,12,15
2026-03-30,game,0.003091,13,18
2026-04-06,game,0.002111,13,19
2026-04-13,game,0.002392,12,19
2026-04-20,game,0.002555,16,23
2026-04-27,game,0.001808,13,17
2026-05-04,game,0.001347,10,13
2026-05-11,game,0.002098,11,16
2026-05-18,game,0.003136,13,17
2026-05-25,game,0.001606,12,12
2026-06-01,game,0.002290,17,28
2026-06-08,game,0.014577,42,107
2026-06-15,game,0.000866,12,18
2026-06-22,game,0.002186,13,23
2026-06-29,game,0.000859,8,9
2026-07-06,game,0.003241,12,14
2026-07-13,game,0.002483,12,14
2026-07-20,game,0.003115,8,11
2026-07-27,game,0.002969,9,11
2026-08-03,game,0.002700,12,14
2026-08-10,game,0.003311,13,16
2026-08-17,game,0.004030,14,15
2026-08-24,game,0.006070,25,38
2026-08-31,game,0.001745,13,19
2026-09-07,game,0.003291,15,21
2026-09-14,game,0.002625,2,3
2025-12-29,gavin,0.004733,4,7
2026-01-05,gavin,0.002789,14,16
2026-01-12,gavin,0.008942,13,23
2026-01-19,gavin,0.005623,28,36
2026-01-26,gavin,0.000680,3,4
2026-02-02,gavin,0.003387,5,8
2026-02-09,gavin,0.001836,7,7
2026-02-16,gavin,0.002931,10,10
2026-02-23,gavin,0.011998,27,47
2026-03-02,gavin,0.004450,15,22
2026-03-09,gavin,0.001591,8,11
2026-03-16,gavin,0.003259,12,17
2026-03-23,gavin,0.002481,11,16
2026-03-30,gavin,0.002908,6,8
2026-04-06,gavin,0.010203,15,21
2026-04-13,gavin,0.001847,5,7
2026-04-20,gavin,0.001076,6,7
2026-04-27,gavin,0.000643,4,6
2026-05-04,gavin,0.000510,3,5
2026-05-11,gavin,0.001837,6,6
2026-05-18,gavin,0.001213,6,7
2026-05-25,gavin,0.001386,5,5
2026-06-01,gavin,0.000019,1,1
2026-06-08,gavin,0.000494,4,4
2026-06-15,gavin,0.007358,27,43
2026-06-22,gavin,0.002420,9,11
2026-06-29,gavin,0.001770,10,11
2026-07-06,gavin,0.003383,9,12
2026-07-13,gavin,0.000984,5,5
2026-07-20,gavin,0.001542,5,5
2026-07-27,gavin,0.001423,5,5
2026-08-10,gavin,0.001875,5,5
2026-08-17,gavin,0.000480,4,4
2026-08-24,gavin,0.000789,5,6
2026-08-31,gavin,0.000050,1,1
2026-09-07,gavin,0.001819,6,8
2025-12-29,gaza,0.001920,7,14
2026-01-05,gaza,0.003243,12,27
2026-01-12,gaza,0.005679,19,47
2026-01-19,gaza,0.009291,31,103
2026-01-26,gaza,0.006896,23,68
2026-02-02,gaza,0.003695,13,39
2026-02-09,gaza,0.003175,15,34
2026-02-16,gaza,0.005681,24,70
2026-02-23,gaza,0.002983,16,31
2026-03-02,gaza,0.001746,8,11
2026-03-09,gaza,0.003013,10,27
2026-03-16,gaza,0.001813,8,20
2026-03-23,gaza,0.003047,10,24
2026-03-30,gaza,0.001935,11,29
2026-04-06,gaza,0.002256,10,30
2026-04-13,gaza,0.001544,11,18
2026-04-20,gaza,0.003526,13,30
2026-04-27,gaza,0.005127,11,36
2026-05-04,gaza,0.004854,14,33
2026-05-11,gaza,0.003559,8,23
2026-05-18,gaza,0.003502,14,51
2026-05-25,gaza,0.007976,19,51
2026-06-01,gaza,0.004569,11,21
2026-06-08,gaza,0.002834,7,14
2026-06-15,gaza,0.004396,9,24
2026-06-22,gaza,0.004611,17,36
2026-06-29,gaza,0.005681,17,37
2026-07-06,gaza,0.005932,18,37
2026-07-13,gaza,0.004005,11,23
2026-07-20,gaza,0.003458,13,29
2026-07-27,gaza,0.004126,20,64
2026-08-03,gaza,0.007221,18,49
2026-08-10,gaza,0.008527,19,41
2026-08-17,gaza,0.005726,22,46
2026-08-24,gaza,0.001503,11,27
2026-08-31,gaza,0.002321,6,13
2026-09-07,gaza,0.003710,11,24
2026-09-14,gaza,0.012000,2,3
2025-12-29,gen,0.002015,7,8
2026-01-05,gen,0.001141,7,15
2026-01-12,gen,0.002514,11,14
2026-01-19,gen,0.002932,9,12
2026-01-26,gen,0.002524,11,15
2026-02-02,gen,0.000636,9,14
2026-02-09,gen,0.003548,14,28
2026-02-16,gen,0.001400,11,14
2026-02-23,gen,0.000617,8,15
2026-03-02,gen,0.001082,13,37
2026-03-09,gen,0.001542,14,30
2026-03-16,gen,0.002713,15,34
2026-03-23,gen,0.003761,15,27
2026-03-30,gen,0.003168,17,34
2026-04-06,gen,0.001507,14,28
2026-04-13,gen,0.002313,14,21
2026-04-20,gen,0.001868,14,24
2026-04-27,gen,0.001626,13,21
2026-05-04,gen,0.001755,12,25
2026-05-11,gen,0.002294,14,27
2026-05-18,gen,0.001104,9,25
2026-05-25,gen,0.002037,11,24
2026-06-01,gen,0.000997,11,21
2026-06-08,gen,0.001585,11,19
2026-06-15,gen,0.001330,8,11
2026-06-22,gen,0.001731,12,24
2026-06-29,gen,0.002507,8,23
2026-07-06,gen,0.001794,14,23
2026-07-13,gen,0.001291,11,20
2026-07-20,gen,0.002854,16,27
2026-07-27,gen,0.004672,13,25
2026-08-03,gen,0.001122,12,22
2026-08-10,gen,0.002921,12,18
2026-08-17,gen,0.003298,9,23
2026-08-24,gen,0.000320,7,16
2026-08-31,gen,0.000971,7,9
2026-09-07,gen,0.002239,12,17
2026-09-14,gen,0.003636,1,2
2025-12-29,gets,0.011947,13,20
2026-01-05,gets,0.014644,34,69
2026-01-12,gets,0.015000,34,67
2026-01-19,gets,0.013814,40,85
2026-01-26,gets,0.010240,28,64
2026-02-02,gets,0.013563,37,78
2026-02-09,gets,0.013015,40,81
2026-02-16,gets,0.016966,45,81
2026-02-23,gets,0.011844,37,71
2026-03-02,gets,0.011070,36,68
2026-03-09,gets,0.010027,35,55
2026-03-16,gets,0.012605,41,84
2026-03-23,gets,0.016118,37,71
2026-03-30,gets,0.013031,43,71
2026-04-06,gets,0.011449,34,70
2026-04-13,gets,0.012836,37,76
2026-04-20,gets,0.014569,41,74
2026-04-27,gets,0.014087,36,77
2026-05-04,gets,0.012678,37,70
2026-05-11,gets,0.012582,45,87
2026-05-18,gets,0.012192,37,78
2026-05-25,gets,0.014937,41,80
2026-06-01,gets,0.013837,45,91
2026-06-08,gets,0.015176,47,92
2026-06-15,gets,0.015780,35,74
2026-06-22,gets,0.015785,47,78
2026-06-29,gets,0.015767,43,85
2026-07-06,gets,0.010933,35,59
2026-07-13,gets,0.014455,43,80
2026-07-20,gets,0.015128,42,79
2026-07-27,gets,0.016172,39,77
2026-08-03,gets,0.017346,43,79
2026-08-10,gets,0.015304,42,78
2026-08-17,gets,0.012975,41,88
2026-08-24,gets,0.017399,46,89
2026-08-31,gets,0.018379,51,91
2026-09-07,gets,0.013101,36,66
2026-09-14,gets,0.007636,2,4
2025-12-29,getting,0.004810,8,10
2026-01-05,getting,0.005496,16,20
2026-01-12,getting,0.005963,21,31
2026-01-19,getting,0.004515,19,23
2026-01-26,getting,0.004713,21,28
2026-02-02,getting,0.005134,18,21
2026-02-09,getting,0.003619,15,18
2026-02-16,getting,0.005134,19,29
2026-02-23,getting,0.004917,15,17
2026-03-02,getting,0.004049,21,29
2026-03-09,getting,0.005042,21,25
2026-03-16,getting,0.006281,26,34
2026-03-23,getting,0.008976,31,37
2026-03-30,getting,0.008291,26,35
2026-04-06,getting,0.004291,18,20
2026-04-13,getting,0.005459,22,28
2026-04-20,getting,0.005327,24,30
2026-04-27,getting,0.005768,13,18
2026-05-04,getting,0.007105,25,30
2026-05-11,getting,0.006609,22,26
2026-05-18,getting,0.007500,23,26
2026-05-25,getting,0.003090,17,20
2026-06-01,getting,0.009190,24,27
2026-06-08,getting,0.005708,25,38
2026-06-15,getting,0.005106,20,24
2026-06-22,getting,0.006338,19,25
2026-06-29,getting,0.003484,17,23
2026-07-06,getting,0.005566,18,23
2026-07-13,getting,0.006567,21,26
2026-07-20,getting,0.004710,13,18
2026-07-27,getting,0.006416,26,31
2026-08-03,getting,0.007709,22,28
2026-08-10,getting,0.007867,24,29
2026-08-17,getting,0.004749,20,25
2026-08-24,getting,0.008870,25,30
2026-08-31,getting,0.008657,22,27
2026-09-07,getting,0.007196,23,31
2026-09-14,getting,0.002105,1,3
2025-12-29,gives,0.004936,11,12
2026-01-05,gives,0.002096,19,27
2026-01-12,gives,0.002981,19,27
2026-01-19,gives,0.004450,23,39
2026-01-26,gives,0.003337,16,29
2026-02-02,gives,0.004336,23,40
2026-02-09,gives,0.003248,24,28
2026-02-16,gives,0.003437,21,28
2026-02-23,gives,0.002449,22,29
2026-03-02,gives,0.003413,25,38
2026-03-09,gives,0.003510,25,37
2026-03-16,gives,0.002559,21,30
2026-03-23,gives,0.003681,25,37
2026-03-30,gives,0.005066,27,43
2026-04-06,gives,0.005017,24,38
2026-04-13,gives,0.002731,23,31
2026-04-20,gives,0.004024,17,24
2026-04-27,gives,0.003682,22,31
2026-05-04,gives,0.005284,25,33
2026-05-11,gives,0.002076,12,18
2026-05-18,gives,0.001225,17,21
2026-05-25,gives,0.002859,17,21
2026-06-01,gives,0.002620,19,27
2026-06-08,gives,0.005249,22,30
2026-06-15,gives,0.002899,17,30
2026-06-22,gives,0.003144,18,33
2026-06-29,gives,0.002603,15,20
2026-07-06,gives,0.003435,18,25
2026-07-13,gives,0.004264,24,35
2026-07-20,gives,0.003856,23,39
2026-07-27,gives,0.004758,21,30
2026-08-03,gives,0.003512,22,28
2026-08-10,gives,0.002979,18,25
2026-08-17,gives,0.001853,15,20
2026-08-24,gives,0.003093,18,28
2026-08-31,gives,0.004056,21,37
2026-09-07,gives,0.004315,25,43
2026-09-14,gives,0.007317,3,3
2025-12-29,glenn,0.000590,2,2
2026-01-05,glenn,0.005435,8,18
2026-01-12,glenn,0.003193,5,8
2026-01-19,glenn,0.000595,3,3
2026-01-26,glenn,0.002828,7,14
2026-02-02,glenn,0.004724,6,10
2026-02-09,glenn,0.001807,5,7
2026-02-16,glenn,0.004291,8,13
2026-02-23,glenn,0.002794,7,14
2026-03-02,glenn,0.002517,7,13
2026-03-09,glenn,0.002758,4,9
2026-03-16,glenn,0.002902,6,13
2026-03-23,glenn,0.003329,5,14
2026-03-30,glenn,0.002007,5,9
2026-04-06,glenn,0.004189,8,16
2026-04-13,glenn,0.001835,6,9
2026-04-20,glenn,0.002440,5,6
2026-04-27,glenn,0.003027,6,9
2026-05-04,glenn,0.002662,6,12
2026-05-11,glenn,0.001774,6,11
2026-05-18,glenn,0.000372,3,3
2026-05-25,glenn,0.004159,12,20
2026-06-01,glenn,0.001846,3,7
2026-06-08,glenn,0.001676,5,7
2026-06-15,glenn,0.004636,7,19
2026-06-22,glenn,0.003658,4,13
2026-06-29,glenn,0.002528,4,4
2026-07-06,glenn,0.001267,3,5
2026-07-13,glenn,0.001757,2,6
2026-07-20,glenn,0.002552,5,13
2026-07-27,glenn,0.002356,2,9
2026-08-03,glenn,0.003281,5,13
2026-08-10,glenn,0.003245,4,9
2026-08-17,glenn,0.000136,1,1
2026-08-24,glenn,0.003681,6,13
2026-08-31,glenn,0.002736,5,8
2026-09-07,glenn,0.004346,4,13
2025-12-29,global,0.002846,11,16
2026-01-05,global,0.005723,23,49
2026-01-12,global,0.009027,26,53
2026-01-19,global,0.010828,33,93
2026-01-26,global,0.002965,17,40
2026-02-02,global,0.005118,17,48
2026-02-09,global,0.004364,18,35
2026-02-16,global,0.006063,32,131
2026-02-23,global,0.003624,20,49
2026-03-02,global,0.006276,25,98
2026-03-09,global,0.009564,35,92
2026-03-16,global,0.006272,30,100
2026-03-23,global,0.005339,25,86
2026-03-30,global,0.005059,24,70
2026-04-06,global,0.003640,21,60
2026-04-13,global,0.006660,29,103
2026-04-20,global,0.006170,27,58
2026-04-27,global,0.003857,20,60
2026-05-04,global,0.005956,24,68
2026-05-11,global,0.003412,22,78
2026-05-18,global,0.004671,18,75
2026-05-25,global,0.002960,17,48
2026-06-01,global,0.004545,20,55
2026-06-08,global,0.002778,16,43
2026-06-15,global,0.003453,17,58
2026-06-22,global,0.005970,21,61
2026-06-29,global,0.003544,14,45
2026-07-06,global,0.002336,17,33
2026-07-13,global,0.003050,19,45
2026-07-20,global,0.002202,17,41
2026-07-27,global,0.002648,13,37
2026-08-03,global,0.004278,17,34
2026-08-10,global,0.007610,12,30
2026-08-17,global,0.002759,14,41
2026-08-24,global,0.004494,24,42
2026-08-31,global,0.006643,21,58
2026-09-07,global,0.004580,20,102
2026-09-14,global,0.016841,7,8
2025-12-29,god,0.000979,3,5
2026-01-05,god,0.002930,7,9
2026-01-12,god,0.004896,10,12
2026-01-19,god,0.004103,9,11
2026-01-26,god,0.001481,2,3
2026-02-02,god,0.005107,12,15
2026-02-09,god,0.002133,9,13
2026-02-16,god,0.002145,8,12
2026-02-23,god,0.004087,8,11
2026-03-02,god,0.003685,13,19
2026-03-09,god,0.003190,7,11
2026-03-16,god,0.002214,6,6
2026-03-23,god,0.002199,6,6
2026-03-30,god,0.003268,11,18
2026-04-06,god,0.002360,12,15
2026-04-13,god,0.004234,13,20
2026-04-20,god,0.005881,13,18
2026-04-27,god,0.004893,11,15
2026-05-04,god,0.004786,12,15
2026-05-11,god,0.003561,11,24
2026-05-18,god,0.002481,8,13
2026-05-25,god,0.002215,11,14
2026-06-01,god,0.004815,12,15
2026-06-08,god,0.002686,8,9
2026-06-15,god,0.002764,13,17
2026-06-22,god,0.001202,6,7
2026-06-29,god,0.004258,10,12
2026-07-06,god,0.003062,6,10
2026-07-13,god,0.001377,5,7
2026-07-20,god,0.002192,4,7
2026-07-27,god,0.004672,8,10
2026-08-03,god,0.004614,9,14
2026-08-10,god,0.002660,8,9
2026-08-17,god,0.001426,10,13
2026-08-24,god,0.003614,8,12
2026-08-31,god,0.002408,6,9
2026-09-07,god,0.004752,13,19
2026-09-14,god,0.003333,1,2
2025-12-29,goes,0.012613,17,21
2026-01-05,goes,0.011195,39,67
2026-01-12,goes,0.012925,40,76
2026-01-19,goes,0.013569,42,82
2026-01-26,goes,0.009774,38,55
2026-02-02,goes,0.009679,36,52
2026-02-09,goes,0.006961,31,57
2026-02-16,goes,0.013547,45,79
2026-02-23,goes,0.011694,39,67
2026-03-02,goes,0.009637,42,62
2026-03-09,goes,0.011422,39,67
2026-03-16,goes,0.012558,44,73
2026-03-23,goes,0.014101,43,72
2026-03-30,goes,0.010114,37,59
2026-04-06,goes,0.008920,36,60
2026-04-13,goes,0.011945,40,75
2026-04-20,goes,0.008458,41,56
2026-04-27,goes,0.013855,36,73
2026-05-04,goes,0.009818,34,67
2026-05-11,goes,0.011327,42,81
2026-05-18,goes,0.009326,32,55
2026-05-25,goes,0.012597,41,71
2026-06-01,goes,0.011247,38,71
2026-06-08,goes,0.012734,44,90
2026-06-15,goes,0.008338,31,68
2026-06-22,goes,0.013334,41,63
2026-06-29,goes,0.007127,32,58
2026-07-06,goes,0.010849,33,63
2026-07-13,goes,0.013605,41,69
2026-07-20,goes,0.012591,43,72
2026-07-27,goes,0.009715,33,58
2026-08-03,goes,0.013630,44,72
2026-08-10,goes,0.008510,36,53
2026-08-17,goes,0.011118,35,56
2026-08-24,goes,0.010649,34,58
2026-08-31,goes,0.011642,39,69
2026-09-07,goes,0.007685,29,53
2026-09-14,goes,0.011273,2,3
2025-12-29,going,0.011151,23,33
2026-01-05,going,0.007557,23,34
2026-01-12,going,0.006200,23,34
2026-01-19,going,0.005970,24,45
2026-01-26,going,0.004965,24,47
2026-02-02,going,0.005281,22,43
2026-02-09,going,0.004243,21,33
2026-02-16,going,0.009946,30,49
2026-02-23,going,0.006933,26,36
2026-03-02,going,0.010073,35,60
2026-03-09,going,0.006437,31,54
2026-03-16,going,0.009095,27,42
2026-03-23,going,0.004585,22,39
2026-03-30,going,0.010122,39,57
2026-04-06,going,0.006434,27,45
2026-04-13,going,0.009154,29,53
2026-04-20,going,0.007740,32,53
2026-04-27,going,0.007934,25,45
2026-05-04,going,0.005009,26,40
2026-05-11,going,0.006536,28,45
2026-05-18,going,0.008785,33,54
2026-05-25,going,0.006758,30,39
2026-06-01,going,0.007772,29,37
2026-06-08,going,0.007690,35,53
2026-06-15,going,0.006985,24,37
2026-06-22,going,0.004479,25,37
2026-06-29,going,0.002298,17,24
2026-07-06,going,0.005301,24,38
2026-07-13,going,0.005766,30,49
2026-07-20,going,0.010558,29,46
2026-07-27,going,0.006787,27,38
2026-08-03,going,0.004215,21,33
2026-08-10,going,0.010552,30,50
2026-08-17,going,0.007634,32,51
2026-08-24,going,0.011046,29,48
2026-08-31,going,0.009055,28,42
2026-09-07,going,0.007442,22,39
2026-09-14,going,0.006105,2,8
2025-12-29,good,0.005471,13,18
2026-01-05,good,0.024812,51,127
2026-01-12,good,0.020331,50,106
2026-01-19,good,0.015787,41,72
2026-01-26,good,0.007163,31,56
2026-02-02,good,0.005166,28,55
2026-02-09,good,0.003278,20,34
2026-02-16,good,0.003532,19,28
2026-02-23,good,0.002528,16,28
2026-03-02,good,0.003737,17,32
2026-03-09,good,0.003487,17,28
2026-03-16,good,0.001399,14,21
2026-03-23,good,0.004736,20,34
2026-03-30,good,0.004358,20,43
2026-04-06,good,0.002381,18,30
2026-04-13,good,0.002982,19,35
2026-04-20,good,0.003262,14,32
2026-04-27,good,0.003382,14,28
2026-05-04,good,0.002174,14,30
2026-05-11,good,0.004121,17,32
2026-05-18,good,0.005204,18,34
2026-05-25,good,0.004545,15,29
2026-06-01,good,0.003016,15,30
2026-06-08,good,0.003819,18,35
2026-06-15,good,0.003598,17,31
2026-06-22,good,0.003556,16,38
2026-06-29,good,0.002764,15,33
2026-07-06,good,0.002239,13,31
2026-07-13,good,0.005089,19,37
2026-07-20,good,0.002230,15,32
2026-07-27,good,0.003408,17,35
2026-08-03,good,0.001977,14,29
2026-08-10,good,0.002846,13,34
2026-08-17,good,0.004632,23,41
2026-08-24,good,0.004550,18,39
2026-08-31,good,0.001789,12,27
2026-09-07,good,0.002759,11,27
2026-09-14,good,0.005818,2,2
2025-12-29,gop,0.003900,8,23
2026-01-05,gop,0.007409,30,81
2026-01-12,gop,0.003510,18,47
2026-01-19,gop,0.003633,22,50
2026-01-26,gop,0.005776,27,52
2026-02-02,gop,0.007774,32,74
2026-02-09,gop,0.008324,28,66
2026-02-16,gop,0.006257,26,56
2026-02-23,gop,0.005264,25,64
2026-03-02,gop,0.007159,32,78
2026-03-09,gop,0.005886,27,65
2026-03-16,gop,0.005231,22,53
2026-03-23,gop,0.005822,30,72
2026-03-30,gop,0.010693,31,62
2026-04-06,gop,0.002539,17,33
2026-04-13,gop,0.007090,25,60
2026-04-20,gop,0.006539,31,63
2026-04-27,gop,0.011481,34,85
2026-05-04,gop,0.014036,42,108
2026-05-11,gop,0.009755,36,83
2026-05-18,gop,0.011772,39,133
2026-05-25,gop,0.010067,29,104
2026-06-01,gop,0.011212,37,91
2026-06-08,gop,0.003918,20,42
2026-06-15,gop,0.004198,21,49
2026-06-22,gop,0.011897,35,96
2026-06-29,gop,0.006884,26,56
2026-07-06,gop,0.004720,21,43
2026-07-13,gop,0.005749,24,54
2026-07-20,gop,0.005916,27,76
2026-07-27,gop,0.011245,31,89
2026-08-03,gop,0.014551,35,103
2026-08-10,gop,0.007238,27,76
2026-08-17,gop,0.005758,25,77
2026-08-24,gop,0.008628,29,80
2026-08-31,gop,0.009248,35,91
2026-09-07,gop,0.019299,48,211
2026-09-14,gop,0.010063,4,5
2025-12-29,got,0.004679,5,8
2026-01-05,got,0.004295,14,21
2026-01-12,got,0.007050,13,17
2026-01-19,got,0.006324,20,26
2026-01-26,got,0.006166,22,24
2026-02-02,got,0.006428,20,26
2026-02-09,got,0.006180,21,23
2026-02-16,got,0.010596,23,26
2026-02-23,got,0.005241,24,28
2026-03-02,got,0.007277,24,33
2026-03-09,got,0.008902,22,33
2026-03-16,got,0.007068,25,30
2026-03-23,got,0.004855,23,25
2026-03-30,got,0.008704,27,39
2026-04-06,got,0.005552,17,21
2026-04-13,got,0.005798,20,25
2026-04-20,got,0.008021,22,30
2026-04-27,got,0.005579,22,31
2026-05-04,got,0.009224,25,32
2026-05-11,got,0.007726,27,32
2026-05-18,got,0.007870,23,37
2026-05-25,got,0.007276,23,30
2026-06-01,got,0.010411,35,46
2026-06-08,got,0.009226,24,36
2026-06-15,got,0.013126,37,47
2026-06-22,got,0.013371,28,41
2026-06-29,got,0.012380,25,36
2026-07-06,got,0.006741,21,25
2026-07-13,got,0.011749,32,44
2026-07-20,got,0.009770,30,40
2026-07-27,got,0.005998,22,28
2026-08-03,got,0.012139,30,39
2026-08-10,got,0.009530,25,34
2026-08-17,got,0.010883,28,47
2026-08-24,got,0.013489,27,50
2026-08-31,got,0.010263,28,41
2026-09-07,got,0.013365,32,48
2026-09-14,got,0.007273,1,7
2025-12-29,government,0.005253,12,17
2026-01-05,government,0.003607,24,46
2026-01-12,government,0.002868,20,42
2026-01-19,government,0.001497,16,28
2026-01-26,government,0.009148,33,96
2026-02-02,government,0.005892,32,102
2026-02-09,government,0.005943,30,58
2026-02-16,government,0.003596,25,50
2026-02-23,government,0.006916,27,48
2026-03-02,government,0.004098,25,40
2026-03-09,government,0.002189,22,35
2026-03-16,government,0.005738,25,37
2026-03-23,government,0.004462,23,46
2026-03-30,government,0.001985,14,17
2026-04-06,government,0.001958,14,18
2026-04-13,government,0.005361,18,27
2026-04-20,government,0.004891,27,44
2026-04-27,government,0.004193,22,30
2026-05-04,government,0.006233,23,39
2026-05-11,government,0.002495,16,38
2026-05-18,government,0.003980,20,28
2026-05-25,government,0.003716,15,24
2026-06-01,government,0.003705,21,37
2026-06-08,government,0.003203,16,33
2026-06-15,government,0.004019,19,33
2026-06-22,government,0.004121,16,30
2026-06-29,government,0.004718,22,35
2026-07-06,government,0.001238,10,15
2026-07-13,government,0.005646,24,36
2026-07-20,government,0.005363,25,55
2026-07-27,government,0.003892,23,39
2026-08-03,government,0.006448,27,41
2026-08-10,government,0.005221,19,37
2026-08-17,government,0.002359,19,31
2026-08-24,government,0.003238,20,30
2026-08-31,government,0.003758,16,27
2026-09-07,government,0.007218,24,40
2026-09-14,government,0.011636,2,4
2025-12-29,graham,0.000466,2,2
2026-01-05,graham,0.003809,14,20
2026-01-12,graham,0.001346,8,11
2026-01-19,graham,0.000401,3,3
2026-01-26,graham,0.000534,6,9
2026-02-02,graham,0.000629,4,8
2026-02-09,graham,0.000260,3,4
2026-02-16,graham,0.001809,9,13
2026-02-23,graham,0.000704,7,7
2026-03-02,graham,0.002860,16,17
2026-03-09,graham,0.006547,21,37
2026-03-16,graham,0.002770,12,16
2026-03-23,graham,0.002071,12,15
2026-03-30,graham,0.003112,16,24
2026-04-06,graham,0.001493,8,10
2026-04-13,graham,0.001810,8,10
2026-04-20,graham,0.001129,6,6
2026-04-27,graham,0.004881,13,19
2026-05-04,graham,0.003283,14,19
2026-05-11,graham,0.002129,16,22
2026-05-18,graham,0.002129,8,11
2026-05-25,graham,0.003806,12,13
2026-06-01,graham,0.016847,34,86
2026-06-08,graham,0.011914,39,94
2026-06-15,graham,0.003910,10,15
2026-06-22,graham,0.000674,8,8
2026-06-29,graham,0.000076,2,2
2026-07-06,graham,0.056239,85,355
2026-07-13,graham,0.057927,96,374
2026-07-20,graham,0.005594,15,30
2026-07-27,graham,0.021950,54,242
2026-08-03,graham,0.001840,12,14
2026-08-10,graham,0.001705,19,35
2026-08-17,graham,0.007129,28,67
2026-08-24,graham,0.006639,28,57
2026-08-31,graham,0.001765,4,4
2026-09-07,graham,0.000050,1,1
2025-12-29,greenland,0.001190,4,5
2026-01-05,greenland,0.029928,64,310
2026-01-12,greenland,0.031845,59,433
2026-01-19,greenland,0.078395,92,915
2026-01-26,greenland,0.006409,24,57
2026-02-02,greenland,0.001911,10,29
2026-02-09,greenland,0.000912,10,27
2026-02-16,greenland,0.001500,8,10
2026-02-23,greenland,0.000875,6,8
2026-03-02,greenland,0.000027,1,1
2026-03-09,greenland,0.001416,3,5
2026-03-16,greenland,0.000215,4,5
2026-03-23,greenland,0.000502,5,5
2026-04-06,greenland,0.000102,2,7
2026-04-20,greenland,0.000010,1,1
2026-05-11,greenland,0.000024,1,3
2026-05-18,greenland,0.001175,10,16
2026-05-25,greenland,0.000025,1,1
2026-06-01,greenland,0.000406,4,5
2026-06-15,greenland,0.000044,1,1
2026-06-22,greenland,0.000016,1,1
2026-06-29,greenland,0.000021,1,2
2026-07-06,greenland,0.002486,17,37
2026-07-13,greenland,0.000046,2,3
2026-07-20,greenland,0.000047,1,1
2026-07-27,greenland,0.000013,1,1
2026-08-03,greenland,0.000436,3,4
2026-08-10,greenland,0.001076,7,8
2026-08-17,greenland,0.000024,1,1
2026-08-24,greenland,0.000071,3,3
2026-08-31,greenland,0.000115,3,3
2026-09-07,greenland,0.000184,4,7
2025-12-29,happened,0.004583,4,5
2026-01-05,happened,0.004826,16,24
2026-01-12,happened,0.005256,12,19
2026-01-19,happened,0.003221,8,9
2026-01-26,happened,0.003778,15,18
2026-02-02,happened,0.001732,13,16
2026-02-09,happened,0.004398,14,21
2026-02-16,happened,0.005037,14,19
2026-02-23,happened,0.002043,7,9
2026-03-02,happened,0.002484,10,10
2026-03-09,happened,0.003562,9,14
2026-03-16,happened,0.004008,14,18
2026-03-23,happened,0.003441,10,13
2026-03-30,happened,0.005137,12,19
2026-04-06,happened,0.005720,20,24
2026-04-13,happened,0.006079,14,22
2026-04-20,happened,0.002333,10,12
2026-04-27,happened,0.004740,17,20
2026-05-04,happened,0.005135,17,20
2026-05-11,happened,0.004235,16,19
2026-05-18,happened,0.009290,23,28
2026-05-25,happened,0.003365,8,11
2026-06-01,happened,0.004181,17,19
2026-06-08,happened,0.003970,16,17
2026-06-15,happened,0.002483,12,18
2026-06-22,happened,0.005739,22,29
2026-06-29,happened,0.005089,12,16
2026-07-06,happened,0.003101,11,17
2026-07-13,happened,0.002797,13,16
2026-07-20,happened,0.005833,19,21
2026-07-27,happened,0.006366,17,24
2026-08-03,happened,0.006847,19,25
2026-08-10,happened,0.007123,20,24
2026-08-17,happened,0.007781,20,25
2026-08-24,happened,0.001675,10,14
2026-08-31,happened,0.004375,14,19
2026-09-07,happened,0.008525,18,21
2026-09-14,happened,0.001212,1,3
2026-01-05,happening,0.002789,13,25
2026-01-12,happening,0.002120,9,21
2026-01-19,happening,0.004407,13,27
2026-01-26,happening,0.001915,8,22
2026-02-02,happening,0.003129,7,23
2026-02-09,happening,0.001916,12,22
2026-02-16,happening,0.002707,8,16
2026-02-23,happening,0.003516,16,25
2026-03-02,happening,0.003439,15,20
2026-03-09,happening,0.006027,12,16
2026-03-16,happening,0.003617,8,9
2026-03-23,happening,0.005297,16,23
2026-03-30,happening,0.003040,8,13
2026-04-06,happening,0.003655,10,13
2026-04-13,happening,0.002622,17,18
2026-04-20,happening,0.003630,17,18
2026-04-27,happening,0.005421,14,17
2026-05-04,happening,0.006057,16,19
2026-05-11,happening,0.004734,15,18
2026-05-18,happening,0.003962,12,15
2026-05-25,happening,0.002194,9,10
2026-06-01,happening,0.002724,10,12
2026-06-08,happening,0.003274,14,16
2026-06-15,happening,0.002880,12,15
2026-06-22,happening,0.001421,11,12
2026-06-29,happening,0.001822,9,11
2026-07-06,happening,0.001759,5,5
2026-07-13,happening,0.002575,10,14
2026-07-20,happening,0.002881,7,10
2026-07-27,happening,0.002345,10,13
2026-08-03,happening,0.003250,11,12
2026-08-10,happening,0.002234,7,9
2026-08-17,happening,0.003141,11,12
2026-08-24,happening,0.002183,10,12
2026-08-31,happening,0.001573,8,10
2026-09-07,happening,0.003099,11,14
2025-12-29,happens,0.001675,3,6
2026-01-05,happens,0.001558,7,11
2026-01-12,happens,0.002281,9,12
2026-01-19,happens,0.000881,7,11
2026-01-26,happens,0.002369,8,9
2026-02-02,happens,0.001771,5,6
2026-02-09,happens,0.001035,6,8
2026-02-16,happens,0.003543,9,14
2026-02-23,happens,0.002028,11,14
2026-03-02,happens,0.003112,13,16
2026-03-09,happens,0.000735,12,13
2026-03-16,happens,0.001437,8,8
2026-03-23,happens,0.002631,8,11
2026-03-30,happens,0.002002,10,10
2026-04-06,happens,0.004810,19,21
2026-04-13,happens,0.003429,10,12
2026-04-20,happens,0.002150,6,9
2026-04-27,happens,0.003606,13,15
2026-05-04,happens,0.002179,9,12
2026-05-11,happens,0.001918,8,9
2026-05-18,happens,0.000782,4,4
2026-05-25,happens,0.000456,2,3
2026-06-01,happens,0.003268,11,15
2026-06-08,happens,0.003731,10,12
2026-06-15,happens,0.001350,8,8
2026-06-22,happens,0.000424,5,7
2026-06-29,happens,0.000589,3,3
2026-07-06,happens,0.002183,11,14
2026-07-13,happens,0.000455,3,5
2026-07-20,happens,0.002255,7,10
2026-07-27,happens,0.000495,4,4
2026-08-03,happens,0.001677,7,8
2026-08-10,happens,0.002463,7,8
2026-08-17,happens,0.001739,10,12
2026-08-24,happens,0.002238,9,11
2026-08-31,happens,0.003180,15,16
2026-09-07,happens,0.002486,6,6
2025-12-29,hasan,0.001464,3,4
2026-01-05,hasan,0.007020,9,14
2026-01-12,hasan,0.004074,3,7
2026-01-19,hasan,0.002250,2,3
2026-01-26,hasan,0.006364,8,14
2026-02-02,hasan,0.004984,6,11
2026-02-09,hasan,0.009374,10,18
2026-02-16,hasan,0.007134,9,17
2026-02-23,hasan,0.005536,9,22
2026-03-02,hasan,0.004877,7,14
2026-03-09,hasan,0.005315,10,15
2026-03-16,hasan,0.003618,6,10
2026-03-23,hasan,0.008122,15,28
2026-03-30,hasan,0.010862,19,39
2026-04-06,hasan,0.010795,19,43
2026-04-13,hasan,0.011563,19,36
2026-04-20,hasan,0.006514,14,14
2026-04-27,hasan,0.008134,13,22
2026-05-04,hasan,0.007099,14,16
2026-05-11,hasan,0.004736,8,13
2026-05-18,hasan,0.007626,11,14
2026-05-25,hasan,0.028165,38,58
2026-06-01,hasan,0.026875,38,66
2026-06-08,hasan,0.009383,13,21
2026-06-15,hasan,0.003529,7,13
2026-06-22,hasan,0.002551,7,11
2026-06-29,hasan,0.007838,12,16
2026-07-06,hasan,0.005701,12,14
2026-07-13,hasan,0.008533,8,13
2026-07-20,hasan,0.011616,15,27
2026-07-27,hasan,0.012365,16,21
2026-08-03,hasan,0.014983,21,39
2026-08-10,hasan,0.018143,29,47
2026-08-17,hasan,0.011179,16,29
2026-08-24,hasan,0.023551,33,70
2026-08-31,hasan,0.010991,24,39
2026-09-07,hasan,0.008749,17,25
2026-01-05,hasanabi,0.006329,1,8
2026-01-12,hasanabi,0.008280,2,9
2026-01-19,hasanabi,0.008808,2,11
2026-01-26,hasanabi,0.007500,2,15
2026-02-02,hasanabi,0.006777,2,17
2026-02-09,hasanabi,0.006921,2,22
2026-02-16,hasanabi,0.008034,3,39
2026-02-23,hasanabi,0.004179,1,33
2026-03-02,hasanabi,0.005098,1,39
2026-03-09,hasanabi,0.006462,2,48
2026-03-16,hasanabi,0.005456,1,33
2026-03-23,hasanabi,0.007021,3,42
2026-03-30,hasanabi,0.006424,3,45
2026-04-06,hasanabi,0.005525,2,37
2026-04-13,hasanabi,0.006323,2,40
2026-04-20,hasanabi,0.008087,2,22
2026-04-27,hasanabi,0.007160,3,9
2026-05-04,hasanabi,0.007225,2,9
2026-05-11,hasanabi,0.011050,2,15
2026-05-18,hasanabi,0.007190,3,10
2026-05-25,hasanabi,0.009607,4,13
2026-06-01,hasanabi,0.006349,2,8
2026-06-08,hasanabi,0.007024,2,9
2026-06-15,hasanabi,0.008772,2,12
2026-06-22,hasanabi,0.008621,3,11
2026-06-29,hasanabi,0.008433,2,12
2026-07-06,hasanabi,0.009226,3,13
2026-07-13,hasanabi,0.007363,2,9
2026-07-20,hasanabi,0.007407,2,14
2026-07-27,hasanabi,0.006135,1,6
2026-08-03,hasanabi,0.006061,1,7
2026-08-10,hasanabi,0.015103,4,22
2026-08-17,hasanabi,0.014581,4,18
2026-08-24,hasanabi,0.017796,5,23
2026-08-31,hasanabi,0.015045,5,18
2026-09-07,hasanabi,0.013037,3,13
2025-12-29,hate,0.000535,1,2
2026-01-05,hate,0.003224,8,8
2026-01-12,hate,0.004417,13,16
2026-01-19,hate,0.001393,9,11
2026-01-26,hate,0.002125,9,13
2026-02-02,hate,0.000839,7,7
2026-02-09,hate,0.003667,9,9
2026-02-16,hate,0.002217,10,10
2026-02-23,hate,0.002029,9,12
2026-03-02,hate,0.002038,3,3
2026-03-09,hate,0.004896,12,14
2026-03-16,hate,0.001876,6,7
2026-03-23,hate,0.001419,12,12
2026-03-30,hate,0.001986,6,8
2026-04-06,hate,0.000968,5,7
2026-04-13,hate,0.003727,6,9
2026-04-20,hate,0.006327,16,23
2026-04-27,hate,0.003279,12,13
2026-05-04,hate,0.002381,11,15
2026-05-11,hate,0.004708,7,8
2026-05-18,hate,0.005468,23,31
2026-05-25,hate,0.003660,15,17
2026-06-01,hate,0.001850,10,16
2026-06-08,hate,0.004503,15,16
2026-06-15,hate,0.002625,10,10
2026-06-22,hate,0.004017,10,13
2026-06-29,hate,0.002188,12,13
2026-07-06,hate,0.002360,5,5
2026-07-13,hate,0.001671,8,10
2026-07-20,hate,0.002079,15,17
2026-07-27,hate,0.003001,12,13
2026-08-03,hate,0.003577,10,12
2026-08-10,hate,0.001948,5,6
2026-08-17,hate,0.005544,14,22
2026-08-24,hate,0.004795,10,13
2026-08-31,hate,0.000977,6,6
2026-09-07,hate,0.001429,7,10
2025-12-29,health,0.019484,22,40
2026-01-05,health,0.003731,26,43
2026-01-12,health,0.004201,29,59
2026-01-19,health,0.003645,25,34
2026-01-26,health,0.002585,17,24
2026-02-02,health,0.001396,12,22
2026-02-09,health,0.002070,15,20
2026-02-16,health,0.002784,18,26
2026-02-23,health,0.002111,17,28
2026-03-02,health,0.003470,15,22
2026-03-09,health,0.002308,15,21
2026-03-16,health,0.001136,12,18
2026-03-23,health,0.001549,12,23
2026-03-30,health,0.001425,9,13
2026-04-06,health,0.002098,13,21
2026-04-13,health,0.005230,22,45
2026-04-20,health,0.004874,25,44
2026-04-27,health,0.002824,17,27
2026-05-04,health,0.005699,30,49
2026-05-11,health,0.006245,31,63
2026-05-18,health,0.005508,24,51
2026-05-25,health,0.009303,37,56
2026-06-01,health,0.004860,26,41
2026-06-08,health,0.004381,20,31
2026-06-15,health,0.001871,11,17
2026-06-22,health,0.005111,21,31
2026-06-29,health,0.001980,15,28
2026-07-06,health,0.005329,26,41
2026-07-13,health,0.003063,20,41
2026-07-20,health,0.002423,19,37
2026-07-27,health,0.004359,23,28
2026-08-03,health,0.001869,16,30
2026-08-10,health,0.003665,18,40
2026-08-17,health,0.002144,15,20
2026-08-24,health,0.006064,22,38
2026-08-31,health,0.000913,11,11
2026-09-07,health,0.003393,17,31
2025-12-29,hearing,0.001611,4,10
2026-01-05,hearing,0.001840,17,33
2026-01-12,hearing,0.003132,21,45
2026-01-19,hearing,0.003904,21,59
2026-01-26,hearing,0.002222,21,29
2026-02-02,hearing,0.002395,20,40
2026-02-09,hearing,0.020656,58,193
2026-02-16,hearing,0.001179,7,27
2026-02-23,hearing,0.003345,21,56
2026-03-02,hearing,0.006512,33,85
2026-03-09,hearing,0.001898,15,23
2026-03-16,hearing,0.009405,38,112
2026-03-23,hearing,0.003252,20,42
2026-03-30,hearing,0.000913,12,20
2026-04-06,hearing,0.000989,9,11
2026-04-13,hearing,0.002596,21,43
2026-04-20,hearing,0.008002,31,72
2026-04-27,hearing,0.002948,22,59
2026-05-04,hearing,0.000988,11,21
2026-05-11,hearing,0.007270,39,92
2026-05-18,hearing,0.002154,17,38
2026-05-25,hearing,0.001562,11,21
2026-06-01,hearing,0.004538,25,74
2026-06-08,hearing,0.003175,17,33
2026-06-15,hearing,0.001989,19,30
2026-06-22,hearing,0.001288,12,31
2026-06-29,hearing,0.003192,16,51
2026-07-06,hearing,0.025684,31,193
2026-07-13,hearing,0.018045,41,180
2026-07-20,hearing,0.007153,31,92
2026-07-27,hearing,0.010084,38,130
2026-08-03,hearing,0.002751,15,34
2026-08-10,hearing,0.002607,8,15
2026-08-17,hearing,0.000742,8,15
2026-08-24,hearing,0.003035,13,16
2026-08-31,hearing,0.002109,14,28
2026-09-07,hearing,0.000078,2,3
2025-12-29,hegseth,0.003290,9,9
2026-01-05,hegseth,0.007031,26,46
2026-01-12,hegseth,0.002674,21,38
2026-01-19,hegseth,0.000467,3,3
2026-01-26,hegseth,0.000315,6,6
2026-02-02,hegseth,0.000681,9,15
2026-02-09,hegseth,0.001954,13,15
2026-02-16,hegseth,0.001552,13,15
2026-02-23,hegseth,0.001168,14,17
2026-03-02,hegseth,0.014877,49,187
2026-03-09,hegseth,0.017540,57,168
2026-03-16,hegseth,0.009791,41,83
2026-03-23,hegseth,0.005705,27,54
2026-03-30,hegseth,0.011500,43,134
2026-04-06,hegseth,0.009059,44,110
2026-04-13,hegseth,0.011390,47,88
2026-04-20,hegseth,0.007575,38,77
2026-04-27,hegseth,0.022742,55,270
2026-05-04,hegseth,0.006524,36,79
2026-05-11,hegseth,0.006738,32,103
2026-05-18,hegseth,0.001192,14,26
2026-05-25,hegseth,0.002343,21,55
2026-06-01,hegseth,0.004106,21,38
2026-06-08,hegseth,0.004609,24,45
2026-06-15,hegseth,0.003103,21,43
2026-06-22,hegseth,0.001494,12,18
2026-06-29,hegseth,0.001532,13,26
2026-07-06,hegseth,0.004976,16,19
2026-07-13,hegseth,0.006536,32,46
2026-07-20,hegseth,0.012056,43,152
2026-07-27,hegseth,0.001786,13,27
2026-08-03,hegseth,0.003936,20,39
2026-08-10,hegseth,0.008250,33,67
2026-08-17,hegseth,0.004834,18,62
2026-08-24,hegseth,0.004214,21,58
2026-08-31,hegseth,0.012418,34,116
2026-09-07,hegseth,0.001763,17,27
2025-12-29,hill,0.002336,4,4
2026-01-05,hill,0.001069,9,22
2026-01-12,hill,0.001007,9,26
2026-01-19,hill,0.006190,15,35
2026-01-26,hill,0.003966,6,25
2026-02-02,hill,0.003502,9,25
2026-02-09,hill,0.004947,14,35
2026-02-16,hill,0.000485,2,16
2026-02-23,hill,0.004631,9,27
2026-03-02,hill,0.004644,9,28
2026-03-09,hill,0.003843,6,21
2026-03-16,hill,0.005050,10,36
2026-03-23,hill,0.004297,5,26
2026-03-30,hill,0.004880,7,25
2026-04-06,hill,0.004719,5,24
2026-04-13,hill,0.005682,10,37
2026-04-20,hill,0.003425,13,29
2026-04-27,hill,0.005957,15,39
2026-05-04,hill,0.002152,6,17
2026-05-11,hill,0.002746,12,26
2026-05-18,hill,0.001526,8,23
2026-05-25,hill,0.004974,6,21
2026-06-01,hill,0.006477,13,36
2026-06-08,hill,0.005820,9,23
2026-06-15,hill,0.002985,8,19
2026-06-22,hill,0.003729,17,34
2026-06-29,hill,0.002455,7,17
2026-07-06,hill,0.005369,7,25
2026-07-13,hill,0.006434,10,35
2026-07-20,hill,0.003039,9,23
2026-07-27,hill,0.005823,9,31
2026-08-03,hill,0.006784,7,33
2026-08-10,hill,0.004415,4,27
2026-08-17,hill,0.005681,6,36
2026-08-24,hill,0.004065,6,20
2026-08-31,hill,0.007807,15,34
2026-09-07,hill,0.004236,7,20
2026-09-14,hill,0.004000,1,1
2025-12-29,history,0.004992,10,13
2026-01-05,history,0.004791,26,33
2026-01-12,history,0.004293,15,20
2026-01-19,history,0.004326,26,31
2026-01-26,history,0.003528,14,20
2026-02-02,history,0.002958,14,26
2026-02-09,history,0.003860,20,34
2026-02-16,history,0.009653,34,58
2026-02-23,history,0.004424,19,25
2026-03-02,history,0.004642,18,29
2026-03-09,history,0.008231,32,48
2026-03-16,history,0.003678,21,25
2026-03-23,history,0.003323,14,20
2026-03-30,history,0.004183,26,38
2026-04-06,history,0.004683,29,43
2026-04-13,history,0.001627,14,21
2026-04-20,history,0.005165,21,29
2026-04-27,history,0.002853,19,25
2026-05-04,history,0.006279,20,27
2026-05-11,history,0.004471,20,23
2026-05-18,history,0.003449,18,24
2026-05-25,history,0.007402,25,39
2026-06-01,history,0.004862,20,28
2026-06-08,history,0.002316,20,29
2026-06-15,history,0.004947,24,32
2026-06-22,history,0.005749,25,41
2026-06-29,history,0.011444,32,47
2026-07-06,history,0.010957,31,35
2026-07-13,history,0.005771,26,36
2026-07-20,history,0.003187,18,20
2026-07-27,history,0.005148,19,28
2026-08-03,history,0.003590,15,21
2026-08-10,history,0.007133,20,28
2026-08-17,history,0.003210,16,19
2026-08-24,history,0.005601,20,28
2026-08-31,history,0.004967,15,26
2026-09-07,history,0.007295,24,35
2026-09-14,history,0.008000,1,2
2025-12-29,hit,0.003137,9,12
2026-01-05,hit,0.001646,22,41
2026-01-12,hit,0.004635,26,57
2026-01-19,hit,0.003586,17,44
2026-01-26,hit,0.003476,25,40
2026-02-02,hit,0.004549,19,46
2026-02-09,hit,0.002179,18,28
2026-02-16,hit,0.003330,18,25
2026-02-23,hit,0.003800,21,58
2026-03-02,hit,0.005869,34,132
2026-03-09,hit,0.007425,37,123
2026-03-16,hit,0.007464,34,129
2026-03-23,hit,0.007153,34,113
2026-03-30,hit,0.007113,31,94
2026-04-06,hit,0.003127,22,80
2026-04-13,hit,0.006170,28,54
2026-04-20,hit,0.006778,29,62
2026-04-27,hit,0.005279,28,64
2026-05-04,hit,0.002496,26,62
2026-05-11,hit,0.003922,24,61
2026-05-18,hit,0.004174,26,70
2026-05-25,hit,0.003387,23,58
2026-06-01,hit,0.007280,29,64
2026-06-08,hit,0.005658,31,64
2026-06-15,hit,0.002775,18,34
2026-06-22,hit,0.006825,32,75
2026-06-29,hit,0.002690,21,46
2026-07-06,hit,0.004954,25,66
2026-07-13,hit,0.007411,30,74
2026-07-20,hit,0.003722,24,78
2026-07-27,hit,0.007639,31,80
2026-08-03,hit,0.004560,27,67
2026-08-10,hit,0.002679,19,56
2026-08-17,hit,0.004089,23,51
2026-08-24,hit,0.004084,26,66
2026-08-31,hit,0.007329,34,87
2026-09-07,hit,0.007306,34,92
2026-09-14,hit,0.018621,7,15
2025-12-29,hits,0.001869,9,11
2026-01-05,hits,0.001489,17,31
2026-01-12,hits,0.004355,25,42
2026-01-19,hits,0.004151,28,54
2026-01-26,hits,0.003437,23,39
2026-02-02,hits,0.002095,19,30
2026-02-09,hits,0.003430,14,27
2026-02-16,hits,0.005584,26,44
2026-02-23,hits,0.005636,26,55
2026-03-02,hits,0.004298,25,69
2026-03-09,hits,0.004160,23,69
2026-03-16,hits,0.006009,30,85
2026-03-23,hits,0.002300,22,64
2026-03-30,hits,0.003751,25,64
2026-04-06,hits,0.003282,19,54
2026-04-13,hits,0.003454,28,47
2026-04-20,hits,0.002324,15,23
2026-04-27,hits,0.003233,23,59
2026-05-04,hits,0.005799,30,55
2026-05-11,hits,0.002320,19,30
2026-05-18,hits,0.003900,18,48
2026-05-25,hits,0.005320,21,56
2026-06-01,hits,0.002472,15,46
2026-06-08,hits,0.004776,26,62
2026-06-15,hits,0.002170,17,33
2026-06-22,hits,0.002348,23,47
2026-06-29,hits,0.001952,17,35
2026-07-06,hits,0.004696,21,60
2026-07-13,hits,0.003803,24,59
2026-07-20,hits,0.004130,24,50
2026-07-27,hits,0.003180,23,55
2026-08-03,hits,0.002408,20,44
2026-08-10,hits,0.004271,28,61
2026-08-17,hits,0.004714,26,71
2026-08-24,hits,0.005648,31,72
2026-08-31,hits,0.003947,23,66
2026-09-07,hits,0.004484,24,71
2026-09-14,hits,0.014457,6,10
2025-12-29,home,0.000970,6,8
2026-01-05,home,0.005962,31,50
2026-01-12,home,0.005363,23,53
2026-01-19,home,0.005930,26,34
2026-01-26,home,0.003570,20,38
2026-02-02,home,0.004504,25,71
2026-02-09,home,0.004680,23,83
2026-02-16,home,0.002787,25,50
2026-02-23,home,0.002689,23,51
2026-03-02,home,0.004116,19,41
2026-03-09,home,0.006169,27,57
2026-03-16,home,0.002648,20,27
2026-03-23,home,0.002085,22,39
2026-03-30,home,0.003132,16,26
2026-04-06,home,0.002372,22,43
2026-04-13,home,0.001845,20,35
2026-04-20,home,0.001815,16,29
2026-04-27,home,0.003712,19,30
2026-05-04,home,0.002818,17,29
2026-05-11,home,0.002549,23,40
2026-05-18,home,0.001429,18,25
2026-05-25,home,0.004177,19,29
2026-06-01,home,0.001242,12,17
2026-06-08,home,0.001411,14,25
2026-06-15,home,0.003156,18,29
2026-06-22,home,0.001598,18,23
2026-06-29,home,0.002057,19,33
2026-07-06,home,0.002691,16,18
2026-07-13,home,0.003348,20,27
2026-07-20,home,0.001897,18,30
2026-07-27,home,0.001953,16,32
2026-08-03,home,0.002224,17,41
2026-08-10,home,0.006091,27,46
2026-08-17,home,0.003808,25,49
2026-08-24,home,0.002591,21,30
2026-08-31,home,0.001243,12,21
2026-09-07,home,0.003582,22,30
2026-09-14,home,0.001039,1,2
2026-01-26,hormuz,0.000087,3,3
2026-02-02,hormuz,0.000043,2,2
2026-02-09,hormuz,0.000047,3,3
2026-02-16,hormuz,0.001836,8,21
2026-02-23,hormuz,0.001559,11,17
2026-03-02,hormuz,0.003012,23,51
2026-03-09,hormuz,0.012951,37,261
2026-03-16,hormuz,0.019598,47,320
2026-03-23,hormuz,0.010286,34,176
2026-03-30,hormuz,0.017788,42,220
2026-04-06,hormuz,0.020276,48,354
2026-04-13,hormuz,0.039135,68,652
2026-04-20,hormuz,0.014938,35,325
2026-04-27,hormuz,0.005754,26,193
2026-05-04,hormuz,0.019155,42,410
2026-05-11,hormuz,0.004054,18,124
2026-05-18,hormuz,0.004283,22,117
2026-05-25,hormuz,0.004830,23,125
2026-06-01,hormuz,0.003341,18,59
2026-06-08,hormuz,0.006204,27,112
2026-06-15,hormuz,0.009149,33,177
2026-06-22,hormuz,0.006613,29,157
2026-06-29,hormuz,0.004805,18,68
2026-07-06,hormuz,0.003772,21,106
2026-07-13,hormuz,0.009764,33,200
2026-07-20,hormuz,0.001259,13,56
2026-07-27,hormuz,0.001124,10,48
2026-08-03,hormuz,0.008740,27,168
2026-08-10,hormuz,0.005909,26,151
2026-08-17,hormuz,0.007770,31,113
2026-08-24,hormuz,0.006697,22,75
2026-08-31,hormuz,0.004447,22,87
2026-09-07,hormuz,0.002138,15,72
2026-09-14,hormuz,0.017711,8,13
2025-12-29,host,0.002408,5,5
2026-01-05,host,0.005219,18,30
2026-01-12,host,0.004031,12,28
2026-01-19,host,0.004730,21,32
2026-01-26,host,0.004045,17,24
2026-02-02,host,0.004854,26,43
2026-02-09,host,0.003743,15,24
2026-02-16,host,0.003189,16,20
2026-02-23,host,0.004935,17,30
2026-03-02,host,0.003146,13,19
2026-03-09,host,0.005008,15,24
2026-03-16,host,0.003308,11,21
2026-03-23,host,0.004002,19,34
2026-03-30,host,0.004167,15,27
2026-04-06,host,0.005220,28,42
2026-04-13,host,0.004050,17,35
2026-04-20,host,0.003053,17,36
2026-04-27,host,0.003382,21,29
2026-05-04,host,0.004289,18,26
2026-05-11,host,0.004088,13,25
2026-05-18,host,0.004531,19,32
2026-05-25,host,0.003024,14,16
2026-06-01,host,0.005701,22,36
2026-06-08,host,0.004708,21,30
2026-06-15,host,0.004200,18,32
2026-06-22,host,0.003068,13,23
2026-06-29,host,0.003921,12,19
2026-07-06,host,0.004243,11,27
2026-07-13,host,0.005384,14,33
2026-07-20,host,0.003737,15,25
2026-07-27,host,0.004321,16,23
2026-08-03,host,0.005500,18,28
2026-08-10,host,0.004193,17,26
2026-08-17,host,0.004039,15,24
2026-08-24,host,0.005449,17,32
2026-08-31,host,0.003470,15,23
2026-09-07,host,0.003349,13,21
2025-12-29,house,0.008230,14,31
2026-01-05,house,0.014646,48,206
2026-01-12,house,0.009560,37,170
2026-01-19,house,0.008997,41,158
2026-01-26,house,0.007938,33,112
2026-02-02,house,0.014399,42,198
2026-02-09,house,0.016118,52,215
2026-02-16,house,0.010372,42,118
2026-02-23,house,0.008472,41,151
2026-03-02,house,0.011611,40,180
2026-03-09,house,0.008038,38,107
2026-03-16,house,0.012648,46,143
2026-03-23,house,0.010718,40,171
2026-03-30,house,0.011036,42,137
2026-04-06,house,0.013871,48,170
2026-04-13,house,0.010225,44,175
2026-04-20,house,0.022983,57,337
2026-04-27,house,0.027233,55,338
2026-05-04,house,0.015965,46,167
2026-05-11,house,0.008713,37,135
2026-05-18,house,0.016367,56,237
2026-05-25,house,0.020696,52,151
2026-06-01,house,0.017480,58,200
2026-06-08,house,0.022622,56,208
2026-06-15,house,0.030469,71,223
2026-06-22,house,0.012961,40,111
2026-06-29,house,0.009435,36,106
2026-07-06,house,0.008101,31,92
2026-07-13,house,0.010657,46,152
2026-07-20,house,0.015831,47,215
2026-07-27,house,0.007725,36,92
2026-08-03,house,0.006868,37,91
2026-08-10,house,0.008509,34,94
2026-08-17,house,0.012079,41,131
2026-08-24,house,0.007771,32,69
2026-08-31,house,0.010760,36,145
2026-09-07,house,0.005594,27,71
2026-09-14,house,0.000519,1,2
2025-12-29,huge,0.005128,11,17
2026-01-05,huge,0.003029,12,24
2026-01-12,huge,0.004976,16,35
2026-01-19,huge,0.003123,15,25
2026-01-26,huge,0.004069,17,32
2026-02-02,huge,0.003271,20,40
2026-02-09,huge,0.004453,16,33
2026-02-16,huge,0.006025,17,34
2026-02-23,huge,0.002059,11,35
2026-03-02,huge,0.007271,25,47
2026-03-09,huge,0.004202,19,45
2026-03-16,huge,0.004933,21,45
2026-03-23,huge,0.004207,23,49
2026-03-30,huge,0.001576,12,43
2026-04-06,huge,0.005919,27,51
2026-04-13,huge,0.003559,12,30
2026-04-20,huge,0.002362,12,28
2026-04-27,huge,0.006123,19,31
2026-05-04,huge,0.003804,17,31
2026-05-11,huge,0.004403,17,27
2026-05-18,huge,0.005266,18,29
2026-05-25,huge,0.004587,17,40
2026-06-01,huge,0.005202,18,38
2026-06-08,huge,0.005530,18,39
2026-06-15,huge,0.003464,16,29
2026-06-22,huge,0.004820,14,27
2026-06-29,huge,0.002898,20,37
2026-07-06,huge,0.004440,16,35
2026-07-13,huge,0.002565,15,35
2026-07-20,huge,0.003296,15,32
2026-07-27,huge,0.003305,17,36
2026-08-03,huge,0.003928,17,40
2026-08-10,huge,0.002567,16,36
2026-08-17,huge,0.004572,19,34
2026-08-24,huge,0.002535,18,28
2026-08-31,huge,0.003616,15,28
2026-09-07,huge,0.002721,10,18
2026-09-14,huge,0.007710,3,6
2025-12-29,humiliated,0.000840,1,1
2026-01-05,humiliated,0.001697,7,9
2026-01-12,humiliated,0.002539,8,11
2026-01-19,humiliated,0.005090,13,20
2026-01-26,humiliated,0.002713,10,11
2026-02-02,humiliated,0.003134,11,14
2026-02-09,humiliated,0.002702,11,13
2026-02-16,humiliated,0.004280,12,13
2026-02-23,humiliated,0.001223,4,6
2026-03-02,humiliated,0.002718,13,16
2026-03-09,humiliated,0.004412,12,14
2026-03-16,humiliated,0.001998,9,12
2026-03-23,humiliated,0.003440,12,17
2026-03-30,humiliated,0.004808,16,18
2026-04-06,humiliated,0.005818,22,30
2026-04-13,humiliated,0.004079,17,21
2026-04-20,humiliated,0.002271,10,16
2026-04-27,humiliated,0.006739,19,31
2026-05-04,humiliated,0.002516,12,16
2026-05-11,humiliated,0.005476,18,28
2026-05-18,humiliated,0.005447,16,22
2026-05-25,humiliated,0.005406,17,23
2026-06-01,humiliated,0.002898,10,16
2026-06-08,humiliated,0.002467,14,19
2026-06-15,humiliated,0.004694,15,17
2026-06-22,humiliated,0.003585,12,22
2026-06-29,humiliated,0.002775,10,13
2026-07-06,humiliated,0.002956,13,16
2026-07-13,humiliated,0.003748,12,15
2026-07-20,humiliated,0.003673,15,19
2026-07-27,humiliated,0.003068,9,14
2026-08-03,humiliated,0.003186,11,14
2026-08-10,humiliated,0.003287,6,7
2026-08-17,humiliated,0.003212,12,17
2026-08-24,humiliated,0.003459,12,15
2026-08-31,humiliated,0.003492,12,14
2026-09-07,humiliated,0.004303,12,16
2025-12-29,i'm,0.004033,6,6
2026-01-05,i'm,0.002399,15,18
2026-01-12,i'm,0.002414,8,13
2026-01-19,i'm,0.002269,9,14
2026-01-26,i'm,0.003400,17,26
2026-02-02,i'm,0.000883,7,10
2026-02-09,i'm,0.001341,7,8
2026-02-16,i'm,0.004243,8,10
2026-02-23,i'm,0.003996,15,17
2026-03-02,i'm,0.002011,10,13
2026-03-09,i'm,0.001661,8,12
2026-03-16,i'm,0.002577,16,19
2026-03-23,i'm,0.002837,14,15
2026-03-30,i'm,0.000600,9,12
2026-04-06,i'm,0.001851,11,14
2026-04-13,i'm,0.002351,12,16
2026-04-20,i'm,0.001339,13,18
2026-04-27,i'm,0.003465,14,16
2026-05-04,i'm,0.003348,8,11
2026-05-11,i'm,0.006620,17,22
2026-05-18,i'm,0.004020,12,13
2026-05-25,i'm,0.002668,7,8
2026-06-01,i'm,0.001567,13,16
2026-06-08,i'm,0.001388,8,14
2026-06-15,i'm,0.002431,18,25
2026-06-22,i'm,0.001316,11,14
2026-06-29,i'm,0.000953,5,7
2026-07-06,i'm,0.001528,10,10
2026-07-13,i'm,0.003510,15,23
2026-07-20,i'm,0.001494,11,14
2026-07-27,i'm,0.001955,13,18
2026-08-03,i'm,0.004201,12,19
2026-08-10,i'm,0.003593,16,17
2026-08-17,i'm,0.001673,9,13
2026-08-24,i'm,0.001945,10,15
2026-08-31,i'm,0.002619,11,18
2026-09-07,i'm,0.003155,14,19
2025-12-29,ice,0.010578,14,21
2026-01-05,ice,0.122834,114,937
2026-01-12,ice,0.128165,114,765
2026-01-19,ice,0.100244,104,660
2026-01-26,ice,0.123274,117,766
2026-02-02,ice,0.064618,91,393
2026-02-09,ice,0.046022,83,322
2026-02-16,ice,0.029607,57,157
2026-02-23,ice,0.022191,51,124
2026-03-02,ice,0.010544,34,71
2026-03-09,ice,0.006433,23,44
2026-03-16,ice,0.009092,31,61
2026-03-23,ice,0.035054,79,229
2026-03-30,ice,0.007478,28,45
2026-04-06,ice,0.004290,26,45
2026-04-13,ice,0.011810,31,71
2026-04-20,ice,0.003168,20,35
2026-04-27,ice,0.003913,22,34
2026-05-04,ice,0.005830,26,39
2026-05-11,ice,0.002994,15,32
2026-05-18,ice,0.008359,25,47
2026-05-25,ice,0.021482,47,138
2026-06-01,ice,0.014476,37,109
2026-06-08,ice,0.008258,30,68
2026-06-15,ice,0.007323,23,46
2026-06-22,ice,0.005792,22,36
2026-06-29,ice,0.004365,19,32
2026-07-06,ice,0.019957,46,110
2026-07-13,ice,0.031510,66,252
2026-07-20,ice,0.018681,46,112
2026-07-27,ice,0.007395,27,55
2026-08-03,ice,0.009932,31,54
2026-08-10,ice,0.009667,36,82
2026-08-17,ice,0.008170,28,47
2026-08-24,ice,0.016600,45,80
2026-08-31,ice,0.013704,37,67
2026-09-07,ice,0.003254,18,23
2026-09-14,ice,0.002353,1,1
2025-12-29,illegal,0.007502,13,22
2026-01-05,illegal,0.004489,21,35
2026-01-12,illegal,0.005835,21,31
2026-01-19,illegal,0.004009,18,26
2026-01-26,illegal,0.004229,17,31
2026-02-02,illegal,0.005984,18,31
2026-02-09,illegal,0.003979,22,31
2026-02-16,illegal,0.007647,22,32
2026-02-23,illegal,0.003551,16,30
2026-03-02,illegal,0.005534,16,24
2026-03-09,illegal,0.002427,13,18
2026-03-16,illegal,0.003678,20,23
2026-03-23,illegal,0.003737,20,32
2026-03-30,illegal,0.005320,20,28
2026-04-06,illegal,0.002641,14,17
2026-04-13,illegal,0.003865,21,30
2026-04-20,illegal,0.002114,17,18
2026-04-27,illegal,0.001968,12,16
2026-05-04,illegal,0.003334,16,21
2026-05-11,illegal,0.001226,13,20
2026-05-18,illegal,0.001661,13,16
2026-05-25,illegal,0.001797,14,25
2026-06-01,illegal,0.001883,16,24
2026-06-08,illegal,0.000867,9,17
2026-06-15,illegal,0.003361,18,22
2026-06-22,illegal,0.000407,4,5
2026-06-29,illegal,0.002977,15,24
2026-07-06,illegal,0.005079,15,26
2026-07-13,illegal,0.004686,18,26
2026-07-20,illegal,0.006711,19,31
2026-07-27,illegal,0.001547,18,26
2026-08-03,illegal,0.003427,18,32
2026-08-10,illegal,0.003938,17,23
2026-08-17,illegal,0.004825,21,36
2026-08-24,illegal,0.002765,13,18
2026-08-31,illegal,0.006369,28,42
2026-09-07,illegal,0.002100,11,20
2025-12-29,immigration,0.001089,4,8
2026-01-05,immigration,0.002166,19,49
2026-01-12,immigration,0.002172,20,38
2026-01-19,immigration,0.007391,30,66
2026-01-26,immigration,0.012772,32,110
2026-02-02,immigration,0.008831,33,74
2026-02-09,immigration,0.005492,28,88
2026-02-16,immigration,0.001941,14,20
2026-02-23,immigration,0.003737,19,44
2026-03-02,immigration,0.001113,13,19
2026-03-09,immigration,0.002512,11,14
2026-03-16,immigration,0.000586,10,19
2026-03-23,immigration,0.002958,15,22
2026-03-30,immigration,0.005746,14,17
2026-04-06,immigration,0.002677,12,16
2026-04-13,immigration,0.002198,11,17
2026-04-20,immigration,0.001449,10,18
2026-04-27,immigration,0.002248,10,13
2026-05-04,immigration,0.001772,8,10
2026-05-11,immigration,0.000482,8,12
2026-05-18,immigration,0.001052,13,15
2026-05-25,immigration,0.005209,16,24
2026-06-01,immigration,0.002256,19,34
2026-06-08,immigration,0.001855,15,22
2026-06-15,immigration,0.001071,10,12
2026-06-22,immigration,0.004552,25,44
2026-06-29,immigration,0.006522,24,40
2026-07-06,immigration,0.002405,7,9
2026-07-13,immigration,0.001990,10,15
2026-07-20,immigration,0.001755,9,13
2026-07-27,immigration,0.002972,11,16
2026-08-03,immigration,0.002809,14,22
2026-08-10,immigration,0.001009,8,14
2026-08-17,immigration,0.001728,9,9
2026-08-24,immigration,0.002953,15,26
2026-08-31,immigration,0.002414,14,17
2026-09-07,immigration,0.000784,8,10
2026-09-14,immigration,0.014117,6,8
2025-12-29,india,0.001683,4,26
2026-01-05,india,0.001022,6,66
2026-01-12,india,0.001572,5,104
2026-01-19,india,0.001710,6,115
2026-01-26,india,0.003283,11,177
2026-02-02,india,0.003922,13,169
2026-02-09,india,0.002163,10,138
2026-02-16,india,0.004909,10,289
2026-02-23,india,0.001856,8,105
2026-03-02,india,0.001807,8,127
2026-03-09,india,0.002096,8,97
2026-03-16,india,0.001966,7,80
2026-03-23,india,0.000937,5,69
2026-03-30,india,0.000837,7,63
2026-04-06,india,0.000736,6,57
2026-04-13,india,0.001499,7,122
2026-04-20,india,0.001175,6,104
2026-04-27,india,0.002449,7,100
2026-05-04,india,0.001692,9,118
2026-05-11,india,0.001825,9,170
2026-05-18,india,0.002000,8,167
2026-05-25,india,0.001942,8,144
2026-06-01,india,0.001739,10,128
2026-06-08,india,0.002193,10,157
2026-06-15,india,0.003000,14,133
2026-06-22,india,0.001124,4,108
2026-06-29,india,0.002959,9,129
2026-07-06,india,0.004286,8,109
2026-07-13,india,0.001491,7,113
2026-07-20,india,0.004350,14,104
2026-07-27,india,0.006631,16,86
2026-08-03,india,0.005330,10,110
2026-08-10,india,0.005901,8,117
2026-08-17,india,0.004665,8,109
2026-08-24,india,0.004086,10,126
2026-08-31,india,0.004323,10,137
2026-09-07,india,0.002636,9,223
2026-09-14,india,0.013718,2,23
2025-12-29,insane,0.008195,10,14
2026-01-05,insane,0.005058,16,34
2026-01-12,insane,0.007395,18,29
2026-01-19,insane,0.005557,19,27
2026-01-26,insane,0.008641,25,31
2026-02-02,insane,0.008464,24,33
2026-02-09,insane,0.005512,16,26
2026-02-16,insane,0.008331,18,29
2026-02-23,insane,0.008808,21,29
2026-03-02,insane,0.007170,16,26
2026-03-09,insane,0.008138,23,35
2026-03-16,insane,0.011998,25,46
2026-03-23,insane,0.007657,20,31
2026-03-30,insane,0.007790,20,37
2026-04-06,insane,0.010651,30,45
2026-04-13,insane,0.010894,28,51
2026-04-20,insane,0.006350,22,28
2026-04-27,insane,0.010267,21,32
2026-05-04,insane,0.008585,20,35
2026-05-11,insane,0.008750,23,40
2026-05-18,insane,0.004083,15,25
2026-05-25,insane,0.003999,15,21
2026-06-01,insane,0.007980,26,31
2026-06-08,insane,0.007874,17,28
2026-06-15,insane,0.006271,16,22
2026-06-22,insane,0.009117,20,28
2026-06-29,insane,0.012077,25,34
2026-07-06,insane,0.007057,19,29
2026-07-13,insane,0.009976,25,37
2026-07-20,insane,0.008692,21,27
2026-07-27,insane,0.005146,20,33
2026-08-03,insane,0.011249,24,33
2026-08-10,insane,0.008029,22,38
2026-08-17,insane,0.010405,24,35
2026-08-24,insane,0.010298,23,44
2026-08-31,insane,0.008067,22,39
2026-09-07,insane,0.006786,16,30
2025-12-29,inside,0.008369,10,18
2026-01-05,inside,0.005947,26,52
2026-01-12,inside,0.004990,23,42
2026-01-19,inside,0.006849,28,50
2026-01-26,inside,0.006409,27,47
2026-02-02,inside,0.004787,26,51
2026-02-09,inside,0.007564,26,57
2026-02-16,inside,0.003441,24,56
2026-02-23,inside,0.007590,27,60
2026-03-02,inside,0.008638,32,54
2026-03-09,inside,0.007221,26,55
2026-03-16,inside,0.008718,28,53
2026-03-23,inside,0.008870,31,62
2026-03-30,inside,0.010369,29,61
2026-04-06,inside,0.009705,36,71
2026-04-13,inside,0.005615,25,50
2026-04-20,inside,0.009200,33,79
2026-04-27,inside,0.006050,25,60
2026-05-04,inside,0.008592,31,62
2026-05-11,inside,0.005890,25,56
2026-05-18,inside,0.004488,24,52
2026-05-25,inside,0.007527,32,60
2026-06-01,inside,0.005159,26,65
2026-06-08,inside,0.007346,33,56
2026-06-15,inside,0.008145,33,71
2026-06-22,inside,0.005175,26,56
2026-06-29,inside,0.006183,24,68
2026-07-06,inside,0.007616,31,53
2026-07-13,inside,0.004055,27,54
2026-07-20,inside,0.005476,25,51
2026-07-27,inside,0.003949,25,67
2026-08-03,inside,0.002550,22,54
2026-08-10,inside,0.005009,25,57
2026-08-17,inside,0.005569,26,65
2026-08-24,inside,0.004614,26,71
2026-08-31,inside,0.005737,25,60
2026-09-07,inside,0.007589,29,65
2026-09-14,inside,0.003094,2,3
2025-12-29,internet,0.001536,2,2
2026-01-05,internet,0.001844,12,23
2026-01-12,internet,0.003610,17,34
2026-01-19,internet,0.002717,13,16
2026-01-26,internet,0.002354,8,13
2026-02-02,internet,0.001543,5,8
2026-02-09,internet,0.001818,9,12
2026-02-16,internet,0.002070,10,14
2026-02-23,internet,0.002294,3,5
2026-03-02,internet,0.002660,10,13
2026-03-09,internet,0.002286,9,10
2026-03-16,internet,0.001187,5,10
2026-03-23,internet,0.002177,6,7
2026-03-30,internet,0.002039,9,16
2026-04-06,internet,0.003543,12,19
2026-04-13,internet,0.001121,7,11
2026-04-20,internet,0.003173,12,25
2026-04-27,internet,0.002205,10,14
2026-05-04,internet,0.000806,8,9
2026-05-11,internet,0.004335,14,21
2026-05-18,internet,0.002991,12,20
2026-05-25,internet,0.003743,12,18
2026-06-01,internet,0.001097,7,9
2026-06-08,internet,0.001314,7,13
2026-06-15,internet,0.001364,5,13
2026-06-22,internet,0.004101,10,13
2026-06-29,internet,0.002268,5,11
2026-07-06,internet,0.001876,5,9
2026-07-13,internet,0.003775,9,14
2026-07-20,internet,0.000819,6,12
2026-07-27,internet,0.002710,5,11
2026-08-03,internet,0.004204,10,16
2026-08-10,internet,0.001310,7,13
2026-08-17,internet,0.002275,6,10
2026-08-24,internet,0.002612,9,14
2026-08-31,internet,0.001112,7,12
2026-09-07,internet,0.000930,3,8
2025-12-29,interview,0.004706,7,12
2026-01-05,interview,0.006565,24,36
2026-01-12,interview,0.005012,22,35
2026-01-19,interview,0.005772,21,33
2026-01-26,interview,0.005700,19,31
2026-02-02,interview,0.007185,24,41
2026-02-09,interview,0.006021,16,31
2026-02-16,interview,0.014067,38,64
2026-02-23,interview,0.007197,22,38
2026-03-02,interview,0.007120,20,38
2026-03-09,interview,0.007824,27,33
2026-03-16,interview,0.005065,21,36
2026-03-23,interview,0.009382,30,44
2026-03-30,interview,0.004887,17,23
2026-04-06,interview,0.004902,15,27
2026-04-13,interview,0.010689,31,49
2026-04-20,interview,0.010078,26,37
2026-04-27,interview,0.014251,33,49
2026-05-04,interview,0.010665,30,45
2026-05-11,interview,0.011540,33,51
2026-05-18,interview,0.009377,28,45
2026-05-25,interview,0.007131,29,45
2026-06-01,interview,0.008032,37,47
2026-06-08,interview,0.012632,38,69
2026-06-15,interview,0.009423,29,42
2026-06-22,interview,0.007911,24,35
2026-06-29,interview,0.005942,22,38
2026-07-06,interview,0.011808,24,40
2026-07-13,interview,0.009753,26,38
2026-07-20,interview,0.009552,22,33
2026-07-27,interview,0.007954,24,37
2026-08-03,interview,0.009759,32,44
2026-08-10,interview,0.008647,26,34
2026-08-17,interview,0.004563,19,31
2026-08-24,interview,0.008706,28,47
2026-08-31,interview,0.010906,28,41
2026-09-07,interview,0.006183,22,35
2026-09-14,interview,0.010303,2,4
2025-12-29,investigation,0.002661,9,9
2026-01-05,investigation,0.003180,21,45
2026-01-12,investigation,0.007690,27,77
2026-01-19,investigation,0.004171,27,40
2026-01-26,investigation,0.003402,25,49
2026-02-02,investigation,0.006611,29,72
2026-02-09,investigation,0.004725,26,61
2026-02-16,investigation,0.005717,25,57
2026-02-23,investigation,0.006484,32,48
2026-03-02,investigation,0.001733,17,29
2026-03-09,investigation,0.004788,23,30
2026-03-16,investigation,0.007567,27,32
2026-03-23,investigation,0.001837,12,25
2026-03-30,investigation,0.002362,16,22
2026-04-06,investigation,0.001381,10,16
2026-04-13,investigation,0.004791,22,24
2026-04-20,investigation,0.003282,26,42
2026-04-27,investigation,0.002093,17,19
2026-05-04,investigation,0.002860,13,20
2026-05-11,investigation,0.001986,13,15
2026-05-18,investigation,0.001150,16,23
2026-05-25,investigation,0.005072,20,32
2026-06-01,investigation,0.003703,17,22
2026-06-08,investigation,0.003439,13,20
2026-06-15,investigation,0.004551,23,32
2026-06-22,investigation,0.001966,15,22
2026-06-29,investigation,0.001493,15,17
2026-07-06,investigation,0.005014,19,41
2026-07-13,investigation,0.005756,28,38
2026-07-20,investigation,0.003724,16,26
2026-07-27,investigation,0.002611,18,26
2026-08-03,investigation,0.003213,18,20
2026-08-10,investigation,0.001807,11,12
2026-08-17,investigation,0.002540,16,24
2026-08-24,investigation,0.002629,11,13
2026-08-31,investigation,0.003326,15,19
2026-09-07,investigation,0.001836,16,20
2025-12-29,iran,0.024806,31,89
2026-01-05,iran,0.025552,53,249
2026-01-12,iran,0.092307,85,823
2026-01-19,iran,0.025941,47,180
2026-01-26,iran,0.028162,43,286
2026-02-02,iran,0.030792,48,273
2026-02-09,iran,0.025153,41,218
2026-02-16,iran,0.052864,69,482
2026-02-23,iran,0.115142,106,1344
2026-03-02,iran,0.280934,147,2903
2026-03-09,iran,0.223625,126,2262
2026-03-16,iran,0.190148,124,1989
2026-03-23,iran,0.166090,112,1903
2026-03-30,iran,0.151679,115,1856
2026-04-06,iran,0.215941,139,2284
2026-04-13,iran,0.117731,110,1482
2026-04-20,iran,0.106640,101,1285
2026-04-27,iran,0.069885,78,1067
2026-05-04,iran,0.097856,96,1083
2026-05-11,iran,0.066866,87,900
2026-05-18,iran,0.058714,71,822
2026-05-25,iran,0.083653,87,899
2026-06-01,iran,0.069734,80,794
2026-06-08,iran,0.100938,94,1112
2026-06-15,iran,0.155529,122,1377
2026-06-22,iran,0.068324,85,811
2026-06-29,iran,0.041498,60,437
2026-07-06,iran,0.070396,78,797
2026-07-13,iran,0.072163,79,799
2026-07-20,iran,0.099080,91,1028
2026-07-27,iran,0.074990,76,750
2026-08-03,iran,0.047354,60,567
2026-08-10,iran,0.048888,66,534
2026-08-17,iran,0.047193,58,548
2026-08-24,iran,0.051286,62,539
2026-08-31,iran,0.061994,70,704
2026-09-07,iran,0.038909,59,487
2026-09-14,iran,0.071054,13,46
2025-12-29,iranian,0.001481,8,10
2026-01-05,iranian,0.001716,12,27
2026-01-12,iranian,0.012557,37,121
2026-01-19,iranian,0.003424,12,19
2026-01-26,iranian,0.000891,13,27
2026-02-02,iranian,0.004037,20,45
2026-02-09,iranian,0.000488,10,18
2026-02-16,iranian,0.001592,9,20
2026-02-23,iranian,0.006697,31,161
2026-03-02,iranian,0.022284,52,355
2026-03-09,iranian,0.013036,44,223
2026-03-16,iranian,0.010000,34,193
2026-03-23,iranian,0.007628,29,144
2026-03-30,iranian,0.006223,29,106
2026-04-06,iranian,0.008181,37,114
2026-04-13,iranian,0.007986,33,118
2026-04-20,iranian,0.007916,36,152
2026-04-27,iranian,0.004163,22,49
2026-05-04,iranian,0.005467,30,119
2026-05-11,iranian,0.004457,20,46
2026-05-18,iranian,0.003379,18,32
2026-05-25,iranian,0.001948,18,57
2026-06-01,iranian,0.002336,20,66
2026-06-08,iranian,0.003233,23,58
2026-06-15,iranian,0.003513,25,43
2026-06-22,iranian,0.002795,21,46
2026-06-29,iranian,0.001551,13,23
2026-07-06,iranian,0.003708,25,67
2026-07-13,iranian,0.006110,21,109
2026-07-20,iranian,0.003911,19,64
2026-07-27,iranian,0.002718,22,44
2026-08-03,iranian,0.001415,10,21
2026-08-10,iranian,0.003098,17,38
2026-08-17,iranian,0.000598,10,18
2026-08-24,iranian,0.001236,12,25
2026-08-31,iranian,0.003521,20,49
2026-09-07,iranian,0.002262,18,48
2026-09-14,iranian,0.005267,3,5
2025-12-29,islam,0.004407,5,8
2026-01-05,islam,0.001915,3,12
2026-01-12,islam,0.003575,5,10
2026-01-19,islam,0.002493,5,8
2026-01-26,islam,0.002961,6,10
2026-02-02,islam,0.002105,6,10
2026-02-09,islam,0.000537,3,4
2026-02-16,islam,0.002178,6,12
2026-02-23,islam,0.000750,3,3
2026-03-02,islam,0.002568,5,8
2026-03-09,islam,0.002754,8,10
2026-03-16,islam,0.004270,9,13
2026-03-23,islam,0.002813,5,11
2026-03-30,islam,0.002238,6,13
2026-04-06,islam,0.002215,7,12
2026-04-13,islam,0.003715,4,8
2026-04-20,islam,0.001512,4,5
2026-04-27,islam,0.000866,1,3
2026-05-04,islam,0.003541,6,11
2026-05-11,islam,0.002428,4,6
2026-05-18,islam,0.001010,3,4
2026-05-25,islam,0.001964,4,4
2026-06-01,islam,0.001121,3,3
2026-06-08,islam,0.000239,1,1
2026-06-15,islam,0.000650,1,4
2026-06-22,islam,0.002253,4,6
2026-06-29,islam,0.003069,4,6
2026-07-06,islam,0.001889,6,8
2026-07-13,islam,0.001973,3,7
2026-07-20,islam,0.002922,4,8
2026-07-27,islam,0.006625,6,14
2026-08-03,islam,0.008119,12,18
2026-08-10,islam,0.005944,5,9
2026-08-17,islam,0.003771,8,11
2026-08-24,islam,0.002827,8,15
2026-08-31,islam,0.001548,5,9
2026-09-07,islam,0.005863,10,13
2025-12-29,isn't,0.004281,9,11
2026-01-05,isn't,0.002278,12,14
2026-01-12,isn't,0.002004,7,8
2026-01-19,isn't,0.004867,18,25
2026-01-26,isn't,0.003787,18,22
2026-02-02,isn't,0.002280,11,12
2026-02-09,isn't,0.003110,14,18
2026-02-16,isn't,0.002763,12,15
2026-02-23,isn't,0.002194,8,9
2026-03-02,isn't,0.003349,10,11
2026-03-09,isn't,0.001366,9,12
2026-03-16,isn't,0.003176,14,22
2026-03-23,isn't,0.003639,15,16
2026-03-30,isn't,0.002067,13,16
2026-04-06,isn't,0.002272,16,19
2026-04-13,isn't,0.001852,9,10
2026-04-20,isn't,0.001220,10,10
2026-04-27,isn't,0.005366,13,15
2026-05-04,isn't,0.001885,6,8
2026-05-11,isn't,0.003385,10,13
2026-05-18,isn't,0.001894,11,11
2026-05-25,isn't,0.003137,15,17
2026-06-01,isn't,0.002680,10,11
2026-06-08,isn't,0.004343,15,17
2026-06-15,isn't,0.005382,19,25
2026-06-22,isn't,0.003888,11,19
2026-06-29,isn't,0.002383,12,15
2026-07-06,isn't,0.002748,8,10
2026-07-13,isn't,0.001393,8,10
2026-07-20,isn't,0.003892,10,14
2026-07-27,isn't,0.004790,16,22
2026-08-03,isn't,0.003722,14,15
2026-08-10,isn't,0.004406,16,19
2026-08-17,isn't,0.001984,11,13
2026-08-24,isn't,0.002351,13,20
2026-08-31,isn't,0.003452,12,16
2026-09-07,isn't,0.004732,12,15
2025-12-29,israel,0.014783,16,29
2026-01-05,israel,0.008799,26,50
2026-01-12,israel,0.018657,33,74
2026-01-19,israel,0.005811,20,47
2026-01-26,israel,0.010410,29,64
2026-02-02,israel,0.011267,23,54
2026-02-09,israel,0.011608,24,68
2026-02-16,israel,0.014385,35,78
2026-02-23,israel,0.035920,61,441
2026-03-02,israel,0.044679,69,547
2026-03-09,israel,0.037275,54,366
2026-03-16,israel,0.044708,62,423
2026-03-23,israel,0.035741,54,312
2026-03-30,israel,0.028235,50,265
2026-04-06,israel,0.034874,62,399
2026-04-13,israel,0.031113,59,277
2026-04-20,israel,0.017793,39,157
2026-04-27,israel,0.015553,32,107
2026-05-04,israel,0.016114,33,96
2026-05-11,israel,0.028324,49,154
2026-05-18,israel,0.024088,46,148
2026-05-25,israel,0.033703,51,184
2026-06-01,israel,0.036360,53,277
2026-06-08,israel,0.036774,65,317
2026-06-15,israel,0.052567,65,295
2026-06-22,israel,0.022945,46,164
2026-06-29,israel,0.013906,34,112
2026-07-06,israel,0.016567,39,96
2026-07-13,israel,0.023563,44,119
2026-07-20,israel,0.021283,42,120
2026-07-27,israel,0.013919,36,101
2026-08-03,israel,0.018503,35,124
2026-08-10,israel,0.019143,32,78
2026-08-17,israel,0.023434,39,130
2026-08-24,israel,0.010199,30,73
2026-08-31,israel,0.008863,24,68
2026-09-07,israel,0.019491,35,109
2026-09-14,israel,0.016000,2,3
2025-12-29,israeli,0.002382,5,6
2026-01-05,israeli,0.002172,9,20
2026-01-12,israeli,0.001423,9,14
2026-01-19,israeli,0.002132,16,25
2026-01-26,israeli,0.003913,13,34
2026-02-02,israeli,0.002768,17,29
2026-02-09,israeli,0.003327,14,41
2026-02-16,israeli,0.003222,14,30
2026-02-23,israeli,0.006823,28,106
2026-03-02,israeli,0.007883,28,145
2026-03-09,israeli,0.007530,26,124
2026-03-16,israeli,0.006513,25,143
2026-03-23,israeli,0.005988,23,92
2026-03-30,israeli,0.009140,24,85
2026-04-06,israeli,0.010020,33,150
2026-04-13,israeli,0.005771,22,82
2026-04-20,israeli,0.003133,18,41
2026-04-27,israeli,0.003923,17,58
2026-05-04,israeli,0.003455,12,32
2026-05-11,israeli,0.006451,20,55
2026-05-18,israeli,0.011226,28,92
2026-05-25,israeli,0.007126,23,71
2026-06-01,israeli,0.007481,26,85
2026-06-08,israeli,0.007399,28,70
2026-06-15,israeli,0.006339,26,59
2026-06-22,israeli,0.003857,15,40
2026-06-29,israeli,0.005955,16,37
2026-07-06,israeli,0.002853,17,33
2026-07-13,israeli,0.006337,20,42
2026-07-20,israeli,0.004710,19,46
2026-07-27,israeli,0.003871,21,54
2026-08-03,israeli,0.005099,17,41
2026-08-10,israeli,0.004474,17,52
2026-08-17,israeli,0.003744,19,47
2026-08-24,israeli,0.002440,14,29
2026-08-31,israeli,0.006668,19,42
2026-09-07,israeli,0.008076,25,67
2025-12-29,james,0.005708,5,6
2026-01-05,james,0.003597,11,16
2026-01-12,james,0.003185,12,15
2026-01-19,james,0.004733,10,19
2026-01-26,james,0.004204,10,18
2026-02-02,james,0.003012,12,23
2026-02-09,james,0.005028,18,32
2026-02-16,james,0.009860,22,38
2026-02-23,james,0.003702,12,20
2026-03-02,james,0.003847,22,41
2026-03-09,james,0.005263,21,29
2026-03-16,james,0.004093,20,25
2026-03-23,james,0.004057,16,26
2026-03-30,james,0.003400,9,10
2026-04-06,james,0.003373,12,19
2026-04-13,james,0.001072,6,12
2026-04-20,james,0.003258,11,17
2026-04-27,james,0.013146,37,89
2026-05-04,james,0.003686,10,14
2026-05-11,james,0.006343,16,25
2026-05-18,james,0.004417,11,18
2026-05-25,james,0.009506,26,41
2026-06-01,james,0.004891,19,26
2026-06-08,james,0.002399,13,19
2026-06-15,james,0.001511,11,14
2026-06-22,james,0.006560,18,20
2026-06-29,james,0.006289,20,23
2026-07-06,james,0.001905,6,10
2026-07-13,james,0.000752,8,10
2026-07-20,james,0.002999,16,25
2026-07-27,james,0.002118,11,16
2026-08-03,james,0.004777,16,25
2026-08-10,james,0.003938,12,20
2026-08-17,james,0.006056,18,25
2026-08-24,james,0.004935,15,24
2026-08-31,james,0.006406,22,41
2026-09-07,james,0.003904,17,28
2026-09-14,james,0.010105,2,2
2025-12-29,jd,0.004439,8,9
2026-01-05,jd,0.011283,40,81
2026-01-12,jd,0.005489,14,15
2026-01-19,jd,0.005122,24,54
2026-01-26,jd,0.001411,7,9
2026-02-02,jd,0.005107,19,39
2026-02-09,jd,0.002439,15,24
2026-02-16,jd,0.002949,15,16
2026-02-23,jd,0.004462,22,29
2026-03-02,jd,0.003428,14,14
2026-03-09,jd,0.000956,12,18
2026-03-16,jd,0.002825,19,25
2026-03-23,jd,0.003098,15,23
2026-03-30,jd,0.003999,20,26
2026-04-06,jd,0.010678,38,133
2026-04-13,jd,0.018119,48,100
2026-04-20,jd,0.001611,13,18
2026-04-27,jd,0.002726,14,19
2026-05-04,jd,0.003382,15,19
2026-05-11,jd,0.003801,25,49
2026-05-18,jd,0.005924,37,59
2026-05-25,jd,0.003960,20,45
2026-06-01,jd,0.002434,13,16
2026-06-08,jd,0.002306,11,16
2026-06-15,jd,0.034285,75,194
2026-06-22,jd,0.009036,37,84
2026-06-29,jd,0.007031,32,51
2026-07-06,jd,0.001617,13,17
2026-07-13,jd,0.014194,35,53
2026-07-20,jd,0.006100,24,29
2026-07-27,jd,0.000630,11,16
2026-08-03,jd,0.007096,16,28
2026-08-10,jd,0.001771,9,11
2026-08-17,jd,0.004096,19,25
2026-08-24,jd,0.003573,22,30
2026-08-31,jd,0.011341,44,94
2026-09-07,jd,0.005521,24,49
2026-09-14,jd,0.001260,2,3
2026-01-05,jlp,0.005485,1,13
2026-01-12,jlp,0.005839,1,11
2026-01-19,jlp,0.005488,1,9
2026-01-26,jlp,0.005833,1,14
2026-02-02,jlp,0.004601,1,9
2026-02-09,jlp,0.003799,1,8
2026-02-16,jlp,0.004990,1,10
2026-02-23,jlp,0.004836,1,13
2026-03-02,jlp,0.004278,1,8
2026-03-09,jlp,0.003493,1,7
2026-03-16,jlp,0.003205,1,7
2026-03-23,jlp,0.005013,1,12
2026-03-30,jlp,0.004192,1,7
2026-04-06,jlp,0.005109,1,8
2026-04-13,jlp,0.005208,1,7
2026-04-20,jlp,0.004496,1,7
2026-04-27,jlp,0.005657,1,14
2026-05-04,jlp,0.005058,1,14
2026-05-11,jlp,0.005157,1,14
2026-05-18,jlp,0.004813,1,9
2026-05-25,jlp,0.005653,2,10
2026-06-01,jlp,0.004952,1,13
2026-06-08,jlp,0.005364,1,14
2026-06-15,jlp,0.005482,1,15
2026-06-22,jlp,0.005388,1,15
2026-06-29,jlp,0.005527,1,13
2026-07-06,jlp,0.005833,1,14
2026-07-13,jlp,0.005561,1,12
2026-07-20,jlp,0.005253,1,13
2026-07-27,jlp,0.006135,1,13
2026-08-03,jlp,0.005387,1,16
2026-08-10,jlp,0.005629,1,12
2026-08-17,jlp,0.005624,1,11
2026-08-24,jlp,0.005726,1,14
2026-08-31,jlp,0.005769,1,12
2026-09-07,jlp,0.005577,1,10
2025-12-29,joe,0.002960,3,4
2026-01-05,joe,0.002165,9,15
2026-01-12,joe,0.007957,24,33
2026-01-19,joe,0.001260,8,15
2026-01-26,joe,0.001813,10,11
2026-02-02,joe,0.002946,15,24
2026-02-09,joe,0.003566,10,20
2026-02-16,joe,0.001238,7,15
2026-02-23,joe,0.001800,11,23
2026-03-02,joe,0.002868,11,21
2026-03-09,joe,0.003561,17,31
2026-03-16,joe,0.032184,63,155
2026-03-23,joe,0.022320,36,85
2026-03-30,joe,0.004889,13,26
2026-04-06,joe,0.005539,18,28
2026-04-13,joe,0.004019,21,26
2026-04-20,joe,0.005511,18,26
2026-04-27,joe,0.001096,7,12
2026-05-04,joe,0.001811,7,14
2026-05-11,joe,0.004791,14,25
2026-05-18,joe,0.007125,17,32
2026-05-25,joe,0.004966,23,44
2026-06-01,joe,0.003482,17,25
2026-06-08,joe,0.001643,10,16
2026-06-15,joe,0.007647,19,34
2026-06-22,joe,0.003419,12,22
2026-06-29,joe,0.003896,9,13
2026-07-06,joe,0.004102,14,24
2026-07-13,joe,0.011628,32,48
2026-07-20,joe,0.003122,13,18
2026-07-27,joe,0.004736,15,27
2026-08-03,joe,0.008268,21,41
2026-08-10,joe,0.009992,20,53
2026-08-17,joe,0.011546,20,50
2026-08-24,joe,0.008069,12,37
2026-08-31,joe,0.007889,16,39
2026-09-07,joe,0.010127,19,66
2026-09-14,joe,0.012987,2,5
2025-12-29,john,0.007076,5,7
2026-01-05,john,0.000657,6,9
2026-01-12,john,0.004723,14,25
2026-01-19,john,0.001719,9,16
2026-01-26,john,0.000818,9,12
2026-02-02,john,0.001256,9,14
2026-02-09,john,0.003638,12,27
2026-02-16,john,0.002764,13,24
2026-02-23,john,0.004906,17,20
2026-03-02,john,0.004930,21,37
2026-03-09,john,0.003269,23,44
2026-03-16,john,0.010915,28,62
2026-03-23,john,0.004114,17,28
2026-03-30,john,0.004213,17,26
2026-04-06,john,0.002478,17,27
2026-04-13,john,0.004052,16,33
2026-04-20,john,0.005991,24,48
2026-04-27,john,0.001853,15,25
2026-05-04,john,0.003803,15,19
2026-05-11,john,0.004374,18,26
2026-05-18,john,0.002278,17,29
2026-05-25,john,0.006217,26,45
2026-06-01,john,0.004757,23,41
2026-06-08,john,0.004908,22,40
2026-06-15,john,0.003859,15,34
2026-06-22,john,0.003367,27,49
2026-06-29,john,0.004445,15,25
2026-07-06,john,0.003126,15,21
2026-07-13,john,0.003663,17,21
2026-07-20,john,0.005772,27,39
2026-07-27,john,0.002917,23,38
2026-08-03,john,0.003086,13,19
2026-08-10,john,0.003218,16,32
2026-08-17,john,0.005805,17,21
2026-08-24,john,0.003163,16,28
2026-08-31,john,0.002761,18,36
2026-09-07,john,0.006609,26,33
2025-12-29,johnson,0.000535,1,3
2026-01-05,johnson,0.003888,12,20
2026-01-12,johnson,0.002574,13,18
2026-01-19,johnson,0.002764,18,27
2026-01-26,johnson,0.002456,9,12
2026-02-02,johnson,0.004822,19,31
2026-02-09,johnson,0.003532,17,29
2026-02-16,johnson,0.003069,11,18
2026-02-23,johnson,0.003981,21,27
2026-03-02,johnson,0.003813,15,24
2026-03-09,johnson,0.001984,11,13
2026-03-16,johnson,0.003628,17,26
2026-03-23,johnson,0.003300,23,43
2026-03-30,johnson,0.002998,10,17
2026-04-06,johnson,0.002174,8,10
2026-04-13,johnson,0.003971,11,16
2026-04-20,johnson,0.004670,12,18
2026-04-27,johnson,0.002721,18,22
2026-05-04,johnson,0.002623,10,16
2026-05-11,johnson,0.007653,28,48
2026-05-18,johnson,0.003146,12,21
2026-05-25,johnson,0.004006,13,15
2026-06-01,johnson,0.003756,11,16
2026-06-08,johnson,0.003369,13,23
2026-06-15,johnson,0.003817,12,19
2026-06-22,johnson,0.003757,17,30
2026-06-29,johnson,0.004365,18,24
2026-07-06,johnson,0.005928,14,19
2026-07-13,johnson,0.005764,20,26
2026-07-20,johnson,0.003349,17,23
2026-07-27,johnson,0.005828,15,23
2026-08-03,johnson,0.003488,10,15
2026-08-10,johnson,0.004365,8,15
2026-08-17,johnson,0.002565,13,18
2026-08-24,johnson,0.002912,9,14
2026-08-31,johnson,0.003049,13,18
2026-09-07,johnson,0.002552,15,24
2026-09-14,johnson,0.020926,5,5
2025-12-29,jones,0.004336,5,5
2026-01-05,jones,0.000734,2,3
2026-01-12,jones,0.003041,6,9
2026-01-19,jones,0.001317,2,4
2026-01-26,jones,0.000992,5,5
2026-02-02,jones,0.002463,7,9
2026-02-09,jones,0.002753,6,7
2026-02-16,jones,0.001558,6,6
2026-02-23,jones,0.000889,8,8
2026-03-02,jones,0.003462,14,19
2026-03-09,jones,0.001321,6,11
2026-03-16,jones,0.002150,10,11
2026-03-23,jones,0.002560,4,5
2026-03-30,jones,0.004782,14,22
2026-04-06,jones,0.011217,26,39
2026-04-13,jones,0.002595,7,14
2026-04-20,jones,0.003843,22,28
2026-04-27,jones,0.005963,19,23
2026-05-04,jones,0.003000,8,16
2026-05-11,jones,0.004289,7,14
2026-05-18,jones,0.002136,7,15
2026-05-25,jones,0.004351,8,16
2026-06-01,jones,0.001805,6,11
2026-06-08,jones,0.001927,6,11
2026-06-15,jones,0.003439,9,15
2026-06-22,jones,0.002896,7,16
2026-06-29,jones,0.004485,7,14
2026-07-06,jones,0.005147,9,18
2026-07-13,jones,0.002634,4,10
2026-07-20,jones,0.007973,14,26
2026-07-27,jones,0.007431,16,27
2026-08-03,jones,0.003373,7,13
2026-08-10,jones,0.005301,11,18
2026-08-17,jones,0.007848,14,32
2026-08-24,jones,0.003260,4,15
2026-08-31,jones,0.007182,11,21
2026-09-07,jones,0.006195,8,13
2025-12-29,judge,0.002620,5,9
2026-01-05,judge,0.004942,20,32
2026-01-12,judge,0.004419,19,36
2026-01-19,judge,0.007644,28,56
2026-01-26,judge,0.008143,29,65
2026-02-02,judge,0.003274,16,28
2026-02-09,judge,0.008977,33,52
2026-02-16,judge,0.004484,17,30
2026-02-23,judge,0.004675,24,41
2026-03-02,judge,0.001597,9,11
2026-03-09,judge,0.003018,16,35
2026-03-16,judge,0.003783,15,36
2026-03-23,judge,0.001840,17,28
2026-03-30,judge,0.004090,23,43
2026-04-06,judge,0.002038,9,13
2026-04-13,judge,0.005481,19,29
2026-04-20,judge,0.007607,23,37
2026-04-27,judge,0.000736,8,12
2026-05-04,judge,0.005564,20,39
2026-05-11,judge,0.004467,15,21
2026-05-18,judge,0.005227,29,47
2026-05-25,judge,0.010679,30,63
2026-06-01,judge,0.002854,22,41
2026-06-08,judge,0.005931,23,51
2026-06-15,judge,0.006312,22,40
2026-06-22,judge,0.012506,29,72
2026-06-29,judge,0.003742,9,29
2026-07-06,judge,0.006691,25,52
2026-07-13,judge,0.006790,22,42
2026-07-20,judge,0.003751,18,36
2026-07-27,judge,0.004549,18,28
2026-08-03,judge,0.004757,19,34
2026-08-10,judge,0.005755,22,43
2026-08-17,judge,0.008019,22,42
2026-08-24,judge,0.008284,28,73
2026-08-31,judge,0.016093,41,158
2026-09-07,judge,0.002128,10,16
2026-09-14,judge,0.003636,1,3
2026-02-23,karmelo,0.000313,1,1
2026-03-09,karmelo,0.000299,1,1
2026-03-16,karmelo,0.000271,1,1
2026-03-30,karmelo,0.000299,1,1
2026-04-20,karmelo,0.000709,3,3
2026-05-25,karmelo,0.000972,3,4
2026-06-01,karmelo,0.014799,22,52
2026-06-08,karmelo,0.064193,57,242
2026-06-15,karmelo,0.012272,18,39
2026-06-22,karmelo,0.007787,15,37
2026-06-29,karmelo,0.000192,1,1
2026-07-06,karmelo,0.001071,3,4
2026-07-13,karmelo,0.000232,1,1
2026-07-20,karmelo,0.000119,1,1
2026-07-27,karmelo,0.000383,1,1
2026-08-17,karmelo,0.011475,25,47
2026-08-24,karmelo,0.003234,8,12
2026-08-31,karmelo,0.002100,5,5
2026-09-07,karmelo,0.001912,7,8
2025-12-29,kelly,0.005736,5,6
2026-01-05,kelly,0.009026,25,58
2026-01-12,kelly,0.002866,19,35
2026-01-19,kelly,0.003639,10,23
2026-01-26,kelly,0.004706,15,26
2026-02-02,kelly,0.006385,15,26
2026-02-09,kelly,0.010554,32,55
2026-02-16,kelly,0.002172,7,18
2026-02-23,kelly,0.001634,9,15
2026-03-02,kelly,0.005881,19,32
2026-03-09,kelly,0.003135,13,23
2026-03-16,kelly,0.006980,15,32
2026-03-23,kelly,0.002633,7,19
2026-03-30,kelly,0.004276,18,25
2026-04-06,kelly,0.006490,21,38
2026-04-13,kelly,0.004460,19,28
2026-04-20,kelly,0.003310,8,20
2026-04-27,kelly,0.000880,9,14
2026-05-04,kelly,0.004956,16,26
2026-05-11,kelly,0.002869,11,19
2026-05-18,kelly,0.000610,5,9
2026-05-25,kelly,0.003592,12,20
2026-06-01,kelly,0.001289,7,10
2026-06-08,kelly,0.000773,4,11
2026-06-15,kelly,0.002706,8,17
2026-06-22,kelly,0.003311,13,22
2026-06-29,kelly,0.002507,11,14
2026-07-06,kelly,0.001911,6,11
2026-07-13,kelly,0.000431,3,6
2026-07-20,kelly,0.002459,7,14
2026-07-27,kelly,0.001134,4,13
2026-08-03,kelly,0.001296,4,11
2026-08-10,kelly,0.000931,5,11
2026-08-17,kelly,0.001829,5,10
2026-08-24,kelly,0.000668,2,5
2026-08-31,kelly,0.000918,2,10
2026-09-07,kelly,0.001565,6,13
2025-12-29,kids,0.002580,3,4
2026-01-05,kids,0.003536,12,17
2026-01-12,kids,0.001859,12,19
2026-01-19,kids,0.002822,13,17
2026-01-26,kids,0.002591,14,15
2026-02-02,kids,0.005699,19,24
2026-02-09,kids,0.008118,16,24
2026-02-16,kids,0.001442,11,14
2026-02-23,kids,0.003542,10,15
2026-03-02,kids,0.005008,9,12
2026-03-09,kids,0.002990,12,14
2026-03-16,kids,0.001498,6,7
2026-03-23,kids,0.001837,9,9
2026-03-30,kids,0.003630,15,20
2026-04-06,kids,0.002472,9,11
2026-04-13,kids,0.003622,12,14
2026-04-20,kids,0.001577,10,18
2026-04-27,kids,0.000754,8,9
2026-05-04,kids,0.003283,14,15
2026-05-11,kids,0.002153,15,20
2026-05-18,kids,0.004197,21,27
2026-05-25,kids,0.003535,12,16
2026-06-01,kids,0.002206,13,15
2026-06-08,kids,0.003145,15,20
2026-06-15,kids,0.003451,14,19
2026-06-22,kids,0.002518,13,14
2026-06-29,kids,0.004053,13,17
2026-07-06,kids,0.003019,12,16
2026-07-13,kids,0.003519,12,15
2026-07-20,kids,0.002065,12,15
2026-07-27,kids,0.003017,18,24
2026-08-03,kids,0.003992,16,17
2026-08-10,kids,0.003404,20,27
2026-08-17,kids,0.006931,27,39
2026-08-24,kids,0.008489,24,32
2026-08-31,kids,0.004436,21,23
2026-09-07,kids,0.003019,12,20
2025-12-29,killed,0.005310,16,38
2026-01-05,killed,0.006690,32,108
2026-01-12,killed,0.004400,22,66
2026-01-19,killed,0.002173,17,42
2026-01-26,killed,0.005534,26,47
2026-02-02,killed,0.001935,15,37
2026-02-09,killed,0.003271,22,42
2026-02-16,killed,0.004017,23,69
2026-02-23,killed,0.011342,44,229
2026-03-02,killed,0.006980,33,115
2026-03-09,killed,0.005626,29,84
2026-03-16,killed,0.006205,29,100
2026-03-23,killed,0.005657,26,66
2026-03-30,killed,0.002387,17,36
2026-04-06,killed,0.002393,18,51
2026-04-13,killed,0.002622,19,37
2026-04-20,killed,0.004410,23,57
2026-04-27,killed,0.001998,18,33
2026-05-04,killed,0.001521,20,29
2026-05-11,killed,0.002683,18,37
2026-05-18,killed,0.003283,23,56
2026-05-25,killed,0.003903,21,46
2026-06-01,killed,0.001673,18,43
2026-06-08,killed,0.003293,18,52
2026-06-15,killed,0.002821,18,43
2026-06-22,killed,0.003196,22,47
2026-06-29,killed,0.003983,22,66
2026-07-06,killed,0.005227,23,58
2026-07-13,killed,0.009621,37,110
2026-07-20,killed,0.006549,34,118
2026-07-27,killed,0.004870,20,63
2026-08-03,killed,0.006694,28,61
2026-08-10,killed,0.004019,19,46
2026-08-17,killed,0.002615,17,57
2026-08-24,killed,0.003017,15,45
2026-08-31,killed,0.003852,19,65
2026-09-07,killed,0.003430,20,44
2026-09-14,killed,0.007772,5,7
2025-12-29,kirk,0.013985,10,22
2026-01-05,kirk,0.005314,17,26
2026-01-12,kirk,0.006818,23,43
2026-01-19,kirk,0.011250,15,34
2026-01-26,kirk,0.009690,20,41
2026-02-02,kirk,0.006060,18,41
2026-02-09,kirk,0.004538,11,20
2026-02-16,kirk,0.004693,6,20
2026-02-23,kirk,0.010837,30,56
2026-03-02,kirk,0.001801,10,15
2026-03-09,kirk,0.008896,22,42
2026-03-16,kirk,0.010459,19,31
2026-03-23,kirk,0.015553,25,38
2026-03-30,kirk,0.022543,35,67
2026-04-06,kirk,0.004925,18,26
2026-04-13,kirk,0.013169,29,68
2026-04-20,kirk,0.005651,17,27
2026-04-27,kirk,0.016090,30,55
2026-05-04,kirk,0.000871,6,15
2026-05-11,kirk,0.010005,18,30
2026-05-18,kirk,0.004510,17,26
2026-05-25,kirk,0.004501,9,14
2026-06-01,kirk,0.004487,15,22
2026-06-08,kirk,0.004761,17,25
2026-06-15,kirk,0.006393,13,23
2026-06-22,kirk,0.003504,10,22
2026-06-29,kirk,0.003297,8,22
2026-07-06,kirk,0.031189,50,295
2026-07-13,kirk,0.009381,17,34
2026-07-20,kirk,0.005666,13,32
2026-07-27,kirk,0.009038,13,34
2026-08-03,kirk,0.004000,11,18
2026-08-10,kirk,0.008981,22,39
2026-08-17,kirk,0.007468,15,32
2026-08-24,kirk,0.007566,13,33
2026-08-31,kirk,0.007717,31,58
2026-09-07,kirk,0.034185,55,166
2026-09-14,kirk,0.002105,1,2
2025-12-29,know,0.006540,10,16
2026-01-05,know,0.005540,24,43
2026-01-12,know,0.002697,17,31
2026-01-19,know,0.003407,19,33
2026-01-26,know,0.002507,17,31
2026-02-02,know,0.005377,25,33
2026-02-09,know,0.006747,25,38
2026-02-16,know,0.004140,21,34
2026-02-23,know,0.005632,25,53
2026-03-02,know,0.007200,25,56
2026-03-09,know,0.006740,19,49
2026-03-16,know,0.006664,25,46
2026-03-23,know,0.006733,25,46
2026-03-30,know,0.010153,24,56
2026-04-06,know,0.005311,22,46
2026-04-13,know,0.004138,19,42
2026-04-20,know,0.004944,18,50
2026-04-27,know,0.005583,25,49
2026-05-04,know,0.003793,19,38
2026-05-11,know,0.004581,19,35
2026-05-18,know,0.008581,24,47
2026-05-25,know,0.007224,21,39
2026-06-01,know,0.006254,20,38
2026-06-08,know,0.002853,17,33
2026-06-15,know,0.008827,28,53
2026-06-22,know,0.007361,20,36
2026-06-29,know,0.005300,18,37
2026-07-06,know,0.007784,21,48
2026-07-13,know,0.005481,26,53
2026-07-20,know,0.006861,24,46
2026-07-27,know,0.005341,18,38
2026-08-03,know,0.003552,16,33
2026-08-10,know,0.005603,21,43
2026-08-17,know,0.006143,17,39
2026-08-24,know,0.005925,27,50
2026-08-31,know,0.008078,25,53
2026-09-07,know,0.005566,22,43
2026-09-14,know,0.007273,2,4
2025-12-29,latest,0.003719,12,12
2026-01-05,latest,0.005605,24,36
2026-01-12,latest,0.005353,18,38
2026-01-19,latest,0.002732,17,36
2026-01-26,latest,0.004882,22,40
2026-02-02,latest,0.008395,34,61
2026-02-09,latest,0.005405,27,44
2026-02-16,latest,0.005428,27,45
2026-02-23,latest,0.002455,22,41
2026-03-02,latest,0.001714,19,53
2026-03-09,latest,0.002883,18,34
2026-03-16,latest,0.002041,15,29
2026-03-23,latest,0.001702,14,31
2026-03-30,latest,0.002678,15,32
2026-04-06,latest,0.004718,16,26
2026-04-13,latest,0.002469,16,28
2026-04-20,latest,0.002189,14,28
2026-04-27,latest,0.007637,28,46
2026-05-04,latest,0.002966,23,39
2026-05-11,latest,0.003765,20,37
2026-05-18,latest,0.002645,15,28
2026-05-25,latest,0.002792,19,35
2026-06-01,latest,0.001475,16,30
2026-06-08,latest,0.003195,22,38
2026-06-15,latest,0.002418,16,22
2026-06-22,latest,0.002411,18,28
2026-06-29,latest,0.000845,12,13
2026-07-06,latest,0.004578,24,44
2026-07-13,latest,0.004249,22,39
2026-07-20,latest,0.004267,23,36
2026-07-27,latest,0.004557,20,32
2026-08-03,latest,0.002613,17,26
2026-08-10,latest,0.003464,17,27
2026-08-17,latest,0.003742,21,24
2026-08-24,latest,0.003202,20,31
2026-08-31,latest,0.002340,17,25
2026-09-07,latest,0.001240,13,15
2026-09-14,latest,0.008889,2,3
2025-12-29,law,0.004583,10,10
2026-01-05,law,0.006384,29,51
2026-01-12,law,0.006849,31,53
2026-01-19,law,0.002359,18,44
2026-01-26,law,0.007203,32,58
2026-02-02,law,0.003545,22,40
2026-02-09,law,0.003796,23,42
2026-02-16,law,0.003059,26,49
2026-02-23,law,0.001063,15,23
2026-03-02,law,0.002447,16,28
2026-03-09,law,0.003310,21,28
2026-03-16,law,0.001238,13,18
2026-03-23,law,0.004119,21,25
2026-03-30,law,0.005228,28,45
2026-04-06,law,0.001536,15,17
2026-04-13,law,0.003537,19,25
2026-04-20,law,0.005410,27,48
2026-04-27,law,0.002443,17,28
2026-05-04,law,0.001615,12,19
2026-05-11,law,0.001893,14,20
2026-05-18,law,0.003828,16,28
2026-05-25,law,0.003393,18,25
2026-06-01,law,0.001453,13,18
2026-06-08,law,0.002598,17,24
2026-06-15,law,0.002891,12,14
2026-06-22,law,0.002863,18,23
2026-06-29,law,0.003628,15,23
2026-07-06,law,0.002970,16,24
2026-07-13,law,0.005449,21,35
2026-07-20,law,0.001980,13,17
2026-07-27,law,0.000614,8,10
2026-08-03,law,0.001454,15,24
2026-08-10,law,0.003280,15,24
2026-08-17,law,0.002996,15,24
2026-08-24,law,0.004428,19,27
2026-08-31,law,0.001511,13,17
2026-09-07,law,0.002632,16,20
2026-09-14,law,0.006234,2,2
2025-12-29,leader,0.007990,14,25
2026-01-05,leader,0.003578,24,73
2026-01-12,leader,0.002456,24,65
2026-01-19,leader,0.002805,21,38
2026-01-26,leader,0.002819,19,38
2026-02-02,leader,0.002373,21,42
2026-02-09,leader,0.002941,19,56
2026-02-16,leader,0.002679,22,47
2026-02-23,leader,0.007927,36,170
2026-03-02,leader,0.008266,36,107
2026-03-09,leader,0.014220,43,192
2026-03-16,leader,0.005255,32,64
2026-03-23,leader,0.003190,17,30
2026-03-30,leader,0.004293,13,23
2026-04-06,leader,0.001664,20,66
2026-04-13,leader,0.001519,16,38
2026-04-20,leader,0.001062,15,33
2026-04-27,leader,0.003526,22,58
2026-05-04,leader,0.003819,19,51
2026-05-11,leader,0.003252,20,39
2026-05-18,leader,0.002942,24,43
2026-05-25,leader,0.001926,13,30
2026-06-01,leader,0.001911,15,41
2026-06-08,leader,0.000961,15,36
2026-06-15,leader,0.002165,17,33
2026-06-22,leader,0.004867,25,47
2026-06-29,leader,0.002084,15,71
2026-07-06,leader,0.002671,20,79
2026-07-13,leader,0.002893,19,49
2026-07-20,leader,0.001520,15,29
2026-07-27,leader,0.002176,15,30
2026-08-03,leader,0.001885,11,21
2026-08-10,leader,0.002304,14,25
2026-08-17,leader,0.001926,13,29
2026-08-24,leader,0.002300,16,26
2026-08-31,leader,0.001919,17,26
2026-09-07,leader,0.001306,14,29
2026-09-14,leader,0.007609,4,5
2025-12-29,lebanon,0.000123,1,1
2026-01-05,lebanon,0.000493,8,14
2026-01-12,lebanon,0.000162,4,6
2026-01-19,lebanon,0.000133,3,4
2026-01-26,lebanon,0.000352,2,2
2026-02-02,lebanon,0.000159,3,4
2026-02-09,lebanon,0.000094,3,4
2026-02-16,lebanon,0.000196,4,6
2026-02-23,lebanon,0.000035,1,1
2026-03-02,lebanon,0.005544,22,107
2026-03-09,lebanon,0.003458,22,75
2026-03-16,lebanon,0.005026,23,53
2026-03-23,lebanon,0.006149,19,76
2026-03-30,lebanon,0.002675,14,47
2026-04-06,lebanon,0.018720,38,281
2026-04-13,lebanon,0.013874,38,202
2026-04-20,lebanon,0.005786,23,80
2026-04-27,lebanon,0.003986,14,48
2026-05-04,lebanon,0.003721,13,35
2026-05-11,lebanon,0.003933,13,40
2026-05-18,lebanon,0.000411,4,14
2026-05-25,lebanon,0.008092,21,77
2026-06-01,lebanon,0.012586,33,142
2026-06-08,lebanon,0.004227,18,40
2026-06-15,lebanon,0.012876,32,113
2026-06-22,lebanon,0.008553,25,90
2026-06-29,lebanon,0.004577,15,21
2026-07-06,lebanon,0.001492,6,12
2026-07-13,lebanon,0.001226,4,9
2026-07-20,lebanon,0.002590,20,43
2026-07-27,lebanon,0.000175,5,6
2026-08-03,lebanon,0.000563,8,14
2026-08-10,lebanon,0.000928,8,12
2026-08-17,lebanon,0.000880,4,9
2026-08-24,lebanon,0.000074,1,2
2026-08-31,lebanon,0.001479,7,9
2026-09-07,lebanon,0.001629,7,18
2025-12-29,left,0.002986,9,9
2026-01-05,left,0.007277,22,31
2026-01-12,left,0.008582,33,50
2026-01-19,left,0.006563,25,37
2026-01-26,left,0.003355,16,29
2026-02-02,left,0.005110,17,28
2026-02-09,left,0.006505,20,30
2026-02-16,left,0.007278,23,39
2026-02-23,left,0.005754,25,36
2026-03-02,left,0.004752,20,25
2026-03-09,left,0.005371,22,26
2026-03-16,left,0.005343,23,28
2026-03-23,left,0.003582,22,33
2026-03-30,left,0.003164,16,24
2026-04-06,left,0.006867,24,36
2026-04-13,left,0.003163,20,26
2026-04-20,left,0.008348,23,36
2026-04-27,left,0.011052,30,46
2026-05-04,left,0.006817,24,35
2026-05-11,left,0.002853,16,27
2026-05-18,left,0.006321,27,32
2026-05-25,left,0.009781,31,37
2026-06-01,left,0.010135,24,35
2026-06-08,left,0.009170,26,42
2026-06-15,left,0.012810,34,48
2026-06-22,left,0.006908,22,34
2026-06-29,left,0.011048,30,43
2026-07-06,left,0.012384,33,46
2026-07-13,left,0.008071,26,45
2026-07-20,left,0.007208,27,38
2026-07-27,left,0.009382,27,35
2026-08-03,left,0.006617,26,40
2026-08-10,left,0.009695,32,52
2026-08-17,left,0.007236,26,39
2026-08-24,left,0.006761,34,47
2026-08-31,left,0.007362,27,39
2026-09-07,left,0.006387,21,38
2026-09-14,left,0.000519,1,1
2026-01-12,lemon,0.000223,1,2
2026-01-19,lemon,0.034805,48,122
2026-01-26,lemon,0.040730,75,204
2026-02-02,lemon,0.018608,32,62
2026-02-09,lemon,0.003763,20,34
2026-02-16,lemon,0.000581,2,2
2026-02-23,lemon,0.002322,9,10
2026-03-02,lemon,0.000837,3,5
2026-03-09,lemon,0.000160,2,2
2026-03-16,lemon,0.002146,8,11
2026-03-23,lemon,0.002187,7,9
2026-03-30,lemon,0.003056,8,9
2026-04-06,lemon,0.000943,3,3
2026-04-20,lemon,0.000263,1,1
2026-04-27,lemon,0.000047,1,1
2026-05-04,lemon,0.000652,4,4
2026-05-11,lemon,0.001141,3,3
2026-05-18,lemon,0.000407,2,3
2026-05-25,lemon,0.001012,2,4
2026-06-01,lemon,0.000338,2,2
2026-06-08,lemon,0.000862,3,4
2026-06-15,lemon,0.001776,4,8
2026-06-22,lemon,0.000861,4,4
2026-06-29,lemon,0.000331,1,1
2026-07-06,lemon,0.000694,1,2
2026-07-13,lemon,0.000177,1,1
2026-07-20,lemon,0.001418,4,5
2026-07-27,lemon,0.001345,3,5
2026-08-03,lemon,0.001598,4,6
2026-08-10,lemon,0.000644,2,2
2026-08-17,lemon,0.000621,2,3
2026-08-24,lemon,0.000767,2,3
2026-09-07,lemon,0.000341,1,1
2025-12-29,let,0.013981,5,18
2026-01-05,let,0.008131,14,39
2026-01-12,let,0.009503,12,42
2026-01-19,let,0.006908,11,34
2026-01-26,let,0.008127,13,36
2026-02-02,let,0.009976,19,44
2026-02-09,let,0.007837,12,36
2026-02-16,let,0.007120,8,30
2026-02-23,let,0.008360,13,35
2026-03-02,let,0.012494,13,34
2026-03-09,let,0.007866,10,32
2026-03-16,let,0.010395,11,31
2026-03-23,let,0.008479,13,34
2026-03-30,let,0.007052,9,32
2026-04-06,let,0.006520,8,28
2026-04-13,let,0.007085,10,33
2026-04-20,let,0.006495,10,34
2026-04-27,let,0.006967,9,33
2026-05-04,let,0.008976,19,43
2026-05-11,let,0.008005,11,31
2026-05-18,let,0.007043,10,38
2026-05-25,let,0.008018,12,33
2026-06-01,let,0.011599,24,49
2026-06-08,let,0.009959,16,41
2026-06-15,let,0.007751,12,32
2026-06-22,let,0.006739,7,28
2026-06-29,let,0.009823,15,42
2026-07-06,let,0.008806,13,35
2026-07-13,let,0.008649,12,35
2026-07-20,let,0.008668,10,30
2026-07-27,let,0.008991,13,36
2026-08-03,let,0.009344,13,38
2026-08-10,let,0.011166,18,42
2026-08-17,let,0.006604,9,31
2026-08-24,let,0.008429,14,38
2026-08-31,let,0.008785,12,35
2026-09-07,let,0.010437,19,47
2025-12-29,liberal,0.003364,2,7
2026-01-05,liberal,0.003727,12,19
2026-01-12,liberal,0.004747,12,18
2026-01-19,liberal,0.004994,12,20
2026-01-26,liberal,0.005001,9,20
2026-02-02,liberal,0.002359,7,15
2026-02-09,liberal,0.003873,9,16
2026-02-16,liberal,0.003737,8,16
2026-02-23,liberal,0.002748,7,12
2026-03-02,liberal,0.004009,9,15
2026-03-09,liberal,0.004367,10,17
2026-03-16,liberal,0.003369,7,9
2026-03-23,liberal,0.003773,12,17
2026-03-30,liberal,0.003851,11,18
2026-04-06,liberal,0.003346,9,19
2026-04-13,liberal,0.002625,10,16
2026-04-20,liberal,0.002387,6,13
2026-04-27,liberal,0.005114,11,20
2026-05-04,liberal,0.004913,12,18
2026-05-11,liberal,0.002175,7,14
2026-05-18,liberal,0.002473,5,7
2026-05-25,liberal,0.003292,6,16
2026-06-01,liberal,0.002842,10,17
2026-06-08,liberal,0.003411,7,14
2026-06-15,liberal,0.003054,9,18
2026-06-22,liberal,0.007277,15,19
2026-06-29,liberal,0.002411,6,9
2026-07-06,liberal,0.001911,7,9
2026-07-13,liberal,0.005166,14,19
2026-07-20,liberal,0.003812,10,13
2026-07-27,liberal,0.003005,6,10
2026-08-03,liberal,0.005534,12,19
2026-08-10,liberal,0.001708,3,8
2026-08-17,liberal,0.003092,5,9
2026-08-24,liberal,0.002166,6,10
2026-08-31,liberal,0.003179,7,11
2026-09-07,liberal,0.003755,6,13
2025-12-29,lie,0.002738,5,5
2026-01-05,lie,0.004560,14,16
2026-01-12,lie,0.001489,10,13
2026-01-19,lie,0.006265,17,20
2026-01-26,lie,0.003004,13,15
2026-02-02,lie,0.003270,13,17
2026-02-09,lie,0.005759,20,25
2026-02-16,lie,0.002678,13,18
2026-02-23,lie,0.003698,12,14
2026-03-02,lie,0.003168,13,14
2026-03-09,lie,0.006222,14,18
2026-03-16,lie,0.000648,8,9
2026-03-23,lie,0.001600,5,8
2026-03-30,lie,0.002189,8,8
2026-04-06,lie,0.001645,8,8
2026-04-13,lie,0.002725,11,15
2026-04-20,lie,0.002321,9,10
2026-04-27,lie,0.001529,7,8
2026-05-04,lie,0.003022,10,10
2026-05-11,lie,0.003811,15,17
2026-05-18,lie,0.002359,8,10
2026-05-25,lie,0.005071,12,13
2026-06-01,lie,0.001323,8,8
2026-06-08,lie,0.003660,13,16
2026-06-15,lie,0.001480,4,5
2026-06-22,lie,0.003099,12,13
2026-06-29,lie,0.004171,10,12
2026-07-06,lie,0.004654,12,13
2026-07-13,lie,0.004300,14,14
2026-07-20,lie,0.004851,12,14
2026-07-27,lie,0.003511,14,19
2026-08-03,lie,0.002523,9,12
2026-08-10,lie,0.003437,8,13
2026-08-17,lie,0.002438,10,14
2026-08-24,lie,0.000738,8,9
2026-08-31,lie,0.002170,8,8
2026-09-07,lie,0.003693,12,15
2025-12-29,lies,0.003145,6,8
2026-01-05,lies,0.009666,25,40
2026-01-12,lies,0.005293,20,31
2026-01-19,lies,0.006531,22,30
2026-01-26,lies,0.004505,21,27
2026-02-02,lies,0.003580,23,30
2026-02-09,lies,0.006364,22,36
2026-02-16,lies,0.004505,16,22
2026-02-23,lies,0.009164,34,49
2026-03-02,lies,0.005828,17,23
2026-03-09,lies,0.005220,20,26
2026-03-16,lies,0.005039,19,30
2026-03-23,lies,0.006808,19,28
2026-03-30,lies,0.002806,12,15
2026-04-06,lies,0.006226,25,32
2026-04-13,lies,0.003076,12,17
2026-04-20,lies,0.003089,15,25
2026-04-27,lies,0.003033,9,15
2026-05-04,lies,0.005893,20,31
2026-05-11,lies,0.001876,13,16
2026-05-18,lies,0.005327,15,17
2026-05-25,lies,0.001685,9,11
2026-06-01,lies,0.005922,24,28
2026-06-08,lies,0.003955,17,31
2026-06-15,lies,0.003897,14,22
2026-06-22,lies,0.003703,13,20
2026-06-29,lies,0.003124,14,17
2026-07-06,lies,0.002450,9,17
2026-07-13,lies,0.009378,20,35
2026-07-20,lies,0.002997,19,23
2026-07-27,lies,0.005140,20,25
2026-08-03,lies,0.002774,13,16
2026-08-10,lies,0.005426,18,24
2026-08-17,lies,0.002365,11,12
2026-08-24,lies,0.003477,14,18
2026-08-31,lies,0.003071,14,19
2026-09-07,lies,0.006982,18,27
2026-09-14,lies,0.001212,1,2
2025-12-29,life,0.003146,10,11
2026-01-05,life,0.003192,16,21
2026-01-12,life,0.002743,15,21
2026-01-19,life,0.008527,28,55
2026-01-26,life,0.008413,20,25
2026-02-02,life,0.002981,19,37
2026-02-09,life,0.004794,21,30
2026-02-16,life,0.004892,27,39
2026-02-23,life,0.002132,18,24
2026-03-02,life,0.004712,22,29
2026-03-09,life,0.002589,21,27
2026-03-16,life,0.006204,24,28
2026-03-23,life,0.004836,15,21
2026-03-30,life,0.006122,26,36
2026-04-06,life,0.005301,20,28
2026-04-13,life,0.007262,26,33
2026-04-20,life,0.002146,14,21
2026-04-27,life,0.005781,25,40
2026-05-04,life,0.003901,23,34
2026-05-11,life,0.006382,34,69
2026-05-18,life,0.004695,22,32
2026-05-25,life,0.008063,24,28
2026-06-01,life,0.006064,25,36
2026-06-08,life,0.004806,24,33
2026-06-15,life,0.006086,31,44
2026-06-22,life,0.003333,24,35
2026-06-29,life,0.002850,20,27
2026-07-06,life,0.009490,34,46
2026-07-13,life,0.006956,29,47
2026-07-20,life,0.005248,25,39
2026-07-27,life,0.006413,36,58
2026-08-03,life,0.004518,25,35
2026-08-10,life,0.006482,32,39
2026-08-17,life,0.006764,22,29
2026-08-24,life,0.004072,21,32
2026-08-31,life,0.003826,13,26
2026-09-07,life,0.006035,23,38
2025-12-29,like,0.005589,11,16
2026-01-05,like,0.003385,26,42
2026-01-12,like,0.005992,27,50
2026-01-19,like,0.004900,22,34
2026-01-26,like,0.004814,21,42
2026-02-02,like,0.006977,26,39
2026-02-09,like,0.002967,23,42
2026-02-16,like,0.005655,20,33
2026-02-23,like,0.008486,29,46
2026-03-02,like,0.003539,26,40
2026-03-09,like,0.007623,24,39
2026-03-16,like,0.004223,17,23
2026-03-23,like,0.007895,27,42
2026-03-30,like,0.006596,18,28
2026-04-06,like,0.005042,19,37
2026-04-13,like,0.003597,18,29
2026-04-20,like,0.005638,22,28
2026-04-27,like,0.006956,25,38
2026-05-04,like,0.008240,23,35
2026-05-11,like,0.005088,24,37
2026-05-18,like,0.005447,28,38
2026-05-25,like,0.006460,25,41
2026-06-01,like,0.004285,28,39
2026-06-08,like,0.002072,18,28
2026-06-15,like,0.002329,21,30
2026-06-22,like,0.004657,28,40
2026-06-29,like,0.006499,26,35
2026-07-06,like,0.004162,21,29
2026-07-13,like,0.003608,22,35
2026-07-20,like,0.003604,20,30
2026-07-27,like,0.003760,20,26
2026-08-03,like,0.007544,27,34
2026-08-10,like,0.006035,23,38
2026-08-17,like,0.002592,17,25
2026-08-24,like,0.006813,26,42
2026-08-31,like,0.006286,26,47
2026-09-07,like,0.003901,24,50
2026-09-14,like,0.003333,1,2
2026-01-05,lindsay,0.000032,1,2
2026-01-26,lindsay,0.000118,1,1
2026-02-02,lindsay,0.000062,1,1
2026-02-09,lindsay,0.000514,1,1
2026-02-23,lindsay,0.000089,1,1
2026-03-02,lindsay,0.000073,1,1
2026-03-09,lindsay,0.001372,3,3
2026-03-30,lindsay,0.000069,1,1
2026-04-13,lindsay,0.000032,1,1
2026-06-22,lindsay,0.000442,1,1
2026-06-29,lindsay,0.000356,2,2
2026-07-06,lindsay,0.001170,3,5
2026-07-13,lindsay,0.002141,6,9
2026-07-20,lindsay,0.000195,2,4
2026-07-27,lindsay,0.002485,13,58
2026-08-03,lindsay,0.003366,15,67
2026-08-10,lindsay,0.004734,17,64
2026-08-17,lindsay,0.024399,37,187
2026-08-24,lindsay,0.025447,38,243
2026-08-31,lindsay,0.048720,61,366
2026-09-07,lindsay,0.035183,44,120
2026-09-14,lindsay,0.004458,2,8
2025-12-29,lindsey,0.000840,1,2
2026-01-05,lindsey,0.004257,14,23
2026-01-12,lindsey,0.002201,9,17
2026-01-19,lindsey,0.001624,7,13
2026-01-26,lindsey,0.000728,6,13
2026-02-02,lindsey,0.002042,13,26
2026-02-09,lindsey,0.001895,11,21
2026-02-16,lindsey,0.000974,8,16
2026-02-23,lindsey,0.000521,5,11
2026-03-02,lindsey,0.002497,12,17
2026-03-09,lindsey,0.005821,19,36
2026-03-16,lindsey,0.002743,11,19
2026-03-23,lindsey,0.001636,12,17
2026-03-30,lindsey,0.002747,13,26
2026-04-06,lindsey,0.000797,5,5
2026-04-13,lindsey,0.000929,5,11
2026-04-20,lindsey,0.000804,5,11
2026-04-27,lindsey,0.001550,6,12
2026-05-04,lindsey,0.000862,7,13
2026-05-11,lindsey,0.001291,12,16
2026-05-18,lindsey,0.000770,5,10
2026-05-25,lindsey,0.000336,3,7
2026-06-01,lindsey,0.000914,5,9
2026-06-08,lindsey,0.002952,15,21
2026-06-15,lindsey,0.000789,4,11
2026-06-22,lindsey,0.000740,4,7
2026-06-29,lindsey,0.000228,2,5
2026-07-06,lindsey,0.009894,38,125
2026-07-13,lindsey,0.047847,91,304
2026-07-20,lindsey,0.003478,14,25
2026-07-27,lindsey,0.016069,48,212
2026-08-03,lindsey,0.001188,7,12
2026-08-10,lindsey,0.000838,11,17
2026-08-17,lindsey,0.004622,15,21
2026-08-24,lindsey,0.003241,13,19
2026-08-31,lindsey,0.002201,7,13
2026-09-07,lindsey,0.000198,1,5
2025-12-29,loses,0.005182,8,13
2026-01-05,loses,0.005273,21,44
2026-01-12,loses,0.005020,15,34
2026-01-19,loses,0.006621,20,44
2026-01-26,loses,0.004125,12,30
2026-02-02,loses,0.004278,20,38
2026-02-09,loses,0.009519,27,49
2026-02-16,loses,0.004727,16,26
2026-02-23,loses,0.002816,15,23
2026-03-02,loses,0.009350,24,48
2026-03-09,loses,0.003410,18,30
2026-03-16,loses,0.006651,23,35
2026-03-23,loses,0.003887,21,36
2026-03-30,loses,0.003965,16,28
2026-04-06,loses,0.003605,22,37
2026-04-13,loses,0.005007,22,39
2026-04-20,loses,0.004416,17,33
2026-04-27,loses,0.006616,20,30
2026-05-04,loses,0.004866,16,31
2026-05-11,loses,0.004940,23,34
2026-05-18,loses,0.010661,37,67
2026-05-25,loses,0.005279,20,25
2026-06-01,loses,0.007869,24,39
2026-06-08,loses,0.005347,18,27
2026-06-15,loses,0.004898,15,27
2026-06-22,loses,0.005498,16,29
2026-06-29,loses,0.005655,21,34
2026-07-06,loses,0.004474,22,36
2026-07-13,loses,0.001872,11,19
2026-07-20,loses,0.002264,9,25
2026-07-27,loses,0.004717,19,36
2026-08-03,loses,0.006483,25,47
2026-08-10,loses,0.008874,31,44
2026-08-17,loses,0.004952,21,31
2026-08-24,loses,0.004713,18,27
2026-08-31,loses,0.002930,16,20
2026-09-07,loses,0.005885,23,27
2025-12-29,losing,0.005233,5,5
2026-01-05,losing,0.003455,11,14
2026-01-12,losing,0.002663,13,17
2026-01-19,losing,0.001959,7,9
2026-01-26,losing,0.000970,8,11
2026-02-02,losing,0.002764,9,9
2026-02-09,losing,0.002182,15,21
2026-02-16,losing,0.000268,5,10
2026-02-23,losing,0.004462,17,19
2026-03-02,losing,0.002929,11,11
2026-03-09,losing,0.006074,21,29
2026-03-16,losing,0.003538,13,17
2026-03-23,losing,0.004129,13,19
2026-03-30,losing,0.004632,17,21
2026-04-06,losing,0.006500,20,25
2026-04-13,losing,0.001764,14,20
2026-04-20,losing,0.004609,17,22
2026-04-27,losing,0.003779,17,24
2026-05-04,losing,0.001695,15,19
2026-05-11,losing,0.004052,17,21
2026-05-18,losing,0.003192,16,24
2026-05-25,losing,0.004037,14,20
2026-06-01,losing,0.003006,15,19
2026-06-08,losing,0.003612,13,13
2026-06-15,losing,0.002048,11,11
2026-06-22,losing,0.003541,15,17
2026-06-29,losing,0.002206,11,12
2026-07-06,losing,0.001763,10,13
2026-07-13,losing,0.003776,15,15
2026-07-20,losing,0.002395,16,22
2026-07-27,losing,0.002116,17,27
2026-08-03,losing,0.002610,17,23
2026-08-10,losing,0.002970,15,26
2026-08-17,losing,0.003473,14,19
2026-08-24,losing,0.004240,16,19
2026-08-31,losing,0.002222,12,14
2026-09-07,losing,0.004071,17,20
2026-09-14,losing,0.001212,1,1
2025-12-29,lost,0.001567,6,6
2026-01-05,lost,0.002614,14,16
2026-01-12,lost,0.003894,17,19
2026-01-19,lost,0.003617,13,15
2026-01-26,lost,0.002228,12,12
2026-02-02,lost,0.002373,8,11
2026-02-09,lost,0.001964,8,9
2026-02-16,lost,0.002363,13,16
2026-02-23,lost,0.004355,18,21
2026-03-02,lost,0.008307,18,22
2026-03-09,lost,0.003589,13,17
2026-03-16,lost,0.004188,18,20
2026-03-23,lost,0.003333,12,17
2026-03-30,lost,0.002370,13,15
2026-04-06,lost,0.006328,20,26
2026-04-13,lost,0.006588,18,20
2026-04-20,lost,0.002130,13,15
2026-04-27,lost,0.001759,11,13
2026-05-04,lost,0.004032,18,23
2026-05-11,lost,0.005324,23,29
2026-05-18,lost,0.009589,27,36
2026-05-25,lost,0.006801,20,25
2026-06-01,lost,0.005879,16,22
2026-06-08,lost,0.003788,20,28
2026-06-15,lost,0.007672,22,38
2026-06-22,lost,0.004983,15,19
2026-06-29,lost,0.004341,18,22
2026-07-06,lost,0.004105,19,19
2026-07-13,lost,0.003717,13,16
2026-07-20,lost,0.005970,18,20
2026-07-27,lost,0.006269,25,26
2026-08-03,lost,0.006135,23,38
2026-08-10,lost,0.007756,30,38
2026-08-17,lost,0.005120,25,38
2026-08-24,lost,0.004447,15,23
2026-08-31,lost,0.007161,21,35
2026-09-07,lost,0.007103,32,46
2026-09-14,lost,0.003464,2,3
2025-12-29,love,0.000256,1,1
2026-01-05,love,0.000542,4,7
2026-01-12,love,0.002129,10,11
2026-01-19,love,0.001831,11,12
2026-01-26,love,0.001316,7,10
2026-02-02,love,0.001310,9,10
2026-02-09,love,0.006325,19,35
2026-02-16,love,0.002768,11,14
2026-02-23,love,0.001524,9,10
2026-03-02,love,0.002332,8,8
2026-03-09,love,0.003613,8,11
2026-03-16,love,0.000559,6,6
2026-03-23,love,0.001744,8,11
2026-03-30,love,0.003232,5,5
2026-04-06,love,0.003577,9,9
2026-04-13,love,0.001452,7,10
2026-04-20,love,0.004072,12,15
2026-04-27,love,0.000359,2,3
2026-05-04,love,0.001723,11,13
2026-05-11,love,0.005858,11,11
2026-05-18,love,0.000835,7,8
2026-05-25,love,0.001303,4,9
2026-06-01,love,0.001500,8,11
2026-06-08,love,0.002421,19,26
2026-06-15,love,0.002922,13,17
2026-06-22,love,0.003377,15,19
2026-06-29,love,0.003507,11,14
2026-07-06,love,0.000736,8,10
2026-07-13,love,0.002126,7,8
2026-07-20,love,0.000597,6,9
2026-07-27,love,0.001489,9,10
2026-08-03,love,0.000974,7,9
2026-08-10,love,0.003029,11,13
2026-08-17,love,0.006194,19,35
2026-08-24,love,0.001987,13,16
2026-08-31,love,0.002662,9,9
2026-09-07,love,0.000483,8,11
2026-09-14,love,0.001250,1,1
2025-12-29,lying,0.001829,2,4
2026-01-05,lying,0.002669,13,18
2026-01-12,lying,0.004486,9,10
2026-01-19,lying,0.000765,4,5
2026-01-26,lying,0.004546,8,12
2026-02-02,lying,0.002590,12,13
2026-02-09,lying,0.004012,18,22
2026-02-16,lying,0.006117,18,24
2026-02-23,lying,0.001903,11,12
2026-03-02,lying,0.003492,15,17
2026-03-09,lying,0.004150,16,17
2026-03-16,lying,0.003218,14,15
2026-03-23,lying,0.005797,17,22
2026-03-30,lying,0.001610,6,6
2026-04-06,lying,0.002473,10,11
2026-04-13,lying,0.003689,15,18
2026-04-20,lying,0.001993,10,11
2026-04-27,lying,0.003640,14,17
2026-05-04,lying,0.001931,7,8
2026-05-11,lying,0.005104,13,14
2026-05-18,lying,0.003236,9,9
2026-05-25,lying,0.002275,11,15
2026-06-01,lying,0.002742,14,17
2026-06-08,lying,0.002037,10,14
2026-06-15,lying,0.002330,8,8
2026-06-22,lying,0.001737,5,5
2026-06-29,lying,0.004363,11,13
2026-07-06,lying,0.002088,8,10
2026-07-13,lying,0.005786,21,25
2026-07-20,lying,0.002353,11,16
2026-07-27,lying,0.001142,10,11
2026-08-03,lying,0.003101,8,10
2026-08-10,lying,0.003611,13,15
2026-08-17,lying,0.002661,11,12
2026-08-24,lying,0.002066,7,8
2026-08-31,lying,0.001253,5,7
2026-09-07,lying,0.001050,3,3
2026-09-14,lying,0.008000,1,1
2025-12-29,maduro,0.097846,46,474
2026-01-05,maduro,0.078168,97,775
2026-01-12,maduro,0.004247,23,41
2026-01-19,maduro,0.001664,11,16
2026-01-26,maduro,0.002590,13,20
2026-02-02,maduro,0.000973,6,9
2026-02-09,maduro,0.000352,8,8
2026-02-16,maduro,0.000710,4,6
2026-02-23,maduro,0.000173,6,6
2026-03-02,maduro,0.000190,5,5
2026-03-09,maduro,0.000025,1,2
2026-03-16,maduro,0.000661,1,1
2026-03-23,maduro,0.001839,19,39
2026-03-30,maduro,0.000773,2,2
2026-04-20,maduro,0.001394,18,30
2026-04-27,maduro,0.000500,8,9
2026-05-11,maduro,0.000087,3,3
2026-05-18,maduro,0.000150,3,3
2026-05-25,maduro,0.000038,1,1
2026-06-01,maduro,0.000102,1,1
2026-06-15,maduro,0.000073,1,1
2026-07-20,maduro,0.000706,10,14
2026-07-27,maduro,0.000081,2,2
2026-08-10,maduro,0.000080,1,2
2026-08-24,maduro,0.000018,1,1
2026-08-31,maduro,0.000026,1,1
2025-12-29,maga,0.028373,19,47
2026-01-05,maga,0.023328,36,115
2026-01-12,maga,0.019812,31,87
2026-01-19,maga,0.019022,35,73
2026-01-26,maga,0.024253,41,112
2026-02-02,maga,0.019184,36,91
2026-02-09,maga,0.022491,34,105
2026-02-16,maga,0.021229,34,98
2026-02-23,maga,0.021175,31,86
2026-03-02,maga,0.021711,40,125
2026-03-09,maga,0.028296,40,139
2026-03-16,maga,0.035615,53,159
2026-03-23,maga,0.022482,40,101
2026-03-30,maga,0.018312,38,101
2026-04-06,maga,0.026353,54,141
2026-04-13,maga,0.022586,41,127
2026-04-20,maga,0.019730,39,104
2026-04-27,maga,0.014144,27,70
2026-05-04,maga,0.023981,33,100
2026-05-11,maga,0.016667,28,111
2026-05-18,maga,0.032288,53,138
2026-05-25,maga,0.023972,37,103
2026-06-01,maga,0.022351,35,121
2026-06-08,maga,0.014003,23,77
2026-06-15,maga,0.021973,38,98
2026-06-22,maga,0.023089,38,95
2026-06-29,maga,0.020199,32,103
2026-07-06,maga,0.014674,31,91
2026-07-13,maga,0.016812,31,83
2026-07-20,maga,0.019059,40,98
2026-07-27,maga,0.019163,31,106
2026-08-03,maga,0.021634,40,110
2026-08-10,maga,0.018021,31,80
2026-08-17,maga,0.019245,35,87
2026-08-24,maga,0.015903,27,72
2026-08-31,maga,0.020211,37,97
2026-09-07,maga,0.024608,41,90
2025-12-29,maher,0.001152,2,4
2026-01-05,maher,0.001808,1,2
2026-01-12,maher,0.006773,6,12
2026-01-19,maher,0.006303,3,7
2026-01-26,maher,0.004753,5,10
2026-02-02,maher,0.007672,11,16
2026-02-09,maher,0.005450,6,11
2026-02-16,maher,0.004895,6,9
2026-02-23,maher,0.004904,2,5
2026-03-02,maher,0.004397,5,8
2026-03-09,maher,0.009646,12,21
2026-03-16,maher,0.000588,3,7
2026-03-23,maher,0.005761,8,13
2026-03-30,maher,0.004786,4,8
2026-04-06,maher,0.003325,3,5
2026-04-13,maher,0.004559,5,8
2026-04-20,maher,0.004401,5,10
2026-04-27,maher,0.009719,13,19
2026-05-04,maher,0.004818,5,12
2026-05-11,maher,0.005450,9,13
2026-05-18,maher,0.004299,9,13
2026-05-25,maher,0.000701,3,5
2026-06-01,maher,0.002029,5,8
2026-06-08,maher,0.005222,5,8
2026-06-15,maher,0.006675,4,10
2026-06-22,maher,0.006015,9,12
2026-06-29,maher,0.001980,7,14
2026-07-13,maher,0.001524,7,13
2026-07-20,maher,0.002280,10,14
2026-07-27,maher,0.000390,2,4
2026-08-03,maher,0.004354,12,15
2026-08-17,maher,0.001928,5,9
2026-08-24,maher,0.001103,5,8
2026-08-31,maher,0.000721,4,8
2026-09-07,maher,0.005884,5,9
2026-09-14,maher,0.004000,1,2
2025-12-29,major,0.006130,14,20
2026-01-05,major,0.006423,23,47
2026-01-12,major,0.005975,25,62
2026-01-19,major,0.006970,29,65
2026-01-26,major,0.005485,27,53
2026-02-02,major,0.006484,31,73
2026-02-09,major,0.006484,27,55
2026-02-16,major,0.005644,31,63
2026-02-23,major,0.006349,35,75
2026-03-02,major,0.005746,33,68
2026-03-09,major,0.005674,30,58
2026-03-16,major,0.006646,32,67
2026-03-23,major,0.008196,33,66
2026-03-30,major,0.008885,32,65
2026-04-06,major,0.006107,30,66
2026-04-13,major,0.005413,26,59
2026-04-20,major,0.006695,32,57
2026-04-27,major,0.010004,36,88
2026-05-04,major,0.007292,25,68
2026-05-11,major,0.008155,30,69
2026-05-18,major,0.007912,31,90
2026-05-25,major,0.006283,30,64
2026-06-01,major,0.008303,32,70
2026-06-08,major,0.007520,28,69
2026-06-15,major,0.007142,35,74
2026-06-22,major,0.011223,41,111
2026-06-29,major,0.015883,47,105
2026-07-06,major,0.005254,26,63
2026-07-13,major,0.008736,33,76
2026-07-20,major,0.006965,25,77
2026-07-27,major,0.006716,31,73
2026-08-03,major,0.008997,33,85
2026-08-10,major,0.007235,34,72
2026-08-17,major,0.011856,40,96
2026-08-24,major,0.009333,31,79
2026-08-31,major,0.008643,31,81
2026-09-07,major,0.006878,31,81
2026-09-14,major,0.016497,6,12
2025-12-29,make,0.001358,6,6
2026-01-05,make,0.004278,25,34
2026-01-12,make,0.003238,28,43
2026-01-19,make,0.005136,24,42
2026-01-26,make,0.003505,22,34
2026-02-02,make,0.005458,27,37
2026-02-09,make,0.005775,24,36
2026-02-16,make,0.005583,24,47
2026-02-23,make,0.005217,17,27
2026-03-02,make,0.003070,19,29
2026-03-09,make,0.003539,25,34
2026-03-16,make,0.005692,22,28
2026-03-23,make,0.002741,22,46
2026-03-30,make,0.003687,24,47
2026-04-06,make,0.006190,30,42
2026-04-13,make,0.001691,17,29
2026-04-20,make,0.002843,21,28
2026-04-27,make,0.002687,22,35
2026-05-04,make,0.001830,21,31
2026-05-11,make,0.002918,21,30
2026-05-18,make,0.003844,25,38
2026-05-25,make,0.003877,22,35
2026-06-01,make,0.002820,18,26
2026-06-08,make,0.004891,25,36
2026-06-15,make,0.005436,24,36
2026-06-22,make,0.004602,21,28
2026-06-29,make,0.002932,17,22
2026-07-06,make,0.004080,23,43
2026-07-13,make,0.003721,26,39
2026-07-20,make,0.003236,23,35
2026-07-27,make,0.005644,24,33
2026-08-03,make,0.003290,17,29
2026-08-10,make,0.004100,17,22
2026-08-17,make,0.003717,22,29
2026-08-24,make,0.004318,23,31
2026-08-31,make,0.002609,15,18
2026-09-07,make,0.006746,27,38
2025-12-29,makes,0.007031,13,20
2026-01-05,makes,0.006479,25,55
2026-01-12,makes,0.006306,29,53
2026-01-19,makes,0.006793,34,58
2026-01-26,makes,0.003747,30,49
2026-02-02,makes,0.008148,33,62
2026-02-09,makes,0.006575,30,59
2026-02-16,makes,0.007159,27,48
2026-02-23,makes,0.005345,31,45
2026-03-02,makes,0.006324,33,51
2026-03-09,makes,0.005993,25,61
2026-03-16,makes,0.006062,30,44
2026-03-23,makes,0.006244,28,47
2026-03-30,makes,0.006497,28,51
2026-04-06,makes,0.004101,27,54
2026-04-13,makes,0.005488,29,49
2026-04-20,makes,0.007926,31,44
2026-04-27,makes,0.007989,29,52
2026-05-04,makes,0.004549,30,39
2026-05-11,makes,0.004670,26,37
2026-05-18,makes,0.006008,30,49
2026-05-25,makes,0.002619,18,27
2026-06-01,makes,0.007162,31,51
2026-06-08,makes,0.005609,36,63
2026-06-15,makes,0.006033,27,48
2026-06-22,makes,0.005804,27,75
2026-06-29,makes,0.002685,23,37
2026-07-06,makes,0.006914,28,50
2026-07-13,makes,0.005324,28,42
2026-07-20,makes,0.006612,31,53
2026-07-27,makes,0.003639,26,45
2026-08-03,makes,0.004688,28,50
2026-08-10,makes,0.008243,27,50
2026-08-17,makes,0.007937,32,58
2026-08-24,makes,0.004911,28,46
2026-08-31,makes,0.007196,32,57
2026-09-07,makes,0.004540,27,55
2026-09-14,makes,0.024346,7,8
2025-12-29,mamdani,0.048726,38,153
2026-01-05,mamdani,0.015699,39,70
2026-01-12,mamdani,0.003133,14,18
2026-01-19,mamdani,0.002734,19,26
2026-01-26,mamdani,0.003508,15,28
2026-02-02,mamdani,0.010432,29,46
2026-02-09,mamdani,0.004984,15,21
2026-02-16,mamdani,0.012884,32,56
2026-02-23,mamdani,0.012052,38,70
2026-03-02,mamdani,0.003756,12,14
2026-03-09,mamdani,0.015833,39,86
2026-03-16,mamdani,0.006852,18,26
2026-03-23,mamdani,0.003591,12,17
2026-03-30,mamdani,0.004397,14,16
2026-04-06,mamdani,0.005412,19,30
2026-04-13,mamdani,0.012092,33,72
2026-04-20,mamdani,0.006022,15,23
2026-04-27,mamdani,0.008458,21,39
2026-05-04,mamdani,0.007603,20,33
2026-05-11,mamdani,0.005545,18,27
2026-05-18,mamdani,0.007162,23,36
2026-05-25,mamdani,0.010645,31,54
2026-06-01,mamdani,0.003849,17,21
2026-06-08,mamdani,0.002623,13,18
2026-06-15,mamdani,0.002470,16,22
2026-06-22,mamdani,0.019487,50,119
2026-06-29,mamdani,0.018776,43,99
2026-07-06,mamdani,0.009327,27,54
2026-07-13,mamdani,0.011306,28,45
2026-07-20,mamdani,0.022950,49,128
2026-07-27,mamdani,0.016556,36,83
2026-08-03,mamdani,0.014515,36,74
2026-08-10,mamdani,0.011520,25,58
2026-08-17,mamdani,0.007948,15,21
2026-08-24,mamdani,0.004916,16,35
2026-08-31,mamdani,0.005375,19,31
2026-09-07,mamdani,0.015380,44,113
2026-09-14,mamdani,0.025630,8,12
2025-12-29,man,0.006595,9,18
2026-01-05,man,0.005535,22,38
2026-01-12,man,0.007348,30,57
2026-01-19,man,0.007563,29,96
2026-01-26,man,0.006303,30,62
2026-02-02,man,0.005116,31,43
2026-02-09,man,0.008714,26,58
2026-02-16,man,0.010897,36,68
2026-02-23,man,0.010574,33,60
2026-03-02,man,0.004659,23,35
2026-03-09,man,0.005498,26,52
2026-03-16,man,0.006848,21,33
2026-03-23,man,0.007757,21,32
2026-03-30,man,0.005543,16,23
2026-04-06,man,0.005210,14,30
2026-04-13,man,0.004281,22,36
2026-04-20,man,0.007378,26,38
2026-04-27,man,0.006779,24,48
2026-05-04,man,0.005576,24,33
2026-05-11,man,0.007414,21,43
2026-05-18,man,0.007019,26,43
2026-05-25,man,0.005431,23,35
2026-06-01,man,0.009907,26,47
2026-06-08,man,0.008501,28,50
2026-06-15,man,0.010183,26,42
2026-06-22,man,0.009019,22,39
2026-06-29,man,0.008068,24,46
2026-07-06,man,0.009171,32,78
2026-07-13,man,0.006938,23,55
2026-07-20,man,0.008186,28,59
2026-07-27,man,0.010815,29,45
2026-08-03,man,0.011475,34,72
2026-08-10,man,0.008908,26,49
2026-08-17,man,0.005170,24,44
2026-08-24,man,0.008144,30,46
2026-08-31,man,0.013548,30,52
2026-09-07,man,0.008791,32,61
2026-09-14,man,0.008000,1,2
2025-12-29,mark,0.001147,5,8
2026-01-05,mark,0.011632,28,46
2026-01-12,mark,0.004575,26,55
2026-01-19,mark,0.006088,23,60
2026-01-26,mark,0.002756,18,32
2026-02-02,mark,0.001010,9,15
2026-02-09,mark,0.003554,21,45
2026-02-16,mark,0.006439,30,60
2026-02-23,mark,0.006628,21,53
2026-03-02,mark,0.002642,16,45
2026-03-09,mark,0.003652,15,22
2026-03-16,mark,0.009871,26,44
2026-03-23,mark,0.003395,16,23
2026-03-30,mark,0.004538,19,31
2026-04-06,mark,0.003619,18,36
2026-04-13,mark,0.003186,14,25
2026-04-20,mark,0.001887,9,11
2026-04-27,mark,0.004979,21,39
2026-05-04,mark,0.004220,21,35
2026-05-11,mark,0.003963,10,22
2026-05-18,mark,0.005450,21,37
2026-05-25,mark,0.005158,15,25
2026-06-01,mark,0.005262,18,22
2026-06-08,mark,0.004346,17,35
2026-06-15,mark,0.006212,21,38
2026-06-22,mark,0.001718,16,32
2026-06-29,mark,0.005739,19,33
2026-07-06,mark,0.006560,21,49
2026-07-13,mark,0.006146,16,33
2026-07-20,mark,0.007020,17,27
2026-07-27,mark,0.006418,14,25
2026-08-03,mark,0.006745,11,27
2026-08-10,mark,0.006376,20,30
2026-08-17,mark,0.005113,20,38
2026-08-24,mark,0.012898,35,72
2026-08-31,mark,0.007164,18,39
2026-09-07,mark,0.003407,15,27
2026-09-14,mark,0.000519,1,1
2025-12-29,mass,0.005668,12,18
2026-01-05,mass,0.003738,14,32
2026-01-12,mass,0.004762,28,37
2026-01-19,mass,0.004317,19,26
2026-01-26,mass,0.003785,17,25
2026-02-02,mass,0.005480,22,29
2026-02-09,mass,0.007659,28,51
2026-02-16,mass,0.005560,20,30
2026-02-23,mass,0.003440,17,22
2026-03-02,mass,0.005032,24,34
2026-03-09,mass,0.005295,22,30
2026-03-16,mass,0.003006,16,26
2026-03-23,mass,0.002354,15,19
2026-03-30,mass,0.004176,21,41
2026-04-06,mass,0.006225,19,25
2026-04-13,mass,0.002932,19,36
2026-04-20,mass,0.005157,25,52
2026-04-27,mass,0.002825,14,23
2026-05-04,mass,0.002087,14,19
2026-05-11,mass,0.005628,22,27
2026-05-18,mass,0.005919,19,26
2026-05-25,mass,0.001252,9,12
2026-06-01,mass,0.003068,17,21
2026-06-08,mass,0.003552,18,39
2026-06-15,mass,0.003811,18,20
2026-06-22,mass,0.003919,16,20
2026-06-29,mass,0.003213,16,31
2026-07-06,mass,0.002928,18,27
2026-07-13,mass,0.003227,19,23
2026-07-20,mass,0.004468,23,36
2026-07-27,mass,0.003949,16,30
2026-08-03,mass,0.004945,23,38
2026-08-10,mass,0.003415,15,25
2026-08-17,mass,0.002948,17,33
2026-08-24,mass,0.002764,17,25
2026-08-31,mass,0.002447,17,33
2026-09-07,mass,0.003198,12,21
2026-09-14,mass,0.016000,2,2
2025-12-29,massive,0.009022,11,16
2026-01-05,massive,0.006473,25,51
2026-01-12,massive,0.005979,28,55
2026-01-19,massive,0.005913,33,74
2026-01-26,massive,0.007453,36,69
2026-02-02,massive,0.006512,29,45
2026-02-09,massive,0.008159,31,56
2026-02-16,massive,0.007274,28,63
2026-02-23,massive,0.005346,28,65
2026-03-02,massive,0.005170,28,59
2026-03-09,massive,0.006746,33,62
2026-03-16,massive,0.006145,26,58
2026-03-23,massive,0.009248,31,58
2026-03-30,massive,0.006287,31,59
2026-04-06,massive,0.007432,34,68
2026-04-13,massive,0.003549,23,47
2026-04-20,massive,0.006880,28,58
2026-04-27,massive,0.006802,26,55
2026-05-04,massive,0.011603,37,80
2026-05-11,massive,0.007815,37,86
2026-05-18,massive,0.007807,33,86
2026-05-25,massive,0.006378,31,80
2026-06-01,massive,0.005900,28,75
2026-06-08,massive,0.009221,35,96
2026-06-15,massive,0.006575,26,72
2026-06-22,massive,0.007252,34,84
2026-06-29,massive,0.010300,45,111
2026-07-06,massive,0.008254,32,80
2026-07-13,massive,0.006127,27,92
2026-07-20,massive,0.008779,37,109
2026-07-27,massive,0.009076,31,85
2026-08-03,massive,0.006982,32,86
2026-08-10,massive,0.007361,34,75
2026-08-17,massive,0.005402,26,51
2026-08-24,massive,0.007447,33,80
2026-08-31,massive,0.007450,29,54
2026-09-07,massive,0.008117,27,55
2026-09-14,massive,0.005588,4,6
2025-12-29,mayor,0.019159,25,89
2026-01-05,mayor,0.008587,35,99
2026-01-12,mayor,0.002711,19,39
2026-01-19,mayor,0.004801,26,62
2026-01-26,mayor,0.003562,25,52
2026-02-02,mayor,0.003999,15,23
2026-02-09,mayor,0.001023,16,27
2026-02-16,mayor,0.004099,16,25
2026-02-23,mayor,0.001699,18,22
2026-03-02,mayor,0.001997,9,11
2026-03-09,mayor,0.003935,20,40
2026-03-16,mayor,0.003426,11,14
2026-03-23,mayor,0.002295,15,20
2026-03-30,mayor,0.002795,9,11
2026-04-06,mayor,0.000609,3,3
2026-04-13,mayor,0.003609,13,24
2026-04-20,mayor,0.002440,10,11
2026-04-27,mayor,0.003449,17,22
2026-05-04,mayor,0.007383,23,31
2026-05-11,mayor,0.012931,31,62
2026-05-18,mayor,0.004444,22,33
2026-05-25,mayor,0.008871,25,38
2026-06-01,mayor,0.008238,31,56
2026-06-08,mayor,0.006022,25,33
2026-06-15,mayor,0.003019,13,20
2026-06-22,mayor,0.002131,14,17
2026-06-29,mayor,0.002308,15,29
2026-07-06,mayor,0.002130,12,15
2026-07-13,mayor,0.002038,13,16
2026-07-20,mayor,0.004644,18,31
2026-07-27,mayor,0.002376,16,19
2026-08-03,mayor,0.002662,9,11
2026-08-10,mayor,0.001172,11,14
2026-08-17,mayor,0.004731,15,21
2026-08-24,mayor,0.001190,9,16
2026-08-31,mayor,0.001190,8,11
2026-09-07,mayor,0.002069,20,32
2026-09-14,mayor,0.007260,4,5
2025-12-29,media,0.007947,14,23
2026-01-05,media,0.010021,41,66
2026-01-12,media,0.014324,39,85
2026-01-19,media,0.008867,34,72
2026-01-26,media,0.014911,42,90
2026-02-02,media,0.008715,33,79
2026-02-09,media,0.012242,38,96
2026-02-16,media,0.013043,40,104
2026-02-23,media,0.009811,42,89
2026-03-02,media,0.009073,35,80
2026-03-09,media,0.015745,37,85
2026-03-16,media,0.011091,40,100
2026-03-23,media,0.012783,52,117
2026-03-30,media,0.009429,29,67
2026-04-06,media,0.011650,40,78
2026-04-13,media,0.006051,32,61
2026-04-20,media,0.005412,30,57
2026-04-27,media,0.006132,30,47
2026-05-04,media,0.010002,31,64
2026-05-11,media,0.005952,27,49
2026-05-18,media,0.005711,23,53
2026-05-25,media,0.005665,20,38
2026-06-01,media,0.013126,33,61
2026-06-08,media,0.010796,34,63
2026-06-15,media,0.012868,41,101
2026-06-22,media,0.009207,31,57
2026-06-29,media,0.007307,23,35
2026-07-06,media,0.009104,31,50
2026-07-13,media,0.003590,23,52
2026-07-20,media,0.008106,30,58
2026-07-27,media,0.008201,30,50
2026-08-03,media,0.006956,21,42
2026-08-10,media,0.007237,32,51
2026-08-17,media,0.008401,30,58
2026-08-24,media,0.005793,31,46
2026-08-31,media,0.006625,31,47
2026-09-07,media,0.009127,26,47
2026-09-14,media,0.002519,2,4
2025-12-29,melania,0.005700,7,9
2026-01-05,melania,0.000550,6,7
2026-01-12,melania,0.000230,3,3
2026-01-19,melania,0.000561,4,6
2026-01-26,melania,0.014106,39,81
2026-02-02,melania,0.007728,28,54
2026-02-09,melania,0.003257,15,19
2026-02-16,melania,0.001399,12,17
2026-02-23,melania,0.001102,11,14
2026-03-02,melania,0.001174,17,23
2026-03-09,melania,0.001618,16,16
2026-03-16,melania,0.000525,4,4
2026-03-23,melania,0.002508,22,37
2026-03-30,melania,0.000161,2,3
2026-04-06,melania,0.026340,71,186
2026-04-13,melania,0.008210,26,42
2026-04-20,melania,0.003874,13,23
2026-04-27,melania,0.010527,38,73
2026-05-04,melania,0.003732,17,28
2026-05-11,melania,0.000660,6,6
2026-05-18,melania,0.003274,12,15
2026-05-25,melania,0.001578,6,10
2026-06-01,melania,0.001519,7,11
2026-06-08,melania,0.001850,13,25
2026-06-15,melania,0.000894,2,2
2026-06-22,melania,0.000340,3,3
2026-06-29,melania,0.001769,9,10
2026-07-06,melania,0.000235,4,4
2026-07-13,melania,0.001085,10,16
2026-07-20,melania,0.002400,7,10
2026-07-27,melania,0.001220,10,17
2026-08-03,melania,0.001972,10,10
2026-08-10,melania,0.001795,8,11
2026-08-17,melania,0.008251,29,67
2026-08-24,melania,0.002354,12,19
2026-08-31,melania,0.002617,7,9
2026-09-07,melania,0.000728,7,7
2025-12-29,meltdown,0.005977,6,8
2026-01-05,meltdown,0.002944,12,13
2026-01-12,meltdown,0.003847,13,18
2026-01-19,meltdown,0.003598,20,26
2026-01-26,meltdown,0.001526,7,9
2026-02-02,meltdown,0.004826,19,28
2026-02-09,meltdown,0.007925,20,29
2026-02-16,meltdown,0.004429,15,24
2026-02-23,meltdown,0.006052,19,31
2026-03-02,meltdown,0.003164,13,18
2026-03-09,meltdown,0.002747,11,13
2026-03-16,meltdown,0.004350,12,15
2026-03-23,meltdown,0.002868,13,16
2026-03-30,meltdown,0.005725,18,23
2026-04-06,meltdown,0.007795,21,27
2026-04-13,meltdown,0.003583,17,19
2026-04-20,meltdown,0.003713,20,29
2026-04-27,meltdown,0.006714,18,26
2026-05-04,meltdown,0.003993,16,18
2026-05-11,meltdown,0.004203,17,26
2026-05-18,meltdown,0.004439,17,22
2026-05-25,meltdown,0.004995,15,24
2026-06-01,meltdown,0.005558,13,20
2026-06-08,meltdown,0.004580,16,29
2026-06-15,meltdown,0.006452,15,21
2026-06-22,meltdown,0.008094,22,31
2026-06-29,meltdown,0.004924,13,21
2026-07-06,meltdown,0.005199,14,27
2026-07-13,meltdown,0.004595,12,15
2026-07-20,meltdown,0.008313,18,25
2026-07-27,meltdown,0.003059,15,18
2026-08-03,meltdown,0.003120,15,24
2026-08-10,meltdown,0.001991,8,12
2026-08-17,meltdown,0.004338,14,17
2026-08-24,meltdown,0.006777,21,33
2026-08-31,meltdown,0.004392,12,15
2026-09-07,meltdown,0.001960,6,7
2025-12-29,members,0.005336,5,12
2026-01-05,members,0.003520,17,30
2026-01-12,members,0.002696,12,20
2026-01-19,members,0.001974,10,21
2026-01-26,members,0.002646,10,22
2026-02-02,members,0.001308,9,17
2026-02-09,members,0.002304,14,25
2026-02-16,members,0.003150,11,20
2026-02-23,members,0.002979,20,30
2026-03-02,members,0.005087,20,34
2026-03-09,members,0.004122,24,50
2026-03-16,members,0.002152,15,25
2026-03-23,members,0.001543,12,16
2026-03-30,members,0.003134,12,16
2026-04-06,members,0.001602,11,20
2026-04-13,members,0.002345,11,14
2026-04-20,members,0.001431,10,17
2026-04-27,members,0.001784,12,13
2026-05-04,members,0.001456,8,12
2026-05-11,members,0.000240,5,12
2026-05-18,members,0.001884,12,17
2026-05-25,members,0.000529,8,16
2026-06-01,members,0.005083,12,14
2026-06-08,members,0.003358,11,12
2026-06-15,members,0.004236,12,16
2026-06-22,members,0.006417,14,20
2026-06-29,members,0.004516,17,26
2026-07-06,members,0.002545,10,16
2026-07-13,members,0.004965,17,27
2026-07-20,members,0.005203,23,36
2026-07-27,members,0.002634,11,18
2026-08-03,members,0.002726,9,10
2026-08-10,members,0.007812,12,19
2026-08-17,members,0.002414,13,19
2026-08-24,members,0.007155,15,27
2026-08-31,members,0.004286,10,12
2026-09-07,members,0.004737,10,14
2026-09-14,members,0.002625,2,2
2025-12-29,men,0.008685,9,12
2026-01-05,men,0.002444,13,15
2026-01-12,men,0.006902,16,34
2026-01-19,men,0.004088,11,17
2026-01-26,men,0.004542,12,14
2026-02-02,men,0.007003,14,21
2026-02-09,men,0.005408,25,38
2026-02-16,men,0.007160,23,35
2026-02-23,men,0.008463,26,56
2026-03-02,men,0.004277,14,27
2026-03-09,men,0.005152,10,16
2026-03-16,men,0.003932,10,20
2026-03-23,men,0.004291,13,18
2026-03-30,men,0.003776,14,24
2026-04-06,men,0.003925,10,17
2026-04-13,men,0.004305,15,23
2026-04-20,men,0.004899,15,22
2026-04-27,men,0.005342,22,35
2026-05-04,men,0.004275,15,18
2026-05-11,men,0.003072,12,17
2026-05-18,men,0.002747,14,23
2026-05-25,men,0.006996,21,32
2026-06-01,men,0.004449,17,24
2026-06-08,men,0.004984,21,29
2026-06-15,men,0.005640,20,30
2026-06-22,men,0.004448,12,20
2026-06-29,men,0.003517,13,18
2026-07-06,men,0.003968,12,17
2026-07-13,men,0.005924,14,22
2026-07-20,men,0.008433,19,24
2026-07-27,men,0.003833,14,28
2026-08-03,men,0.010149,23,34
2026-08-10,men,0.004722,17,24
2026-08-17,men,0.005707,16,28
2026-08-24,men,0.008364,17,24
2026-08-31,men,0.006575,18,24
2026-09-07,men,0.009788,19,30
2026-09-14,men,0.002872,2,5
2025-12-29,michael,0.003125,5,7
2026-01-05,michael,0.003606,14,23
2026-01-12,michael,0.005302,13,36
2026-01-19,michael,0.010306,16,40
2026-01-26,michael,0.006740,15,30
2026-02-02,michael,0.002195,11,18
2026-02-09,michael,0.005011,14,23
2026-02-16,michael,0.008268,17,31
2026-02-23,michael,0.005409,17,25
2026-03-02,michael,0.005929,15,37
2026-03-09,michael,0.004575,13,30
2026-03-16,michael,0.002776,15,28
2026-03-23,michael,0.006691,11,25
2026-03-30,michael,0.003705,12,18
2026-04-06,michael,0.004494,14,26
2026-04-13,michael,0.004050,11,20
2026-04-20,michael,0.004737,15,32
2026-04-27,michael,0.008926,16,28
2026-05-04,michael,0.005993,17,32
2026-05-11,michael,0.004256,10,25
2026-05-18,michael,0.004786,14,24
2026-05-25,michael,0.005990,13,27
2026-06-01,michael,0.006005,12,24
2026-06-08,michael,0.003578,10,18
2026-06-15,michael,0.005083,13,23
2026-06-22,michael,0.003571,13,21
2026-06-29,michael,0.003847,14,17
2026-07-06,michael,0.003681,11,19
2026-07-13,michael,0.001996,10,17
2026-07-20,michael,0.002199,8,17
2026-07-27,michael,0.002044,8,12
2026-08-03,michael,0.002329,10,14
2026-08-10,michael,0.002539,7,11
2026-08-17,michael,0.004075,16,30
2026-08-24,michael,0.003981,11,19
2026-08-31,michael,0.005078,13,22
2026-09-07,michael,0.003448,15,22
2025-12-29,middle,0.000608,3,3
2026-01-05,middle,0.000977,8,13
2026-01-12,middle,0.000599,12,23
2026-01-19,middle,0.000442,7,12
2026-01-26,middle,0.001068,15,24
2026-02-02,middle,0.000547,8,16
2026-02-09,middle,0.000468,11,17
2026-02-16,middle,0.003164,20,37
2026-02-23,middle,0.009030,35,93
2026-03-02,middle,0.012889,41,232
2026-03-09,middle,0.007027,31,144
2026-03-16,middle,0.007914,32,128
2026-03-23,middle,0.008229,36,116
2026-03-30,middle,0.001841,17,65
2026-04-06,middle,0.002115,19,52
2026-04-13,middle,0.002453,18,43
2026-04-20,middle,0.004168,21,48
2026-04-27,middle,0.002742,16,27
2026-05-04,middle,0.002834,20,40
2026-05-11,middle,0.000891,10,21
2026-05-18,middle,0.001705,10,26
2026-05-25,middle,0.000828,11,17
2026-06-01,middle,0.002187,18,25
2026-06-08,middle,0.002668,16,28
2026-06-15,middle,0.004141,18,35
2026-06-22,middle,0.002363,12,19
2026-06-29,middle,0.001541,7,15
2026-07-06,middle,0.004136,14,23
2026-07-13,middle,0.003352,19,33
2026-07-20,middle,0.004479,24,47
2026-07-27,middle,0.001353,16,41
2026-08-03,middle,0.001742,13,20
2026-08-10,middle,0.003166,16,29
2026-08-17,middle,0.003608,15,26
2026-08-24,middle,0.001056,9,19
2026-08-31,middle,0.003195,20,31
2026-09-07,middle,0.003154,16,24
2026-09-14,middle,0.013670,4,6
2025-12-29,midterms,0.002991,4,5
2026-01-05,midterms,0.003634,17,20
2026-01-12,midterms,0.002407,11,15
2026-01-19,midterms,0.003132,12,13
2026-01-26,midterms,0.002613,18,26
2026-02-02,midterms,0.004542,20,29
2026-02-09,midterms,0.006793,17,27
2026-02-16,midterms,0.001884,15,21
2026-02-23,midterms,0.004902,20,27
2026-03-02,midterms,0.003852,15,25
2026-03-09,midterms,0.002023,14,15
2026-03-16,midterms,0.000543,7,8
2026-03-23,midterms,0.002254,11,18
2026-03-30,midterms,0.003026,15,18
2026-04-06,midterms,0.003501,14,17
2026-04-13,midterms,0.002299,12,19
2026-04-20,midterms,0.003681,13,18
2026-04-27,midterms,0.005446,17,25
2026-05-04,midterms,0.004694,18,26
2026-05-11,midterms,0.002663,18,23
2026-05-18,midterms,0.003330,18,23
2026-05-25,midterms,0.006270,20,29
2026-06-01,midterms,0.001747,11,16
2026-06-08,midterms,0.001640,9,15
2026-06-15,midterms,0.002732,14,16
2026-06-22,midterms,0.003863,17,18
2026-06-29,midterms,0.003723,16,25
2026-07-06,midterms,0.001665,10,14
2026-07-13,midterms,0.005389,21,34
2026-07-20,midterms,0.003172,21,41
2026-07-27,midterms,0.006664,22,37
2026-08-03,midterms,0.004066,18,30
2026-08-10,midterms,0.004324,21,32
2026-08-17,midterms,0.004815,22,34
2026-08-24,midterms,0.010748,32,64
2026-08-31,midterms,0.009181,36,71
2026-09-07,midterms,0.012031,45,116
2026-09-14,midterms,0.006534,4,4
2025-12-29,mike,0.001957,5,9
2026-01-05,mike,0.001877,14,25
2026-01-12,mike,0.003475,18,23
2026-01-19,mike,0.003610,23,37
2026-01-26,mike,0.001580,8,24
2026-02-02,mike,0.003664,14,27
2026-02-09,mike,0.005272,23,39
2026-02-16,mike,0.002591,18,27
2026-02-23,mike,0.006511,28,39
2026-03-02,mike,0.005207,20,31
2026-03-09,mike,0.003684,12,24
2026-03-16,mike,0.005274,22,39
2026-03-23,mike,0.009373,27,47
2026-03-30,mike,0.006261,14,26
2026-04-06,mike,0.002134,11,16
2026-04-13,mike,0.001851,19,27
2026-04-20,mike,0.001926,18,26
2026-04-27,mike,0.003554,12,31
2026-05-04,mike,0.006195,13,20
2026-05-11,mike,0.004240,17,27
2026-05-18,mike,0.002600,14,34
2026-05-25,mike,0.002040,10,16
2026-06-01,mike,0.003063,12,20
2026-06-08,mike,0.005693,19,31
2026-06-15,mike,0.005294,21,32
2026-06-22,mike,0.003231,20,33
2026-06-29,mike,0.003016,15,23
2026-07-06,mike,0.001418,14,22
2026-07-13,mike,0.003719,20,29
2026-07-20,mike,0.002880,24,44
2026-07-27,mike,0.005649,19,31
2026-08-03,mike,0.004731,19,38
2026-08-10,mike,0.003790,21,34
2026-08-17,mike,0.003073,18,34
2026-08-24,mike,0.005249,23,29
2026-08-31,mike,0.005268,20,31
2026-09-07,mike,0.004608,16,30
2026-09-14,mike,0.002667,1,1
2025-12-29,military,0.013852,23,68
2026-01-05,military,0.011034,39,135
2026-01-12,military,0.009049,37,136
2026-01-19,military,0.006267,30,75
2026-01-26,military,0.006216,27,71
2026-02-02,military,0.005268,24,60
2026-02-09,military,0.005424,28,76
2026-02-16,military,0.004941,30,92
2026-02-23,military,0.007084,37,161
2026-03-02,military,0.010498,43,192
2026-03-09,military,0.013366,51,166
2026-03-16,military,0.008273,32,114
2026-03-23,military,0.007151,33,118
2026-03-30,military,0.010360,40,117
2026-04-06,military,0.010728,40,105
2026-04-13,military,0.007650,31,89
2026-04-20,military,0.004569,28,86
2026-04-27,military,0.005044,27,105
2026-05-04,military,0.006887,33,127
2026-05-11,military,0.003015,24,87
2026-05-18,military,0.005574,28,98
2026-05-25,military,0.006622,28,97
2026-06-01,military,0.008635,31,94
2026-06-08,military,0.005147,27,97
2026-06-15,military,0.005668,30,56
2026-06-22,military,0.003753,21,68
2026-06-29,military,0.007731,30,98
2026-07-06,military,0.007989,24,71
2026-07-13,military,0.011304,37,134
2026-07-20,military,0.009880,43,127
2026-07-27,military,0.006599,31,102
2026-08-03,military,0.010830,38,120
2026-08-10,military,0.007173,28,99
2026-08-17,military,0.009779,37,109
2026-08-24,military,0.005732,30,81
2026-08-31,military,0.007899,36,88
2026-09-07,military,0.004420,26,54
2026-09-14,military,0.007910,5,6
2025-12-29,million,0.004527,10,11
2026-01-05,million,0.001815,18,22
2026-01-12,million,0.001590,10,15
2026-01-19,million,0.000797,10,16
2026-01-26,million,0.002901,24,42
2026-02-02,million,0.003730,16,21
2026-02-09,million,0.003206,20,28
2026-02-16,million,0.003104,14,19
2026-02-23,million,0.002771,18,33
2026-03-02,million,0.003150,15,18
2026-03-09,million,0.002083,15,23
2026-03-16,million,0.001108,11,17
2026-03-23,million,0.004164,23,35
2026-03-30,million,0.001441,12,20
2026-04-06,million,0.001581,9,14
2026-04-13,million,0.004049,17,23
2026-04-20,million,0.004954,23,36
2026-04-27,million,0.002504,15,18
2026-05-04,million,0.003555,14,22
2026-05-11,million,0.002319,14,21
2026-05-18,million,0.003781,13,26
2026-05-25,million,0.002990,22,27
2026-06-01,million,0.004617,28,45
2026-06-08,million,0.000949,10,18
2026-06-15,million,0.001909,16,21
2026-06-22,million,0.003970,12,18
2026-06-29,million,0.002509,18,25
2026-07-06,million,0.007517,26,38
2026-07-13,million,0.003546,21,34
2026-07-20,million,0.003123,21,32
2026-07-27,million,0.002211,13,22
2026-08-03,million,0.006506,18,26
2026-08-10,million,0.001073,7,18
2026-08-17,million,0.004458,15,27
2026-08-24,million,0.002955,16,28
2026-08-31,million,0.001608,15,32
2026-09-07,million,0.005499,17,19
2025-12-29,minneapolis,0.002306,4,4
2026-01-05,minneapolis,0.054886,71,570
2026-01-12,minneapolis,0.041590,62,336
2026-01-19,minneapolis,0.042106,73,369
2026-01-26,minneapolis,0.048690,75,411
2026-02-02,minneapolis,0.013307,41,100
2026-02-09,minneapolis,0.009348,31,63
2026-02-16,minneapolis,0.004821,8,13
2026-02-23,minneapolis,0.000767,2,3
2026-03-02,minneapolis,0.001699,8,11
2026-03-09,minneapolis,0.000028,1,1
2026-03-16,minneapolis,0.000048,1,1
2026-03-23,minneapolis,0.001207,3,4
2026-04-06,minneapolis,0.000071,2,2
2026-04-13,minneapolis,0.001974,6,8
2026-04-27,minneapolis,0.000815,6,9
2026-05-04,minneapolis,0.000057,1,2
2026-05-11,minneapolis,0.001105,1,1
2026-05-18,minneapolis,0.000557,3,3
2026-05-25,minneapolis,0.001450,4,5
2026-06-08,minneapolis,0.000718,1,1
2026-06-15,minneapolis,0.000432,3,3
2026-06-29,minneapolis,0.000180,2,2
2026-07-13,minneapolis,0.000018,1,1
2026-07-20,minneapolis,0.000017,1,1
2026-07-27,minneapolis,0.000139,2,2
2026-08-10,minneapolis,0.001497,2,2
2026-08-17,minneapolis,0.000821,3,3
2026-08-24,minneapolis,0.001251,6,7
2026-08-31,minneapolis,0.002327,16,36
2025-12-29,minnesota,0.022335,26,55
2026-01-05,minnesota,0.027081,59,290
2026-01-12,minnesota,0.031110,69,296
2026-01-19,minnesota,0.034601,65,303
2026-01-26,minnesota,0.045926,79,383
2026-02-02,minnesota,0.011942,42,102
2026-02-09,minnesota,0.008326,37,123
2026-02-16,minnesota,0.004732,14,23
2026-02-23,minnesota,0.003248,19,32
2026-03-02,minnesota,0.004416,23,47
2026-03-09,minnesota,0.000103,2,2
2026-03-16,minnesota,0.000086,3,3
2026-03-23,minnesota,0.002385,10,20
2026-03-30,minnesota,0.000085,3,3
2026-04-06,minnesota,0.001488,3,4
2026-04-13,minnesota,0.001324,9,13
2026-04-20,minnesota,0.000948,7,7
2026-04-27,minnesota,0.002772,16,31
2026-05-04,minnesota,0.001227,8,15
2026-05-11,minnesota,0.001325,4,5
2026-05-18,minnesota,0.003149,21,38
2026-05-25,minnesota,0.000167,3,3
2026-06-01,minnesota,0.000227,3,4
2026-06-08,minnesota,0.000856,11,12
2026-06-15,minnesota,0.001577,11,17
2026-06-22,minnesota,0.000475,4,6
2026-06-29,minnesota,0.000570,2,3
2026-07-06,minnesota,0.001138,4,6
2026-07-13,minnesota,0.000757,5,11
2026-07-20,minnesota,0.001646,12,17
2026-07-27,minnesota,0.001500,14,22
2026-08-03,minnesota,0.000989,7,7
2026-08-10,minnesota,0.005801,21,52
2026-08-17,minnesota,0.003056,13,14
2026-08-24,minnesota,0.001275,7,8
2026-08-31,minnesota,0.002285,7,10
2026-09-07,minnesota,0.000868,3,3
2025-12-29,minutes,0.016705,6,11
2026-01-05,minutes,0.004219,2,7
2026-01-12,minutes,0.000116,3,5
2026-01-19,minutes,0.002433,7,13
2026-01-26,minutes,0.006375,6,11
2026-02-02,minutes,0.003039,5,9
2026-02-09,minutes,0.003709,4,10
2026-02-16,minutes,0.004129,7,16
2026-02-23,minutes,0.004208,10,20
2026-03-02,minutes,0.004697,8,21
2026-03-09,minutes,0.005733,7,21
2026-03-16,minutes,0.003491,3,11
2026-03-23,minutes,0.005567,7,20
2026-03-30,minutes,0.003845,7,20
2026-04-06,minutes,0.006338,13,28
2026-04-13,minutes,0.004695,6,19
2026-04-20,minutes,0.003046,9,17
2026-04-27,minutes,0.008244,15,25
2026-05-04,minutes,0.004052,8,18
2026-05-11,minutes,0.004476,7,16
2026-05-18,minutes,0.003402,5,15
2026-05-25,minutes,0.000698,7,17
2026-06-01,minutes,0.010230,31,51
2026-06-08,minutes,0.001606,8,12
2026-06-15,minutes,0.000633,8,13
2026-06-22,minutes,0.000567,6,13
2026-06-29,minutes,0.001649,10,14
2026-07-06,minutes,0.000651,6,11
2026-07-13,minutes,0.001410,11,17
2026-07-20,minutes,0.000162,3,9
2026-07-27,minutes,0.000505,6,12
2026-08-03,minutes,0.000825,8,17
2026-08-10,minutes,0.002201,7,12
2026-08-17,minutes,0.000265,4,11
2026-08-24,minutes,0.002292,6,11
2026-08-31,minutes,0.001154,5,12
2026-09-07,minutes,0.003842,10,22
2026-09-14,minutes,0.020000,1,3
2025-12-29,money,0.000236,2,4
2026-01-05,money,0.003235,18,20
2026-01-12,money,0.004655,17,22
2026-01-19,money,0.004369,13,15
2026-01-26,money,0.000771,10,17
2026-02-02,money,0.005839,18,24
2026-02-09,money,0.004756,19,22
2026-02-16,money,0.003832,15,22
2026-02-23,money,0.002166,16,20
2026-03-02,money,0.002556,12,16
2026-03-09,money,0.004084,15,18
2026-03-16,money,0.003691,21,29
2026-03-23,money,0.007728,25,34
2026-03-30,money,0.003470,9,12
2026-04-06,money,0.004040,14,18
2026-04-13,money,0.003190,15,22
2026-04-20,money,0.003753,21,27
2026-04-27,money,0.003070,11,13
2026-05-04,money,0.004528,16,22
2026-05-11,money,0.003644,20,24
2026-05-18,money,0.005709,27,36
2026-05-25,money,0.001313,8,16
2026-06-01,money,0.002713,15,24
2026-06-08,money,0.006568,23,28
2026-06-15,money,0.003187,17,22
2026-06-22,money,0.003993,17,20
2026-06-29,money,0.006067,19,25
2026-07-06,money,0.002079,9,20
2026-07-13,money,0.002748,17,24
2026-07-20,money,0.004403,22,35
2026-07-27,money,0.005050,19,28
2026-08-03,money,0.005206,23,31
2026-08-10,money,0.004784,21,32
2026-08-17,money,0.003441,15,18
2026-08-24,money,0.002847,14,18
2026-08-31,money,0.002084,18,24
2026-09-07,money,0.004816,21,26
2025-12-29,murder,0.000587,5,6
2026-01-05,murder,0.010431,28,63
2026-01-12,murder,0.006249,23,48
2026-01-19,murder,0.005439,19,32
2026-01-26,murder,0.007349,22,47
2026-02-02,murder,0.003620,16,35
2026-02-09,murder,0.002072,13,14
2026-02-16,murder,0.001915,6,9
2026-02-23,murder,0.002064,14,26
2026-03-02,murder,0.000827,11,18
2026-03-09,murder,0.004084,14,23
2026-03-16,murder,0.002256,13,19
2026-03-23,murder,0.004153,19,38
2026-03-30,murder,0.004574,19,27
2026-04-06,murder,0.000468,8,9
2026-04-13,murder,0.001055,10,18
2026-04-20,murder,0.004747,18,39
2026-04-27,murder,0.001767,10,13
2026-05-04,murder,0.001347,9,21
2026-05-11,murder,0.005754,24,51
2026-05-18,murder,0.002495,16,42
2026-05-25,murder,0.000803,8,16
2026-06-01,murder,0.013637,38,85
2026-06-08,murder,0.010215,28,61
2026-06-15,murder,0.004155,16,23
2026-06-22,murder,0.002175,13,36
2026-06-29,murder,0.002201,14,39
2026-07-06,murder,0.009941,30,118
2026-07-13,murder,0.003285,13,26
2026-07-20,murder,0.001765,14,28
2026-07-27,murder,0.004383,19,39
2026-08-03,murder,0.005823,20,58
2026-08-10,murder,0.005612,23,73
2026-08-17,murder,0.006810,23,112
2026-08-24,murder,0.006217,21,86
2026-08-31,murder,0.008545,30,98
2026-09-07,murder,0.002481,13,20
2026-09-14,murder,0.000519,1,1
2025-12-29,musk,0.006963,10,14
2026-01-05,musk,0.002167,13,16
2026-01-12,musk,0.007363,36,76
2026-01-19,musk,0.004096,23,51
2026-01-26,musk,0.005334,22,37
2026-02-02,musk,0.007514,27,63
2026-02-09,musk,0.001076,9,15
2026-02-16,musk,0.003640,14,15
2026-02-23,musk,0.002330,7,10
2026-03-02,musk,0.000826,6,6
2026-03-09,musk,0.001532,6,8
2026-03-16,musk,0.002026,12,16
2026-03-23,musk,0.001216,11,15
2026-03-30,musk,0.001945,6,8
2026-04-06,musk,0.000692,7,7
2026-04-13,musk,0.001061,9,16
2026-04-20,musk,0.001318,8,11
2026-04-27,musk,0.003394,20,49
2026-05-04,musk,0.000510,9,11
2026-05-11,musk,0.002367,21,41
2026-05-18,musk,0.006884,27,56
2026-05-25,musk,0.003868,11,18
2026-06-01,musk,0.003664,16,23
2026-06-08,musk,0.015366,48,112
2026-06-15,musk,0.011101,27,46
2026-06-22,musk,0.005791,20,40
2026-06-29,musk,0.005731,14,22
2026-07-06,musk,0.005016,14,28
2026-07-13,musk,0.002479,10,15
2026-07-20,musk,0.010531,28,48
2026-07-27,musk,0.007841,26,52
2026-08-03,musk,0.004295,20,28
2026-08-10,musk,0.001211,9,15
2026-08-17,musk,0.001940,11,20
2026-08-24,musk,0.001192,9,14
2026-08-31,musk,0.001861,14,19
2026-09-07,musk,0.005947,15,28
2025-12-29,muslim,0.003479,6,13
2026-01-05,muslim,0.003366,8,14
2026-01-12,muslim,0.002150,6,8
2026-01-19,muslim,0.001563,5,9
2026-01-26,muslim,0.002993,5,9
2026-02-02,muslim,0.001726,5,6
2026-02-09,muslim,0.002975,6,16
2026-02-16,muslim,0.002222,8,12
2026-02-23,muslim,0.001523,6,8
2026-03-02,muslim,0.003584,6,11
2026-03-09,muslim,0.003402,11,15
2026-03-16,muslim,0.004143,7,13
2026-03-23,muslim,0.003545,6,12
2026-03-30,muslim,0.003577,5,10
2026-04-06,muslim,0.002898,4,14
2026-04-13,muslim,0.002472,4,10
2026-04-20,muslim,0.003474,5,12
2026-04-27,muslim,0.004179,5,12
2026-05-04,muslim,0.002161,8,14
2026-05-11,muslim,0.002552,5,10
2026-05-18,muslim,0.004464,9,13
2026-05-25,muslim,0.002957,11,25
2026-06-01,muslim,0.001839,4,7
2026-06-08,muslim,0.001676,1,7
2026-06-15,muslim,0.005253,8,13
2026-06-22,muslim,0.002982,4,8
2026-06-29,muslim,0.004015,9,10
2026-07-06,muslim,0.004535,7,13
2026-07-13,muslim,0.001753,7,10
2026-07-20,muslim,0.002698,8,11
2026-07-27,muslim,0.005358,12,16
2026-08-03,muslim,0.006809,16,42
2026-08-10,muslim,0.005139,9,16
2026-08-17,muslim,0.003669,8,16
2026-08-24,muslim,0.003324,11,15
2026-08-31,muslim,0.004513,10,19
2026-09-07,muslim,0.006022,8,18
2026-09-14,muslim,0.000519,1,3
2025-12-29,national,0.005155,13,23
2026-01-05,national,0.005103,29,71
2026-01-12,national,0.005006,24,56
2026-01-19,national,0.003835,23,73
2026-01-26,national,0.003895,22,44
2026-02-02,national,0.006339,30,74
2026-02-09,national,0.002734,19,43
2026-02-16,national,0.002338,16,41
2026-02-23,national,0.003458,19,62
2026-03-02,national,0.001960,16,31
2026-03-09,national,0.002012,17,40
2026-03-16,national,0.003439,20,45
2026-03-23,national,0.003815,21,44
2026-03-30,national,0.002452,16,45
2026-04-06,national,0.001548,13,31
2026-04-13,national,0.003573,15,32
2026-04-20,national,0.003582,19,45
2026-04-27,national,0.002470,18,41
2026-05-04,national,0.002055,15,47
2026-05-11,national,0.003279,22,62
2026-05-18,national,0.003158,22,46
2026-05-25,national,0.002790,18,73
2026-06-01,national,0.005935,31,49
2026-06-08,national,0.003114,20,50
2026-06-15,national,0.003312,20,43
2026-06-22,national,0.003822,24,51
2026-06-29,national,0.004608,25,70
2026-07-06,national,0.002260,21,38
2026-07-13,national,0.004526,24,55
2026-07-20,national,0.004142,22,38
2026-07-27,national,0.002141,17,47
2026-08-03,national,0.002650,15,31
2026-08-10,national,0.006590,26,64
2026-08-17,national,0.007729,32,79
2026-08-24,national,0.003596,21,41
2026-08-31,national,0.002160,21,43
2026-09-07,national,0.003152,21,38
2026-09-14,national,0.010222,2,3
2025-12-29,nato,0.000631,3,9
2026-01-05,nato,0.004295,23,78
2026-01-12,nato,0.005014,22,133
2026-01-19,nato,0.011139,32,236
2026-01-26,nato,0.002405,12,45
2026-02-02,nato,0.002012,8,51
2026-02-09,nato,0.001721,10,78
2026-02-16,nato,0.000765,4,36
2026-02-23,nato,0.000465,5,26
2026-03-02,nato,0.002129,18,33
2026-03-09,nato,0.001734,12,29
2026-03-16,nato,0.009153,35,135
2026-03-23,nato,0.002325,18,48
2026-03-30,nato,0.008346,34,105
2026-04-06,nato,0.012311,36,110
2026-04-13,nato,0.003315,18,78
2026-04-20,nato,0.006707,16,43
2026-04-27,nato,0.001604,13,56
2026-05-04,nato,0.003746,10,49
2026-05-11,nato,0.000824,10,45
2026-05-18,nato,0.002943,15,110
2026-05-25,nato,0.003331,14,64
2026-06-01,nato,0.001306,8,44
2026-06-08,nato,0.001729,10,39
2026-06-15,nato,0.007319,15,69
2026-06-22,nato,0.005728,23,92
2026-06-29,nato,0.003396,19,72
2026-07-06,nato,0.024267,46,513
2026-07-13,nato,0.002130,10,30
2026-07-20,nato,0.000956,5,25
2026-07-27,nato,0.001993,9,37
2026-08-03,nato,0.001505,6,42
2026-08-10,nato,0.001966,14,49
2026-08-17,nato,0.002343,9,55
2026-08-24,nato,0.002580,15,81
2026-08-31,nato,0.001800,11,52
2026-09-07,nato,0.003156,10,58
2026-09-14,nato,0.010774,3,10
2025-12-29,need,0.001896,4,11
2026-01-05,need,0.004300,19,28
2026-01-12,need,0.003117,14,23
2026-01-19,need,0.006650,23,32
2026-01-26,need,0.001784,16,24
2026-02-02,need,0.003598,19,30
2026-02-09,need,0.003670,15,25
2026-02-16,need,0.002117,15,19
2026-02-23,need,0.005893,19,46
2026-03-02,need,0.002445,19,36
2026-03-09,need,0.002123,17,38
2026-03-16,need,0.004562,22,39
2026-03-23,need,0.004479,24,42
2026-03-30,need,0.006498,21,34
2026-04-06,need,0.003100,19,43
2026-04-13,need,0.003895,17,40
2026-04-20,need,0.001819,13,31
2026-04-27,need,0.005039,19,36
2026-05-04,need,0.004377,23,39
2026-05-11,need,0.004197,19,42
2026-05-18,need,0.003333,15,32
2026-05-25,need,0.002700,14,27
2026-06-01,need,0.002753,16,36
2026-06-08,need,0.003133,14,28
2026-06-15,need,0.004518,16,31
2026-06-22,need,0.003532,17,35
2026-06-29,need,0.002218,12,28
2026-07-06,need,0.001331,13,28
2026-07-13,need,0.003080,15,35
2026-07-20,need,0.005712,21,48
2026-07-27,need,0.003319,15,34
2026-08-03,need,0.002939,13,25
2026-08-10,need,0.003116,14,28
2026-08-17,need,0.004661,14,31
2026-08-24,need,0.006312,25,40
2026-08-31,need,0.006260,24,39
2026-09-07,need,0.003692,18,39
2026-09-14,need,0.011676,3,5
2025-12-29,netanyahu,0.004477,7,10
2026-01-05,netanyahu,0.002993,9,11
2026-01-12,netanyahu,0.003156,10,15
2026-01-19,netanyahu,0.000692,5,7
2026-01-26,netanyahu,0.000799,9,14
2026-02-02,netanyahu,0.000976,7,9
2026-02-09,netanyahu,0.004631,22,63
2026-02-16,netanyahu,0.000728,6,11
2026-02-23,netanyahu,0.003292,24,93
2026-03-02,netanyahu,0.004381,27,53
2026-03-09,netanyahu,0.004676,22,44
2026-03-16,netanyahu,0.013800,39,109
2026-03-23,netanyahu,0.006358,24,44
2026-03-30,netanyahu,0.003151,12,32
2026-04-06,netanyahu,0.006224,29,107
2026-04-13,netanyahu,0.003787,18,71
2026-04-20,netanyahu,0.003325,18,45
2026-04-27,netanyahu,0.001553,7,15
2026-05-04,netanyahu,0.003488,14,19
2026-05-11,netanyahu,0.008095,26,57
2026-05-18,netanyahu,0.003224,16,43
2026-05-25,netanyahu,0.003139,16,34
2026-06-01,netanyahu,0.008131,36,88
2026-06-08,netanyahu,0.007342,32,85
2026-06-15,netanyahu,0.009014,31,109
2026-06-22,netanyahu,0.002690,15,44
2026-06-29,netanyahu,0.002112,9,26
2026-07-06,netanyahu,0.006230,24,55
2026-07-13,netanyahu,0.003447,15,32
2026-07-20,netanyahu,0.015727,44,98
2026-07-27,netanyahu,0.019042,47,135
2026-08-03,netanyahu,0.003384,17,38
2026-08-10,netanyahu,0.002535,17,36
2026-08-17,netanyahu,0.003860,20,47
2026-08-24,netanyahu,0.001936,10,36
2026-08-31,netanyahu,0.002230,10,17
2026-09-07,netanyahu,0.007435,24,48
2025-12-29,newsom,0.004094,8,8
2026-01-05,newsom,0.004686,23,29
2026-01-12,newsom,0.008436,19,33
2026-01-19,newsom,0.010623,43,81
2026-01-26,newsom,0.003800,12,19
2026-02-02,newsom,0.005154,13,19
2026-02-09,newsom,0.003677,14,15
2026-02-16,newsom,0.006133,22,28
2026-02-23,newsom,0.017721,43,78
2026-03-02,newsom,0.006013,21,32
2026-03-09,newsom,0.003435,12,20
2026-03-16,newsom,0.005287,19,25
2026-03-23,newsom,0.005066,21,35
2026-03-30,newsom,0.003983,10,15
2026-04-06,newsom,0.012501,21,35
2026-04-13,newsom,0.002127,9,14
2026-04-20,newsom,0.002303,10,14
2026-04-27,newsom,0.001306,7,10
2026-05-04,newsom,0.001916,8,11
2026-05-11,newsom,0.003289,12,14
2026-05-18,newsom,0.001955,12,13
2026-05-25,newsom,0.004916,17,22
2026-06-01,newsom,0.000210,4,6
2026-06-08,newsom,0.000560,6,6
2026-06-15,newsom,0.011653,48,75
2026-06-22,newsom,0.004189,14,17
2026-06-29,newsom,0.002714,15,20
2026-07-06,newsom,0.003682,11,16
2026-07-13,newsom,0.001734,9,10
2026-07-20,newsom,0.002262,8,10
2026-07-27,newsom,0.004674,8,10
2026-08-03,newsom,0.000180,4,4
2026-08-10,newsom,0.001954,6,8
2026-08-17,newsom,0.000594,6,6
2026-08-24,newsom,0.002766,9,12
2026-08-31,newsom,0.000121,3,3
2026-09-07,newsom,0.002210,12,17
2025-12-29,nick,0.009481,9,21
2026-01-05,nick,0.007679,25,46
2026-01-12,nick,0.010908,22,39
2026-01-19,nick,0.011566,25,39
2026-01-26,nick,0.001413,6,9
2026-02-02,nick,0.003329,9,10
2026-02-09,nick,0.003724,9,10
2026-02-16,nick,0.002909,8,12
2026-02-23,nick,0.002522,11,19
2026-03-02,nick,0.003489,12,16
2026-03-09,nick,0.001873,6,7
2026-03-16,nick,0.003347,13,17
2026-03-23,nick,0.003304,12,15
2026-03-30,nick,0.003265,8,12
2026-04-06,nick,0.002728,5,9
2026-04-13,nick,0.006818,13,23
2026-04-20,nick,0.002136,7,9
2026-04-27,nick,0.006002,10,11
2026-05-04,nick,0.006260,14,16
2026-05-11,nick,0.009380,15,24
2026-05-18,nick,0.006722,15,19
2026-05-25,nick,0.003220,11,16
2026-06-01,nick,0.006633,16,23
2026-06-08,nick,0.001281,9,14
2026-06-15,nick,0.000369,2,3
2026-06-22,nick,0.007284,10,18
2026-06-29,nick,0.003436,8,15
2026-07-06,nick,0.003622,11,19
2026-07-13,nick,0.003366,13,26
2026-07-20,nick,0.003351,9,10
2026-07-27,nick,0.004138,11,18
2026-08-03,nick,0.006660,11,16
2026-08-10,nick,0.003985,10,14
2026-08-17,nick,0.003251,8,13
2026-08-24,nick,0.002434,8,12
2026-08-31,nick,0.001250,6,8
2026-09-07,nick,0.001380,5,6
2025-12-29,noem,0.002115,6,6
2026-01-05,noem,0.008213,35,104
2026-01-12,noem,0.011063,35,86
2026-01-19,noem,0.004123,22,40
2026-01-26,noem,0.017242,44,152
2026-02-02,noem,0.002913,20,43
2026-02-09,noem,0.005129,28,63
2026-02-16,noem,0.006033,16,28
2026-02-23,noem,0.002051,7,11
2026-03-02,noem,0.045952,81,380
2026-03-09,noem,0.003286,12,19
2026-03-16,noem,0.003872,16,21
2026-03-23,noem,0.000827,6,11
2026-03-30,noem,0.016611,39,63
2026-04-06,noem,0.004207,12,21
2026-04-13,noem,0.000087,2,2
2026-04-20,noem,0.000148,1,1
2026-05-04,noem,0.000116,1,1
2026-05-11,noem,0.000409,3,3
2026-05-18,noem,0.000889,2,3
2026-05-25,noem,0.000126,1,2
2026-06-08,noem,0.000051,1,4
2026-06-15,noem,0.000080,1,1
2026-06-22,noem,0.000370,4,4
2026-07-06,noem,0.000235,2,2
2026-08-10,noem,0.000127,1,1
2026-09-07,noem,0.000157,1,1
2025-12-29,nuclear,0.002076,6,8
2026-01-05,nuclear,0.001606,12,17
2026-01-12,nuclear,0.002557,12,20
2026-01-19,nuclear,0.003656,20,29
2026-01-26,nuclear,0.004733,19,39
2026-02-02,nuclear,0.006508,34,117
2026-02-09,nuclear,0.006475,26,59
2026-02-16,nuclear,0.006476,30,125
2026-02-23,nuclear,0.007067,33,120
2026-03-02,nuclear,0.005295,32,72
2026-03-09,nuclear,0.004775,23,39
2026-03-16,nuclear,0.003692,25,96
2026-03-23,nuclear,0.004256,23,60
2026-03-30,nuclear,0.003144,13,46
2026-04-06,nuclear,0.009909,31,82
2026-04-13,nuclear,0.005203,24,88
2026-04-20,nuclear,0.003405,29,63
2026-04-27,nuclear,0.004814,26,79
2026-05-04,nuclear,0.006532,29,63
2026-05-11,nuclear,0.006546,27,79
2026-05-18,nuclear,0.006544,26,115
2026-05-25,nuclear,0.004521,22,90
2026-06-01,nuclear,0.007847,28,82
2026-06-08,nuclear,0.002933,24,60
2026-06-15,nuclear,0.003654,26,62
2026-06-22,nuclear,0.007237,28,91
2026-06-29,nuclear,0.002405,18,46
2026-07-06,nuclear,0.003448,17,35
2026-07-13,nuclear,0.005348,21,40
2026-07-20,nuclear,0.013060,39,147
2026-07-27,nuclear,0.003438,17,41
2026-08-03,nuclear,0.003496,21,47
2026-08-10,nuclear,0.002325,15,40
2026-08-17,nuclear,0.003593,14,47
2026-08-24,nuclear,0.002826,18,42
2026-08-31,nuclear,0.003336,13,30
2026-09-07,nuclear,0.002899,16,42
2026-09-14,nuclear,0.006748,4,5
2025-12-29,nyc,0.024449,23,71
2026-01-05,nyc,0.008012,23,40
2026-01-12,nyc,0.001549,13,16
2026-01-19,nyc,0.000797,10,17
2026-01-26,nyc,0.002930,15,23
2026-02-02,nyc,0.004893,17,27
2026-02-09,nyc,0.000445,7,8
2026-02-16,nyc,0.005579,17,29
2026-02-23,nyc,0.004816,27,52
2026-03-02,nyc,0.002395,14,16
2026-03-09,nyc,0.019231,38,103
2026-03-16,nyc,0.003785,13,22
2026-03-23,nyc,0.004589,20,29
2026-03-30,nyc,0.005011,11,15
2026-04-06,nyc,0.003644,16,19
2026-04-13,nyc,0.007464,22,32
2026-04-20,nyc,0.002910,14,15
2026-04-27,nyc,0.004494,19,27
2026-05-04,nyc,0.002812,10,17
2026-05-11,nyc,0.005146,20,30
2026-05-18,nyc,0.005514,17,32
2026-05-25,nyc,0.009819,18,30
2026-06-01,nyc,0.003457,12,16
2026-06-08,nyc,0.008009,22,35
2026-06-15,nyc,0.003984,17,22
2026-06-22,nyc,0.016439,41,87
2026-06-29,nyc,0.009501,28,68
2026-07-06,nyc,0.004116,20,48
2026-07-13,nyc,0.007415,20,42
2026-07-20,nyc,0.012739,36,84
2026-07-27,nyc,0.002687,15,25
2026-08-03,nyc,0.003173,17,21
2026-08-10,nyc,0.002950,12,17
2026-08-17,nyc,0.002143,8,11
2026-08-24,nyc,0.002492,12,21
2026-08-31,nyc,0.004015,20,30
2026-09-07,nyc,0.005355,26,62
2026-09-14,nyc,0.004668,3,6
2025-12-29,obama,0.001070,1,1
2026-01-05,obama,0.001810,5,8
2026-01-12,obama,0.000541,5,5
2026-01-19,obama,0.006418,15,17
2026-01-26,obama,0.003403,9,14
2026-02-02,obama,0.005389,27,42
2026-02-09,obama,0.006946,28,49
2026-02-16,obama,0.008656,37,71
2026-02-23,obama,0.004757,11,15
2026-03-02,obama,0.004076,27,41
2026-03-09,obama,0.003466,15,18
2026-03-16,obama,0.000959,3,4
2026-03-23,obama,0.000737,6,7
2026-03-30,obama,0.000953,6,7
2026-04-06,obama,0.001408,6,7
2026-04-13,obama,0.001658,13,13
2026-04-20,obama,0.005035,16,18
2026-04-27,obama,0.003922,9,10
2026-05-04,obama,0.010306,28,52
2026-05-11,obama,0.002053,11,13
2026-05-18,obama,0.002735,13,15
2026-05-25,obama,0.002590,11,12
2026-06-01,obama,0.003599,13,15
2026-06-08,obama,0.002613,13,15
2026-06-15,obama,0.031520,61,231
2026-06-22,obama,0.008629,25,48
2026-06-29,obama,0.004257,10,15
2026-07-06,obama,0.000737,4,4
2026-07-13,obama,0.003865,10,16
2026-07-20,obama,0.003691,13,16
2026-07-27,obama,0.003260,10,15
2026-08-03,obama,0.003518,7,9
2026-08-10,obama,0.003008,7,8
2026-08-17,obama,0.001475,5,7
2026-08-24,obama,0.002207,8,13
2026-08-31,obama,0.002452,8,12
2026-09-07,obama,0.000912,8,10
2025-12-29,oil,0.011404,21,47
2026-01-05,oil,0.032484,67,361
2026-01-12,oil,0.005377,27,55
2026-01-19,oil,0.001310,15,28
2026-01-26,oil,0.002221,15,44
2026-02-02,oil,0.002668,13,37
2026-02-09,oil,0.001754,14,46
2026-02-16,oil,0.001443,9,34
2026-02-23,oil,0.001331,16,39
2026-03-02,oil,0.009401,40,182
2026-03-09,oil,0.030318,62,408
2026-03-16,oil,0.015425,43,217
2026-03-23,oil,0.008899,37,154
2026-03-30,oil,0.013314,40,215
2026-04-06,oil,0.011681,32,128
2026-04-13,oil,0.009575,34,112
2026-04-20,oil,0.003551,20,90
2026-04-27,oil,0.011016,33,132
2026-05-04,oil,0.007237,28,92
2026-05-11,oil,0.003852,19,63
2026-05-18,oil,0.002922,20,66
2026-05-25,oil,0.003256,18,44
2026-06-01,oil,0.002798,17,52
2026-06-08,oil,0.004984,32,72
2026-06-15,oil,0.003610,24,70
2026-06-22,oil,0.007107,28,63
2026-06-29,oil,0.001845,13,27
2026-07-06,oil,0.008071,21,70
2026-07-13,oil,0.003823,22,72
2026-07-20,oil,0.007978,31,104
2026-07-27,oil,0.003851,17,49
2026-08-03,oil,0.003491,26,49
2026-08-10,oil,0.006452,19,69
2026-08-17,oil,0.006135,23,51
2026-08-24,oil,0.005369,23,73
2026-08-31,oil,0.013506,46,140
2026-09-07,oil,0.009304,30,120
2026-09-14,oil,0.028132,9,18
2025-12-29,oliver,0.000905,1,1
2026-02-02,oliver,0.000438,1,2
2026-02-09,oliver,0.000441,1,1
2026-03-02,oliver,0.001070,1,4
2026-03-09,oliver,0.000333,1,3
2026-03-16,oliver,0.001190,1,2
2026-04-06,oliver,0.000522,1,1
2026-04-20,oliver,0.000020,1,3
2026-04-27,oliver,0.000735,1,6
2026-05-04,oliver,0.000340,1,3
2026-05-11,oliver,0.000167,1,3
2026-06-08,oliver,0.000028,1,4
2026-06-15,oliver,0.000184,3,6
2026-06-22,oliver,0.000067,2,4
2026-06-29,oliver,0.000265,1,4
2026-07-20,oliver,0.000051,1,1
2026-07-27,oliver,0.001022,1,2
2026-08-03,oliver,0.000606,1,4
2026-08-10,oliver,0.001394,4,6
2026-08-17,oliver,0.004892,7,9
2026-09-07,oliver,0.000101,1,2
2025-12-29,owens,0.007057,5,6
2026-01-05,owens,0.006498,8,21
2026-01-12,owens,0.006963,10,19
2026-01-19,owens,0.005576,10,20
2026-01-26,owens,0.005613,11,19
2026-02-02,owens,0.004905,8,17
2026-02-09,owens,0.005771,9,19
2026-02-16,owens,0.002018,4,10
2026-02-23,owens,0.007804,18,29
2026-03-02,owens,0.002769,5,9
2026-03-09,owens,0.004909,8,15
2026-03-16,owens,0.003731,6,10
2026-03-23,owens,0.003221,3,9
2026-03-30,owens,0.006597,7,13
2026-04-06,owens,0.007237,14,23
2026-04-13,owens,0.006797,13,19
2026-04-20,owens,0.012720,13,27
2026-04-27,owens,0.007937,16,20
2026-05-04,owens,0.003865,5,10
2026-05-11,owens,0.003582,9,10
2026-05-18,owens,0.005549,13,19
2026-05-25,owens,0.002014,5,14
2026-06-01,owens,0.005012,9,15
2026-06-08,owens,0.002564,5,9
2026-06-15,owens,0.006983,4,11
2026-06-22,owens,0.001664,5,9
2026-06-29,owens,0.004729,6,16
2026-07-06,owens,0.006445,11,19
2026-07-13,owens,0.005042,5,10
2026-07-20,owens,0.003850,6,12
2026-07-27,owens,0.004843,8,12
2026-08-03,owens,0.002574,6,7
2026-08-10,owens,0.018661,23,49
2026-08-17,owens,0.011742,19,37
2026-08-24,owens,0.006739,7,17
2026-08-31,owens,0.002929,5,7
2026-09-07,owens,0.004413,6,10
2025-12-29,panic,0.005547,7,10
2026-01-05,panic,0.006619,16,28
2026-01-12,panic,0.005595,21,28
2026-01-19,panic,0.004647,14,26
2026-01-26,panic,0.005381,19,28
2026-02-02,panic,0.005456,19,27
2026-02-09,panic,0.007932,20,34
2026-02-16,panic,0.004599,18,31
2026-02-23,panic,0.005057,18,30
2026-03-02,panic,0.003523,20,30
2026-03-09,panic,0.005990,22,43
2026-03-16,panic,0.004148,19,37
2026-03-23,panic,0.004006,18,28
2026-03-30,panic,0.007363,20,36
2026-04-06,panic,0.003872,14,21
2026-04-13,panic,0.006759,22,37
2026-04-20,panic,0.004218,19,32
2026-04-27,panic,0.004183,18,28
2026-05-04,panic,0.005727,28,40
2026-05-11,panic,0.005445,25,34
2026-05-18,panic,0.007424,21,42
2026-05-25,panic,0.005626,21,34
2026-06-01,panic,0.002833,13,24
2026-06-08,panic,0.002862,21,36
2026-06-15,panic,0.006168,23,38
2026-06-22,panic,0.005170,17,22
2026-06-29,panic,0.002049,14,23
2026-07-06,panic,0.004853,17,31
2026-07-13,panic,0.004188,18,27
2026-07-20,panic,0.003756,17,24
2026-07-27,panic,0.004296,23,31
2026-08-03,panic,0.003934,17,25
2026-08-10,panic,0.005929,23,30
2026-08-17,panic,0.004956,13,17
2026-08-24,panic,0.005507,15,24
2026-08-31,panic,0.002899,15,31
2026-09-07,panic,0.001696,11,16
2025-12-29,panics,0.003330,5,6
2026-01-05,panics,0.006007,16,26
2026-01-12,panics,0.006062,16,33
2026-01-19,panics,0.005193,17,27
2026-01-26,panics,0.008497,17,41
2026-02-02,panics,0.005891,13,30
2026-02-09,panics,0.007518,16,29
2026-02-16,panics,0.004771,12,35
2026-02-23,panics,0.008566,18,43
2026-03-02,panics,0.006097,14,29
2026-03-09,panics,0.007791,19,42
2026-03-16,panics,0.007527,17,40
2026-03-23,panics,0.007195,21,43
2026-03-30,panics,0.004571,11,36
2026-04-06,panics,0.005676,15,40
2026-04-13,panics,0.005945,15,40
2026-04-20,panics,0.003721,12,30
2026-04-27,panics,0.004416,15,36
2026-05-04,panics,0.008600,18,39
2026-05-11,panics,0.004658,13,33
2026-05-18,panics,0.005565,15,32
2026-05-25,panics,0.005169,19,37
2026-06-01,panics,0.003293,11,24
2026-06-08,panics,0.005787,15,32
2026-06-15,panics,0.008389,20,37
2026-06-22,panics,0.007852,20,37
2026-06-29,panics,0.004509,14,31
2026-07-06,panics,0.005111,16,33
2026-07-13,panics,0.007695,16,39
2026-07-20,panics,0.004920,12,32
2026-07-27,panics,0.004247,12,21
2026-08-03,panics,0.005136,16,30
2026-08-10,panics,0.010178,21,39
2026-08-17,panics,0.006466,15,29
2026-08-24,panics,0.006123,15,37
2026-08-31,panics,0.004662,14,24
2026-09-07,panics,0.003825,12,26
2025-12-29,party,0.012414,16,27
2026-01-05,party,0.004246,19,27
2026-01-12,party,0.002553,20,26
2026-01-19,party,0.005149,22,34
2026-01-26,party,0.003631,20,25
2026-02-02,party,0.003671,20,33
2026-02-09,party,0.003719,22,33
2026-02-16,party,0.005803,25,46
2026-02-23,party,0.007839,30,40
2026-03-02,party,0.004675,25,31
2026-03-09,party,0.002117,14,24
2026-03-16,party,0.003753,15,25
2026-03-23,party,0.003975,17,27
2026-03-30,party,0.003899,17,23
2026-04-06,party,0.003088,20,30
2026-04-13,party,0.005005,20,31
2026-04-20,party,0.006938,21,34
2026-04-27,party,0.004343,20,36
2026-05-04,party,0.006556,27,62
2026-05-11,party,0.004741,21,34
2026-05-18,party,0.009982,35,56
2026-05-25,party,0.006288,25,45
2026-06-01,party,0.009541,32,55
2026-06-08,party,0.005026,26,54
2026-06-15,party,0.007006,29,61
2026-06-22,party,0.015818,55,118
2026-06-29,party,0.013144,43,101
2026-07-06,party,0.009299,37,69
2026-07-13,party,0.005427,23,43
2026-07-20,party,0.008163,31,56
2026-07-27,party,0.009846,36,53
2026-08-03,party,0.015741,45,88
2026-08-10,party,0.015515,44,63
2026-08-17,party,0.003572,23,33
2026-08-24,party,0.002950,19,31
2026-08-31,party,0.005393,30,47
2026-09-07,party,0.006644,33,61
2026-09-14,party,0.003333,1,1
2025-12-29,peace,0.002962,7,20
2026-01-05,peace,0.001646,13,35
2026-01-12,peace,0.004638,28,67
2026-01-19,peace,0.015856,44,234
2026-01-26,peace,0.004838,21,31
2026-02-02,peace,0.001679,16,48
2026-02-09,peace,0.002600,16,61
2026-02-16,peace,0.005802,30,115
2026-02-23,peace,0.001320,12,28
2026-03-02,peace,0.002588,13,24
2026-03-09,peace,0.000378,5,11
2026-03-16,peace,0.001431,11,16
2026-03-23,peace,0.006112,31,104
2026-03-30,peace,0.001921,16,29
2026-04-06,peace,0.011329,39,173
2026-04-13,peace,0.010684,44,141
2026-04-20,peace,0.006155,30,125
2026-04-27,peace,0.004083,21,64
2026-05-04,peace,0.005481,30,67
2026-05-11,peace,0.006100,29,62
2026-05-18,peace,0.003820,26,61
2026-05-25,peace,0.015153,42,119
2026-06-01,peace,0.004485,30,74
2026-06-08,peace,0.004657,26,95
2026-06-15,peace,0.023622,53,254
2026-06-22,peace,0.006605,33,107
2026-06-29,peace,0.003059,17,37
2026-07-06,peace,0.001535,8,22
2026-07-13,peace,0.001102,11,16
2026-07-20,peace,0.000791,9,29
2026-07-27,peace,0.003394,18,34
2026-08-03,peace,0.002176,17,29
2026-08-10,peace,0.002467,15,25
2026-08-17,peace,0.000803,12,16
2026-08-24,peace,0.001729,13,26
2026-08-31,peace,0.002518,18,54
2026-09-07,peace,0.000832,11,31
2026-09-14,peace,0.003636,1,1
2025-12-29,people,0.013307,22,44
2026-01-05,people,0.014456,45,81
2026-01-12,people,0.014541,41,81
2026-01-19,people,0.011530,39,74
2026-01-26,people,0.007615,32,69
2026-02-02,people,0.010331,37,69
2026-02-09,people,0.018951,45,89
2026-02-16,people,0.012654,39,75
2026-02-23,people,0.019277,55,117
2026-03-02,people,0.010938,41,77
2026-03-09,people,0.006133,32,58
2026-03-16,people,0.009895,37,72
2026-03-23,people,0.010367,36,73
2026-03-30,people,0.010740,33,58
2026-04-06,people,0.007540,33,68
2026-04-13,people,0.009512,30,62
2026-04-20,people,0.007521,33,60
2026-04-27,people,0.012483,44,73
2026-05-04,people,0.012516,45,87
2026-05-11,people,0.016513,48,72
2026-05-18,people,0.014834,42,79
2026-05-25,people,0.009288,33,67
2026-06-01,people,0.011003,42,93
2026-06-08,people,0.013230,37,74
2026-06-15,people,0.011947,37,60
2026-06-22,people,0.014908,42,94
2026-06-29,people,0.012168,38,79
2026-07-06,people,0.011052,36,78
2026-07-13,people,0.010927,32,63
2026-07-20,people,0.012159,37,73
2026-07-27,people,0.007815,34,73
2026-08-03,people,0.009051,32,72
2026-08-10,people,0.008556,33,69
2026-08-17,people,0.009982,37,65
2026-08-24,people,0.017407,41,96
2026-08-31,people,0.012782,42,97
2026-09-07,people,0.008720,33,60
2026-09-14,people,0.001818,1,1
2025-12-29,piker,0.001325,2,2
2026-01-12,piker,0.002255,3,3
2026-01-26,piker,0.000240,1,2
2026-02-02,piker,0.001058,3,4
2026-02-09,piker,0.002453,5,5
2026-02-16,piker,0.004453,7,7
2026-02-23,piker,0.000127,1,1
2026-03-02,piker,0.001601,3,3
2026-03-09,piker,0.000424,2,2
2026-03-16,piker,0.001332,2,2
2026-03-23,piker,0.004943,9,15
2026-03-30,piker,0.003515,10,16
2026-04-06,piker,0.005432,13,25
2026-04-13,piker,0.004717,11,15
2026-04-20,piker,0.003103,9,9
2026-04-27,piker,0.002558,7,9
2026-05-04,piker,0.003836,6,8
2026-05-11,piker,0.000885,3,4
2026-05-18,piker,0.003623,6,8
2026-05-25,piker,0.017263,28,37
2026-06-01,piker,0.012138,25,31
2026-06-08,piker,0.002755,6,10
2026-06-15,piker,0.002499,5,9
2026-06-22,piker,0.001238,3,3
2026-06-29,piker,0.001528,2,4
2026-07-06,piker,0.001979,6,7
2026-07-13,piker,0.002869,3,4
2026-07-20,piker,0.002819,8,10
2026-07-27,piker,0.003444,6,8
2026-08-03,piker,0.006481,17,23
2026-08-10,piker,0.011420,23,34
2026-08-17,piker,0.003367,10,13
2026-08-24,piker,0.012774,26,55
2026-08-31,piker,0.007417,18,26
2026-09-07,piker,0.002648,9,13
2025-12-29,plan,0.008224,16,24
2026-01-05,plan,0.016243,37,76
2026-01-12,plan,0.009776,40,105
2026-01-19,plan,0.012864,49,97
2026-01-26,plan,0.005911,29,61
2026-02-02,plan,0.008482,38,68
2026-02-09,plan,0.005624,20,51
2026-02-16,plan,0.007721,31,69
2026-02-23,plan,0.009679,39,61
2026-03-02,plan,0.011314,39,58
2026-03-09,plan,0.004623,27,43
2026-03-16,plan,0.011127,37,61
2026-03-23,plan,0.013059,40,127
2026-03-30,plan,0.010601,37,76
2026-04-06,plan,0.010325,44,85
2026-04-13,plan,0.010049,35,69
2026-04-20,plan,0.008427,43,95
2026-04-27,plan,0.005900,29,66
2026-05-04,plan,0.008820,34,86
2026-05-11,plan,0.008332,35,61
2026-05-18,plan,0.005213,24,61
2026-05-25,plan,0.007214,32,77
2026-06-01,plan,0.005777,33,64
2026-06-08,plan,0.001453,16,24
2026-06-15,plan,0.006540,33,49
2026-06-22,plan,0.008342,36,55
2026-06-29,plan,0.010149,35,71
2026-07-06,plan,0.004290,23,43
2026-07-13,plan,0.007054,29,59
2026-07-20,plan,0.007585,31,56
2026-07-27,plan,0.009688,38,93
2026-08-03,plan,0.011217,43,97
2026-08-10,plan,0.010871,38,75
2026-08-17,plan,0.007795,33,68
2026-08-24,plan,0.008647,33,79
2026-08-31,plan,0.005701,32,66
2026-09-07,plan,0.004933,26,46
2026-09-14,plan,0.002323,2,2
2025-12-29,platner,0.000210,1,1
2026-01-05,platner,0.000182,2,2
2026-01-26,platner,0.000272,1,1
2026-02-23,platner,0.000397,1,1
2026-03-02,platner,0.000221,2,3
2026-03-09,platner,0.000158,1,1
2026-03-16,platner,0.001181,3,3
2026-03-23,platner,0.001400,5,5
2026-03-30,platner,0.000347,3,3
2026-04-06,platner,0.000469,4,5
2026-04-13,platner,0.001036,2,2
2026-04-20,platner,0.000723,1,1
2026-04-27,platner,0.004477,15,21
2026-05-04,platner,0.002501,7,11
2026-05-11,platner,0.000939,2,2
2026-05-18,platner,0.002186,6,9
2026-05-25,platner,0.004944,16,23
2026-06-01,platner,0.025146,39,141
2026-06-08,platner,0.014047,38,132
2026-06-15,platner,0.003452,8,14
2026-06-22,platner,0.000685,7,8
2026-06-29,platner,0.000102,1,2
2026-07-06,platner,0.069702,79,366
2026-07-13,platner,0.002541,11,16
2026-07-20,platner,0.001633,11,14
2026-07-27,platner,0.001756,6,6
2026-08-03,platner,0.000758,1,1
2025-12-29,plot,0.002184,7,10
2026-01-05,plot,0.002987,9,11
2026-01-12,plot,0.002256,13,18
2026-01-19,plot,0.001915,11,20
2026-01-26,plot,0.001373,10,17
2026-02-02,plot,0.002213,12,15
2026-02-09,plot,0.002204,13,26
2026-02-16,plot,0.001089,10,17
2026-02-23,plot,0.001124,8,17
2026-03-02,plot,0.001599,10,14
2026-03-09,plot,0.004439,22,40
2026-03-16,plot,0.003362,15,21
2026-03-23,plot,0.004835,13,17
2026-03-30,plot,0.002258,10,11
2026-04-06,plot,0.001766,9,15
2026-04-13,plot,0.007274,14,20
2026-04-20,plot,0.002067,14,24
2026-04-27,plot,0.001065,11,15
2026-05-04,plot,0.004174,15,23
2026-05-11,plot,0.003593,16,24
2026-05-18,plot,0.002308,18,27
2026-05-25,plot,0.001790,10,17
2026-06-01,plot,0.001037,9,11
2026-06-08,plot,0.001268,11,16
2026-06-15,plot,0.012404,41,98
2026-06-22,plot,0.002820,13,15
2026-06-29,plot,0.004207,16,26
2026-07-06,plot,0.004882,27,50
2026-07-13,plot,0.001582,12,26
2026-07-20,plot,0.001213,10,17
2026-07-27,plot,0.000777,10,15
2026-08-03,plot,0.001774,10,15
2026-08-10,plot,0.006870,20,36
2026-08-17,plot,0.001764,16,31
2026-08-24,plot,0.003568,9,17
2026-08-31,plot,0.001729,9,14
2026-09-07,plot,0.001710,12,17
2026-09-14,plot,0.008000,1,1
2025-12-29,point,0.000211,2,4
2026-01-05,point,0.003674,17,20
2026-01-12,point,0.002593,15,17
2026-01-19,point,0.001912,10,18
2026-01-26,point,0.004091,14,20
2026-02-02,point,0.002068,16,21
2026-02-09,point,0.003093,13,17
2026-02-16,point,0.001388,7,8
2026-02-23,point,0.003067,12,14
2026-03-02,point,0.000867,9,11
2026-03-09,point,0.000942,11,11
2026-03-16,point,0.001851,14,18
2026-03-23,point,0.003691,25,47
2026-03-30,point,0.004839,19,25
2026-04-06,point,0.007364,25,38
2026-04-13,point,0.006298,24,55
2026-04-20,point,0.007749,13,20
2026-04-27,point,0.005289,14,21
2026-05-04,point,0.005637,15,19
2026-05-11,point,0.001861,13,15
2026-05-18,point,0.001831,18,24
2026-05-25,point,0.001339,13,16
2026-06-01,point,0.002261,13,16
2026-06-08,point,0.002553,12,15
2026-06-15,point,0.001224,16,20
2026-06-22,point,0.000460,10,11
2026-06-29,point,0.001547,8,12
2026-07-06,point,0.000890,10,12
2026-07-13,point,0.002364,7,8
2026-07-20,point,0.003743,16,19
2026-07-27,point,0.001382,14,15
2026-08-03,point,0.005951,19,23
2026-08-10,point,0.004603,14,14
2026-08-17,point,0.002247,14,20
2026-08-24,point,0.003641,16,19
2026-08-31,point,0.001683,11,16
2026-09-07,point,0.002554,15,16
2025-12-29,police,0.008063,13,25
2026-01-05,police,0.005111,26,70
2026-01-12,police,0.007333,32,59
2026-01-19,police,0.008631,38,70
2026-01-26,police,0.005057,26,46
2026-02-02,police,0.007490,30,96
2026-02-09,police,0.007844,34,106
2026-02-16,police,0.006111,27,78
2026-02-23,police,0.003603,24,59
2026-03-02,police,0.003189,23,46
2026-03-09,police,0.002350,20,46
2026-03-16,police,0.005514,25,54
2026-03-23,police,0.003110,22,55
2026-03-30,police,0.002981,17,28
2026-04-06,police,0.000957,11,20
2026-04-13,police,0.004381,25,59
2026-04-20,police,0.001783,18,47
2026-04-27,police,0.003182,17,45
2026-05-04,police,0.002440,19,41
2026-05-11,police,0.003543,20,45
2026-05-18,police,0.005497,33,75
2026-05-25,police,0.005218,23,57
2026-06-01,police,0.009964,36,94
2026-06-08,police,0.003199,22,59
2026-06-15,police,0.005035,21,40
2026-06-22,police,0.003088,22,50
2026-06-29,police,0.002657,18,55
2026-07-06,police,0.005194,23,60
2026-07-13,police,0.005285,23,46
2026-07-20,police,0.007919,26,149
2026-07-27,police,0.006193,28,102
2026-08-03,police,0.006066,22,63
2026-08-10,police,0.005801,27,85
2026-08-17,police,0.004353,26,71
2026-08-24,police,0.004302,21,56
2026-08-31,police,0.005135,21,68
2026-09-07,police,0.002457,19,45
2026-09-14,police,0.006566,3,3
2025-12-29,political,0.002113,5,12
2026-01-05,political,0.003408,23,44
2026-01-12,political,0.005387,21,32
2026-01-19,political,0.004882,20,29
2026-01-26,political,0.002999,24,40
2026-02-02,political,0.004855,20,44
2026-02-09,political,0.004880,21,30
2026-02-16,political,0.004097,22,33
2026-02-23,political,0.003349,22,35
2026-03-02,political,0.002592,19,31
2026-03-09,political,0.003531,11,14
2026-03-16,political,0.001578,12,18
2026-03-23,political,0.004983,24,37
2026-03-30,political,0.003314,17,25
2026-04-06,political,0.002519,14,20
2026-04-13,political,0.002165,17,27
2026-04-20,political,0.006255,27,43
2026-04-27,political,0.012306,42,72
2026-05-04,political,0.007619,25,43
2026-05-11,political,0.006357,27,46
2026-05-18,political,0.006456,23,36
2026-05-25,political,0.003282,16,34
2026-06-01,political,0.006988,25,52
2026-06-08,political,0.003432,18,31
2026-06-15,political,0.003825,24,43
2026-06-22,political,0.008319,28,52
2026-06-29,political,0.008101,29,44
2026-07-06,political,0.005869,23,33
2026-07-13,political,0.003568,22,34
2026-07-20,political,0.005428,22,31
2026-07-27,political,0.002798,17,23
2026-08-03,political,0.004801,20,29
2026-08-10,political,0.003454,16,23
2026-08-17,political,0.002446,15,24
2026-08-24,political,0.004550,18,31
2026-08-31,political,0.006120,19,31
2026-09-07,political,0.005421,20,29
2026-09-14,political,0.005439,2,3
2025-12-29,politics,0.012421,13,16
2026-01-05,politics,0.003450,14,20
2026-01-12,politics,0.003491,13,19
2026-01-19,politics,0.006532,21,28
2026-01-26,politics,0.001782,14,22
2026-02-02,politics,0.007995,17,34
2026-02-09,politics,0.004141,18,29
2026-02-16,politics,0.005887,17,28
2026-02-23,politics,0.003813,12,22
2026-03-02,politics,0.003784,17,30
2026-03-09,politics,0.005106,17,28
2026-03-16,politics,0.003494,14,27
2026-03-23,politics,0.003661,14,30
2026-03-30,politics,0.005059,13,20
2026-04-06,politics,0.001809,11,19
2026-04-13,politics,0.004628,19,31
2026-04-20,politics,0.004636,14,30
2026-04-27,politics,0.006406,17,21
2026-05-04,politics,0.003487,18,25
2026-05-11,politics,0.005618,18,23
2026-05-18,politics,0.004811,16,25
2026-05-25,politics,0.006042,20,28
2026-06-01,politics,0.003231,17,24
2026-06-08,politics,0.002062,13,17
2026-06-15,politics,0.002444,10,14
2026-06-22,politics,0.006483,22,27
2026-06-29,politics,0.003898,12,15
2026-07-06,politics,0.003603,12,20
2026-07-13,politics,0.007369,14,26
2026-07-20,politics,0.002285,8,10
2026-07-27,politics,0.004908,20,24
2026-08-03,politics,0.004073,15,25
2026-08-10,politics,0.002754,11,18
2026-08-17,politics,0.005213,13,16
2026-08-24,politics,0.004011,17,19
2026-08-31,politics,0.004804,15,19
2026-09-07,politics,0.002333,10,16
2026-09-14,politics,0.003333,1,1
2025-12-29,power,0.007535,14,26
2026-01-05,power,0.006019,29,59
2026-01-12,power,0.008529,25,67
2026-01-19,power,0.006985,29,92
2026-01-26,power,0.009647,36,80
2026-02-02,power,0.012894,33,77
2026-02-09,power,0.006819,23,65
2026-02-16,power,0.006578,25,53
2026-02-23,power,0.003974,24,52
2026-03-02,power,0.004558,28,47
2026-03-09,power,0.003069,21,36
2026-03-16,power,0.005762,32,71
2026-03-23,power,0.008484,36,83
2026-03-30,power,0.006593,29,61
2026-04-06,power,0.007410,31,76
2026-04-13,power,0.005271,26,63
2026-04-20,power,0.006405,27,67
2026-04-27,power,0.005148,28,66
2026-05-04,power,0.005734,26,62
2026-05-11,power,0.005219,28,62
2026-05-18,power,0.007060,33,73
2026-05-25,power,0.003602,17,49
2026-06-01,power,0.006715,24,54
2026-06-08,power,0.002963,16,29
2026-06-15,power,0.002747,21,53
2026-06-22,power,0.009595,31,59
2026-06-29,power,0.012348,38,84
2026-07-06,power,0.004498,23,40
2026-07-13,power,0.005301,24,51
2026-07-20,power,0.005335,28,56
2026-07-27,power,0.010242,36,67
2026-08-03,power,0.002941,22,47
2026-08-10,power,0.004013,22,57
2026-08-17,power,0.005009,25,70
2026-08-24,power,0.009899,34,73
2026-08-31,power,0.003837,21,59
2026-09-07,power,0.004650,23,58
2026-09-14,power,0.003410,3,6
2026-01-05,pray,0.006329,1,5
2026-01-12,pray,0.005359,2,6
2026-01-26,pray,0.004167,1,4
2026-02-02,pray,0.003681,1,3
2026-02-16,pray,0.000448,3,6
2026-02-23,pray,0.000021,1,3
2026-03-02,pray,0.000031,2,5
2026-03-09,pray,0.001697,2,6
2026-03-16,pray,0.000021,1,1
2026-03-23,pray,0.004914,2,6
2026-03-30,pray,0.004844,2,5
2026-04-06,pray,0.007287,6,12
2026-04-13,pray,0.002183,2,3
2026-04-20,pray,0.005780,1,6
2026-04-27,pray,0.006096,2,7
2026-05-04,pray,0.005195,3,6
2026-05-11,pray,0.004420,1,4
2026-05-18,pray,0.003529,1,3
2026-05-25,pray,0.000598,3,6
2026-06-01,pray,0.003640,2,4
2026-06-08,pray,0.005747,1,6
2026-06-22,pray,0.004696,4,8
2026-06-29,pray,0.005952,1,6
2026-07-06,pray,0.005208,1,5
2026-07-13,pray,0.007028,2,7
2026-07-20,pray,0.006061,1,6
2026-07-27,pray,0.006135,1,6
2026-08-03,pray,0.005051,1,5
2026-08-10,pray,0.005081,1,5
2026-08-17,pray,0.005178,3,7
2026-08-24,pray,0.005647,4,8
2026-08-31,pray,0.000133,1,4
2026-09-07,pray,0.006232,3,7
2026-04-20,preet,0.000445,1,3
2025-12-29,president,0.036723,29,118
2026-01-05,president,0.016610,38,197
2026-01-12,president,0.015270,31,207
2026-01-19,president,0.020305,41,288
2026-01-26,president,0.009780,30,187
2026-02-02,president,0.011448,33,168
2026-02-09,president,0.009807,28,140
2026-02-16,president,0.016536,39,257
2026-02-23,president,0.016585,41,228
2026-03-02,president,0.011163,35,224
2026-03-09,president,0.010393,33,157
2026-03-16,president,0.015047,35,205
2026-03-23,president,0.010394,35,181
2026-03-30,president,0.011649,36,165
2026-04-06,president,0.009054,36,151
2026-04-13,president,0.013607,33,170
2026-04-20,president,0.013247,37,167
2026-04-27,president,0.009982,29,186
2026-05-04,president,0.010409,30,135
2026-05-11,president,0.014122,40,213
2026-05-18,president,0.011301,33,220
2026-05-25,president,0.006491,27,107
2026-06-01,president,0.008288,26,131
2026-06-08,president,0.008088,31,115
2026-06-15,president,0.009606,36,213
2026-06-22,president,0.009432,35,154
2026-06-29,president,0.010155,31,146
2026-07-06,president,0.010614,30,214
2026-07-13,president,0.008628,30,124
2026-07-20,president,0.014933,38,178
2026-07-27,president,0.009353,34,131
2026-08-03,president,0.013277,36,157
2026-08-10,president,0.007984,30,120
2026-08-17,president,0.008940,33,125
2026-08-24,president,0.007141,29,99
2026-08-31,president,0.008629,30,131
2026-09-07,president,0.008643,30,233
2026-09-14,president,0.008474,5,12
2025-12-29,press,0.010886,14,35
2026-01-05,press,0.007331,28,121
2026-01-12,press,0.005850,23,102
2026-01-19,press,0.005630,30,102
2026-01-26,press,0.008180,35,90
2026-02-02,press,0.007189,30,89
2026-02-09,press,0.004542,25,89
2026-02-16,press,0.006054,28,80
2026-02-23,press,0.002388,19,60
2026-03-02,press,0.004980,25,76
2026-03-09,press,0.005651,28,90
2026-03-16,press,0.005926,25,88
2026-03-23,press,0.004556,27,84
2026-03-30,press,0.004898,30,92
2026-04-06,press,0.010643,42,113
2026-04-13,press,0.005582,26,80
2026-04-20,press,0.006846,26,113
2026-04-27,press,0.009625,31,92
2026-05-04,press,0.005439,33,78
2026-05-11,press,0.004627,25,69
2026-05-18,press,0.004227,24,98
2026-05-25,press,0.002341,18,59
2026-06-01,press,0.002060,15,54
2026-06-08,press,0.003657,19,59
2026-06-15,press,0.003960,24,81
2026-06-22,press,0.001666,15,53
2026-06-29,press,0.002163,12,47
2026-07-06,press,0.005824,25,78
2026-07-13,press,0.003278,21,56
2026-07-20,press,0.004246,28,82
2026-07-27,press,0.002360,13,53
2026-08-03,press,0.001831,12,54
2026-08-10,press,0.006036,35,96
2026-08-17,press,0.003956,21,53
2026-08-24,press,0.001603,17,43
2026-08-31,press,0.004405,17,68
2026-09-07,press,0.001654,13,45
2026-09-14,press,0.006787,4,9
2025-12-29,prices,0.001478,6,6
2026-01-05,prices,0.000639,7,9
2026-01-12,prices,0.000901,10,11
2026-01-19,prices,0.000738,7,7
2026-01-26,prices,0.001485,12,16
2026-02-02,prices,0.001525,13,26
2026-02-09,prices,0.000821,10,13
2026-02-16,prices,0.000363,6,10
2026-02-23,prices,0.001327,12,19
2026-03-02,prices,0.008289,37,98
2026-03-09,prices,0.016575,53,185
2026-03-16,prices,0.006657,34,108
2026-03-23,prices,0.004111,22,59
2026-03-30,prices,0.007749,34,91
2026-04-06,prices,0.003846,24,70
2026-04-13,prices,0.007269,34,73
2026-04-20,prices,0.003280,24,55
2026-04-27,prices,0.005937,32,92
2026-05-04,prices,0.005680,30,61
2026-05-11,prices,0.005073,27,67
2026-05-18,prices,0.003865,24,58
2026-05-25,prices,0.001736,15,27
2026-06-01,prices,0.002230,13,19
2026-06-08,prices,0.002511,21,35
2026-06-15,prices,0.002500,20,38
2026-06-22,prices,0.003928,22,36
2026-06-29,prices,0.001528,13,19
2026-07-06,prices,0.002603,17,25
2026-07-13,prices,0.002500,17,27
2026-07-20,prices,0.001643,16,30
2026-07-27,prices,0.000901,10,16
2026-08-03,prices,0.005773,19,22
2026-08-10,prices,0.001893,12,20
2026-08-17,prices,0.002231,21,27
2026-08-24,prices,0.001040,14,26
2026-08-31,prices,0.004355,26,53
2026-09-07,prices,0.006122,27,63
2026-09-14,prices,0.020085,5,8
2025-12-29,prison,0.001314,3,3
2026-01-05,prison,0.002650,16,17
2026-01-12,prison,0.001058,8,8
2026-01-19,prison,0.001317,14,21
2026-01-26,prison,0.003730,13,18
2026-02-02,prison,0.002874,16,21
2026-02-09,prison,0.005488,24,32
2026-02-16,prison,0.003118,18,22
2026-02-23,prison,0.003080,13,16
2026-03-02,prison,0.002140,8,11
2026-03-09,prison,0.003385,14,16
2026-03-16,prison,0.001418,8,8
2026-03-23,prison,0.001209,7,10
2026-03-30,prison,0.001160,7,7
2026-04-06,prison,0.005100,14,15
2026-04-13,prison,0.003816,14,16
2026-04-20,prison,0.002847,6,7
2026-04-27,prison,0.002675,10,11
2026-05-04,prison,0.001880,9,11
2026-05-11,prison,0.002652,16,23
2026-05-18,prison,0.004519,12,16
2026-05-25,prison,0.005105,12,20
2026-06-01,prison,0.002433,14,18
2026-06-08,prison,0.003050,11,19
2026-06-15,prison,0.003769,13,20
2026-06-22,prison,0.005735,22,30
2026-06-29,prison,0.002458,10,12
2026-07-06,prison,0.000905,12,17
2026-07-13,prison,0.000633,6,6
2026-07-20,prison,0.001041,9,10
2026-07-27,prison,0.004326,21,36
2026-08-03,prison,0.001780,9,10
2026-08-10,prison,0.001777,14,19
2026-08-17,prison,0.002884,11,13
2026-08-24,prison,0.003602,12,17
2026-08-31,prison,0.001381,9,11
2026-09-07,prison,0.001140,9,10
2025-12-29,problem,0.000529,3,4
2026-01-05,problem,0.002648,9,11
2026-01-12,problem,0.001352,11,12
2026-01-19,problem,0.001974,9,13
2026-01-26,problem,0.001524,11,18
2026-02-02,problem,0.003225,13,16
2026-02-09,problem,0.008161,16,19
2026-02-16,problem,0.002667,16,24
2026-02-23,problem,0.004311,13,16
2026-03-02,problem,0.001930,14,19
2026-03-09,problem,0.006412,17,20
2026-03-16,problem,0.002023,12,16
2026-03-23,problem,0.003652,16,21
2026-03-30,problem,0.002249,12,13
2026-04-06,problem,0.002395,15,20
2026-04-13,problem,0.000698,8,11
2026-04-20,problem,0.004662,14,16
2026-04-27,problem,0.005829,16,20
2026-05-04,problem,0.003510,13,16
2026-05-11,problem,0.004646,16,24
2026-05-18,problem,0.003957,18,22
2026-05-25,problem,0.002289,12,18
2026-06-01,problem,0.004221,13,19
2026-06-08,problem,0.003389,13,17
2026-06-15,problem,0.001432,8,10
2026-06-22,problem,0.002753,12,16
2026-06-29,problem,0.004621,16,19
2026-07-06,problem,0.003286,15,17
2026-07-13,problem,0.005356,19,21
2026-07-20,problem,0.006112,10,14
2026-07-27,problem,0.002944,12,17
2026-08-03,problem,0.005430,13,15
2026-08-10,problem,0.006220,15,16
2026-08-17,problem,0.006465,17,22
2026-08-24,problem,0.008921,22,30
2026-08-31,problem,0.007238,17,25
2026-09-07,problem,0.002623,12,17
2026-09-14,problem,0.003636,1,1
2025-12-29,protest,0.009958,14,28
2026-01-05,protest,0.007924,28,105
2026-01-12,protest,0.007830,34,93
2026-01-19,protest,0.015243,40,99
2026-01-26,protest,0.009586,38,93
2026-02-02,protest,0.004985,30,53
2026-02-09,protest,0.002697,23,50
2026-02-16,protest,0.003112,15,38
2026-02-23,protest,0.003896,24,58
2026-03-02,protest,0.002539,15,37
2026-03-09,protest,0.002700,18,31
2026-03-16,protest,0.003396,19,25
2026-03-23,protest,0.007849,27,74
2026-03-30,protest,0.006708,19,37
2026-04-06,protest,0.002839,17,29
2026-04-13,protest,0.001948,11,28
2026-04-20,protest,0.003274,12,28
2026-04-27,protest,0.003435,20,35
2026-05-04,protest,0.002000,11,16
2026-05-11,protest,0.002776,13,34
2026-05-18,protest,0.001748,13,27
2026-05-25,protest,0.001738,15,37
2026-06-01,protest,0.003640,19,44
2026-06-08,protest,0.002505,15,55
2026-06-15,protest,0.002031,15,36
2026-06-22,protest,0.002412,11,15
2026-06-29,protest,0.003164,12,31
2026-07-06,protest,0.001275,12,25
2026-07-13,protest,0.001606,9,34
2026-07-20,protest,0.004120,13,245
2026-07-27,protest,0.003136,11,92
2026-08-03,protest,0.003390,12,101
2026-08-10,protest,0.003985,16,102
2026-08-17,protest,0.002702,15,85
2026-08-24,protest,0.000829,9,34
2026-08-31,protest,0.001432,11,35
2026-09-07,protest,0.004046,14,42
2026-09-14,protest,0.002742,2,3
2025-12-29,protests,0.005910,14,43
2026-01-05,protests,0.023777,54,260
2026-01-12,protests,0.023805,54,270
2026-01-19,protests,0.009596,40,104
2026-01-26,protests,0.009488,39,87
2026-02-02,protests,0.003201,20,38
2026-02-09,protests,0.001222,13,18
2026-02-16,protests,0.000860,13,22
2026-02-23,protests,0.002817,15,26
2026-03-02,protests,0.000955,11,28
2026-03-09,protests,0.001270,10,12
2026-03-16,protests,0.000959,10,13
2026-03-23,protests,0.006424,27,61
2026-03-30,protests,0.003262,15,31
2026-04-06,protests,0.000906,8,17
2026-04-13,protests,0.001787,14,25
2026-04-20,protests,0.001654,8,13
2026-04-27,protests,0.004862,16,37
2026-05-04,protests,0.001570,10,13
2026-05-11,protests,0.003245,13,23
2026-05-18,protests,0.001026,9,20
2026-05-25,protests,0.003559,22,41
2026-06-01,protests,0.008557,38,66
2026-06-08,protests,0.004765,20,76
2026-06-15,protests,0.003603,16,37
2026-06-22,protests,0.001745,14,22
2026-06-29,protests,0.000955,11,38
2026-07-06,protests,0.000625,8,14
2026-07-13,protests,0.003465,17,40
2026-07-20,protests,0.002935,18,74
2026-07-27,protests,0.002560,11,31
2026-08-03,protests,0.001718,12,27
2026-08-10,protests,0.000304,4,9
2026-08-17,protests,0.001017,7,12
2026-08-24,protests,0.000136,4,6
2026-08-31,protests,0.000376,6,13
2026-09-07,protests,0.004922,18,28
2026-09-14,protests,0.001111,1,1
2025-12-29,putin,0.009176,8,53
2026-01-05,putin,0.002547,12,74
2026-01-12,putin,0.003858,9,82
2026-01-19,putin,0.008679,27,107
2026-01-26,putin,0.002956,11,73
2026-02-02,putin,0.004188,19,111
2026-02-09,putin,0.002898,10,57
2026-02-16,putin,0.003978,15,58
2026-02-23,putin,0.001364,11,64
2026-03-02,putin,0.002046,10,39
2026-03-09,putin,0.003745,22,75
2026-03-16,putin,0.002791,13,47
2026-03-23,putin,0.002960,12,46
2026-03-30,putin,0.001227,7,35
2026-04-06,putin,0.001676,12,42
2026-04-13,putin,0.001235,6,53
2026-04-20,putin,0.002512,12,46
2026-04-27,putin,0.006655,25,126
2026-05-04,putin,0.005869,24,124
2026-05-11,putin,0.003376,14,85
2026-05-18,putin,0.010314,26,244
2026-05-25,putin,0.006768,10,105
2026-06-01,putin,0.006301,22,182
2026-06-08,putin,0.002444,16,72
2026-06-15,putin,0.002300,16,77
2026-06-22,putin,0.004209,10,66
2026-06-29,putin,0.007613,15,103
2026-07-06,putin,0.005495,19,98
2026-07-13,putin,0.003021,11,62
2026-07-20,putin,0.002837,9,63
2026-07-27,putin,0.002408,12,88
2026-08-03,putin,0.001898,9,72
2026-08-10,putin,0.004231,14,108
2026-08-17,putin,0.005244,16,110
2026-08-24,putin,0.004169,14,146
2026-08-31,putin,0.011947,30,272
2026-09-07,putin,0.009376,24,248
2026-09-14,putin,0.012559,3,11
2025-12-29,question,0.003837,6,11
2026-01-05,question,0.003114,15,17
2026-01-12,question,0.003883,22,26
2026-01-19,question,0.003346,21,28
2026-01-26,question,0.002821,12,19
2026-02-02,question,0.004473,26,27
2026-02-09,question,0.003036,16,27
2026-02-16,question,0.003135,14,23
2026-02-23,question,0.003461,14,19
2026-03-02,question,0.004995,20,24
2026-03-09,question,0.002134,16,22
2026-03-16,question,0.003251,19,25
2026-03-23,question,0.001144,10,11
2026-03-30,question,0.001700,14,26
2026-04-06,question,0.003199,18,21
2026-04-13,question,0.002360,15,20
2026-04-20,question,0.004150,23,28
2026-04-27,question,0.004992,18,21
2026-05-04,question,0.004770,15,17
2026-05-11,question,0.003474,17,19
2026-05-18,question,0.001400,13,17
2026-05-25,question,0.001541,11,19
2026-06-01,question,0.001333,10,20
2026-06-08,question,0.004673,21,24
2026-06-15,question,0.002990,15,24
2026-06-22,question,0.003611,12,17
2026-06-29,question,0.004250,11,19
2026-07-06,question,0.003955,19,20
2026-07-13,question,0.004038,18,23
2026-07-20,question,0.005187,16,23
2026-07-27,question,0.002692,19,26
2026-08-03,question,0.004114,19,21
2026-08-10,question,0.002952,16,21
2026-08-17,question,0.003971,23,29
2026-08-24,question,0.004357,20,26
2026-08-31,question,0.002992,19,28
2026-09-07,question,0.001514,7,10
2025-12-29,questions,0.005122,14,21
2026-01-05,questions,0.005752,25,51
2026-01-12,questions,0.002076,14,24
2026-01-19,questions,0.002756,23,40
2026-01-26,questions,0.002330,19,32
2026-02-02,questions,0.003032,25,37
2026-02-09,questions,0.006923,36,70
2026-02-16,questions,0.001424,17,25
2026-02-23,questions,0.002753,26,46
2026-03-02,questions,0.007000,27,50
2026-03-09,questions,0.002985,20,40
2026-03-16,questions,0.004265,23,49
2026-03-23,questions,0.003595,23,43
2026-03-30,questions,0.005646,18,27
2026-04-06,questions,0.001870,21,40
2026-04-13,questions,0.003261,18,28
2026-04-20,questions,0.003927,25,47
2026-04-27,questions,0.002894,22,57
2026-05-04,questions,0.002931,17,35
2026-05-11,questions,0.003440,24,45
2026-05-18,questions,0.002157,17,31
2026-05-25,questions,0.003488,20,34
2026-06-01,questions,0.004841,27,42
2026-06-08,questions,0.005095,24,48
2026-06-15,questions,0.006051,25,50
2026-06-22,questions,0.004744,19,43
2026-06-29,questions,0.004774,18,33
2026-07-06,questions,0.004295,24,42
2026-07-13,questions,0.007949,33,59
2026-07-20,questions,0.006732,26,53
2026-07-27,questions,0.007112,31,56
2026-08-03,questions,0.003945,20,38
2026-08-10,questions,0.005469,26,38
2026-08-17,questions,0.002990,20,30
2026-08-24,questions,0.004580,15,23
2026-08-31,questions,0.003968,22,37
2026-09-07,questions,0.002922,11,24
2026-09-14,questions,0.003631,3,3
2025-12-29,race,0.004799,6,6
2026-01-05,race,0.003550,19,22
2026-01-12,race,0.000339,5,7
2026-01-19,race,0.004452,17,19
2026-01-26,race,0.000431,9,9
2026-02-02,race,0.002409,22,28
2026-02-09,race,0.002327,18,25
2026-02-16,race,0.003616,18,27
2026-02-23,race,0.002020,15,20
2026-03-02,race,0.004984,25,35
2026-03-09,race,0.001291,14,17
2026-03-16,race,0.000639,9,12
2026-03-23,race,0.001603,12,16
2026-03-30,race,0.003186,14,15
2026-04-06,race,0.003394,19,28
2026-04-13,race,0.005136,23,32
2026-04-20,race,0.004107,20,32
2026-04-27,race,0.002362,19,30
2026-05-04,race,0.003860,22,34
2026-05-11,race,0.008744,32,51
2026-05-18,race,0.005322,29,48
2026-05-25,race,0.004845,30,66
2026-06-01,race,0.011367,38,83
2026-06-08,race,0.010178,33,73
2026-06-15,race,0.003644,20,34
2026-06-22,race,0.002237,20,37
2026-06-29,race,0.001589,17,29
2026-07-06,race,0.009733,34,87
2026-07-13,race,0.004851,28,41
2026-07-20,race,0.002449,20,39
2026-07-27,race,0.005969,28,51
2026-08-03,race,0.004201,23,48
2026-08-10,race,0.004037,26,52
2026-08-17,race,0.010498,36,68
2026-08-24,race,0.006629,23,41
2026-08-31,race,0.005933,29,46
2026-09-07,race,0.002084,16,28
2026-09-14,race,0.011883,5,5
2025-12-29,reacts,0.002261,9,15
2026-01-05,reacts,0.008589,29,61
2026-01-12,reacts,0.010140,24,48
2026-01-19,reacts,0.008347,23,49
2026-01-26,reacts,0.009972,21,54
2026-02-02,reacts,0.012059,22,52
2026-02-09,reacts,0.012100,21,64
2026-02-16,reacts,0.014972,25,85
2026-02-23,reacts,0.008670,24,86
2026-03-02,reacts,0.012259,24,84
2026-03-09,reacts,0.008395,19,81
2026-03-16,reacts,0.008859,20,66
2026-03-23,reacts,0.011522,17,67
2026-03-30,reacts,0.009605,21,74
2026-04-06,reacts,0.009809,23,82
2026-04-13,reacts,0.012775,23,91
2026-04-20,reacts,0.011378,19,58
2026-04-27,reacts,0.014589,23,52
2026-05-04,reacts,0.010442,24,45
2026-05-11,reacts,0.010316,20,54
2026-05-18,reacts,0.003913,16,34
2026-05-25,reacts,0.008265,18,39
2026-06-01,reacts,0.009399,20,44
2026-06-08,reacts,0.007278,18,45
2026-06-15,reacts,0.010272,20,46
2026-06-22,reacts,0.010010,26,47
2026-06-29,reacts,0.006681,18,39
2026-07-06,reacts,0.007262,21,40
2026-07-13,reacts,0.008518,19,34
2026-07-20,reacts,0.004181,21,58
2026-07-27,reacts,0.007305,21,41
2026-08-03,reacts,0.010480,22,46
2026-08-10,reacts,0.010809,20,46
2026-08-17,reacts,0.010330,17,45
2026-08-24,reacts,0.007736,17,36
2026-08-31,reacts,0.007343,20,41
2026-09-07,reacts,0.007130,20,31
2026-09-14,reacts,0.010150,3,4
2025-12-29,ready,0.002773,9,14
2026-01-05,ready,0.001083,14,19
2026-01-12,ready,0.001529,11,25
2026-01-19,ready,0.003117,12,23
2026-01-26,ready,0.000437,9,16
2026-02-02,ready,0.001303,13,23
2026-02-09,ready,0.003838,12,24
2026-02-16,ready,0.002466,15,25
2026-02-23,ready,0.001702,12,20
2026-03-02,ready,0.000750,8,12
2026-03-09,ready,0.001840,18,32
2026-03-16,ready,0.001632,12,19
2026-03-23,ready,0.002222,14,19
2026-03-30,ready,0.002757,18,26
2026-04-06,ready,0.001322,15,28
2026-04-13,ready,0.003117,20,36
2026-04-20,ready,0.001475,14,33
2026-04-27,ready,0.001533,10,14
2026-05-04,ready,0.001618,12,17
2026-05-11,ready,0.003367,10,22
2026-05-18,ready,0.002246,17,25
2026-05-25,ready,0.004448,17,25
2026-06-01,ready,0.001112,13,29
2026-06-08,ready,0.002017,14,19
2026-06-15,ready,0.001028,11,19
2026-06-22,ready,0.003131,12,19
2026-06-29,ready,0.003192,13,15
2026-07-06,ready,0.000353,6,11
2026-07-13,ready,0.004616,14,19
2026-07-20,ready,0.001068,15,27
2026-07-27,ready,0.001765,15,17
2026-08-03,ready,0.002059,8,12
2026-08-10,ready,0.002410,15,29
2026-08-17,ready,0.001119,11,15
2026-08-24,ready,0.000847,10,17
2026-08-31,ready,0.002752,15,24
2026-09-07,ready,0.003820,14,23
2026-09-14,ready,0.005111,2,2
2025-12-29,real,0.011511,14,20
2026-01-05,real,0.009355,33,50
2026-01-12,real,0.007588,28,38
2026-01-19,real,0.010627,37,47
2026-01-26,real,0.015000,35,47
2026-02-02,real,0.005469,25,35
2026-02-09,real,0.010120,30,45
2026-02-16,real,0.015326,46,67
2026-02-23,real,0.010130,27,36
2026-03-02,real,0.007046,26,45
2026-03-09,real,0.009248,29,52
2026-03-16,real,0.010192,34,50
2026-03-23,real,0.008935,33,54
2026-03-30,real,0.008088,27,39
2026-04-06,real,0.015549,42,57
2026-04-13,real,0.009820,34,46
2026-04-20,real,0.009400,32,48
2026-04-27,real,0.010601,37,48
2026-05-04,real,0.010295,31,43
2026-05-11,real,0.012020,36,53
2026-05-18,real,0.012714,35,49
2026-05-25,real,0.012592,28,41
2026-06-01,real,0.006918,24,36
2026-06-08,real,0.008680,27,38
2026-06-15,real,0.009521,36,55
2026-06-22,real,0.004416,24,33
2026-06-29,real,0.011462,29,37
2026-07-06,real,0.004724,18,28
2026-07-13,real,0.010155,25,41
2026-07-20,real,0.004538,17,21
2026-07-27,real,0.005831,28,44
2026-08-03,real,0.012067,31,46
2026-08-10,real,0.010519,31,45
2026-08-17,real,0.011839,31,42
2026-08-24,real,0.012956,33,54
2026-08-31,real,0.007465,27,33
2026-09-07,real,0.009827,25,34
2026-09-14,real,0.008000,1,1
2025-12-29,reality,0.002554,4,6
2026-01-05,reality,0.001857,10,17
2026-01-12,reality,0.003222,14,21
2026-01-19,reality,0.002965,17,27
2026-01-26,reality,0.002182,13,17
2026-02-02,reality,0.004234,12,17
2026-02-09,reality,0.004631,18,27
2026-02-16,reality,0.002707,14,18
2026-02-23,reality,0.002244,13,16
2026-03-02,reality,0.003611,10,14
2026-03-09,reality,0.004591,17,26
2026-03-16,reality,0.004052,16,25
2026-03-23,reality,0.003320,14,20
2026-03-30,reality,0.005092,18,23
2026-04-06,reality,0.005867,24,28
2026-04-13,reality,0.002488,11,27
2026-04-20,reality,0.005228,20,25
2026-04-27,reality,0.002717,12,19
2026-05-04,reality,0.002090,14,24
2026-05-11,reality,0.002979,18,26
2026-05-18,reality,0.002603,16,20
2026-05-25,reality,0.007931,22,32
2026-06-01,reality,0.003415,15,21
2026-06-08,reality,0.006600,17,24
2026-06-15,reality,0.004531,15,24
2026-06-22,reality,0.004896,17,23
2026-06-29,reality,0.003723,17,27
2026-07-06,reality,0.003438,9,11
2026-07-13,reality,0.002833,7,9
2026-07-20,reality,0.002395,13,18
2026-07-27,reality,0.001910,13,16
2026-08-03,reality,0.003940,16,23
2026-08-10,reality,0.003750,22,27
2026-08-17,reality,0.003512,16,25
2026-08-24,reality,0.002378,14,24
2026-08-31,reality,0.004799,17,26
2026-09-07,reality,0.001734,14,18
2025-12-29,really,0.007785,7,9
2026-01-05,really,0.008559,22,31
2026-01-12,really,0.005627,20,26
2026-01-19,really,0.006339,21,29
2026-01-26,really,0.011003,27,32
2026-02-02,really,0.009724,24,30
2026-02-09,really,0.010238,27,37
2026-02-16,really,0.008320,28,36
2026-02-23,really,0.007561,22,34
2026-03-02,really,0.010532,26,35
2026-03-09,really,0.003173,15,21
2026-03-16,really,0.004825,20,26
2026-03-23,really,0.006228,20,29
2026-03-30,really,0.007359,21,33
2026-04-06,really,0.008748,24,33
2026-04-13,really,0.006606,26,32
2026-04-20,really,0.009334,27,35
2026-04-27,really,0.006957,21,30
2026-05-04,really,0.005015,18,25
2026-05-11,really,0.008909,27,36
2026-05-18,really,0.007409,22,25
2026-05-25,really,0.005935,16,28
2026-06-01,really,0.002725,14,17
2026-06-08,really,0.004342,18,25
2026-06-15,really,0.009810,26,38
2026-06-22,really,0.008650,28,36
2026-06-29,really,0.006140,21,30
2026-07-06,really,0.004852,22,29
2026-07-13,really,0.006317,21,28
2026-07-20,really,0.004133,18,23
2026-07-27,really,0.008149,25,37
2026-08-03,really,0.007943,15,22
2026-08-10,really,0.007052,26,34
2026-08-17,really,0.008867,23,32
2026-08-24,really,0.007405,21,32
2026-08-31,really,0.003740,19,28
2026-09-07,really,0.006212,24,37
2026-09-14,really,0.003917,2,4
2025-12-29,reason,0.009065,6,7
2026-01-05,reason,0.002652,11,14
2026-01-12,reason,0.004757,14,17
2026-01-19,reason,0.003556,7,7
2026-01-26,reason,0.003226,12,12
2026-02-02,reason,0.001767,8,13
2026-02-09,reason,0.002056,12,14
2026-02-16,reason,0.005979,11,13
2026-02-23,reason,0.000257,2,4
2026-03-02,reason,0.003454,16,21
2026-03-09,reason,0.002237,7,11
2026-03-16,reason,0.004614,11,15
2026-03-23,reason,0.003954,11,14
2026-03-30,reason,0.002132,10,13
2026-04-06,reason,0.004445,15,17
2026-04-13,reason,0.002187,10,11
2026-04-20,reason,0.002695,11,12
2026-04-27,reason,0.004183,11,13
2026-05-04,reason,0.003154,9,13
2026-05-11,reason,0.004072,13,15
2026-05-18,reason,0.005632,14,17
2026-05-25,reason,0.005947,13,14
2026-06-01,reason,0.001974,9,10
2026-06-08,reason,0.004605,14,16
2026-06-15,reason,0.002864,11,12
2026-06-22,reason,0.002781,10,13
2026-06-29,reason,0.005207,15,16
2026-07-06,reason,0.001231,5,9
2026-07-13,reason,0.003768,13,18
2026-07-20,reason,0.002692,7,9
2026-07-27,reason,0.002835,11,12
2026-08-03,reason,0.008083,17,19
2026-08-10,reason,0.004836,10,16
2026-08-17,reason,0.005546,15,18
2026-08-24,reason,0.010528,18,23
2026-08-31,reason,0.004113,16,20
2026-09-07,reason,0.005572,9,10
2025-12-29,red,0.001834,8,12
2026-01-05,red,0.004899,23,36
2026-01-12,red,0.004647,19,35
2026-01-19,red,0.001779,15,32
2026-01-26,red,0.003649,15,27
2026-02-02,red,0.004745,23,34
2026-02-09,red,0.003646,16,30
2026-02-16,red,0.005128,23,31
2026-02-23,red,0.001645,14,18
2026-03-02,red,0.001426,15,18
2026-03-09,red,0.001994,17,43
2026-03-16,red,0.000993,14,20
2026-03-23,red,0.002625,18,37
2026-03-30,red,0.001771,13,21
2026-04-06,red,0.002177,15,26
2026-04-13,red,0.004423,24,43
2026-04-20,red,0.004068,20,49
2026-04-27,red,0.005333,20,40
2026-05-04,red,0.007084,26,61
2026-05-11,red,0.005331,25,46
2026-05-18,red,0.005268,22,39
2026-05-25,red,0.008183,23,42
2026-06-01,red,0.002015,17,19
2026-06-08,red,0.005218,25,33
2026-06-15,red,0.002482,13,25
2026-06-22,red,0.001813,19,38
2026-06-29,red,0.002334,21,38
2026-07-06,red,0.010091,39,92
2026-07-13,red,0.004344,24,46
2026-07-20,red,0.004683,30,80
2026-07-27,red,0.003840,21,44
2026-08-03,red,0.002745,21,44
2026-08-10,red,0.006253,20,62
2026-08-17,red,0.002472,19,32
2026-08-24,red,0.003188,21,30
2026-08-31,red,0.004016,22,32
2026-09-07,red,0.003410,25,51
2026-09-14,red,0.018143,5,5
2025-12-29,regime,0.009943,16,29
2026-01-05,regime,0.011834,42,79
2026-01-12,regime,0.007780,27,84
2026-01-19,regime,0.002215,14,19
2026-01-26,regime,0.006702,17,25
2026-02-02,regime,0.001585,14,17
2026-02-09,regime,0.002713,15,25
2026-02-16,regime,0.000867,10,16
2026-02-23,regime,0.011667,38,83
2026-03-02,regime,0.019516,45,146
2026-03-09,regime,0.010608,31,63
2026-03-16,regime,0.008746,27,49
2026-03-23,regime,0.006077,22,42
2026-03-30,regime,0.005545,21,39
2026-04-06,regime,0.003052,17,33
2026-04-13,regime,0.002917,13,18
2026-04-20,regime,0.002654,12,25
2026-04-27,regime,0.001775,12,15
2026-05-04,regime,0.001798,15,17
2026-05-11,regime,0.002354,9,11
2026-05-18,regime,0.005668,23,31
2026-05-25,regime,0.002285,10,18
2026-06-01,regime,0.001168,5,9
2026-06-08,regime,0.000627,5,6
2026-06-15,regime,0.001537,14,19
2026-06-22,regime,0.001772,8,16
2026-06-29,regime,0.000441,4,5
2026-07-06,regime,0.004254,18,19
2026-07-13,regime,0.001400,8,9
2026-07-20,regime,0.001248,7,10
2026-07-27,regime,0.001884,9,9
2026-08-03,regime,0.000844,7,7
2026-08-10,regime,0.001998,8,9
2026-08-17,regime,0.002357,13,17
2026-08-24,regime,0.002369,9,11
2026-08-31,regime,0.000580,8,14
2026-09-07,regime,0.000103,3,3
2025-12-29,rep,0.003526,7,21
2026-01-05,rep,0.004709,22,73
2026-01-12,rep,0.002961,19,56
2026-01-19,rep,0.003998,20,64
2026-01-26,rep,0.007312,28,75
2026-02-02,rep,0.002297,16,54
2026-02-09,rep,0.007128,24,90
2026-02-16,rep,0.003401,16,45
2026-02-23,rep,0.008018,27,86
2026-03-02,rep,0.003897,17,75
2026-03-09,rep,0.002670,14,48
2026-03-16,rep,0.002891,18,40
2026-03-23,rep,0.003693,18,48
2026-03-30,rep,0.002981,13,39
2026-04-06,rep,0.004957,19,48
2026-04-13,rep,0.005824,23,84
2026-04-20,rep,0.005852,25,76
2026-04-27,rep,0.003172,17,53
2026-05-04,rep,0.005286,16,34
2026-05-11,rep,0.007841,24,66
2026-05-18,rep,0.003528,20,69
2026-05-25,rep,0.001320,9,24
2026-06-01,rep,0.002083,16,45
2026-06-08,rep,0.002958,16,39
2026-06-15,rep,0.003300,11,23
2026-06-22,rep,0.002650,12,54
2026-06-29,rep,0.002387,16,59
2026-07-06,rep,0.002120,16,42
2026-07-13,rep,0.004010,17,44
2026-07-20,rep,0.004093,21,46
2026-07-27,rep,0.002809,17,35
2026-08-03,rep,0.002988,18,53
2026-08-10,rep,0.001812,14,33
2026-08-17,rep,0.003495,13,38
2026-08-24,rep,0.002919,17,41
2026-08-31,rep,0.005065,14,37
2026-09-07,rep,0.002512,11,36
2026-09-14,rep,0.001818,1,1
2025-12-29,report,0.010861,16,28
2026-01-05,report,0.005096,23,84
2026-01-12,report,0.004954,22,61
2026-01-19,report,0.003543,22,50
2026-01-26,report,0.002664,18,52
2026-02-02,report,0.005061,31,71
2026-02-09,report,0.005164,25,80
2026-02-16,report,0.003242,21,62
2026-02-23,report,0.005829,26,84
2026-03-02,report,0.005090,24,97
2026-03-09,report,0.007241,29,89
2026-03-16,report,0.005404,26,62
2026-03-23,report,0.004285,24,72
2026-03-30,report,0.005584,27,90
2026-04-06,report,0.006556,26,92
2026-04-13,report,0.005228,30,80
2026-04-20,report,0.005109,27,77
2026-04-27,report,0.006958,30,98
2026-05-04,report,0.007488,30,101
2026-05-11,report,0.008926,29,110
2026-05-18,report,0.008623,31,107
2026-05-25,report,0.008167,28,86
2026-06-01,report,0.007473,30,88
2026-06-08,report,0.006381,31,85
2026-06-15,report,0.009018,29,79
2026-06-22,report,0.007787,31,81
2026-06-29,report,0.005436,29,70
2026-07-06,report,0.007561,26,76
2026-07-13,report,0.006546,28,73
2026-07-20,report,0.005899,26,67
2026-07-27,report,0.004824,22,73
2026-08-03,report,0.009720,33,106
2026-08-10,report,0.007623,26,80
2026-08-17,report,0.004057,22,59
2026-08-24,report,0.005065,21,66
2026-08-31,report,0.006312,29,89
2026-09-07,report,0.007518,30,58
2026-09-14,report,0.034222,3,7
2025-12-29,republican,0.004410,7,9
2026-01-05,republican,0.004503,22,32
2026-01-12,republican,0.002710,15,22
2026-01-19,republican,0.001422,11,19
2026-01-26,republican,0.004375,21,39
2026-02-02,republican,0.002827,18,29
2026-02-09,republican,0.005490,20,35
2026-02-16,republican,0.002518,18,21
2026-02-23,republican,0.005746,18,30
2026-03-02,republican,0.006688,28,41
2026-03-09,republican,0.004966,25,41
2026-03-16,republican,0.003239,15,19
2026-03-23,republican,0.003575,13,25
2026-03-30,republican,0.002736,14,19
2026-04-06,republican,0.003573,17,26
2026-04-13,republican,0.004006,11,21
2026-04-20,republican,0.001818,17,25
2026-04-27,republican,0.005551,18,37
2026-05-04,republican,0.005936,25,45
2026-05-11,republican,0.006459,23,34
2026-05-18,republican,0.008971,31,59
2026-05-25,republican,0.005014,23,35
2026-06-01,republican,0.005766,23,32
2026-06-08,republican,0.002706,14,24
2026-06-15,republican,0.001981,14,24
2026-06-22,republican,0.010127,31,50
2026-06-29,republican,0.004561,20,32
2026-07-06,republican,0.002536,17,23
2026-07-13,republican,0.004572,21,33
2026-07-20,republican,0.003428,17,29
2026-07-27,republican,0.006066,25,33
2026-08-03,republican,0.009107,29,50
2026-08-10,republican,0.003971,20,32
2026-08-17,republican,0.003661,19,23
2026-08-24,republican,0.003883,18,34
2026-08-31,republican,0.004412,27,38
2026-09-07,republican,0.012284,40,116
2026-09-14,republican,0.000741,1,1
2025-12-29,republicans,0.006800,7,10
2026-01-05,republicans,0.010640,31,64
2026-01-12,republicans,0.006239,27,53
2026-01-19,republicans,0.006688,27,63
2026-01-26,republicans,0.011666,34,65
2026-02-02,republicans,0.009791,36,79
2026-02-09,republicans,0.008937,29,55
2026-02-16,republicans,0.005813,20,38
2026-02-23,republicans,0.006131,31,60
2026-03-02,republicans,0.008728,27,58
2026-03-09,republicans,0.010209,32,55
2026-03-16,republicans,0.007636,26,59
2026-03-23,republicans,0.008756,37,78
2026-03-30,republicans,0.004410,21,32
2026-04-06,republicans,0.007453,26,46
2026-04-13,republicans,0.012135,33,58
2026-04-20,republicans,0.008480,32,60
2026-04-27,republicans,0.010569,32,56
2026-05-04,republicans,0.011002,35,72
2026-05-11,republicans,0.008577,31,61
2026-05-18,republicans,0.015169,42,102
2026-05-25,republicans,0.011585,33,75
2026-06-01,republicans,0.008454,34,70
2026-06-08,republicans,0.004391,19,38
2026-06-15,republicans,0.006636,16,42
2026-06-22,republicans,0.010233,36,62
2026-06-29,republicans,0.006026,18,40
2026-07-06,republicans,0.006320,19,38
2026-07-13,republicans,0.005872,23,46
2026-07-20,republicans,0.007704,28,56
2026-07-27,republicans,0.009187,27,59
2026-08-03,republicans,0.009439,29,56
2026-08-10,republicans,0.007410,28,46
2026-08-17,republicans,0.007525,22,37
2026-08-24,republicans,0.005109,20,40
2026-08-31,republicans,0.009155,33,66
2026-09-07,republicans,0.009730,38,108
2026-09-14,republicans,0.002105,1,1
2025-12-29,reveals,0.006309,11,19
2026-01-05,reveals,0.007663,29,55
2026-01-12,reveals,0.011732,31,54
2026-01-19,reveals,0.008961,34,65
2026-01-26,reveals,0.005110,27,50
2026-02-02,reveals,0.008359,29,53
2026-02-09,reveals,0.006521,26,52
2026-02-16,reveals,0.005437,23,42
2026-02-23,reveals,0.005688,21,45
2026-03-02,reveals,0.003494,23,39
2026-03-09,reveals,0.003974,20,38
2026-03-16,reveals,0.004567,23,45
2026-03-23,reveals,0.005557,27,60
2026-03-30,reveals,0.004590,20,54
2026-04-06,reveals,0.008839,28,54
2026-04-13,reveals,0.009762,34,58
2026-04-20,reveals,0.004505,29,60
2026-04-27,reveals,0.005520,29,55
2026-05-04,reveals,0.008966,31,52
2026-05-11,reveals,0.006316,27,71
2026-05-18,reveals,0.007854,29,63
2026-05-25,reveals,0.005920,26,51
2026-06-01,reveals,0.005383,24,52
2026-06-08,reveals,0.005234,28,61
2026-06-15,reveals,0.005641,28,58
2026-06-22,reveals,0.008963,26,69
2026-06-29,reveals,0.007349,26,55
2026-07-06,reveals,0.005685,26,63
2026-07-13,reveals,0.006219,24,50
2026-07-20,reveals,0.009227,33,77
2026-07-27,reveals,0.011490,46,73
2026-08-03,reveals,0.005557,27,55
2026-08-10,reveals,0.005652,24,40
2026-08-17,reveals,0.009214,27,55
2026-08-24,reveals,0.004768,23,53
2026-08-31,reveals,0.004286,25,35
2026-09-07,reveals,0.005531,27,48
2026-09-14,reveals,0.025589,6,7
2025-12-29,right,0.013258,17,21
2026-01-05,right,0.006813,27,41
2026-01-12,right,0.009607,26,50
2026-01-19,right,0.007299,26,43
2026-01-26,right,0.004884,23,43
2026-02-02,right,0.008939,29,46
2026-02-09,right,0.005716,26,46
2026-02-16,right,0.005549,25,43
2026-02-23,right,0.007552,26,39
2026-03-02,right,0.006165,24,42
2026-03-09,right,0.006823,26,35
2026-03-16,right,0.008358,29,52
2026-03-23,right,0.012697,35,48
2026-03-30,right,0.008198,22,43
2026-04-06,right,0.010154,30,46
2026-04-13,right,0.010601,36,56
2026-04-20,right,0.007267,24,48
2026-04-27,right,0.009023,23,35
2026-05-04,right,0.006978,28,44
2026-05-11,right,0.009505,28,40
2026-05-18,right,0.007802,32,48
2026-05-25,right,0.003503,16,25
2026-06-01,right,0.011925,30,46
2026-06-08,right,0.008244,25,46
2026-06-15,right,0.004408,24,43
2026-06-22,right,0.005166,22,35
2026-06-29,right,0.005869,26,43
2026-07-06,right,0.010342,35,45
2026-07-13,right,0.008056,27,34
2026-07-20,right,0.010247,28,41
2026-07-27,right,0.008879,27,32
2026-08-03,right,0.005285,23,31
2026-08-10,right,0.009282,22,33
2026-08-17,right,0.010397,28,40
2026-08-24,right,0.009164,30,39
2026-08-31,right,0.008775,22,38
2026-09-07,right,0.010482,32,53
2026-09-14,right,0.006105,2,3
2026-01-05,rights,0.000681,6,8
2026-01-12,rights,0.001880,20,30
2026-01-19,rights,0.003006,18,20
2026-01-26,rights,0.003527,20,35
2026-02-02,rights,0.001720,12,20
2026-02-09,rights,0.002296,11,12
2026-02-16,rights,0.005523,27,48
2026-02-23,rights,0.003371,11,22
2026-03-02,rights,0.003601,16,22
2026-03-09,rights,0.002136,8,12
2026-03-16,rights,0.002065,13,20
2026-03-23,rights,0.002573,12,19
2026-03-30,rights,0.000122,5,7
2026-04-06,rights,0.002837,7,8
2026-04-13,rights,0.002572,8,13
2026-04-20,rights,0.002500,10,19
2026-04-27,rights,0.014548,36,77
2026-05-04,rights,0.006274,20,32
2026-05-11,rights,0.006288,17,38
2026-05-18,rights,0.003789,14,26
2026-05-25,rights,0.002688,13,21
2026-06-01,rights,0.002443,9,11
2026-06-08,rights,0.002835,11,16
2026-06-15,rights,0.002644,14,14
2026-06-22,rights,0.001957,12,17
2026-06-29,rights,0.001184,9,11
2026-07-06,rights,0.001898,8,9
2026-07-13,rights,0.000559,5,7
2026-07-20,rights,0.000738,3,3
2026-07-27,rights,0.001965,9,12
2026-08-03,rights,0.000296,4,6
2026-08-10,rights,0.000698,6,8
2026-08-17,rights,0.000972,10,12
2026-08-24,rights,0.001420,12,23
2026-08-31,rights,0.001378,9,10
2026-09-07,rights,0.002195,11,13
2026-09-14,rights,0.005714,1,1
2025-12-29,robinson,0.002488,3,5
2026-01-05,robinson,0.000791,1,3
2026-01-12,robinson,0.001319,12,16
2026-01-19,robinson,0.000998,4,5
2026-01-26,robinson,0.000038,1,1
2026-02-02,robinson,0.001689,6,10
2026-02-09,robinson,0.000735,2,4
2026-02-16,robinson,0.000614,4,5
2026-02-23,robinson,0.002602,12,23
2026-03-02,robinson,0.000602,2,5
2026-03-09,robinson,0.003177,8,12
2026-03-16,robinson,0.001943,7,7
2026-03-23,robinson,0.003308,7,11
2026-03-30,robinson,0.004408,12,17
2026-04-06,robinson,0.001393,6,11
2026-04-13,robinson,0.003314,11,21
2026-04-20,robinson,0.004481,8,13
2026-04-27,robinson,0.000633,2,3
2026-05-04,robinson,0.000683,2,4
2026-05-11,robinson,0.008734,12,23
2026-05-18,robinson,0.003555,10,12
2026-05-25,robinson,0.000753,1,1
2026-06-01,robinson,0.001983,9,12
2026-06-08,robinson,0.000269,6,7
2026-06-15,robinson,0.000565,2,3
2026-06-22,robinson,0.001130,4,6
2026-06-29,robinson,0.000800,3,4
2026-07-06,robinson,0.031447,37,220
2026-07-13,robinson,0.003047,9,20
2026-07-20,robinson,0.002077,6,6
2026-07-27,robinson,0.003783,9,13
2026-08-03,robinson,0.001943,7,10
2026-08-10,robinson,0.006266,13,26
2026-08-17,robinson,0.003341,7,9
2026-08-24,robinson,0.002186,4,7
2026-08-31,robinson,0.007951,28,45
2026-09-07,robinson,0.001700,3,5
2025-12-29,rubio,0.005224,13,17
2026-01-05,rubio,0.011076,36,75
2026-01-12,rubio,0.003387,17,30
2026-01-19,rubio,0.001272,6,7
2026-01-26,rubio,0.005131,31,89
2026-02-02,rubio,0.000477,7,23
2026-02-09,rubio,0.004864,26,73
2026-02-16,rubio,0.013236,39,86
2026-02-23,rubio,0.002444,17,35
2026-03-02,rubio,0.006214,32,80
2026-03-09,rubio,0.002408,18,23
2026-03-16,rubio,0.001469,15,20
2026-03-23,rubio,0.001727,20,45
2026-03-30,rubio,0.001840,15,29
2026-04-06,rubio,0.000735,7,10
2026-04-13,rubio,0.000802,12,16
2026-04-20,rubio,0.001606,8,13
2026-04-27,rubio,0.001180,8,13
2026-05-04,rubio,0.010959,40,150
2026-05-11,rubio,0.004052,18,44
2026-05-18,rubio,0.004005,21,137
2026-05-25,rubio,0.004357,24,101
2026-06-01,rubio,0.012909,42,227
2026-06-08,rubio,0.002479,16,26
2026-06-15,rubio,0.002070,13,16
2026-06-22,rubio,0.003889,19,78
2026-06-29,rubio,0.001543,9,16
2026-07-06,rubio,0.002314,12,17
2026-07-13,rubio,0.007938,32,58
2026-07-20,rubio,0.007306,32,75
2026-07-27,rubio,0.002643,8,9
2026-08-03,rubio,0.002041,13,22
2026-08-10,rubio,0.001936,10,14
2026-08-17,rubio,0.001213,6,7
2026-08-24,rubio,0.000191,5,7
2026-08-31,rubio,0.001738,8,9
2026-09-07,rubio,0.001005,11,30
2025-12-29,russia,0.008895,13,50
2026-01-05,russia,0.009709,28,156
2026-01-12,russia,0.003597,16,107
2026-01-19,russia,0.006713,23,117
2026-01-26,russia,0.004574,14,88
2026-02-02,russia,0.007860,27,153
2026-02-09,russia,0.008906,23,134
2026-02-16,russia,0.005808,20,120
2026-02-23,russia,0.003477,21,109
2026-03-02,russia,0.006524,28,84
2026-03-09,russia,0.003086,19,78
2026-03-16,russia,0.004472,16,67
2026-03-23,russia,0.005507,21,83
2026-03-30,russia,0.002361,17,84
2026-04-06,russia,0.002613,14,75
2026-04-13,russia,0.004761,18,85
2026-04-20,russia,0.002407,11,66
2026-04-27,russia,0.004360,18,103
2026-05-04,russia,0.005518,20,141
2026-05-11,russia,0.005176,22,104
2026-05-18,russia,0.004033,22,153
2026-05-25,russia,0.008656,26,160
2026-06-01,russia,0.008137,22,166
2026-06-08,russia,0.006704,22,112
2026-06-15,russia,0.007030,23,132
2026-06-22,russia,0.005286,18,118
2026-06-29,russia,0.009487,25,173
2026-07-06,russia,0.009163,26,173
2026-07-13,russia,0.007733,25,153
2026-07-20,russia,0.008144,26,137
2026-07-27,russia,0.006718,26,160
2026-08-03,russia,0.004947,22,147
2026-08-10,russia,0.007132,26,168
2026-08-17,russia,0.006508,19,176
2026-08-24,russia,0.013619,33,214
2026-08-31,russia,0.010751,30,229
2026-09-07,russia,0.006155,21,197
2026-09-14,russia,0.047143,7,32
2025-12-29,said,0.002003,3,6
2026-01-05,said,0.001144,8,12
2026-01-12,said,0.001730,5,6
2026-01-19,said,0.002550,10,15
2026-01-26,said,0.002914,14,16
2026-02-02,said,0.002753,12,17
2026-02-09,said,0.006679,17,23
2026-02-16,said,0.005659,17,26
2026-02-23,said,0.003218,12,24
2026-03-02,said,0.004809,15,18
2026-03-09,said,0.004072,17,20
2026-03-16,said,0.003611,14,17
2026-03-23,said,0.003507,12,15
2026-03-30,said,0.002592,15,17
2026-04-06,said,0.003479,16,19
2026-04-13,said,0.002806,9,10
2026-04-20,said,0.002110,11,13
2026-04-27,said,0.004971,15,15
2026-05-04,said,0.001394,11,14
2026-05-11,said,0.003085,15,18
2026-05-18,said,0.003806,15,20
2026-05-25,said,0.002936,14,20
2026-06-01,said,0.004015,13,20
2026-06-08,said,0.003963,16,21
2026-06-15,said,0.003661,17,22
2026-06-22,said,0.001861,8,8
2026-06-29,said,0.003150,11,13
2026-07-06,said,0.003285,10,13
2026-07-13,said,0.002745,14,20
2026-07-20,said,0.004604,17,21
2026-07-27,said,0.002883,11,17
2026-08-03,said,0.001715,10,13
2026-08-10,said,0.003467,11,13
2026-08-17,said,0.002101,13,19
2026-08-24,said,0.002825,15,20
2026-08-31,said,0.002720,13,13
2026-09-07,said,0.002572,14,20
2025-12-29,sam,0.000745,2,2
2026-01-05,sam,0.000802,3,3
2026-01-12,sam,0.000729,4,6
2026-01-19,sam,0.000429,2,4
2026-01-26,sam,0.002352,6,8
2026-02-02,sam,0.001805,3,4
2026-02-09,sam,0.001319,3,4
2026-02-16,sam,0.001637,5,11
2026-02-23,sam,0.005219,10,15
2026-03-02,sam,0.001609,6,10
2026-03-09,sam,0.007422,11,16
2026-03-16,sam,0.001327,4,6
2026-03-23,sam,0.001249,5,10
2026-03-30,sam,0.000515,5,7
2026-04-06,sam,0.001859,12,15
2026-04-13,sam,0.001059,10,14
2026-04-20,sam,0.001177,9,11
2026-04-27,sam,0.000802,11,17
2026-05-04,sam,0.001440,4,8
2026-05-11,sam,0.003920,12,17
2026-05-18,sam,0.004523,16,27
2026-05-25,sam,0.003613,6,10
2026-06-01,sam,0.002600,11,12
2026-06-08,sam,0.000277,3,6
2026-06-15,sam,0.000221,4,6
2026-06-22,sam,0.001543,3,6
2026-06-29,sam,0.000951,3,4
2026-07-06,sam,0.000069,2,3
2026-07-13,sam,0.000404,5,8
2026-07-20,sam,0.000600,6,7
2026-07-27,sam,0.002462,10,32
2026-08-03,sam,0.001245,5,8
2026-08-10,sam,0.000990,5,9
2026-08-17,sam,0.003168,5,10
2026-08-24,sam,0.001038,5,9
2026-08-31,sam,0.002041,11,16
2026-09-07,sam,0.000308,3,4
2025-12-29,save,0.000223,2,2
2026-01-05,save,0.002428,13,22
2026-01-12,save,0.003804,13,14
2026-01-19,save,0.003852,6,8
2026-01-26,save,0.003928,15,22
2026-02-02,save,0.007281,22,40
2026-02-09,save,0.010934,29,65
2026-02-16,save,0.007616,26,35
2026-02-23,save,0.003752,18,26
2026-03-02,save,0.006865,17,22
2026-03-09,save,0.012956,34,72
2026-03-16,save,0.016059,40,111
2026-03-23,save,0.009229,30,47
2026-03-30,save,0.002688,15,20
2026-04-06,save,0.003882,15,17
2026-04-13,save,0.000628,9,10
2026-04-20,save,0.004169,21,25
2026-04-27,save,0.002922,13,15
2026-05-04,save,0.004651,23,27
2026-05-11,save,0.002670,17,26
2026-05-18,save,0.003445,17,26
2026-05-25,save,0.003195,9,14
2026-06-01,save,0.002263,15,19
2026-06-08,save,0.000494,8,10
2026-06-15,save,0.004833,18,26
2026-06-22,save,0.007984,34,70
2026-06-29,save,0.008410,25,57
2026-07-06,save,0.002757,19,27
2026-07-13,save,0.006966,27,44
2026-07-20,save,0.003744,23,41
2026-07-27,save,0.004891,26,37
2026-08-03,save,0.006662,27,43
2026-08-10,save,0.005294,22,30
2026-08-17,save,0.001002,15,16
2026-08-24,save,0.001898,15,17
2026-08-31,save,0.002897,15,21
2026-09-07,save,0.000709,11,14
2025-12-29,say,0.005329,10,19
2026-01-05,say,0.003606,20,45
2026-01-12,say,0.002452,18,38
2026-01-19,say,0.003349,24,38
2026-01-26,say,0.003149,22,42
2026-02-02,say,0.003631,25,44
2026-02-09,say,0.003932,19,31
2026-02-16,say,0.003947,27,53
2026-02-23,say,0.005427,29,56
2026-03-02,say,0.003269,21,38
2026-03-09,say,0.005717,31,53
2026-03-16,say,0.004519,26,42
2026-03-23,say,0.004633,22,47
2026-03-30,say,0.003805,20,37
2026-04-06,say,0.003493,19,28
2026-04-13,say,0.002205,13,23
2026-04-20,say,0.004246,23,35
2026-04-27,say,0.002805,19,36
2026-05-04,say,0.003488,23,39
2026-05-11,say,0.002048,20,35
2026-05-18,say,0.001963,18,34
2026-05-25,say,0.004668,19,39
2026-06-01,say,0.002462,22,39
2026-06-08,say,0.002484,18,31
2026-06-15,say,0.002172,17,24
2026-06-22,say,0.002117,18,34
2026-06-29,say,0.002968,16,26
2026-07-06,say,0.002414,14,24
2026-07-13,say,0.002756,21,28
2026-07-20,say,0.003435,20,31
2026-07-27,say,0.003494,21,39
2026-08-03,say,0.002356,15,30
2026-08-10,say,0.001318,11,21
2026-08-17,say,0.003260,15,26
2026-08-24,say,0.005832,22,30
2026-08-31,say,0.003361,21,26
2026-09-07,say,0.005200,28,41
2026-09-14,say,0.004485,2,3
2025-12-29,says,0.035839,29,154
2026-01-05,says,0.023869,50,338
2026-01-12,says,0.020667,48,304
2026-01-19,says,0.023042,48,361
2026-01-26,says,0.021197,52,349
2026-02-02,says,0.017781,44,318
2026-02-09,says,0.022074,51,318
2026-02-16,says,0.017899,46,268
2026-02-23,says,0.020257,43,359
2026-03-02,says,0.027456,51,438
2026-03-09,says,0.021153,52,360
2026-03-16,says,0.022423,52,365
2026-03-23,says,0.018616,49,358
2026-03-30,says,0.019914,46,315
2026-04-06,says,0.018395,51,354
2026-04-13,says,0.022459,51,404
2026-04-20,says,0.015963,43,307
2026-04-27,says,0.017059,43,260
2026-05-04,says,0.021423,47,315
2026-05-11,says,0.019811,48,305
2026-05-18,says,0.018486,46,322
2026-05-25,says,0.017559,40,235
2026-06-01,says,0.018247,39,271
2026-06-08,says,0.019663,46,309
2026-06-15,says,0.021966,52,316
2026-06-22,says,0.016194,48,276
2026-06-29,says,0.014973,41,171
2026-07-06,says,0.022773,48,345
2026-07-13,says,0.017845,47,249
2026-07-20,says,0.020838,49,323
2026-07-27,says,0.012834,40,241
2026-08-03,says,0.019746,48,261
2026-08-10,says,0.018055,46,244
2026-08-17,says,0.017486,46,229
2026-08-24,says,0.013698,41,222
2026-08-31,says,0.023351,52,288
2026-09-07,says,0.022964,47,249
2026-09-14,says,0.083576,13,32
2025-12-29,scam,0.002402,3,7
2026-01-05,scam,0.002574,7,9
2026-01-12,scam,0.003320,7,10
2026-01-19,scam,0.004650,11,14
2026-01-26,scam,0.002212,10,13
2026-02-02,scam,0.002971,13,16
2026-02-09,scam,0.001269,8,10
2026-02-16,scam,0.002592,10,13
2026-02-23,scam,0.002003,8,9
2026-03-02,scam,0.003119,9,12
2026-03-09,scam,0.001545,9,11
2026-03-16,scam,0.001125,6,9
2026-03-23,scam,0.002881,9,11
2026-03-30,scam,0.000613,4,5
2026-04-06,scam,0.003573,8,9
2026-04-13,scam,0.005109,11,12
2026-04-20,scam,0.004544,12,15
2026-04-27,scam,0.003063,8,15
2026-05-04,scam,0.005653,15,20
2026-05-11,scam,0.004887,15,23
2026-05-18,scam,0.002561,13,16
2026-05-25,scam,0.001852,6,7
2026-06-01,scam,0.001862,9,9
2026-06-08,scam,0.000924,6,7
2026-06-15,scam,0.002416,8,11
2026-06-22,scam,0.001580,11,17
2026-06-29,scam,0.005198,13,14
2026-07-06,scam,0.001510,8,8
2026-07-13,scam,0.001644,7,9
2026-07-20,scam,0.001697,6,7
2026-07-27,scam,0.002756,10,13
2026-08-03,scam,0.000441,4,5
2026-08-10,scam,0.001194,9,12
2026-08-17,scam,0.000568,4,4
2026-08-24,scam,0.002221,10,12
2026-08-31,scam,0.001389,11,13
2026-09-07,scam,0.004121,14,17
2025-12-29,scandal,0.006409,7,13
2026-01-05,scandal,0.007407,27,40
2026-01-12,scandal,0.002421,10,14
2026-01-19,scandal,0.002106,14,19
2026-01-26,scandal,0.003222,9,16
2026-02-02,scandal,0.005618,22,39
2026-02-09,scandal,0.007285,25,34
2026-02-16,scandal,0.006364,22,27
2026-02-23,scandal,0.005386,25,32
2026-03-02,scandal,0.002695,16,22
2026-03-09,scandal,0.004615,16,18
2026-03-16,scandal,0.004684,20,20
2026-03-23,scandal,0.003599,16,20
2026-03-30,scandal,0.004733,14,20
2026-04-06,scandal,0.006014,17,19
2026-04-13,scandal,0.010396,27,46
2026-04-20,scandal,0.010538,32,54
2026-04-27,scandal,0.006034,19,31
2026-05-04,scandal,0.004540,22,30
2026-05-11,scandal,0.006769,21,33
2026-05-18,scandal,0.003714,20,27
2026-05-25,scandal,0.007781,19,29
2026-06-01,scandal,0.013407,39,66
2026-06-08,scandal,0.004792,18,31
2026-06-15,scandal,0.005516,18,23
2026-06-22,scandal,0.003569,20,28
2026-06-29,scandal,0.002262,11,14
2026-07-06,scandal,0.009038,27,35
2026-07-13,scandal,0.002728,11,19
2026-07-20,scandal,0.003857,12,14
2026-07-27,scandal,0.004095,15,22
2026-08-03,scandal,0.004942,18,29
2026-08-10,scandal,0.003525,15,19
2026-08-17,scandal,0.006545,16,22
2026-08-24,scandal,0.003367,14,24
2026-08-31,scandal,0.005376,18,21
2026-09-07,scandal,0.001051,9,13
2026-09-14,scandal,0.003636,1,1
2026-01-05,scott,0.005305,16,26
2026-01-12,scott,0.013492,27,56
2026-01-19,scott,0.009372,31,50
2026-01-26,scott,0.004717,15,16
2026-02-02,scott,0.002386,15,23
2026-02-09,scott,0.004158,15,21
2026-02-16,scott,0.001255,12,13
2026-02-23,scott,0.002823,8,10
2026-03-02,scott,0.002391,8,11
2026-03-09,scott,0.005073,13,20
2026-03-16,scott,0.001831,9,10
2026-03-23,scott,0.002911,11,13
2026-03-30,scott,0.002898,12,17
2026-04-06,scott,0.003432,8,12
2026-04-13,scott,0.004130,21,32
2026-04-20,scott,0.003200,15,18
2026-04-27,scott,0.006969,17,28
2026-05-04,scott,0.006255,16,22
2026-05-11,scott,0.001030,11,14
2026-05-18,scott,0.002418,7,9
2026-05-25,scott,0.003247,23,37
2026-06-01,scott,0.007220,32,64
2026-06-08,scott,0.005672,17,27
2026-06-15,scott,0.000195,4,5
2026-06-22,scott,0.003897,16,19
2026-06-29,scott,0.005346,14,20
2026-07-06,scott,0.005312,14,27
2026-07-13,scott,0.003274,15,23
2026-07-20,scott,0.002076,9,9
2026-07-27,scott,0.002947,15,20
2026-08-03,scott,0.002666,9,20
2026-08-10,scott,0.004332,17,23
2026-08-17,scott,0.004753,19,33
2026-08-24,scott,0.006362,33,44
2026-08-31,scott,0.005164,19,37
2026-09-07,scott,0.002489,14,24
2025-12-29,scotus,0.001074,2,2
2026-01-05,scotus,0.000430,5,6
2026-01-12,scotus,0.004064,19,31
2026-01-19,scotus,0.001956,13,18
2026-01-26,scotus,0.001157,3,3
2026-02-02,scotus,0.001965,5,8
2026-02-09,scotus,0.001078,3,3
2026-02-16,scotus,0.008222,36,69
2026-02-23,scotus,0.005181,24,35
2026-03-02,scotus,0.002323,8,11
2026-03-09,scotus,0.000937,4,5
2026-03-16,scotus,0.001404,4,6
2026-03-23,scotus,0.003660,14,16
2026-03-30,scotus,0.009769,30,62
2026-04-06,scotus,0.001235,7,8
2026-04-13,scotus,0.000641,5,7
2026-04-20,scotus,0.001513,6,7
2026-04-27,scotus,0.013263,31,70
2026-05-04,scotus,0.006841,24,41
2026-05-11,scotus,0.003471,14,25
2026-05-18,scotus,0.001323,5,8
2026-05-25,scotus,0.001638,7,9
2026-06-01,scotus,0.001151,5,8
2026-06-08,scotus,0.000787,4,6
2026-06-15,scotus,0.000662,6,8
2026-06-22,scotus,0.006668,20,43
2026-06-29,scotus,0.033172,54,151
2026-07-06,scotus,0.000716,6,9
2026-07-13,scotus,0.002435,12,18
2026-07-20,scotus,0.000589,3,5
2026-07-27,scotus,0.001410,6,9
2026-08-03,scotus,0.000340,3,3
2026-08-10,scotus,0.000652,5,5
2026-08-17,scotus,0.000555,5,8
2026-08-24,scotus,0.004035,16,25
2026-08-31,scotus,0.002756,9,15
2026-09-07,scotus,0.001246,6,14
2025-12-29,secret,0.008452,9,13
2026-01-05,secret,0.005818,20,32
2026-01-12,secret,0.008034,21,31
2026-01-19,secret,0.003954,20,42
2026-01-26,secret,0.006618,21,37
2026-02-02,secret,0.008293,28,48
2026-02-09,secret,0.009035,28,43
2026-02-16,secret,0.004618,24,51
2026-02-23,secret,0.007446,30,54
2026-03-02,secret,0.004587,16,33
2026-03-09,secret,0.006924,26,45
2026-03-16,secret,0.004323,18,33
2026-03-23,secret,0.006133,22,41
2026-03-30,secret,0.005251,21,40
2026-04-06,secret,0.004376,18,31
2026-04-13,secret,0.005055,21,50
2026-04-20,secret,0.008983,37,78
2026-04-27,secret,0.007687,36,70
2026-05-04,secret,0.009640,37,78
2026-05-11,secret,0.010518,38,84
2026-05-18,secret,0.007226,34,80
2026-05-25,secret,0.006280,25,48
2026-06-01,secret,0.005461,21,41
2026-06-08,secret,0.009419,28,53
2026-06-15,secret,0.009591,37,72
2026-06-22,secret,0.005063,25,44
2026-06-29,secret,0.009605,21,39
2026-07-06,secret,0.006871,26,54
2026-07-13,secret,0.011436,29,56
2026-07-20,secret,0.006601,38,63
2026-07-27,secret,0.015148,45,67
2026-08-03,secret,0.006911,24,40
2026-08-10,secret,0.011523,42,99
2026-08-17,secret,0.009527,34,74
2026-08-24,secret,0.014220,44,90
2026-08-31,secret,0.008021,28,48
2026-09-07,secret,0.005485,23,48
2025-12-29,senate,0.001161,5,10
2026-01-05,senate,0.001374,18,40
2026-01-12,senate,0.002815,19,41
2026-01-19,senate,0.001625,14,22
2026-01-26,senate,0.005231,31,95
2026-02-02,senate,0.003777,27,47
2026-02-09,senate,0.004719,26,52
2026-02-16,senate,0.003211,13,27
2026-02-23,senate,0.002957,21,46
2026-03-02,senate,0.011512,44,146
2026-03-09,senate,0.005317,27,43
2026-03-16,senate,0.008326,32,124
2026-03-23,senate,0.003940,30,88
2026-03-30,senate,0.004092,23,32
2026-04-06,senate,0.001697,12,17
2026-04-13,senate,0.002064,17,29
2026-04-20,senate,0.005194,30,97
2026-04-27,senate,0.003726,29,60
2026-05-04,senate,0.002021,17,32
2026-05-11,senate,0.007152,34,125
2026-05-18,senate,0.010496,41,121
2026-05-25,senate,0.006885,34,92
2026-06-01,senate,0.009850,45,129
2026-06-08,senate,0.002960,22,54
2026-06-15,senate,0.003552,22,48
2026-06-22,senate,0.005062,33,84
2026-06-29,senate,0.002274,11,23
2026-07-06,senate,0.017131,48,155
2026-07-13,senate,0.020773,51,194
2026-07-20,senate,0.009502,33,87
2026-07-27,senate,0.015021,45,182
2026-08-03,senate,0.015509,47,239
2026-08-10,senate,0.003638,25,53
2026-08-17,senate,0.005055,25,53
2026-08-24,senate,0.007121,25,62
2026-08-31,senate,0.007469,29,51
2026-09-07,senate,0.005566,21,53
2026-09-14,senate,0.005686,2,2
2025-12-29,shapiro,0.004827,2,9
2026-01-05,shapiro,0.005265,9,21
2026-01-12,shapiro,0.005398,13,27
2026-01-19,shapiro,0.005043,13,35
2026-01-26,shapiro,0.002839,9,21
2026-02-02,shapiro,0.004445,11,29
2026-02-09,shapiro,0.001848,3,15
2026-02-16,shapiro,0.003366,6,21
2026-02-23,shapiro,0.005139,11,31
2026-03-02,shapiro,0.001832,7,17
2026-03-09,shapiro,0.007551,14,31
2026-03-16,shapiro,0.006110,13,28
2026-03-23,shapiro,0.003262,9,19
2026-03-30,shapiro,0.002485,3,13
2026-04-06,shapiro,0.003437,10,19
2026-04-13,shapiro,0.003929,8,26
2026-04-20,shapiro,0.002916,3,25
2026-04-27,shapiro,0.005488,7,15
2026-05-04,shapiro,0.008339,17,28
2026-05-11,shapiro,0.006860,10,21
2026-05-18,shapiro,0.005442,9,16
2026-05-25,shapiro,0.004226,9,23
2026-06-01,shapiro,0.003000,6,20
2026-06-08,shapiro,0.003969,8,25
2026-06-15,shapiro,0.007429,15,36
2026-06-22,shapiro,0.002521,7,12
2026-06-29,shapiro,0.004971,11,26
2026-07-06,shapiro,0.004401,7,24
2026-07-13,shapiro,0.005002,9,19
2026-07-20,shapiro,0.004945,13,19
2026-07-27,shapiro,0.001403,8,8
2026-08-03,shapiro,0.002541,6,7
2026-08-10,shapiro,0.003807,8,12
2026-08-17,shapiro,0.003115,8,9
2026-08-24,shapiro,0.002044,9,14
2026-08-31,shapiro,0.003200,9,11
2026-09-07,shapiro,0.001547,5,7
2025-12-29,shock,0.009462,12,19
2026-01-05,shock,0.004156,20,31
2026-01-12,shock,0.002095,11,27
2026-01-19,shock,0.000911,9,17
2026-01-26,shock,0.001759,10,21
2026-02-02,shock,0.005196,21,37
2026-02-09,shock,0.003252,11,31
2026-02-16,shock,0.004503,13,38
2026-02-23,shock,0.005044,18,48
2026-03-02,shock,0.004559,23,47
2026-03-09,shock,0.005591,24,59
2026-03-16,shock,0.003981,22,52
2026-03-23,shock,0.005179,21,45
2026-03-30,shock,0.004099,17,43
2026-04-06,shock,0.006203,25,70
2026-04-13,shock,0.004751,19,47
2026-04-20,shock,0.004582,23,48
2026-04-27,shock,0.004580,23,65
2026-05-04,shock,0.005744,24,56
2026-05-11,shock,0.002325,14,29
2026-05-18,shock,0.004375,21,52
2026-05-25,shock,0.004837,20,46
2026-06-01,shock,0.002245,14,36
2026-06-08,shock,0.003420,15,35
2026-06-15,shock,0.004026,20,58
2026-06-22,shock,0.003711,15,54
2026-06-29,shock,0.001869,14,39
2026-07-06,shock,0.004588,16,48
2026-07-13,shock,0.005591,19,49
2026-07-20,shock,0.003909,16,42
2026-07-27,shock,0.002410,15,33
2026-08-03,shock,0.003822,16,45
2026-08-10,shock,0.008170,37,79
2026-08-17,shock,0.005623,21,58
2026-08-24,shock,0.001575,13,50
2026-08-31,shock,0.002930,17,49
2026-09-07,shock,0.004229,17,56
2026-09-14,shock,0.003636,1,3
2025-12-29,shocking,0.004330,7,10
2026-01-05,shocking,0.003589,15,35
2026-01-12,shocking,0.009064,23,44
2026-01-19,shocking,0.004956,16,36
2026-01-26,shocking,0.009431,28,48
2026-02-02,shocking,0.009854,25,47
2026-02-09,shocking,0.006754,24,39
2026-02-16,shocking,0.003641,15,44
2026-02-23,shocking,0.004808,25,57
2026-03-02,shocking,0.007709,26,48
2026-03-09,shocking,0.008152,27,43
2026-03-16,shocking,0.006053,23,33
2026-03-23,shocking,0.006102,25,43
2026-03-30,shocking,0.003321,18,36
2026-04-06,shocking,0.006495,25,50
2026-04-13,shocking,0.005804,22,39
2026-04-20,shocking,0.006415,19,44
2026-04-27,shocking,0.005231,20,44
2026-05-04,shocking,0.007341,27,46
2026-05-11,shocking,0.004542,21,39
2026-05-18,shocking,0.003911,17,33
2026-05-25,shocking,0.005147,23,41
2026-06-01,shocking,0.005006,20,40
2026-06-08,shocking,0.004890,21,40
2026-06-15,shocking,0.003372,16,26
2026-06-22,shocking,0.003055,17,38
2026-06-29,shocking,0.004840,17,26
2026-07-06,shocking,0.011843,31,44
2026-07-13,shocking,0.006306,21,44
2026-07-20,shocking,0.005763,21,47
2026-07-27,shocking,0.005410,24,47
2026-08-03,shocking,0.003961,20,40
2026-08-10,shocking,0.005438,23,38
2026-08-17,shocking,0.005090,21,44
2026-08-24,shocking,0.002835,13,29
2026-08-31,shocking,0.005217,20,34
2026-09-07,shocking,0.004175,15,28
2026-09-14,shocking,0.001260,2,3
2026-01-05,shooting,0.059254,80,596
2026-01-12,shooting,0.021025,54,178
2026-01-19,shooting,0.018904,50,215
2026-01-26,shooting,0.030904,64,279
2026-02-02,shooting,0.001551,15,20
2026-02-09,shooting,0.010999,38,108
2026-02-16,shooting,0.005612,24,65
2026-02-23,shooting,0.001210,17,33
2026-03-02,shooting,0.003774,23,47
2026-03-09,shooting,0.002321,19,55
2026-03-16,shooting,0.001733,9,10
2026-03-23,shooting,0.000874,6,10
2026-03-30,shooting,0.000260,5,7
2026-04-06,shooting,0.000477,11,16
2026-04-13,shooting,0.002248,19,43
2026-04-20,shooting,0.015208,44,265
2026-04-27,shooting,0.029499,66,292
2026-05-04,shooting,0.003176,24,51
2026-05-11,shooting,0.004194,18,31
2026-05-18,shooting,0.011489,40,163
2026-05-25,shooting,0.004995,17,23
2026-06-01,shooting,0.002719,16,24
2026-06-08,shooting,0.001884,19,45
2026-06-15,shooting,0.001507,14,29
2026-06-22,shooting,0.002954,16,31
2026-06-29,shooting,0.001917,12,29
2026-07-06,shooting,0.007438,30,61
2026-07-13,shooting,0.007790,33,85
2026-07-20,shooting,0.002969,18,41
2026-07-27,shooting,0.004473,19,75
2026-08-03,shooting,0.005642,21,56
2026-08-10,shooting,0.002400,13,18
2026-08-17,shooting,0.001137,13,18
2026-08-24,shooting,0.001036,12,21
2026-08-31,shooting,0.004247,22,47
2026-09-07,shooting,0.003069,7,7
2026-09-14,shooting,0.008000,1,1
2025-12-29,smith,0.010739,14,25
2026-01-05,smith,0.005619,16,25
2026-01-12,smith,0.002996,10,16
2026-01-19,smith,0.011512,39,172
2026-01-26,smith,0.003237,13,19
2026-02-02,smith,0.003361,11,17
2026-02-09,smith,0.001882,8,12
2026-02-16,smith,0.003668,15,27
2026-02-23,smith,0.004047,15,31
2026-03-02,smith,0.002023,10,15
2026-03-09,smith,0.003737,15,20
2026-03-16,smith,0.000656,4,8
2026-03-23,smith,0.003185,16,26
2026-03-30,smith,0.001982,9,19
2026-04-06,smith,0.000786,4,6
2026-04-13,smith,0.004117,7,16
2026-04-20,smith,0.000790,5,9
2026-04-27,smith,0.002370,12,20
2026-05-04,smith,0.004884,13,13
2026-05-11,smith,0.001956,8,9
2026-05-18,smith,0.003101,12,18
2026-05-25,smith,0.001409,6,7
2026-06-01,smith,0.000295,4,4
2026-06-08,smith,0.001903,13,21
2026-06-15,smith,0.001765,7,7
2026-06-22,smith,0.000205,1,1
2026-06-29,smith,0.002161,10,21
2026-07-06,smith,0.001004,7,9
2026-07-13,smith,0.004338,14,30
2026-07-20,smith,0.002947,17,32
2026-07-27,smith,0.002605,13,16
2026-08-03,smith,0.000990,4,6
2026-08-10,smith,0.001694,2,4
2026-08-17,smith,0.004630,11,18
2026-08-24,smith,0.003264,7,11
2026-08-31,smith,0.002293,10,13
2026-09-07,smith,0.001563,9,14
2025-12-29,social,0.001046,2,2
2026-01-05,social,0.002692,15,18
2026-01-12,social,0.001571,14,15
2026-01-19,social,0.002047,13,17
2026-01-26,social,0.004535,23,37
2026-02-02,social,0.004443,22,42
2026-02-09,social,0.003028,22,37
2026-02-16,social,0.005336,26,65
2026-02-23,social,0.002994,17,23
2026-03-02,social,0.000987,11,13
2026-03-09,social,0.003003,10,13
2026-03-16,social,0.002659,13,19
2026-03-23,social,0.006818,31,74
2026-03-30,social,0.001355,13,22
2026-04-06,social,0.003960,13,22
2026-04-13,social,0.002352,17,25
2026-04-20,social,0.002087,13,19
2026-04-27,social,0.002541,12,16
2026-05-04,social,0.001388,7,12
2026-05-11,social,0.002005,14,17
2026-05-18,social,0.000666,9,10
2026-05-25,social,0.001494,10,16
2026-06-01,social,0.003126,12,15
2026-06-08,social,0.002391,14,20
2026-06-15,social,0.005490,25,61
2026-06-22,social,0.003169,16,20
2026-06-29,social,0.002376,12,15
2026-07-06,social,0.001146,13,17
2026-07-13,social,0.002444,16,23
2026-07-20,social,0.001944,12,15
2026-07-27,social,0.002723,13,24
2026-08-03,social,0.001643,10,12
2026-08-10,social,0.002962,18,29
2026-08-17,social,0.003064,16,23
2026-08-24,social,0.003183,19,36
2026-08-31,social,0.000782,9,11
2026-09-07,social,0.002931,12,19
2025-12-29,socialist,0.007937,9,13
2026-01-05,socialist,0.000742,3,3
2026-01-12,socialist,0.000242,2,4
2026-01-19,socialist,0.000258,2,3
2026-01-26,socialist,0.000307,2,2
2026-02-02,socialist,0.001120,3,4
2026-02-09,socialist,0.000311,5,5
2026-02-16,socialist,0.002262,4,5
2026-02-23,socialist,0.000192,1,2
2026-03-16,socialist,0.000982,3,3
2026-03-23,socialist,0.001006,7,8
2026-04-06,socialist,0.000222,3,3
2026-04-13,socialist,0.000493,5,6
2026-04-20,socialist,0.001428,4,5
2026-04-27,socialist,0.002043,5,7
2026-05-04,socialist,0.001909,5,8
2026-05-11,socialist,0.003992,6,8
2026-05-18,socialist,0.003504,5,5
2026-05-25,socialist,0.001189,4,7
2026-06-01,socialist,0.001017,4,6
2026-06-08,socialist,0.000686,5,5
2026-06-15,socialist,0.002080,9,21
2026-06-22,socialist,0.009639,22,50
2026-06-29,socialist,0.010466,31,54
2026-07-06,socialist,0.002566,9,13
2026-07-13,socialist,0.006033,14,33
2026-07-20,socialist,0.005178,11,22
2026-07-27,socialist,0.005984,20,28
2026-08-03,socialist,0.007639,16,38
2026-08-10,socialist,0.007508,18,42
2026-08-17,socialist,0.009311,25,43
2026-08-24,socialist,0.000559,4,6
2026-08-31,socialist,0.002197,11,15
2026-09-07,socialist,0.002502,11,17
2025-12-29,speaks,0.004865,12,20
2026-01-05,speaks,0.002642,21,57
2026-01-12,speaks,0.002875,22,59
2026-01-19,speaks,0.006711,27,91
2026-01-26,speaks,0.004591,24,67
2026-02-02,speaks,0.007649,30,88
2026-02-09,speaks,0.003669,21,75
2026-02-16,speaks,0.003222,18,74
2026-02-23,speaks,0.006064,30,78
2026-03-02,speaks,0.003061,22,88
2026-03-09,speaks,0.005202,27,87
2026-03-16,speaks,0.002992,20,59
2026-03-23,speaks,0.003151,18,52
2026-03-30,speaks,0.003943,24,41
2026-04-06,speaks,0.002890,21,63
2026-04-13,speaks,0.005154,25,80
2026-04-20,speaks,0.003006,26,67
2026-04-27,speaks,0.002099,21,48
2026-05-04,speaks,0.003122,21,54
2026-05-11,speaks,0.003830,22,60
2026-05-18,speaks,0.002684,19,60
2026-05-25,speaks,0.005328,20,61
2026-06-01,speaks,0.003221,20,57
2026-06-08,speaks,0.004418,20,57
2026-06-15,speaks,0.004003,22,59
2026-06-22,speaks,0.003154,19,57
2026-06-29,speaks,0.002194,19,45
2026-07-06,speaks,0.005122,24,58
2026-07-13,speaks,0.005234,21,42
2026-07-20,speaks,0.002546,18,58
2026-07-27,speaks,0.002604,19,50
2026-08-03,speaks,0.003526,23,61
2026-08-10,speaks,0.002855,20,43
2026-08-17,speaks,0.003501,24,57
2026-08-24,speaks,0.002976,23,67
2026-08-31,speaks,0.003817,25,51
2026-09-07,speaks,0.006864,20,75
2026-09-14,speaks,0.008191,4,8
2025-12-29,speech,0.004626,13,23
2026-01-05,speech,0.005010,22,39
2026-01-12,speech,0.004718,22,40
2026-01-19,speech,0.017188,49,144
2026-01-26,speech,0.008307,31,67
2026-02-02,speech,0.007786,30,62
2026-02-09,speech,0.004218,20,45
2026-02-16,speech,0.008530,35,65
2026-02-23,speech,0.024106,61,159
2026-03-02,speech,0.005071,19,39
2026-03-09,speech,0.004119,22,34
2026-03-16,speech,0.004561,20,29
2026-03-23,speech,0.004276,20,63
2026-03-30,speech,0.014675,50,94
2026-04-06,speech,0.004318,26,41
2026-04-13,speech,0.005627,18,49
2026-04-20,speech,0.002115,14,24
2026-04-27,speech,0.009758,41,75
2026-05-04,speech,0.004253,19,41
2026-05-11,speech,0.005186,21,96
2026-05-18,speech,0.005420,32,57
2026-05-25,speech,0.004830,15,40
2026-06-01,speech,0.006145,17,56
2026-06-08,speech,0.005483,23,40
2026-06-15,speech,0.003986,21,51
2026-06-22,speech,0.006080,29,80
2026-06-29,speech,0.011378,41,153
2026-07-06,speech,0.005561,24,47
2026-07-13,speech,0.024870,68,178
2026-07-20,speech,0.007669,32,79
2026-07-27,speech,0.006466,25,59
2026-08-03,speech,0.003736,23,48
2026-08-10,speech,0.003839,19,32
2026-08-17,speech,0.002543,15,31
2026-08-24,speech,0.003953,18,52
2026-08-31,speech,0.002512,14,31
2026-09-07,speech,0.012069,35,126
2025-12-29,starmer,0.001378,5,6
2026-01-05,starmer,0.002496,8,22
2026-01-12,starmer,0.002362,9,31
2026-01-19,starmer,0.003587,16,64
2026-01-26,starmer,0.005128,15,87
2026-02-02,starmer,0.007478,18,85
2026-02-09,starmer,0.009471,18,101
2026-02-16,starmer,0.003109,11,20
2026-02-23,starmer,0.003007,14,37
2026-03-02,starmer,0.002761,15,56
2026-03-09,starmer,0.002904,14,33
2026-03-16,starmer,0.003218,12,51
2026-03-23,starmer,0.001815,8,28
2026-03-30,starmer,0.001555,13,25
2026-04-06,starmer,0.001295,8,10
2026-04-13,starmer,0.003341,12,56
2026-04-20,starmer,0.009536,18,66
2026-04-27,starmer,0.005621,16,58
2026-05-04,starmer,0.006079,12,39
2026-05-11,starmer,0.015878,26,145
2026-05-18,starmer,0.002923,13,20
2026-05-25,starmer,0.000402,2,3
2026-06-01,starmer,0.003990,13,32
2026-06-08,starmer,0.002409,10,38
2026-06-15,starmer,0.007435,22,95
2026-06-22,starmer,0.017995,46,196
2026-06-29,starmer,0.003746,11,36
2026-07-06,starmer,0.001119,6,9
2026-07-13,starmer,0.003181,12,42
2026-07-20,starmer,0.003685,12,26
2026-07-27,starmer,0.000048,1,1
2026-08-03,starmer,0.000082,2,2
2026-08-24,starmer,0.000106,1,2
2026-08-31,starmer,0.001772,4,8
2025-12-29,state,0.004758,14,18
2026-01-05,state,0.008816,38,73
2026-01-12,state,0.007865,30,72
2026-01-19,state,0.008183,36,72
2026-01-26,state,0.005910,29,74
2026-02-02,state,0.004322,26,57
2026-02-09,state,0.005199,28,57
2026-02-16,state,0.008860,35,73
2026-02-23,state,0.075961,108,581
2026-03-02,state,0.007388,28,54
2026-03-09,state,0.006758,31,48
2026-03-16,state,0.009128,31,52
2026-03-23,state,0.005504,29,47
2026-03-30,state,0.002809,20,37
2026-04-06,state,0.006775,29,42
2026-04-13,state,0.005704,30,52
2026-04-20,state,0.007970,33,57
2026-04-27,state,0.009244,39,115
2026-05-04,state,0.007226,31,79
2026-05-11,state,0.008964,37,86
2026-05-18,state,0.005597,28,75
2026-05-25,state,0.008356,33,84
2026-06-01,state,0.006012,35,77
2026-06-08,state,0.005269,26,42
2026-06-15,state,0.006913,25,42
2026-06-22,state,0.007452,37,107
2026-06-29,state,0.016475,50,165
2026-07-06,state,0.002859,21,46
2026-07-13,state,0.008864,29,57
2026-07-20,state,0.004349,28,50
2026-07-27,state,0.003965,25,43
2026-08-03,state,0.005628,32,64
2026-08-10,state,0.006701,30,71
2026-08-17,state,0.006315,31,90
2026-08-24,state,0.006986,34,57
2026-08-31,state,0.005575,29,67
2026-09-07,state,0.005367,31,66
2026-09-14,state,0.008000,1,2
2025-12-29,steve,0.001126,3,4
2026-01-05,steve,0.003253,8,18
2026-01-12,steve,0.002415,9,12
2026-01-19,steve,0.001720,6,12
2026-01-26,steve,0.002688,11,17
2026-02-02,steve,0.003249,13,21
2026-02-09,steve,0.007530,17,21
2026-02-16,steve,0.004365,14,24
2026-02-23,steve,0.006267,16,24
2026-03-02,steve,0.002108,11,15
2026-03-09,steve,0.001030,5,8
2026-03-16,steve,0.001397,6,19
2026-03-23,steve,0.005428,18,30
2026-03-30,steve,0.004447,9,15
2026-04-06,steve,0.006260,14,32
2026-04-13,steve,0.004851,16,40
2026-04-20,steve,0.003884,10,34
2026-04-27,steve,0.006496,8,32
2026-05-04,steve,0.005427,12,38
2026-05-11,steve,0.004029,14,39
2026-05-18,steve,0.005028,11,32
2026-05-25,steve,0.003885,11,33
2026-06-01,steve,0.006468,19,57
2026-06-08,steve,0.005574,17,41
2026-06-15,steve,0.003001,9,26
2026-06-22,steve,0.004986,10,31
2026-06-29,steve,0.003349,10,28
2026-07-06,steve,0.005851,13,29
2026-07-13,steve,0.005459,8,28
2026-07-20,steve,0.005773,10,30
2026-07-27,steve,0.004510,10,25
2026-08-03,steve,0.003020,6,21
2026-08-10,steve,0.004603,10,21
2026-08-17,steve,0.005054,9,29
2026-08-24,steve,0.003536,11,25
2026-08-31,steve,0.003444,12,42
2026-09-07,steve,0.005478,12,25
2025-12-29,stop,0.008600,13,17
2026-01-05,stop,0.004512,23,35
2026-01-12,stop,0.007901,35,49
2026-01-19,stop,0.006302,16,33
2026-01-26,stop,0.004454,16,32
2026-02-02,stop,0.004757,20,28
2026-02-09,stop,0.005437,24,37
2026-02-16,stop,0.007743,25,33
2026-02-23,stop,0.007526,32,48
2026-03-02,stop,0.004183,26,47
2026-03-09,stop,0.008023,30,48
2026-03-16,stop,0.004844,26,34
2026-03-23,stop,0.004467,23,35
2026-03-30,stop,0.004173,23,31
2026-04-06,stop,0.002860,18,34
2026-04-13,stop,0.006893,27,41
2026-04-20,stop,0.005011,25,46
2026-04-27,stop,0.004589,18,35
2026-05-04,stop,0.004241,22,27
2026-05-11,stop,0.005216,24,32
2026-05-18,stop,0.005982,25,34
2026-05-25,stop,0.006968,28,44
2026-06-01,stop,0.002390,23,40
2026-06-08,stop,0.006194,28,46
2026-06-15,stop,0.002837,21,31
2026-06-22,stop,0.007845,30,37
2026-06-29,stop,0.005755,19,30
2026-07-06,stop,0.005199,25,40
2026-07-13,stop,0.007865,30,53
2026-07-20,stop,0.006894,27,38
2026-07-27,stop,0.007205,26,35
2026-08-03,stop,0.004137,23,45
2026-08-10,stop,0.005871,21,31
2026-08-17,stop,0.007990,26,38
2026-08-24,stop,0.006523,29,47
2026-08-31,stop,0.008589,37,60
2026-09-07,stop,0.005384,23,27
2026-09-14,stop,0.010794,3,4
2025-12-29,story,0.010360,13,18
2026-01-05,story,0.005026,15,33
2026-01-12,story,0.005332,21,34
2026-01-19,story,0.005411,22,39
2026-01-26,story,0.003621,20,32
2026-02-02,story,0.005826,24,39
2026-02-09,story,0.003292,17,35
2026-02-16,story,0.006710,20,41
2026-02-23,story,0.006135,20,40
2026-03-02,story,0.004428,19,38
2026-03-09,story,0.005830,19,35
2026-03-16,story,0.005463,19,40
2026-03-23,story,0.004208,18,38
2026-03-30,story,0.004616,20,36
2026-04-06,story,0.005541,23,44
2026-04-13,story,0.006790,22,40
2026-04-20,story,0.007512,24,49
2026-04-27,story,0.004187,17,35
2026-05-04,story,0.004214,15,37
2026-05-11,story,0.004423,18,33
2026-05-18,story,0.008003,18,37
2026-05-25,story,0.006822,21,38
2026-06-01,story,0.004843,23,41
2026-06-08,story,0.003833,21,43
2026-06-15,story,0.005266,22,48
2026-06-22,story,0.003659,22,46
2026-06-29,story,0.008525,23,46
2026-07-06,story,0.008018,26,54
2026-07-13,story,0.005762,24,41
2026-07-20,story,0.008010,22,40
2026-07-27,story,0.006954,17,35
2026-08-03,story,0.007298,25,45
2026-08-10,story,0.002643,16,32
2026-08-17,story,0.005747,25,48
2026-08-24,story,0.005015,21,40
2026-08-31,story,0.005995,21,38
2026-09-07,story,0.007011,31,61
2026-09-14,story,0.012381,2,3
2026-01-12,strait,0.000016,1,1
2026-01-26,strait,0.000037,1,1
2026-02-09,strait,0.000027,2,2
2026-02-16,strait,0.001731,8,16
2026-02-23,strait,0.001488,9,13
2026-03-02,strait,0.002683,22,40
2026-03-09,strait,0.011606,36,208
2026-03-16,strait,0.015371,41,236
2026-03-23,strait,0.008811,33,119
2026-03-30,strait,0.015284,41,146
2026-04-06,strait,0.016998,51,227
2026-04-13,strait,0.028633,65,368
2026-04-20,strait,0.010473,37,156
2026-04-27,strait,0.004408,29,77
2026-05-04,strait,0.012329,35,214
2026-05-11,strait,0.002994,18,53
2026-05-18,strait,0.002966,21,54
2026-05-25,strait,0.002604,21,52
2026-06-01,strait,0.001652,16,32
2026-06-08,strait,0.003921,24,50
2026-06-15,strait,0.006079,32,111
2026-06-22,strait,0.005888,28,96
2026-06-29,strait,0.002180,14,35
2026-07-06,strait,0.003304,21,61
2026-07-13,strait,0.009119,35,131
2026-07-20,strait,0.001803,15,32
2026-07-27,strait,0.000710,11,23
2026-08-03,strait,0.004848,25,85
2026-08-10,strait,0.002698,19,71
2026-08-17,strait,0.003001,24,47
2026-08-24,strait,0.002639,17,35
2026-08-31,strait,0.002520,20,37
2026-09-07,strait,0.003519,20,35
2026-09-14,strait,0.011295,6,6
2025-12-29,strike,0.009978,22,58
2026-01-05,strike,0.003700,21,55
2026-01-12,strike,0.009357,28,81
2026-01-19,strike,0.007073,21,35
2026-01-26,strike,0.008545,20,48
2026-02-02,strike,0.001977,14,36
2026-02-09,strike,0.001818,15,31
2026-02-16,strike,0.005538,29,57
2026-02-23,strike,0.011135,37,170
2026-03-02,strike,0.009627,37,148
2026-03-09,strike,0.009610,36,132
2026-03-16,strike,0.006506,28,151
2026-03-23,strike,0.003388,24,98
2026-03-30,strike,0.004499,22,97
2026-04-06,strike,0.003870,20,90
2026-04-13,strike,0.001025,12,34
2026-04-20,strike,0.003502,20,44
2026-04-27,strike,0.003720,15,43
2026-05-04,strike,0.002744,13,48
2026-05-11,strike,0.002306,16,60
2026-05-18,strike,0.006439,27,107
2026-05-25,strike,0.003753,21,65
2026-06-01,strike,0.005531,20,93
2026-06-08,strike,0.003375,19,69
2026-06-15,strike,0.003063,15,39
2026-06-22,strike,0.001581,19,33
2026-06-29,strike,0.002891,16,42
2026-07-06,strike,0.002402,19,53
2026-07-13,strike,0.002842,18,70
2026-07-20,strike,0.003389,16,86
2026-07-27,strike,0.004587,25,87
2026-08-03,strike,0.001866,13,58
2026-08-10,strike,0.001543,13,44
2026-08-17,strike,0.004417,19,51
2026-08-24,strike,0.002880,20,57
2026-08-31,strike,0.004853,20,83
2026-09-07,strike,0.004477,22,76
2026-09-14,strike,0.022856,8,15
2025-12-29,strikes,0.019543,26,97
2026-01-05,strikes,0.003304,20,73
2026-01-12,strikes,0.004179,28,50
2026-01-19,strikes,0.001708,16,24
2026-01-26,strikes,0.003203,20,46
2026-02-02,strikes,0.002115,13,30
2026-02-09,strikes,0.002467,12,21
2026-02-16,strikes,0.008922,35,92
2026-02-23,strikes,0.013552,34,327
2026-03-02,strikes,0.023872,50,469
2026-03-09,strikes,0.012738,38,250
2026-03-16,strikes,0.010303,26,193
2026-03-23,strikes,0.008808,34,202
2026-03-30,strikes,0.009295,30,134
2026-04-06,strikes,0.007321,29,206
2026-04-13,strikes,0.005139,22,62
2026-04-20,strikes,0.002741,18,48
2026-04-27,strikes,0.004330,21,55
2026-05-04,strikes,0.009686,35,112
2026-05-11,strikes,0.002118,13,40
2026-05-18,strikes,0.003575,20,69
2026-05-25,strikes,0.012669,40,191
2026-06-01,strikes,0.011403,35,162
2026-06-08,strikes,0.018196,44,299
2026-06-15,strikes,0.003907,26,58
2026-06-22,strikes,0.008061,34,128
2026-06-29,strikes,0.006162,29,92
2026-07-06,strikes,0.014136,38,238
2026-07-13,strikes,0.011459,32,250
2026-07-20,strikes,0.012074,33,182
2026-07-27,strikes,0.012474,36,166
2026-08-03,strikes,0.006284,22,87
2026-08-10,strikes,0.002484,20,65
2026-08-17,strikes,0.003888,19,66
2026-08-24,strikes,0.005075,20,67
2026-08-31,strikes,0.011884,35,210
2026-09-07,strikes,0.006380,28,96
2026-09-14,strikes,0.027951,8,14
2025-12-29,support,0.000336,3,5
2026-01-05,support,0.003213,23,33
2026-01-12,support,0.002813,21,43
2026-01-19,support,0.001991,13,17
2026-01-26,support,0.002307,17,31
2026-02-02,support,0.001891,17,21
2026-02-09,support,0.004364,27,40
2026-02-16,support,0.001780,18,23
2026-02-23,support,0.001205,17,32
2026-03-02,support,0.003191,22,35
2026-03-09,support,0.002796,22,33
2026-03-16,support,0.003065,23,44
2026-03-23,support,0.002319,18,29
2026-03-30,support,0.002437,16,30
2026-04-06,support,0.003156,20,26
2026-04-13,support,0.004046,21,33
2026-04-20,support,0.004842,21,25
2026-04-27,support,0.003178,19,29
2026-05-04,support,0.002636,15,25
2026-05-11,support,0.004125,30,61
2026-05-18,support,0.000572,12,20
2026-05-25,support,0.003880,19,24
2026-06-01,support,0.003805,18,22
2026-06-08,support,0.000794,14,17
2026-06-15,support,0.002254,15,23
2026-06-22,support,0.003535,22,32
2026-06-29,support,0.001955,14,21
2026-07-06,support,0.001245,12,29
2026-07-13,support,0.001475,13,16
2026-07-20,support,0.004461,23,34
2026-07-27,support,0.003874,18,29
2026-08-03,support,0.002983,23,38
2026-08-10,support,0.004260,14,17
2026-08-17,support,0.004872,24,38
2026-08-24,support,0.003207,20,36
2026-08-31,support,0.001549,16,22
2026-09-07,support,0.003072,19,28
2025-12-29,supreme,0.002528,5,7
2026-01-05,supreme,0.002777,17,29
2026-01-12,supreme,0.006337,27,71
2026-01-19,supreme,0.005777,23,52
2026-01-26,supreme,0.001666,8,15
2026-02-02,supreme,0.003222,19,29
2026-02-09,supreme,0.000950,9,11
2026-02-16,supreme,0.024978,61,236
2026-02-23,supreme,0.010372,46,175
2026-03-02,supreme,0.005730,31,75
2026-03-09,supreme,0.009415,35,153
2026-03-16,supreme,0.002429,17,30
2026-03-23,supreme,0.004240,17,36
2026-03-30,supreme,0.014219,46,135
2026-04-06,supreme,0.006506,23,56
2026-04-13,supreme,0.001800,12,17
2026-04-20,supreme,0.005156,24,37
2026-04-27,supreme,0.017166,48,139
2026-05-04,supreme,0.012810,39,87
2026-05-11,supreme,0.009376,29,74
2026-05-18,supreme,0.002987,18,31
2026-05-25,supreme,0.002035,16,29
2026-06-01,supreme,0.002590,21,41
2026-06-08,supreme,0.003337,15,21
2026-06-15,supreme,0.003548,14,24
2026-06-22,supreme,0.014634,44,92
2026-06-29,supreme,0.051666,81,373
2026-07-06,supreme,0.007683,27,73
2026-07-13,supreme,0.004233,21,49
2026-07-20,supreme,0.001865,9,13
2026-07-27,supreme,0.003126,15,27
2026-08-03,supreme,0.001995,17,29
2026-08-10,supreme,0.003838,17,30
2026-08-17,supreme,0.005631,23,44
2026-08-24,supreme,0.006217,28,42
2026-08-31,supreme,0.009985,30,57
2026-09-07,supreme,0.004022,15,40
2025-12-29,takes,0.010235,21,37
2026-01-05,takes,0.005488,26,44
2026-01-12,takes,0.004857,25,41
2026-01-19,takes,0.005847,31,51
2026-01-26,takes,0.005890,28,53
2026-02-02,takes,0.003145,23,38
2026-02-09,takes,0.004434,24,38
2026-02-16,takes,0.003930,20,36
2026-02-23,takes,0.006076,27,47
2026-03-02,takes,0.003594,25,50
2026-03-09,takes,0.001311,14,30
2026-03-16,takes,0.002783,20,28
2026-03-23,takes,0.003048,20,39
2026-03-30,takes,0.003789,23,35
2026-04-06,takes,0.003968,20,29
2026-04-13,takes,0.002451,23,42
2026-04-20,takes,0.002436,19,29
2026-04-27,takes,0.004539,25,43
2026-05-04,takes,0.004387,26,55
2026-05-11,takes,0.005601,25,47
2026-05-18,takes,0.002838,23,34
2026-05-25,takes,0.004451,25,38
2026-06-01,takes,0.002113,18,33
2026-06-08,takes,0.004818,26,38
2026-06-15,takes,0.005585,27,48
2026-06-22,takes,0.003774,19,34
2026-06-29,takes,0.005877,26,53
2026-07-06,takes,0.004761,29,48
2026-07-13,takes,0.005262,29,52
2026-07-20,takes,0.003469,26,43
2026-07-27,takes,0.007433,28,47
2026-08-03,takes,0.005418,27,47
2026-08-10,takes,0.003669,23,44
2026-08-17,takes,0.005986,31,68
2026-08-24,takes,0.004334,27,48
2026-08-31,takes,0.004071,29,60
2026-09-07,takes,0.004925,32,59
2026-09-14,takes,0.002323,2,3
2025-12-29,talk,0.012277,4,16
2026-01-05,talk,0.008604,15,47
2026-01-12,talk,0.008714,15,44
2026-01-19,talk,0.009328,15,48
2026-01-26,talk,0.008889,17,46
2026-02-02,talk,0.010029,24,62
2026-02-09,talk,0.009138,17,44
2026-02-16,talk,0.008021,12,40
2026-02-23,talk,0.009352,17,48
2026-03-02,talk,0.009547,15,40
2026-03-09,talk,0.010491,21,49
2026-03-16,talk,0.006751,10,37
2026-03-23,talk,0.010094,18,50
2026-03-30,talk,0.009677,14,39
2026-04-06,talk,0.008102,18,47
2026-04-13,talk,0.007825,15,42
2026-04-20,talk,0.008753,16,44
2026-04-27,talk,0.010740,11,37
2026-05-04,talk,0.007244,12,37
2026-05-11,talk,0.008279,15,43
2026-05-18,talk,0.007536,10,34
2026-05-25,talk,0.008824,17,44
2026-06-01,talk,0.008864,13,38
2026-06-08,talk,0.007779,9,38
2026-06-15,talk,0.007388,12,41
2026-06-22,talk,0.008204,13,41
2026-06-29,talk,0.008617,10,37
2026-07-06,talk,0.008068,11,37
2026-07-13,talk,0.008051,11,38
2026-07-20,talk,0.007949,12,41
2026-07-27,talk,0.008725,10,38
2026-08-03,talk,0.009279,9,35
2026-08-10,talk,0.008870,9,34
2026-08-17,talk,0.010311,14,39
2026-08-24,talk,0.010633,13,39
2026-08-31,talk,0.008191,13,38
2026-09-07,talk,0.010328,11,31
2026-09-14,talk,0.003598,2,5
2025-12-29,talks,0.002503,6,10
2026-01-05,talks,0.003143,23,44
2026-01-12,talks,0.004935,25,64
2026-01-19,talks,0.004087,27,96
2026-01-26,talks,0.006742,28,83
2026-02-02,talks,0.008564,29,177
2026-02-09,talks,0.006383,30,68
2026-02-16,talks,0.007736,30,154
2026-02-23,talks,0.005555,26,117
2026-03-02,talks,0.002160,18,36
2026-03-09,talks,0.002436,21,41
2026-03-16,talks,0.003997,22,51
2026-03-23,talks,0.013096,43,193
2026-03-30,talks,0.005502,26,76
2026-04-06,talks,0.016464,40,390
2026-04-13,talks,0.016167,46,324
2026-04-20,talks,0.012670,39,281
2026-04-27,talks,0.005266,30,103
2026-05-04,talks,0.003991,28,58
2026-05-11,talks,0.004482,27,121
2026-05-18,talks,0.004274,23,114
2026-05-25,talks,0.006248,32,138
2026-06-01,talks,0.010582,39,152
2026-06-08,talks,0.003558,22,69
2026-06-15,talks,0.008169,31,190
2026-06-22,talks,0.009384,37,195
2026-06-29,talks,0.004103,23,115
2026-07-06,talks,0.005537,21,65
2026-07-13,talks,0.003520,15,34
2026-07-20,talks,0.004880,20,79
2026-07-27,talks,0.002549,18,54
2026-08-03,talks,0.008416,31,108
2026-08-10,talks,0.004320,22,60
2026-08-17,talks,0.004913,23,82
2026-08-24,talks,0.006686,28,78
2026-08-31,talks,0.004879,27,95
2026-09-07,talks,0.005046,21,94
2026-09-14,talks,0.006637,4,6
2025-12-29,tech,0.001105,4,4
2026-01-05,tech,0.000889,9,20
2026-01-12,tech,0.001626,12,40
2026-01-19,tech,0.002341,14,23
2026-01-26,tech,0.003508,18,36
2026-02-02,tech,0.002797,14,42
2026-02-09,tech,0.002968,17,37
2026-02-16,tech,0.002528,16,54
2026-02-23,tech,0.001532,16,24
2026-03-02,tech,0.000581,12,20
2026-03-09,tech,0.001096,15,21
2026-03-16,tech,0.001384,12,15
2026-03-23,tech,0.007837,23,38
2026-03-30,tech,0.001071,10,19
2026-04-06,tech,0.001317,11,18
2026-04-13,tech,0.003129,10,16
2026-04-20,tech,0.001358,15,28
2026-04-27,tech,0.002845,17,45
2026-05-04,tech,0.000953,14,27
2026-05-11,tech,0.006151,22,45
2026-05-18,tech,0.003939,18,28
2026-05-25,tech,0.003851,17,37
2026-06-01,tech,0.004102,19,42
2026-06-08,tech,0.004365,13,39
2026-06-15,tech,0.003686,17,28
2026-06-22,tech,0.004028,14,52
2026-06-29,tech,0.000515,7,20
2026-07-06,tech,0.000834,10,15
2026-07-13,tech,0.003825,12,23
2026-07-20,tech,0.004027,17,44
2026-07-27,tech,0.001885,12,36
2026-08-03,tech,0.003346,14,20
2026-08-10,tech,0.001655,15,21
2026-08-17,tech,0.002287,18,33
2026-08-24,tech,0.004163,25,49
2026-08-31,tech,0.002215,14,25
2026-09-07,tech,0.002539,15,27
2026-09-14,tech,0.019381,6,10
2025-12-29,tells,0.003807,6,7
2026-01-05,tells,0.004820,24,40
2026-01-12,tells,0.004952,14,24
2026-01-19,tells,0.004066,23,42
2026-01-26,tells,0.001467,11,17
2026-02-02,tells,0.001645,14,16
2026-02-09,tells,0.004781,20,28
2026-02-16,tells,0.003567,16,24
2026-02-23,tells,0.005592,22,28
2026-03-02,tells,0.004256,21,26
2026-03-09,tells,0.004270,17,23
2026-03-16,tells,0.002346,17,19
2026-03-23,tells,0.002600,13,15
2026-03-30,tells,0.005950,23,36
2026-04-06,tells,0.001085,11,16
2026-04-13,tells,0.001950,17,24
2026-04-20,tells,0.001058,13,25
2026-04-27,tells,0.002576,16,26
2026-05-04,tells,0.001530,11,14
2026-05-11,tells,0.002646,14,19
2026-05-18,tells,0.002956,21,26
2026-05-25,tells,0.003602,12,15
2026-06-01,tells,0.002766,15,17
2026-06-08,tells,0.002836,16,19
2026-06-15,tells,0.002159,13,17
2026-06-22,tells,0.002220,12,15
2026-06-29,tells,0.003185,11,12
2026-07-06,tells,0.001806,7,12
2026-07-13,tells,0.001769,14,20
2026-07-20,tells,0.003623,16,21
2026-07-27,tells,0.001715,13,17
2026-08-03,tells,0.001989,11,11
2026-08-10,tells,0.001983,14,16
2026-08-17,tells,0.005424,15,20
2026-08-24,tells,0.002857,20,27
2026-08-31,tells,0.004185,19,25
2026-09-07,tells,0.006394,21,26
2026-09-14,tells,0.001111,1,4
2025-12-29,texas,0.001552,4,5
2026-01-05,texas,0.000827,11,22
2026-01-12,texas,0.002574,13,29
2026-01-19,texas,0.003451,17,38
2026-01-26,texas,0.004147,19,45
2026-02-02,texas,0.006070,34,66
2026-02-09,texas,0.004246,21,42
2026-02-16,texas,0.004046,22,55
2026-02-23,texas,0.007185,35,84
2026-03-02,texas,0.022046,50,202
2026-03-09,texas,0.005119,18,31
2026-03-16,texas,0.003391,18,25
2026-03-23,texas,0.004268,17,43
2026-03-30,texas,0.002147,11,21
2026-04-06,texas,0.000898,6,20
2026-04-13,texas,0.000532,6,8
2026-04-20,texas,0.001429,10,11
2026-04-27,texas,0.002459,15,25
2026-05-04,texas,0.004255,17,29
2026-05-11,texas,0.002340,18,30
2026-05-18,texas,0.006834,27,49
2026-05-25,texas,0.021798,52,161
2026-06-01,texas,0.004312,22,36
2026-06-08,texas,0.004130,24,53
2026-06-15,texas,0.004268,22,41
2026-06-22,texas,0.006027,26,47
2026-06-29,texas,0.002398,19,33
2026-07-06,texas,0.003664,17,26
2026-07-13,texas,0.002457,20,55
2026-07-20,texas,0.003308,19,26
2026-07-27,texas,0.003227,15,22
2026-08-03,texas,0.002469,14,21
2026-08-10,texas,0.003078,23,33
2026-08-17,texas,0.004704,25,37
2026-08-24,texas,0.008570,31,57
2026-08-31,texas,0.004302,24,52
2026-09-07,texas,0.005366,24,53
2026-09-14,texas,0.004698,3,6
2025-12-29,th,0.002253,9,14
2026-01-05,th,0.008344,24,40
2026-01-12,th,0.001201,8,24
2026-01-19,th,0.005055,22,47
2026-01-26,th,0.002412,16,55
2026-02-02,th,0.002421,12,25
2026-02-09,th,0.002201,15,21
2026-02-16,th,0.002428,18,30
2026-02-23,th,0.000537,11,22
2026-03-02,th,0.001064,14,24
2026-03-09,th,0.002117,17,30
2026-03-16,th,0.000550,11,15
2026-03-23,th,0.006112,20,34
2026-03-30,th,0.005178,18,24
2026-04-06,th,0.007272,34,59
2026-04-13,th,0.004048,24,45
2026-04-20,th,0.001784,14,18
2026-04-27,th,0.001307,13,22
2026-05-04,th,0.002660,14,26
2026-05-11,th,0.003001,14,23
2026-05-18,th,0.003084,13,26
2026-05-25,th,0.003929,18,39
2026-06-01,th,0.003916,26,43
2026-06-08,th,0.004428,23,42
2026-06-15,th,0.001658,13,33
2026-06-22,th,0.005524,25,59
2026-06-29,th,0.026982,58,302
2026-07-06,th,0.011415,37,68
2026-07-13,th,0.001853,20,37
2026-07-20,th,0.005400,26,78
2026-07-27,th,0.007624,26,46
2026-08-03,th,0.001177,12,23
2026-08-10,th,0.001505,14,53
2026-08-17,th,0.001364,10,23
2026-08-24,th,0.002290,11,24
2026-08-31,th,0.001696,14,30
2026-09-07,th,0.010314,30,97
2026-09-14,th,0.002808,2,4
2026-01-05,theory,0.001093,2,2
2026-01-12,theory,0.001363,6,6
2026-01-19,theory,0.001150,2,3
2026-01-26,theory,0.003770,7,7
2026-02-02,theory,0.000787,2,3
2026-02-09,theory,0.000134,2,3
2026-02-16,theory,0.000400,3,4
2026-02-23,theory,0.000164,3,3
2026-03-02,theory,0.000421,3,4
2026-03-09,theory,0.000898,2,4
2026-03-16,theory,0.000381,2,3
2026-03-23,theory,0.000595,3,3
2026-03-30,theory,0.000735,4,5
2026-04-06,theory,0.000778,4,7
2026-04-13,theory,0.001123,5,6
2026-04-20,theory,0.000488,3,3
2026-04-27,theory,0.001394,5,5
2026-05-04,theory,0.000617,5,7
2026-05-11,theory,0.000151,3,3
2026-05-18,theory,0.000424,3,3
2026-05-25,theory,0.001004,1,4
2026-06-01,theory,0.001100,3,4
2026-06-08,theory,0.000256,2,2
2026-06-15,theory,0.002974,6,8
2026-06-22,theory,0.001140,5,6
2026-06-29,theory,0.000547,3,4
2026-07-06,theory,0.000903,8,9
2026-07-13,theory,0.002393,6,7
2026-07-20,theory,0.000872,3,6
2026-07-27,theory,0.001109,4,4
2026-08-03,theory,0.001362,4,4
2026-08-10,theory,0.001322,4,6
2026-08-17,theory,0.000500,4,8
2026-08-24,theory,0.002504,6,7
2026-08-31,theory,0.001107,4,7
2026-09-07,theory,0.000762,3,5
2025-12-29,they're,0.006009,6,7
2026-01-05,they're,0.003019,10,12
2026-01-12,they're,0.003303,11,19
2026-01-19,they're,0.003757,14,23
2026-01-26,they're,0.004483,15,24
2026-02-02,they're,0.003603,16,25
2026-02-09,they're,0.001911,8,12
2026-02-16,they're,0.007445,21,31
2026-02-23,they're,0.003828,13,20
2026-03-02,they're,0.004593,16,28
2026-03-09,they're,0.002994,15,21
2026-03-16,they're,0.007175,19,24
2026-03-23,they're,0.008161,24,30
2026-03-30,they're,0.007632,19,27
2026-04-06,they're,0.004597,18,29
2026-04-13,they're,0.005878,20,27
2026-04-20,they're,0.003666,16,24
2026-04-27,they're,0.005415,17,24
2026-05-04,they're,0.005871,16,23
2026-05-11,they're,0.004924,14,20
2026-05-18,they're,0.005699,14,16
2026-05-25,they're,0.004326,12,23
2026-06-01,they're,0.004198,14,20
2026-06-08,they're,0.004870,17,21
2026-06-15,they're,0.005168,15,21
2026-06-22,they're,0.005253,15,18
2026-06-29,they're,0.007433,20,30
2026-07-06,they're,0.008734,23,32
2026-07-13,they're,0.002409,8,16
2026-07-20,they're,0.003436,16,21
2026-07-27,they're,0.007466,22,26
2026-08-03,they're,0.005187,14,18
2026-08-10,they're,0.004841,16,22
2026-08-17,they're,0.008614,21,29
2026-08-24,they're,0.003247,14,19
2026-08-31,they're,0.004208,20,25
2026-09-07,they're,0.003847,13,18
2025-12-29,think,0.003081,6,9
2026-01-05,think,0.001129,7,11
2026-01-12,think,0.001437,8,8
2026-01-19,think,0.002911,13,16
2026-01-26,think,0.003556,11,12
2026-02-02,think,0.001944,11,15
2026-02-09,think,0.003110,11,18
2026-02-16,think,0.002893,13,21
2026-02-23,think,0.002244,9,11
2026-03-02,think,0.004270,18,21
2026-03-09,think,0.002673,14,19
2026-03-16,think,0.003763,20,25
2026-03-23,think,0.006154,17,22
2026-03-30,think,0.003897,13,22
2026-04-06,think,0.003383,12,17
2026-04-13,think,0.004847,15,21
2026-04-20,think,0.002302,12,17
2026-04-27,think,0.005753,17,22
2026-05-04,think,0.004903,19,26
2026-05-11,think,0.007826,23,32
2026-05-18,think,0.006461,16,18
2026-05-25,think,0.004000,12,20
2026-06-01,think,0.004909,15,19
2026-06-08,think,0.004889,13,16
2026-06-15,think,0.002387,12,21
2026-06-22,think,0.002024,15,20
2026-06-29,think,0.007618,17,24
2026-07-06,think,0.001747,10,17
2026-07-13,think,0.003601,15,19
2026-07-20,think,0.006966,14,16
2026-07-27,think,0.006008,20,25
2026-08-03,think,0.006637,12,16
2026-08-10,think,0.005767,13,17
2026-08-17,think,0.006494,15,21
2026-08-24,think,0.006298,14,21
2026-08-31,think,0.004850,18,21
2026-09-07,think,0.002456,9,14
2025-12-29,thought,0.002017,2,3
2026-01-05,thought,0.000875,6,6
2026-01-12,thought,0.000253,3,3
2026-01-19,thought,0.000825,4,5
2026-01-26,thought,0.001519,5,5
2026-02-02,thought,0.001510,9,10
2026-02-09,thought,0.001098,3,4
2026-02-16,thought,0.003238,10,14
2026-02-23,thought,0.002157,5,6
2026-03-02,thought,0.004608,12,16
2026-03-09,thought,0.001024,9,9
2026-03-16,thought,0.000807,8,9
2026-03-23,thought,0.002005,8,8
2026-03-30,thought,0.004736,9,10
2026-04-06,thought,0.001607,3,5
2026-04-13,thought,0.004106,15,18
2026-04-20,thought,0.001665,5,5
2026-04-27,thought,0.002044,6,7
2026-05-04,thought,0.002211,7,10
2026-05-11,thought,0.001149,8,10
2026-05-18,thought,0.001671,9,10
2026-05-25,thought,0.001266,10,11
2026-06-01,thought,0.001095,7,8
2026-06-08,thought,0.001863,11,11
2026-06-15,thought,0.001888,6,6
2026-06-22,thought,0.005624,6,14
2026-06-29,thought,0.004317,7,9
2026-07-06,thought,0.005292,5,11
2026-07-13,thought,0.006568,11,21
2026-07-20,thought,0.006512,7,13
2026-07-27,thought,0.004647,8,15
2026-08-03,thought,0.004799,11,18
2026-08-10,thought,0.002712,6,9
2026-08-17,thought,0.006569,13,19
2026-08-24,thought,0.004731,10,14
2026-08-31,thought,0.004893,6,13
2026-09-07,thought,0.005746,13,18
2025-12-29,threat,0.004329,9,14
2026-01-05,threat,0.003440,21,41
2026-01-12,threat,0.006044,30,71
2026-01-19,threat,0.008261,35,106
2026-01-26,threat,0.006734,26,57
2026-02-02,threat,0.002681,17,33
2026-02-09,threat,0.001897,16,30
2026-02-16,threat,0.002072,18,41
2026-02-23,threat,0.002785,26,45
2026-03-02,threat,0.006525,31,65
2026-03-09,threat,0.009016,35,74
2026-03-16,threat,0.005631,32,87
2026-03-23,threat,0.007546,30,58
2026-03-30,threat,0.004590,28,59
2026-04-06,threat,0.010363,38,111
2026-04-13,threat,0.004760,26,61
2026-04-20,threat,0.005032,20,34
2026-04-27,threat,0.006221,30,59
2026-05-04,threat,0.004132,22,45
2026-05-11,threat,0.002388,17,36
2026-05-18,threat,0.004152,25,53
2026-05-25,threat,0.003945,22,40
2026-06-01,threat,0.001535,18,30
2026-06-08,threat,0.004178,22,39
2026-06-15,threat,0.002147,16,22
2026-06-22,threat,0.002743,18,36
2026-06-29,threat,0.002600,20,41
2026-07-06,threat,0.002613,17,47
2026-07-13,threat,0.007968,31,61
2026-07-20,threat,0.008804,31,57
2026-07-27,threat,0.003341,20,37
2026-08-03,threat,0.005959,22,41
2026-08-10,threat,0.008198,34,108
2026-08-17,threat,0.002206,20,54
2026-08-24,threat,0.004245,22,77
2026-08-31,threat,0.004176,18,51
2026-09-07,threat,0.004342,20,44
2026-09-14,threat,0.013375,4,6
2025-12-29,threatens,0.012052,19,23
2026-01-05,threatens,0.007549,34,56
2026-01-12,threatens,0.015538,49,119
2026-01-19,threatens,0.006930,36,75
2026-01-26,threatens,0.005385,26,42
2026-02-02,threatens,0.006843,21,33
2026-02-09,threatens,0.004370,21,32
2026-02-16,threatens,0.002995,20,30
2026-02-23,threatens,0.002818,14,23
2026-03-02,threatens,0.002868,20,31
2026-03-09,threatens,0.005762,29,63
2026-03-16,threatens,0.004623,28,57
2026-03-23,threatens,0.003528,22,49
2026-03-30,threatens,0.006699,30,75
2026-04-06,threatens,0.013895,48,110
2026-04-13,threatens,0.004536,29,63
2026-04-20,threatens,0.003727,19,48
2026-04-27,threatens,0.003634,20,36
2026-05-04,threatens,0.002877,15,39
2026-05-11,threatens,0.004601,18,20
2026-05-18,threatens,0.004113,22,38
2026-05-25,threatens,0.003120,18,42
2026-06-01,threatens,0.002528,17,36
2026-06-08,threatens,0.002949,22,36
2026-06-15,threatens,0.002168,21,35
2026-06-22,threatens,0.002371,20,38
2026-06-29,threatens,0.001270,7,16
2026-07-06,threatens,0.002968,23,48
2026-07-13,threatens,0.004861,25,43
2026-07-20,threatens,0.004894,29,75
2026-07-27,threatens,0.005322,28,50
2026-08-03,threatens,0.002852,17,35
2026-08-10,threatens,0.002973,16,34
2026-08-17,threatens,0.007530,32,67
2026-08-24,threatens,0.005928,31,58
2026-08-31,threatens,0.003687,20,40
2026-09-07,threatens,0.002016,16,35
2026-09-14,threatens,0.011670,4,4
2025-12-29,tim,0.006762,8,11
2026-01-05,tim,0.027785,56,139
2026-01-12,tim,0.011759,37,62
2026-01-19,tim,0.004661,23,46
2026-01-26,tim,0.018554,40,70
2026-02-02,tim,0.006389,14,21
2026-02-09,tim,0.004368,14,20
2026-02-16,tim,0.003505,9,14
2026-02-23,tim,0.003715,10,17
2026-03-02,tim,0.008408,27,45
2026-03-09,tim,0.006720,11,27
2026-03-16,tim,0.003142,9,12
2026-03-23,tim,0.002041,9,19
2026-03-30,tim,0.002095,8,14
2026-04-06,tim,0.002965,11,16
2026-04-13,tim,0.002741,11,16
2026-04-20,tim,0.004226,23,43
2026-04-27,tim,0.005353,18,29
2026-05-04,tim,0.003101,9,14
2026-05-11,tim,0.001737,12,18
2026-05-18,tim,0.004124,12,18
2026-05-25,tim,0.005352,14,20
2026-06-01,tim,0.003136,13,20
2026-06-08,tim,0.003913,12,21
2026-06-15,tim,0.000566,6,8
2026-06-22,tim,0.002487,12,18
2026-06-29,tim,0.004455,9,15
2026-07-06,tim,0.001687,11,15
2026-07-13,tim,0.001701,11,12
2026-07-20,tim,0.004268,13,17
2026-07-27,tim,0.001802,7,11
2026-08-03,tim,0.001347,4,10
2026-08-10,tim,0.001427,8,9
2026-08-17,tim,0.014214,26,45
2026-08-24,tim,0.006394,20,29
2026-08-31,tim,0.003023,15,22
2026-09-07,tim,0.004514,13,19
2026-09-14,tim,0.000741,1,2
2025-12-29,time,0.005185,8,8
2026-01-05,time,0.006762,21,27
2026-01-12,time,0.009586,31,42
2026-01-19,time,0.006629,33,47
2026-01-26,time,0.009323,35,52
2026-02-02,time,0.007009,31,46
2026-02-09,time,0.011065,38,61
2026-02-16,time,0.007847,32,52
2026-02-23,time,0.008487,36,60
2026-03-02,time,0.006906,33,59
2026-03-09,time,0.004122,23,36
2026-03-16,time,0.008139,34,45
2026-03-23,time,0.010021,35,49
2026-03-30,time,0.007283,33,52
2026-04-06,time,0.006656,32,41
2026-04-13,time,0.007404,37,52
2026-04-20,time,0.009549,44,74
2026-04-27,time,0.008076,33,65
2026-05-04,time,0.007298,30,37
2026-05-11,time,0.010821,31,48
2026-05-18,time,0.011324,38,68
2026-05-25,time,0.010166,29,47
2026-06-01,time,0.005464,26,59
2026-06-08,time,0.009144,35,56
2026-06-15,time,0.006162,32,55
2026-06-22,time,0.006811,31,50
2026-06-29,time,0.009355,31,57
2026-07-06,time,0.007615,25,33
2026-07-13,time,0.007932,33,53
2026-07-20,time,0.006463,33,45
2026-07-27,time,0.008920,32,46
2026-08-03,time,0.008573,35,52
2026-08-10,time,0.006923,27,44
2026-08-17,time,0.007412,30,38
2026-08-24,time,0.005913,26,42
2026-08-31,time,0.007914,34,46
2026-09-07,time,0.011218,32,43
2026-09-14,time,0.014000,3,4
2025-12-29,times,0.005941,8,70
2026-01-05,times,0.004692,12,106
2026-01-12,times,0.001359,5,57
2026-01-19,times,0.002039,8,21
2026-01-26,times,0.000836,6,23
2026-02-02,times,0.001609,11,19
2026-02-09,times,0.001627,9,12
2026-02-16,times,0.001870,9,23
2026-02-23,times,0.002503,12,29
2026-03-02,times,0.003368,11,28
2026-03-09,times,0.001253,8,45
2026-03-16,times,0.001648,8,31
2026-03-23,times,0.002263,13,31
2026-03-30,times,0.000645,6,12
2026-04-06,times,0.000518,5,22
2026-04-13,times,0.000956,7,19
2026-04-20,times,0.003238,11,51
2026-04-27,times,0.002040,7,50
2026-05-04,times,0.004793,10,76
2026-05-11,times,0.005398,15,82
2026-05-18,times,0.002281,7,81
2026-05-25,times,0.002562,6,76
2026-06-01,times,0.005148,11,79
2026-06-08,times,0.003058,15,80
2026-06-15,times,0.002669,12,125
2026-06-22,times,0.005898,15,119
2026-06-29,times,0.002295,8,132
2026-07-06,times,0.004242,13,93
2026-07-13,times,0.002720,11,89
2026-07-20,times,0.003551,13,79
2026-07-27,times,0.007025,24,95
2026-08-03,times,0.001496,4,23
2026-08-10,times,0.001826,7,55
2026-08-17,times,0.001434,4,57
2026-08-24,times,0.001997,6,64
2026-08-31,times,0.007622,19,127
2026-09-07,times,0.001924,8,108
2026-09-14,times,0.017778,1,16
2025-12-29,today,0.000401,4,4
2026-01-05,today,0.002395,11,23
2026-01-12,today,0.005531,14,28
2026-01-19,today,0.001243,13,26
2026-01-26,today,0.002221,10,24
2026-02-02,today,0.003134,15,38
2026-02-09,today,0.001860,9,18
2026-02-16,today,0.001999,13,22
2026-02-23,today,0.002761,14,33
2026-03-02,today,0.003145,16,29
2026-03-09,today,0.004385,20,36
2026-03-16,today,0.003436,15,26
2026-03-23,today,0.002982,15,35
2026-03-30,today,0.002241,10,21
2026-04-06,today,0.002989,16,30
2026-04-13,today,0.000762,12,20
2026-04-20,today,0.003166,12,24
2026-04-27,today,0.003398,11,23
2026-05-04,today,0.002768,14,23
2026-05-11,today,0.000890,10,20
2026-05-18,today,0.001353,13,29
2026-05-25,today,0.001054,9,22
2026-06-01,today,0.004712,14,26
2026-06-08,today,0.001977,18,38
2026-06-15,today,0.002501,11,18
2026-06-22,today,0.003349,12,26
2026-06-29,today,0.003825,19,29
2026-07-06,today,0.005646,14,24
2026-07-13,today,0.004488,10,19
2026-07-20,today,0.006110,13,28
2026-07-27,today,0.004982,11,18
2026-08-03,today,0.001790,12,22
2026-08-10,today,0.000758,9,17
2026-08-17,today,0.003608,18,27
2026-08-24,today,0.003605,14,22
2026-08-31,today,0.001426,8,17
2026-09-07,today,0.006709,21,25
2026-09-14,today,0.000519,1,1
2025-12-29,tonight,0.000422,2,4
2026-01-05,tonight,0.000995,5,14
2026-01-12,tonight,0.000530,6,16
2026-01-19,tonight,0.000998,4,43
2026-01-26,tonight,0.000819,4,30
2026-02-02,tonight,0.001383,4,37
2026-02-09,tonight,0.000980,6,38
2026-02-16,tonight,0.001261,7,43
2026-02-23,tonight,0.001769,9,42
2026-03-02,tonight,0.000866,7,36
2026-03-09,tonight,0.001478,6,38
2026-03-16,tonight,0.000852,4,36
2026-03-23,tonight,0.000894,7,38
2026-03-30,tonight,0.001162,7,33
2026-04-06,tonight,0.007992,33,77
2026-04-13,tonight,0.001169,8,34
2026-04-20,tonight,0.001136,6,33
2026-04-27,tonight,0.001196,5,35
2026-05-04,tonight,0.001277,9,33
2026-05-11,tonight,0.002301,7,32
2026-05-18,tonight,0.002700,9,34
2026-05-25,tonight,0.001239,5,27
2026-06-01,tonight,0.002015,7,33
2026-06-08,tonight,0.001698,13,40
2026-06-15,tonight,0.001145,6,28
2026-06-22,tonight,0.001131,4,28
2026-06-29,tonight,0.001102,6,26
2026-07-06,tonight,0.001664,12,37
2026-07-13,tonight,0.002852,10,34
2026-07-20,tonight,0.001129,7,23
2026-07-27,tonight,0.001230,5,25
2026-08-03,tonight,0.000806,4,16
2026-08-10,tonight,0.001148,3,14
2026-08-17,tonight,0.001034,6,17
2026-08-24,tonight,0.001708,6,24
2026-08-31,tonight,0.001138,4,23
2026-09-07,tonight,0.000848,6,19
2026-09-14,tonight,0.001818,1,1
2026-01-05,trans,0.001994,4,6
2026-01-12,trans,0.003180,18,26
2026-01-19,trans,0.000754,4,4
2026-01-26,trans,0.000149,1,1
2026-02-02,trans,0.001359,8,10
2026-02-09,trans,0.006871,16,24
2026-02-16,trans,0.008589,16,32
2026-02-23,trans,0.002865,7,10
2026-03-02,trans,0.004156,12,15
2026-03-09,trans,0.002860,8,9
2026-03-16,trans,0.000554,2,3
2026-03-23,trans,0.006264,11,15
2026-03-30,trans,0.000735,5,7
2026-04-06,trans,0.001425,5,5
2026-04-13,trans,0.001956,9,9
2026-04-20,trans,0.001424,4,4
2026-04-27,trans,0.002270,5,5
2026-05-04,trans,0.003333,8,9
2026-05-11,trans,0.001815,6,11
2026-05-18,trans,0.002891,10,12
2026-05-25,trans,0.000535,5,7
2026-06-01,trans,0.002210,6,9
2026-06-08,trans,0.001622,5,5
2026-06-15,trans,0.002917,3,4
2026-06-22,trans,0.004650,10,12
2026-06-29,trans,0.007627,22,32
2026-07-06,trans,0.004938,7,10
2026-07-13,trans,0.002964,6,6
2026-07-20,trans,0.003824,9,15
2026-07-27,trans,0.001615,5,8
2026-08-03,trans,0.004828,13,17
2026-08-10,trans,0.005188,17,20
2026-08-17,trans,0.003238,12,14
2026-08-24,trans,0.004400,13,17
2026-08-31,trans,0.002853,6,7
2026-09-07,trans,0.001812,5,7
2025-12-29,trial,0.000750,5,7
2026-01-05,trial,0.001249,12,21
2026-01-12,trial,0.000820,9,15
2026-01-19,trial,0.001376,9,19
2026-01-26,trial,0.001862,15,31
2026-02-02,trial,0.002771,16,24
2026-02-09,trial,0.001786,13,25
2026-02-16,trial,0.004238,25,56
2026-02-23,trial,0.005610,12,27
2026-03-02,trial,0.003849,8,10
2026-03-09,trial,0.008191,14,25
2026-03-16,trial,0.001777,7,16
2026-03-23,trial,0.007425,17,57
2026-03-30,trial,0.000909,7,13
2026-04-06,trial,0.002701,15,17
2026-04-13,trial,0.004655,12,16
2026-04-20,trial,0.002370,11,16
2026-04-27,trial,0.002502,14,28
2026-05-04,trial,0.001227,11,19
2026-05-11,trial,0.001526,16,26
2026-05-18,trial,0.001801,16,32
2026-05-25,trial,0.001615,7,8
2026-06-01,trial,0.009068,20,36
2026-06-08,trial,0.010060,24,39
2026-06-15,trial,0.002926,15,24
2026-06-22,trial,0.002230,11,15
2026-06-29,trial,0.001633,9,15
2026-07-06,trial,0.012283,27,70
2026-07-13,trial,0.001702,11,19
2026-07-20,trial,0.001679,14,21
2026-07-27,trial,0.005784,26,80
2026-08-03,trial,0.002573,15,57
2026-08-10,trial,0.006988,25,93
2026-08-17,trial,0.012557,35,225
2026-08-24,trial,0.017324,34,209
2026-08-31,trial,0.021245,43,216
2026-09-07,trial,0.004168,13,21
2026-09-14,trial,0.004458,2,2
2025-12-29,trump,0.328571,77,806
2026-01-05,trump,0.248285,122,2014
2026-01-12,trump,0.266287,127,2197
2026-01-19,trump,0.282743,136,2641
2026-01-26,trump,0.243231,129,1876
2026-02-02,trump,0.225545,123,1635
2026-02-09,trump,0.193363,120,1363
2026-02-16,trump,0.230602,126,1765
2026-02-23,trump,0.283185,145,2205
2026-03-02,trump,0.252379,141,2016
2026-03-09,trump,0.246626,129,1740
2026-03-16,trump,0.272091,135,2040
2026-03-23,trump,0.245044,135,2040
2026-03-30,trump,0.264416,129,2175
2026-04-06,trump,0.300351,148,2363
2026-04-13,trump,0.284389,147,2284
2026-04-20,trump,0.250256,139,2094
2026-04-27,trump,0.230605,135,1941
2026-05-04,trump,0.209687,122,1559
2026-05-11,trump,0.238065,132,2159
2026-05-18,trump,0.246589,130,2031
2026-05-25,trump,0.228696,118,1607
2026-06-01,trump,0.193864,120,1593
2026-06-08,trump,0.234919,122,1890
2026-06-15,trump,0.252247,130,2123
2026-06-22,trump,0.205372,119,1712
2026-06-29,trump,0.202074,117,1491
2026-07-06,trump,0.216091,108,1823
2026-07-13,trump,0.215092,126,1748
2026-07-20,trump,0.215507,119,1754
2026-07-27,trump,0.185422,109,1553
2026-08-03,trump,0.188812,116,1523
2026-08-10,trump,0.185184,109,1470
2026-08-17,trump,0.212231,118,1684
2026-08-24,trump,0.210115,122,1609
2026-08-31,trump,0.184437,111,1403
2026-09-07,trump,0.189439,104,1578
2026-09-14,trump,0.194355,21,119
2025-12-29,truth,0.023002,15,23
2026-01-05,truth,0.009973,23,41
2026-01-12,truth,0.010019,23,33
2026-01-19,truth,0.008506,26,40
2026-01-26,truth,0.010541,28,52
2026-02-02,truth,0.013725,29,44
2026-02-09,truth,0.012141,37,50
2026-02-16,truth,0.011073,31,43
2026-02-23,truth,0.004588,21,33
2026-03-02,truth,0.015492,38,52
2026-03-09,truth,0.011602,31,44
2026-03-16,truth,0.010880,23,36
2026-03-23,truth,0.013736,37,42
2026-03-30,truth,0.011957,29,49
2026-04-06,truth,0.013360,33,49
2026-04-13,truth,0.013022,31,48
2026-04-20,truth,0.015143,28,45
2026-04-27,truth,0.010353,26,49
2026-05-04,truth,0.006744,27,39
2026-05-11,truth,0.011433,34,49
2026-05-18,truth,0.011693,27,42
2026-05-25,truth,0.010951,29,40
2026-06-01,truth,0.005126,20,24
2026-06-08,truth,0.017445,41,52
2026-06-15,truth,0.008600,28,39
2026-06-22,truth,0.011003,31,44
2026-06-29,truth,0.011349,28,39
2026-07-06,truth,0.011141,24,42
2026-07-13,truth,0.009812,31,55
2026-07-20,truth,0.012440,30,52
2026-07-27,truth,0.012576,28,64
2026-08-03,truth,0.017743,34,58
2026-08-10,truth,0.012963,30,54
2026-08-17,truth,0.009769,30,38
2026-08-24,truth,0.010389,27,47
2026-08-31,truth,0.011946,34,55
2026-09-07,truth,0.013405,28,41
2026-09-14,truth,0.000741,1,2
2025-12-29,trying,0.003891,5,6
2026-01-05,trying,0.002426,12,13
2026-01-12,trying,0.002873,14,17
2026-01-19,trying,0.002992,12,13
2026-01-26,trying,0.003648,14,19
2026-02-02,trying,0.001314,13,16
2026-02-09,trying,0.004593,17,20
2026-02-16,trying,0.004049,18,23
2026-02-23,trying,0.003014,17,21
2026-03-02,trying,0.001867,12,16
2026-03-09,trying,0.003958,18,25
2026-03-16,trying,0.001574,8,10
2026-03-23,trying,0.004858,13,14
2026-03-30,trying,0.002930,15,18
2026-04-06,trying,0.003340,16,24
2026-04-13,trying,0.001875,14,20
2026-04-20,trying,0.003627,17,19
2026-04-27,trying,0.002904,11,13
2026-05-04,trying,0.003916,13,19
2026-05-11,trying,0.002168,14,19
2026-05-18,trying,0.001618,13,18
2026-05-25,trying,0.003400,15,25
2026-06-01,trying,0.004372,21,28
2026-06-08,trying,0.002161,15,19
2026-06-15,trying,0.004022,18,19
2026-06-22,trying,0.007404,19,22
2026-06-29,trying,0.002698,15,17
2026-07-06,trying,0.004683,16,19
2026-07-13,trying,0.001338,13,17
2026-07-20,trying,0.002341,12,14
2026-07-27,trying,0.004446,13,14
2026-08-03,trying,0.003578,12,16
2026-08-10,trying,0.001897,14,17
2026-08-17,trying,0.003381,15,21
2026-08-24,trying,0.002361,12,18
2026-08-31,trying,0.003634,15,18
2026-09-07,trying,0.002811,12,15
2025-12-29,tucker,0.003502,4,5
2026-01-05,tucker,0.002886,8,14
2026-01-12,tucker,0.004183,9,15
2026-01-19,tucker,0.001001,5,6
2026-01-26,tucker,0.002574,7,14
2026-02-02,tucker,0.001814,6,9
2026-02-09,tucker,0.000563,3,4
2026-02-16,tucker,0.010876,27,45
2026-02-23,tucker,0.009820,19,39
2026-03-02,tucker,0.007401,21,35
2026-03-09,tucker,0.011003,20,37
2026-03-16,tucker,0.019394,33,55
2026-03-23,tucker,0.008092,17,25
2026-03-30,tucker,0.002348,7,9
2026-04-06,tucker,0.017589,37,72
2026-04-13,tucker,0.014453,27,43
2026-04-20,tucker,0.014818,29,52
2026-04-27,tucker,0.003334,9,16
2026-05-04,tucker,0.016450,25,47
2026-05-11,tucker,0.006346,17,28
2026-05-18,tucker,0.006387,12,20
2026-05-25,tucker,0.003859,9,18
2026-06-01,tucker,0.002746,8,9
2026-06-08,tucker,0.004286,12,19
2026-06-15,tucker,0.002485,7,16
2026-06-22,tucker,0.017738,39,74
2026-06-29,tucker,0.009612,21,33
2026-07-06,tucker,0.002223,8,9
2026-07-13,tucker,0.000761,4,5
2026-07-20,tucker,0.006118,14,22
2026-07-27,tucker,0.001973,5,7
2026-08-03,tucker,0.011145,25,41
2026-08-10,tucker,0.011728,23,38
2026-08-17,tucker,0.002396,7,10
2026-08-24,tucker,0.000905,7,8
2026-08-31,tucker,0.005342,13,21
2026-09-07,tucker,0.001141,4,6
2025-12-29,turning,0.000148,2,3
2026-01-05,turning,0.000560,7,8
2026-01-12,turning,0.004171,14,14
2026-01-19,turning,0.003486,9,10
2026-01-26,turning,0.002279,9,12
2026-02-02,turning,0.001902,15,20
2026-02-09,turning,0.003235,13,15
2026-02-16,turning,0.001273,5,6
2026-02-23,turning,0.001445,9,9
2026-03-02,turning,0.001030,8,10
2026-03-09,turning,0.000798,7,8
2026-03-16,turning,0.001870,8,11
2026-03-23,turning,0.003976,15,24
2026-03-30,turning,0.002972,10,14
2026-04-06,turning,0.003450,12,15
2026-04-13,turning,0.006606,26,56
2026-04-20,turning,0.007734,16,24
2026-04-27,turning,0.005258,10,13
2026-05-04,turning,0.003558,13,13
2026-05-11,turning,0.000846,5,6
2026-05-18,turning,0.001254,5,6
2026-05-25,turning,0.001549,11,11
2026-06-01,turning,0.001433,6,9
2026-06-08,turning,0.000403,5,6
2026-06-15,turning,0.002425,11,14
2026-06-22,turning,0.001017,11,14
2026-06-29,turning,0.001335,5,5
2026-07-06,turning,0.001192,7,7
2026-07-13,turning,0.002143,10,11
2026-07-20,turning,0.003947,9,9
2026-07-27,turning,0.000444,6,8
2026-08-03,turning,0.001990,8,8
2026-08-10,turning,0.000713,4,5
2026-08-17,turning,0.000618,7,11
2026-08-24,turning,0.003666,11,16
2026-08-31,turning,0.000572,7,8
2026-09-07,turning,0.003751,13,21
2025-12-29,tyler,0.003534,3,4
2026-01-12,tyler,0.001011,11,14
2026-01-19,tyler,0.000789,2,2
2026-01-26,tyler,0.001991,5,5
2026-02-02,tyler,0.002809,9,12
2026-02-09,tyler,0.000611,2,2
2026-02-16,tyler,0.001382,4,5
2026-02-23,tyler,0.003251,9,17
2026-03-09,tyler,0.001388,5,8
2026-03-16,tyler,0.000905,5,5
2026-03-23,tyler,0.001543,6,9
2026-03-30,tyler,0.003179,9,13
2026-04-06,tyler,0.002135,7,14
2026-04-13,tyler,0.001921,9,14
2026-04-20,tyler,0.006979,9,17
2026-04-27,tyler,0.000498,3,3
2026-05-04,tyler,0.000453,3,6
2026-05-11,tyler,0.000662,4,5
2026-05-18,tyler,0.000600,4,6
2026-06-01,tyler,0.001585,9,12
2026-06-08,tyler,0.000807,7,8
2026-06-15,tyler,0.000940,5,7
2026-06-22,tyler,0.001009,4,5
2026-06-29,tyler,0.001041,4,6
2026-07-06,tyler,0.031392,41,214
2026-07-13,tyler,0.003723,15,28
2026-07-20,tyler,0.002475,8,10
2026-07-27,tyler,0.005360,12,14
2026-08-03,tyler,0.000539,2,3
2026-08-10,tyler,0.007071,12,29
2026-08-17,tyler,0.002652,9,11
2026-08-24,tyler,0.001227,1,2
2026-08-31,tyler,0.007211,23,38
2026-09-07,tyler,0.001764,4,4
2025-12-29,uk,0.001230,4,7
2026-01-05,uk,0.006136,14,79
2026-01-12,uk,0.004546,16,81
2026-01-19,uk,0.005986,20,99
2026-01-26,uk,0.006138,19,94
2026-02-02,uk,0.005106,22,90
2026-02-09,uk,0.005787,18,93
2026-02-16,uk,0.006987,31,101
2026-02-23,uk,0.006105,26,79
2026-03-02,uk,0.005986,24,94
2026-03-09,uk,0.003109,18,67
2026-03-16,uk,0.004650,17,73
2026-03-23,uk,0.005025,17,58
2026-03-30,uk,0.004690,22,53
2026-04-06,uk,0.006790,24,59
2026-04-13,uk,0.003828,17,57
2026-04-20,uk,0.004290,20,77
2026-04-27,uk,0.005834,25,106
2026-05-04,uk,0.004506,16,59
2026-05-11,uk,0.011910,33,110
2026-05-18,uk,0.003693,16,53
2026-05-25,uk,0.003272,13,49
2026-06-01,uk,0.023631,52,123
2026-06-08,uk,0.010163,25,82
2026-06-15,uk,0.012034,34,116
2026-06-22,uk,0.006440,26,150
2026-06-29,uk,0.005167,20,61
2026-07-06,uk,0.004315,19,75
2026-07-13,uk,0.004894,20,92
2026-07-20,uk,0.006035,24,108
2026-07-27,uk,0.002390,14,46
2026-08-03,uk,0.001676,13,26
2026-08-10,uk,0.004487,16,78
2026-08-17,uk,0.007509,25,87
2026-08-24,uk,0.003719,19,47
2026-08-31,uk,0.003913,16,67
2026-09-07,uk,0.010350,26,96
2026-09-14,uk,0.013423,5,10
2025-12-29,ukraine,0.005991,14,46
2026-01-05,ukraine,0.006189,21,120
2026-01-12,ukraine,0.004176,15,71
2026-01-19,ukraine,0.004361,19,134
2026-01-26,ukraine,0.004941,15,74
2026-02-02,ukraine,0.004824,21,120
2026-02-09,ukraine,0.003703,18,128
2026-02-16,ukraine,0.007027,25,115
2026-02-23,ukraine,0.005706,23,118
2026-03-02,ukraine,0.005293,19,39
2026-03-09,ukraine,0.003813,14,37
2026-03-16,ukraine,0.002590,12,48
2026-03-23,ukraine,0.004038,17,63
2026-03-30,ukraine,0.002544,10,30
2026-04-06,ukraine,0.001798,10,35
2026-04-13,ukraine,0.004475,20,67
2026-04-20,ukraine,0.002744,18,73
2026-04-27,ukraine,0.004077,16,76
2026-05-04,ukraine,0.008394,21,87
2026-05-11,ukraine,0.007755,22,93
2026-05-18,ukraine,0.002642,15,71
2026-05-25,ukraine,0.005155,22,99
2026-06-01,ukraine,0.007262,26,156
2026-06-08,ukraine,0.004940,21,86
2026-06-15,ukraine,0.007079,27,141
2026-06-22,ukraine,0.008655,25,103
2026-06-29,ukraine,0.006184,22,125
2026-07-06,ukraine,0.010155,28,207
2026-07-13,ukraine,0.008316,22,154
2026-07-20,ukraine,0.007333,28,143
2026-07-27,ukraine,0.014936,37,176
2026-08-03,ukraine,0.005346,21,135
2026-08-10,ukraine,0.005668,15,143
2026-08-17,ukraine,0.005629,22,155
2026-08-24,ukraine,0.007850,22,170
2026-08-31,ukraine,0.008000,25,183
2026-09-07,ukraine,0.006912,22,119
2026-09-14,ukraine,0.048496,11,23
2025-12-29,update,0.000542,3,5
2026-01-05,update,0.004850,14,32
2026-01-12,update,0.006295,15,31
2026-01-19,update,0.003551,20,35
2026-01-26,update,0.003437,15,30
2026-02-02,update,0.007331,25,67
2026-02-09,update,0.005870,22,45
2026-02-16,update,0.004505,20,36
2026-02-23,update,0.003833,22,41
2026-03-02,update,0.006739,31,53
2026-03-09,update,0.004624,24,55
2026-03-16,update,0.004896,22,41
2026-03-23,update,0.004921,23,48
2026-03-30,update,0.005597,29,62
2026-04-06,update,0.005591,25,40
2026-04-13,update,0.003652,19,34
2026-04-20,update,0.005945,28,46
2026-04-27,update,0.007943,21,37
2026-05-04,update,0.005407,22,44
2026-05-11,update,0.003483,22,33
2026-05-18,update,0.005170,20,41
2026-05-25,update,0.004974,12,30
2026-06-01,update,0.004398,21,40
2026-06-08,update,0.007557,21,42
2026-06-15,update,0.004457,16,34
2026-06-22,update,0.003784,17,33
2026-06-29,update,0.004011,15,32
2026-07-06,update,0.006788,20,30
2026-07-13,update,0.006047,19,41
2026-07-20,update,0.003924,22,41
2026-07-27,update,0.006636,25,42
2026-08-03,update,0.006150,18,34
2026-08-10,update,0.004765,15,27
2026-08-17,update,0.008538,19,33
2026-08-24,update,0.005463,16,38
2026-08-31,update,0.007326,26,53
2026-09-07,update,0.005945,21,41
2026-09-14,update,0.012962,3,5
2025-12-29,usa,0.000985,3,8
2026-01-05,usa,0.002835,7,28
2026-01-12,usa,0.001496,8,32
2026-01-19,usa,0.001784,8,24
2026-01-26,usa,0.000959,4,12
2026-02-02,usa,0.001994,15,25
2026-02-09,usa,0.005473,19,43
2026-02-16,usa,0.001532,15,31
2026-02-23,usa,0.010572,35,68
2026-03-02,usa,0.001597,6,15
2026-03-09,usa,0.002174,6,16
2026-03-16,usa,0.000740,9,19
2026-03-23,usa,0.002165,10,20
2026-03-30,usa,0.000536,3,8
2026-04-06,usa,0.001032,5,28
2026-04-13,usa,0.004528,16,58
2026-04-20,usa,0.000513,5,39
2026-04-27,usa,0.000476,4,22
2026-05-04,usa,0.001229,4,15
2026-05-11,usa,0.001159,6,22
2026-05-18,usa,0.001515,3,25
2026-05-25,usa,0.000890,5,19
2026-06-01,usa,0.000370,2,13
2026-06-08,usa,0.000951,11,25
2026-06-15,usa,0.001518,15,40
2026-06-22,usa,0.001825,10,23
2026-06-29,usa,0.006510,20,49
2026-07-06,usa,0.002904,15,38
2026-07-13,usa,0.000960,5,16
2026-07-20,usa,0.000675,4,14
2026-07-27,usa,0.000305,4,9
2026-08-03,usa,0.002152,15,36
2026-08-10,usa,0.000525,3,8
2026-08-17,usa,0.000241,3,5
2026-08-24,usa,0.002545,6,12
2026-08-31,usa,0.002522,5,13
2026-09-07,usa,0.000733,9,30
2026-09-14,usa,0.001558,1,3
2025-12-29,vance,0.005910,9,9
2026-01-05,vance,0.016125,53,147
2026-01-12,vance,0.006059,23,32
2026-01-19,vance,0.009699,36,102
2026-01-26,vance,0.001855,11,17
2026-02-02,vance,0.006719,29,59
2026-02-09,vance,0.005397,22,42
2026-02-16,vance,0.004698,19,32
2026-02-23,vance,0.007368,32,64
2026-03-02,vance,0.004046,16,16
2026-03-09,vance,0.003821,21,41
2026-03-16,vance,0.004153,32,52
2026-03-23,vance,0.006584,26,42
2026-03-30,vance,0.005522,26,38
2026-04-06,vance,0.016768,52,249
2026-04-13,vance,0.024196,60,181
2026-04-20,vance,0.002542,20,42
2026-04-27,vance,0.003874,22,36
2026-05-04,vance,0.005045,24,34
2026-05-11,vance,0.005671,32,80
2026-05-18,vance,0.008397,43,95
2026-05-25,vance,0.008274,35,85
2026-06-01,vance,0.002567,16,23
2026-06-08,vance,0.004424,23,37
2026-06-15,vance,0.045310,83,333
2026-06-22,vance,0.017553,53,187
2026-06-29,vance,0.010255,40,85
2026-07-06,vance,0.003903,23,41
2026-07-13,vance,0.019517,46,84
2026-07-20,vance,0.006381,28,38
2026-07-27,vance,0.002449,18,33
2026-08-03,vance,0.007827,22,42
2026-08-10,vance,0.002608,11,16
2026-08-17,vance,0.005290,24,36
2026-08-24,vance,0.004594,26,41
2026-08-31,vance,0.018037,53,180
2026-09-07,vance,0.009942,41,94
2026-09-14,vance,0.002371,3,4
2025-12-29,venezuela,0.124062,58,495
2026-01-05,venezuela,0.116388,104,1067
2026-01-12,venezuela,0.024857,54,165
2026-01-19,venezuela,0.006427,22,42
2026-01-26,venezuela,0.005352,31,107
2026-02-02,venezuela,0.001803,13,20
2026-02-09,venezuela,0.004855,17,31
2026-02-16,venezuela,0.002180,16,19
2026-02-23,venezuela,0.000908,7,8
2026-03-02,venezuela,0.001006,10,13
2026-03-09,venezuela,0.001448,10,12
2026-03-16,venezuela,0.001238,10,14
2026-03-23,venezuela,0.001695,10,17
2026-03-30,venezuela,0.000078,2,2
2026-04-06,venezuela,0.000705,5,7
2026-04-13,venezuela,0.000069,2,3
2026-04-20,venezuela,0.000172,4,4
2026-04-27,venezuela,0.000245,8,9
2026-05-04,venezuela,0.000413,1,1
2026-05-11,venezuela,0.001602,10,12
2026-05-18,venezuela,0.000609,9,12
2026-05-25,venezuela,0.001013,7,7
2026-06-01,venezuela,0.000453,7,23
2026-06-08,venezuela,0.000119,2,3
2026-06-15,venezuela,0.000106,1,1
2026-06-22,venezuela,0.010436,30,262
2026-06-29,venezuela,0.012301,31,146
2026-07-06,venezuela,0.001444,11,31
2026-07-13,venezuela,0.001249,10,14
2026-07-20,venezuela,0.001636,10,13
2026-07-27,venezuela,0.001043,4,4
2026-08-03,venezuela,0.000420,4,5
2026-08-10,venezuela,0.000310,5,8
2026-08-17,venezuela,0.001171,2,4
2026-08-24,venezuela,0.002486,16,24
2026-08-31,venezuela,0.007340,33,63
2026-09-07,venezuela,0.000260,3,5
2026-09-14,venezuela,0.002000,1,1
2025-12-29,victory,0.001075,5,7
2026-01-05,victory,0.000551,2,2
2026-01-12,victory,0.000590,5,10
2026-01-19,victory,0.001316,9,11
2026-01-26,victory,0.002246,7,9
2026-02-02,victory,0.000850,13,17
2026-02-09,victory,0.004178,16,29
2026-02-16,victory,0.000484,9,17
2026-02-23,victory,0.001979,13,15
2026-03-02,victory,0.003252,18,29
2026-03-09,victory,0.003486,16,31
2026-03-16,victory,0.002595,15,18
2026-03-23,victory,0.002496,14,23
2026-03-30,victory,0.002576,13,21
2026-04-06,victory,0.006575,34,67
2026-04-13,victory,0.004196,22,30
2026-04-20,victory,0.002637,15,22
2026-04-27,victory,0.002067,17,26
2026-05-04,victory,0.006907,25,139
2026-05-11,victory,0.007464,17,23
2026-05-18,victory,0.002458,14,20
2026-05-25,victory,0.003368,19,27
2026-06-01,victory,0.003009,15,19
2026-06-08,victory,0.002489,17,24
2026-06-15,victory,0.003235,24,48
2026-06-22,victory,0.002447,19,36
2026-06-29,victory,0.004570,20,24
2026-07-06,victory,0.002945,10,14
2026-07-13,victory,0.001665,13,22
2026-07-20,victory,0.003924,17,28
2026-07-27,victory,0.000915,5,8
2026-08-03,victory,0.006594,31,52
2026-08-10,victory,0.003439,17,21
2026-08-17,victory,0.003554,17,22
2026-08-24,victory,0.003431,15,22
2026-08-31,victory,0.001600,11,13
2026-09-07,victory,0.002186,19,33
2026-09-14,victory,0.001212,1,2
2026-01-05,vietnam,0.000306,3,4
2026-01-12,vietnam,0.000809,2,2
2026-01-19,vietnam,0.000106,1,3
2026-01-26,vietnam,0.000076,2,2
2026-02-02,vietnam,0.000329,2,2
2026-02-09,vietnam,0.000055,2,3
2026-02-16,vietnam,0.000299,2,2
2026-02-23,vietnam,0.000044,1,1
2026-03-02,vietnam,0.000067,2,2
2026-03-09,vietnam,0.000665,1,1
2026-03-16,vietnam,0.000371,2,2
2026-03-23,vietnam,0.001097,7,10
2026-03-30,vietnam,0.000930,5,6
2026-04-06,vietnam,0.000160,4,5
2026-04-13,vietnam,0.001074,4,5
2026-04-20,vietnam,0.000500,4,4
2026-04-27,vietnam,0.000505,4,6
2026-05-04,vietnam,0.000838,4,17
2026-05-18,vietnam,0.000194,5,14
2026-05-25,vietnam,0.000103,3,6
2026-06-01,vietnam,0.001163,2,3
2026-06-08,vietnam,0.000073,2,3
2026-06-15,vietnam,0.000375,4,4
2026-06-22,vietnam,0.000186,2,6
2026-07-06,vietnam,0.000156,2,13
2026-07-13,vietnam,0.000070,2,6
2026-07-20,vietnam,0.000289,1,1
2026-07-27,vietnam,0.000029,1,1
2026-08-03,vietnam,0.000758,1,1
2026-08-10,vietnam,0.000082,3,3
2026-08-17,vietnam,0.000272,2,2
2026-08-24,vietnam,0.000014,1,1
2026-08-31,vietnam,0.000037,1,2
2026-09-07,vietnam,0.000109,4,7
2026-09-14,vietnam,0.001558,1,3
2025-12-29,violence,0.000882,4,5
2026-01-05,violence,0.002951,15,25
2026-01-12,violence,0.004053,18,29
2026-01-19,violence,0.003497,14,21
2026-01-26,violence,0.002794,18,25
2026-02-02,violence,0.000342,5,8
2026-02-09,violence,0.002286,12,24
2026-02-16,violence,0.001301,13,21
2026-02-23,violence,0.006137,27,79
2026-03-02,violence,0.000390,9,10
2026-03-09,violence,0.001988,13,16
2026-03-16,violence,0.000989,7,8
2026-03-23,violence,0.000336,5,10
2026-03-30,violence,0.000765,6,7
2026-04-06,violence,0.001796,5,5
2026-04-13,violence,0.000632,6,12
2026-04-20,violence,0.002265,14,34
2026-04-27,violence,0.010004,34,73
2026-05-04,violence,0.004818,18,32
2026-05-11,violence,0.002629,11,16
2026-05-18,violence,0.001954,9,15
2026-05-25,violence,0.001644,15,22
2026-06-01,violence,0.003645,16,24
2026-06-08,violence,0.004477,18,36
2026-06-15,violence,0.000325,5,10
2026-06-22,violence,0.000256,4,5
2026-06-29,violence,0.000438,6,8
2026-07-06,violence,0.000970,8,11
2026-07-13,violence,0.002319,19,24
2026-07-20,violence,0.002631,12,21
2026-07-27,violence,0.001411,11,29
2026-08-03,violence,0.001951,10,15
2026-08-10,violence,0.000417,6,13
2026-08-17,violence,0.000835,8,11
2026-08-24,violence,0.002649,12,18
2026-08-31,violence,0.002219,9,13
2026-09-07,violence,0.002668,11,11
2026-09-14,violence,0.006211,3,3
2025-12-29,viral,0.008051,14,19
2026-01-05,viral,0.003047,15,21
2026-01-12,viral,0.005777,23,34
2026-01-19,viral,0.006336,25,38
2026-01-26,viral,0.001550,11,19
2026-02-02,viral,0.004587,19,29
2026-02-09,viral,0.004309,18,38
2026-02-16,viral,0.006648,27,44
2026-02-23,viral,0.004446,22,35
2026-03-02,viral,0.003786,20,29
2026-03-09,viral,0.003883,15,23
2026-03-16,viral,0.005012,21,37
2026-03-23,viral,0.006634,24,29
2026-03-30,viral,0.004366,18,35
2026-04-06,viral,0.004475,16,25
2026-04-13,viral,0.007473,25,43
2026-04-20,viral,0.005041,22,34
2026-04-27,viral,0.006508,22,36
2026-05-04,viral,0.007388,25,36
2026-05-11,viral,0.005817,22,32
2026-05-18,viral,0.005225,18,36
2026-05-25,viral,0.005273,24,37
2026-06-01,viral,0.003672,22,42
2026-06-08,viral,0.004762,17,30
2026-06-15,viral,0.005815,23,41
2026-06-22,viral,0.005390,23,36
2026-06-29,viral,0.001566,15,25
2026-07-06,viral,0.008039,23,42
2026-07-13,viral,0.007409,24,38
2026-07-20,viral,0.006261,22,31
2026-07-27,viral,0.005251,23,40
2026-08-03,viral,0.005822,22,29
2026-08-10,viral,0.006582,25,37
2026-08-17,viral,0.008584,25,38
2026-08-24,viral,0.005756,20,32
2026-08-31,viral,0.005656,18,26
2026-09-07,viral,0.005850,19,29
2026-09-14,viral,0.001039,1,2
2025-12-29,vote,0.002936,5,5
2026-01-05,vote,0.001275,14,23
2026-01-12,vote,0.001171,13,28
2026-01-19,vote,0.001529,14,18
2026-01-26,vote,0.001702,17,24
2026-02-02,vote,0.002667,20,42
2026-02-09,vote,0.003035,25,49
2026-02-16,vote,0.002366,12,16
2026-02-23,vote,0.001264,14,18
2026-03-02,vote,0.004990,31,54
2026-03-09,vote,0.002174,13,16
2026-03-16,vote,0.002288,12,32
2026-03-23,vote,0.002931,16,27
2026-03-30,vote,0.001485,12,13
2026-04-06,vote,0.001895,14,31
2026-04-13,vote,0.002942,21,33
2026-04-20,vote,0.005522,22,41
2026-04-27,vote,0.001059,14,27
2026-05-04,vote,0.003669,21,38
2026-05-11,vote,0.004279,21,27
2026-05-18,vote,0.006483,22,42
2026-05-25,vote,0.003002,17,24
2026-06-01,vote,0.008268,39,58
2026-06-08,vote,0.003057,16,21
2026-06-15,vote,0.001400,8,12
2026-06-22,vote,0.003266,15,27
2026-06-29,vote,0.004001,14,16
2026-07-06,vote,0.002187,10,14
2026-07-13,vote,0.004171,20,32
2026-07-20,vote,0.002953,19,25
2026-07-27,vote,0.005054,27,48
2026-08-03,vote,0.006016,28,84
2026-08-10,vote,0.001472,15,20
2026-08-17,vote,0.001979,15,19
2026-08-24,vote,0.006669,16,23
2026-08-31,vote,0.003176,23,37
2026-09-07,vote,0.003481,23,34
2026-09-14,vote,0.008105,2,4
2025-12-29,voters,0.001862,4,5
2026-01-05,voters,0.002192,10,11
2026-01-12,voters,0.002079,14,17
2026-01-19,voters,0.003948,11,14
2026-01-26,voters,0.001398,10,17
2026-02-02,voters,0.003550,18,26
2026-02-09,voters,0.002550,12,17
2026-02-16,voters,0.001601,12,17
2026-02-23,voters,0.003971,21,30
2026-03-02,voters,0.002769,15,30
2026-03-09,voters,0.008395,23,30
2026-03-16,voters,0.004872,19,26
2026-03-23,voters,0.006780,19,22
2026-03-30,voters,0.002925,16,23
2026-04-06,voters,0.003255,15,23
2026-04-13,voters,0.003055,15,19
2026-04-20,voters,0.003638,22,35
2026-04-27,voters,0.006746,26,41
2026-05-04,voters,0.005669,26,35
2026-05-11,voters,0.005684,22,27
2026-05-18,voters,0.006333,22,32
2026-05-25,voters,0.004483,18,30
2026-06-01,voters,0.005757,27,43
2026-06-08,voters,0.003440,18,39
2026-06-15,voters,0.003338,20,27
2026-06-22,voters,0.002770,19,30
2026-06-29,voters,0.002388,11,16
2026-07-06,voters,0.003875,16,23
2026-07-13,voters,0.002428,14,17
2026-07-20,voters,0.004079,20,32
2026-07-27,voters,0.003956,18,24
2026-08-03,voters,0.006200,25,52
2026-08-10,voters,0.005595,25,32
2026-08-17,voters,0.008058,31,43
2026-08-24,voters,0.003101,14,23
2026-08-31,voters,0.004099,23,36
2026-09-07,voters,0.006799,33,56
2026-09-14,voters,0.005742,2,2
2025-12-29,want,0.002642,7,13
2026-01-05,want,0.004480,21,33
2026-01-12,want,0.006852,19,35
2026-01-19,want,0.003539,24,33
2026-01-26,want,0.003198,23,34
2026-02-02,want,0.006306,24,37
2026-02-09,want,0.004719,19,26
2026-02-16,want,0.008618,25,36
2026-02-23,want,0.003592,19,32
2026-03-02,want,0.007894,24,37
2026-03-09,want,0.005102,22,31
2026-03-16,want,0.006538,26,43
2026-03-23,want,0.005533,23,34
2026-03-30,want,0.005834,24,35
2026-04-06,want,0.008979,31,39
2026-04-13,want,0.003197,17,27
2026-04-20,want,0.003037,20,28
2026-04-27,want,0.003597,17,26
2026-05-04,want,0.005475,23,31
2026-05-11,want,0.010421,29,41
2026-05-18,want,0.009163,34,45
2026-05-25,want,0.006292,17,25
2026-06-01,want,0.008278,23,44
2026-06-08,want,0.003708,19,29
2026-06-15,want,0.005237,24,39
2026-06-22,want,0.006326,27,33
2026-06-29,want,0.004216,16,24
2026-07-06,want,0.004605,23,36
2026-07-13,want,0.007431,23,34
2026-07-20,want,0.007736,27,38
2026-07-27,want,0.002922,17,23
2026-08-03,want,0.005929,24,33
2026-08-10,want,0.003855,14,23
2026-08-17,want,0.003978,22,37
2026-08-24,want,0.005201,24,32
2026-08-31,want,0.006187,26,40
2026-09-07,want,0.004143,17,30
2025-12-29,wants,0.000485,4,7
2026-01-05,wants,0.007739,26,40
2026-01-12,wants,0.003538,21,39
2026-01-19,wants,0.007633,25,36
2026-01-26,wants,0.005737,22,30
2026-02-02,wants,0.006740,29,49
2026-02-09,wants,0.003919,19,27
2026-02-16,wants,0.008190,31,39
2026-02-23,wants,0.005924,21,27
2026-03-02,wants,0.004924,24,43
2026-03-09,wants,0.007327,25,35
2026-03-16,wants,0.006750,25,27
2026-03-23,wants,0.004136,20,28
2026-03-30,wants,0.005299,19,36
2026-04-06,wants,0.004213,19,28
2026-04-13,wants,0.005071,24,41
2026-04-20,wants,0.003918,21,30
2026-04-27,wants,0.005803,26,37
2026-05-04,wants,0.004430,17,28
2026-05-11,wants,0.005058,23,44
2026-05-18,wants,0.005241,23,35
2026-05-25,wants,0.005062,21,28
2026-06-01,wants,0.003969,20,35
2026-06-08,wants,0.004468,20,30
2026-06-15,wants,0.004042,21,30
2026-06-22,wants,0.004354,21,29
2026-06-29,wants,0.005410,18,21
2026-07-06,wants,0.006553,21,30
2026-07-13,wants,0.006282,23,27
2026-07-20,wants,0.003968,20,34
2026-07-27,wants,0.004759,20,29
2026-08-03,wants,0.006669,24,31
2026-08-10,wants,0.003825,19,25
2026-08-17,wants,0.004748,21,31
2026-08-24,wants,0.005097,16,22
2026-08-31,wants,0.008387,25,36
2026-09-07,wants,0.004034,21,30
2026-09-14,wants,0.006590,4,7
2025-12-29,war,0.034699,38,82
2026-01-05,war,0.036474,64,226
2026-01-12,war,0.033986,60,213
2026-01-19,war,0.023349,50,149
2026-01-26,war,0.027667,59,186
2026-02-02,war,0.020462,38,167
2026-02-09,war,0.022633,53,166
2026-02-16,war,0.030051,60,220
2026-02-23,war,0.069313,94,530
2026-03-02,war,0.186419,136,1622
2026-03-09,war,0.147429,113,1503
2026-03-16,war,0.125103,115,1287
2026-03-23,war,0.094553,98,1191
2026-03-30,war,0.094147,99,1159
2026-04-06,war,0.090309,113,983
2026-04-13,war,0.061817,92,763
2026-04-20,war,0.060925,84,622
2026-04-27,war,0.049074,79,629
2026-05-04,war,0.049221,80,522
2026-05-11,war,0.038740,78,519
2026-05-18,war,0.041470,70,406
2026-05-25,war,0.029378,62,340
2026-06-01,war,0.036202,73,421
2026-06-08,war,0.041205,70,387
2026-06-15,war,0.040021,74,350
2026-06-22,war,0.033867,68,308
2026-06-29,war,0.034504,66,214
2026-07-06,war,0.027667,57,291
2026-07-13,war,0.046909,74,360
2026-07-20,war,0.067730,89,619
2026-07-27,war,0.035774,69,374
2026-08-03,war,0.030998,65,313
2026-08-10,war,0.028778,62,315
2026-08-17,war,0.037764,66,386
2026-08-24,war,0.042991,82,510
2026-08-31,war,0.040299,82,401
2026-09-07,war,0.038178,69,364
2026-09-14,war,0.032829,10,21
2025-12-29,warning,0.003166,10,22
2026-01-05,warning,0.003273,24,69
2026-01-12,warning,0.006599,29,77
2026-01-19,warning,0.002719,19,40
2026-01-26,warning,0.005683,25,59
2026-02-02,warning,0.001887,17,42
2026-02-09,warning,0.003118,21,37
2026-02-16,warning,0.004508,20,41
2026-02-23,warning,0.004928,25,56
2026-03-02,warning,0.004812,26,63
2026-03-09,warning,0.007878,35,83
2026-03-16,warning,0.003066,20,55
2026-03-23,warning,0.004452,23,68
2026-03-30,warning,0.005519,26,79
2026-04-06,warning,0.008314,31,101
2026-04-13,warning,0.006138,23,83
2026-04-20,warning,0.005167,24,71
2026-04-27,warning,0.004386,20,68
2026-05-04,warning,0.004910,20,50
2026-05-11,warning,0.007298,31,94
2026-05-18,warning,0.004472,27,87
2026-05-25,warning,0.008741,33,95
2026-06-01,warning,0.004262,21,51
2026-06-08,warning,0.003940,22,75
2026-06-15,warning,0.003013,19,66
2026-06-22,warning,0.006392,29,65
2026-06-29,warning,0.005313,23,67
2026-07-06,warning,0.004244,20,53
2026-07-13,warning,0.005364,25,65
2026-07-20,warning,0.003463,19,48
2026-07-27,warning,0.006936,30,70
2026-08-03,warning,0.003155,19,63
2026-08-10,warning,0.005300,22,68
2026-08-17,warning,0.005585,24,64
2026-08-24,warning,0.005928,26,76
2026-08-31,warning,0.008720,32,82
2026-09-07,warning,0.009849,33,86
2026-09-14,warning,0.007286,4,5
2025-12-29,warns,0.004359,11,31
2026-01-05,warns,0.004869,23,89
2026-01-12,warns,0.006811,28,95
2026-01-19,warns,0.004912,25,73
2026-01-26,warns,0.005684,31,105
2026-02-02,warns,0.002031,19,66
2026-02-09,warns,0.003189,21,62
2026-02-16,warns,0.004428,24,71
2026-02-23,warns,0.003919,22,75
2026-03-02,warns,0.003309,23,91
2026-03-09,warns,0.007141,30,138
2026-03-16,warns,0.002557,20,75
2026-03-23,warns,0.003007,21,68
2026-03-30,warns,0.003440,23,70
2026-04-06,warns,0.006233,27,125
2026-04-13,warns,0.003446,22,98
2026-04-20,warns,0.002373,20,83
2026-04-27,warns,0.001768,15,66
2026-05-04,warns,0.005901,27,79
2026-05-11,warns,0.004854,23,109
2026-05-18,warns,0.005086,25,87
2026-05-25,warns,0.003970,24,92
2026-06-01,warns,0.002220,23,52
2026-06-08,warns,0.002033,18,54
2026-06-15,warns,0.003515,24,80
2026-06-22,warns,0.002973,24,60
2026-06-29,warns,0.003820,24,71
2026-07-06,warns,0.003817,23,66
2026-07-13,warns,0.003247,19,57
2026-07-20,warns,0.003754,26,80
2026-07-27,warns,0.005193,22,80
2026-08-03,warns,0.004540,17,68
2026-08-10,warns,0.002532,18,57
2026-08-17,warns,0.003810,22,78
2026-08-24,warns,0.003878,23,69
2026-08-31,warns,0.005108,27,83
2026-09-07,warns,0.003366,25,74
2026-09-14,warns,0.018365,6,11
2025-12-29,way,0.002500,4,7
2026-01-05,way,0.005505,16,23
2026-01-12,way,0.003921,26,44
2026-01-19,way,0.001932,16,23
2026-01-26,way,0.004842,20,29
2026-02-02,way,0.003176,13,21
2026-02-09,way,0.003769,17,21
2026-02-16,way,0.002298,16,19
2026-02-23,way,0.001700,14,19
2026-03-02,way,0.005743,25,29
2026-03-09,way,0.004376,22,31
2026-03-16,way,0.002597,17,23
2026-03-23,way,0.002579,13,16
2026-03-30,way,0.004642,25,31
2026-04-06,way,0.003957,23,28
2026-04-13,way,0.005926,17,19
2026-04-20,way,0.002784,13,20
2026-04-27,way,0.001774,13,18
2026-05-04,way,0.002106,15,21
2026-05-11,way,0.002873,14,18
2026-05-18,way,0.004190,15,18
2026-05-25,way,0.005038,16,21
2026-06-01,way,0.001826,11,15
2026-06-08,way,0.004528,22,25
2026-06-15,way,0.003781,20,30
2026-06-22,way,0.005397,17,18
2026-06-29,way,0.003247,14,19
2026-07-06,way,0.002467,15,19
2026-07-13,way,0.002111,14,21
2026-07-20,way,0.003671,16,21
2026-07-27,way,0.003610,14,18
2026-08-03,way,0.003312,17,22
2026-08-10,way,0.006072,21,24
2026-08-17,way,0.005705,18,25
2026-08-24,way,0.003634,19,28
2026-08-31,way,0.005525,21,24
2026-09-07,way,0.006032,19,22
2025-12-29,we're,0.004725,11,19
2026-01-05,we're,0.003024,17,22
2026-01-12,we're,0.001752,12,21
2026-01-19,we're,0.003561,15,26
2026-01-26,we're,0.001970,14,20
2026-02-02,we're,0.002537,11,23
2026-02-09,we're,0.001474,7,14
2026-02-16,we're,0.003208,16,23
2026-02-23,we're,0.002583,11,15
2026-03-02,we're,0.002991,24,28
2026-03-09,we're,0.004604,20,27
2026-03-16,we're,0.002919,12,22
2026-03-23,we're,0.003358,14,20
2026-03-30,we're,0.004790,21,25
2026-04-06,we're,0.003743,13,24
2026-04-13,we're,0.003238,16,23
2026-04-20,we're,0.002018,11,16
2026-04-27,we're,0.002535,13,16
2026-05-04,we're,0.007922,19,24
2026-05-11,we're,0.002729,16,19
2026-05-18,we're,0.004309,18,23
2026-05-25,we're,0.001203,12,18
2026-06-01,we're,0.003715,11,16
2026-06-08,we're,0.001768,16,21
2026-06-15,we're,0.002585,17,29
2026-06-22,we're,0.000637,10,16
2026-06-29,we're,0.004853,13,20
2026-07-06,we're,0.002529,12,26
2026-07-13,we're,0.003698,20,31
2026-07-20,we're,0.004986,21,27
2026-07-27,we're,0.001318,12,15
2026-08-03,we're,0.001533,8,12
2026-08-10,we're,0.001233,9,15
2026-08-17,we're,0.001835,12,18
2026-08-24,we're,0.003558,14,22
2026-08-31,we're,0.005080,19,25
2026-09-07,we're,0.002274,14,16
2026-09-14,we're,0.003317,2,2
2025-12-29,week,0.002239,5,6
2026-01-05,week,0.003355,18,27
2026-01-12,week,0.002891,17,30
2026-01-19,week,0.002370,16,20
2026-01-26,week,0.002314,18,30
2026-02-02,week,0.002759,14,25
2026-02-09,week,0.001926,18,30
2026-02-16,week,0.001533,16,27
2026-02-23,week,0.001966,18,22
2026-03-02,week,0.003632,21,38
2026-03-09,week,0.002981,21,38
2026-03-16,week,0.002507,16,32
2026-03-23,week,0.001473,18,30
2026-03-30,week,0.003867,20,35
2026-04-06,week,0.003812,25,48
2026-04-13,week,0.004507,22,46
2026-04-20,week,0.002582,17,26
2026-04-27,week,0.003649,16,25
2026-05-04,week,0.001075,10,17
2026-05-11,week,0.002965,18,27
2026-05-18,week,0.000976,10,19
2026-05-25,week,0.002660,13,19
2026-06-01,week,0.002610,19,31
2026-06-08,week,0.001204,12,17
2026-06-15,week,0.002924,9,14
2026-06-22,week,0.002620,16,25
2026-06-29,week,0.002403,15,28
2026-07-06,week,0.002158,14,20
2026-07-13,week,0.002708,17,23
2026-07-20,week,0.002259,13,16
2026-07-27,week,0.002593,13,22
2026-08-03,week,0.002718,15,20
2026-08-10,week,0.002682,12,22
2026-08-17,week,0.001288,11,25
2026-08-24,week,0.001946,11,15
2026-08-31,week,0.002617,13,20
2026-09-07,week,0.002899,15,17
2025-12-29,went,0.000645,3,3
2026-01-05,went,0.000760,4,4
2026-01-12,went,0.003913,12,14
2026-01-19,went,0.002568,15,17
2026-01-26,went,0.001195,8,8
2026-02-02,went,0.002774,13,17
2026-02-09,went,0.001441,3,3
2026-02-16,went,0.002123,9,9
2026-02-23,went,0.001582,6,6
2026-03-02,went,0.001892,14,17
2026-03-09,went,0.000818,6,6
2026-03-16,went,0.002550,11,15
2026-03-23,went,0.001857,9,11
2026-03-30,went,0.001945,10,11
2026-04-06,went,0.005579,16,18
2026-04-13,went,0.002828,7,8
2026-04-20,went,0.002632,8,11
2026-04-27,went,0.004271,12,16
2026-05-04,went,0.004219,14,15
2026-05-11,went,0.005836,12,21
2026-05-18,went,0.003941,13,15
2026-05-25,went,0.002484,10,11
2026-06-01,went,0.004081,11,13
2026-06-08,went,0.001663,9,10
2026-06-15,went,0.003524,11,12
2026-06-22,went,0.001431,8,8
2026-06-29,went,0.002571,13,18
2026-07-06,went,0.003996,16,20
2026-07-13,went,0.002692,9,14
2026-07-20,went,0.003043,13,21
2026-07-27,went,0.003794,12,15
2026-08-03,went,0.002589,10,13
2026-08-10,went,0.004138,13,15
2026-08-17,went,0.002612,13,18
2026-08-24,went,0.002057,14,15
2026-08-31,went,0.007071,17,21
2026-09-07,went,0.003829,9,12
2025-12-29,west,0.000415,3,5
2026-01-05,west,0.000572,6,27
2026-01-12,west,0.002365,17,40
2026-01-19,west,0.001853,11,26
2026-01-26,west,0.006801,21,37
2026-02-02,west,0.001248,12,31
2026-02-09,west,0.002662,11,30
2026-02-16,west,0.000748,10,27
2026-02-23,west,0.001627,12,42
2026-03-02,west,0.003196,12,75
2026-03-09,west,0.005049,17,112
2026-03-16,west,0.004277,13,100
2026-03-23,west,0.006096,16,169
2026-03-30,west,0.003339,15,119
2026-04-06,west,0.005504,22,104
2026-04-13,west,0.002274,11,75
2026-04-20,west,0.003076,14,125
2026-04-27,west,0.002635,9,71
2026-05-04,west,0.001641,7,115
2026-05-11,west,0.002172,12,68
2026-05-18,west,0.002702,15,51
2026-05-25,west,0.002230,10,57
2026-06-01,west,0.002721,16,58
2026-06-08,west,0.001726,14,56
2026-06-15,west,0.000518,6,36
2026-06-22,west,0.002017,11,35
2026-06-29,west,0.004596,19,40
2026-07-06,west,0.003072,14,40
2026-07-13,west,0.008586,25,60
2026-07-20,west,0.002083,13,43
2026-07-27,west,0.004246,16,50
2026-08-03,west,0.003909,18,35
2026-08-10,west,0.004125,19,61
2026-08-17,west,0.004913,24,52
2026-08-24,west,0.004850,22,32
2026-08-31,west,0.003765,17,48
2026-09-07,west,0.005330,20,74
2026-09-14,west,0.010149,5,6
2025-12-29,white,0.009366,13,19
2026-01-05,white,0.014927,53,139
2026-01-12,white,0.013924,42,137
2026-01-19,white,0.008428,39,80
2026-01-26,white,0.011226,41,103
2026-02-02,white,0.010174,35,102
2026-02-09,white,0.011568,43,82
2026-02-16,white,0.015404,45,96
2026-02-23,white,0.010080,41,71
2026-03-02,white,0.011052,41,100
2026-03-09,white,0.010793,43,87
2026-03-16,white,0.010443,40,96
2026-03-23,white,0.007293,39,96
2026-03-30,white,0.015824,48,141
2026-04-06,white,0.011936,47,133
2026-04-13,white,0.009711,45,102
2026-04-20,white,0.023401,59,297
2026-04-27,white,0.029666,60,292
2026-05-04,white,0.016209,46,157
2026-05-11,white,0.009978,40,89
2026-05-18,white,0.020496,60,207
2026-05-25,white,0.021683,53,125
2026-06-01,white,0.017069,55,102
2026-06-08,white,0.029903,66,183
2026-06-15,white,0.037331,74,235
2026-06-22,white,0.014242,39,84
2026-06-29,white,0.010810,37,79
2026-07-06,white,0.016995,45,105
2026-07-13,white,0.011396,45,107
2026-07-20,white,0.015986,45,151
2026-07-27,white,0.012554,41,89
2026-08-03,white,0.005919,31,64
2026-08-10,white,0.013193,43,101
2026-08-17,white,0.013748,44,128
2026-08-24,white,0.009306,36,72
2026-08-31,white,0.010600,38,89
2026-09-07,white,0.008416,35,55
2026-09-14,white,0.000519,1,3
2026-01-05,wilson,0.002749,3,6
2026-01-12,wilson,0.000403,3,3
2026-01-19,wilson,0.003671,3,4
2026-01-26,wilson,0.001372,2,6
2026-02-02,wilson,0.003865,5,13
2026-02-09,wilson,0.000319,1,4
2026-02-16,wilson,0.001354,5,13
2026-02-23,wilson,0.003869,4,6
2026-03-02,wilson,0.001401,3,5
2026-03-09,wilson,0.001697,2,3
2026-03-16,wilson,0.001137,3,4
2026-03-23,wilson,0.001701,2,4
2026-03-30,wilson,0.001338,4,6
2026-04-06,wilson,0.003559,5,7
2026-04-13,wilson,0.001636,3,9
2026-04-20,wilson,0.000796,5,10
2026-04-27,wilson,0.005881,5,12
2026-05-04,wilson,0.002425,2,3
2026-05-11,wilson,0.001389,4,6
2026-05-18,wilson,0.000039,1,5
2026-05-25,wilson,0.000188,2,3
2026-06-01,wilson,0.001356,4,5
2026-06-08,wilson,0.001995,3,6
2026-06-15,wilson,0.001793,4,7
2026-06-22,wilson,0.000641,6,7
2026-06-29,wilson,0.000794,2,3
2026-07-06,wilson,0.001326,3,4
2026-07-13,wilson,0.000215,1,2
2026-07-20,wilson,0.000296,2,2
2026-07-27,wilson,0.002888,8,11
2026-08-03,wilson,0.001518,4,8
2026-08-10,wilson,0.014392,22,42
2026-08-17,wilson,0.005131,9,17
2026-08-24,wilson,0.003817,7,12
2026-08-31,wilson,0.000298,1,2
2026-09-07,wilson,0.000588,3,5
2025-12-29,win,0.004239,7,7
2026-01-05,win,0.003202,14,17
2026-01-12,win,0.002363,11,18
2026-01-19,win,0.002719,10,16
2026-01-26,win,0.004333,18,20
2026-02-02,win,0.002544,20,37
2026-02-09,win,0.006418,26,65
2026-02-16,win,0.001840,15,22
2026-02-23,win,0.003044,22,39
2026-03-02,win,0.005605,24,52
2026-03-09,win,0.003894,18,33
2026-03-16,win,0.005418,24,35
2026-03-23,win,0.004988,19,24
2026-03-30,win,0.002862,19,27
2026-04-06,win,0.003883,20,31
2026-04-13,win,0.003151,19,35
2026-04-20,win,0.007970,23,32
2026-04-27,win,0.007237,25,38
2026-05-04,win,0.006194,22,46
2026-05-11,win,0.003835,18,25
2026-05-18,win,0.008010,30,45
2026-05-25,win,0.004509,28,62
2026-06-01,win,0.006507,28,40
2026-06-08,win,0.007073,35,76
2026-06-15,win,0.006875,26,69
2026-06-22,win,0.007161,34,65
2026-06-29,win,0.009073,36,73
2026-07-06,win,0.004065,26,40
2026-07-13,win,0.003884,20,34
2026-07-20,win,0.004817,28,51
2026-07-27,win,0.002097,13,17
2026-08-03,win,0.008868,38,73
2026-08-10,win,0.008030,30,50
2026-08-17,win,0.005524,27,59
2026-08-24,win,0.010008,32,46
2026-08-31,win,0.008453,31,43
2026-09-07,win,0.010978,42,86
2026-09-14,win,0.011921,4,5
2025-12-29,woke,0.007136,8,10
2026-01-05,woke,0.002844,6,9
2026-01-12,woke,0.011119,15,29
2026-01-19,woke,0.005865,7,17
2026-01-26,woke,0.004550,7,17
2026-02-02,woke,0.006800,17,33
2026-02-09,woke,0.010328,13,29
2026-02-16,woke,0.007473,14,25
2026-02-23,woke,0.003652,5,14
2026-03-02,woke,0.003434,8,15
2026-03-09,woke,0.007872,12,25
2026-03-16,woke,0.008408,13,27
2026-03-23,woke,0.005846,10,28
2026-03-30,woke,0.008785,11,26
2026-04-06,woke,0.006799,13,22
2026-04-13,woke,0.002742,5,14
2026-04-20,woke,0.002914,4,11
2026-04-27,woke,0.004761,7,15
2026-05-04,woke,0.004120,8,16
2026-05-11,woke,0.004215,5,15
2026-05-18,woke,0.003302,9,16
2026-05-25,woke,0.008187,12,26
2026-06-01,woke,0.005055,10,14
2026-06-08,woke,0.004528,9,17
2026-06-15,woke,0.001726,5,9
2026-06-22,woke,0.004118,9,12
2026-06-29,woke,0.001527,7,12
2026-07-06,woke,0.004724,11,18
2026-07-13,woke,0.004993,13,22
2026-07-20,woke,0.009311,12,27
2026-07-27,woke,0.005255,14,19
2026-08-03,woke,0.004652,7,19
2026-08-10,woke,0.010452,24,37
2026-08-17,woke,0.007110,14,21
2026-08-24,woke,0.006971,14,23
2026-08-31,woke,0.004284,10,15
2026-09-07,woke,0.003607,9,17
2025-12-29,woman,0.009737,12,15
2026-01-05,woman,0.020442,54,196
2026-01-12,woman,0.004426,21,34
2026-01-19,woman,0.007553,23,25
2026-01-26,woman,0.003424,17,24
2026-02-02,woman,0.002975,15,20
2026-02-09,woman,0.003724,19,30
2026-02-16,woman,0.005644,16,19
2026-02-23,woman,0.003191,15,17
2026-03-02,woman,0.003069,15,17
2026-03-09,woman,0.006832,19,28
2026-03-16,woman,0.006116,20,34
2026-03-23,woman,0.007427,20,36
2026-03-30,woman,0.004714,14,16
2026-04-06,woman,0.003668,16,35
2026-04-13,woman,0.008743,29,53
2026-04-20,woman,0.005377,18,24
2026-04-27,woman,0.003340,9,22
2026-05-04,woman,0.006507,17,23
2026-05-11,woman,0.002324,10,15
2026-05-18,woman,0.004183,20,30
2026-05-25,woman,0.003836,12,21
2026-06-01,woman,0.006446,21,33
2026-06-08,woman,0.002854,10,18
2026-06-15,woman,0.005340,12,25
2026-06-22,woman,0.006359,23,29
2026-06-29,woman,0.006416,17,31
2026-07-06,woman,0.003438,18,27
2026-07-13,woman,0.005805,21,29
2026-07-20,woman,0.004297,17,26
2026-07-27,woman,0.006074,18,31
2026-08-03,woman,0.006571,22,35
2026-08-10,woman,0.008917,32,55
2026-08-17,woman,0.010304,29,45
2026-08-24,woman,0.008233,25,41
2026-08-31,woman,0.010572,31,52
2026-09-07,woman,0.007065,21,30
2026-09-14,woman,0.007923,3,4
2025-12-29,women,0.012261,11,21
2026-01-05,women,0.005927,16,24
2026-01-12,women,0.015513,31,56
2026-01-19,women,0.004703,11,16
2026-01-26,women,0.002059,12,18
2026-02-02,women,0.007518,20,38
2026-02-09,women,0.009071,23,46
2026-02-16,women,0.007648,21,40
2026-02-23,women,0.005504,21,38
2026-03-02,women,0.006419,21,49
2026-03-09,women,0.009372,33,87
2026-03-16,women,0.010085,32,56
2026-03-23,women,0.007575,31,59
2026-03-30,women,0.005786,16,32
2026-04-06,women,0.008119,21,41
2026-04-13,women,0.005219,19,94
2026-04-20,women,0.011288,26,62
2026-04-27,women,0.010459,23,40
2026-05-04,women,0.007717,24,37
2026-05-11,women,0.009084,18,37
2026-05-18,women,0.007503,17,35
2026-05-25,women,0.009152,18,35
2026-06-01,women,0.006929,26,38
2026-06-08,women,0.006498,19,23
2026-06-15,women,0.006018,16,33
2026-06-22,women,0.009726,20,32
2026-06-29,women,0.008344,26,48
2026-07-06,women,0.007861,15,24
2026-07-13,women,0.009013,20,32
2026-07-20,women,0.007623,18,29
2026-07-27,women,0.005893,18,35
2026-08-03,women,0.013999,30,48
2026-08-10,women,0.016013,39,69
2026-08-17,women,0.018349,38,64
2026-08-24,women,0.014377,27,57
2026-08-31,women,0.013057,31,58
2026-09-07,women,0.016185,28,50
2026-09-14,women,0.003613,3,7
2025-12-29,won't,0.002166,6,9
2026-01-05,won't,0.005904,20,33
2026-01-12,won't,0.006111,20,35
2026-01-19,won't,0.008069,33,60
2026-01-26,won't,0.002583,16,32
2026-02-02,won't,0.002836,19,30
2026-02-09,won't,0.006164,24,38
2026-02-16,won't,0.003349,14,26
2026-02-23,won't,0.005766,19,36
2026-03-02,won't,0.002905,24,37
2026-03-09,won't,0.009537,29,44
2026-03-16,won't,0.006025,24,38
2026-03-23,won't,0.004999,21,35
2026-03-30,won't,0.009696,26,40
2026-04-06,won't,0.005083,23,29
2026-04-13,won't,0.004112,22,37
2026-04-20,won't,0.009083,31,44
2026-04-27,won't,0.005873,19,26
2026-05-04,won't,0.006800,20,34
2026-05-11,won't,0.002548,17,25
2026-05-18,won't,0.005086,27,37
2026-05-25,won't,0.006092,21,35
2026-06-01,won't,0.006488,25,36
2026-06-08,won't,0.004565,20,29
2026-06-15,won't,0.005604,27,45
2026-06-22,won't,0.006286,23,37
2026-06-29,won't,0.001939,17,33
2026-07-06,won't,0.003541,23,34
2026-07-13,won't,0.004124,18,22
2026-07-20,won't,0.005113,19,28
2026-07-27,won't,0.003190,15,22
2026-08-03,won't,0.006487,20,27
2026-08-10,won't,0.007413,28,39
2026-08-17,won't,0.004527,21,33
2026-08-24,won't,0.005885,19,33
2026-08-31,won't,0.006088,27,33
2026-09-07,won't,0.006185,22,34
2026-09-14,won't,0.007879,3,6
2025-12-29,world,0.024734,29,122
2026-01-05,world,0.017879,45,226
2026-01-12,world,0.018024,45,218
2026-01-19,world,0.036740,73,451
2026-01-26,world,0.013202,34,193
2026-02-02,world,0.012341,36,214
2026-02-09,world,0.015353,43,254
2026-02-16,world,0.015935,48,256
2026-02-23,world,0.010714,38,240
2026-03-02,world,0.016860,44,262
2026-03-09,world,0.022330,46,206
2026-03-16,world,0.015308,45,183
2026-03-23,world,0.013972,42,143
2026-03-30,world,0.020452,53,135
2026-04-06,world,0.014950,51,165
2026-04-13,world,0.015617,43,211
2026-04-20,world,0.016679,45,187
2026-04-27,world,0.013970,40,165
2026-05-04,world,0.018684,42,198
2026-05-11,world,0.011890,43,188
2026-05-18,world,0.014189,37,220
2026-05-25,world,0.013804,40,203
2026-06-01,world,0.015889,38,309
2026-06-08,world,0.033000,57,458
2026-06-15,world,0.033736,67,574
2026-06-22,world,0.025333,53,464
2026-06-29,world,0.025556,51,450
2026-07-06,world,0.033304,62,399
2026-07-13,world,0.024891,47,388
2026-07-20,world,0.023485,57,289
2026-07-27,world,0.017101,49,221
2026-08-03,world,0.008554,25,101
2026-08-10,world,0.011420,35,128
2026-08-17,world,0.011976,31,169
2026-08-24,world,0.015885,39,192
2026-08-31,world,0.013948,37,215
2026-09-07,world,0.015784,40,275
2026-09-14,world,0.048943,8,30
2025-12-29,worse,0.003738,8,10
2026-01-05,worse,0.002573,12,16
2026-01-12,worse,0.008109,20,24
2026-01-19,worse,0.004846,16,21
2026-01-26,worse,0.005651,18,19
2026-02-02,worse,0.004327,19,25
2026-02-09,worse,0.007697,19,30
2026-02-16,worse,0.003008,11,14
2026-02-23,worse,0.006288,17,22
2026-03-02,worse,0.006289,21,23
2026-03-09,worse,0.003688,20,23
2026-03-16,worse,0.004618,19,27
2026-03-23,worse,0.006222,27,31
2026-03-30,worse,0.004579,18,23
2026-04-06,worse,0.007154,25,37
2026-04-13,worse,0.008309,26,31
2026-04-20,worse,0.005084,16,26
2026-04-27,worse,0.005457,16,21
2026-05-04,worse,0.004262,16,26
2026-05-11,worse,0.008295,25,28
2026-05-18,worse,0.004282,13,17
2026-05-25,worse,0.003582,12,19
2026-06-01,worse,0.008199,25,28
2026-06-08,worse,0.004049,14,14
2026-06-15,worse,0.009126,25,33
2026-06-22,worse,0.003643,15,25
2026-06-29,worse,0.004923,19,22
2026-07-06,worse,0.009987,16,24
2026-07-13,worse,0.006382,22,26
2026-07-20,worse,0.006899,20,24
2026-07-27,worse,0.005208,18,20
2026-08-03,worse,0.003979,17,22
2026-08-10,worse,0.003758,15,17
2026-08-17,worse,0.009434,31,40
2026-08-24,worse,0.003754,16,28
2026-08-31,worse,0.006927,15,24
2026-09-07,worse,0.004265,14,23
2026-09-14,worse,0.012159,3,5
2025-12-29,worst,0.002366,3,4
2026-01-05,worst,0.003050,12,13
2026-01-12,worst,0.002189,15,17
2026-01-19,worst,0.003906,15,19
2026-01-26,worst,0.003920,21,25
2026-02-02,worst,0.003424,19,23
2026-02-09,worst,0.003441,17,20
2026-02-16,worst,0.004348,18,23
2026-02-23,worst,0.002299,14,18
2026-03-02,worst,0.002249,14,17
2026-03-09,worst,0.003823,10,15
2026-03-16,worst,0.002149,12,14
2026-03-23,worst,0.002602,18,22
2026-03-30,worst,0.001032,7,10
2026-04-06,worst,0.001579,10,10
2026-04-13,worst,0.002936,15,19
2026-04-20,worst,0.002950,14,18
2026-04-27,worst,0.001940,7,11
2026-05-04,worst,0.006373,17,18
2026-05-11,worst,0.006388,21,26
2026-05-18,worst,0.003469,14,14
2026-05-25,worst,0.003225,14,17
2026-06-01,worst,0.003020,18,20
2026-06-08,worst,0.001617,10,10
2026-06-15,worst,0.005786,14,20
2026-06-22,worst,0.002375,11,13
2026-06-29,worst,0.002832,14,15
2026-07-06,worst,0.005284,14,16
2026-07-13,worst,0.005001,25,29
2026-07-20,worst,0.004897,14,18
2026-07-27,worst,0.004859,22,33
2026-08-03,worst,0.005395,18,19
2026-08-10,worst,0.004255,13,15
2026-08-17,worst,0.004684,14,16
2026-08-24,worst,0.004573,18,22
2026-08-31,worst,0.004040,14,18
2026-09-07,worst,0.001767,9,11
2026-09-14,worst,0.008069,3,3
2025-12-29,wrong,0.000451,3,3
2026-01-05,wrong,0.004157,16,21
2026-01-12,wrong,0.006333,20,26
2026-01-19,wrong,0.004877,25,32
2026-01-26,wrong,0.004190,19,22
2026-02-02,wrong,0.003814,14,18
2026-02-09,wrong,0.004828,17,23
2026-02-16,wrong,0.003411,15,17
2026-02-23,wrong,0.003388,19,22
2026-03-02,wrong,0.004198,16,21
2026-03-09,wrong,0.005278,17,23
2026-03-16,wrong,0.006144,17,23
2026-03-23,wrong,0.005894,20,26
2026-03-30,wrong,0.008801,19,23
2026-04-06,wrong,0.005789,18,22
2026-04-13,wrong,0.006134,18,24
2026-04-20,wrong,0.004924,13,15
2026-04-27,wrong,0.005162,22,29
2026-05-04,wrong,0.006311,19,22
2026-05-11,wrong,0.004296,21,26
2026-05-18,wrong,0.001581,10,12
2026-05-25,wrong,0.004377,16,22
2026-06-01,wrong,0.006298,17,26
2026-06-08,wrong,0.005599,15,20
2026-06-15,wrong,0.005706,18,24
2026-06-22,wrong,0.003267,13,15
2026-06-29,wrong,0.004300,15,21
2026-07-06,wrong,0.003451,13,17
2026-07-13,wrong,0.004020,17,26
2026-07-20,wrong,0.005588,21,28
2026-07-27,wrong,0.003753,16,21
2026-08-03,wrong,0.004253,16,24
2026-08-10,wrong,0.005599,20,27
2026-08-17,wrong,0.006096,22,29
2026-08-24,wrong,0.004704,21,30
2026-08-31,wrong,0.008198,21,26
2026-09-07,wrong,0.006540,19,22
2026-09-14,wrong,0.000519,1,1
2025-12-29,year,0.045824,40,213
2026-01-05,year,0.007232,31,60
2026-01-12,year,0.004085,24,36
2026-01-19,year,0.009779,39,112
2026-01-26,year,0.002156,19,29
2026-02-02,year,0.002475,19,25
2026-02-09,year,0.006199,20,32
2026-02-16,year,0.005284,22,60
2026-02-23,year,0.001891,14,24
2026-03-02,year,0.000680,11,15
2026-03-09,year,0.001554,13,17
2026-03-16,year,0.002703,14,23
2026-03-23,year,0.002727,12,15
2026-03-30,year,0.005122,17,21
2026-04-06,year,0.007610,20,24
2026-04-13,year,0.002789,21,36
2026-04-20,year,0.002321,19,38
2026-04-27,year,0.002374,18,28
2026-05-04,year,0.001620,15,24
2026-05-11,year,0.001251,12,19
2026-05-18,year,0.001873,16,22
2026-05-25,year,0.001921,11,14
2026-06-01,year,0.006127,19,20
2026-06-08,year,0.002542,20,30
2026-06-15,year,0.004543,21,28
2026-06-22,year,0.002077,14,17
2026-06-29,year,0.004835,25,35
2026-07-06,year,0.003299,14,19
2026-07-13,year,0.001884,16,22
2026-07-20,year,0.003018,16,20
2026-07-27,year,0.001824,17,27
2026-08-03,year,0.005893,17,20
2026-08-10,year,0.001998,15,24
2026-08-17,year,0.002202,15,24
2026-08-24,year,0.002260,16,19
2026-08-31,year,0.000948,13,22
2026-09-07,year,0.008752,33,58
2026-09-14,year,0.005686,2,2
2025-12-29,years,0.009960,17,21
2026-01-05,years,0.005836,26,62
2026-01-12,years,0.002544,14,29
2026-01-19,years,0.001796,10,22
2026-01-26,years,0.003366,24,37
2026-02-02,years,0.004905,25,43
2026-02-09,years,0.002607,21,46
2026-02-16,years,0.004657,19,27
2026-02-23,years,0.004139,26,58
2026-03-02,years,0.003682,23,29
2026-03-09,years,0.004241,21,33
2026-03-16,years,0.002121,20,33
2026-03-23,years,0.002588,16,24
2026-03-30,years,0.002424,17,29
2026-04-06,years,0.001503,19,37
2026-04-13,years,0.003346,22,30
2026-04-20,years,0.003679,20,38
2026-04-27,years,0.008576,29,51
2026-05-04,years,0.001681,14,26
2026-05-11,years,0.001996,16,31
2026-05-18,years,0.006854,24,47
2026-05-25,years,0.004415,19,32
2026-06-01,years,0.004318,21,32
2026-06-08,years,0.007852,30,69
2026-06-15,years,0.001907,20,37
2026-06-22,years,0.010208,33,57
2026-06-29,years,0.008534,31,76
2026-07-06,years,0.004479,20,30
2026-07-13,years,0.003939,18,24
2026-07-20,years,0.004994,23,31
2026-07-27,years,0.004353,20,33
2026-08-03,years,0.004344,21,31
2026-08-10,years,0.006100,27,51
2026-08-17,years,0.004630,26,47
2026-08-24,years,0.001883,21,35
2026-08-31,years,0.006421,28,40
2026-09-07,years,0.025008,53,207
2026-09-14,years,0.003317,2,3
2025-12-29,you're,0.002102,4,6
2026-01-05,you're,0.003690,12,15
2026-01-12,you're,0.003053,9,10
2026-01-19,you're,0.001023,8,13
2026-01-26,you're,0.002260,7,10
2026-02-02,you're,0.002803,10,12
2026-02-09,you're,0.000906,9,11
2026-02-16,you're,0.002275,9,12
2026-02-23,you're,0.003305,7,7
2026-03-02,you're,0.002660,9,9
2026-03-09,you're,0.000749,5,5
2026-03-16,you're,0.001289,6,7
2026-03-23,you're,0.004640,13,15
2026-03-30,you're,0.004655,15,17
2026-04-06,you're,0.001173,6,10
2026-04-13,you're,0.001936,9,10
2026-04-20,you're,0.002144,5,5
2026-04-27,you're,0.002866,10,14
2026-05-04,you're,0.001240,11,13
2026-05-11,you're,0.002978,8,11
2026-05-18,you're,0.001428,3,4
2026-05-25,you're,0.001887,10,13
2026-06-01,you're,0.003375,13,21
2026-06-08,you're,0.002074,9,14
2026-06-15,you're,0.001646,7,9
2026-06-22,you're,0.003305,9,11
2026-06-29,you're,0.003332,9,13
2026-07-06,you're,0.002052,7,7
2026-07-13,you're,0.000669,5,6
2026-07-20,you're,0.003327,7,7
2026-07-27,you're,0.002102,5,8
2026-08-03,you're,0.000943,6,6
2026-08-10,you're,0.001122,7,9
2026-08-17,you're,0.003443,14,23
2026-08-24,you're,0.001725,10,12
2026-08-31,you're,0.001108,6,10
2026-09-07,you're,0.000640,4,6
2025-12-29,zohran,0.022256,28,79
2026-01-05,zohran,0.007673,15,24
2026-01-12,zohran,0.000977,5,8
2026-01-19,zohran,0.000795,8,10
2026-01-26,zohran,0.000911,7,10
2026-02-02,zohran,0.005866,18,25
2026-02-09,zohran,0.000917,5,8
2026-02-16,zohran,0.004816,14,18
2026-02-23,zohran,0.003120,16,27
2026-03-02,zohran,0.001508,3,3
2026-03-09,zohran,0.006249,22,37
2026-03-16,zohran,0.002475,5,9
2026-03-23,zohran,0.000323,2,2
2026-03-30,zohran,0.001976,7,10
2026-04-06,zohran,0.001242,11,12
2026-04-13,zohran,0.004742,19,33
2026-04-20,zohran,0.008849,12,18
2026-04-27,zohran,0.001024,5,9
2026-05-04,zohran,0.002438,10,12
2026-05-11,zohran,0.001507,8,8
2026-05-18,zohran,0.001693,11,14
2026-05-25,zohran,0.004012,12,15
2026-06-01,zohran,0.001850,8,8
2026-06-08,zohran,0.000727,3,3
2026-06-15,zohran,0.001299,6,7
2026-06-22,zohran,0.007062,22,46
2026-06-29,zohran,0.010130,22,32
2026-07-06,zohran,0.002594,10,14
2026-07-13,zohran,0.003808,10,13
2026-07-20,zohran,0.010796,24,36
2026-07-27,zohran,0.006169,13,21
2026-08-03,zohran,0.002261,8,10
2026-08-10,zohran,0.000966,5,8
2026-08-17,zohran,0.002948,6,6
2026-08-24,zohran,0.000087,3,3
2026-08-31,zohran,0.001468,6,9
2026-09-07,zohran,0.005928,15,21
2026-09-14,zohran,0.002667,1,2
